subject,neuron,region,n_presentations,best_bin_ms,best_gamma,observed_TC_accuracy,permutation,null_accuracy
YFT,27,hpc,477,60,0.2,0.1048218029350104,1,0.11530398322851153
YFT,27,hpc,477,60,0.2,0.1048218029350104,2,0.1090146750524109
YFT,27,hpc,477,60,0.2,0.1048218029350104,3,0.10482180293501048
YFT,27,hpc,477,60,0.2,0.1048218029350104,4,0.09014675052410902
YFT,27,hpc,477,60,0.2,0.1048218029350104,5,0.11320754716981132
YFT,27,hpc,477,60,0.2,0.1048218029350104,6,0.10482180293501048
YFT,27,hpc,477,60,0.2,0.1048218029350104,7,0.11740041928721175
YFT,27,hpc,477,60,0.2,0.1048218029350104,8,0.1320754716981132
YFT,27,hpc,477,60,0.2,0.1048218029350104,9,0.1111111111111111
YFT,27,hpc,477,60,0.2,0.1048218029350104,10,0.1090146750524109
YFT,27,hpc,477,60,0.2,0.1048218029350104,11,0.09224318658280922
YFT,27,hpc,477,60,0.2,0.1048218029350104,12,0.10062893081761007
YFT,27,hpc,477,60,0.2,0.1048218029350104,13,0.11530398322851153
YFT,27,hpc,477,60,0.2,0.1048218029350104,14,0.1090146750524109
YFT,27,hpc,477,60,0.2,0.1048218029350104,15,0.1069182389937107
YFT,27,hpc,477,60,0.2,0.1048218029350104,16,0.12368972746331237
YFT,27,hpc,477,60,0.2,0.1048218029350104,17,0.1090146750524109
YFT,27,hpc,477,60,0.2,0.1048218029350104,18,0.1069182389937107
YFT,27,hpc,477,60,0.2,0.1048218029350104,19,0.09433962264150944
YFT,27,hpc,477,60,0.2,0.1048218029350104,20,0.11530398322851153
YFT,27,hpc,477,60,0.2,0.1048218029350104,21,0.11320754716981132
YFT,27,hpc,477,60,0.2,0.1048218029350104,22,0.10062893081761007
YFT,27,hpc,477,60,0.2,0.1048218029350104,23,0.1320754716981132
YFT,27,hpc,477,60,0.2,0.1048218029350104,24,0.0880503144654088
YFT,27,hpc,477,60,0.2,0.1048218029350104,25,0.10482180293501048
YFT,27,hpc,477,60,0.2,0.1048218029350104,26,0.12159329140461216
YFT,27,hpc,477,60,0.2,0.1048218029350104,27,0.11320754716981132
YFT,27,hpc,477,60,0.2,0.1048218029350104,28,0.1111111111111111
YFT,27,hpc,477,60,0.2,0.1048218029350104,29,0.12159329140461216
YFT,27,hpc,477,60,0.2,0.1048218029350104,30,0.12159329140461216
YFT,27,hpc,477,60,0.2,0.1048218029350104,31,0.1090146750524109
YFT,27,hpc,477,60,0.2,0.1048218029350104,32,0.1090146750524109
YFT,27,hpc,477,60,0.2,0.1048218029350104,33,0.11530398322851153
YFT,27,hpc,477,60,0.2,0.1048218029350104,34,0.129979035639413
YFT,27,hpc,477,60,0.2,0.1048218029350104,35,0.11740041928721175
YFT,27,hpc,477,60,0.2,0.1048218029350104,36,0.1069182389937107
YFT,27,hpc,477,60,0.2,0.1048218029350104,37,0.13417190775681342
YFT,27,hpc,477,60,0.2,0.1048218029350104,38,0.1069182389937107
YFT,27,hpc,477,60,0.2,0.1048218029350104,39,0.12368972746331237
YFT,27,hpc,477,60,0.2,0.1048218029350104,40,0.1090146750524109
YFT,27,hpc,477,60,0.2,0.1048218029350104,41,0.12159329140461216
YFT,27,hpc,477,60,0.2,0.1048218029350104,42,0.10062893081761007
YFT,27,hpc,477,60,0.2,0.1048218029350104,43,0.10062893081761007
YFT,27,hpc,477,60,0.2,0.1048218029350104,44,0.10272536687631027
YFT,27,hpc,477,60,0.2,0.1048218029350104,45,0.12368972746331237
YFT,27,hpc,477,60,0.2,0.1048218029350104,46,0.1069182389937107
YFT,27,hpc,477,60,0.2,0.1048218029350104,47,0.1090146750524109
YFT,27,hpc,477,60,0.2,0.1048218029350104,48,0.11530398322851153
YFT,27,hpc,477,60,0.2,0.1048218029350104,49,0.11740041928721175
YFT,27,hpc,477,60,0.2,0.1048218029350104,50,0.10482180293501048
YFT,27,hpc,477,60,0.2,0.1048218029350104,51,0.1069182389937107
YFT,27,hpc,477,60,0.2,0.1048218029350104,52,0.11530398322851153
YFT,27,hpc,477,60,0.2,0.1048218029350104,53,0.11740041928721175
YFT,27,hpc,477,60,0.2,0.1048218029350104,54,0.1090146750524109
YFT,27,hpc,477,60,0.2,0.1048218029350104,55,0.10272536687631027
YFT,27,hpc,477,60,0.2,0.1048218029350104,56,0.1090146750524109
YFT,27,hpc,477,60,0.2,0.1048218029350104,57,0.09433962264150944
YFT,27,hpc,477,60,0.2,0.1048218029350104,58,0.12578616352201258
YFT,27,hpc,477,60,0.2,0.1048218029350104,59,0.10272536687631027
YFT,27,hpc,477,60,0.2,0.1048218029350104,60,0.129979035639413
YFT,27,hpc,477,60,0.2,0.1048218029350104,61,0.0880503144654088
YFT,27,hpc,477,60,0.2,0.1048218029350104,62,0.12159329140461216
YFT,27,hpc,477,60,0.2,0.1048218029350104,63,0.10482180293501048
YFT,27,hpc,477,60,0.2,0.1048218029350104,64,0.1090146750524109
YFT,27,hpc,477,60,0.2,0.1048218029350104,65,0.10272536687631027
YFT,27,hpc,477,60,0.2,0.1048218029350104,66,0.10482180293501048
YFT,27,hpc,477,60,0.2,0.1048218029350104,67,0.10272536687631027
YFT,27,hpc,477,60,0.2,0.1048218029350104,68,0.1069182389937107
YFT,27,hpc,477,60,0.2,0.1048218029350104,69,0.11949685534591195
YFT,27,hpc,477,60,0.2,0.1048218029350104,70,0.1090146750524109
YFT,27,hpc,477,60,0.2,0.1048218029350104,71,0.10062893081761007
YFT,27,hpc,477,60,0.2,0.1048218029350104,72,0.1111111111111111
YFT,27,hpc,477,60,0.2,0.1048218029350104,73,0.1090146750524109
YFT,27,hpc,477,60,0.2,0.1048218029350104,74,0.1090146750524109
YFT,27,hpc,477,60,0.2,0.1048218029350104,75,0.1090146750524109
YFT,27,hpc,477,60,0.2,0.1048218029350104,76,0.1111111111111111
YFT,27,hpc,477,60,0.2,0.1048218029350104,77,0.1090146750524109
YFT,27,hpc,477,60,0.2,0.1048218029350104,78,0.1111111111111111
YFT,27,hpc,477,60,0.2,0.1048218029350104,79,0.1090146750524109
YFT,27,hpc,477,60,0.2,0.1048218029350104,80,0.129979035639413
YFT,27,hpc,477,60,0.2,0.1048218029350104,81,0.1090146750524109
YFT,27,hpc,477,60,0.2,0.1048218029350104,82,0.11530398322851153
YFT,27,hpc,477,60,0.2,0.1048218029350104,83,0.11530398322851153
YFT,27,hpc,477,60,0.2,0.1048218029350104,84,0.1111111111111111
YFT,27,hpc,477,60,0.2,0.1048218029350104,85,0.1090146750524109
YFT,27,hpc,477,60,0.2,0.1048218029350104,86,0.10272536687631027
YFT,27,hpc,477,60,0.2,0.1048218029350104,87,0.1090146750524109
YFT,27,hpc,477,60,0.2,0.1048218029350104,88,0.10062893081761007
YFT,27,hpc,477,60,0.2,0.1048218029350104,89,0.10062893081761007
YFT,27,hpc,477,60,0.2,0.1048218029350104,90,0.11530398322851153
YFT,27,hpc,477,60,0.2,0.1048218029350104,91,0.1111111111111111
YFT,27,hpc,477,60,0.2,0.1048218029350104,92,0.10272536687631027
YFT,27,hpc,477,60,0.2,0.1048218029350104,93,0.12578616352201258
YFT,27,hpc,477,60,0.2,0.1048218029350104,94,0.13417190775681342
YFT,27,hpc,477,60,0.2,0.1048218029350104,95,0.11320754716981132
YFT,27,hpc,477,60,0.2,0.1048218029350104,96,0.1320754716981132
YFT,27,hpc,477,60,0.2,0.1048218029350104,97,0.10062893081761007
YFT,27,hpc,477,60,0.2,0.1048218029350104,98,0.1069182389937107
YFT,27,hpc,477,60,0.2,0.1048218029350104,99,0.10062893081761007
YFT,27,hpc,477,60,0.2,0.1048218029350104,100,0.1090146750524109
YFT,27,hpc,477,60,0.2,0.1048218029350104,101,0.09433962264150944
YFT,27,hpc,477,60,0.2,0.1048218029350104,102,0.129979035639413
YFT,27,hpc,477,60,0.2,0.1048218029350104,103,0.11949685534591195
YFT,27,hpc,477,60,0.2,0.1048218029350104,104,0.10272536687631027
YFT,27,hpc,477,60,0.2,0.1048218029350104,105,0.1090146750524109
YFT,27,hpc,477,60,0.2,0.1048218029350104,106,0.1111111111111111
YFT,27,hpc,477,60,0.2,0.1048218029350104,107,0.11320754716981132
YFT,27,hpc,477,60,0.2,0.1048218029350104,108,0.10482180293501048
YFT,27,hpc,477,60,0.2,0.1048218029350104,109,0.11530398322851153
YFT,27,hpc,477,60,0.2,0.1048218029350104,110,0.12368972746331237
YFT,27,hpc,477,60,0.2,0.1048218029350104,111,0.09224318658280922
YFT,27,hpc,477,60,0.2,0.1048218029350104,112,0.11530398322851153
YFT,27,hpc,477,60,0.2,0.1048218029350104,113,0.1090146750524109
YFT,27,hpc,477,60,0.2,0.1048218029350104,114,0.10272536687631027
YFT,27,hpc,477,60,0.2,0.1048218029350104,115,0.1320754716981132
YFT,27,hpc,477,60,0.2,0.1048218029350104,116,0.11530398322851153
YFT,27,hpc,477,60,0.2,0.1048218029350104,117,0.1069182389937107
YFT,27,hpc,477,60,0.2,0.1048218029350104,118,0.11320754716981132
YFT,27,hpc,477,60,0.2,0.1048218029350104,119,0.11949685534591195
YFT,27,hpc,477,60,0.2,0.1048218029350104,120,0.09643605870020965
YFT,27,hpc,477,60,0.2,0.1048218029350104,121,0.10272536687631027
YFT,27,hpc,477,60,0.2,0.1048218029350104,122,0.11320754716981132
YFT,27,hpc,477,60,0.2,0.1048218029350104,123,0.11740041928721175
YFT,27,hpc,477,60,0.2,0.1048218029350104,124,0.11530398322851153
YFT,27,hpc,477,60,0.2,0.1048218029350104,125,0.1320754716981132
YFT,27,hpc,477,60,0.2,0.1048218029350104,126,0.10062893081761007
YFT,27,hpc,477,60,0.2,0.1048218029350104,127,0.10062893081761007
YFT,27,hpc,477,60,0.2,0.1048218029350104,128,0.12159329140461216
YFT,27,hpc,477,60,0.2,0.1048218029350104,129,0.09224318658280922
YFT,27,hpc,477,60,0.2,0.1048218029350104,130,0.11740041928721175
YFT,27,hpc,477,60,0.2,0.1048218029350104,131,0.12159329140461216
YFT,27,hpc,477,60,0.2,0.1048218029350104,132,0.1069182389937107
YFT,27,hpc,477,60,0.2,0.1048218029350104,133,0.14255765199161424
YFT,27,hpc,477,60,0.2,0.1048218029350104,134,0.1111111111111111
YFT,27,hpc,477,60,0.2,0.1048218029350104,135,0.10062893081761007
YFT,27,hpc,477,60,0.2,0.1048218029350104,136,0.11530398322851153
YFT,27,hpc,477,60,0.2,0.1048218029350104,137,0.11740041928721175
YFT,27,hpc,477,60,0.2,0.1048218029350104,138,0.10482180293501048
YFT,27,hpc,477,60,0.2,0.1048218029350104,139,0.1111111111111111
YFT,27,hpc,477,60,0.2,0.1048218029350104,140,0.1278825995807128
YFT,27,hpc,477,60,0.2,0.1048218029350104,141,0.1069182389937107
YFT,27,hpc,477,60,0.2,0.1048218029350104,142,0.1111111111111111
YFT,27,hpc,477,60,0.2,0.1048218029350104,143,0.11320754716981132
YFT,27,hpc,477,60,0.2,0.1048218029350104,144,0.11740041928721175
YFT,27,hpc,477,60,0.2,0.1048218029350104,145,0.09433962264150944
YFT,27,hpc,477,60,0.2,0.1048218029350104,146,0.09433962264150944
YFT,27,hpc,477,60,0.2,0.1048218029350104,147,0.1278825995807128
YFT,27,hpc,477,60,0.2,0.1048218029350104,148,0.1069182389937107
YFT,27,hpc,477,60,0.2,0.1048218029350104,149,0.09224318658280922
YFT,27,hpc,477,60,0.2,0.1048218029350104,150,0.1090146750524109
YFT,27,hpc,477,60,0.2,0.1048218029350104,151,0.129979035639413
YFT,27,hpc,477,60,0.2,0.1048218029350104,152,0.09224318658280922
YFT,27,hpc,477,60,0.2,0.1048218029350104,153,0.1111111111111111
YFT,27,hpc,477,60,0.2,0.1048218029350104,154,0.09014675052410902
YFT,27,hpc,477,60,0.2,0.1048218029350104,155,0.11740041928721175
YFT,27,hpc,477,60,0.2,0.1048218029350104,156,0.1090146750524109
YFT,27,hpc,477,60,0.2,0.1048218029350104,157,0.11949685534591195
YFT,27,hpc,477,60,0.2,0.1048218029350104,158,0.1111111111111111
YFT,27,hpc,477,60,0.2,0.1048218029350104,159,0.11949685534591195
YFT,27,hpc,477,60,0.2,0.1048218029350104,160,0.14255765199161424
YFT,27,hpc,477,60,0.2,0.1048218029350104,161,0.12368972746331237
YFT,27,hpc,477,60,0.2,0.1048218029350104,162,0.129979035639413
YFT,27,hpc,477,60,0.2,0.1048218029350104,163,0.1090146750524109
YFT,27,hpc,477,60,0.2,0.1048218029350104,164,0.09433962264150944
YFT,27,hpc,477,60,0.2,0.1048218029350104,165,0.10272536687631027
YFT,27,hpc,477,60,0.2,0.1048218029350104,166,0.1090146750524109
YFT,27,hpc,477,60,0.2,0.1048218029350104,167,0.11740041928721175
YFT,27,hpc,477,60,0.2,0.1048218029350104,168,0.10062893081761007
YFT,27,hpc,477,60,0.2,0.1048218029350104,169,0.10272536687631027
YFT,27,hpc,477,60,0.2,0.1048218029350104,170,0.09014675052410902
YFT,27,hpc,477,60,0.2,0.1048218029350104,171,0.1111111111111111
YFT,27,hpc,477,60,0.2,0.1048218029350104,172,0.1111111111111111
YFT,27,hpc,477,60,0.2,0.1048218029350104,173,0.11320754716981132
YFT,27,hpc,477,60,0.2,0.1048218029350104,174,0.10482180293501048
YFT,27,hpc,477,60,0.2,0.1048218029350104,175,0.1090146750524109
YFT,27,hpc,477,60,0.2,0.1048218029350104,176,0.1111111111111111
YFT,27,hpc,477,60,0.2,0.1048218029350104,177,0.10482180293501048
YFT,27,hpc,477,60,0.2,0.1048218029350104,178,0.10272536687631027
YFT,27,hpc,477,60,0.2,0.1048218029350104,179,0.11320754716981132
YFT,27,hpc,477,60,0.2,0.1048218029350104,180,0.1069182389937107
YFT,27,hpc,477,60,0.2,0.1048218029350104,181,0.09224318658280922
YFT,27,hpc,477,60,0.2,0.1048218029350104,182,0.1090146750524109
YFT,27,hpc,477,60,0.2,0.1048218029350104,183,0.11740041928721175
YFT,27,hpc,477,60,0.2,0.1048218029350104,184,0.1090146750524109
YFT,27,hpc,477,60,0.2,0.1048218029350104,185,0.11740041928721175
YFT,27,hpc,477,60,0.2,0.1048218029350104,186,0.1090146750524109
YFT,27,hpc,477,60,0.2,0.1048218029350104,187,0.1111111111111111
YFT,27,hpc,477,60,0.2,0.1048218029350104,188,0.1090146750524109
YFT,27,hpc,477,60,0.2,0.1048218029350104,189,0.12159329140461216
YFT,27,hpc,477,60,0.2,0.1048218029350104,190,0.09643605870020965
YFT,27,hpc,477,60,0.2,0.1048218029350104,191,0.10482180293501048
YFT,27,hpc,477,60,0.2,0.1048218029350104,192,0.11530398322851153
YFT,27,hpc,477,60,0.2,0.1048218029350104,193,0.1090146750524109
YFT,27,hpc,477,60,0.2,0.1048218029350104,194,0.1111111111111111
YFT,27,hpc,477,60,0.2,0.1048218029350104,195,0.11320754716981132
YFT,27,hpc,477,60,0.2,0.1048218029350104,196,0.09433962264150944
YFT,27,hpc,477,60,0.2,0.1048218029350104,197,0.10272536687631027
YFT,27,hpc,477,60,0.2,0.1048218029350104,198,0.0859538784067086
YFT,27,hpc,477,60,0.2,0.1048218029350104,199,0.11740041928721175
YFT,27,hpc,477,60,0.2,0.1048218029350104,200,0.10272536687631027
YFT,73,ent,477,180,0.2,0.1194968553459119,1,0.12159329140461216
YFT,73,ent,477,180,0.2,0.1194968553459119,2,0.10272536687631027
YFT,73,ent,477,180,0.2,0.1194968553459119,3,0.09433962264150944
YFT,73,ent,477,180,0.2,0.1194968553459119,4,0.07547169811320754
YFT,73,ent,477,180,0.2,0.1194968553459119,5,0.1278825995807128
YFT,73,ent,477,180,0.2,0.1194968553459119,6,0.09853249475890985
YFT,73,ent,477,180,0.2,0.1194968553459119,7,0.0859538784067086
YFT,73,ent,477,180,0.2,0.1194968553459119,8,0.09643605870020965
YFT,73,ent,477,180,0.2,0.1194968553459119,9,0.09643605870020965
YFT,73,ent,477,180,0.2,0.1194968553459119,10,0.12368972746331237
YFT,73,ent,477,180,0.2,0.1194968553459119,11,0.10272536687631027
YFT,73,ent,477,180,0.2,0.1194968553459119,12,0.11949685534591195
YFT,73,ent,477,180,0.2,0.1194968553459119,13,0.1069182389937107
YFT,73,ent,477,180,0.2,0.1194968553459119,14,0.10272536687631027
YFT,73,ent,477,180,0.2,0.1194968553459119,15,0.10062893081761007
YFT,73,ent,477,180,0.2,0.1194968553459119,16,0.08385744234800839
YFT,73,ent,477,180,0.2,0.1194968553459119,17,0.11530398322851153
YFT,73,ent,477,180,0.2,0.1194968553459119,18,0.1090146750524109
YFT,73,ent,477,180,0.2,0.1194968553459119,19,0.1090146750524109
YFT,73,ent,477,180,0.2,0.1194968553459119,20,0.11320754716981132
YFT,73,ent,477,180,0.2,0.1194968553459119,21,0.129979035639413
YFT,73,ent,477,180,0.2,0.1194968553459119,22,0.10062893081761007
YFT,73,ent,477,180,0.2,0.1194968553459119,23,0.1090146750524109
YFT,73,ent,477,180,0.2,0.1194968553459119,24,0.11740041928721175
YFT,73,ent,477,180,0.2,0.1194968553459119,25,0.11740041928721175
YFT,73,ent,477,180,0.2,0.1194968553459119,26,0.1069182389937107
YFT,73,ent,477,180,0.2,0.1194968553459119,27,0.11530398322851153
YFT,73,ent,477,180,0.2,0.1194968553459119,28,0.13626834381551362
YFT,73,ent,477,180,0.2,0.1194968553459119,29,0.11530398322851153
YFT,73,ent,477,180,0.2,0.1194968553459119,30,0.1069182389937107
YFT,73,ent,477,180,0.2,0.1194968553459119,31,0.10482180293501048
YFT,73,ent,477,180,0.2,0.1194968553459119,32,0.10062893081761007
YFT,73,ent,477,180,0.2,0.1194968553459119,33,0.11320754716981132
YFT,73,ent,477,180,0.2,0.1194968553459119,34,0.1111111111111111
YFT,73,ent,477,180,0.2,0.1194968553459119,35,0.11949685534591195
YFT,73,ent,477,180,0.2,0.1194968553459119,36,0.10482180293501048
YFT,73,ent,477,180,0.2,0.1194968553459119,37,0.1069182389937107
YFT,73,ent,477,180,0.2,0.1194968553459119,38,0.13417190775681342
YFT,73,ent,477,180,0.2,0.1194968553459119,39,0.11320754716981132
YFT,73,ent,477,180,0.2,0.1194968553459119,40,0.10062893081761007
YFT,73,ent,477,180,0.2,0.1194968553459119,41,0.12578616352201258
YFT,73,ent,477,180,0.2,0.1194968553459119,42,0.11949685534591195
YFT,73,ent,477,180,0.2,0.1194968553459119,43,0.0859538784067086
YFT,73,ent,477,180,0.2,0.1194968553459119,44,0.10482180293501048
YFT,73,ent,477,180,0.2,0.1194968553459119,45,0.09224318658280922
YFT,73,ent,477,180,0.2,0.1194968553459119,46,0.11320754716981132
YFT,73,ent,477,180,0.2,0.1194968553459119,47,0.10272536687631027
YFT,73,ent,477,180,0.2,0.1194968553459119,48,0.07966457023060797
YFT,73,ent,477,180,0.2,0.1194968553459119,49,0.0859538784067086
YFT,73,ent,477,180,0.2,0.1194968553459119,50,0.11530398322851153
YFT,73,ent,477,180,0.2,0.1194968553459119,51,0.13417190775681342
YFT,73,ent,477,180,0.2,0.1194968553459119,52,0.1320754716981132
YFT,73,ent,477,180,0.2,0.1194968553459119,53,0.1278825995807128
YFT,73,ent,477,180,0.2,0.1194968553459119,54,0.11740041928721175
YFT,73,ent,477,180,0.2,0.1194968553459119,55,0.11949685534591195
YFT,73,ent,477,180,0.2,0.1194968553459119,56,0.09853249475890985
YFT,73,ent,477,180,0.2,0.1194968553459119,57,0.14046121593291405
YFT,73,ent,477,180,0.2,0.1194968553459119,58,0.11949685534591195
YFT,73,ent,477,180,0.2,0.1194968553459119,59,0.10272536687631027
YFT,73,ent,477,180,0.2,0.1194968553459119,60,0.11320754716981132
YFT,73,ent,477,180,0.2,0.1194968553459119,61,0.11740041928721175
YFT,73,ent,477,180,0.2,0.1194968553459119,62,0.09014675052410902
YFT,73,ent,477,180,0.2,0.1194968553459119,63,0.13626834381551362
YFT,73,ent,477,180,0.2,0.1194968553459119,64,0.09853249475890985
YFT,73,ent,477,180,0.2,0.1194968553459119,65,0.11949685534591195
YFT,73,ent,477,180,0.2,0.1194968553459119,66,0.09853249475890985
YFT,73,ent,477,180,0.2,0.1194968553459119,67,0.10062893081761007
YFT,73,ent,477,180,0.2,0.1194968553459119,68,0.1069182389937107
YFT,73,ent,477,180,0.2,0.1194968553459119,69,0.12159329140461216
YFT,73,ent,477,180,0.2,0.1194968553459119,70,0.11530398322851153
YFT,73,ent,477,180,0.2,0.1194968553459119,71,0.1111111111111111
YFT,73,ent,477,180,0.2,0.1194968553459119,72,0.1069182389937107
YFT,73,ent,477,180,0.2,0.1194968553459119,73,0.1278825995807128
YFT,73,ent,477,180,0.2,0.1194968553459119,74,0.11949685534591195
YFT,73,ent,477,180,0.2,0.1194968553459119,75,0.12368972746331237
YFT,73,ent,477,180,0.2,0.1194968553459119,76,0.1069182389937107
YFT,73,ent,477,180,0.2,0.1194968553459119,77,0.1111111111111111
YFT,73,ent,477,180,0.2,0.1194968553459119,78,0.1069182389937107
YFT,73,ent,477,180,0.2,0.1194968553459119,79,0.10482180293501048
YFT,73,ent,477,180,0.2,0.1194968553459119,80,0.09643605870020965
YFT,73,ent,477,180,0.2,0.1194968553459119,81,0.09014675052410902
YFT,73,ent,477,180,0.2,0.1194968553459119,82,0.12578616352201258
YFT,73,ent,477,180,0.2,0.1194968553459119,83,0.10062893081761007
YFT,73,ent,477,180,0.2,0.1194968553459119,84,0.0880503144654088
YFT,73,ent,477,180,0.2,0.1194968553459119,85,0.11740041928721175
YFT,73,ent,477,180,0.2,0.1194968553459119,86,0.10482180293501048
YFT,73,ent,477,180,0.2,0.1194968553459119,87,0.1320754716981132
YFT,73,ent,477,180,0.2,0.1194968553459119,88,0.14465408805031446
YFT,73,ent,477,180,0.2,0.1194968553459119,89,0.12159329140461216
YFT,73,ent,477,180,0.2,0.1194968553459119,90,0.11740041928721175
YFT,73,ent,477,180,0.2,0.1194968553459119,91,0.10482180293501048
YFT,73,ent,477,180,0.2,0.1194968553459119,92,0.13626834381551362
YFT,73,ent,477,180,0.2,0.1194968553459119,93,0.10482180293501048
YFT,73,ent,477,180,0.2,0.1194968553459119,94,0.129979035639413
YFT,73,ent,477,180,0.2,0.1194968553459119,95,0.1090146750524109
YFT,73,ent,477,180,0.2,0.1194968553459119,96,0.11530398322851153
YFT,73,ent,477,180,0.2,0.1194968553459119,97,0.14465408805031446
YFT,73,ent,477,180,0.2,0.1194968553459119,98,0.11740041928721175
YFT,73,ent,477,180,0.2,0.1194968553459119,99,0.12159329140461216
YFT,73,ent,477,180,0.2,0.1194968553459119,100,0.12578616352201258
YFT,73,ent,477,180,0.2,0.1194968553459119,101,0.05450733752620545
YFT,73,ent,477,180,0.2,0.1194968553459119,102,0.11530398322851153
YFT,73,ent,477,180,0.2,0.1194968553459119,103,0.10062893081761007
YFT,73,ent,477,180,0.2,0.1194968553459119,104,0.07547169811320754
YFT,73,ent,477,180,0.2,0.1194968553459119,105,0.10482180293501048
YFT,73,ent,477,180,0.2,0.1194968553459119,106,0.1111111111111111
YFT,73,ent,477,180,0.2,0.1194968553459119,107,0.11320754716981132
YFT,73,ent,477,180,0.2,0.1194968553459119,108,0.12578616352201258
YFT,73,ent,477,180,0.2,0.1194968553459119,109,0.12159329140461216
YFT,73,ent,477,180,0.2,0.1194968553459119,110,0.10482180293501048
YFT,73,ent,477,180,0.2,0.1194968553459119,111,0.0859538784067086
YFT,73,ent,477,180,0.2,0.1194968553459119,112,0.10482180293501048
YFT,73,ent,477,180,0.2,0.1194968553459119,113,0.10482180293501048
YFT,73,ent,477,180,0.2,0.1194968553459119,114,0.1090146750524109
YFT,73,ent,477,180,0.2,0.1194968553459119,115,0.1090146750524109
YFT,73,ent,477,180,0.2,0.1194968553459119,116,0.1111111111111111
YFT,73,ent,477,180,0.2,0.1194968553459119,117,0.11740041928721175
YFT,73,ent,477,180,0.2,0.1194968553459119,118,0.10482180293501048
YFT,73,ent,477,180,0.2,0.1194968553459119,119,0.12159329140461216
YFT,73,ent,477,180,0.2,0.1194968553459119,120,0.10272536687631027
YFT,73,ent,477,180,0.2,0.1194968553459119,121,0.1069182389937107
YFT,73,ent,477,180,0.2,0.1194968553459119,122,0.1111111111111111
YFT,73,ent,477,180,0.2,0.1194968553459119,123,0.11530398322851153
YFT,73,ent,477,180,0.2,0.1194968553459119,124,0.1090146750524109
YFT,73,ent,477,180,0.2,0.1194968553459119,125,0.09224318658280922
YFT,73,ent,477,180,0.2,0.1194968553459119,126,0.12159329140461216
YFT,73,ent,477,180,0.2,0.1194968553459119,127,0.11320754716981132
YFT,73,ent,477,180,0.2,0.1194968553459119,128,0.1111111111111111
YFT,73,ent,477,180,0.2,0.1194968553459119,129,0.1111111111111111
YFT,73,ent,477,180,0.2,0.1194968553459119,130,0.12368972746331237
YFT,73,ent,477,180,0.2,0.1194968553459119,131,0.12159329140461216
YFT,73,ent,477,180,0.2,0.1194968553459119,132,0.12578616352201258
YFT,73,ent,477,180,0.2,0.1194968553459119,133,0.11740041928721175
YFT,73,ent,477,180,0.2,0.1194968553459119,134,0.1111111111111111
YFT,73,ent,477,180,0.2,0.1194968553459119,135,0.11530398322851153
YFT,73,ent,477,180,0.2,0.1194968553459119,136,0.12578616352201258
YFT,73,ent,477,180,0.2,0.1194968553459119,137,0.10062893081761007
YFT,73,ent,477,180,0.2,0.1194968553459119,138,0.1069182389937107
YFT,73,ent,477,180,0.2,0.1194968553459119,139,0.1090146750524109
YFT,73,ent,477,180,0.2,0.1194968553459119,140,0.11740041928721175
YFT,73,ent,477,180,0.2,0.1194968553459119,141,0.10062893081761007
YFT,73,ent,477,180,0.2,0.1194968553459119,142,0.11320754716981132
YFT,73,ent,477,180,0.2,0.1194968553459119,143,0.10482180293501048
YFT,73,ent,477,180,0.2,0.1194968553459119,144,0.09224318658280922
YFT,73,ent,477,180,0.2,0.1194968553459119,145,0.11320754716981132
YFT,73,ent,477,180,0.2,0.1194968553459119,146,0.12159329140461216
YFT,73,ent,477,180,0.2,0.1194968553459119,147,0.10482180293501048
YFT,73,ent,477,180,0.2,0.1194968553459119,148,0.1090146750524109
YFT,73,ent,477,180,0.2,0.1194968553459119,149,0.09224318658280922
YFT,73,ent,477,180,0.2,0.1194968553459119,150,0.09224318658280922
YFT,73,ent,477,180,0.2,0.1194968553459119,151,0.09433962264150944
YFT,73,ent,477,180,0.2,0.1194968553459119,152,0.14675052410901468
YFT,73,ent,477,180,0.2,0.1194968553459119,153,0.14046121593291405
YFT,73,ent,477,180,0.2,0.1194968553459119,154,0.11949685534591195
YFT,73,ent,477,180,0.2,0.1194968553459119,155,0.11949685534591195
YFT,73,ent,477,180,0.2,0.1194968553459119,156,0.10062893081761007
YFT,73,ent,477,180,0.2,0.1194968553459119,157,0.13626834381551362
YFT,73,ent,477,180,0.2,0.1194968553459119,158,0.09433962264150944
YFT,73,ent,477,180,0.2,0.1194968553459119,159,0.11530398322851153
YFT,73,ent,477,180,0.2,0.1194968553459119,160,0.1069182389937107
YFT,73,ent,477,180,0.2,0.1194968553459119,161,0.09643605870020965
YFT,73,ent,477,180,0.2,0.1194968553459119,162,0.129979035639413
YFT,73,ent,477,180,0.2,0.1194968553459119,163,0.14046121593291405
YFT,73,ent,477,180,0.2,0.1194968553459119,164,0.12159329140461216
YFT,73,ent,477,180,0.2,0.1194968553459119,165,0.12578616352201258
YFT,73,ent,477,180,0.2,0.1194968553459119,166,0.09433962264150944
YFT,73,ent,477,180,0.2,0.1194968553459119,167,0.1090146750524109
YFT,73,ent,477,180,0.2,0.1194968553459119,168,0.11320754716981132
YFT,73,ent,477,180,0.2,0.1194968553459119,169,0.11949685534591195
YFT,73,ent,477,180,0.2,0.1194968553459119,170,0.10482180293501048
YFT,73,ent,477,180,0.2,0.1194968553459119,171,0.10062893081761007
YFT,73,ent,477,180,0.2,0.1194968553459119,172,0.10062893081761007
YFT,73,ent,477,180,0.2,0.1194968553459119,173,0.13417190775681342
YFT,73,ent,477,180,0.2,0.1194968553459119,174,0.09853249475890985
YFT,73,ent,477,180,0.2,0.1194968553459119,175,0.09853249475890985
YFT,73,ent,477,180,0.2,0.1194968553459119,176,0.09643605870020965
YFT,73,ent,477,180,0.2,0.1194968553459119,177,0.1278825995807128
YFT,73,ent,477,180,0.2,0.1194968553459119,178,0.09853249475890985
YFT,73,ent,477,180,0.2,0.1194968553459119,179,0.1320754716981132
YFT,73,ent,477,180,0.2,0.1194968553459119,180,0.11740041928721175
YFT,73,ent,477,180,0.2,0.1194968553459119,181,0.13417190775681342
YFT,73,ent,477,180,0.2,0.1194968553459119,182,0.11740041928721175
YFT,73,ent,477,180,0.2,0.1194968553459119,183,0.12159329140461216
YFT,73,ent,477,180,0.2,0.1194968553459119,184,0.09433962264150944
YFT,73,ent,477,180,0.2,0.1194968553459119,185,0.0859538784067086
YFT,73,ent,477,180,0.2,0.1194968553459119,186,0.13417190775681342
YFT,73,ent,477,180,0.2,0.1194968553459119,187,0.1111111111111111
YFT,73,ent,477,180,0.2,0.1194968553459119,188,0.12578616352201258
YFT,73,ent,477,180,0.2,0.1194968553459119,189,0.10482180293501048
YFT,73,ent,477,180,0.2,0.1194968553459119,190,0.1069182389937107
YFT,73,ent,477,180,0.2,0.1194968553459119,191,0.11740041928721175
YFT,73,ent,477,180,0.2,0.1194968553459119,192,0.1090146750524109
YFT,73,ent,477,180,0.2,0.1194968553459119,193,0.1069182389937107
YFT,73,ent,477,180,0.2,0.1194968553459119,194,0.1278825995807128
YFT,73,ent,477,180,0.2,0.1194968553459119,195,0.09853249475890985
YFT,73,ent,477,180,0.2,0.1194968553459119,196,0.11740041928721175
YFT,73,ent,477,180,0.2,0.1194968553459119,197,0.10272536687631027
YFT,73,ent,477,180,0.2,0.1194968553459119,198,0.11530398322851153
YFT,73,ent,477,180,0.2,0.1194968553459119,199,0.10062893081761007
YFT,73,ent,477,180,0.2,0.1194968553459119,200,0.13626834381551362
YFR,5,hpc,266,100,0.8,0.1278195488721804,1,0.12406015037593984
YFR,5,hpc,266,100,0.8,0.1278195488721804,2,0.09774436090225563
YFR,5,hpc,266,100,0.8,0.1278195488721804,3,0.09774436090225563
YFR,5,hpc,266,100,0.8,0.1278195488721804,4,0.07518796992481203
YFR,5,hpc,266,100,0.8,0.1278195488721804,5,0.12781954887218044
YFR,5,hpc,266,100,0.8,0.1278195488721804,6,0.12781954887218044
YFR,5,hpc,266,100,0.8,0.1278195488721804,7,0.12781954887218044
YFR,5,hpc,266,100,0.8,0.1278195488721804,8,0.12030075187969924
YFR,5,hpc,266,100,0.8,0.1278195488721804,9,0.14661654135338345
YFR,5,hpc,266,100,0.8,0.1278195488721804,10,0.07518796992481203
YFR,5,hpc,266,100,0.8,0.1278195488721804,11,0.09774436090225563
YFR,5,hpc,266,100,0.8,0.1278195488721804,12,0.09398496240601503
YFR,5,hpc,266,100,0.8,0.1278195488721804,13,0.11654135338345864
YFR,5,hpc,266,100,0.8,0.1278195488721804,14,0.12781954887218044
YFR,5,hpc,266,100,0.8,0.1278195488721804,15,0.09022556390977443
YFR,5,hpc,266,100,0.8,0.1278195488721804,16,0.13533834586466165
YFR,5,hpc,266,100,0.8,0.1278195488721804,17,0.15413533834586465
YFR,5,hpc,266,100,0.8,0.1278195488721804,18,0.11654135338345864
YFR,5,hpc,266,100,0.8,0.1278195488721804,19,0.08270676691729323
YFR,5,hpc,266,100,0.8,0.1278195488721804,20,0.07894736842105263
YFR,5,hpc,266,100,0.8,0.1278195488721804,21,0.10150375939849623
YFR,5,hpc,266,100,0.8,0.1278195488721804,22,0.09774436090225563
YFR,5,hpc,266,100,0.8,0.1278195488721804,23,0.12781954887218044
YFR,5,hpc,266,100,0.8,0.1278195488721804,24,0.11654135338345864
YFR,5,hpc,266,100,0.8,0.1278195488721804,25,0.10902255639097744
YFR,5,hpc,266,100,0.8,0.1278195488721804,26,0.12406015037593984
YFR,5,hpc,266,100,0.8,0.1278195488721804,27,0.08270676691729323
YFR,5,hpc,266,100,0.8,0.1278195488721804,28,0.09398496240601503
YFR,5,hpc,266,100,0.8,0.1278195488721804,29,0.11654135338345864
YFR,5,hpc,266,100,0.8,0.1278195488721804,30,0.15037593984962405
YFR,5,hpc,266,100,0.8,0.1278195488721804,31,0.09398496240601503
YFR,5,hpc,266,100,0.8,0.1278195488721804,32,0.09398496240601503
YFR,5,hpc,266,100,0.8,0.1278195488721804,33,0.12030075187969924
YFR,5,hpc,266,100,0.8,0.1278195488721804,34,0.12406015037593984
YFR,5,hpc,266,100,0.8,0.1278195488721804,35,0.09774436090225563
YFR,5,hpc,266,100,0.8,0.1278195488721804,36,0.07142857142857142
YFR,5,hpc,266,100,0.8,0.1278195488721804,37,0.13909774436090225
YFR,5,hpc,266,100,0.8,0.1278195488721804,38,0.13157894736842105
YFR,5,hpc,266,100,0.8,0.1278195488721804,39,0.12781954887218044
YFR,5,hpc,266,100,0.8,0.1278195488721804,40,0.14285714285714285
YFR,5,hpc,266,100,0.8,0.1278195488721804,41,0.12030075187969924
YFR,5,hpc,266,100,0.8,0.1278195488721804,42,0.13909774436090225
YFR,5,hpc,266,100,0.8,0.1278195488721804,43,0.10526315789473684
YFR,5,hpc,266,100,0.8,0.1278195488721804,44,0.07894736842105263
YFR,5,hpc,266,100,0.8,0.1278195488721804,45,0.09022556390977443
YFR,5,hpc,266,100,0.8,0.1278195488721804,46,0.09022556390977443
YFR,5,hpc,266,100,0.8,0.1278195488721804,47,0.13157894736842105
YFR,5,hpc,266,100,0.8,0.1278195488721804,48,0.14661654135338345
YFR,5,hpc,266,100,0.8,0.1278195488721804,49,0.08646616541353383
YFR,5,hpc,266,100,0.8,0.1278195488721804,50,0.09774436090225563
YFR,5,hpc,266,100,0.8,0.1278195488721804,51,0.12406015037593984
YFR,5,hpc,266,100,0.8,0.1278195488721804,52,0.12406015037593984
YFR,5,hpc,266,100,0.8,0.1278195488721804,53,0.10902255639097744
YFR,5,hpc,266,100,0.8,0.1278195488721804,54,0.11654135338345864
YFR,5,hpc,266,100,0.8,0.1278195488721804,55,0.09398496240601503
YFR,5,hpc,266,100,0.8,0.1278195488721804,56,0.08646616541353383
YFR,5,hpc,266,100,0.8,0.1278195488721804,57,0.13533834586466165
YFR,5,hpc,266,100,0.8,0.1278195488721804,58,0.09398496240601503
YFR,5,hpc,266,100,0.8,0.1278195488721804,59,0.10526315789473684
YFR,5,hpc,266,100,0.8,0.1278195488721804,60,0.14661654135338345
YFR,5,hpc,266,100,0.8,0.1278195488721804,61,0.16541353383458646
YFR,5,hpc,266,100,0.8,0.1278195488721804,62,0.13157894736842105
YFR,5,hpc,266,100,0.8,0.1278195488721804,63,0.08270676691729323
YFR,5,hpc,266,100,0.8,0.1278195488721804,64,0.12030075187969924
YFR,5,hpc,266,100,0.8,0.1278195488721804,65,0.09398496240601503
YFR,5,hpc,266,100,0.8,0.1278195488721804,66,0.12030075187969924
YFR,5,hpc,266,100,0.8,0.1278195488721804,67,0.09774436090225563
YFR,5,hpc,266,100,0.8,0.1278195488721804,68,0.12406015037593984
YFR,5,hpc,266,100,0.8,0.1278195488721804,69,0.11654135338345864
YFR,5,hpc,266,100,0.8,0.1278195488721804,70,0.12406015037593984
YFR,5,hpc,266,100,0.8,0.1278195488721804,71,0.09774436090225563
YFR,5,hpc,266,100,0.8,0.1278195488721804,72,0.06390977443609022
YFR,5,hpc,266,100,0.8,0.1278195488721804,73,0.13533834586466165
YFR,5,hpc,266,100,0.8,0.1278195488721804,74,0.11654135338345864
YFR,5,hpc,266,100,0.8,0.1278195488721804,75,0.12781954887218044
YFR,5,hpc,266,100,0.8,0.1278195488721804,76,0.16917293233082706
YFR,5,hpc,266,100,0.8,0.1278195488721804,77,0.10150375939849623
YFR,5,hpc,266,100,0.8,0.1278195488721804,78,0.09398496240601503
YFR,5,hpc,266,100,0.8,0.1278195488721804,79,0.10526315789473684
YFR,5,hpc,266,100,0.8,0.1278195488721804,80,0.13909774436090225
YFR,5,hpc,266,100,0.8,0.1278195488721804,81,0.12406015037593984
YFR,5,hpc,266,100,0.8,0.1278195488721804,82,0.07894736842105263
YFR,5,hpc,266,100,0.8,0.1278195488721804,83,0.11278195488721804
YFR,5,hpc,266,100,0.8,0.1278195488721804,84,0.07894736842105263
YFR,5,hpc,266,100,0.8,0.1278195488721804,85,0.09398496240601503
YFR,5,hpc,266,100,0.8,0.1278195488721804,86,0.07518796992481203
YFR,5,hpc,266,100,0.8,0.1278195488721804,87,0.13533834586466165
YFR,5,hpc,266,100,0.8,0.1278195488721804,88,0.13533834586466165
YFR,5,hpc,266,100,0.8,0.1278195488721804,89,0.11278195488721804
YFR,5,hpc,266,100,0.8,0.1278195488721804,90,0.12030075187969924
YFR,5,hpc,266,100,0.8,0.1278195488721804,91,0.12781954887218044
YFR,5,hpc,266,100,0.8,0.1278195488721804,92,0.08270676691729323
YFR,5,hpc,266,100,0.8,0.1278195488721804,93,0.08646616541353383
YFR,5,hpc,266,100,0.8,0.1278195488721804,94,0.09022556390977443
YFR,5,hpc,266,100,0.8,0.1278195488721804,95,0.11654135338345864
YFR,5,hpc,266,100,0.8,0.1278195488721804,96,0.12406015037593984
YFR,5,hpc,266,100,0.8,0.1278195488721804,97,0.10526315789473684
YFR,5,hpc,266,100,0.8,0.1278195488721804,98,0.10526315789473684
YFR,5,hpc,266,100,0.8,0.1278195488721804,99,0.12030075187969924
YFR,5,hpc,266,100,0.8,0.1278195488721804,100,0.10526315789473684
YFR,5,hpc,266,100,0.8,0.1278195488721804,101,0.09398496240601503
YFR,5,hpc,266,100,0.8,0.1278195488721804,102,0.10902255639097744
YFR,5,hpc,266,100,0.8,0.1278195488721804,103,0.14661654135338345
YFR,5,hpc,266,100,0.8,0.1278195488721804,104,0.13533834586466165
YFR,5,hpc,266,100,0.8,0.1278195488721804,105,0.09022556390977443
YFR,5,hpc,266,100,0.8,0.1278195488721804,106,0.13157894736842105
YFR,5,hpc,266,100,0.8,0.1278195488721804,107,0.09022556390977443
YFR,5,hpc,266,100,0.8,0.1278195488721804,108,0.13909774436090225
YFR,5,hpc,266,100,0.8,0.1278195488721804,109,0.12030075187969924
YFR,5,hpc,266,100,0.8,0.1278195488721804,110,0.10526315789473684
YFR,5,hpc,266,100,0.8,0.1278195488721804,111,0.10150375939849623
YFR,5,hpc,266,100,0.8,0.1278195488721804,112,0.10150375939849623
YFR,5,hpc,266,100,0.8,0.1278195488721804,113,0.07518796992481203
YFR,5,hpc,266,100,0.8,0.1278195488721804,114,0.12030075187969924
YFR,5,hpc,266,100,0.8,0.1278195488721804,115,0.12030075187969924
YFR,5,hpc,266,100,0.8,0.1278195488721804,116,0.13157894736842105
YFR,5,hpc,266,100,0.8,0.1278195488721804,117,0.08270676691729323
YFR,5,hpc,266,100,0.8,0.1278195488721804,118,0.12406015037593984
YFR,5,hpc,266,100,0.8,0.1278195488721804,119,0.07894736842105263
YFR,5,hpc,266,100,0.8,0.1278195488721804,120,0.09774436090225563
YFR,5,hpc,266,100,0.8,0.1278195488721804,121,0.09398496240601503
YFR,5,hpc,266,100,0.8,0.1278195488721804,122,0.14285714285714285
YFR,5,hpc,266,100,0.8,0.1278195488721804,123,0.13157894736842105
YFR,5,hpc,266,100,0.8,0.1278195488721804,124,0.15789473684210525
YFR,5,hpc,266,100,0.8,0.1278195488721804,125,0.12781954887218044
YFR,5,hpc,266,100,0.8,0.1278195488721804,126,0.10150375939849623
YFR,5,hpc,266,100,0.8,0.1278195488721804,127,0.08646616541353383
YFR,5,hpc,266,100,0.8,0.1278195488721804,128,0.10526315789473684
YFR,5,hpc,266,100,0.8,0.1278195488721804,129,0.10526315789473684
YFR,5,hpc,266,100,0.8,0.1278195488721804,130,0.13157894736842105
YFR,5,hpc,266,100,0.8,0.1278195488721804,131,0.10902255639097744
YFR,5,hpc,266,100,0.8,0.1278195488721804,132,0.09398496240601503
YFR,5,hpc,266,100,0.8,0.1278195488721804,133,0.09774436090225563
YFR,5,hpc,266,100,0.8,0.1278195488721804,134,0.10526315789473684
YFR,5,hpc,266,100,0.8,0.1278195488721804,135,0.09398496240601503
YFR,5,hpc,266,100,0.8,0.1278195488721804,136,0.14285714285714285
YFR,5,hpc,266,100,0.8,0.1278195488721804,137,0.12030075187969924
YFR,5,hpc,266,100,0.8,0.1278195488721804,138,0.10150375939849623
YFR,5,hpc,266,100,0.8,0.1278195488721804,139,0.10902255639097744
YFR,5,hpc,266,100,0.8,0.1278195488721804,140,0.12030075187969924
YFR,5,hpc,266,100,0.8,0.1278195488721804,141,0.15037593984962405
YFR,5,hpc,266,100,0.8,0.1278195488721804,142,0.12406015037593984
YFR,5,hpc,266,100,0.8,0.1278195488721804,143,0.09398496240601503
YFR,5,hpc,266,100,0.8,0.1278195488721804,144,0.09398496240601503
YFR,5,hpc,266,100,0.8,0.1278195488721804,145,0.07518796992481203
YFR,5,hpc,266,100,0.8,0.1278195488721804,146,0.12030075187969924
YFR,5,hpc,266,100,0.8,0.1278195488721804,147,0.07518796992481203
YFR,5,hpc,266,100,0.8,0.1278195488721804,148,0.11278195488721804
YFR,5,hpc,266,100,0.8,0.1278195488721804,149,0.10902255639097744
YFR,5,hpc,266,100,0.8,0.1278195488721804,150,0.08270676691729323
YFR,5,hpc,266,100,0.8,0.1278195488721804,151,0.12406015037593984
YFR,5,hpc,266,100,0.8,0.1278195488721804,152,0.06766917293233082
YFR,5,hpc,266,100,0.8,0.1278195488721804,153,0.15789473684210525
YFR,5,hpc,266,100,0.8,0.1278195488721804,154,0.08646616541353383
YFR,5,hpc,266,100,0.8,0.1278195488721804,155,0.09774436090225563
YFR,5,hpc,266,100,0.8,0.1278195488721804,156,0.07894736842105263
YFR,5,hpc,266,100,0.8,0.1278195488721804,157,0.11654135338345864
YFR,5,hpc,266,100,0.8,0.1278195488721804,158,0.12781954887218044
YFR,5,hpc,266,100,0.8,0.1278195488721804,159,0.10150375939849623
YFR,5,hpc,266,100,0.8,0.1278195488721804,160,0.09398496240601503
YFR,5,hpc,266,100,0.8,0.1278195488721804,161,0.07142857142857142
YFR,5,hpc,266,100,0.8,0.1278195488721804,162,0.09022556390977443
YFR,5,hpc,266,100,0.8,0.1278195488721804,163,0.08646616541353383
YFR,5,hpc,266,100,0.8,0.1278195488721804,164,0.09022556390977443
YFR,5,hpc,266,100,0.8,0.1278195488721804,165,0.09398496240601503
YFR,5,hpc,266,100,0.8,0.1278195488721804,166,0.12406015037593984
YFR,5,hpc,266,100,0.8,0.1278195488721804,167,0.13157894736842105
YFR,5,hpc,266,100,0.8,0.1278195488721804,168,0.15413533834586465
YFR,5,hpc,266,100,0.8,0.1278195488721804,169,0.10526315789473684
YFR,5,hpc,266,100,0.8,0.1278195488721804,170,0.11654135338345864
YFR,5,hpc,266,100,0.8,0.1278195488721804,171,0.12030075187969924
YFR,5,hpc,266,100,0.8,0.1278195488721804,172,0.09774436090225563
YFR,5,hpc,266,100,0.8,0.1278195488721804,173,0.11654135338345864
YFR,5,hpc,266,100,0.8,0.1278195488721804,174,0.10902255639097744
YFR,5,hpc,266,100,0.8,0.1278195488721804,175,0.12030075187969924
YFR,5,hpc,266,100,0.8,0.1278195488721804,176,0.15789473684210525
YFR,5,hpc,266,100,0.8,0.1278195488721804,177,0.12030075187969924
YFR,5,hpc,266,100,0.8,0.1278195488721804,178,0.14285714285714285
YFR,5,hpc,266,100,0.8,0.1278195488721804,179,0.10526315789473684
YFR,5,hpc,266,100,0.8,0.1278195488721804,180,0.12406015037593984
YFR,5,hpc,266,100,0.8,0.1278195488721804,181,0.08646616541353383
YFR,5,hpc,266,100,0.8,0.1278195488721804,182,0.10902255639097744
YFR,5,hpc,266,100,0.8,0.1278195488721804,183,0.06766917293233082
YFR,5,hpc,266,100,0.8,0.1278195488721804,184,0.11278195488721804
YFR,5,hpc,266,100,0.8,0.1278195488721804,185,0.09774436090225563
YFR,5,hpc,266,100,0.8,0.1278195488721804,186,0.13533834586466165
YFR,5,hpc,266,100,0.8,0.1278195488721804,187,0.09774436090225563
YFR,5,hpc,266,100,0.8,0.1278195488721804,188,0.10150375939849623
YFR,5,hpc,266,100,0.8,0.1278195488721804,189,0.09022556390977443
YFR,5,hpc,266,100,0.8,0.1278195488721804,190,0.12030075187969924
YFR,5,hpc,266,100,0.8,0.1278195488721804,191,0.13533834586466165
YFR,5,hpc,266,100,0.8,0.1278195488721804,192,0.12030075187969924
YFR,5,hpc,266,100,0.8,0.1278195488721804,193,0.10150375939849623
YFR,5,hpc,266,100,0.8,0.1278195488721804,194,0.09398496240601503
YFR,5,hpc,266,100,0.8,0.1278195488721804,195,0.08646616541353383
YFR,5,hpc,266,100,0.8,0.1278195488721804,196,0.10526315789473684
YFR,5,hpc,266,100,0.8,0.1278195488721804,197,0.10150375939849623
YFR,5,hpc,266,100,0.8,0.1278195488721804,198,0.10526315789473684
YFR,5,hpc,266,100,0.8,0.1278195488721804,199,0.07142857142857142
YFR,5,hpc,266,100,0.8,0.1278195488721804,200,0.10150375939849623
YFS,35,amy,264,100,0.8,0.1325757575757575,1,0.08712121212121213
YFS,35,amy,264,100,0.8,0.1325757575757575,2,0.10606060606060606
YFS,35,amy,264,100,0.8,0.1325757575757575,3,0.125
YFS,35,amy,264,100,0.8,0.1325757575757575,4,0.06818181818181818
YFS,35,amy,264,100,0.8,0.1325757575757575,5,0.14015151515151514
YFS,35,amy,264,100,0.8,0.1325757575757575,6,0.10227272727272728
YFS,35,amy,264,100,0.8,0.1325757575757575,7,0.11363636363636363
YFS,35,amy,264,100,0.8,0.1325757575757575,8,0.1590909090909091
YFS,35,amy,264,100,0.8,0.1325757575757575,9,0.10984848484848485
YFS,35,amy,264,100,0.8,0.1325757575757575,10,0.10606060606060606
YFS,35,amy,264,100,0.8,0.1325757575757575,11,0.13257575757575757
YFS,35,amy,264,100,0.8,0.1325757575757575,12,0.08712121212121213
YFS,35,amy,264,100,0.8,0.1325757575757575,13,0.13257575757575757
YFS,35,amy,264,100,0.8,0.1325757575757575,14,0.07196969696969698
YFS,35,amy,264,100,0.8,0.1325757575757575,15,0.06439393939393939
YFS,35,amy,264,100,0.8,0.1325757575757575,16,0.11742424242424243
YFS,35,amy,264,100,0.8,0.1325757575757575,17,0.10227272727272728
YFS,35,amy,264,100,0.8,0.1325757575757575,18,0.11742424242424243
YFS,35,amy,264,100,0.8,0.1325757575757575,19,0.10606060606060606
YFS,35,amy,264,100,0.8,0.1325757575757575,20,0.14015151515151514
YFS,35,amy,264,100,0.8,0.1325757575757575,21,0.16287878787878787
YFS,35,amy,264,100,0.8,0.1325757575757575,22,0.12878787878787878
YFS,35,amy,264,100,0.8,0.1325757575757575,23,0.13257575757575757
YFS,35,amy,264,100,0.8,0.1325757575757575,24,0.11742424242424243
YFS,35,amy,264,100,0.8,0.1325757575757575,25,0.11742424242424243
YFS,35,amy,264,100,0.8,0.1325757575757575,26,0.11363636363636363
YFS,35,amy,264,100,0.8,0.1325757575757575,27,0.08333333333333333
YFS,35,amy,264,100,0.8,0.1325757575757575,28,0.13257575757575757
YFS,35,amy,264,100,0.8,0.1325757575757575,29,0.14393939393939395
YFS,35,amy,264,100,0.8,0.1325757575757575,30,0.07196969696969698
YFS,35,amy,264,100,0.8,0.1325757575757575,31,0.10227272727272728
YFS,35,amy,264,100,0.8,0.1325757575757575,32,0.12121212121212122
YFS,35,amy,264,100,0.8,0.1325757575757575,33,0.06818181818181818
YFS,35,amy,264,100,0.8,0.1325757575757575,34,0.10227272727272728
YFS,35,amy,264,100,0.8,0.1325757575757575,35,0.10227272727272728
YFS,35,amy,264,100,0.8,0.1325757575757575,36,0.14015151515151514
YFS,35,amy,264,100,0.8,0.1325757575757575,37,0.10984848484848485
YFS,35,amy,264,100,0.8,0.1325757575757575,38,0.08333333333333333
YFS,35,amy,264,100,0.8,0.1325757575757575,39,0.0946969696969697
YFS,35,amy,264,100,0.8,0.1325757575757575,40,0.09848484848484848
YFS,35,amy,264,100,0.8,0.1325757575757575,41,0.12878787878787878
YFS,35,amy,264,100,0.8,0.1325757575757575,42,0.14393939393939395
YFS,35,amy,264,100,0.8,0.1325757575757575,43,0.125
YFS,35,amy,264,100,0.8,0.1325757575757575,44,0.10984848484848485
YFS,35,amy,264,100,0.8,0.1325757575757575,45,0.10606060606060606
YFS,35,amy,264,100,0.8,0.1325757575757575,46,0.13257575757575757
YFS,35,amy,264,100,0.8,0.1325757575757575,47,0.10984848484848485
YFS,35,amy,264,100,0.8,0.1325757575757575,48,0.11742424242424243
YFS,35,amy,264,100,0.8,0.1325757575757575,49,0.11742424242424243
YFS,35,amy,264,100,0.8,0.1325757575757575,50,0.06818181818181818
YFS,35,amy,264,100,0.8,0.1325757575757575,51,0.12878787878787878
YFS,35,amy,264,100,0.8,0.1325757575757575,52,0.12121212121212122
YFS,35,amy,264,100,0.8,0.1325757575757575,53,0.16287878787878787
YFS,35,amy,264,100,0.8,0.1325757575757575,54,0.09090909090909091
YFS,35,amy,264,100,0.8,0.1325757575757575,55,0.14015151515151514
YFS,35,amy,264,100,0.8,0.1325757575757575,56,0.10227272727272728
YFS,35,amy,264,100,0.8,0.1325757575757575,57,0.10984848484848485
YFS,35,amy,264,100,0.8,0.1325757575757575,58,0.09848484848484848
YFS,35,amy,264,100,0.8,0.1325757575757575,59,0.08333333333333333
YFS,35,amy,264,100,0.8,0.1325757575757575,60,0.09090909090909091
YFS,35,amy,264,100,0.8,0.1325757575757575,61,0.09848484848484848
YFS,35,amy,264,100,0.8,0.1325757575757575,62,0.12121212121212122
YFS,35,amy,264,100,0.8,0.1325757575757575,63,0.10227272727272728
YFS,35,amy,264,100,0.8,0.1325757575757575,64,0.125
YFS,35,amy,264,100,0.8,0.1325757575757575,65,0.0946969696969697
YFS,35,amy,264,100,0.8,0.1325757575757575,66,0.10984848484848485
YFS,35,amy,264,100,0.8,0.1325757575757575,67,0.07575757575757576
YFS,35,amy,264,100,0.8,0.1325757575757575,68,0.10606060606060606
YFS,35,amy,264,100,0.8,0.1325757575757575,69,0.11742424242424243
YFS,35,amy,264,100,0.8,0.1325757575757575,70,0.08333333333333333
YFS,35,amy,264,100,0.8,0.1325757575757575,71,0.09848484848484848
YFS,35,amy,264,100,0.8,0.1325757575757575,72,0.11363636363636363
YFS,35,amy,264,100,0.8,0.1325757575757575,73,0.10227272727272728
YFS,35,amy,264,100,0.8,0.1325757575757575,74,0.0946969696969697
YFS,35,amy,264,100,0.8,0.1325757575757575,75,0.12878787878787878
YFS,35,amy,264,100,0.8,0.1325757575757575,76,0.12121212121212122
YFS,35,amy,264,100,0.8,0.1325757575757575,77,0.10984848484848485
YFS,35,amy,264,100,0.8,0.1325757575757575,78,0.10984848484848485
YFS,35,amy,264,100,0.8,0.1325757575757575,79,0.11363636363636363
YFS,35,amy,264,100,0.8,0.1325757575757575,80,0.10606060606060606
YFS,35,amy,264,100,0.8,0.1325757575757575,81,0.0946969696969697
YFS,35,amy,264,100,0.8,0.1325757575757575,82,0.08712121212121213
YFS,35,amy,264,100,0.8,0.1325757575757575,83,0.14015151515151514
YFS,35,amy,264,100,0.8,0.1325757575757575,84,0.10606060606060606
YFS,35,amy,264,100,0.8,0.1325757575757575,85,0.13636363636363635
YFS,35,amy,264,100,0.8,0.1325757575757575,86,0.08333333333333333
YFS,35,amy,264,100,0.8,0.1325757575757575,87,0.15151515151515152
YFS,35,amy,264,100,0.8,0.1325757575757575,88,0.12121212121212122
YFS,35,amy,264,100,0.8,0.1325757575757575,89,0.0946969696969697
YFS,35,amy,264,100,0.8,0.1325757575757575,90,0.12121212121212122
YFS,35,amy,264,100,0.8,0.1325757575757575,91,0.08712121212121213
YFS,35,amy,264,100,0.8,0.1325757575757575,92,0.07196969696969698
YFS,35,amy,264,100,0.8,0.1325757575757575,93,0.10984848484848485
YFS,35,amy,264,100,0.8,0.1325757575757575,94,0.10606060606060606
YFS,35,amy,264,100,0.8,0.1325757575757575,95,0.13636363636363635
YFS,35,amy,264,100,0.8,0.1325757575757575,96,0.125
YFS,35,amy,264,100,0.8,0.1325757575757575,97,0.14015151515151514
YFS,35,amy,264,100,0.8,0.1325757575757575,98,0.12878787878787878
YFS,35,amy,264,100,0.8,0.1325757575757575,99,0.09090909090909091
YFS,35,amy,264,100,0.8,0.1325757575757575,100,0.11742424242424243
YFS,35,amy,264,100,0.8,0.1325757575757575,101,0.10984848484848485
YFS,35,amy,264,100,0.8,0.1325757575757575,102,0.08333333333333333
YFS,35,amy,264,100,0.8,0.1325757575757575,103,0.0946969696969697
YFS,35,amy,264,100,0.8,0.1325757575757575,104,0.08712121212121213
YFS,35,amy,264,100,0.8,0.1325757575757575,105,0.10984848484848485
YFS,35,amy,264,100,0.8,0.1325757575757575,106,0.09090909090909091
YFS,35,amy,264,100,0.8,0.1325757575757575,107,0.12121212121212122
YFS,35,amy,264,100,0.8,0.1325757575757575,108,0.12878787878787878
YFS,35,amy,264,100,0.8,0.1325757575757575,109,0.09848484848484848
YFS,35,amy,264,100,0.8,0.1325757575757575,110,0.12878787878787878
YFS,35,amy,264,100,0.8,0.1325757575757575,111,0.12121212121212122
YFS,35,amy,264,100,0.8,0.1325757575757575,112,0.07575757575757576
YFS,35,amy,264,100,0.8,0.1325757575757575,113,0.12878787878787878
YFS,35,amy,264,100,0.8,0.1325757575757575,114,0.11363636363636363
YFS,35,amy,264,100,0.8,0.1325757575757575,115,0.14772727272727273
YFS,35,amy,264,100,0.8,0.1325757575757575,116,0.0946969696969697
YFS,35,amy,264,100,0.8,0.1325757575757575,117,0.13257575757575757
YFS,35,amy,264,100,0.8,0.1325757575757575,118,0.09848484848484848
YFS,35,amy,264,100,0.8,0.1325757575757575,119,0.0946969696969697
YFS,35,amy,264,100,0.8,0.1325757575757575,120,0.12121212121212122
YFS,35,amy,264,100,0.8,0.1325757575757575,121,0.12121212121212122
YFS,35,amy,264,100,0.8,0.1325757575757575,122,0.12121212121212122
YFS,35,amy,264,100,0.8,0.1325757575757575,123,0.14015151515151514
YFS,35,amy,264,100,0.8,0.1325757575757575,124,0.14015151515151514
YFS,35,amy,264,100,0.8,0.1325757575757575,125,0.13257575757575757
YFS,35,amy,264,100,0.8,0.1325757575757575,126,0.10984848484848485
YFS,35,amy,264,100,0.8,0.1325757575757575,127,0.10984848484848485
YFS,35,amy,264,100,0.8,0.1325757575757575,128,0.09090909090909091
YFS,35,amy,264,100,0.8,0.1325757575757575,129,0.125
YFS,35,amy,264,100,0.8,0.1325757575757575,130,0.10227272727272728
YFS,35,amy,264,100,0.8,0.1325757575757575,131,0.09848484848484848
YFS,35,amy,264,100,0.8,0.1325757575757575,132,0.11742424242424243
YFS,35,amy,264,100,0.8,0.1325757575757575,133,0.10227272727272728
YFS,35,amy,264,100,0.8,0.1325757575757575,134,0.12121212121212122
YFS,35,amy,264,100,0.8,0.1325757575757575,135,0.13257575757575757
YFS,35,amy,264,100,0.8,0.1325757575757575,136,0.12121212121212122
YFS,35,amy,264,100,0.8,0.1325757575757575,137,0.11363636363636363
YFS,35,amy,264,100,0.8,0.1325757575757575,138,0.1553030303030303
YFS,35,amy,264,100,0.8,0.1325757575757575,139,0.10227272727272728
YFS,35,amy,264,100,0.8,0.1325757575757575,140,0.07196969696969698
YFS,35,amy,264,100,0.8,0.1325757575757575,141,0.09848484848484848
YFS,35,amy,264,100,0.8,0.1325757575757575,142,0.10606060606060606
YFS,35,amy,264,100,0.8,0.1325757575757575,143,0.09090909090909091
YFS,35,amy,264,100,0.8,0.1325757575757575,144,0.10606060606060606
YFS,35,amy,264,100,0.8,0.1325757575757575,145,0.07196969696969698
YFS,35,amy,264,100,0.8,0.1325757575757575,146,0.09090909090909091
YFS,35,amy,264,100,0.8,0.1325757575757575,147,0.11363636363636363
YFS,35,amy,264,100,0.8,0.1325757575757575,148,0.11742424242424243
YFS,35,amy,264,100,0.8,0.1325757575757575,149,0.12121212121212122
YFS,35,amy,264,100,0.8,0.1325757575757575,150,0.10227272727272728
YFS,35,amy,264,100,0.8,0.1325757575757575,151,0.14015151515151514
YFS,35,amy,264,100,0.8,0.1325757575757575,152,0.12121212121212122
YFS,35,amy,264,100,0.8,0.1325757575757575,153,0.07196969696969698
YFS,35,amy,264,100,0.8,0.1325757575757575,154,0.07954545454545454
YFS,35,amy,264,100,0.8,0.1325757575757575,155,0.08333333333333333
YFS,35,amy,264,100,0.8,0.1325757575757575,156,0.10227272727272728
YFS,35,amy,264,100,0.8,0.1325757575757575,157,0.09848484848484848
YFS,35,amy,264,100,0.8,0.1325757575757575,158,0.12878787878787878
YFS,35,amy,264,100,0.8,0.1325757575757575,159,0.13636363636363635
YFS,35,amy,264,100,0.8,0.1325757575757575,160,0.11742424242424243
YFS,35,amy,264,100,0.8,0.1325757575757575,161,0.10606060606060606
YFS,35,amy,264,100,0.8,0.1325757575757575,162,0.08333333333333333
YFS,35,amy,264,100,0.8,0.1325757575757575,163,0.125
YFS,35,amy,264,100,0.8,0.1325757575757575,164,0.07196969696969698
YFS,35,amy,264,100,0.8,0.1325757575757575,165,0.12878787878787878
YFS,35,amy,264,100,0.8,0.1325757575757575,166,0.10984848484848485
YFS,35,amy,264,100,0.8,0.1325757575757575,167,0.07575757575757576
YFS,35,amy,264,100,0.8,0.1325757575757575,168,0.0946969696969697
YFS,35,amy,264,100,0.8,0.1325757575757575,169,0.14393939393939395
YFS,35,amy,264,100,0.8,0.1325757575757575,170,0.10606060606060606
YFS,35,amy,264,100,0.8,0.1325757575757575,171,0.13636363636363635
YFS,35,amy,264,100,0.8,0.1325757575757575,172,0.13257575757575757
YFS,35,amy,264,100,0.8,0.1325757575757575,173,0.14772727272727273
YFS,35,amy,264,100,0.8,0.1325757575757575,174,0.10227272727272728
YFS,35,amy,264,100,0.8,0.1325757575757575,175,0.10606060606060606
YFS,35,amy,264,100,0.8,0.1325757575757575,176,0.08712121212121213
YFS,35,amy,264,100,0.8,0.1325757575757575,177,0.13636363636363635
YFS,35,amy,264,100,0.8,0.1325757575757575,178,0.08333333333333333
YFS,35,amy,264,100,0.8,0.1325757575757575,179,0.07954545454545454
YFS,35,amy,264,100,0.8,0.1325757575757575,180,0.06060606060606061
YFS,35,amy,264,100,0.8,0.1325757575757575,181,0.12878787878787878
YFS,35,amy,264,100,0.8,0.1325757575757575,182,0.11363636363636363
YFS,35,amy,264,100,0.8,0.1325757575757575,183,0.13636363636363635
YFS,35,amy,264,100,0.8,0.1325757575757575,184,0.07954545454545454
YFS,35,amy,264,100,0.8,0.1325757575757575,185,0.1590909090909091
YFS,35,amy,264,100,0.8,0.1325757575757575,186,0.125
YFS,35,amy,264,100,0.8,0.1325757575757575,187,0.11363636363636363
YFS,35,amy,264,100,0.8,0.1325757575757575,188,0.08712121212121213
YFS,35,amy,264,100,0.8,0.1325757575757575,189,0.07196969696969698
YFS,35,amy,264,100,0.8,0.1325757575757575,190,0.09848484848484848
YFS,35,amy,264,100,0.8,0.1325757575757575,191,0.10606060606060606
YFS,35,amy,264,100,0.8,0.1325757575757575,192,0.11742424242424243
YFS,35,amy,264,100,0.8,0.1325757575757575,193,0.11742424242424243
YFS,35,amy,264,100,0.8,0.1325757575757575,194,0.11363636363636363
YFS,35,amy,264,100,0.8,0.1325757575757575,195,0.10606060606060606
YFS,35,amy,264,100,0.8,0.1325757575757575,196,0.09848484848484848
YFS,35,amy,264,100,0.8,0.1325757575757575,197,0.13257575757575757
YFS,35,amy,264,100,0.8,0.1325757575757575,198,0.11363636363636363
YFS,35,amy,264,100,0.8,0.1325757575757575,199,0.10606060606060606
YFS,35,amy,264,100,0.8,0.1325757575757575,200,0.0946969696969697
YFJ,17,hpc,114,100,0.2,0.1403508771929824,1,0.05263157894736842
YFJ,17,hpc,114,100,0.2,0.1403508771929824,2,0.07894736842105263
YFJ,17,hpc,114,100,0.2,0.1403508771929824,3,0.14035087719298245
YFJ,17,hpc,114,100,0.2,0.1403508771929824,4,0.06140350877192982
YFJ,17,hpc,114,100,0.2,0.1403508771929824,5,0.07894736842105263
YFJ,17,hpc,114,100,0.2,0.1403508771929824,6,0.08771929824561403
YFJ,17,hpc,114,100,0.2,0.1403508771929824,7,0.07894736842105263
YFJ,17,hpc,114,100,0.2,0.1403508771929824,8,0.07894736842105263
YFJ,17,hpc,114,100,0.2,0.1403508771929824,9,0.08771929824561403
YFJ,17,hpc,114,100,0.2,0.1403508771929824,10,0.03508771929824561
YFJ,17,hpc,114,100,0.2,0.1403508771929824,11,0.10526315789473684
YFJ,17,hpc,114,100,0.2,0.1403508771929824,12,0.09649122807017543
YFJ,17,hpc,114,100,0.2,0.1403508771929824,13,0.07894736842105263
YFJ,17,hpc,114,100,0.2,0.1403508771929824,14,0.05263157894736842
YFJ,17,hpc,114,100,0.2,0.1403508771929824,15,0.16666666666666666
YFJ,17,hpc,114,100,0.2,0.1403508771929824,16,0.14035087719298245
YFJ,17,hpc,114,100,0.2,0.1403508771929824,17,0.10526315789473684
YFJ,17,hpc,114,100,0.2,0.1403508771929824,18,0.11403508771929824
YFJ,17,hpc,114,100,0.2,0.1403508771929824,19,0.14035087719298245
YFJ,17,hpc,114,100,0.2,0.1403508771929824,20,0.11403508771929824
YFJ,17,hpc,114,100,0.2,0.1403508771929824,21,0.09649122807017543
YFJ,17,hpc,114,100,0.2,0.1403508771929824,22,0.09649122807017543
YFJ,17,hpc,114,100,0.2,0.1403508771929824,23,0.08771929824561403
YFJ,17,hpc,114,100,0.2,0.1403508771929824,24,0.07017543859649122
YFJ,17,hpc,114,100,0.2,0.1403508771929824,25,0.10526315789473684
YFJ,17,hpc,114,100,0.2,0.1403508771929824,26,0.14035087719298245
YFJ,17,hpc,114,100,0.2,0.1403508771929824,27,0.12280701754385964
YFJ,17,hpc,114,100,0.2,0.1403508771929824,28,0.13157894736842105
YFJ,17,hpc,114,100,0.2,0.1403508771929824,29,0.10526315789473684
YFJ,17,hpc,114,100,0.2,0.1403508771929824,30,0.05263157894736842
YFJ,17,hpc,114,100,0.2,0.1403508771929824,31,0.14035087719298245
YFJ,17,hpc,114,100,0.2,0.1403508771929824,32,0.14912280701754385
YFJ,17,hpc,114,100,0.2,0.1403508771929824,33,0.11403508771929824
YFJ,17,hpc,114,100,0.2,0.1403508771929824,34,0.07894736842105263
YFJ,17,hpc,114,100,0.2,0.1403508771929824,35,0.13157894736842105
YFJ,17,hpc,114,100,0.2,0.1403508771929824,36,0.08771929824561403
YFJ,17,hpc,114,100,0.2,0.1403508771929824,37,0.07894736842105263
YFJ,17,hpc,114,100,0.2,0.1403508771929824,38,0.13157894736842105
YFJ,17,hpc,114,100,0.2,0.1403508771929824,39,0.02631578947368421
YFJ,17,hpc,114,100,0.2,0.1403508771929824,40,0.05263157894736842
YFJ,17,hpc,114,100,0.2,0.1403508771929824,41,0.09649122807017543
YFJ,17,hpc,114,100,0.2,0.1403508771929824,42,0.16666666666666666
YFJ,17,hpc,114,100,0.2,0.1403508771929824,43,0.06140350877192982
YFJ,17,hpc,114,100,0.2,0.1403508771929824,44,0.10526315789473684
YFJ,17,hpc,114,100,0.2,0.1403508771929824,45,0.13157894736842105
YFJ,17,hpc,114,100,0.2,0.1403508771929824,46,0.07894736842105263
YFJ,17,hpc,114,100,0.2,0.1403508771929824,47,0.14035087719298245
YFJ,17,hpc,114,100,0.2,0.1403508771929824,48,0.13157894736842105
YFJ,17,hpc,114,100,0.2,0.1403508771929824,49,0.03508771929824561
YFJ,17,hpc,114,100,0.2,0.1403508771929824,50,0.13157894736842105
YFJ,17,hpc,114,100,0.2,0.1403508771929824,51,0.06140350877192982
YFJ,17,hpc,114,100,0.2,0.1403508771929824,52,0.11403508771929824
YFJ,17,hpc,114,100,0.2,0.1403508771929824,53,0.043859649122807015
YFJ,17,hpc,114,100,0.2,0.1403508771929824,54,0.20175438596491227
YFJ,17,hpc,114,100,0.2,0.1403508771929824,55,0.09649122807017543
YFJ,17,hpc,114,100,0.2,0.1403508771929824,56,0.05263157894736842
YFJ,17,hpc,114,100,0.2,0.1403508771929824,57,0.10526315789473684
YFJ,17,hpc,114,100,0.2,0.1403508771929824,58,0.07894736842105263
YFJ,17,hpc,114,100,0.2,0.1403508771929824,59,0.17543859649122806
YFJ,17,hpc,114,100,0.2,0.1403508771929824,60,0.17543859649122806
YFJ,17,hpc,114,100,0.2,0.1403508771929824,61,0.15789473684210525
YFJ,17,hpc,114,100,0.2,0.1403508771929824,62,0.05263157894736842
YFJ,17,hpc,114,100,0.2,0.1403508771929824,63,0.07894736842105263
YFJ,17,hpc,114,100,0.2,0.1403508771929824,64,0.11403508771929824
YFJ,17,hpc,114,100,0.2,0.1403508771929824,65,0.06140350877192982
YFJ,17,hpc,114,100,0.2,0.1403508771929824,66,0.03508771929824561
YFJ,17,hpc,114,100,0.2,0.1403508771929824,67,0.09649122807017543
YFJ,17,hpc,114,100,0.2,0.1403508771929824,68,0.12280701754385964
YFJ,17,hpc,114,100,0.2,0.1403508771929824,69,0.17543859649122806
YFJ,17,hpc,114,100,0.2,0.1403508771929824,70,0.14912280701754385
YFJ,17,hpc,114,100,0.2,0.1403508771929824,71,0.12280701754385964
YFJ,17,hpc,114,100,0.2,0.1403508771929824,72,0.07017543859649122
YFJ,17,hpc,114,100,0.2,0.1403508771929824,73,0.07894736842105263
YFJ,17,hpc,114,100,0.2,0.1403508771929824,74,0.11403508771929824
YFJ,17,hpc,114,100,0.2,0.1403508771929824,75,0.11403508771929824
YFJ,17,hpc,114,100,0.2,0.1403508771929824,76,0.11403508771929824
YFJ,17,hpc,114,100,0.2,0.1403508771929824,77,0.11403508771929824
YFJ,17,hpc,114,100,0.2,0.1403508771929824,78,0.07894736842105263
YFJ,17,hpc,114,100,0.2,0.1403508771929824,79,0.08771929824561403
YFJ,17,hpc,114,100,0.2,0.1403508771929824,80,0.14912280701754385
YFJ,17,hpc,114,100,0.2,0.1403508771929824,81,0.05263157894736842
YFJ,17,hpc,114,100,0.2,0.1403508771929824,82,0.08771929824561403
YFJ,17,hpc,114,100,0.2,0.1403508771929824,83,0.12280701754385964
YFJ,17,hpc,114,100,0.2,0.1403508771929824,84,0.06140350877192982
YFJ,17,hpc,114,100,0.2,0.1403508771929824,85,0.11403508771929824
YFJ,17,hpc,114,100,0.2,0.1403508771929824,86,0.09649122807017543
YFJ,17,hpc,114,100,0.2,0.1403508771929824,87,0.10526315789473684
YFJ,17,hpc,114,100,0.2,0.1403508771929824,88,0.09649122807017543
YFJ,17,hpc,114,100,0.2,0.1403508771929824,89,0.08771929824561403
YFJ,17,hpc,114,100,0.2,0.1403508771929824,90,0.07894736842105263
YFJ,17,hpc,114,100,0.2,0.1403508771929824,91,0.15789473684210525
YFJ,17,hpc,114,100,0.2,0.1403508771929824,92,0.10526315789473684
YFJ,17,hpc,114,100,0.2,0.1403508771929824,93,0.08771929824561403
YFJ,17,hpc,114,100,0.2,0.1403508771929824,94,0.14912280701754385
YFJ,17,hpc,114,100,0.2,0.1403508771929824,95,0.14035087719298245
YFJ,17,hpc,114,100,0.2,0.1403508771929824,96,0.13157894736842105
YFJ,17,hpc,114,100,0.2,0.1403508771929824,97,0.12280701754385964
YFJ,17,hpc,114,100,0.2,0.1403508771929824,98,0.07894736842105263
YFJ,17,hpc,114,100,0.2,0.1403508771929824,99,0.08771929824561403
YFJ,17,hpc,114,100,0.2,0.1403508771929824,100,0.08771929824561403
YFJ,17,hpc,114,100,0.2,0.1403508771929824,101,0.09649122807017543
YFJ,17,hpc,114,100,0.2,0.1403508771929824,102,0.07017543859649122
YFJ,17,hpc,114,100,0.2,0.1403508771929824,103,0.10526315789473684
YFJ,17,hpc,114,100,0.2,0.1403508771929824,104,0.09649122807017543
YFJ,17,hpc,114,100,0.2,0.1403508771929824,105,0.08771929824561403
YFJ,17,hpc,114,100,0.2,0.1403508771929824,106,0.06140350877192982
YFJ,17,hpc,114,100,0.2,0.1403508771929824,107,0.11403508771929824
YFJ,17,hpc,114,100,0.2,0.1403508771929824,108,0.043859649122807015
YFJ,17,hpc,114,100,0.2,0.1403508771929824,109,0.16666666666666666
YFJ,17,hpc,114,100,0.2,0.1403508771929824,110,0.10526315789473684
YFJ,17,hpc,114,100,0.2,0.1403508771929824,111,0.10526315789473684
YFJ,17,hpc,114,100,0.2,0.1403508771929824,112,0.09649122807017543
YFJ,17,hpc,114,100,0.2,0.1403508771929824,113,0.10526315789473684
YFJ,17,hpc,114,100,0.2,0.1403508771929824,114,0.07894736842105263
YFJ,17,hpc,114,100,0.2,0.1403508771929824,115,0.06140350877192982
YFJ,17,hpc,114,100,0.2,0.1403508771929824,116,0.10526315789473684
YFJ,17,hpc,114,100,0.2,0.1403508771929824,117,0.07894736842105263
YFJ,17,hpc,114,100,0.2,0.1403508771929824,118,0.13157894736842105
YFJ,17,hpc,114,100,0.2,0.1403508771929824,119,0.07017543859649122
YFJ,17,hpc,114,100,0.2,0.1403508771929824,120,0.08771929824561403
YFJ,17,hpc,114,100,0.2,0.1403508771929824,121,0.10526315789473684
YFJ,17,hpc,114,100,0.2,0.1403508771929824,122,0.09649122807017543
YFJ,17,hpc,114,100,0.2,0.1403508771929824,123,0.07017543859649122
YFJ,17,hpc,114,100,0.2,0.1403508771929824,124,0.12280701754385964
YFJ,17,hpc,114,100,0.2,0.1403508771929824,125,0.07894736842105263
YFJ,17,hpc,114,100,0.2,0.1403508771929824,126,0.07894736842105263
YFJ,17,hpc,114,100,0.2,0.1403508771929824,127,0.09649122807017543
YFJ,17,hpc,114,100,0.2,0.1403508771929824,128,0.08771929824561403
YFJ,17,hpc,114,100,0.2,0.1403508771929824,129,0.11403508771929824
YFJ,17,hpc,114,100,0.2,0.1403508771929824,130,0.06140350877192982
YFJ,17,hpc,114,100,0.2,0.1403508771929824,131,0.13157894736842105
YFJ,17,hpc,114,100,0.2,0.1403508771929824,132,0.14035087719298245
YFJ,17,hpc,114,100,0.2,0.1403508771929824,133,0.07894736842105263
YFJ,17,hpc,114,100,0.2,0.1403508771929824,134,0.14035087719298245
YFJ,17,hpc,114,100,0.2,0.1403508771929824,135,0.08771929824561403
YFJ,17,hpc,114,100,0.2,0.1403508771929824,136,0.11403508771929824
YFJ,17,hpc,114,100,0.2,0.1403508771929824,137,0.13157894736842105
YFJ,17,hpc,114,100,0.2,0.1403508771929824,138,0.14035087719298245
YFJ,17,hpc,114,100,0.2,0.1403508771929824,139,0.14912280701754385
YFJ,17,hpc,114,100,0.2,0.1403508771929824,140,0.06140350877192982
YFJ,17,hpc,114,100,0.2,0.1403508771929824,141,0.07894736842105263
YFJ,17,hpc,114,100,0.2,0.1403508771929824,142,0.13157894736842105
YFJ,17,hpc,114,100,0.2,0.1403508771929824,143,0.09649122807017543
YFJ,17,hpc,114,100,0.2,0.1403508771929824,144,0.06140350877192982
YFJ,17,hpc,114,100,0.2,0.1403508771929824,145,0.08771929824561403
YFJ,17,hpc,114,100,0.2,0.1403508771929824,146,0.11403508771929824
YFJ,17,hpc,114,100,0.2,0.1403508771929824,147,0.11403508771929824
YFJ,17,hpc,114,100,0.2,0.1403508771929824,148,0.13157894736842105
YFJ,17,hpc,114,100,0.2,0.1403508771929824,149,0.11403508771929824
YFJ,17,hpc,114,100,0.2,0.1403508771929824,150,0.09649122807017543
YFJ,17,hpc,114,100,0.2,0.1403508771929824,151,0.21929824561403508
YFJ,17,hpc,114,100,0.2,0.1403508771929824,152,0.14912280701754385
YFJ,17,hpc,114,100,0.2,0.1403508771929824,153,0.12280701754385964
YFJ,17,hpc,114,100,0.2,0.1403508771929824,154,0.12280701754385964
YFJ,17,hpc,114,100,0.2,0.1403508771929824,155,0.11403508771929824
YFJ,17,hpc,114,100,0.2,0.1403508771929824,156,0.11403508771929824
YFJ,17,hpc,114,100,0.2,0.1403508771929824,157,0.13157894736842105
YFJ,17,hpc,114,100,0.2,0.1403508771929824,158,0.05263157894736842
YFJ,17,hpc,114,100,0.2,0.1403508771929824,159,0.09649122807017543
YFJ,17,hpc,114,100,0.2,0.1403508771929824,160,0.12280701754385964
YFJ,17,hpc,114,100,0.2,0.1403508771929824,161,0.10526315789473684
YFJ,17,hpc,114,100,0.2,0.1403508771929824,162,0.15789473684210525
YFJ,17,hpc,114,100,0.2,0.1403508771929824,163,0.07017543859649122
YFJ,17,hpc,114,100,0.2,0.1403508771929824,164,0.10526315789473684
YFJ,17,hpc,114,100,0.2,0.1403508771929824,165,0.07894736842105263
YFJ,17,hpc,114,100,0.2,0.1403508771929824,166,0.18421052631578946
YFJ,17,hpc,114,100,0.2,0.1403508771929824,167,0.14035087719298245
YFJ,17,hpc,114,100,0.2,0.1403508771929824,168,0.13157894736842105
YFJ,17,hpc,114,100,0.2,0.1403508771929824,169,0.09649122807017543
YFJ,17,hpc,114,100,0.2,0.1403508771929824,170,0.12280701754385964
YFJ,17,hpc,114,100,0.2,0.1403508771929824,171,0.07017543859649122
YFJ,17,hpc,114,100,0.2,0.1403508771929824,172,0.12280701754385964
YFJ,17,hpc,114,100,0.2,0.1403508771929824,173,0.09649122807017543
YFJ,17,hpc,114,100,0.2,0.1403508771929824,174,0.09649122807017543
YFJ,17,hpc,114,100,0.2,0.1403508771929824,175,0.19298245614035087
YFJ,17,hpc,114,100,0.2,0.1403508771929824,176,0.13157894736842105
YFJ,17,hpc,114,100,0.2,0.1403508771929824,177,0.12280701754385964
YFJ,17,hpc,114,100,0.2,0.1403508771929824,178,0.11403508771929824
YFJ,17,hpc,114,100,0.2,0.1403508771929824,179,0.14035087719298245
YFJ,17,hpc,114,100,0.2,0.1403508771929824,180,0.12280701754385964
YFJ,17,hpc,114,100,0.2,0.1403508771929824,181,0.16666666666666666
YFJ,17,hpc,114,100,0.2,0.1403508771929824,182,0.07017543859649122
YFJ,17,hpc,114,100,0.2,0.1403508771929824,183,0.12280701754385964
YFJ,17,hpc,114,100,0.2,0.1403508771929824,184,0.10526315789473684
YFJ,17,hpc,114,100,0.2,0.1403508771929824,185,0.15789473684210525
YFJ,17,hpc,114,100,0.2,0.1403508771929824,186,0.12280701754385964
YFJ,17,hpc,114,100,0.2,0.1403508771929824,187,0.14035087719298245
YFJ,17,hpc,114,100,0.2,0.1403508771929824,188,0.14912280701754385
YFJ,17,hpc,114,100,0.2,0.1403508771929824,189,0.09649122807017543
YFJ,17,hpc,114,100,0.2,0.1403508771929824,190,0.09649122807017543
YFJ,17,hpc,114,100,0.2,0.1403508771929824,191,0.12280701754385964
YFJ,17,hpc,114,100,0.2,0.1403508771929824,192,0.14035087719298245
YFJ,17,hpc,114,100,0.2,0.1403508771929824,193,0.10526315789473684
YFJ,17,hpc,114,100,0.2,0.1403508771929824,194,0.07017543859649122
YFJ,17,hpc,114,100,0.2,0.1403508771929824,195,0.07894736842105263
YFJ,17,hpc,114,100,0.2,0.1403508771929824,196,0.11403508771929824
YFJ,17,hpc,114,100,0.2,0.1403508771929824,197,0.07894736842105263
YFJ,17,hpc,114,100,0.2,0.1403508771929824,198,0.14035087719298245
YFJ,17,hpc,114,100,0.2,0.1403508771929824,199,0.07894736842105263
YFJ,17,hpc,114,100,0.2,0.1403508771929824,200,0.13157894736842105
YFR,2,hpc,266,60,0.5,0.1466165413533834,1,0.13909774436090225
YFR,2,hpc,266,60,0.5,0.1466165413533834,2,0.06390977443609022
YFR,2,hpc,266,60,0.5,0.1466165413533834,3,0.12406015037593984
YFR,2,hpc,266,60,0.5,0.1466165413533834,4,0.08646616541353383
YFR,2,hpc,266,60,0.5,0.1466165413533834,5,0.08646616541353383
YFR,2,hpc,266,60,0.5,0.1466165413533834,6,0.11654135338345864
YFR,2,hpc,266,60,0.5,0.1466165413533834,7,0.10902255639097744
YFR,2,hpc,266,60,0.5,0.1466165413533834,8,0.05263157894736842
YFR,2,hpc,266,60,0.5,0.1466165413533834,9,0.17669172932330826
YFR,2,hpc,266,60,0.5,0.1466165413533834,10,0.10526315789473684
YFR,2,hpc,266,60,0.5,0.1466165413533834,11,0.13533834586466165
YFR,2,hpc,266,60,0.5,0.1466165413533834,12,0.13157894736842105
YFR,2,hpc,266,60,0.5,0.1466165413533834,13,0.12030075187969924
YFR,2,hpc,266,60,0.5,0.1466165413533834,14,0.08646616541353383
YFR,2,hpc,266,60,0.5,0.1466165413533834,15,0.11654135338345864
YFR,2,hpc,266,60,0.5,0.1466165413533834,16,0.10526315789473684
YFR,2,hpc,266,60,0.5,0.1466165413533834,17,0.11654135338345864
YFR,2,hpc,266,60,0.5,0.1466165413533834,18,0.09774436090225563
YFR,2,hpc,266,60,0.5,0.1466165413533834,19,0.09774436090225563
YFR,2,hpc,266,60,0.5,0.1466165413533834,20,0.12030075187969924
YFR,2,hpc,266,60,0.5,0.1466165413533834,21,0.08646616541353383
YFR,2,hpc,266,60,0.5,0.1466165413533834,22,0.09022556390977443
YFR,2,hpc,266,60,0.5,0.1466165413533834,23,0.08646616541353383
YFR,2,hpc,266,60,0.5,0.1466165413533834,24,0.10526315789473684
YFR,2,hpc,266,60,0.5,0.1466165413533834,25,0.13909774436090225
YFR,2,hpc,266,60,0.5,0.1466165413533834,26,0.12030075187969924
YFR,2,hpc,266,60,0.5,0.1466165413533834,27,0.07518796992481203
YFR,2,hpc,266,60,0.5,0.1466165413533834,28,0.12781954887218044
YFR,2,hpc,266,60,0.5,0.1466165413533834,29,0.13157894736842105
YFR,2,hpc,266,60,0.5,0.1466165413533834,30,0.12030075187969924
YFR,2,hpc,266,60,0.5,0.1466165413533834,31,0.12406015037593984
YFR,2,hpc,266,60,0.5,0.1466165413533834,32,0.10526315789473684
YFR,2,hpc,266,60,0.5,0.1466165413533834,33,0.10902255639097744
YFR,2,hpc,266,60,0.5,0.1466165413533834,34,0.13533834586466165
YFR,2,hpc,266,60,0.5,0.1466165413533834,35,0.08270676691729323
YFR,2,hpc,266,60,0.5,0.1466165413533834,36,0.12781954887218044
YFR,2,hpc,266,60,0.5,0.1466165413533834,37,0.12406015037593984
YFR,2,hpc,266,60,0.5,0.1466165413533834,38,0.09398496240601503
YFR,2,hpc,266,60,0.5,0.1466165413533834,39,0.11654135338345864
YFR,2,hpc,266,60,0.5,0.1466165413533834,40,0.16165413533834586
YFR,2,hpc,266,60,0.5,0.1466165413533834,41,0.12030075187969924
YFR,2,hpc,266,60,0.5,0.1466165413533834,42,0.13157894736842105
YFR,2,hpc,266,60,0.5,0.1466165413533834,43,0.08270676691729323
YFR,2,hpc,266,60,0.5,0.1466165413533834,44,0.13157894736842105
YFR,2,hpc,266,60,0.5,0.1466165413533834,45,0.13533834586466165
YFR,2,hpc,266,60,0.5,0.1466165413533834,46,0.10902255639097744
YFR,2,hpc,266,60,0.5,0.1466165413533834,47,0.13157894736842105
YFR,2,hpc,266,60,0.5,0.1466165413533834,48,0.13533834586466165
YFR,2,hpc,266,60,0.5,0.1466165413533834,49,0.10150375939849623
YFR,2,hpc,266,60,0.5,0.1466165413533834,50,0.15037593984962405
YFR,2,hpc,266,60,0.5,0.1466165413533834,51,0.10526315789473684
YFR,2,hpc,266,60,0.5,0.1466165413533834,52,0.10150375939849623
YFR,2,hpc,266,60,0.5,0.1466165413533834,53,0.09774436090225563
YFR,2,hpc,266,60,0.5,0.1466165413533834,54,0.10526315789473684
YFR,2,hpc,266,60,0.5,0.1466165413533834,55,0.08646616541353383
YFR,2,hpc,266,60,0.5,0.1466165413533834,56,0.11654135338345864
YFR,2,hpc,266,60,0.5,0.1466165413533834,57,0.14285714285714285
YFR,2,hpc,266,60,0.5,0.1466165413533834,58,0.07894736842105263
YFR,2,hpc,266,60,0.5,0.1466165413533834,59,0.09022556390977443
YFR,2,hpc,266,60,0.5,0.1466165413533834,60,0.06766917293233082
YFR,2,hpc,266,60,0.5,0.1466165413533834,61,0.15037593984962405
YFR,2,hpc,266,60,0.5,0.1466165413533834,62,0.09022556390977443
YFR,2,hpc,266,60,0.5,0.1466165413533834,63,0.14285714285714285
YFR,2,hpc,266,60,0.5,0.1466165413533834,64,0.12030075187969924
YFR,2,hpc,266,60,0.5,0.1466165413533834,65,0.06390977443609022
YFR,2,hpc,266,60,0.5,0.1466165413533834,66,0.04887218045112782
YFR,2,hpc,266,60,0.5,0.1466165413533834,67,0.13909774436090225
YFR,2,hpc,266,60,0.5,0.1466165413533834,68,0.08646616541353383
YFR,2,hpc,266,60,0.5,0.1466165413533834,69,0.05263157894736842
YFR,2,hpc,266,60,0.5,0.1466165413533834,70,0.13909774436090225
YFR,2,hpc,266,60,0.5,0.1466165413533834,71,0.12406015037593984
YFR,2,hpc,266,60,0.5,0.1466165413533834,72,0.10902255639097744
YFR,2,hpc,266,60,0.5,0.1466165413533834,73,0.16917293233082706
YFR,2,hpc,266,60,0.5,0.1466165413533834,74,0.09774436090225563
YFR,2,hpc,266,60,0.5,0.1466165413533834,75,0.13533834586466165
YFR,2,hpc,266,60,0.5,0.1466165413533834,76,0.15413533834586465
YFR,2,hpc,266,60,0.5,0.1466165413533834,77,0.07518796992481203
YFR,2,hpc,266,60,0.5,0.1466165413533834,78,0.12030075187969924
YFR,2,hpc,266,60,0.5,0.1466165413533834,79,0.09774436090225563
YFR,2,hpc,266,60,0.5,0.1466165413533834,80,0.16541353383458646
YFR,2,hpc,266,60,0.5,0.1466165413533834,81,0.11278195488721804
YFR,2,hpc,266,60,0.5,0.1466165413533834,82,0.15037593984962405
YFR,2,hpc,266,60,0.5,0.1466165413533834,83,0.10526315789473684
YFR,2,hpc,266,60,0.5,0.1466165413533834,84,0.11654135338345864
YFR,2,hpc,266,60,0.5,0.1466165413533834,85,0.15413533834586465
YFR,2,hpc,266,60,0.5,0.1466165413533834,86,0.16541353383458646
YFR,2,hpc,266,60,0.5,0.1466165413533834,87,0.13157894736842105
YFR,2,hpc,266,60,0.5,0.1466165413533834,88,0.03759398496240601
YFR,2,hpc,266,60,0.5,0.1466165413533834,89,0.11654135338345864
YFR,2,hpc,266,60,0.5,0.1466165413533834,90,0.10526315789473684
YFR,2,hpc,266,60,0.5,0.1466165413533834,91,0.09022556390977443
YFR,2,hpc,266,60,0.5,0.1466165413533834,92,0.10150375939849623
YFR,2,hpc,266,60,0.5,0.1466165413533834,93,0.13533834586466165
YFR,2,hpc,266,60,0.5,0.1466165413533834,94,0.06015037593984962
YFR,2,hpc,266,60,0.5,0.1466165413533834,95,0.10902255639097744
YFR,2,hpc,266,60,0.5,0.1466165413533834,96,0.09398496240601503
YFR,2,hpc,266,60,0.5,0.1466165413533834,97,0.07518796992481203
YFR,2,hpc,266,60,0.5,0.1466165413533834,98,0.10150375939849623
YFR,2,hpc,266,60,0.5,0.1466165413533834,99,0.12030075187969924
YFR,2,hpc,266,60,0.5,0.1466165413533834,100,0.11654135338345864
YFR,2,hpc,266,60,0.5,0.1466165413533834,101,0.16541353383458646
YFR,2,hpc,266,60,0.5,0.1466165413533834,102,0.06390977443609022
YFR,2,hpc,266,60,0.5,0.1466165413533834,103,0.09022556390977443
YFR,2,hpc,266,60,0.5,0.1466165413533834,104,0.09774436090225563
YFR,2,hpc,266,60,0.5,0.1466165413533834,105,0.12406015037593984
YFR,2,hpc,266,60,0.5,0.1466165413533834,106,0.11654135338345864
YFR,2,hpc,266,60,0.5,0.1466165413533834,107,0.10526315789473684
YFR,2,hpc,266,60,0.5,0.1466165413533834,108,0.12406015037593984
YFR,2,hpc,266,60,0.5,0.1466165413533834,109,0.10902255639097744
YFR,2,hpc,266,60,0.5,0.1466165413533834,110,0.06766917293233082
YFR,2,hpc,266,60,0.5,0.1466165413533834,111,0.08270676691729323
YFR,2,hpc,266,60,0.5,0.1466165413533834,112,0.09022556390977443
YFR,2,hpc,266,60,0.5,0.1466165413533834,113,0.12781954887218044
YFR,2,hpc,266,60,0.5,0.1466165413533834,114,0.09398496240601503
YFR,2,hpc,266,60,0.5,0.1466165413533834,115,0.08270676691729323
YFR,2,hpc,266,60,0.5,0.1466165413533834,116,0.08270676691729323
YFR,2,hpc,266,60,0.5,0.1466165413533834,117,0.11654135338345864
YFR,2,hpc,266,60,0.5,0.1466165413533834,118,0.10526315789473684
YFR,2,hpc,266,60,0.5,0.1466165413533834,119,0.12030075187969924
YFR,2,hpc,266,60,0.5,0.1466165413533834,120,0.08646616541353383
YFR,2,hpc,266,60,0.5,0.1466165413533834,121,0.10526315789473684
YFR,2,hpc,266,60,0.5,0.1466165413533834,122,0.06390977443609022
YFR,2,hpc,266,60,0.5,0.1466165413533834,123,0.10526315789473684
YFR,2,hpc,266,60,0.5,0.1466165413533834,124,0.15789473684210525
YFR,2,hpc,266,60,0.5,0.1466165413533834,125,0.12406015037593984
YFR,2,hpc,266,60,0.5,0.1466165413533834,126,0.06766917293233082
YFR,2,hpc,266,60,0.5,0.1466165413533834,127,0.11278195488721804
YFR,2,hpc,266,60,0.5,0.1466165413533834,128,0.09022556390977443
YFR,2,hpc,266,60,0.5,0.1466165413533834,129,0.15789473684210525
YFR,2,hpc,266,60,0.5,0.1466165413533834,130,0.13909774436090225
YFR,2,hpc,266,60,0.5,0.1466165413533834,131,0.09774436090225563
YFR,2,hpc,266,60,0.5,0.1466165413533834,132,0.08646616541353383
YFR,2,hpc,266,60,0.5,0.1466165413533834,133,0.12781954887218044
YFR,2,hpc,266,60,0.5,0.1466165413533834,134,0.10150375939849623
YFR,2,hpc,266,60,0.5,0.1466165413533834,135,0.12030075187969924
YFR,2,hpc,266,60,0.5,0.1466165413533834,136,0.11654135338345864
YFR,2,hpc,266,60,0.5,0.1466165413533834,137,0.14661654135338345
YFR,2,hpc,266,60,0.5,0.1466165413533834,138,0.13533834586466165
YFR,2,hpc,266,60,0.5,0.1466165413533834,139,0.12781954887218044
YFR,2,hpc,266,60,0.5,0.1466165413533834,140,0.10526315789473684
YFR,2,hpc,266,60,0.5,0.1466165413533834,141,0.07142857142857142
YFR,2,hpc,266,60,0.5,0.1466165413533834,142,0.13157894736842105
YFR,2,hpc,266,60,0.5,0.1466165413533834,143,0.07894736842105263
YFR,2,hpc,266,60,0.5,0.1466165413533834,144,0.06390977443609022
YFR,2,hpc,266,60,0.5,0.1466165413533834,145,0.15037593984962405
YFR,2,hpc,266,60,0.5,0.1466165413533834,146,0.10150375939849623
YFR,2,hpc,266,60,0.5,0.1466165413533834,147,0.08270676691729323
YFR,2,hpc,266,60,0.5,0.1466165413533834,148,0.09022556390977443
YFR,2,hpc,266,60,0.5,0.1466165413533834,149,0.12030075187969924
YFR,2,hpc,266,60,0.5,0.1466165413533834,150,0.09398496240601503
YFR,2,hpc,266,60,0.5,0.1466165413533834,151,0.18796992481203006
YFR,2,hpc,266,60,0.5,0.1466165413533834,152,0.10526315789473684
YFR,2,hpc,266,60,0.5,0.1466165413533834,153,0.11654135338345864
YFR,2,hpc,266,60,0.5,0.1466165413533834,154,0.11278195488721804
YFR,2,hpc,266,60,0.5,0.1466165413533834,155,0.08646616541353383
YFR,2,hpc,266,60,0.5,0.1466165413533834,156,0.16541353383458646
YFR,2,hpc,266,60,0.5,0.1466165413533834,157,0.14285714285714285
YFR,2,hpc,266,60,0.5,0.1466165413533834,158,0.12781954887218044
YFR,2,hpc,266,60,0.5,0.1466165413533834,159,0.10902255639097744
YFR,2,hpc,266,60,0.5,0.1466165413533834,160,0.11654135338345864
YFR,2,hpc,266,60,0.5,0.1466165413533834,161,0.05639097744360902
YFR,2,hpc,266,60,0.5,0.1466165413533834,162,0.13157894736842105
YFR,2,hpc,266,60,0.5,0.1466165413533834,163,0.06390977443609022
YFR,2,hpc,266,60,0.5,0.1466165413533834,164,0.10526315789473684
YFR,2,hpc,266,60,0.5,0.1466165413533834,165,0.13157894736842105
YFR,2,hpc,266,60,0.5,0.1466165413533834,166,0.08646616541353383
YFR,2,hpc,266,60,0.5,0.1466165413533834,167,0.09398496240601503
YFR,2,hpc,266,60,0.5,0.1466165413533834,168,0.15789473684210525
YFR,2,hpc,266,60,0.5,0.1466165413533834,169,0.10902255639097744
YFR,2,hpc,266,60,0.5,0.1466165413533834,170,0.15037593984962405
YFR,2,hpc,266,60,0.5,0.1466165413533834,171,0.10150375939849623
YFR,2,hpc,266,60,0.5,0.1466165413533834,172,0.10526315789473684
YFR,2,hpc,266,60,0.5,0.1466165413533834,173,0.12030075187969924
YFR,2,hpc,266,60,0.5,0.1466165413533834,174,0.08270676691729323
YFR,2,hpc,266,60,0.5,0.1466165413533834,175,0.13157894736842105
YFR,2,hpc,266,60,0.5,0.1466165413533834,176,0.10150375939849623
YFR,2,hpc,266,60,0.5,0.1466165413533834,177,0.11278195488721804
YFR,2,hpc,266,60,0.5,0.1466165413533834,178,0.09398496240601503
YFR,2,hpc,266,60,0.5,0.1466165413533834,179,0.10902255639097744
YFR,2,hpc,266,60,0.5,0.1466165413533834,180,0.11278195488721804
YFR,2,hpc,266,60,0.5,0.1466165413533834,181,0.15037593984962405
YFR,2,hpc,266,60,0.5,0.1466165413533834,182,0.08270676691729323
YFR,2,hpc,266,60,0.5,0.1466165413533834,183,0.10526315789473684
YFR,2,hpc,266,60,0.5,0.1466165413533834,184,0.09398496240601503
YFR,2,hpc,266,60,0.5,0.1466165413533834,185,0.10150375939849623
YFR,2,hpc,266,60,0.5,0.1466165413533834,186,0.16165413533834586
YFR,2,hpc,266,60,0.5,0.1466165413533834,187,0.10902255639097744
YFR,2,hpc,266,60,0.5,0.1466165413533834,188,0.10902255639097744
YFR,2,hpc,266,60,0.5,0.1466165413533834,189,0.08646616541353383
YFR,2,hpc,266,60,0.5,0.1466165413533834,190,0.10150375939849623
YFR,2,hpc,266,60,0.5,0.1466165413533834,191,0.12781954887218044
YFR,2,hpc,266,60,0.5,0.1466165413533834,192,0.14661654135338345
YFR,2,hpc,266,60,0.5,0.1466165413533834,193,0.10150375939849623
YFR,2,hpc,266,60,0.5,0.1466165413533834,194,0.13909774436090225
YFR,2,hpc,266,60,0.5,0.1466165413533834,195,0.11654135338345864
YFR,2,hpc,266,60,0.5,0.1466165413533834,196,0.07518796992481203
YFR,2,hpc,266,60,0.5,0.1466165413533834,197,0.06015037593984962
YFR,2,hpc,266,60,0.5,0.1466165413533834,198,0.09022556390977443
YFR,2,hpc,266,60,0.5,0.1466165413533834,199,0.08646616541353383
YFR,2,hpc,266,60,0.5,0.1466165413533834,200,0.09398496240601503
YFP,37,hpc,158,75,0.2,0.1518987341772152,1,0.0949367088607595
YFP,37,hpc,158,75,0.2,0.1518987341772152,2,0.10759493670886076
YFP,37,hpc,158,75,0.2,0.1518987341772152,3,0.10759493670886076
YFP,37,hpc,158,75,0.2,0.1518987341772152,4,0.10126582278481013
YFP,37,hpc,158,75,0.2,0.1518987341772152,5,0.12025316455696203
YFP,37,hpc,158,75,0.2,0.1518987341772152,6,0.14556962025316456
YFP,37,hpc,158,75,0.2,0.1518987341772152,7,0.14556962025316456
YFP,37,hpc,158,75,0.2,0.1518987341772152,8,0.11392405063291139
YFP,37,hpc,158,75,0.2,0.1518987341772152,9,0.06962025316455696
YFP,37,hpc,158,75,0.2,0.1518987341772152,10,0.11392405063291139
YFP,37,hpc,158,75,0.2,0.1518987341772152,11,0.10759493670886076
YFP,37,hpc,158,75,0.2,0.1518987341772152,12,0.13291139240506328
YFP,37,hpc,158,75,0.2,0.1518987341772152,13,0.13291139240506328
YFP,37,hpc,158,75,0.2,0.1518987341772152,14,0.08227848101265822
YFP,37,hpc,158,75,0.2,0.1518987341772152,15,0.12025316455696203
YFP,37,hpc,158,75,0.2,0.1518987341772152,16,0.06329113924050633
YFP,37,hpc,158,75,0.2,0.1518987341772152,17,0.0949367088607595
YFP,37,hpc,158,75,0.2,0.1518987341772152,18,0.12025316455696203
YFP,37,hpc,158,75,0.2,0.1518987341772152,19,0.11392405063291139
YFP,37,hpc,158,75,0.2,0.1518987341772152,20,0.0949367088607595
YFP,37,hpc,158,75,0.2,0.1518987341772152,21,0.14556962025316456
YFP,37,hpc,158,75,0.2,0.1518987341772152,22,0.10126582278481013
YFP,37,hpc,158,75,0.2,0.1518987341772152,23,0.12658227848101267
YFP,37,hpc,158,75,0.2,0.1518987341772152,24,0.13924050632911392
YFP,37,hpc,158,75,0.2,0.1518987341772152,25,0.10759493670886076
YFP,37,hpc,158,75,0.2,0.1518987341772152,26,0.0949367088607595
YFP,37,hpc,158,75,0.2,0.1518987341772152,27,0.08860759493670886
YFP,37,hpc,158,75,0.2,0.1518987341772152,28,0.12025316455696203
YFP,37,hpc,158,75,0.2,0.1518987341772152,29,0.12025316455696203
YFP,37,hpc,158,75,0.2,0.1518987341772152,30,0.11392405063291139
YFP,37,hpc,158,75,0.2,0.1518987341772152,31,0.12658227848101267
YFP,37,hpc,158,75,0.2,0.1518987341772152,32,0.0949367088607595
YFP,37,hpc,158,75,0.2,0.1518987341772152,33,0.15822784810126583
YFP,37,hpc,158,75,0.2,0.1518987341772152,34,0.10759493670886076
YFP,37,hpc,158,75,0.2,0.1518987341772152,35,0.0949367088607595
YFP,37,hpc,158,75,0.2,0.1518987341772152,36,0.08860759493670886
YFP,37,hpc,158,75,0.2,0.1518987341772152,37,0.13924050632911392
YFP,37,hpc,158,75,0.2,0.1518987341772152,38,0.10759493670886076
YFP,37,hpc,158,75,0.2,0.1518987341772152,39,0.11392405063291139
YFP,37,hpc,158,75,0.2,0.1518987341772152,40,0.08227848101265822
YFP,37,hpc,158,75,0.2,0.1518987341772152,41,0.11392405063291139
YFP,37,hpc,158,75,0.2,0.1518987341772152,42,0.22151898734177214
YFP,37,hpc,158,75,0.2,0.1518987341772152,43,0.06329113924050633
YFP,37,hpc,158,75,0.2,0.1518987341772152,44,0.12025316455696203
YFP,37,hpc,158,75,0.2,0.1518987341772152,45,0.08860759493670886
YFP,37,hpc,158,75,0.2,0.1518987341772152,46,0.10759493670886076
YFP,37,hpc,158,75,0.2,0.1518987341772152,47,0.12025316455696203
YFP,37,hpc,158,75,0.2,0.1518987341772152,48,0.08227848101265822
YFP,37,hpc,158,75,0.2,0.1518987341772152,49,0.12658227848101267
YFP,37,hpc,158,75,0.2,0.1518987341772152,50,0.10759493670886076
YFP,37,hpc,158,75,0.2,0.1518987341772152,51,0.13924050632911392
YFP,37,hpc,158,75,0.2,0.1518987341772152,52,0.06962025316455696
YFP,37,hpc,158,75,0.2,0.1518987341772152,53,0.13924050632911392
YFP,37,hpc,158,75,0.2,0.1518987341772152,54,0.10126582278481013
YFP,37,hpc,158,75,0.2,0.1518987341772152,55,0.13924050632911392
YFP,37,hpc,158,75,0.2,0.1518987341772152,56,0.11392405063291139
YFP,37,hpc,158,75,0.2,0.1518987341772152,57,0.0949367088607595
YFP,37,hpc,158,75,0.2,0.1518987341772152,58,0.11392405063291139
YFP,37,hpc,158,75,0.2,0.1518987341772152,59,0.0949367088607595
YFP,37,hpc,158,75,0.2,0.1518987341772152,60,0.17721518987341772
YFP,37,hpc,158,75,0.2,0.1518987341772152,61,0.10759493670886076
YFP,37,hpc,158,75,0.2,0.1518987341772152,62,0.13924050632911392
YFP,37,hpc,158,75,0.2,0.1518987341772152,63,0.11392405063291139
YFP,37,hpc,158,75,0.2,0.1518987341772152,64,0.1518987341772152
YFP,37,hpc,158,75,0.2,0.1518987341772152,65,0.10759493670886076
YFP,37,hpc,158,75,0.2,0.1518987341772152,66,0.10126582278481013
YFP,37,hpc,158,75,0.2,0.1518987341772152,67,0.06962025316455696
YFP,37,hpc,158,75,0.2,0.1518987341772152,68,0.06329113924050633
YFP,37,hpc,158,75,0.2,0.1518987341772152,69,0.10759493670886076
YFP,37,hpc,158,75,0.2,0.1518987341772152,70,0.06329113924050633
YFP,37,hpc,158,75,0.2,0.1518987341772152,71,0.10759493670886076
YFP,37,hpc,158,75,0.2,0.1518987341772152,72,0.0759493670886076
YFP,37,hpc,158,75,0.2,0.1518987341772152,73,0.10759493670886076
YFP,37,hpc,158,75,0.2,0.1518987341772152,74,0.11392405063291139
YFP,37,hpc,158,75,0.2,0.1518987341772152,75,0.10759493670886076
YFP,37,hpc,158,75,0.2,0.1518987341772152,76,0.08860759493670886
YFP,37,hpc,158,75,0.2,0.1518987341772152,77,0.08860759493670886
YFP,37,hpc,158,75,0.2,0.1518987341772152,78,0.08227848101265822
YFP,37,hpc,158,75,0.2,0.1518987341772152,79,0.056962025316455694
YFP,37,hpc,158,75,0.2,0.1518987341772152,80,0.0759493670886076
YFP,37,hpc,158,75,0.2,0.1518987341772152,81,0.08860759493670886
YFP,37,hpc,158,75,0.2,0.1518987341772152,82,0.12658227848101267
YFP,37,hpc,158,75,0.2,0.1518987341772152,83,0.08227848101265822
YFP,37,hpc,158,75,0.2,0.1518987341772152,84,0.13924050632911392
YFP,37,hpc,158,75,0.2,0.1518987341772152,85,0.13291139240506328
YFP,37,hpc,158,75,0.2,0.1518987341772152,86,0.10126582278481013
YFP,37,hpc,158,75,0.2,0.1518987341772152,87,0.12025316455696203
YFP,37,hpc,158,75,0.2,0.1518987341772152,88,0.14556962025316456
YFP,37,hpc,158,75,0.2,0.1518987341772152,89,0.15822784810126583
YFP,37,hpc,158,75,0.2,0.1518987341772152,90,0.04430379746835443
YFP,37,hpc,158,75,0.2,0.1518987341772152,91,0.056962025316455694
YFP,37,hpc,158,75,0.2,0.1518987341772152,92,0.08860759493670886
YFP,37,hpc,158,75,0.2,0.1518987341772152,93,0.0949367088607595
YFP,37,hpc,158,75,0.2,0.1518987341772152,94,0.0949367088607595
YFP,37,hpc,158,75,0.2,0.1518987341772152,95,0.0949367088607595
YFP,37,hpc,158,75,0.2,0.1518987341772152,96,0.14556962025316456
YFP,37,hpc,158,75,0.2,0.1518987341772152,97,0.06962025316455696
YFP,37,hpc,158,75,0.2,0.1518987341772152,98,0.0759493670886076
YFP,37,hpc,158,75,0.2,0.1518987341772152,99,0.08860759493670886
YFP,37,hpc,158,75,0.2,0.1518987341772152,100,0.12025316455696203
YFP,37,hpc,158,75,0.2,0.1518987341772152,101,0.14556962025316456
YFP,37,hpc,158,75,0.2,0.1518987341772152,102,0.11392405063291139
YFP,37,hpc,158,75,0.2,0.1518987341772152,103,0.10759493670886076
YFP,37,hpc,158,75,0.2,0.1518987341772152,104,0.10126582278481013
YFP,37,hpc,158,75,0.2,0.1518987341772152,105,0.10126582278481013
YFP,37,hpc,158,75,0.2,0.1518987341772152,106,0.17088607594936708
YFP,37,hpc,158,75,0.2,0.1518987341772152,107,0.12658227848101267
YFP,37,hpc,158,75,0.2,0.1518987341772152,108,0.15822784810126583
YFP,37,hpc,158,75,0.2,0.1518987341772152,109,0.12025316455696203
YFP,37,hpc,158,75,0.2,0.1518987341772152,110,0.0949367088607595
YFP,37,hpc,158,75,0.2,0.1518987341772152,111,0.10126582278481013
YFP,37,hpc,158,75,0.2,0.1518987341772152,112,0.12658227848101267
YFP,37,hpc,158,75,0.2,0.1518987341772152,113,0.0949367088607595
YFP,37,hpc,158,75,0.2,0.1518987341772152,114,0.08860759493670886
YFP,37,hpc,158,75,0.2,0.1518987341772152,115,0.13924050632911392
YFP,37,hpc,158,75,0.2,0.1518987341772152,116,0.12025316455696203
YFP,37,hpc,158,75,0.2,0.1518987341772152,117,0.12025316455696203
YFP,37,hpc,158,75,0.2,0.1518987341772152,118,0.12025316455696203
YFP,37,hpc,158,75,0.2,0.1518987341772152,119,0.12025316455696203
YFP,37,hpc,158,75,0.2,0.1518987341772152,120,0.08860759493670886
YFP,37,hpc,158,75,0.2,0.1518987341772152,121,0.13291139240506328
YFP,37,hpc,158,75,0.2,0.1518987341772152,122,0.10126582278481013
YFP,37,hpc,158,75,0.2,0.1518987341772152,123,0.10126582278481013
YFP,37,hpc,158,75,0.2,0.1518987341772152,124,0.1518987341772152
YFP,37,hpc,158,75,0.2,0.1518987341772152,125,0.10759493670886076
YFP,37,hpc,158,75,0.2,0.1518987341772152,126,0.15822784810126583
YFP,37,hpc,158,75,0.2,0.1518987341772152,127,0.10759493670886076
YFP,37,hpc,158,75,0.2,0.1518987341772152,128,0.13924050632911392
YFP,37,hpc,158,75,0.2,0.1518987341772152,129,0.10126582278481013
YFP,37,hpc,158,75,0.2,0.1518987341772152,130,0.15822784810126583
YFP,37,hpc,158,75,0.2,0.1518987341772152,131,0.10126582278481013
YFP,37,hpc,158,75,0.2,0.1518987341772152,132,0.15822784810126583
YFP,37,hpc,158,75,0.2,0.1518987341772152,133,0.08860759493670886
YFP,37,hpc,158,75,0.2,0.1518987341772152,134,0.10759493670886076
YFP,37,hpc,158,75,0.2,0.1518987341772152,135,0.06962025316455696
YFP,37,hpc,158,75,0.2,0.1518987341772152,136,0.03164556962025317
YFP,37,hpc,158,75,0.2,0.1518987341772152,137,0.12658227848101267
YFP,37,hpc,158,75,0.2,0.1518987341772152,138,0.13924050632911392
YFP,37,hpc,158,75,0.2,0.1518987341772152,139,0.12025316455696203
YFP,37,hpc,158,75,0.2,0.1518987341772152,140,0.13924050632911392
YFP,37,hpc,158,75,0.2,0.1518987341772152,141,0.14556962025316456
YFP,37,hpc,158,75,0.2,0.1518987341772152,142,0.12658227848101267
YFP,37,hpc,158,75,0.2,0.1518987341772152,143,0.12025316455696203
YFP,37,hpc,158,75,0.2,0.1518987341772152,144,0.14556962025316456
YFP,37,hpc,158,75,0.2,0.1518987341772152,145,0.06329113924050633
YFP,37,hpc,158,75,0.2,0.1518987341772152,146,0.06329113924050633
YFP,37,hpc,158,75,0.2,0.1518987341772152,147,0.10759493670886076
YFP,37,hpc,158,75,0.2,0.1518987341772152,148,0.12025316455696203
YFP,37,hpc,158,75,0.2,0.1518987341772152,149,0.17721518987341772
YFP,37,hpc,158,75,0.2,0.1518987341772152,150,0.08227848101265822
YFP,37,hpc,158,75,0.2,0.1518987341772152,151,0.13291139240506328
YFP,37,hpc,158,75,0.2,0.1518987341772152,152,0.10126582278481013
YFP,37,hpc,158,75,0.2,0.1518987341772152,153,0.11392405063291139
YFP,37,hpc,158,75,0.2,0.1518987341772152,154,0.14556962025316456
YFP,37,hpc,158,75,0.2,0.1518987341772152,155,0.17088607594936708
YFP,37,hpc,158,75,0.2,0.1518987341772152,156,0.0949367088607595
YFP,37,hpc,158,75,0.2,0.1518987341772152,157,0.10126582278481013
YFP,37,hpc,158,75,0.2,0.1518987341772152,158,0.08860759493670886
YFP,37,hpc,158,75,0.2,0.1518987341772152,159,0.10126582278481013
YFP,37,hpc,158,75,0.2,0.1518987341772152,160,0.12025316455696203
YFP,37,hpc,158,75,0.2,0.1518987341772152,161,0.12025316455696203
YFP,37,hpc,158,75,0.2,0.1518987341772152,162,0.0949367088607595
YFP,37,hpc,158,75,0.2,0.1518987341772152,163,0.08860759493670886
YFP,37,hpc,158,75,0.2,0.1518987341772152,164,0.13924050632911392
YFP,37,hpc,158,75,0.2,0.1518987341772152,165,0.04430379746835443
YFP,37,hpc,158,75,0.2,0.1518987341772152,166,0.13291139240506328
YFP,37,hpc,158,75,0.2,0.1518987341772152,167,0.056962025316455694
YFP,37,hpc,158,75,0.2,0.1518987341772152,168,0.10759493670886076
YFP,37,hpc,158,75,0.2,0.1518987341772152,169,0.15822784810126583
YFP,37,hpc,158,75,0.2,0.1518987341772152,170,0.10126582278481013
YFP,37,hpc,158,75,0.2,0.1518987341772152,171,0.0949367088607595
YFP,37,hpc,158,75,0.2,0.1518987341772152,172,0.10126582278481013
YFP,37,hpc,158,75,0.2,0.1518987341772152,173,0.0949367088607595
YFP,37,hpc,158,75,0.2,0.1518987341772152,174,0.0759493670886076
YFP,37,hpc,158,75,0.2,0.1518987341772152,175,0.16455696202531644
YFP,37,hpc,158,75,0.2,0.1518987341772152,176,0.14556962025316456
YFP,37,hpc,158,75,0.2,0.1518987341772152,177,0.16455696202531644
YFP,37,hpc,158,75,0.2,0.1518987341772152,178,0.10759493670886076
YFP,37,hpc,158,75,0.2,0.1518987341772152,179,0.13924050632911392
YFP,37,hpc,158,75,0.2,0.1518987341772152,180,0.12025316455696203
YFP,37,hpc,158,75,0.2,0.1518987341772152,181,0.06329113924050633
YFP,37,hpc,158,75,0.2,0.1518987341772152,182,0.17088607594936708
YFP,37,hpc,158,75,0.2,0.1518987341772152,183,0.0759493670886076
YFP,37,hpc,158,75,0.2,0.1518987341772152,184,0.13291139240506328
YFP,37,hpc,158,75,0.2,0.1518987341772152,185,0.12025316455696203
YFP,37,hpc,158,75,0.2,0.1518987341772152,186,0.10759493670886076
YFP,37,hpc,158,75,0.2,0.1518987341772152,187,0.10126582278481013
YFP,37,hpc,158,75,0.2,0.1518987341772152,188,0.15822784810126583
YFP,37,hpc,158,75,0.2,0.1518987341772152,189,0.0949367088607595
YFP,37,hpc,158,75,0.2,0.1518987341772152,190,0.12658227848101267
YFP,37,hpc,158,75,0.2,0.1518987341772152,191,0.10126582278481013
YFP,37,hpc,158,75,0.2,0.1518987341772152,192,0.08860759493670886
YFP,37,hpc,158,75,0.2,0.1518987341772152,193,0.11392405063291139
YFP,37,hpc,158,75,0.2,0.1518987341772152,194,0.10759493670886076
YFP,37,hpc,158,75,0.2,0.1518987341772152,195,0.0949367088607595
YFP,37,hpc,158,75,0.2,0.1518987341772152,196,0.10759493670886076
YFP,37,hpc,158,75,0.2,0.1518987341772152,197,0.0949367088607595
YFP,37,hpc,158,75,0.2,0.1518987341772152,198,0.11392405063291139
YFP,37,hpc,158,75,0.2,0.1518987341772152,199,0.12025316455696203
YFP,37,hpc,158,75,0.2,0.1518987341772152,200,0.08227848101265822
YFI,3,hpc,104,90,0.2,0.1634615384615384,1,0.028846153846153848
YFI,3,hpc,104,90,0.2,0.1634615384615384,2,0.07692307692307693
YFI,3,hpc,104,90,0.2,0.1634615384615384,3,0.11538461538461539
YFI,3,hpc,104,90,0.2,0.1634615384615384,4,0.11538461538461539
YFI,3,hpc,104,90,0.2,0.1634615384615384,5,0.057692307692307696
YFI,3,hpc,104,90,0.2,0.1634615384615384,6,0.11538461538461539
YFI,3,hpc,104,90,0.2,0.1634615384615384,7,0.07692307692307693
YFI,3,hpc,104,90,0.2,0.1634615384615384,8,0.10576923076923077
YFI,3,hpc,104,90,0.2,0.1634615384615384,9,0.14423076923076922
YFI,3,hpc,104,90,0.2,0.1634615384615384,10,0.11538461538461539
YFI,3,hpc,104,90,0.2,0.1634615384615384,11,0.028846153846153848
YFI,3,hpc,104,90,0.2,0.1634615384615384,12,0.14423076923076922
YFI,3,hpc,104,90,0.2,0.1634615384615384,13,0.125
YFI,3,hpc,104,90,0.2,0.1634615384615384,14,0.07692307692307693
YFI,3,hpc,104,90,0.2,0.1634615384615384,15,0.07692307692307693
YFI,3,hpc,104,90,0.2,0.1634615384615384,16,0.10576923076923077
YFI,3,hpc,104,90,0.2,0.1634615384615384,17,0.15384615384615385
YFI,3,hpc,104,90,0.2,0.1634615384615384,18,0.07692307692307693
YFI,3,hpc,104,90,0.2,0.1634615384615384,19,0.10576923076923077
YFI,3,hpc,104,90,0.2,0.1634615384615384,20,0.07692307692307693
YFI,3,hpc,104,90,0.2,0.1634615384615384,21,0.07692307692307693
YFI,3,hpc,104,90,0.2,0.1634615384615384,22,0.07692307692307693
YFI,3,hpc,104,90,0.2,0.1634615384615384,23,0.0673076923076923
YFI,3,hpc,104,90,0.2,0.1634615384615384,24,0.08653846153846154
YFI,3,hpc,104,90,0.2,0.1634615384615384,25,0.08653846153846154
YFI,3,hpc,104,90,0.2,0.1634615384615384,26,0.125
YFI,3,hpc,104,90,0.2,0.1634615384615384,27,0.11538461538461539
YFI,3,hpc,104,90,0.2,0.1634615384615384,28,0.07692307692307693
YFI,3,hpc,104,90,0.2,0.1634615384615384,29,0.14423076923076922
YFI,3,hpc,104,90,0.2,0.1634615384615384,30,0.07692307692307693
YFI,3,hpc,104,90,0.2,0.1634615384615384,31,0.125
YFI,3,hpc,104,90,0.2,0.1634615384615384,32,0.1346153846153846
YFI,3,hpc,104,90,0.2,0.1634615384615384,33,0.10576923076923077
YFI,3,hpc,104,90,0.2,0.1634615384615384,34,0.10576923076923077
YFI,3,hpc,104,90,0.2,0.1634615384615384,35,0.08653846153846154
YFI,3,hpc,104,90,0.2,0.1634615384615384,36,0.08653846153846154
YFI,3,hpc,104,90,0.2,0.1634615384615384,37,0.04807692307692308
YFI,3,hpc,104,90,0.2,0.1634615384615384,38,0.08653846153846154
YFI,3,hpc,104,90,0.2,0.1634615384615384,39,0.10576923076923077
YFI,3,hpc,104,90,0.2,0.1634615384615384,40,0.1346153846153846
YFI,3,hpc,104,90,0.2,0.1634615384615384,41,0.14423076923076922
YFI,3,hpc,104,90,0.2,0.1634615384615384,42,0.08653846153846154
YFI,3,hpc,104,90,0.2,0.1634615384615384,43,0.07692307692307693
YFI,3,hpc,104,90,0.2,0.1634615384615384,44,0.14423076923076922
YFI,3,hpc,104,90,0.2,0.1634615384615384,45,0.16346153846153846
YFI,3,hpc,104,90,0.2,0.1634615384615384,46,0.14423076923076922
YFI,3,hpc,104,90,0.2,0.1634615384615384,47,0.14423076923076922
YFI,3,hpc,104,90,0.2,0.1634615384615384,48,0.11538461538461539
YFI,3,hpc,104,90,0.2,0.1634615384615384,49,0.057692307692307696
YFI,3,hpc,104,90,0.2,0.1634615384615384,50,0.19230769230769232
YFI,3,hpc,104,90,0.2,0.1634615384615384,51,0.125
YFI,3,hpc,104,90,0.2,0.1634615384615384,52,0.07692307692307693
YFI,3,hpc,104,90,0.2,0.1634615384615384,53,0.057692307692307696
YFI,3,hpc,104,90,0.2,0.1634615384615384,54,0.11538461538461539
YFI,3,hpc,104,90,0.2,0.1634615384615384,55,0.09615384615384616
YFI,3,hpc,104,90,0.2,0.1634615384615384,56,0.09615384615384616
YFI,3,hpc,104,90,0.2,0.1634615384615384,57,0.15384615384615385
YFI,3,hpc,104,90,0.2,0.1634615384615384,58,0.125
YFI,3,hpc,104,90,0.2,0.1634615384615384,59,0.08653846153846154
YFI,3,hpc,104,90,0.2,0.1634615384615384,60,0.125
YFI,3,hpc,104,90,0.2,0.1634615384615384,61,0.07692307692307693
YFI,3,hpc,104,90,0.2,0.1634615384615384,62,0.17307692307692307
YFI,3,hpc,104,90,0.2,0.1634615384615384,63,0.09615384615384616
YFI,3,hpc,104,90,0.2,0.1634615384615384,64,0.1346153846153846
YFI,3,hpc,104,90,0.2,0.1634615384615384,65,0.08653846153846154
YFI,3,hpc,104,90,0.2,0.1634615384615384,66,0.10576923076923077
YFI,3,hpc,104,90,0.2,0.1634615384615384,67,0.10576923076923077
YFI,3,hpc,104,90,0.2,0.1634615384615384,68,0.1346153846153846
YFI,3,hpc,104,90,0.2,0.1634615384615384,69,0.1346153846153846
YFI,3,hpc,104,90,0.2,0.1634615384615384,70,0.10576923076923077
YFI,3,hpc,104,90,0.2,0.1634615384615384,71,0.16346153846153846
YFI,3,hpc,104,90,0.2,0.1634615384615384,72,0.11538461538461539
YFI,3,hpc,104,90,0.2,0.1634615384615384,73,0.10576923076923077
YFI,3,hpc,104,90,0.2,0.1634615384615384,74,0.10576923076923077
YFI,3,hpc,104,90,0.2,0.1634615384615384,75,0.07692307692307693
YFI,3,hpc,104,90,0.2,0.1634615384615384,76,0.08653846153846154
YFI,3,hpc,104,90,0.2,0.1634615384615384,77,0.11538461538461539
YFI,3,hpc,104,90,0.2,0.1634615384615384,78,0.1346153846153846
YFI,3,hpc,104,90,0.2,0.1634615384615384,79,0.07692307692307693
YFI,3,hpc,104,90,0.2,0.1634615384615384,80,0.08653846153846154
YFI,3,hpc,104,90,0.2,0.1634615384615384,81,0.11538461538461539
YFI,3,hpc,104,90,0.2,0.1634615384615384,82,0.11538461538461539
YFI,3,hpc,104,90,0.2,0.1634615384615384,83,0.14423076923076922
YFI,3,hpc,104,90,0.2,0.1634615384615384,84,0.10576923076923077
YFI,3,hpc,104,90,0.2,0.1634615384615384,85,0.0673076923076923
YFI,3,hpc,104,90,0.2,0.1634615384615384,86,0.16346153846153846
YFI,3,hpc,104,90,0.2,0.1634615384615384,87,0.09615384615384616
YFI,3,hpc,104,90,0.2,0.1634615384615384,88,0.11538461538461539
YFI,3,hpc,104,90,0.2,0.1634615384615384,89,0.14423076923076922
YFI,3,hpc,104,90,0.2,0.1634615384615384,90,0.10576923076923077
YFI,3,hpc,104,90,0.2,0.1634615384615384,91,0.08653846153846154
YFI,3,hpc,104,90,0.2,0.1634615384615384,92,0.0673076923076923
YFI,3,hpc,104,90,0.2,0.1634615384615384,93,0.14423076923076922
YFI,3,hpc,104,90,0.2,0.1634615384615384,94,0.1346153846153846
YFI,3,hpc,104,90,0.2,0.1634615384615384,95,0.11538461538461539
YFI,3,hpc,104,90,0.2,0.1634615384615384,96,0.057692307692307696
YFI,3,hpc,104,90,0.2,0.1634615384615384,97,0.09615384615384616
YFI,3,hpc,104,90,0.2,0.1634615384615384,98,0.09615384615384616
YFI,3,hpc,104,90,0.2,0.1634615384615384,99,0.09615384615384616
YFI,3,hpc,104,90,0.2,0.1634615384615384,100,0.04807692307692308
YFI,3,hpc,104,90,0.2,0.1634615384615384,101,0.10576923076923077
YFI,3,hpc,104,90,0.2,0.1634615384615384,102,0.11538461538461539
YFI,3,hpc,104,90,0.2,0.1634615384615384,103,0.125
YFI,3,hpc,104,90,0.2,0.1634615384615384,104,0.15384615384615385
YFI,3,hpc,104,90,0.2,0.1634615384615384,105,0.11538461538461539
YFI,3,hpc,104,90,0.2,0.1634615384615384,106,0.1346153846153846
YFI,3,hpc,104,90,0.2,0.1634615384615384,107,0.20192307692307693
YFI,3,hpc,104,90,0.2,0.1634615384615384,108,0.14423076923076922
YFI,3,hpc,104,90,0.2,0.1634615384615384,109,0.125
YFI,3,hpc,104,90,0.2,0.1634615384615384,110,0.125
YFI,3,hpc,104,90,0.2,0.1634615384615384,111,0.038461538461538464
YFI,3,hpc,104,90,0.2,0.1634615384615384,112,0.08653846153846154
YFI,3,hpc,104,90,0.2,0.1634615384615384,113,0.125
YFI,3,hpc,104,90,0.2,0.1634615384615384,114,0.0673076923076923
YFI,3,hpc,104,90,0.2,0.1634615384615384,115,0.125
YFI,3,hpc,104,90,0.2,0.1634615384615384,116,0.16346153846153846
YFI,3,hpc,104,90,0.2,0.1634615384615384,117,0.07692307692307693
YFI,3,hpc,104,90,0.2,0.1634615384615384,118,0.1346153846153846
YFI,3,hpc,104,90,0.2,0.1634615384615384,119,0.07692307692307693
YFI,3,hpc,104,90,0.2,0.1634615384615384,120,0.10576923076923077
YFI,3,hpc,104,90,0.2,0.1634615384615384,121,0.1346153846153846
YFI,3,hpc,104,90,0.2,0.1634615384615384,122,0.10576923076923077
YFI,3,hpc,104,90,0.2,0.1634615384615384,123,0.07692307692307693
YFI,3,hpc,104,90,0.2,0.1634615384615384,124,0.10576923076923077
YFI,3,hpc,104,90,0.2,0.1634615384615384,125,0.07692307692307693
YFI,3,hpc,104,90,0.2,0.1634615384615384,126,0.07692307692307693
YFI,3,hpc,104,90,0.2,0.1634615384615384,127,0.10576923076923077
YFI,3,hpc,104,90,0.2,0.1634615384615384,128,0.14423076923076922
YFI,3,hpc,104,90,0.2,0.1634615384615384,129,0.04807692307692308
YFI,3,hpc,104,90,0.2,0.1634615384615384,130,0.11538461538461539
YFI,3,hpc,104,90,0.2,0.1634615384615384,131,0.11538461538461539
YFI,3,hpc,104,90,0.2,0.1634615384615384,132,0.15384615384615385
YFI,3,hpc,104,90,0.2,0.1634615384615384,133,0.0673076923076923
YFI,3,hpc,104,90,0.2,0.1634615384615384,134,0.10576923076923077
YFI,3,hpc,104,90,0.2,0.1634615384615384,135,0.057692307692307696
YFI,3,hpc,104,90,0.2,0.1634615384615384,136,0.14423076923076922
YFI,3,hpc,104,90,0.2,0.1634615384615384,137,0.0673076923076923
YFI,3,hpc,104,90,0.2,0.1634615384615384,138,0.07692307692307693
YFI,3,hpc,104,90,0.2,0.1634615384615384,139,0.10576923076923077
YFI,3,hpc,104,90,0.2,0.1634615384615384,140,0.15384615384615385
YFI,3,hpc,104,90,0.2,0.1634615384615384,141,0.07692307692307693
YFI,3,hpc,104,90,0.2,0.1634615384615384,142,0.125
YFI,3,hpc,104,90,0.2,0.1634615384615384,143,0.14423076923076922
YFI,3,hpc,104,90,0.2,0.1634615384615384,144,0.09615384615384616
YFI,3,hpc,104,90,0.2,0.1634615384615384,145,0.08653846153846154
YFI,3,hpc,104,90,0.2,0.1634615384615384,146,0.1346153846153846
YFI,3,hpc,104,90,0.2,0.1634615384615384,147,0.15384615384615385
YFI,3,hpc,104,90,0.2,0.1634615384615384,148,0.14423076923076922
YFI,3,hpc,104,90,0.2,0.1634615384615384,149,0.1346153846153846
YFI,3,hpc,104,90,0.2,0.1634615384615384,150,0.16346153846153846
YFI,3,hpc,104,90,0.2,0.1634615384615384,151,0.14423076923076922
YFI,3,hpc,104,90,0.2,0.1634615384615384,152,0.09615384615384616
YFI,3,hpc,104,90,0.2,0.1634615384615384,153,0.07692307692307693
YFI,3,hpc,104,90,0.2,0.1634615384615384,154,0.11538461538461539
YFI,3,hpc,104,90,0.2,0.1634615384615384,155,0.17307692307692307
YFI,3,hpc,104,90,0.2,0.1634615384615384,156,0.09615384615384616
YFI,3,hpc,104,90,0.2,0.1634615384615384,157,0.07692307692307693
YFI,3,hpc,104,90,0.2,0.1634615384615384,158,0.0673076923076923
YFI,3,hpc,104,90,0.2,0.1634615384615384,159,0.11538461538461539
YFI,3,hpc,104,90,0.2,0.1634615384615384,160,0.09615384615384616
YFI,3,hpc,104,90,0.2,0.1634615384615384,161,0.14423076923076922
YFI,3,hpc,104,90,0.2,0.1634615384615384,162,0.125
YFI,3,hpc,104,90,0.2,0.1634615384615384,163,0.11538461538461539
YFI,3,hpc,104,90,0.2,0.1634615384615384,164,0.125
YFI,3,hpc,104,90,0.2,0.1634615384615384,165,0.11538461538461539
YFI,3,hpc,104,90,0.2,0.1634615384615384,166,0.09615384615384616
YFI,3,hpc,104,90,0.2,0.1634615384615384,167,0.19230769230769232
YFI,3,hpc,104,90,0.2,0.1634615384615384,168,0.14423076923076922
YFI,3,hpc,104,90,0.2,0.1634615384615384,169,0.16346153846153846
YFI,3,hpc,104,90,0.2,0.1634615384615384,170,0.14423076923076922
YFI,3,hpc,104,90,0.2,0.1634615384615384,171,0.10576923076923077
YFI,3,hpc,104,90,0.2,0.1634615384615384,172,0.07692307692307693
YFI,3,hpc,104,90,0.2,0.1634615384615384,173,0.028846153846153848
YFI,3,hpc,104,90,0.2,0.1634615384615384,174,0.125
YFI,3,hpc,104,90,0.2,0.1634615384615384,175,0.14423076923076922
YFI,3,hpc,104,90,0.2,0.1634615384615384,176,0.25961538461538464
YFI,3,hpc,104,90,0.2,0.1634615384615384,177,0.17307692307692307
YFI,3,hpc,104,90,0.2,0.1634615384615384,178,0.1346153846153846
YFI,3,hpc,104,90,0.2,0.1634615384615384,179,0.0673076923076923
YFI,3,hpc,104,90,0.2,0.1634615384615384,180,0.11538461538461539
YFI,3,hpc,104,90,0.2,0.1634615384615384,181,0.16346153846153846
YFI,3,hpc,104,90,0.2,0.1634615384615384,182,0.11538461538461539
YFI,3,hpc,104,90,0.2,0.1634615384615384,183,0.11538461538461539
YFI,3,hpc,104,90,0.2,0.1634615384615384,184,0.0673076923076923
YFI,3,hpc,104,90,0.2,0.1634615384615384,185,0.16346153846153846
YFI,3,hpc,104,90,0.2,0.1634615384615384,186,0.1346153846153846
YFI,3,hpc,104,90,0.2,0.1634615384615384,187,0.10576923076923077
YFI,3,hpc,104,90,0.2,0.1634615384615384,188,0.07692307692307693
YFI,3,hpc,104,90,0.2,0.1634615384615384,189,0.14423076923076922
YFI,3,hpc,104,90,0.2,0.1634615384615384,190,0.11538461538461539
YFI,3,hpc,104,90,0.2,0.1634615384615384,191,0.09615384615384616
YFI,3,hpc,104,90,0.2,0.1634615384615384,192,0.15384615384615385
YFI,3,hpc,104,90,0.2,0.1634615384615384,193,0.10576923076923077
YFI,3,hpc,104,90,0.2,0.1634615384615384,194,0.14423076923076922
YFI,3,hpc,104,90,0.2,0.1634615384615384,195,0.125
YFI,3,hpc,104,90,0.2,0.1634615384615384,196,0.17307692307692307
YFI,3,hpc,104,90,0.2,0.1634615384615384,197,0.057692307692307696
YFI,3,hpc,104,90,0.2,0.1634615384615384,198,0.07692307692307693
YFI,3,hpc,104,90,0.2,0.1634615384615384,199,0.11538461538461539
YFI,3,hpc,104,90,0.2,0.1634615384615384,200,0.08653846153846154
YFJ,15,hpc,114,100,0.2,0.175438596491228,1,0.14912280701754385
YFJ,15,hpc,114,100,0.2,0.175438596491228,2,0.07894736842105263
YFJ,15,hpc,114,100,0.2,0.175438596491228,3,0.14035087719298245
YFJ,15,hpc,114,100,0.2,0.175438596491228,4,0.14035087719298245
YFJ,15,hpc,114,100,0.2,0.175438596491228,5,0.16666666666666666
YFJ,15,hpc,114,100,0.2,0.175438596491228,6,0.16666666666666666
YFJ,15,hpc,114,100,0.2,0.175438596491228,7,0.14912280701754385
YFJ,15,hpc,114,100,0.2,0.175438596491228,8,0.06140350877192982
YFJ,15,hpc,114,100,0.2,0.175438596491228,9,0.14035087719298245
YFJ,15,hpc,114,100,0.2,0.175438596491228,10,0.16666666666666666
YFJ,15,hpc,114,100,0.2,0.175438596491228,11,0.16666666666666666
YFJ,15,hpc,114,100,0.2,0.175438596491228,12,0.13157894736842105
YFJ,15,hpc,114,100,0.2,0.175438596491228,13,0.16666666666666666
YFJ,15,hpc,114,100,0.2,0.175438596491228,14,0.14035087719298245
YFJ,15,hpc,114,100,0.2,0.175438596491228,15,0.12280701754385964
YFJ,15,hpc,114,100,0.2,0.175438596491228,16,0.11403508771929824
YFJ,15,hpc,114,100,0.2,0.175438596491228,17,0.13157894736842105
YFJ,15,hpc,114,100,0.2,0.175438596491228,18,0.16666666666666666
YFJ,15,hpc,114,100,0.2,0.175438596491228,19,0.14912280701754385
YFJ,15,hpc,114,100,0.2,0.175438596491228,20,0.17543859649122806
YFJ,15,hpc,114,100,0.2,0.175438596491228,21,0.16666666666666666
YFJ,15,hpc,114,100,0.2,0.175438596491228,22,0.15789473684210525
YFJ,15,hpc,114,100,0.2,0.175438596491228,23,0.08771929824561403
YFJ,15,hpc,114,100,0.2,0.175438596491228,24,0.14912280701754385
YFJ,15,hpc,114,100,0.2,0.175438596491228,25,0.13157894736842105
YFJ,15,hpc,114,100,0.2,0.175438596491228,26,0.16666666666666666
YFJ,15,hpc,114,100,0.2,0.175438596491228,27,0.07894736842105263
YFJ,15,hpc,114,100,0.2,0.175438596491228,28,0.17543859649122806
YFJ,15,hpc,114,100,0.2,0.175438596491228,29,0.07017543859649122
YFJ,15,hpc,114,100,0.2,0.175438596491228,30,0.14912280701754385
YFJ,15,hpc,114,100,0.2,0.175438596491228,31,0.08771929824561403
YFJ,15,hpc,114,100,0.2,0.175438596491228,32,0.15789473684210525
YFJ,15,hpc,114,100,0.2,0.175438596491228,33,0.06140350877192982
YFJ,15,hpc,114,100,0.2,0.175438596491228,34,0.14035087719298245
YFJ,15,hpc,114,100,0.2,0.175438596491228,35,0.14912280701754385
YFJ,15,hpc,114,100,0.2,0.175438596491228,36,0.08771929824561403
YFJ,15,hpc,114,100,0.2,0.175438596491228,37,0.14912280701754385
YFJ,15,hpc,114,100,0.2,0.175438596491228,38,0.12280701754385964
YFJ,15,hpc,114,100,0.2,0.175438596491228,39,0.14912280701754385
YFJ,15,hpc,114,100,0.2,0.175438596491228,40,0.11403508771929824
YFJ,15,hpc,114,100,0.2,0.175438596491228,41,0.13157894736842105
YFJ,15,hpc,114,100,0.2,0.175438596491228,42,0.18421052631578946
YFJ,15,hpc,114,100,0.2,0.175438596491228,43,0.06140350877192982
YFJ,15,hpc,114,100,0.2,0.175438596491228,44,0.15789473684210525
YFJ,15,hpc,114,100,0.2,0.175438596491228,45,0.17543859649122806
YFJ,15,hpc,114,100,0.2,0.175438596491228,46,0.18421052631578946
YFJ,15,hpc,114,100,0.2,0.175438596491228,47,0.13157894736842105
YFJ,15,hpc,114,100,0.2,0.175438596491228,48,0.12280701754385964
YFJ,15,hpc,114,100,0.2,0.175438596491228,49,0.16666666666666666
YFJ,15,hpc,114,100,0.2,0.175438596491228,50,0.16666666666666666
YFJ,15,hpc,114,100,0.2,0.175438596491228,51,0.06140350877192982
YFJ,15,hpc,114,100,0.2,0.175438596491228,52,0.13157894736842105
YFJ,15,hpc,114,100,0.2,0.175438596491228,53,0.08771929824561403
YFJ,15,hpc,114,100,0.2,0.175438596491228,54,0.14912280701754385
YFJ,15,hpc,114,100,0.2,0.175438596491228,55,0.14912280701754385
YFJ,15,hpc,114,100,0.2,0.175438596491228,56,0.14912280701754385
YFJ,15,hpc,114,100,0.2,0.175438596491228,57,0.07894736842105263
YFJ,15,hpc,114,100,0.2,0.175438596491228,58,0.06140350877192982
YFJ,15,hpc,114,100,0.2,0.175438596491228,59,0.12280701754385964
YFJ,15,hpc,114,100,0.2,0.175438596491228,60,0.17543859649122806
YFJ,15,hpc,114,100,0.2,0.175438596491228,61,0.12280701754385964
YFJ,15,hpc,114,100,0.2,0.175438596491228,62,0.06140350877192982
YFJ,15,hpc,114,100,0.2,0.175438596491228,63,0.07894736842105263
YFJ,15,hpc,114,100,0.2,0.175438596491228,64,0.16666666666666666
YFJ,15,hpc,114,100,0.2,0.175438596491228,65,0.16666666666666666
YFJ,15,hpc,114,100,0.2,0.175438596491228,66,0.13157894736842105
YFJ,15,hpc,114,100,0.2,0.175438596491228,67,0.17543859649122806
YFJ,15,hpc,114,100,0.2,0.175438596491228,68,0.16666666666666666
YFJ,15,hpc,114,100,0.2,0.175438596491228,69,0.18421052631578946
YFJ,15,hpc,114,100,0.2,0.175438596491228,70,0.07894736842105263
YFJ,15,hpc,114,100,0.2,0.175438596491228,71,0.13157894736842105
YFJ,15,hpc,114,100,0.2,0.175438596491228,72,0.12280701754385964
YFJ,15,hpc,114,100,0.2,0.175438596491228,73,0.07894736842105263
YFJ,15,hpc,114,100,0.2,0.175438596491228,74,0.16666666666666666
YFJ,15,hpc,114,100,0.2,0.175438596491228,75,0.07894736842105263
YFJ,15,hpc,114,100,0.2,0.175438596491228,76,0.08771929824561403
YFJ,15,hpc,114,100,0.2,0.175438596491228,77,0.16666666666666666
YFJ,15,hpc,114,100,0.2,0.175438596491228,78,0.15789473684210525
YFJ,15,hpc,114,100,0.2,0.175438596491228,79,0.14035087719298245
YFJ,15,hpc,114,100,0.2,0.175438596491228,80,0.14912280701754385
YFJ,15,hpc,114,100,0.2,0.175438596491228,81,0.08771929824561403
YFJ,15,hpc,114,100,0.2,0.175438596491228,82,0.14912280701754385
YFJ,15,hpc,114,100,0.2,0.175438596491228,83,0.16666666666666666
YFJ,15,hpc,114,100,0.2,0.175438596491228,84,0.07017543859649122
YFJ,15,hpc,114,100,0.2,0.175438596491228,85,0.14912280701754385
YFJ,15,hpc,114,100,0.2,0.175438596491228,86,0.14912280701754385
YFJ,15,hpc,114,100,0.2,0.175438596491228,87,0.15789473684210525
YFJ,15,hpc,114,100,0.2,0.175438596491228,88,0.14912280701754385
YFJ,15,hpc,114,100,0.2,0.175438596491228,89,0.19298245614035087
YFJ,15,hpc,114,100,0.2,0.175438596491228,90,0.16666666666666666
YFJ,15,hpc,114,100,0.2,0.175438596491228,91,0.16666666666666666
YFJ,15,hpc,114,100,0.2,0.175438596491228,92,0.14035087719298245
YFJ,15,hpc,114,100,0.2,0.175438596491228,93,0.05263157894736842
YFJ,15,hpc,114,100,0.2,0.175438596491228,94,0.16666666666666666
YFJ,15,hpc,114,100,0.2,0.175438596491228,95,0.17543859649122806
YFJ,15,hpc,114,100,0.2,0.175438596491228,96,0.16666666666666666
YFJ,15,hpc,114,100,0.2,0.175438596491228,97,0.13157894736842105
YFJ,15,hpc,114,100,0.2,0.175438596491228,98,0.17543859649122806
YFJ,15,hpc,114,100,0.2,0.175438596491228,99,0.14912280701754385
YFJ,15,hpc,114,100,0.2,0.175438596491228,100,0.14035087719298245
YFJ,15,hpc,114,100,0.2,0.175438596491228,101,0.12280701754385964
YFJ,15,hpc,114,100,0.2,0.175438596491228,102,0.16666666666666666
YFJ,15,hpc,114,100,0.2,0.175438596491228,103,0.16666666666666666
YFJ,15,hpc,114,100,0.2,0.175438596491228,104,0.08771929824561403
YFJ,15,hpc,114,100,0.2,0.175438596491228,105,0.14912280701754385
YFJ,15,hpc,114,100,0.2,0.175438596491228,106,0.13157894736842105
YFJ,15,hpc,114,100,0.2,0.175438596491228,107,0.06140350877192982
YFJ,15,hpc,114,100,0.2,0.175438596491228,108,0.14912280701754385
YFJ,15,hpc,114,100,0.2,0.175438596491228,109,0.12280701754385964
YFJ,15,hpc,114,100,0.2,0.175438596491228,110,0.14912280701754385
YFJ,15,hpc,114,100,0.2,0.175438596491228,111,0.13157894736842105
YFJ,15,hpc,114,100,0.2,0.175438596491228,112,0.13157894736842105
YFJ,15,hpc,114,100,0.2,0.175438596491228,113,0.14035087719298245
YFJ,15,hpc,114,100,0.2,0.175438596491228,114,0.16666666666666666
YFJ,15,hpc,114,100,0.2,0.175438596491228,115,0.16666666666666666
YFJ,15,hpc,114,100,0.2,0.175438596491228,116,0.16666666666666666
YFJ,15,hpc,114,100,0.2,0.175438596491228,117,0.06140350877192982
YFJ,15,hpc,114,100,0.2,0.175438596491228,118,0.09649122807017543
YFJ,15,hpc,114,100,0.2,0.175438596491228,119,0.16666666666666666
YFJ,15,hpc,114,100,0.2,0.175438596491228,120,0.09649122807017543
YFJ,15,hpc,114,100,0.2,0.175438596491228,121,0.16666666666666666
YFJ,15,hpc,114,100,0.2,0.175438596491228,122,0.06140350877192982
YFJ,15,hpc,114,100,0.2,0.175438596491228,123,0.17543859649122806
YFJ,15,hpc,114,100,0.2,0.175438596491228,124,0.14035087719298245
YFJ,15,hpc,114,100,0.2,0.175438596491228,125,0.14912280701754385
YFJ,15,hpc,114,100,0.2,0.175438596491228,126,0.16666666666666666
YFJ,15,hpc,114,100,0.2,0.175438596491228,127,0.14912280701754385
YFJ,15,hpc,114,100,0.2,0.175438596491228,128,0.07894736842105263
YFJ,15,hpc,114,100,0.2,0.175438596491228,129,0.16666666666666666
YFJ,15,hpc,114,100,0.2,0.175438596491228,130,0.13157894736842105
YFJ,15,hpc,114,100,0.2,0.175438596491228,131,0.16666666666666666
YFJ,15,hpc,114,100,0.2,0.175438596491228,132,0.12280701754385964
YFJ,15,hpc,114,100,0.2,0.175438596491228,133,0.09649122807017543
YFJ,15,hpc,114,100,0.2,0.175438596491228,134,0.15789473684210525
YFJ,15,hpc,114,100,0.2,0.175438596491228,135,0.08771929824561403
YFJ,15,hpc,114,100,0.2,0.175438596491228,136,0.07017543859649122
YFJ,15,hpc,114,100,0.2,0.175438596491228,137,0.14912280701754385
YFJ,15,hpc,114,100,0.2,0.175438596491228,138,0.16666666666666666
YFJ,15,hpc,114,100,0.2,0.175438596491228,139,0.14912280701754385
YFJ,15,hpc,114,100,0.2,0.175438596491228,140,0.14912280701754385
YFJ,15,hpc,114,100,0.2,0.175438596491228,141,0.11403508771929824
YFJ,15,hpc,114,100,0.2,0.175438596491228,142,0.18421052631578946
YFJ,15,hpc,114,100,0.2,0.175438596491228,143,0.13157894736842105
YFJ,15,hpc,114,100,0.2,0.175438596491228,144,0.07894736842105263
YFJ,15,hpc,114,100,0.2,0.175438596491228,145,0.16666666666666666
YFJ,15,hpc,114,100,0.2,0.175438596491228,146,0.14912280701754385
YFJ,15,hpc,114,100,0.2,0.175438596491228,147,0.16666666666666666
YFJ,15,hpc,114,100,0.2,0.175438596491228,148,0.11403508771929824
YFJ,15,hpc,114,100,0.2,0.175438596491228,149,0.10526315789473684
YFJ,15,hpc,114,100,0.2,0.175438596491228,150,0.09649122807017543
YFJ,15,hpc,114,100,0.2,0.175438596491228,151,0.14912280701754385
YFJ,15,hpc,114,100,0.2,0.175438596491228,152,0.07894736842105263
YFJ,15,hpc,114,100,0.2,0.175438596491228,153,0.12280701754385964
YFJ,15,hpc,114,100,0.2,0.175438596491228,154,0.12280701754385964
YFJ,15,hpc,114,100,0.2,0.175438596491228,155,0.16666666666666666
YFJ,15,hpc,114,100,0.2,0.175438596491228,156,0.16666666666666666
YFJ,15,hpc,114,100,0.2,0.175438596491228,157,0.16666666666666666
YFJ,15,hpc,114,100,0.2,0.175438596491228,158,0.14912280701754385
YFJ,15,hpc,114,100,0.2,0.175438596491228,159,0.13157894736842105
YFJ,15,hpc,114,100,0.2,0.175438596491228,160,0.18421052631578946
YFJ,15,hpc,114,100,0.2,0.175438596491228,161,0.14912280701754385
YFJ,15,hpc,114,100,0.2,0.175438596491228,162,0.18421052631578946
YFJ,15,hpc,114,100,0.2,0.175438596491228,163,0.07894736842105263
YFJ,15,hpc,114,100,0.2,0.175438596491228,164,0.07894736842105263
YFJ,15,hpc,114,100,0.2,0.175438596491228,165,0.13157894736842105
YFJ,15,hpc,114,100,0.2,0.175438596491228,166,0.12280701754385964
YFJ,15,hpc,114,100,0.2,0.175438596491228,167,0.14035087719298245
YFJ,15,hpc,114,100,0.2,0.175438596491228,168,0.16666666666666666
YFJ,15,hpc,114,100,0.2,0.175438596491228,169,0.13157894736842105
YFJ,15,hpc,114,100,0.2,0.175438596491228,170,0.11403508771929824
YFJ,15,hpc,114,100,0.2,0.175438596491228,171,0.14912280701754385
YFJ,15,hpc,114,100,0.2,0.175438596491228,172,0.16666666666666666
YFJ,15,hpc,114,100,0.2,0.175438596491228,173,0.16666666666666666
YFJ,15,hpc,114,100,0.2,0.175438596491228,174,0.14912280701754385
YFJ,15,hpc,114,100,0.2,0.175438596491228,175,0.08771929824561403
YFJ,15,hpc,114,100,0.2,0.175438596491228,176,0.14912280701754385
YFJ,15,hpc,114,100,0.2,0.175438596491228,177,0.06140350877192982
YFJ,15,hpc,114,100,0.2,0.175438596491228,178,0.06140350877192982
YFJ,15,hpc,114,100,0.2,0.175438596491228,179,0.09649122807017543
YFJ,15,hpc,114,100,0.2,0.175438596491228,180,0.14035087719298245
YFJ,15,hpc,114,100,0.2,0.175438596491228,181,0.18421052631578946
YFJ,15,hpc,114,100,0.2,0.175438596491228,182,0.16666666666666666
YFJ,15,hpc,114,100,0.2,0.175438596491228,183,0.14035087719298245
YFJ,15,hpc,114,100,0.2,0.175438596491228,184,0.16666666666666666
YFJ,15,hpc,114,100,0.2,0.175438596491228,185,0.15789473684210525
YFJ,15,hpc,114,100,0.2,0.175438596491228,186,0.15789473684210525
YFJ,15,hpc,114,100,0.2,0.175438596491228,187,0.19298245614035087
YFJ,15,hpc,114,100,0.2,0.175438596491228,188,0.07017543859649122
YFJ,15,hpc,114,100,0.2,0.175438596491228,189,0.10526315789473684
YFJ,15,hpc,114,100,0.2,0.175438596491228,190,0.16666666666666666
YFJ,15,hpc,114,100,0.2,0.175438596491228,191,0.16666666666666666
YFJ,15,hpc,114,100,0.2,0.175438596491228,192,0.16666666666666666
YFJ,15,hpc,114,100,0.2,0.175438596491228,193,0.07894736842105263
YFJ,15,hpc,114,100,0.2,0.175438596491228,194,0.17543859649122806
YFJ,15,hpc,114,100,0.2,0.175438596491228,195,0.14912280701754385
YFJ,15,hpc,114,100,0.2,0.175438596491228,196,0.16666666666666666
YFJ,15,hpc,114,100,0.2,0.175438596491228,197,0.18421052631578946
YFJ,15,hpc,114,100,0.2,0.175438596491228,198,0.14912280701754385
YFJ,15,hpc,114,100,0.2,0.175438596491228,199,0.16666666666666666
YFJ,15,hpc,114,100,0.2,0.175438596491228,200,0.16666666666666666
YFJ,43,hpc,114,75,0.2,0.2017543859649122,1,0.07894736842105263
YFJ,43,hpc,114,75,0.2,0.2017543859649122,2,0.07894736842105263
YFJ,43,hpc,114,75,0.2,0.2017543859649122,3,0.11403508771929824
YFJ,43,hpc,114,75,0.2,0.2017543859649122,4,0.08771929824561403
YFJ,43,hpc,114,75,0.2,0.2017543859649122,5,0.10526315789473684
YFJ,43,hpc,114,75,0.2,0.2017543859649122,6,0.13157894736842105
YFJ,43,hpc,114,75,0.2,0.2017543859649122,7,0.08771929824561403
YFJ,43,hpc,114,75,0.2,0.2017543859649122,8,0.06140350877192982
YFJ,43,hpc,114,75,0.2,0.2017543859649122,9,0.16666666666666666
YFJ,43,hpc,114,75,0.2,0.2017543859649122,10,0.08771929824561403
YFJ,43,hpc,114,75,0.2,0.2017543859649122,11,0.07894736842105263
YFJ,43,hpc,114,75,0.2,0.2017543859649122,12,0.09649122807017543
YFJ,43,hpc,114,75,0.2,0.2017543859649122,13,0.06140350877192982
YFJ,43,hpc,114,75,0.2,0.2017543859649122,14,0.10526315789473684
YFJ,43,hpc,114,75,0.2,0.2017543859649122,15,0.08771929824561403
YFJ,43,hpc,114,75,0.2,0.2017543859649122,16,0.10526315789473684
YFJ,43,hpc,114,75,0.2,0.2017543859649122,17,0.09649122807017543
YFJ,43,hpc,114,75,0.2,0.2017543859649122,18,0.10526315789473684
YFJ,43,hpc,114,75,0.2,0.2017543859649122,19,0.11403508771929824
YFJ,43,hpc,114,75,0.2,0.2017543859649122,20,0.17543859649122806
YFJ,43,hpc,114,75,0.2,0.2017543859649122,21,0.10526315789473684
YFJ,43,hpc,114,75,0.2,0.2017543859649122,22,0.08771929824561403
YFJ,43,hpc,114,75,0.2,0.2017543859649122,23,0.10526315789473684
YFJ,43,hpc,114,75,0.2,0.2017543859649122,24,0.21929824561403508
YFJ,43,hpc,114,75,0.2,0.2017543859649122,25,0.13157894736842105
YFJ,43,hpc,114,75,0.2,0.2017543859649122,26,0.06140350877192982
YFJ,43,hpc,114,75,0.2,0.2017543859649122,27,0.15789473684210525
YFJ,43,hpc,114,75,0.2,0.2017543859649122,28,0.06140350877192982
YFJ,43,hpc,114,75,0.2,0.2017543859649122,29,0.14035087719298245
YFJ,43,hpc,114,75,0.2,0.2017543859649122,30,0.14035087719298245
YFJ,43,hpc,114,75,0.2,0.2017543859649122,31,0.14912280701754385
YFJ,43,hpc,114,75,0.2,0.2017543859649122,32,0.18421052631578946
YFJ,43,hpc,114,75,0.2,0.2017543859649122,33,0.12280701754385964
YFJ,43,hpc,114,75,0.2,0.2017543859649122,34,0.07894736842105263
YFJ,43,hpc,114,75,0.2,0.2017543859649122,35,0.09649122807017543
YFJ,43,hpc,114,75,0.2,0.2017543859649122,36,0.12280701754385964
YFJ,43,hpc,114,75,0.2,0.2017543859649122,37,0.11403508771929824
YFJ,43,hpc,114,75,0.2,0.2017543859649122,38,0.09649122807017543
YFJ,43,hpc,114,75,0.2,0.2017543859649122,39,0.20175438596491227
YFJ,43,hpc,114,75,0.2,0.2017543859649122,40,0.11403508771929824
YFJ,43,hpc,114,75,0.2,0.2017543859649122,41,0.13157894736842105
YFJ,43,hpc,114,75,0.2,0.2017543859649122,42,0.07017543859649122
YFJ,43,hpc,114,75,0.2,0.2017543859649122,43,0.09649122807017543
YFJ,43,hpc,114,75,0.2,0.2017543859649122,44,0.07894736842105263
YFJ,43,hpc,114,75,0.2,0.2017543859649122,45,0.16666666666666666
YFJ,43,hpc,114,75,0.2,0.2017543859649122,46,0.12280701754385964
YFJ,43,hpc,114,75,0.2,0.2017543859649122,47,0.17543859649122806
YFJ,43,hpc,114,75,0.2,0.2017543859649122,48,0.14035087719298245
YFJ,43,hpc,114,75,0.2,0.2017543859649122,49,0.14035087719298245
YFJ,43,hpc,114,75,0.2,0.2017543859649122,50,0.14912280701754385
YFJ,43,hpc,114,75,0.2,0.2017543859649122,51,0.07017543859649122
YFJ,43,hpc,114,75,0.2,0.2017543859649122,52,0.14912280701754385
YFJ,43,hpc,114,75,0.2,0.2017543859649122,53,0.14035087719298245
YFJ,43,hpc,114,75,0.2,0.2017543859649122,54,0.14912280701754385
YFJ,43,hpc,114,75,0.2,0.2017543859649122,55,0.14035087719298245
YFJ,43,hpc,114,75,0.2,0.2017543859649122,56,0.06140350877192982
YFJ,43,hpc,114,75,0.2,0.2017543859649122,57,0.08771929824561403
YFJ,43,hpc,114,75,0.2,0.2017543859649122,58,0.11403508771929824
YFJ,43,hpc,114,75,0.2,0.2017543859649122,59,0.11403508771929824
YFJ,43,hpc,114,75,0.2,0.2017543859649122,60,0.08771929824561403
YFJ,43,hpc,114,75,0.2,0.2017543859649122,61,0.13157894736842105
YFJ,43,hpc,114,75,0.2,0.2017543859649122,62,0.11403508771929824
YFJ,43,hpc,114,75,0.2,0.2017543859649122,63,0.13157894736842105
YFJ,43,hpc,114,75,0.2,0.2017543859649122,64,0.14912280701754385
YFJ,43,hpc,114,75,0.2,0.2017543859649122,65,0.13157894736842105
YFJ,43,hpc,114,75,0.2,0.2017543859649122,66,0.11403508771929824
YFJ,43,hpc,114,75,0.2,0.2017543859649122,67,0.11403508771929824
YFJ,43,hpc,114,75,0.2,0.2017543859649122,68,0.12280701754385964
YFJ,43,hpc,114,75,0.2,0.2017543859649122,69,0.08771929824561403
YFJ,43,hpc,114,75,0.2,0.2017543859649122,70,0.17543859649122806
YFJ,43,hpc,114,75,0.2,0.2017543859649122,71,0.08771929824561403
YFJ,43,hpc,114,75,0.2,0.2017543859649122,72,0.09649122807017543
YFJ,43,hpc,114,75,0.2,0.2017543859649122,73,0.12280701754385964
YFJ,43,hpc,114,75,0.2,0.2017543859649122,74,0.13157894736842105
YFJ,43,hpc,114,75,0.2,0.2017543859649122,75,0.07017543859649122
YFJ,43,hpc,114,75,0.2,0.2017543859649122,76,0.14912280701754385
YFJ,43,hpc,114,75,0.2,0.2017543859649122,77,0.11403508771929824
YFJ,43,hpc,114,75,0.2,0.2017543859649122,78,0.09649122807017543
YFJ,43,hpc,114,75,0.2,0.2017543859649122,79,0.12280701754385964
YFJ,43,hpc,114,75,0.2,0.2017543859649122,80,0.08771929824561403
YFJ,43,hpc,114,75,0.2,0.2017543859649122,81,0.08771929824561403
YFJ,43,hpc,114,75,0.2,0.2017543859649122,82,0.15789473684210525
YFJ,43,hpc,114,75,0.2,0.2017543859649122,83,0.09649122807017543
YFJ,43,hpc,114,75,0.2,0.2017543859649122,84,0.13157894736842105
YFJ,43,hpc,114,75,0.2,0.2017543859649122,85,0.09649122807017543
YFJ,43,hpc,114,75,0.2,0.2017543859649122,86,0.07017543859649122
YFJ,43,hpc,114,75,0.2,0.2017543859649122,87,0.05263157894736842
YFJ,43,hpc,114,75,0.2,0.2017543859649122,88,0.08771929824561403
YFJ,43,hpc,114,75,0.2,0.2017543859649122,89,0.17543859649122806
YFJ,43,hpc,114,75,0.2,0.2017543859649122,90,0.07017543859649122
YFJ,43,hpc,114,75,0.2,0.2017543859649122,91,0.08771929824561403
YFJ,43,hpc,114,75,0.2,0.2017543859649122,92,0.12280701754385964
YFJ,43,hpc,114,75,0.2,0.2017543859649122,93,0.16666666666666666
YFJ,43,hpc,114,75,0.2,0.2017543859649122,94,0.07017543859649122
YFJ,43,hpc,114,75,0.2,0.2017543859649122,95,0.13157894736842105
YFJ,43,hpc,114,75,0.2,0.2017543859649122,96,0.14035087719298245
YFJ,43,hpc,114,75,0.2,0.2017543859649122,97,0.09649122807017543
YFJ,43,hpc,114,75,0.2,0.2017543859649122,98,0.09649122807017543
YFJ,43,hpc,114,75,0.2,0.2017543859649122,99,0.05263157894736842
YFJ,43,hpc,114,75,0.2,0.2017543859649122,100,0.13157894736842105
YFJ,43,hpc,114,75,0.2,0.2017543859649122,101,0.13157894736842105
YFJ,43,hpc,114,75,0.2,0.2017543859649122,102,0.08771929824561403
YFJ,43,hpc,114,75,0.2,0.2017543859649122,103,0.10526315789473684
YFJ,43,hpc,114,75,0.2,0.2017543859649122,104,0.13157894736842105
YFJ,43,hpc,114,75,0.2,0.2017543859649122,105,0.13157894736842105
YFJ,43,hpc,114,75,0.2,0.2017543859649122,106,0.06140350877192982
YFJ,43,hpc,114,75,0.2,0.2017543859649122,107,0.07894736842105263
YFJ,43,hpc,114,75,0.2,0.2017543859649122,108,0.09649122807017543
YFJ,43,hpc,114,75,0.2,0.2017543859649122,109,0.09649122807017543
YFJ,43,hpc,114,75,0.2,0.2017543859649122,110,0.05263157894736842
YFJ,43,hpc,114,75,0.2,0.2017543859649122,111,0.10526315789473684
YFJ,43,hpc,114,75,0.2,0.2017543859649122,112,0.10526315789473684
YFJ,43,hpc,114,75,0.2,0.2017543859649122,113,0.06140350877192982
YFJ,43,hpc,114,75,0.2,0.2017543859649122,114,0.11403508771929824
YFJ,43,hpc,114,75,0.2,0.2017543859649122,115,0.11403508771929824
YFJ,43,hpc,114,75,0.2,0.2017543859649122,116,0.12280701754385964
YFJ,43,hpc,114,75,0.2,0.2017543859649122,117,0.11403508771929824
YFJ,43,hpc,114,75,0.2,0.2017543859649122,118,0.12280701754385964
YFJ,43,hpc,114,75,0.2,0.2017543859649122,119,0.08771929824561403
YFJ,43,hpc,114,75,0.2,0.2017543859649122,120,0.21052631578947367
YFJ,43,hpc,114,75,0.2,0.2017543859649122,121,0.14035087719298245
YFJ,43,hpc,114,75,0.2,0.2017543859649122,122,0.07894736842105263
YFJ,43,hpc,114,75,0.2,0.2017543859649122,123,0.07894736842105263
YFJ,43,hpc,114,75,0.2,0.2017543859649122,124,0.11403508771929824
YFJ,43,hpc,114,75,0.2,0.2017543859649122,125,0.14035087719298245
YFJ,43,hpc,114,75,0.2,0.2017543859649122,126,0.10526315789473684
YFJ,43,hpc,114,75,0.2,0.2017543859649122,127,0.18421052631578946
YFJ,43,hpc,114,75,0.2,0.2017543859649122,128,0.12280701754385964
YFJ,43,hpc,114,75,0.2,0.2017543859649122,129,0.08771929824561403
YFJ,43,hpc,114,75,0.2,0.2017543859649122,130,0.12280701754385964
YFJ,43,hpc,114,75,0.2,0.2017543859649122,131,0.10526315789473684
YFJ,43,hpc,114,75,0.2,0.2017543859649122,132,0.10526315789473684
YFJ,43,hpc,114,75,0.2,0.2017543859649122,133,0.07017543859649122
YFJ,43,hpc,114,75,0.2,0.2017543859649122,134,0.19298245614035087
YFJ,43,hpc,114,75,0.2,0.2017543859649122,135,0.11403508771929824
YFJ,43,hpc,114,75,0.2,0.2017543859649122,136,0.11403508771929824
YFJ,43,hpc,114,75,0.2,0.2017543859649122,137,0.14035087719298245
YFJ,43,hpc,114,75,0.2,0.2017543859649122,138,0.21052631578947367
YFJ,43,hpc,114,75,0.2,0.2017543859649122,139,0.10526315789473684
YFJ,43,hpc,114,75,0.2,0.2017543859649122,140,0.16666666666666666
YFJ,43,hpc,114,75,0.2,0.2017543859649122,141,0.09649122807017543
YFJ,43,hpc,114,75,0.2,0.2017543859649122,142,0.08771929824561403
YFJ,43,hpc,114,75,0.2,0.2017543859649122,143,0.07017543859649122
YFJ,43,hpc,114,75,0.2,0.2017543859649122,144,0.07894736842105263
YFJ,43,hpc,114,75,0.2,0.2017543859649122,145,0.11403508771929824
YFJ,43,hpc,114,75,0.2,0.2017543859649122,146,0.14035087719298245
YFJ,43,hpc,114,75,0.2,0.2017543859649122,147,0.07894736842105263
YFJ,43,hpc,114,75,0.2,0.2017543859649122,148,0.08771929824561403
YFJ,43,hpc,114,75,0.2,0.2017543859649122,149,0.14035087719298245
YFJ,43,hpc,114,75,0.2,0.2017543859649122,150,0.11403508771929824
YFJ,43,hpc,114,75,0.2,0.2017543859649122,151,0.06140350877192982
YFJ,43,hpc,114,75,0.2,0.2017543859649122,152,0.13157894736842105
YFJ,43,hpc,114,75,0.2,0.2017543859649122,153,0.13157894736842105
YFJ,43,hpc,114,75,0.2,0.2017543859649122,154,0.09649122807017543
YFJ,43,hpc,114,75,0.2,0.2017543859649122,155,0.13157894736842105
YFJ,43,hpc,114,75,0.2,0.2017543859649122,156,0.09649122807017543
YFJ,43,hpc,114,75,0.2,0.2017543859649122,157,0.11403508771929824
YFJ,43,hpc,114,75,0.2,0.2017543859649122,158,0.13157894736842105
YFJ,43,hpc,114,75,0.2,0.2017543859649122,159,0.11403508771929824
YFJ,43,hpc,114,75,0.2,0.2017543859649122,160,0.08771929824561403
YFJ,43,hpc,114,75,0.2,0.2017543859649122,161,0.12280701754385964
YFJ,43,hpc,114,75,0.2,0.2017543859649122,162,0.11403508771929824
YFJ,43,hpc,114,75,0.2,0.2017543859649122,163,0.09649122807017543
YFJ,43,hpc,114,75,0.2,0.2017543859649122,164,0.18421052631578946
YFJ,43,hpc,114,75,0.2,0.2017543859649122,165,0.13157894736842105
YFJ,43,hpc,114,75,0.2,0.2017543859649122,166,0.10526315789473684
YFJ,43,hpc,114,75,0.2,0.2017543859649122,167,0.08771929824561403
YFJ,43,hpc,114,75,0.2,0.2017543859649122,168,0.06140350877192982
YFJ,43,hpc,114,75,0.2,0.2017543859649122,169,0.12280701754385964
YFJ,43,hpc,114,75,0.2,0.2017543859649122,170,0.07894736842105263
YFJ,43,hpc,114,75,0.2,0.2017543859649122,171,0.12280701754385964
YFJ,43,hpc,114,75,0.2,0.2017543859649122,172,0.13157894736842105
YFJ,43,hpc,114,75,0.2,0.2017543859649122,173,0.10526315789473684
YFJ,43,hpc,114,75,0.2,0.2017543859649122,174,0.14912280701754385
YFJ,43,hpc,114,75,0.2,0.2017543859649122,175,0.08771929824561403
YFJ,43,hpc,114,75,0.2,0.2017543859649122,176,0.11403508771929824
YFJ,43,hpc,114,75,0.2,0.2017543859649122,177,0.08771929824561403
YFJ,43,hpc,114,75,0.2,0.2017543859649122,178,0.08771929824561403
YFJ,43,hpc,114,75,0.2,0.2017543859649122,179,0.07894736842105263
YFJ,43,hpc,114,75,0.2,0.2017543859649122,180,0.13157894736842105
YFJ,43,hpc,114,75,0.2,0.2017543859649122,181,0.12280701754385964
YFJ,43,hpc,114,75,0.2,0.2017543859649122,182,0.18421052631578946
YFJ,43,hpc,114,75,0.2,0.2017543859649122,183,0.09649122807017543
YFJ,43,hpc,114,75,0.2,0.2017543859649122,184,0.11403508771929824
YFJ,43,hpc,114,75,0.2,0.2017543859649122,185,0.05263157894736842
YFJ,43,hpc,114,75,0.2,0.2017543859649122,186,0.10526315789473684
YFJ,43,hpc,114,75,0.2,0.2017543859649122,187,0.13157894736842105
YFJ,43,hpc,114,75,0.2,0.2017543859649122,188,0.14035087719298245
YFJ,43,hpc,114,75,0.2,0.2017543859649122,189,0.12280701754385964
YFJ,43,hpc,114,75,0.2,0.2017543859649122,190,0.09649122807017543
YFJ,43,hpc,114,75,0.2,0.2017543859649122,191,0.11403508771929824
YFJ,43,hpc,114,75,0.2,0.2017543859649122,192,0.07894736842105263
YFJ,43,hpc,114,75,0.2,0.2017543859649122,193,0.16666666666666666
YFJ,43,hpc,114,75,0.2,0.2017543859649122,194,0.07017543859649122
YFJ,43,hpc,114,75,0.2,0.2017543859649122,195,0.14035087719298245
YFJ,43,hpc,114,75,0.2,0.2017543859649122,196,0.12280701754385964
YFJ,43,hpc,114,75,0.2,0.2017543859649122,197,0.13157894736842105
YFJ,43,hpc,114,75,0.2,0.2017543859649122,198,0.09649122807017543
YFJ,43,hpc,114,75,0.2,0.2017543859649122,199,0.08771929824561403
YFJ,43,hpc,114,75,0.2,0.2017543859649122,200,0.09649122807017543
