subject,neuron_1,neuron_2,n_presentations,min_class_count,n_splits,FR_accuracy,FR_best_gamma,FR_null_mean,FR_null_sd,FR_p,FR_coding,TC_accuracy,TC_best_bin_ms,TC_best_gamma,TC_null_mean,TC_null_sd,TC_p,TC_coding,TC_minus_FR
YFF,9,10,109,7,7,0.12844036697247707,0.2,0.10990825688073395,0.03340240781979138,0.3582089552238806,False,0.21100917431192662,100,0.2,0.11623853211009177,0.03371936347434648,0.004975124378109453,True,0.08256880733944955
YFF,9,11,109,7,7,0.07339449541284404,0.5,0.10720183486238533,0.03236857309926599,0.8805970149253731,False,0.1834862385321101,60,0.8,0.11376146788990826,0.03325062059645868,0.024875621890547265,True,0.11009174311926606
YFF,9,12,109,7,7,0.11009174311926606,0.5,0.11087155963302753,0.0371870123109588,0.5671641791044776,False,0.11926605504587157,60,0.2,0.12050458715596331,0.03769423328580935,0.5124378109452736,False,0.009174311926605505
YFF,9,13,109,7,7,0.07339449541284404,0.8,0.10894495412844037,0.03187294290397988,0.900497512437811,False,0.1559633027522936,60,0.2,0.11738532110091743,0.035755013277808334,0.15920398009950248,False,0.08256880733944955
YFF,9,14,109,7,7,0.11926605504587157,0.5,0.10587155963302752,0.034935828630436115,0.3880597014925373,False,0.1651376146788991,60,0.8,0.11545871559633028,0.03600233543349418,0.11940298507462686,False,0.045871559633027525
YFF,9,15,109,7,7,0.10091743119266056,0.2,0.10486238532110093,0.033548339800322166,0.5621890547263682,False,0.1559633027522936,60,0.8,0.11779816513761468,0.034736712648482854,0.15920398009950248,False,0.05504587155963303
YFF,9,16,109,7,7,0.10091743119266056,0.8,0.10798165137614678,0.03447111241747153,0.6119402985074627,False,0.13761467889908258,60,0.5,0.11288990825688075,0.03418140054497283,0.25870646766169153,False,0.03669724770642202
YFF,9,17,109,7,7,0.11926605504587157,0.5,0.11027522935779817,0.03385518559444966,0.4527363184079602,False,0.13761467889908258,100,0.8,0.10944954128440366,0.034321094022453716,0.2537313432835821,False,0.01834862385321101
YFF,9,27,109,7,7,0.07339449541284404,0.5,0.1098165137614679,0.03295560223616938,0.900497512437811,False,0.1559633027522936,75,0.2,0.11509174311926605,0.035571187450114644,0.16417910447761194,False,0.08256880733944955
YFF,9,28,109,7,7,0.11926605504587157,0.5,0.10646788990825687,0.0315254976949368,0.3880597014925373,False,0.1651376146788991,180,0.2,0.10844036697247705,0.03429952118035189,0.06467661691542288,False,0.045871559633027525
YFF,9,29,109,7,7,0.12844036697247707,0.5,0.11201834862385322,0.03169532633941864,0.3283582089552239,False,0.1651376146788991,180,0.8,0.11403669724770645,0.033649047232955226,0.06965174129353234,False,0.03669724770642202
YFF,9,30,109,7,7,0.11926605504587157,0.8,0.10720183486238533,0.032615898052345306,0.4228855721393035,False,0.1559633027522936,180,0.5,0.11100917431192661,0.03438868328793705,0.13930348258706468,False,0.03669724770642202
YFF,9,31,109,7,7,0.09174311926605505,0.8,0.10756880733944954,0.03264648759480375,0.7213930348258707,False,0.1743119266055046,100,0.2,0.11380733944954129,0.03484196704369931,0.05970149253731343,False,0.08256880733944955
YFF,9,32,109,7,7,0.11926605504587157,0.2,0.1051376146788991,0.03296753576811157,0.3880597014925373,False,0.1651376146788991,180,0.2,0.1113302752293578,0.03432315814062309,0.06965174129353234,False,0.045871559633027525
YFF,9,33,109,7,7,0.1834862385321101,0.2,0.1058256880733945,0.03436256822877664,0.01990049751243781,True,0.1834862385321101,900,0.2,0.1058256880733945,0.03436256822877664,0.01990049751243781,True,0.0
YFF,9,34,109,7,7,0.11009174311926606,0.5,0.10894495412844037,0.03151261543817227,0.5472636815920398,False,0.1926605504587156,180,0.5,0.11238532110091742,0.03515198944546379,0.01990049751243781,True,0.08256880733944955
YFF,9,35,109,7,7,0.10091743119266056,0.2,0.10977064220183486,0.0317724631281652,0.6567164179104478,False,0.1651376146788991,75,0.8,0.11646788990825689,0.034721580652651914,0.09950248756218906,False,0.06422018348623854
YFF,9,36,109,7,7,0.11009174311926606,0.2,0.11270642201834864,0.03335701391355543,0.6069651741293532,False,0.2018348623853211,150,0.2,0.11357798165137617,0.031224373501193208,0.004975124378109453,True,0.09174311926605505
YFF,9,37,109,7,7,0.10091743119266056,0.2,0.10729357798165137,0.03224577325771881,0.6318407960199005,False,0.14678899082568808,180,0.2,0.10940366972477066,0.03479143118332138,0.15920398009950248,False,0.045871559633027525
YFF,9,38,109,7,7,0.10091743119266056,0.5,0.10926605504587156,0.031448831078569064,0.6766169154228856,False,0.1651376146788991,300,0.5,0.11288990825688072,0.03630556612928395,0.0845771144278607,False,0.06422018348623854
YFF,9,39,109,7,7,0.1559633027522936,0.5,0.10958715596330276,0.037146272066773046,0.14925373134328357,False,0.1926605504587156,300,0.8,0.10903669724770643,0.03109702163027598,0.014925373134328358,True,0.03669724770642202
YFF,9,40,109,7,7,0.11926605504587157,0.2,0.11,0.0334786750438502,0.4427860696517413,False,0.1651376146788991,450,0.5,0.10692660550458716,0.034000262703656955,0.04975124378109453,True,0.045871559633027525
YFF,9,41,109,7,7,0.027522935779816515,0.2,0.10784403669724771,0.03372422368361084,0.9900497512437811,False,0.22018348623853212,60,0.2,0.11853211009174312,0.03825869879276217,0.01990049751243781,True,0.1926605504587156
YFF,9,42,109,7,7,0.12844036697247707,0.8,0.10665137614678899,0.03387363905725833,0.3034825870646766,False,0.1926605504587156,180,0.2,0.11261467889908257,0.0342646986492223,0.024875621890547265,True,0.06422018348623854
YFF,9,43,109,7,7,0.10091743119266056,0.5,0.10761467889908256,0.03317051400019198,0.5920398009950248,False,0.11926605504587157,60,0.8,0.11798165137614677,0.03789971288744949,0.5074626865671642,False,0.01834862385321101
YFF,9,44,109,7,7,0.09174311926605505,0.2,0.10825688073394497,0.03008526564349094,0.7562189054726368,False,0.1651376146788991,180,0.8,0.11050458715596331,0.03485653107989081,0.1044776119402985,False,0.07339449541284404
YFF,9,45,109,7,7,0.10091743119266056,0.8,0.10844036697247708,0.03584318030596267,0.6169154228855721,False,0.14678899082568808,225,0.5,0.11137614678899084,0.03645487244865541,0.208955223880597,False,0.045871559633027525
YFF,9,46,109,7,7,0.09174311926605505,0.2,0.10963302752293579,0.0350193854461113,0.7213930348258707,False,0.12844036697247707,180,0.2,0.11339449541284403,0.033980882269411775,0.3482587064676617,False,0.03669724770642202
YFF,9,47,109,7,7,0.13761467889908258,0.8,0.10532110091743122,0.032425787932536546,0.19402985074626866,False,0.1651376146788991,75,0.2,0.11316513761467892,0.03388412588507829,0.09950248756218906,False,0.027522935779816515
YFF,9,48,109,7,7,0.12844036697247707,0.2,0.10495412844036699,0.03323331661260912,0.31343283582089554,False,0.14678899082568808,100,0.2,0.11339449541284403,0.037155863699381175,0.19402985074626866,False,0.01834862385321101
YFF,9,49,109,7,7,0.10091743119266056,0.2,0.11064220183486238,0.03561684691297611,0.6517412935323383,False,0.12844036697247707,90,0.8,0.1126605504587156,0.03483058465314023,0.29850746268656714,False,0.027522935779816515
YFF,9,50,109,7,7,0.12844036697247707,0.2,0.10559633027522936,0.0353109360439009,0.26865671641791045,False,0.2018348623853211,180,0.2,0.11110091743119266,0.034533386914203684,0.014925373134328358,True,0.07339449541284404
YFF,9,51,109,7,7,0.1651376146788991,0.8,0.11146788990825689,0.03366462991800825,0.08955223880597014,False,0.22018348623853212,90,0.5,0.11422018348623855,0.033094431226004514,0.009950248756218905,True,0.05504587155963303
YFF,9,52,109,7,7,0.09174311926605505,0.2,0.1051834862385321,0.033198140128130486,0.7114427860696517,False,0.1559633027522936,75,0.5,0.11192660550458716,0.03588139241108819,0.13432835820895522,False,0.06422018348623854
YFF,9,53,109,7,7,0.08256880733944955,0.8,0.1060091743119266,0.034824967970076705,0.7910447761194029,False,0.1834862385321101,60,0.8,0.12027522935779818,0.03680990958468394,0.05970149253731343,False,0.10091743119266056
YFF,9,54,109,7,7,0.11009174311926606,0.8,0.10655963302752294,0.034556496726732555,0.4925373134328358,False,0.13761467889908258,60,0.2,0.1143119266055046,0.03860514558533722,0.26865671641791045,False,0.027522935779816515
YFF,10,11,109,7,7,0.08256880733944955,0.2,0.1088073394495413,0.03230922793785651,0.845771144278607,False,0.1834862385321101,100,0.8,0.11944954128440367,0.03557311958363507,0.05472636815920398,False,0.10091743119266056
YFF,10,12,109,7,7,0.07339449541284404,0.2,0.10720183486238533,0.03397512511595688,0.8905472636815921,False,0.12844036697247707,90,0.2,0.11788990825688073,0.03474048700840231,0.39800995024875624,False,0.05504587155963303
YFF,10,13,109,7,7,0.11009174311926606,0.8,0.10811926605504589,0.03459564100512934,0.527363184079602,False,0.2018348623853211,100,0.5,0.11463302752293579,0.035751464328527285,0.014925373134328358,True,0.09174311926605505
YFF,10,14,109,7,7,0.14678899082568808,0.5,0.10995412844036698,0.03493143970532273,0.17412935323383086,False,0.1926605504587156,90,0.2,0.1136697247706422,0.034740973992716556,0.01990049751243781,True,0.045871559633027525
YFF,10,15,109,7,7,0.09174311926605505,0.2,0.10366972477064222,0.03424077428719135,0.6915422885572139,False,0.1651376146788991,75,0.8,0.11761467889908257,0.037038658954743564,0.13930348258706468,False,0.07339449541284404
YFF,10,16,109,7,7,0.11926605504587157,0.2,0.10651376146788992,0.03313326037650529,0.35323383084577115,False,0.12844036697247707,300,0.5,0.10761467889908256,0.033449858130316534,0.3034825870646766,False,0.009174311926605505
YFF,10,17,109,7,7,0.13761467889908258,0.2,0.11004587155963304,0.032012767673430226,0.21393034825870647,False,0.1834862385321101,90,0.2,0.11821100917431193,0.036340266130009354,0.04477611940298507,True,0.045871559633027525
YFF,10,27,109,7,7,0.09174311926605505,0.2,0.10876146788990827,0.033025954147529075,0.736318407960199,False,0.1834862385321101,100,0.8,0.11302752293577982,0.03529620001588081,0.04975124378109453,True,0.09174311926605505
YFF,10,28,109,7,7,0.11009174311926606,0.2,0.10610091743119267,0.033460825385293415,0.5074626865671642,False,0.1743119266055046,100,0.5,0.11155963302752295,0.034516848550900224,0.06965174129353234,False,0.06422018348623854
YFF,10,29,109,7,7,0.11926605504587157,0.5,0.1098165137614679,0.029844038178239468,0.4228855721393035,False,0.14678899082568808,180,0.2,0.10848623853211009,0.034147231701600465,0.13930348258706468,False,0.027522935779816515
YFF,10,30,109,7,7,0.11926605504587157,0.5,0.10733944954128441,0.03186049982604951,0.3781094527363184,False,0.1651376146788991,100,0.5,0.11302752293577982,0.03656747141909018,0.12437810945273632,False,0.045871559633027525
YFF,10,31,109,7,7,0.10091743119266056,0.2,0.10788990825688075,0.03664234517346662,0.5970149253731343,False,0.1559633027522936,100,0.2,0.1148165137614679,0.03379288160762176,0.1691542288557214,False,0.05504587155963303
YFF,10,32,109,7,7,0.12844036697247707,0.8,0.10591743119266056,0.03308225580783401,0.30845771144278605,False,0.1743119266055046,100,0.5,0.11311926605504588,0.0355986733239413,0.07462686567164178,False,0.045871559633027525
YFF,10,33,109,7,7,0.1559633027522936,0.2,0.11036697247706423,0.0357385964331023,0.09950248756218906,False,0.1834862385321101,90,0.2,0.11389908256880733,0.0351222273017237,0.03482587064676617,True,0.027522935779816515
YFF,10,34,109,7,7,0.1559633027522936,0.8,0.10944954128440369,0.032315380044564294,0.12437810945273632,False,0.1926605504587156,180,0.8,0.11146788990825689,0.03443477456085177,0.01990049751243781,True,0.03669724770642202
YFF,10,35,109,7,7,0.07339449541284404,0.2,0.10628440366972476,0.031503755830965485,0.9104477611940298,False,0.1926605504587156,90,0.8,0.11637614678899083,0.03529401304853044,0.04477611940298507,True,0.11926605504587157
YFF,10,36,109,7,7,0.13761467889908258,0.2,0.10958715596330276,0.03406985408461748,0.24875621890547264,False,0.2018348623853211,90,0.5,0.11344036697247707,0.03485507495011993,0.01990049751243781,True,0.06422018348623854
YFF,10,37,109,7,7,0.12844036697247707,0.2,0.10642201834862387,0.030738916006669347,0.2835820895522388,False,0.1743119266055046,100,0.5,0.1129816513761468,0.035065582496108354,0.05472636815920398,False,0.045871559633027525
YFF,10,38,109,7,7,0.13761467889908258,0.5,0.10977064220183486,0.033722718661420244,0.263681592039801,False,0.13761467889908258,100,0.8,0.11655963302752294,0.032253642254988765,0.2835820895522388,False,0.0
YFF,10,39,109,7,7,0.11926605504587157,0.2,0.11032110091743119,0.03448003756507548,0.44776119402985076,False,0.1743119266055046,180,0.5,0.11087155963302753,0.03563035231548,0.07462686567164178,False,0.05504587155963303
YFF,10,40,109,7,7,0.12844036697247707,0.8,0.10701834862385322,0.03194372624333531,0.30845771144278605,False,0.1651376146788991,90,0.2,0.11568807339449542,0.03438610034991519,0.0945273631840796,False,0.03669724770642202
YFF,10,41,109,7,7,0.08256880733944955,0.2,0.10761467889908256,0.03373942691245135,0.8009950248756219,False,0.1926605504587156,100,0.2,0.11655963302752294,0.0366718539681662,0.03980099502487562,True,0.11009174311926606
YFF,10,42,109,7,7,0.10091743119266056,0.5,0.10674311926605505,0.03326559526799627,0.5771144278606966,False,0.1559633027522936,90,0.8,0.11307339449541284,0.035262361745658395,0.12935323383084577,False,0.05504587155963303
YFF,10,43,109,7,7,0.08256880733944955,0.2,0.1124770642201835,0.033670785604014826,0.845771144278607,False,0.1651376146788991,100,0.5,0.11885321100917434,0.037813209098542994,0.15422885572139303,False,0.08256880733944955
YFF,10,44,109,7,7,0.12844036697247707,0.5,0.10779816513761467,0.03304327072202231,0.2935323383084577,False,0.1651376146788991,100,0.2,0.11233944954128441,0.03567448373302191,0.08955223880597014,False,0.03669724770642202
YFF,10,45,109,7,7,0.10091743119266056,0.2,0.10688073394495413,0.03286358176515848,0.6417910447761194,False,0.1559633027522936,100,0.2,0.1161467889908257,0.03441868035759087,0.14427860696517414,False,0.05504587155963303
YFF,10,46,109,7,7,0.10091743119266056,0.5,0.1071559633027523,0.03338720947774004,0.6467661691542289,False,0.14678899082568808,90,0.5,0.11426605504587158,0.03261875083230497,0.17412935323383086,False,0.045871559633027525
YFF,10,47,109,7,7,0.12844036697247707,0.2,0.10674311926605506,0.03392030549191222,0.2885572139303483,False,0.14678899082568808,100,0.8,0.11545871559633028,0.035671875329433285,0.1890547263681592,False,0.01834862385321101
YFF,10,48,109,7,7,0.11926605504587157,0.8,0.10600917431192661,0.0306796582683876,0.3681592039800995,False,0.1651376146788991,90,0.8,0.11261467889908258,0.034535193403590306,0.0945273631840796,False,0.045871559633027525
YFF,10,49,109,7,7,0.12844036697247707,0.8,0.11201834862385322,0.03388802640649624,0.38308457711442784,False,0.14678899082568808,100,0.8,0.1171559633027523,0.037243070945160286,0.2537313432835821,False,0.01834862385321101
YFF,10,50,109,7,7,0.1559633027522936,0.2,0.10628440366972476,0.03331768385785721,0.0945273631840796,False,0.1559633027522936,900,0.2,0.10628440366972476,0.03331768385785721,0.0945273631840796,False,0.0
YFF,10,51,109,7,7,0.13761467889908258,0.2,0.10977064220183486,0.031004395968882326,0.21890547263681592,False,0.2018348623853211,90,0.2,0.11577981651376147,0.03848136439944566,0.024875621890547265,True,0.06422018348623854
YFF,10,52,109,7,7,0.08256880733944955,0.2,0.10238532110091743,0.03296240359569258,0.7512437810945274,False,0.1834862385321101,100,0.2,0.11536697247706425,0.0327564250701436,0.03980099502487562,True,0.10091743119266056
YFF,10,53,109,7,7,0.09174311926605505,0.2,0.10958715596330276,0.03315122261480281,0.7213930348258707,False,0.1651376146788991,90,0.2,0.11495412844036697,0.03409110701394192,0.0845771144278607,False,0.07339449541284404
YFF,10,54,109,7,7,0.10091743119266056,0.2,0.10532110091743122,0.0324127415302202,0.5870646766169154,False,0.1651376146788991,90,0.8,0.11215596330275229,0.03413484324472307,0.0945273631840796,False,0.06422018348623854
YFF,11,12,109,7,7,0.11926605504587157,0.5,0.10876146788990824,0.03585070210997434,0.4129353233830846,False,0.1743119266055046,450,0.2,0.10678899082568809,0.03534745009751654,0.05472636815920398,False,0.05504587155963303
YFF,11,13,109,7,7,0.08256880733944955,0.2,0.11018348623853211,0.03410450351112429,0.8109452736318408,False,0.1743119266055046,75,0.5,0.11876146788990827,0.03479459182494371,0.07462686567164178,False,0.09174311926605505
YFF,11,14,109,7,7,0.09174311926605505,0.8,0.10555045871559635,0.034054953617615756,0.6766169154228856,False,0.1926605504587156,100,0.5,0.11555045871559635,0.03558664158099857,0.029850746268656716,True,0.10091743119266056
YFF,11,15,109,7,7,0.05504587155963303,0.2,0.10889908256880734,0.03395934240090262,0.9751243781094527,False,0.1743119266055046,100,0.8,0.11288990825688075,0.032376673522737445,0.03980099502487562,True,0.11926605504587157
YFF,11,16,109,7,7,0.10091743119266056,0.2,0.10614678899082569,0.03356094475575519,0.6318407960199005,False,0.1651376146788991,60,0.8,0.11160550458715597,0.03295390167695524,0.07462686567164178,False,0.06422018348623854
YFF,11,17,109,7,7,0.14678899082568808,0.2,0.10940366972477066,0.032840246579346,0.16417910447761194,False,0.1743119266055046,100,0.2,0.11288990825688075,0.033745537620282026,0.04477611940298507,True,0.027522935779816515
YFF,11,27,109,7,7,0.10091743119266056,0.5,0.1113302752293578,0.03432315814062308,0.6616915422885572,False,0.1743119266055046,100,0.2,0.11568807339449542,0.03741393656519041,0.08955223880597014,False,0.07339449541284404
YFF,11,28,109,7,7,0.11926605504587157,0.2,0.10912844036697247,0.03215645670949472,0.4129353233830846,False,0.1834862385321101,75,0.2,0.11495412844036698,0.03516594399474476,0.03482587064676617,True,0.06422018348623854
YFF,11,29,109,7,7,0.12844036697247707,0.2,0.11192660550458715,0.03328875934414734,0.3582089552238806,False,0.14678899082568808,180,0.8,0.11527522935779817,0.035137878892118814,0.21890547263681592,False,0.01834862385321101
YFF,11,30,109,7,7,0.09174311926605505,0.2,0.11068807339449542,0.03355549369361717,0.7661691542288557,False,0.1926605504587156,100,0.8,0.11151376146788991,0.03429135077728077,0.01990049751243781,True,0.10091743119266056
YFF,11,31,109,7,7,0.05504587155963303,0.2,0.10692660550458716,0.035138119631363714,0.9601990049751243,False,0.1834862385321101,150,0.2,0.11211009174311927,0.03681416072875716,0.05472636815920398,False,0.12844036697247707
YFF,11,32,109,7,7,0.12844036697247707,0.2,0.10853211009174313,0.033969304731397136,0.30845771144278605,False,0.1743119266055046,100,0.5,0.11110091743119266,0.035296559504394955,0.03980099502487562,True,0.045871559633027525
YFF,11,33,109,7,7,0.11926605504587157,0.2,0.10908256880733946,0.03197697599884704,0.4427860696517413,False,0.1743119266055046,75,0.5,0.12087155963302752,0.03565005211725845,0.08955223880597014,False,0.05504587155963303
YFF,11,34,109,7,7,0.10091743119266056,0.2,0.11036697247706423,0.0334017746936089,0.6318407960199005,False,0.1926605504587156,60,0.2,0.12068807339449542,0.03365643105768899,0.03482587064676617,True,0.09174311926605505
YFF,11,35,109,7,7,0.08256880733944955,0.2,0.10889908256880736,0.03616681327266078,0.7960199004975125,False,0.1743119266055046,90,0.2,0.11256880733944953,0.03310669798291692,0.03980099502487562,True,0.09174311926605505
YFF,11,36,109,7,7,0.12844036697247707,0.5,0.11192660550458715,0.032582456535981574,0.34328358208955223,False,0.1743119266055046,100,0.8,0.11504587155963303,0.034214082761019414,0.06467661691542288,False,0.045871559633027525
YFF,11,37,109,7,7,0.11926605504587157,0.2,0.10839449541284406,0.03284204961216614,0.40298507462686567,False,0.1834862385321101,100,0.8,0.11151376146788991,0.03370666091004652,0.024875621890547265,True,0.06422018348623854
YFF,11,38,109,7,7,0.09174311926605505,0.8,0.11077981651376147,0.03233405825587566,0.736318407960199,False,0.1651376146788991,90,0.5,0.11894495412844037,0.03379788767309475,0.09950248756218906,False,0.07339449541284404
YFF,11,39,109,7,7,0.12844036697247707,0.2,0.10669724770642201,0.036492791746408106,0.3034825870646766,False,0.1651376146788991,300,0.5,0.11403669724770643,0.034493191045070155,0.08955223880597014,False,0.03669724770642202
YFF,11,40,109,7,7,0.14678899082568808,0.2,0.10623853211009175,0.030743869058721653,0.11442786069651742,False,0.1743119266055046,60,0.8,0.11619266055045871,0.03513426760550044,0.05970149253731343,False,0.027522935779816515
YFF,11,41,109,7,7,0.10091743119266056,0.2,0.10894495412844037,0.03431403811395421,0.6169154228855721,False,0.1926605504587156,100,0.8,0.11660550458715598,0.035829371474850255,0.029850746268656716,True,0.09174311926605505
YFF,11,42,109,7,7,0.06422018348623854,0.2,0.10701834862385322,0.03319049505871229,0.9303482587064676,False,0.1834862385321101,60,0.8,0.11229357798165139,0.03538571942079927,0.03482587064676617,True,0.11926605504587157
YFF,11,43,109,7,7,0.05504587155963303,0.2,0.11032110091743119,0.036098071673153924,0.9552238805970149,False,0.1651376146788991,100,0.8,0.11995412844036699,0.03980371466199045,0.17412935323383086,False,0.11009174311926606
YFF,11,44,109,7,7,0.11009174311926606,0.2,0.10857798165137615,0.03367753672063627,0.5024875621890548,False,0.1834862385321101,60,0.8,0.11275229357798165,0.034285090623162595,0.024875621890547265,True,0.07339449541284404
YFF,11,45,109,7,7,0.12844036697247707,0.2,0.10761467889908256,0.03628823282450683,0.3333333333333333,False,0.14678899082568808,100,0.2,0.11422018348623852,0.034910516626864306,0.16417910447761194,False,0.01834862385321101
YFF,11,46,109,7,7,0.08256880733944955,0.2,0.10587155963302752,0.03318491941858877,0.8059701492537313,False,0.1834862385321101,60,0.8,0.11275229357798168,0.035521123465025096,0.024875621890547265,True,0.10091743119266056
YFF,11,47,109,7,7,0.11009174311926606,0.5,0.10394495412844038,0.03439003617804942,0.4527363184079602,False,0.14678899082568808,60,0.5,0.11743119266055047,0.03745020719476209,0.2537313432835821,False,0.03669724770642202
YFF,11,48,109,7,7,0.10091743119266056,0.8,0.10802752293577982,0.0327564250701436,0.6616915422885572,False,0.1743119266055046,60,0.8,0.11142201834862388,0.03505134665791079,0.05472636815920398,False,0.07339449541284404
YFF,11,49,109,7,7,0.09174311926605505,0.5,0.1113302752293578,0.033663719032138086,0.7412935323383084,False,0.14678899082568808,100,0.2,0.11371559633027523,0.035033241902821054,0.1791044776119403,False,0.05504587155963303
YFF,11,50,109,7,7,0.11926605504587157,0.2,0.10793577981651375,0.034302203114764646,0.43283582089552236,False,0.1743119266055046,60,0.8,0.11490825688073394,0.03463303133933209,0.05472636815920398,False,0.05504587155963303
YFF,11,51,109,7,7,0.12844036697247707,0.8,0.10711009174311928,0.03351589176888676,0.29850746268656714,False,0.1926605504587156,60,0.8,0.11811926605504589,0.03755100977940595,0.03482587064676617,True,0.06422018348623854
YFF,11,52,109,7,7,0.12844036697247707,0.2,0.10577981651376149,0.03402901746643859,0.31840796019900497,False,0.22935779816513763,100,0.8,0.1138073394495413,0.035180223629497125,0.004975124378109453,True,0.10091743119266056
YFF,11,53,109,7,7,0.09174311926605505,0.2,0.10894495412844037,0.033779862365381705,0.6915422885572139,False,0.1834862385321101,100,0.8,0.1174770642201835,0.035736081475599646,0.04975124378109453,True,0.09174311926605505
YFF,11,54,109,7,7,0.11926605504587157,0.8,0.10798165137614679,0.035307582041609525,0.43283582089552236,False,0.1834862385321101,100,0.5,0.11197247706422019,0.03511042379812289,0.04477611940298507,True,0.06422018348623854
YFF,12,13,109,7,7,0.10091743119266056,0.2,0.10922018348623853,0.03349897733183552,0.6069651741293532,False,0.13761467889908258,75,0.8,0.11541284403669724,0.03754450456049634,0.29850746268656714,False,0.03669724770642202
YFF,12,14,109,7,7,0.1651376146788991,0.8,0.10889908256880734,0.033984242751364725,0.07462686567164178,False,0.1651376146788991,60,0.8,0.1208256880733945,0.03583550939004661,0.1044776119402985,False,0.0
YFF,12,15,109,7,7,0.07339449541284404,0.5,0.10467889908256883,0.033556911685161686,0.8507462686567164,False,0.1651376146788991,300,0.5,0.10844036697247705,0.0327347578289645,0.07462686567164178,False,0.09174311926605505
YFF,12,16,109,7,7,0.11009174311926606,0.2,0.1074770642201835,0.033331644996117245,0.48258706467661694,False,0.12844036697247707,300,0.2,0.10807339449541285,0.03198186956012733,0.2935323383084577,False,0.01834862385321101
YFF,12,17,109,7,7,0.13761467889908258,0.5,0.11004587155963304,0.03670298120348168,0.2537313432835821,False,0.14678899082568808,450,0.5,0.10995412844036696,0.03403607032833967,0.1791044776119403,False,0.009174311926605505
YFF,12,27,109,7,7,0.08256880733944955,0.2,0.11082568807339452,0.03324247866726277,0.8208955223880597,False,0.13761467889908258,180,0.2,0.11532110091743121,0.034871240646725234,0.30845771144278605,False,0.05504587155963303
YFF,12,28,109,7,7,0.12844036697247707,0.5,0.10862385321100916,0.03198557229802948,0.30845771144278605,False,0.1651376146788991,300,0.8,0.10885321100917432,0.03476394580914531,0.06965174129353234,False,0.03669724770642202
YFF,12,29,109,7,7,0.10091743119266056,0.2,0.11178899082568808,0.03187480065343307,0.6567164179104478,False,0.13761467889908258,450,0.2,0.1094954128440367,0.029575936559200804,0.24875621890547264,False,0.03669724770642202
YFF,12,30,109,7,7,0.12844036697247707,0.5,0.1098165137614679,0.03376699467484163,0.3034825870646766,False,0.1651376146788991,300,0.8,0.10770642201834862,0.03456338076840103,0.06467661691542288,False,0.03669724770642202
YFF,12,31,109,7,7,0.11009174311926606,0.2,0.10903669724770643,0.03468477354985726,0.4975124378109453,False,0.13761467889908258,300,0.8,0.11096330275229359,0.035900218130955674,0.2835820895522388,False,0.027522935779816515
YFF,12,32,109,7,7,0.12844036697247707,0.2,0.10853211009174313,0.031028021330323008,0.3383084577114428,False,0.1559633027522936,300,0.8,0.10816513761467891,0.035497301209185095,0.10945273631840796,False,0.027522935779816515
YFF,12,33,109,7,7,0.12844036697247707,0.2,0.11050458715596331,0.03584952232351251,0.36318407960199006,False,0.1651376146788991,450,0.2,0.11100917431192661,0.03411702695688284,0.0845771144278607,False,0.03669724770642202
YFF,12,34,109,7,7,0.10091743119266056,0.2,0.11022935779816515,0.03461519654460076,0.6467661691542289,False,0.1926605504587156,90,0.8,0.12055045871559633,0.034560933266236896,0.014925373134328358,True,0.09174311926605505
YFF,12,35,109,7,7,0.11926605504587157,0.2,0.10802752293577983,0.03344641234255758,0.4427860696517413,False,0.24770642201834864,300,0.2,0.10940366972477066,0.03269826892117625,0.004975124378109453,True,0.12844036697247707
YFF,12,36,109,7,7,0.14678899082568808,0.8,0.11119266055045873,0.031681578637041505,0.17412935323383086,False,0.1834862385321101,150,0.5,0.11655963302752294,0.03218800849707759,0.029850746268656716,True,0.03669724770642202
YFF,12,37,109,7,7,0.12844036697247707,0.8,0.10834862385321102,0.03343316330149185,0.32338308457711445,False,0.1651376146788991,300,0.8,0.10784403669724771,0.035317014361190016,0.07960199004975124,False,0.03669724770642202
YFF,12,38,109,7,7,0.10091743119266056,0.8,0.10926605504587159,0.03040953552908271,0.6716417910447762,False,0.11926605504587157,60,0.5,0.1196788990825688,0.03419500904680298,0.527363184079602,False,0.01834862385321101
YFF,12,39,109,7,7,0.14678899082568808,0.5,0.10903669724770644,0.033720210141829,0.18407960199004975,False,0.1834862385321101,450,0.8,0.10830275229357798,0.03205501840030868,0.009950248756218905,True,0.03669724770642202
YFF,12,40,109,7,7,0.1926605504587156,0.2,0.10995412844036698,0.034761512428445884,0.01990049751243781,True,0.2018348623853211,300,0.2,0.11004587155963304,0.03340921316849489,0.014925373134328358,True,0.009174311926605505
YFF,12,41,109,7,7,0.09174311926605505,0.2,0.11045871559633028,0.03563109422220347,0.736318407960199,False,0.1743119266055046,60,0.8,0.12096330275229357,0.03695082620344629,0.1044776119402985,False,0.08256880733944955
YFF,12,42,109,7,7,0.10091743119266056,0.5,0.10738532110091743,0.0336275149185416,0.6169154228855721,False,0.1743119266055046,300,0.2,0.11018348623853211,0.03384306515934822,0.04975124378109453,True,0.07339449541284404
YFF,12,43,109,7,7,0.12844036697247707,0.2,0.10701834862385322,0.032273044244902495,0.2935323383084577,False,0.14678899082568808,300,0.8,0.11137614678899084,0.033187468398876464,0.19900497512437812,False,0.01834862385321101
YFF,12,44,109,7,7,0.09174311926605505,0.2,0.10678899082568809,0.0325310109301399,0.7064676616915423,False,0.13761467889908258,300,0.2,0.10839449541284404,0.03601173259229008,0.24378109452736318,False,0.045871559633027525
YFF,12,45,109,7,7,0.12844036697247707,0.8,0.1065137614678899,0.03079102067852501,0.27860696517412936,False,0.12844036697247707,150,0.5,0.11660550458715596,0.03489645993631793,0.40298507462686567,False,0.0
YFF,12,46,109,7,7,0.11009174311926606,0.2,0.10582568807339449,0.03304490268521502,0.4577114427860697,False,0.12844036697247707,300,0.5,0.11013761467889907,0.03665685735383277,0.3582089552238806,False,0.01834862385321101
YFF,12,47,109,7,7,0.11009174311926606,0.8,0.11073394495412846,0.033661614477422545,0.5223880597014925,False,0.11926605504587157,450,0.8,0.11064220183486238,0.03426102618768996,0.39800995024875624,False,0.009174311926605505
YFF,12,48,109,7,7,0.10091743119266056,0.2,0.10706422018348626,0.032622802647711766,0.6268656716417911,False,0.1559633027522936,300,0.2,0.10793577981651378,0.03570387437350818,0.14427860696517414,False,0.05504587155963303
YFF,12,49,109,7,7,0.11009174311926606,0.8,0.11123853211009173,0.03268533128026377,0.5522388059701493,False,0.12844036697247707,300,0.2,0.10944954128440369,0.03383706581251133,0.3034825870646766,False,0.01834862385321101
YFF,12,50,109,7,7,0.11926605504587157,0.8,0.1076605504587156,0.03347219971934875,0.4079601990049751,False,0.13761467889908258,450,0.8,0.10720183486238533,0.03162836685932623,0.20398009950248755,False,0.01834862385321101
YFF,12,51,109,7,7,0.13761467889908258,0.2,0.10669724770642203,0.034207530269242926,0.24875621890547264,False,0.1651376146788991,300,0.8,0.11110091743119266,0.03436149121025592,0.0845771144278607,False,0.027522935779816515
YFF,12,52,109,7,7,0.12844036697247707,0.8,0.10706422018348626,0.03293249279321053,0.31840796019900497,False,0.1834862385321101,450,0.2,0.10655963302752293,0.03172317052138741,0.01990049751243781,True,0.05504587155963303
YFF,12,53,109,7,7,0.11009174311926606,0.8,0.11032110091743119,0.03403557325819627,0.572139303482587,False,0.14678899082568808,300,0.8,0.11137614678899083,0.032738375414678486,0.18407960199004975,False,0.03669724770642202
YFF,12,54,109,7,7,0.1559633027522936,0.2,0.1063302752293578,0.03316388285583621,0.07960199004975124,False,0.1743119266055046,300,0.8,0.10885321100917432,0.03405097905853589,0.04975124378109453,True,0.01834862385321101
YFF,13,14,109,7,7,0.13761467889908258,0.8,0.10752293577981652,0.03326537276383911,0.19900497512437812,False,0.1651376146788991,75,0.5,0.11587155963302752,0.03215530579896221,0.0845771144278607,False,0.027522935779816515
YFF,13,15,109,7,7,0.11009174311926606,0.5,0.10426605504587157,0.03455037642709833,0.417910447761194,False,0.13761467889908258,60,0.5,0.11761467889908257,0.032095401580496744,0.3034825870646766,False,0.027522935779816515
YFF,13,16,109,7,7,0.11926605504587157,0.2,0.10963302752293579,0.03389002329969606,0.4577114427860697,False,0.12844036697247707,60,0.2,0.1131651376146789,0.03382165636527838,0.39303482587064675,False,0.009174311926605505
YFF,13,17,109,7,7,0.14678899082568808,0.2,0.11155963302752295,0.0333451246366612,0.1791044776119403,False,0.14678899082568808,60,0.8,0.11775229357798164,0.032838185849186165,0.23880597014925373,False,0.0
YFF,13,27,109,7,7,0.07339449541284404,0.5,0.10839449541284406,0.03598823509449532,0.8557213930348259,False,0.13761467889908258,60,0.2,0.11711009174311929,0.03511861440563472,0.3383084577114428,False,0.06422018348623854
YFF,13,28,109,7,7,0.14678899082568808,0.8,0.10871559633027524,0.03269584350345818,0.14925373134328357,False,0.14678899082568808,75,0.5,0.11155963302752295,0.030799947980913636,0.18407960199004975,False,0.0
YFF,13,29,109,7,7,0.10091743119266056,0.2,0.11463302752293579,0.03403010500741979,0.7114427860696517,False,0.11926605504587157,100,0.5,0.11545871559633028,0.034367491312193826,0.5074626865671642,False,0.01834862385321101
YFF,13,30,109,7,7,0.13761467889908258,0.8,0.10880733944954128,0.032790011633976435,0.24378109452736318,False,0.14678899082568808,100,0.8,0.11288990825688075,0.03431724272383425,0.19900497512437812,False,0.009174311926605505
YFF,13,31,109,7,7,0.06422018348623854,0.2,0.10807339449541285,0.035396714193625715,0.9253731343283582,False,0.1651376146788991,225,0.8,0.11123853211009176,0.03411625212461591,0.0845771144278607,False,0.10091743119266056
YFF,13,32,109,7,7,0.09174311926605505,0.5,0.10972477064220182,0.03282610865867336,0.7512437810945274,False,0.14678899082568808,100,0.5,0.1114678899082569,0.033964822044282375,0.19402985074626866,False,0.05504587155963303
YFF,13,33,109,7,7,0.11926605504587157,0.2,0.11036697247706422,0.033792036760940086,0.417910447761194,False,0.14678899082568808,90,0.8,0.11587155963302752,0.03394688537643434,0.21890547263681592,False,0.027522935779816515
YFF,13,34,109,7,7,0.09174311926605505,0.5,0.10532110091743122,0.032137543670051415,0.6915422885572139,False,0.1651376146788991,60,0.8,0.11729357798165138,0.03384165915785646,0.09950248756218906,False,0.07339449541284404
YFF,13,35,109,7,7,0.07339449541284404,0.2,0.10839449541284406,0.03427876763243865,0.8606965174129353,False,0.13761467889908258,90,0.2,0.11422018348623855,0.035582511230223324,0.2835820895522388,False,0.06422018348623854
YFF,13,36,109,7,7,0.12844036697247707,0.8,0.11096330275229359,0.03386314898185047,0.35323383084577115,False,0.13761467889908258,225,0.5,0.1103211009174312,0.03648267799068778,0.24875621890547264,False,0.009174311926605505
YFF,13,37,109,7,7,0.13761467889908258,0.2,0.1108256880733945,0.03555409092700933,0.2537313432835821,False,0.13761467889908258,75,0.2,0.11256880733944953,0.03297869548545486,0.263681592039801,False,0.0
YFF,13,38,109,7,7,0.11926605504587157,0.2,0.10972477064220182,0.032709940748987726,0.4228855721393035,False,0.14678899082568808,100,0.2,0.11541284403669726,0.03868744635425278,0.24378109452736318,False,0.027522935779816515
YFF,13,39,109,7,7,0.11009174311926606,0.5,0.11004587155963304,0.03398657622389489,0.5572139303482587,False,0.1559633027522936,180,0.2,0.1108256880733945,0.03325519955562426,0.14427860696517414,False,0.045871559633027525
YFF,13,40,109,7,7,0.14678899082568808,0.2,0.10504587155963303,0.035091777017830554,0.14427860696517414,False,0.14678899082568808,900,0.2,0.10504587155963303,0.035091777017830554,0.14427860696517414,False,0.0
YFF,13,41,109,7,7,0.10091743119266056,0.2,0.10885321100917432,0.0324481828872196,0.6119402985074627,False,0.1743119266055046,100,0.5,0.11422018348623855,0.034274726476283594,0.06467661691542288,False,0.07339449541284404
YFF,13,42,109,7,7,0.11926605504587157,0.5,0.10853211009174311,0.032100013566238456,0.4079601990049751,False,0.13761467889908258,100,0.8,0.11137614678899083,0.03299574844751749,0.2537313432835821,False,0.01834862385321101
YFF,13,43,109,7,7,0.08256880733944955,0.2,0.11091743119266054,0.032997671160901625,0.8557213930348259,False,0.1559633027522936,60,0.8,0.11885321100917431,0.034880790960145056,0.1890547263681592,False,0.07339449541284404
YFF,13,44,109,7,7,0.10091743119266056,0.8,0.10977064220183486,0.035255644179885984,0.6318407960199005,False,0.14678899082568808,75,0.8,0.11206422018348626,0.03285235075851893,0.20398009950248755,False,0.045871559633027525
YFF,13,45,109,7,7,0.11009174311926606,0.5,0.10821100917431195,0.03275461732397733,0.5074626865671642,False,0.1651376146788991,100,0.5,0.11408256880733945,0.031974165168982646,0.0845771144278607,False,0.05504587155963303
YFF,13,46,109,7,7,0.09174311926605505,0.2,0.10811926605504589,0.03582095964285255,0.6915422885572139,False,0.13761467889908258,75,0.5,0.11357798165137614,0.033079219244398536,0.2736318407960199,False,0.045871559633027525
YFF,13,47,109,7,7,0.12844036697247707,0.2,0.10678899082568809,0.034327624837072884,0.32338308457711445,False,0.12844036697247707,60,0.5,0.115,0.03448543447148439,0.3582089552238806,False,0.0
YFF,13,48,109,7,7,0.12844036697247707,0.8,0.10816513761467891,0.03207997955813589,0.31343283582089554,False,0.14678899082568808,100,0.8,0.1126605504587156,0.03476981563906704,0.19402985074626866,False,0.01834862385321101
YFF,13,49,109,7,7,0.12844036697247707,0.5,0.11087155963302754,0.037095910937563314,0.3383084577114428,False,0.12844036697247707,60,0.8,0.11793577981651378,0.03623793394538623,0.40298507462686567,False,0.0
YFF,13,50,109,7,7,0.1651376146788991,0.2,0.10779816513761467,0.036439902606070204,0.06965174129353234,False,0.1651376146788991,900,0.2,0.10779816513761467,0.036439902606070204,0.06965174129353234,False,0.0
YFF,13,51,109,7,7,0.14678899082568808,0.8,0.10876146788990827,0.03403507618079334,0.15422885572139303,False,0.1834862385321101,60,0.8,0.11541284403669724,0.03349597854613071,0.03980099502487562,True,0.03669724770642202
YFF,13,52,109,7,7,0.13761467889908258,0.2,0.1044954128440367,0.034139210688810734,0.19402985074626866,False,0.1651376146788991,225,0.2,0.10697247706422021,0.03378615353911228,0.05970149253731343,False,0.027522935779816515
YFF,13,53,109,7,7,0.11926605504587157,0.5,0.10834862385321102,0.033760480689846196,0.4228855721393035,False,0.11926605504587157,60,0.2,0.11490825688073397,0.03464524165440516,0.48258706467661694,False,0.0
YFF,13,54,109,7,7,0.09174311926605505,0.2,0.10665137614678902,0.032936698634646606,0.7263681592039801,False,0.13761467889908258,300,0.2,0.10940366972477066,0.03443707750514866,0.263681592039801,False,0.045871559633027525
YFF,14,15,109,7,7,0.10091743119266056,0.2,0.10770642201834864,0.036746083405993286,0.5970149253731343,False,0.1743119266055046,60,0.5,0.1174770642201835,0.036042491136101466,0.06467661691542288,False,0.07339449541284404
YFF,14,16,109,7,7,0.13761467889908258,0.5,0.10779816513761467,0.03328558278425231,0.22885572139303484,False,0.1559633027522936,100,0.8,0.11426605504587156,0.036254270506900776,0.14427860696517414,False,0.01834862385321101
YFF,14,17,109,7,7,0.11926605504587157,0.8,0.10922018348623855,0.03898408606771994,0.40298507462686567,False,0.1651376146788991,60,0.8,0.11334862385321103,0.03439972008739407,0.08955223880597014,False,0.045871559633027525
YFF,14,27,109,7,7,0.1559633027522936,0.2,0.11009174311926608,0.034314808480191354,0.10945273631840796,False,0.1834862385321101,100,0.2,0.11160550458715596,0.03532036746779362,0.04975124378109453,True,0.027522935779816515
YFF,14,28,109,7,7,0.13761467889908258,0.2,0.10802752293577983,0.0332180090741589,0.21890547263681592,False,0.1926605504587156,60,0.8,0.11339449541284403,0.03591720877745166,0.029850746268656716,True,0.05504587155963303
YFF,14,29,109,7,7,0.1651376146788991,0.2,0.1089908256880734,0.033523746505320466,0.07462686567164178,False,0.1651376146788991,60,0.8,0.115,0.03541723062778685,0.0945273631840796,False,0.0
YFF,14,30,109,7,7,0.12844036697247707,0.2,0.10756880733944954,0.03583347337125304,0.30845771144278605,False,0.1834862385321101,60,0.8,0.11357798165137617,0.03547310525972376,0.04477611940298507,True,0.05504587155963303
YFF,14,31,109,7,7,0.11009174311926606,0.8,0.10922018348623853,0.033962922949810605,0.5472636815920398,False,0.2018348623853211,60,0.8,0.1198165137614679,0.03670462329642844,0.029850746268656716,True,0.09174311926605505
YFF,14,32,109,7,7,0.11009174311926606,0.8,0.1076605504587156,0.03483443990591533,0.48756218905472637,False,0.2018348623853211,100,0.5,0.11527522935779817,0.03668084899377964,0.024875621890547265,True,0.09174311926605505
YFF,14,33,109,7,7,0.13761467889908258,0.2,0.11119266055045873,0.03184137778782039,0.22885572139303484,False,0.1834862385321101,300,0.2,0.11376146788990826,0.03073891600666935,0.024875621890547265,True,0.045871559633027525
YFF,14,34,109,7,7,0.08256880733944955,0.2,0.11018348623853211,0.031873639572713726,0.835820895522388,False,0.1926605504587156,60,0.2,0.1138073394495413,0.03418016313977702,0.01990049751243781,True,0.11009174311926606
YFF,14,35,109,7,7,0.11009174311926606,0.2,0.10752293577981652,0.03275284176187331,0.4925373134328358,False,0.2018348623853211,75,0.8,0.11559633027522935,0.03569229284737749,0.01990049751243781,True,0.09174311926605505
YFF,14,36,109,7,7,0.1559633027522936,0.8,0.1089908256880734,0.03362452759639543,0.11442786069651742,False,0.22935779816513763,180,0.2,0.11279816513761469,0.03621925456666138,0.009950248756218905,True,0.07339449541284404
YFF,14,37,109,7,7,0.11926605504587157,0.2,0.10660550458715598,0.03341000439814762,0.3880597014925373,False,0.2018348623853211,100,0.5,0.11408256880733945,0.0363798163112351,0.024875621890547265,True,0.08256880733944955
YFF,14,38,109,7,7,0.11926605504587157,0.2,0.10793577981651375,0.03259514305069741,0.39800995024875624,False,0.1559633027522936,60,0.8,0.11545871559633028,0.034941124874843035,0.16417910447761194,False,0.03669724770642202
YFF,14,39,109,7,7,0.11926605504587157,0.2,0.10885321100917432,0.03519921407781945,0.43781094527363185,False,0.1743119266055046,60,0.8,0.11504587155963303,0.034164598944141,0.05970149253731343,False,0.05504587155963303
YFF,14,40,109,7,7,0.14678899082568808,0.5,0.10798165137614679,0.03477650542855398,0.17412935323383086,False,0.25688073394495414,300,0.2,0.1089908256880734,0.03506537141360994,0.004975124378109453,True,0.11009174311926606
YFF,14,41,109,7,7,0.13761467889908258,0.8,0.10669724770642201,0.03421989241160969,0.22885572139303484,False,0.1834862385321101,60,0.8,0.1186697247706422,0.03540767568916471,0.06965174129353234,False,0.045871559633027525
YFF,14,42,109,7,7,0.11009174311926606,0.2,0.10784403669724771,0.034135586678923135,0.5124378109452736,False,0.1926605504587156,100,0.2,0.11252293577981652,0.03677182845981606,0.024875621890547265,True,0.08256880733944955
YFF,14,43,109,7,7,0.14678899082568808,0.2,0.10587155963302752,0.03200407956167199,0.13432835820895522,False,0.1926605504587156,60,0.8,0.12009174311926607,0.035504449564247524,0.04975124378109453,True,0.045871559633027525
YFF,14,44,109,7,7,0.14678899082568808,0.5,0.10472477064220183,0.03481986662969375,0.15422885572139303,False,0.1926605504587156,100,0.5,0.11371559633027523,0.03700595683271512,0.029850746268656716,True,0.045871559633027525
YFF,14,45,109,7,7,0.1559633027522936,0.2,0.10720183486238533,0.032822726248995904,0.0845771144278607,False,0.1926605504587156,100,0.2,0.11206422018348626,0.03617344932355793,0.01990049751243781,True,0.03669724770642202
YFF,14,46,109,7,7,0.11926605504587157,0.2,0.1041743119266055,0.0338668958103528,0.3582089552238806,False,0.1926605504587156,100,0.2,0.11261467889908258,0.03541794714426997,0.029850746268656716,True,0.07339449541284404
YFF,14,47,109,7,7,0.14678899082568808,0.2,0.10399082568807341,0.030521814240099653,0.08955223880597014,False,0.1651376146788991,60,0.8,0.11954128440366972,0.034596038337010034,0.12935323383084577,False,0.01834862385321101
YFF,14,48,109,7,7,0.11926605504587157,0.5,0.10669724770642203,0.03239120347813984,0.38308457711442784,False,0.2018348623853211,100,0.5,0.11541284403669726,0.03770189061926113,0.03482587064676617,True,0.08256880733944955
YFF,14,49,109,7,7,0.12844036697247707,0.2,0.10743119266055047,0.03511394719800849,0.32338308457711445,False,0.1651376146788991,60,0.8,0.12027522935779818,0.03493522329423631,0.14427860696517414,False,0.03669724770642202
YFF,14,50,109,7,7,0.14678899082568808,0.2,0.10724770642201836,0.03515968919203097,0.14427860696517414,False,0.2018348623853211,100,0.5,0.11541284403669724,0.03795903681218839,0.029850746268656716,True,0.05504587155963303
YFF,14,51,109,7,7,0.13761467889908258,0.2,0.10816513761467891,0.034420523586795676,0.22388059701492538,False,0.22935779816513763,90,0.2,0.11495412844036698,0.03620888919377408,0.014925373134328358,True,0.09174311926605505
YFF,14,52,109,7,7,0.11009174311926606,0.5,0.10568807339449542,0.03435127324093662,0.46766169154228854,False,0.22018348623853212,100,0.5,0.11463302752293578,0.039204789518261826,0.009950248756218905,True,0.11009174311926606
YFF,14,53,109,7,7,0.11926605504587157,0.5,0.10811926605504589,0.03348988544933127,0.4129353233830846,False,0.1743119266055046,60,0.8,0.11311926605504588,0.03510816502246823,0.0845771144278607,False,0.05504587155963303
YFF,14,54,109,7,7,0.11009174311926606,0.5,0.10623853211009175,0.03509912846623308,0.48258706467661694,False,0.2018348623853211,100,0.5,0.11454128440366972,0.037663925276640975,0.024875621890547265,True,0.09174311926605505
YFF,15,16,109,7,7,0.06422018348623854,0.2,0.1081651376146789,0.03490857810951362,0.9303482587064676,False,0.12844036697247707,60,0.2,0.11683486238532112,0.03472499125543567,0.4527363184079602,False,0.06422018348623854
YFF,15,17,109,7,7,0.12844036697247707,0.2,0.1058256880733945,0.03494838699058882,0.26865671641791045,False,0.1651376146788991,90,0.8,0.11701834862385323,0.03451755312423505,0.13432835820895522,False,0.03669724770642202
YFF,15,27,109,7,7,0.09174311926605505,0.2,0.10908256880733946,0.03497152492015562,0.6965174129353234,False,0.11926605504587157,75,0.5,0.11486238532110093,0.03350355390831593,0.4577114427860697,False,0.027522935779816515
YFF,15,28,109,7,7,0.08256880733944955,0.2,0.10206422018348625,0.03321164211658944,0.746268656716418,False,0.1651376146788991,75,0.2,0.11169724770642203,0.03182646392496284,0.08955223880597014,False,0.08256880733944955
YFF,15,29,109,7,7,0.09174311926605505,0.2,0.11041284403669724,0.033242701324657536,0.7661691542288557,False,0.1559633027522936,60,0.8,0.11697247706422019,0.033209254192792186,0.1890547263681592,False,0.06422018348623854
YFF,15,30,109,7,7,0.07339449541284404,0.2,0.10298165137614682,0.03460248670108451,0.8606965174129353,False,0.1559633027522936,75,0.5,0.11229357798165139,0.032141228473969906,0.11442786069651742,False,0.08256880733944955
YFF,15,31,109,7,7,0.10091743119266056,0.8,0.10715596330275229,0.03323484379711807,0.582089552238806,False,0.1559633027522936,300,0.8,0.11321100917431194,0.03553124308727999,0.12437810945273632,False,0.05504587155963303
YFF,15,32,109,7,7,0.08256880733944955,0.2,0.10321100917431192,0.0342747264762836,0.7562189054726368,False,0.1559633027522936,90,0.2,0.11422018348623852,0.03218738433462314,0.12935323383084577,False,0.07339449541284404
YFF,15,33,109,7,7,0.14678899082568808,0.8,0.10940366972477066,0.03558473989630809,0.19402985074626866,False,0.1651376146788991,75,0.5,0.11775229357798167,0.032838185849186165,0.10945273631840796,False,0.01834862385321101
YFF,15,34,109,7,7,0.11009174311926606,0.8,0.1046330275229358,0.03318820119447617,0.4527363184079602,False,0.1651376146788991,90,0.2,0.1194954128440367,0.03599246577620676,0.12935323383084577,False,0.05504587155963303
YFF,15,35,109,7,7,0.08256880733944955,0.2,0.10371559633027524,0.03358220488963226,0.7711442786069652,False,0.1559633027522936,75,0.5,0.11344036697247707,0.03450137494492512,0.15920398009950248,False,0.07339449541284404
YFF,15,36,109,7,7,0.10091743119266056,0.2,0.10403669724770644,0.03368585600278992,0.6268656716417911,False,0.1834862385321101,150,0.8,0.11215596330275229,0.034700134902136935,0.024875621890547265,True,0.08256880733944955
YFF,15,37,109,7,7,0.05504587155963303,0.2,0.10169724770642201,0.033209604432360554,0.9552238805970149,False,0.13761467889908258,75,0.5,0.11224770642201837,0.03133818667541477,0.2537313432835821,False,0.08256880733944955
YFF,15,38,109,7,7,0.05504587155963303,0.2,0.11009174311926608,0.033033669306529186,0.9800995024875622,False,0.12844036697247707,300,0.5,0.11183486238532112,0.034171407218046124,0.35323383084577115,False,0.07339449541284404
YFF,15,39,109,7,7,0.10091743119266056,0.5,0.10467889908256883,0.03642179132135001,0.5472636815920398,False,0.1743119266055046,300,0.8,0.11155963302752295,0.032782271386097205,0.04477611940298507,True,0.07339449541284404
YFF,15,40,109,7,7,0.11009174311926606,0.2,0.10133027522935781,0.034953469573865845,0.4079601990049751,False,0.1743119266055046,300,0.5,0.10775229357798166,0.03427778052376562,0.06467661691542288,False,0.06422018348623854
YFF,15,41,109,7,7,0.07339449541284404,0.2,0.10839449541284406,0.03798930421693273,0.835820895522388,False,0.14678899082568808,60,0.2,0.11756880733944954,0.03757510587970073,0.21393034825870647,False,0.07339449541284404
YFF,15,42,109,7,7,0.045871559633027525,0.2,0.1,0.035775146896829854,0.9601990049751243,False,0.14678899082568808,180,0.2,0.11247706422018348,0.03774539290146149,0.23880597014925373,False,0.10091743119266056
YFF,15,43,109,7,7,0.08256880733944955,0.2,0.10674311926605505,0.03315096744689955,0.7960199004975125,False,0.1651376146788991,90,0.8,0.11770642201834863,0.03646728463234649,0.13930348258706468,False,0.08256880733944955
YFF,15,44,109,7,7,0.06422018348623854,0.2,0.10233944954128442,0.0328165403697108,0.9253731343283582,False,0.1559633027522936,75,0.2,0.11100917431192661,0.03170079706685691,0.14427860696517414,False,0.09174311926605505
YFF,15,45,109,7,7,0.10091743119266056,0.8,0.10431192660550458,0.03473512973033125,0.5920398009950248,False,0.13761467889908258,100,0.2,0.1169724770642202,0.036393445340830215,0.32338308457711445,False,0.03669724770642202
YFF,15,46,109,7,7,0.07339449541284404,0.8,0.10119266055045874,0.03281412369389021,0.845771144278607,False,0.1559633027522936,75,0.8,0.11224770642201837,0.03350377483067242,0.13432835820895522,False,0.08256880733944955
YFF,15,47,109,7,7,0.11009174311926606,0.2,0.10357798165137616,0.03204040199228939,0.4577114427860697,False,0.1743119266055046,75,0.2,0.11243119266055046,0.031873739095575525,0.03980099502487562,True,0.06422018348623854
YFF,15,48,109,7,7,0.05504587155963303,0.2,0.10155963302752294,0.03502856332015988,0.945273631840796,False,0.1559633027522936,75,0.2,0.11261467889908257,0.03291743083288966,0.12935323383084577,False,0.10091743119266056
YFF,15,49,109,7,7,0.13761467889908258,0.2,0.11155963302752295,0.03488251883271799,0.2885572139303483,False,0.13761467889908258,900,0.2,0.11155963302752295,0.03488251883271799,0.2885572139303483,False,0.0
YFF,15,50,109,7,7,0.08256880733944955,0.5,0.101651376146789,0.03267785745945836,0.7512437810945274,False,0.1559633027522936,75,0.8,0.1111467889908257,0.03384540836537242,0.13930348258706468,False,0.07339449541284404
YFF,15,51,109,7,7,0.1743119266055046,0.8,0.10986238532110093,0.03463913703488648,0.05472636815920398,False,0.1743119266055046,900,0.8,0.10986238532110093,0.03463913703488648,0.05472636815920398,False,0.0
YFF,15,52,109,7,7,0.05504587155963303,0.2,0.10123853211009175,0.03433178296309269,0.9502487562189055,False,0.13761467889908258,60,0.8,0.11733944954128442,0.034087136670347205,0.3283582089552239,False,0.08256880733944955
YFF,15,53,109,7,7,0.06422018348623854,0.5,0.10344036697247709,0.034153424244916845,0.9104477611940298,False,0.13761467889908258,75,0.8,0.11536697247706423,0.030868498968333248,0.30845771144278605,False,0.07339449541284404
YFF,15,54,109,7,7,0.11926605504587157,0.2,0.10256880733944955,0.03546356537539146,0.3283582089552239,False,0.1559633027522936,75,0.5,0.11110091743119266,0.03209579691952799,0.11940298507462686,False,0.03669724770642202
YFF,16,17,109,7,7,0.14678899082568808,0.2,0.10798165137614678,0.03246163850275436,0.12437810945273632,False,0.14678899082568808,60,0.5,0.11339449541284403,0.03256999233588789,0.20398009950248755,False,0.0
YFF,16,27,109,7,7,0.07339449541284404,0.8,0.10830275229357798,0.031172009478697627,0.8955223880597015,False,0.10091743119266056,60,0.5,0.11637614678899082,0.03296416787008601,0.7014925373134329,False,0.027522935779816515
YFF,16,28,109,7,7,0.12844036697247707,0.2,0.1086697247706422,0.03704251276082501,0.3383084577114428,False,0.1651376146788991,60,0.2,0.11206422018348623,0.03491206130581584,0.08955223880597014,False,0.03669724770642202
YFF,16,29,109,7,7,0.11009174311926606,0.8,0.11077981651376147,0.03163318064347744,0.5422885572139303,False,0.14678899082568808,60,0.5,0.1138073394495413,0.036292749020606606,0.24378109452736318,False,0.03669724770642202
YFF,16,30,109,7,7,0.11926605504587157,0.5,0.10811926605504589,0.034053463212323117,0.43781094527363185,False,0.1651376146788991,60,0.2,0.11302752293577982,0.03406442237765014,0.0845771144278607,False,0.045871559633027525
YFF,16,31,109,7,7,0.07339449541284404,0.2,0.10678899082568809,0.03597603972184692,0.8606965174129353,False,0.14678899082568808,60,0.2,0.1151834862385321,0.0351393233028487,0.21393034825870647,False,0.07339449541284404
YFF,16,32,109,7,7,0.09174311926605505,0.2,0.10977064220183486,0.03444248114311226,0.7313432835820896,False,0.1559633027522936,60,0.2,0.11215596330275229,0.033911077122443796,0.13930348258706468,False,0.06422018348623854
YFF,16,33,109,7,7,0.1559633027522936,0.2,0.10871559633027524,0.03209526979973752,0.07960199004975124,False,0.1559633027522936,60,0.2,0.1148165137614679,0.03597530492882022,0.15422885572139303,False,0.0
YFF,16,34,109,7,7,0.09174311926605505,0.2,0.10903669724770644,0.0369519708279733,0.6865671641791045,False,0.1651376146788991,100,0.5,0.11486238532110093,0.03385518559444966,0.08955223880597014,False,0.07339449541284404
YFF,16,35,109,7,7,0.09174311926605505,0.8,0.11077981651376147,0.03314790527884923,0.7313432835820896,False,0.13761467889908258,300,0.2,0.10628440366972476,0.030715205974903532,0.18407960199004975,False,0.045871559633027525
YFF,16,36,109,7,7,0.11926605504587157,0.5,0.10935779816513763,0.03467480331818962,0.4079601990049751,False,0.13761467889908258,60,0.2,0.11284403669724771,0.03364263613065653,0.2736318407960199,False,0.01834862385321101
YFF,16,37,109,7,7,0.11926605504587157,0.5,0.11146788990825687,0.03363949298717972,0.4577114427860697,False,0.14678899082568808,60,0.2,0.11284403669724771,0.03376812196775933,0.1890547263681592,False,0.027522935779816515
YFF,16,38,109,7,7,0.12844036697247707,0.8,0.11155963302752295,0.033496988693405366,0.30845771144278605,False,0.13761467889908258,60,0.5,0.11683486238532109,0.03266643312286744,0.2885572139303483,False,0.009174311926605505
YFF,16,39,109,7,7,0.11009174311926606,0.5,0.11105504587155962,0.03273007375354279,0.5671641791044776,False,0.12844036697247707,60,0.8,0.11201834862385322,0.035758473164230385,0.3482587064676617,False,0.01834862385321101
YFF,16,40,109,7,7,0.11926605504587157,0.5,0.10495412844036696,0.036123868761307215,0.39303482587064675,False,0.1743119266055046,60,0.2,0.11293577981651376,0.036331099469137866,0.05970149253731343,False,0.05504587155963303
YFF,16,41,109,7,7,0.06422018348623854,0.5,0.10798165137614679,0.03403895940483434,0.9353233830845771,False,0.13761467889908258,60,0.5,0.11733944954128442,0.035270187295464654,0.3283582089552239,False,0.07339449541284404
YFF,16,42,109,7,7,0.08256880733944955,0.2,0.10536697247706421,0.03440070369708069,0.7860696517412935,False,0.1559633027522936,60,0.2,0.11050458715596331,0.03530264029699955,0.12935323383084577,False,0.07339449541284404
YFF,16,43,109,7,7,0.11009174311926606,0.2,0.10899082568807339,0.03214543916124097,0.5223880597014925,False,0.13761467889908258,180,0.2,0.11201834862385322,0.03370029214432443,0.2537313432835821,False,0.027522935779816515
YFF,16,44,109,7,7,0.07339449541284404,0.5,0.10899082568807339,0.03495664581314504,0.8855721393034826,False,0.11926605504587157,60,0.5,0.11045871559633028,0.03172533700734211,0.43283582089552236,False,0.045871559633027525
YFF,16,45,109,7,7,0.11009174311926606,0.8,0.1086238532110092,0.03146563781547397,0.5422885572139303,False,0.12844036697247707,300,0.2,0.11325688073394496,0.033950467239108814,0.35323383084577115,False,0.01834862385321101
YFF,16,46,109,7,7,0.08256880733944955,0.5,0.10821100917431194,0.034880790960145056,0.8009950248756219,False,0.13761467889908258,60,0.5,0.11463302752293579,0.03380564560955067,0.26865671641791045,False,0.05504587155963303
YFF,16,47,109,7,7,0.11009174311926606,0.5,0.10389908256880734,0.03454743829814823,0.42786069651741293,False,0.11009174311926606,60,0.2,0.1143119266055046,0.03749355026625167,0.5472636815920398,False,0.0
YFF,16,48,109,7,7,0.08256880733944955,0.8,0.1111467889908257,0.035871695816633034,0.8308457711442786,False,0.1559633027522936,60,0.2,0.11243119266055046,0.03599904584838824,0.12935323383084577,False,0.07339449541284404
YFF,16,49,109,7,7,0.13761467889908258,0.2,0.11045871559633028,0.036313050393045804,0.2537313432835821,False,0.13761467889908258,60,0.2,0.11646788990825689,0.03618888001248582,0.2736318407960199,False,0.0
YFF,16,50,109,7,7,0.10091743119266056,0.2,0.1089908256880734,0.03891852756312578,0.6169154228855721,False,0.13761467889908258,60,0.2,0.1126605504587156,0.034975999510681956,0.22885572139303484,False,0.03669724770642202
YFF,16,51,109,7,7,0.11926605504587157,0.5,0.11119266055045873,0.034235338812232556,0.43781094527363185,False,0.13761467889908258,300,0.8,0.10821100917431192,0.03518262805035494,0.2537313432835821,False,0.01834862385321101
YFF,16,52,109,7,7,0.045871559633027525,0.2,0.10830275229357798,0.03733367161001918,0.9751243781094527,False,0.13761467889908258,60,0.2,0.11330275229357799,0.034862021355490616,0.25870646766169153,False,0.09174311926605505
YFF,16,53,109,7,7,0.03669724770642202,0.5,0.10889908256880734,0.032857918470853106,0.9900497512437811,False,0.14678899082568808,60,0.2,0.11646788990825689,0.03745243765183986,0.21890547263681592,False,0.11009174311926606
YFF,16,54,109,7,7,0.13761467889908258,0.2,0.10788990825688075,0.03689541258358339,0.23383084577114427,False,0.1559633027522936,60,0.5,0.11178899082568808,0.03364361044550929,0.11940298507462686,False,0.01834862385321101
YFF,17,27,109,7,7,0.13761467889908258,0.5,0.11288990825688075,0.034758105409264266,0.2835820895522388,False,0.1651376146788991,100,0.8,0.11045871559633028,0.034214082761019414,0.09950248756218906,False,0.027522935779816515
YFF,17,28,109,7,7,0.14678899082568808,0.8,0.11100917431192663,0.03421606062515733,0.18407960199004975,False,0.1743119266055046,300,0.2,0.11169724770642202,0.03331971493243414,0.05970149253731343,False,0.027522935779816515
YFF,17,29,109,7,7,0.11926605504587157,0.2,0.1138073394495413,0.034524904335985804,0.472636815920398,False,0.1926605504587156,180,0.8,0.11302752293577982,0.032940839740002004,0.01990049751243781,True,0.07339449541284404
YFF,17,30,109,7,7,0.1559633027522936,0.2,0.11270642201834863,0.03452833436585732,0.13930348258706468,False,0.1743119266055046,180,0.2,0.11137614678899084,0.036034774618037564,0.07462686567164178,False,0.01834862385321101
YFF,17,31,109,7,7,0.11926605504587157,0.8,0.10889908256880734,0.03743111582368829,0.4577114427860697,False,0.21100917431192662,150,0.2,0.11000000000000001,0.034743408811899884,0.014925373134328358,True,0.09174311926605505
YFF,17,32,109,7,7,0.1834862385321101,0.2,0.11032110091743119,0.03407283339607905,0.03980099502487562,True,0.1834862385321101,900,0.2,0.11032110091743119,0.03407283339607905,0.03980099502487562,True,0.0
YFF,17,33,109,7,7,0.12844036697247707,0.2,0.11293577981651377,0.03533967157734761,0.40298507462686567,False,0.1926605504587156,300,0.5,0.11252293577981652,0.03522083628862199,0.024875621890547265,True,0.06422018348623854
YFF,17,34,109,7,7,0.12844036697247707,0.2,0.11119266055045872,0.03508948690785256,0.34328358208955223,False,0.1559633027522936,300,0.5,0.11036697247706422,0.03213688562489236,0.09950248756218906,False,0.027522935779816515
YFF,17,35,109,7,7,0.1651376146788991,0.2,0.10720183486238533,0.03439578536736663,0.07960199004975124,False,0.1651376146788991,150,0.5,0.11577981651376147,0.03627482660955801,0.12437810945273632,False,0.0
YFF,17,36,109,7,7,0.1651376146788991,0.2,0.11435779816513762,0.03351513458858957,0.09950248756218906,False,0.2018348623853211,150,0.2,0.11,0.03513080644081328,0.014925373134328358,True,0.03669724770642202
YFF,17,37,109,7,7,0.14678899082568808,0.8,0.11178899082568808,0.03424173158261436,0.19900497512437812,False,0.1559633027522936,150,0.5,0.11100917431192661,0.03307205824372052,0.1044776119402985,False,0.009174311926605505
YFF,17,38,109,7,7,0.11926605504587157,0.2,0.11206422018348626,0.035512638618801814,0.48258706467661694,False,0.13761467889908258,150,0.2,0.11504587155963303,0.03845145682664679,0.3333333333333333,False,0.01834862385321101
YFF,17,39,109,7,7,0.1743119266055046,0.5,0.10623853211009177,0.036214145246580745,0.05472636815920398,False,0.1926605504587156,90,0.2,0.11087155963302753,0.03397761481553875,0.01990049751243781,True,0.01834862385321101
YFF,17,40,109,7,7,0.1834862385321101,0.8,0.1088073394495413,0.03313645153848761,0.014925373134328358,True,0.24770642201834864,300,0.2,0.10830275229357798,0.03383940943395961,0.004975124378109453,True,0.06422018348623854
YFF,17,41,109,7,7,0.10091743119266056,0.2,0.10752293577981653,0.03628182177452065,0.6268656716417911,False,0.1834862385321101,100,0.8,0.11192660550458716,0.03556170361150136,0.03980099502487562,True,0.08256880733944955
YFF,17,42,109,7,7,0.13761467889908258,0.8,0.10963302752293579,0.03254024074758777,0.23383084577114427,False,0.1559633027522936,150,0.8,0.11045871559633028,0.03534505688902237,0.11442786069651742,False,0.01834862385321101
YFF,17,43,109,7,7,0.14678899082568808,0.2,0.1088532110091743,0.03222582986496914,0.14925373134328357,False,0.14678899082568808,900,0.2,0.1088532110091743,0.03222582986496914,0.14925373134328357,False,0.0
YFF,17,44,109,7,7,0.1651376146788991,0.5,0.10848623853211009,0.033911077122443796,0.04975124378109453,True,0.1651376146788991,900,0.5,0.10848623853211009,0.033911077122443796,0.04975124378109453,True,0.0
YFF,17,45,109,7,7,0.11926605504587157,0.5,0.1086238532110092,0.03494309184688416,0.4527363184079602,False,0.1651376146788991,60,0.5,0.12036697247706422,0.035185783603383446,0.14427860696517414,False,0.045871559633027525
YFF,17,46,109,7,7,0.1834862385321101,0.2,0.10954128440366974,0.03855910327786425,0.04975124378109453,True,0.1834862385321101,150,0.2,0.11206422018348626,0.0347054975821487,0.05472636815920398,False,0.0
YFF,17,47,109,7,7,0.1651376146788991,0.2,0.10715596330275229,0.0335388829748719,0.05970149253731343,False,0.1651376146788991,900,0.2,0.10715596330275229,0.0335388829748719,0.05970149253731343,False,0.0
YFF,17,48,109,7,7,0.1834862385321101,0.2,0.10646788990825687,0.03387938224599533,0.01990049751243781,True,0.2018348623853211,150,0.2,0.11261467889908257,0.03503372481771266,0.029850746268656716,True,0.01834862385321101
YFF,17,49,109,7,7,0.1651376146788991,0.2,0.10990825688073395,0.033942524337789486,0.08955223880597014,False,0.1651376146788991,900,0.2,0.10990825688073395,0.033942524337789486,0.08955223880597014,False,0.0
YFF,17,50,109,7,7,0.12844036697247707,0.5,0.10816513761467891,0.03438364022854827,0.30845771144278605,False,0.1559633027522936,150,0.5,0.11110091743119266,0.032657530374499436,0.12935323383084577,False,0.027522935779816515
YFF,17,51,109,7,7,0.1651376146788991,0.5,0.10908256880733946,0.036347394156854625,0.0845771144278607,False,0.21100917431192662,180,0.8,0.1111467889908257,0.034587081979795674,0.014925373134328358,True,0.045871559633027525
YFF,17,52,109,7,7,0.1743119266055046,0.2,0.10646788990825691,0.03674214095099022,0.03980099502487562,True,0.1743119266055046,900,0.2,0.10646788990825691,0.03674214095099022,0.03980099502487562,True,0.0
YFF,17,53,109,7,7,0.13761467889908258,0.8,0.1094954128440367,0.035976480590459284,0.2736318407960199,False,0.2018348623853211,60,0.2,0.11559633027522936,0.03458491131886251,0.009950248756218905,True,0.06422018348623854
YFF,17,54,109,7,7,0.14678899082568808,0.5,0.10802752293577983,0.03511211025585802,0.18407960199004975,False,0.1834862385321101,150,0.2,0.10981651376146788,0.03644175966479168,0.04477611940298507,True,0.03669724770642202
YFF,27,28,109,7,7,0.07339449541284404,0.8,0.10903669724770643,0.03321469840853971,0.8606965174129353,False,0.1559633027522936,100,0.2,0.11091743119266056,0.03806840903553525,0.14925373134328357,False,0.08256880733944955
YFF,27,29,109,7,7,0.10091743119266056,0.5,0.11233944954128441,0.033535572455940674,0.6865671641791045,False,0.1651376146788991,180,0.5,0.11137614678899084,0.032995748447517494,0.07960199004975124,False,0.06422018348623854
YFF,27,30,109,7,7,0.06422018348623854,0.5,0.10995412844036696,0.03301416984534064,0.945273631840796,False,0.1559633027522936,60,0.5,0.11435779816513762,0.034028613513793084,0.13432835820895522,False,0.09174311926605505
YFF,27,31,109,7,7,0.09174311926605505,0.2,0.10784403669724771,0.034110796807350185,0.746268656716418,False,0.2018348623853211,60,0.2,0.11467889908256881,0.035442568591209,0.029850746268656716,True,0.11009174311926606
YFF,27,32,109,7,7,0.06422018348623854,0.5,0.11064220183486238,0.0323301664889917,0.945273631840796,False,0.1651376146788991,90,0.2,0.11192660550458715,0.03277659404260455,0.07960199004975124,False,0.10091743119266056
YFF,27,33,109,7,7,0.11009174311926606,0.2,0.1089908256880734,0.032368344428863806,0.5323383084577115,False,0.1743119266055046,100,0.2,0.1134862385321101,0.036120004763781896,0.06965174129353234,False,0.06422018348623854
YFF,27,34,109,7,7,0.09174311926605505,0.2,0.11151376146788992,0.03570529588764348,0.746268656716418,False,0.1834862385321101,60,0.2,0.11853211009174312,0.03455261046209706,0.05472636815920398,False,0.09174311926605505
YFF,27,35,109,7,7,0.09174311926605505,0.2,0.11022935779816515,0.035992935821256004,0.736318407960199,False,0.22018348623853212,150,0.2,0.1127064220183486,0.035207624293252776,0.004975124378109453,True,0.12844036697247707
YFF,27,36,109,7,7,0.13761467889908258,0.2,0.10784403669724771,0.031209977918203253,0.21890547263681592,False,0.1743119266055046,60,0.5,0.11788990825688074,0.034910516626864306,0.06467661691542288,False,0.03669724770642202
YFF,27,37,109,7,7,0.06422018348623854,0.8,0.10839449541284406,0.033277036333198465,0.9402985074626866,False,0.1559633027522936,90,0.5,0.11178899082568808,0.03369385941047815,0.13432835820895522,False,0.09174311926605505
YFF,27,38,109,7,7,0.07339449541284404,0.5,0.11183486238532112,0.03455297768690346,0.8955223880597015,False,0.1651376146788991,100,0.5,0.11637614678899083,0.035509065445422844,0.11442786069651742,False,0.09174311926605505
YFF,27,39,109,7,7,0.07339449541284404,0.2,0.11192660550458715,0.03716679002020923,0.8756218905472637,False,0.1651376146788991,60,0.2,0.11715596330275231,0.033042758716959726,0.09950248756218906,False,0.09174311926605505
YFF,27,40,109,7,7,0.12844036697247707,0.2,0.10619266055045871,0.032301339746857755,0.2885572139303483,False,0.1559633027522936,225,0.2,0.1111467889908257,0.03747479135306927,0.14427860696517414,False,0.027522935779816515
YFF,27,41,109,7,7,0.06422018348623854,0.5,0.10990825688073395,0.035058133530606425,0.9402985074626866,False,0.1743119266055046,75,0.2,0.11288990825688075,0.03124654664783546,0.06467661691542288,False,0.11009174311926606
YFF,27,42,109,7,7,0.05504587155963303,0.5,0.10977064220183486,0.03368507125262447,0.9651741293532339,False,0.14678899082568808,60,0.5,0.11417431192660552,0.03428641676107502,0.22388059701492538,False,0.09174311926605505
YFF,27,43,109,7,7,0.06422018348623854,0.5,0.11068807339449542,0.03277759410059142,0.9552238805970149,False,0.1743119266055046,90,0.2,0.11211009174311926,0.03404455046931002,0.05970149253731343,False,0.11009174311926606
YFF,27,44,109,7,7,0.06422018348623854,0.8,0.11,0.03228238057178213,0.9402985074626866,False,0.14678899082568808,90,0.5,0.11215596330275229,0.03386115050379188,0.17412935323383086,False,0.08256880733944955
YFF,27,45,109,7,7,0.09174311926605505,0.8,0.11045871559633028,0.03296753576811157,0.7313432835820896,False,0.13761467889908258,60,0.5,0.11876146788990827,0.03595437171942611,0.32338308457711445,False,0.045871559633027525
YFF,27,46,109,7,7,0.06422018348623854,0.2,0.11192660550458716,0.03520308903382097,0.9353233830845771,False,0.14678899082568808,60,0.5,0.11412844036697248,0.03372601081023083,0.19402985074626866,False,0.08256880733944955
YFF,27,47,109,7,7,0.10091743119266056,0.2,0.10743119266055047,0.033448340762934514,0.6268656716417911,False,0.11009174311926606,60,0.2,0.11743119266055047,0.03646600880830075,0.5970149253731343,False,0.009174311926605505
YFF,27,48,109,7,7,0.045871559633027525,0.8,0.1113302752293578,0.03416258714900838,0.9850746268656716,False,0.1559633027522936,60,0.5,0.11458715596330275,0.033174084067362046,0.11940298507462686,False,0.11009174311926606
YFF,27,49,109,7,7,0.06422018348623854,0.2,0.11243119266055046,0.03331412917938344,0.9353233830845771,False,0.13761467889908258,75,0.2,0.11596330275229358,0.03220433097601309,0.26865671641791045,False,0.07339449541284404
YFF,27,50,109,7,7,0.09174311926605505,0.5,0.11050458715596331,0.032391040256419625,0.746268656716418,False,0.1743119266055046,60,0.2,0.11431192660550459,0.03422644253671213,0.05970149253731343,False,0.08256880733944955
YFF,27,51,109,7,7,0.07339449541284404,0.8,0.11201834862385322,0.035089848514101414,0.9104477611940298,False,0.1651376146788991,75,0.2,0.11270642201834864,0.035026963403359306,0.10945273631840796,False,0.09174311926605505
YFF,27,52,109,7,7,0.09174311926605505,0.2,0.10720183486238533,0.034173727910493855,0.7164179104477612,False,0.1834862385321101,100,0.2,0.10954128440366974,0.03408775706701715,0.05472636815920398,False,0.09174311926605505
YFF,27,53,109,7,7,0.08256880733944955,0.8,0.10903669724770644,0.03355675413350461,0.7810945273631841,False,0.13761467889908258,180,0.2,0.1111467889908257,0.030741358236236006,0.22388059701492538,False,0.05504587155963303
YFF,27,54,109,7,7,0.05504587155963303,0.8,0.11183486238532112,0.034540734756091644,0.9701492537313433,False,0.1834862385321101,225,0.2,0.1111467889908257,0.033644867584273215,0.04477611940298507,True,0.12844036697247707
YFF,28,29,109,7,7,0.1559633027522936,0.2,0.11022935779816516,0.031787102946410295,0.0845771144278607,False,0.1743119266055046,180,0.2,0.11110091743119266,0.03377801547999583,0.029850746268656716,True,0.01834862385321101
YFF,28,30,109,7,7,0.06422018348623854,0.2,0.10206422018348625,0.02760636932066468,0.9552238805970149,False,0.11009174311926606,75,0.2,0.10105504587155963,0.027491837732194067,0.38308457711442784,False,0.045871559633027525
YFF,28,31,109,7,7,0.08256880733944955,0.2,0.10591743119266055,0.034692333160516606,0.7512437810945274,False,0.2018348623853211,100,0.2,0.10972477064220185,0.034850979258959136,0.009950248756218905,True,0.11926605504587157
YFF,28,32,109,7,7,0.08256880733944955,0.2,0.0984862385321101,0.025329890522111386,0.8009950248756219,False,0.11926605504587157,60,0.8,0.10137614678899083,0.026857947819283887,0.31343283582089554,False,0.03669724770642202
YFF,28,33,109,7,7,0.11926605504587157,0.2,0.10903669724770644,0.034648171489733245,0.46766169154228854,False,0.1834862385321101,300,0.8,0.11146788990825687,0.032449127894662616,0.03482587064676617,True,0.06422018348623854
YFF,28,34,109,7,7,0.11009174311926606,0.2,0.10688073394495413,0.03355136542151024,0.4925373134328358,False,0.2018348623853211,180,0.2,0.10995412844036698,0.03568610066913723,0.029850746268656716,True,0.09174311926605505
YFF,28,35,109,7,7,0.10091743119266056,0.2,0.10743119266055047,0.03367518183367199,0.6218905472636815,False,0.1834862385321101,150,0.2,0.11146788990825689,0.035511120064046706,0.04975124378109453,True,0.08256880733944955
YFF,28,36,109,7,7,0.1559633027522936,0.2,0.10844036697247705,0.03179086162989312,0.09950248756218906,False,0.1651376146788991,150,0.5,0.11532110091743121,0.03297613036749713,0.0845771144278607,False,0.009174311926605505
YFF,28,37,109,7,7,0.06422018348623854,0.2,0.09688073394495414,0.029006472826453935,0.945273631840796,False,0.09174311926605505,75,0.5,0.09752293577981652,0.02765799083440195,0.6069651741293532,False,0.027522935779816515
YFF,28,38,109,7,7,0.06422018348623854,0.8,0.11146788990825689,0.03196321711136457,0.945273631840796,False,0.1651376146788991,60,0.2,0.11522935779816514,0.03611215840604347,0.11940298507462686,False,0.10091743119266056
YFF,28,39,109,7,7,0.13761467889908258,0.5,0.10917431192660551,0.03384319013443175,0.24875621890547264,False,0.2018348623853211,300,0.8,0.10591743119266056,0.03348887508779673,0.014925373134328358,True,0.06422018348623854
YFF,28,40,109,7,7,0.1743119266055046,0.5,0.10669724770642203,0.03226036217020113,0.03482587064676617,True,0.1926605504587156,300,0.2,0.10912844036697247,0.034772704569686425,0.01990049751243781,True,0.01834862385321101
YFF,28,41,109,7,7,0.045871559633027525,0.2,0.10756880733944955,0.033566331929890954,0.9900497512437811,False,0.1834862385321101,60,0.8,0.11775229357798166,0.03469208932782026,0.04477611940298507,True,0.13761467889908258
YFF,28,42,109,7,7,0.027522935779816515,0.2,0.10128440366972477,0.028420208762448385,1.0,False,0.09174311926605505,90,0.2,0.10426605504587158,0.030101815017103375,0.6716417910447762,False,0.06422018348623854
YFF,28,43,109,7,7,0.08256880733944955,0.5,0.1076605504587156,0.03378662298271693,0.7810945273631841,False,0.11926605504587157,300,0.2,0.11091743119266056,0.032610872662562344,0.4129353233830846,False,0.03669724770642202
YFF,28,44,109,7,7,0.08256880733944955,0.2,0.10509174311926606,0.03120049013999707,0.8208955223880597,False,0.11009174311926606,100,0.5,0.10990825688073395,0.03141882553393753,0.5472636815920398,False,0.027522935779816515
YFF,28,45,109,7,7,0.14678899082568808,0.2,0.1074770642201835,0.03446703245676347,0.15422885572139303,False,0.14678899082568808,900,0.2,0.1074770642201835,0.03446703245676347,0.15422885572139303,False,0.0
YFF,28,46,109,7,7,0.1559633027522936,0.8,0.10399082568807341,0.03186418348339277,0.07960199004975124,False,0.1559633027522936,900,0.8,0.10399082568807341,0.03186418348339277,0.07960199004975124,False,0.0
YFF,28,47,109,7,7,0.12844036697247707,0.8,0.10747706422018348,0.032845912920640125,0.2835820895522388,False,0.1559633027522936,450,0.2,0.10880733944954128,0.03692749675279335,0.11940298507462686,False,0.027522935779816515
YFF,28,48,109,7,7,0.10091743119266056,0.2,0.1036697247706422,0.03037906037387951,0.5671641791044776,False,0.13761467889908258,100,0.2,0.10573394495412844,0.03120238792643586,0.1791044776119403,False,0.03669724770642202
YFF,28,49,109,7,7,0.11926605504587157,0.2,0.10788990825688075,0.03336794830684407,0.4079601990049751,False,0.14678899082568808,60,0.8,0.11628440366972477,0.0354418227380625,0.25870646766169153,False,0.027522935779816515
YFF,28,50,109,7,7,0.11009174311926606,0.2,0.10266055045871561,0.03294892783972351,0.4427860696517413,False,0.12844036697247707,60,0.8,0.10862385321100917,0.03333243806704661,0.3283582089552239,False,0.01834862385321101
YFF,28,51,109,7,7,0.1651376146788991,0.8,0.10917431192660551,0.03323789795562696,0.06965174129353234,False,0.25688073394495414,90,0.2,0.11261467889908257,0.035513353210335864,0.004975124378109453,True,0.09174311926605505
YFF,28,52,109,7,7,0.10091743119266056,0.8,0.1001376146788991,0.03306921259424204,0.5223880597014925,False,0.1651376146788991,60,0.8,0.11188073394495411,0.03506702988472644,0.07960199004975124,False,0.06422018348623854
YFF,28,53,109,7,7,0.07339449541284404,0.2,0.10495412844036699,0.03152204281461887,0.8905472636815921,False,0.1926605504587156,60,0.2,0.11637614678899083,0.03752441856893121,0.03482587064676617,True,0.11926605504587157
YFF,28,54,109,7,7,0.11926605504587157,0.2,0.0993119266055046,0.030703636821496145,0.27860696517412936,False,0.1559633027522936,60,0.2,0.10940366972477066,0.028451407019044517,0.07960199004975124,False,0.03669724770642202
YFF,29,30,109,7,7,0.14678899082568808,0.5,0.11174311926605504,0.031199981784742568,0.14925373134328357,False,0.1834862385321101,180,0.2,0.10940366972477066,0.032633529425066844,0.029850746268656716,True,0.03669724770642202
YFF,29,31,109,7,7,0.14678899082568808,0.8,0.11458715596330275,0.033667645088516204,0.1890547263681592,False,0.22018348623853212,225,0.2,0.10986238532110093,0.033811150161988865,0.009950248756218905,True,0.07339449541284404
YFF,29,32,109,7,7,0.12844036697247707,0.2,0.11045871559633028,0.02968673771510877,0.3034825870646766,False,0.1834862385321101,180,0.2,0.11142201834862388,0.03275590858141922,0.01990049751243781,True,0.05504587155963303
YFF,29,33,109,7,7,0.1743119266055046,0.5,0.11137614678899084,0.03330197058126091,0.03980099502487562,True,0.1743119266055046,900,0.5,0.11137614678899084,0.03330197058126091,0.03980099502487562,True,0.0
YFF,29,34,109,7,7,0.11009174311926606,0.5,0.11206422018348626,0.03273627597164981,0.5572139303482587,False,0.1743119266055046,60,0.8,0.11720183486238532,0.03235367347931017,0.07462686567164178,False,0.06422018348623854
YFF,29,35,109,7,7,0.13761467889908258,0.8,0.11155963302752295,0.03201200797067272,0.2537313432835821,False,0.1926605504587156,75,0.2,0.11555045871559633,0.03479337622752846,0.03482587064676617,True,0.05504587155963303
YFF,29,36,109,7,7,0.1559633027522936,0.5,0.11009174311926605,0.0303372638940446,0.08955223880597014,False,0.21100917431192662,150,0.2,0.11311926605504588,0.034167941357214696,0.009950248756218905,True,0.05504587155963303
YFF,29,37,109,7,7,0.14678899082568808,0.2,0.11206422018348623,0.030474662460277507,0.14427860696517414,False,0.1834862385321101,180,0.5,0.11128440366972478,0.03384706413314159,0.03482587064676617,True,0.03669724770642202
YFF,29,38,109,7,7,0.13761467889908258,0.8,0.1138073394495413,0.033086091068563216,0.22885572139303484,False,0.2018348623853211,60,0.2,0.11646788990825688,0.03344337722626941,0.024875621890547265,True,0.06422018348623854
YFF,29,39,109,7,7,0.11009174311926606,0.8,0.1089908256880734,0.03409917035116355,0.5174129353233831,False,0.1743119266055046,60,0.8,0.11761467889908257,0.03467968207714024,0.07462686567164178,False,0.06422018348623854
YFF,29,40,109,7,7,0.21100917431192662,0.2,0.10967889908256882,0.03533856449492892,0.014925373134328358,True,0.21100917431192662,900,0.2,0.10967889908256882,0.03533856449492892,0.014925373134328358,True,0.0
YFF,29,41,109,7,7,0.08256880733944955,0.2,0.11435779816513762,0.032424711803016884,0.8805970149253731,False,0.1743119266055046,60,0.5,0.11688073394495416,0.03617768757359452,0.07960199004975124,False,0.09174311926605505
YFF,29,42,109,7,7,0.09174311926605505,0.8,0.11009174311926608,0.03097194568414434,0.7661691542288557,False,0.2018348623853211,180,0.2,0.10954128440366973,0.030816422360101306,0.009950248756218905,True,0.11009174311926606
YFF,29,43,109,7,7,0.06422018348623854,0.2,0.10977064220183488,0.03197151945630969,0.9502487562189055,False,0.13761467889908258,90,0.8,0.11779816513761468,0.03388615421224782,0.31840796019900497,False,0.07339449541284404
YFF,29,44,109,7,7,0.09174311926605505,0.5,0.11224770642201834,0.030697299485092935,0.8009950248756219,False,0.1743119266055046,180,0.5,0.11105504587155962,0.03285904477190511,0.05970149253731343,False,0.08256880733944955
YFF,29,45,109,7,7,0.13761467889908258,0.2,0.10931192660550462,0.032670317198231526,0.22885572139303484,False,0.1651376146788991,180,0.2,0.11376146788990826,0.03421606062515733,0.0845771144278607,False,0.027522935779816515
YFF,29,46,109,7,7,0.10091743119266056,0.2,0.11022935779816515,0.03443142734053832,0.6616915422885572,False,0.2018348623853211,180,0.5,0.11311926605504588,0.035847310119241714,0.01990049751243781,True,0.10091743119266056
YFF,29,47,109,7,7,0.11009174311926606,0.2,0.10761467889908256,0.033613833952272264,0.48258706467661694,False,0.12844036697247707,60,0.8,0.11811926605504587,0.03407903945840383,0.42786069651741293,False,0.01834862385321101
YFF,29,48,109,7,7,0.12844036697247707,0.2,0.11004587155963304,0.030204491804429037,0.3034825870646766,False,0.1834862385321101,180,0.8,0.11151376146788992,0.03366899554607984,0.024875621890547265,True,0.05504587155963303
YFF,29,49,109,7,7,0.08256880733944955,0.5,0.11495412844036698,0.034449019639522564,0.8656716417910447,False,0.12844036697247707,60,0.5,0.12128440366972476,0.036940322617885345,0.4975124378109453,False,0.045871559633027525
YFF,29,50,109,7,7,0.11009174311926606,0.2,0.1074770642201835,0.03297443086696097,0.5124378109452736,False,0.1651376146788991,90,0.5,0.11426605504587156,0.033828158570224906,0.11442786069651742,False,0.05504587155963303
YFF,29,51,109,7,7,0.1743119266055046,0.5,0.11288990825688075,0.03186312157181155,0.03980099502487562,True,0.1926605504587156,450,0.5,0.11385321100917432,0.030892502084301027,0.009950248756218905,True,0.01834862385321101
YFF,29,52,109,7,7,0.11009174311926606,0.2,0.10610091743119268,0.0339003491043838,0.48258706467661694,False,0.2018348623853211,180,0.5,0.11013761467889908,0.032302125379212905,0.004975124378109453,True,0.09174311926605505
YFF,29,53,109,7,7,0.12844036697247707,0.2,0.11165137614678898,0.03503580731193493,0.3781094527363184,False,0.22018348623853212,60,0.8,0.11770642201834863,0.031393911277208,0.004975124378109453,True,0.09174311926605505
YFF,29,54,109,7,7,0.11926605504587157,0.5,0.11151376146788991,0.030643793281160833,0.4577114427860697,False,0.1926605504587156,180,0.5,0.11110091743119266,0.033627420586110686,0.024875621890547265,True,0.07339449541284404
YFF,30,31,109,7,7,0.08256880733944955,0.2,0.10912844036697247,0.033369944635269044,0.8109452736318408,False,0.1834862385321101,60,0.2,0.11463302752293579,0.03411699596393002,0.03980099502487562,True,0.10091743119266056
YFF,30,32,109,7,7,0.07339449541284404,0.2,0.10288990825688074,0.025914253830904264,0.9104477611940298,False,0.11926605504587157,75,0.2,0.10330275229357799,0.02872220083379693,0.3482587064676617,False,0.045871559633027525
YFF,30,33,109,7,7,0.11009174311926606,0.2,0.10931192660550462,0.034052221158082284,0.5472636815920398,False,0.1834862385321101,300,0.8,0.11201834862385322,0.032809998822688424,0.03482587064676617,True,0.07339449541284404
YFF,30,34,109,7,7,0.11009174311926606,0.2,0.10894495412844037,0.03352850892307474,0.5024875621890548,False,0.2018348623853211,225,0.2,0.1098165137614679,0.032736695871026726,0.01990049751243781,True,0.09174311926605505
YFF,30,35,109,7,7,0.09174311926605505,0.2,0.10977064220183486,0.033810399593972584,0.7313432835820896,False,0.1743119266055046,150,0.8,0.11220183486238533,0.03649742748829156,0.05970149253731343,False,0.08256880733944955
YFF,30,36,109,7,7,0.1559633027522936,0.5,0.11013761467889908,0.030358134496614026,0.07462686567164178,False,0.1651376146788991,150,0.5,0.11500000000000002,0.033006482164150974,0.0945273631840796,False,0.009174311926605505
YFF,30,37,109,7,7,0.06422018348623854,0.2,0.10146788990825688,0.027876268414513135,0.9502487562189055,False,0.08256880733944955,60,0.2,0.10206422018348625,0.02809236074771968,0.8009950248756219,False,0.01834862385321101
YFF,30,38,109,7,7,0.07339449541284404,0.2,0.11123853211009176,0.03098474559611952,0.900497512437811,False,0.14678899082568808,60,0.8,0.11417431192660552,0.03332301516458748,0.19900497512437812,False,0.07339449541284404
YFF,30,39,109,7,7,0.14678899082568808,0.8,0.11041284403669724,0.033076885695720495,0.17412935323383086,False,0.1926605504587156,300,0.8,0.1063302752293578,0.033607290280676105,0.014925373134328358,True,0.045871559633027525
YFF,30,40,109,7,7,0.13761467889908258,0.2,0.10848623853211009,0.03399827228538431,0.25870646766169153,False,0.2018348623853211,300,0.5,0.11100917431192661,0.03478003225399779,0.004975124378109453,True,0.06422018348623854
YFF,30,41,109,7,7,0.05504587155963303,0.2,0.10972477064220185,0.03328672638073623,0.9651741293532339,False,0.1834862385321101,60,0.8,0.11701834862385323,0.03493168186728799,0.03980099502487562,True,0.12844036697247707
YFF,30,42,109,7,7,0.03669724770642202,0.2,0.10224770642201836,0.03232699386182137,0.9950248756218906,False,0.09174311926605505,75,0.2,0.10495412844036699,0.03047136604341634,0.6965174129353234,False,0.05504587155963303
YFF,30,43,109,7,7,0.09174311926605505,0.5,0.10839449541284404,0.03399379341815769,0.7213930348258707,False,0.11926605504587157,180,0.5,0.11417431192660552,0.036299740731819616,0.46766169154228854,False,0.027522935779816515
YFF,30,44,109,7,7,0.08256880733944955,0.2,0.10646788990825687,0.03057193708363058,0.8009950248756219,False,0.13761467889908258,75,0.2,0.11027522935779817,0.03433895839614994,0.24875621890547264,False,0.05504587155963303
YFF,30,45,109,7,7,0.12844036697247707,0.2,0.10816513761467891,0.035089848514101414,0.32338308457711445,False,0.12844036697247707,75,0.2,0.11307339449541284,0.035262361745658395,0.373134328358209,False,0.0
YFF,30,46,109,7,7,0.1651376146788991,0.5,0.10697247706422018,0.03354745727607403,0.0845771144278607,False,0.1651376146788991,900,0.5,0.10697247706422018,0.03354745727607403,0.0845771144278607,False,0.0
YFF,30,47,109,7,7,0.13761467889908258,0.2,0.1074770642201835,0.03344565358930709,0.23383084577114427,False,0.14678899082568808,75,0.2,0.11013761467889908,0.03647177865697944,0.1791044776119403,False,0.009174311926605505
YFF,30,48,109,7,7,0.09174311926605505,0.2,0.10619266055045873,0.03363556364479359,0.6965174129353234,False,0.1559633027522936,100,0.2,0.11119266055045873,0.032641596490152844,0.11442786069651742,False,0.06422018348623854
YFF,30,49,109,7,7,0.14678899082568808,0.2,0.10954128440366973,0.03240856557226423,0.17412935323383086,False,0.14678899082568808,900,0.2,0.10954128440366973,0.03240856557226423,0.17412935323383086,False,0.0
YFF,30,50,109,7,7,0.10091743119266056,0.2,0.10233944954128442,0.03171543662627491,0.5621890547263682,False,0.12844036697247707,60,0.8,0.11004587155963304,0.0339865762238949,0.35323383084577115,False,0.027522935779816515
YFF,30,51,109,7,7,0.1651376146788991,0.8,0.10908256880733946,0.03371534935399574,0.07960199004975124,False,0.24770642201834864,90,0.2,0.11307339449541284,0.035262361745658395,0.004975124378109453,True,0.08256880733944955
YFF,30,52,109,7,7,0.11009174311926606,0.2,0.09857798165137616,0.03238712268835725,0.417910447761194,False,0.14678899082568808,100,0.2,0.11137614678899084,0.03424126837849356,0.19402985074626866,False,0.03669724770642202
YFF,30,53,109,7,7,0.06422018348623854,0.2,0.10779816513761467,0.03304327072202231,0.9303482587064676,False,0.1926605504587156,60,0.2,0.11788990825688074,0.0359961378398151,0.024875621890547265,True,0.12844036697247707
YFF,30,54,109,7,7,0.12844036697247707,0.2,0.10380733944954126,0.030925172498429375,0.24875621890547264,False,0.1559633027522936,60,0.5,0.1111467889908257,0.030409361670796074,0.11940298507462686,False,0.027522935779816515
YFF,31,32,109,7,7,0.06422018348623854,0.2,0.10669724770642203,0.03548204657179698,0.9154228855721394,False,0.2018348623853211,60,0.2,0.11463302752293579,0.032673165226712826,0.014925373134328358,True,0.13761467889908258
YFF,31,33,109,7,7,0.10091743119266056,0.5,0.10761467889908256,0.03145582377191347,0.6467661691542289,False,0.23853211009174313,60,0.5,0.1191743119266055,0.03409209952759316,0.009950248756218905,True,0.13761467889908258
YFF,31,34,109,7,7,0.07339449541284404,0.5,0.10944954128440369,0.03449319104507016,0.8706467661691543,False,0.1926605504587156,60,0.2,0.11903669724770641,0.03548356637078133,0.04975124378109453,True,0.11926605504587157
YFF,31,35,109,7,7,0.11926605504587157,0.2,0.10798165137614682,0.03540328552483171,0.44776119402985076,False,0.1926605504587156,150,0.2,0.11201834862385322,0.031881600419926305,0.024875621890547265,True,0.07339449541284404
YFF,31,36,109,7,7,0.11009174311926606,0.2,0.11041284403669724,0.03161231561810935,0.5522388059701493,False,0.22018348623853212,150,0.5,0.11261467889908257,0.0323078860994095,0.004975124378109453,True,0.11009174311926606
YFF,31,37,109,7,7,0.07339449541284404,0.8,0.10811926605504589,0.03561966714524936,0.8756218905472637,False,0.1926605504587156,60,0.2,0.11233944954128441,0.0314125988222768,0.014925373134328358,True,0.11926605504587157
YFF,31,38,109,7,7,0.09174311926605505,0.5,0.10821100917431194,0.03455184539788155,0.7263681592039801,False,0.1651376146788991,60,0.2,0.11642201834862385,0.03151868819956539,0.07960199004975124,False,0.07339449541284404
YFF,31,39,109,7,7,0.08256880733944955,0.2,0.10830275229357798,0.035379234488631235,0.7761194029850746,False,0.22935779816513763,300,0.2,0.10591743119266055,0.031037391489691875,0.004975124378109453,True,0.14678899082568808
YFF,31,40,109,7,7,0.11009174311926606,0.2,0.10674311926605505,0.03543275190759399,0.4975124378109453,False,0.26605504587155965,150,0.2,0.11192660550458715,0.035692292847377495,0.004975124378109453,True,0.1559633027522936
YFF,31,41,109,7,7,0.07339449541284404,0.2,0.11091743119266056,0.03468492597763674,0.8855721393034826,False,0.1926605504587156,60,0.5,0.11972477064220184,0.03520008522912812,0.03980099502487562,True,0.11926605504587157
YFF,31,42,109,7,7,0.08256880733944955,0.5,0.10660550458715598,0.03206639676707091,0.835820895522388,False,0.1743119266055046,60,0.2,0.11444954128440368,0.03260759763697351,0.04975124378109453,True,0.09174311926605505
YFF,31,43,109,7,7,0.06422018348623854,0.2,0.10623853211009175,0.034515868251030646,0.9303482587064676,False,0.13761467889908258,300,0.2,0.11399082568807341,0.03427086996696323,0.31840796019900497,False,0.07339449541284404
YFF,31,44,109,7,7,0.05504587155963303,0.8,0.10669724770642201,0.03679290009651276,0.9701492537313433,False,0.1926605504587156,300,0.5,0.1088532110091743,0.034174965548696076,0.01990049751243781,True,0.13761467889908258
YFF,31,45,109,7,7,0.07339449541284404,0.2,0.11,0.035238994694097484,0.8855721393034826,False,0.1651376146788991,225,0.2,0.1098165137614679,0.03653449224765836,0.09950248756218906,False,0.09174311926605505
YFF,31,46,109,7,7,0.07339449541284404,0.8,0.10715596330275229,0.0340520037939323,0.8805970149253731,False,0.1834862385321101,60,0.2,0.11605504587155963,0.03283783164816633,0.04477611940298507,True,0.11009174311926606
YFF,31,47,109,7,7,0.09174311926605505,0.5,0.1072935779816514,0.03436650675192986,0.7313432835820896,False,0.1743119266055046,60,0.8,0.11926605504587157,0.03629161274030815,0.09950248756218906,False,0.08256880733944955
YFF,31,48,109,7,7,0.07339449541284404,0.8,0.10743119266055047,0.03620515109199102,0.8606965174129353,False,0.1743119266055046,60,0.2,0.11353211009174313,0.03392354729601995,0.05472636815920398,False,0.10091743119266056
YFF,31,49,109,7,7,0.09174311926605505,0.8,0.10986238532110093,0.034809661706130444,0.7263681592039801,False,0.14678899082568808,60,0.8,0.11977064220183486,0.03445254929779856,0.2537313432835821,False,0.05504587155963303
YFF,31,50,109,7,7,0.09174311926605505,0.2,0.1051376146788991,0.035056685774683745,0.7014925373134329,False,0.1926605504587156,100,0.5,0.11247706422018348,0.035169912811806134,0.03482587064676617,True,0.10091743119266056
YFF,31,51,109,7,7,0.14678899082568808,0.2,0.10871559633027525,0.034655159367606,0.1791044776119403,False,0.2018348623853211,60,0.5,0.11504587155963303,0.03278743175437985,0.014925373134328358,True,0.05504587155963303
YFF,31,52,109,7,7,0.11009174311926606,0.8,0.10692660550458716,0.03396292294981061,0.5124378109452736,False,0.1926605504587156,100,0.5,0.11055045871559634,0.03500730563014441,0.029850746268656716,True,0.08256880733944955
YFF,31,53,109,7,7,0.07339449541284404,0.5,0.11018348623853211,0.03269894800589863,0.8955223880597015,False,0.1651376146788991,60,0.2,0.11412844036697249,0.034751320796085346,0.1044776119402985,False,0.09174311926605505
YFF,31,54,109,7,7,0.10091743119266056,0.2,0.10362385321100918,0.033690344422424585,0.5920398009950248,False,0.1926605504587156,300,0.5,0.11087155963302753,0.03523644407815826,0.029850746268656716,True,0.09174311926605505
YFF,32,33,109,7,7,0.11926605504587157,0.2,0.11045871559633028,0.03207008974566002,0.4577114427860697,False,0.1743119266055046,100,0.2,0.11426605504587156,0.03477756959459761,0.04975124378109453,True,0.05504587155963303
YFF,32,34,109,7,7,0.12844036697247707,0.2,0.1065137614678899,0.031963746408859336,0.2835820895522388,False,0.1926605504587156,225,0.2,0.11087155963302753,0.034324390390804004,0.029850746268656716,True,0.06422018348623854
YFF,32,35,109,7,7,0.09174311926605505,0.2,0.10706422018348626,0.03340430712633935,0.7213930348258707,False,0.1834862385321101,150,0.2,0.11146788990825687,0.03598438591725579,0.05970149253731343,False,0.09174311926605505
YFF,32,36,109,7,7,0.11926605504587157,0.2,0.11119266055045873,0.030359005244915672,0.4427860696517413,False,0.1651376146788991,150,0.2,0.11426605504587156,0.03273524235023683,0.0945273631840796,False,0.045871559633027525
YFF,32,37,109,7,7,0.07339449541284404,0.2,0.09458715596330275,0.02575893990137346,0.8507462686567164,False,0.10091743119266056,150,0.2,0.09568807339449542,0.025246807683692855,0.42786069651741293,False,0.027522935779816515
YFF,32,38,109,7,7,0.07339449541284404,0.2,0.11009174311926608,0.031365471400088316,0.9054726368159204,False,0.14678899082568808,60,0.8,0.11399082568807341,0.033622986663322876,0.20398009950248755,False,0.07339449541284404
YFF,32,39,109,7,7,0.13761467889908258,0.2,0.10637614678899084,0.03551525871746717,0.21393034825870647,False,0.2018348623853211,300,0.8,0.10623853211009175,0.03358425145138192,0.009950248756218905,True,0.06422018348623854
YFF,32,40,109,7,7,0.14678899082568808,0.8,0.10674311926605505,0.03184957909562153,0.14427860696517414,False,0.21100917431192662,300,0.5,0.1098165137614679,0.035333926340206295,0.004975124378109453,True,0.06422018348623854
YFF,32,41,109,7,7,0.05504587155963303,0.5,0.10853211009174311,0.03469614282383322,0.9502487562189055,False,0.1834862385321101,60,0.8,0.1178440366972477,0.03422962445639241,0.029850746268656716,True,0.12844036697247707
YFF,32,42,109,7,7,0.07339449541284404,0.2,0.10045871559633028,0.02957125272928427,0.835820895522388,False,0.09174311926605505,100,0.2,0.10591743119266056,0.030969180208386862,0.7164179104477612,False,0.01834862385321101
YFF,32,43,109,7,7,0.08256880733944955,0.8,0.10793577981651375,0.03251719380957711,0.8159203980099502,False,0.11009174311926606,300,0.2,0.10995412844036696,0.03172050387400599,0.5323383084577115,False,0.027522935779816515
YFF,32,44,109,7,7,0.11009174311926606,0.5,0.10500000000000002,0.032028618227488134,0.4577114427860697,False,0.11926605504587157,450,0.8,0.1044954128440367,0.031604454225372086,0.3781094527363184,False,0.009174311926605505
YFF,32,45,109,7,7,0.14678899082568808,0.2,0.10688073394495413,0.034039456425530634,0.16417910447761194,False,0.14678899082568808,900,0.2,0.10688073394495413,0.034039456425530634,0.16417910447761194,False,0.0
YFF,32,46,109,7,7,0.07339449541284404,0.2,0.10458715596330276,0.0344255612430786,0.8407960199004975,False,0.14678899082568808,150,0.2,0.11027522935779817,0.03226888297654841,0.1691542288557214,False,0.07339449541284404
YFF,32,47,109,7,7,0.12844036697247707,0.8,0.10711009174311928,0.032360209244940055,0.2885572139303483,False,0.14678899082568808,75,0.5,0.10756880733944955,0.03689194467735063,0.16417910447761194,False,0.01834862385321101
YFF,32,48,109,7,7,0.11926605504587157,0.5,0.10550458715596331,0.02877751623422385,0.3880597014925373,False,0.1651376146788991,225,0.2,0.10811926605504589,0.03110654096733567,0.06467661691542288,False,0.045871559633027525
YFF,32,49,109,7,7,0.13761467889908258,0.2,0.11087155963302753,0.03471646412023269,0.2736318407960199,False,0.13761467889908258,60,0.8,0.1161467889908257,0.03548359617011072,0.31840796019900497,False,0.0
YFF,32,50,109,7,7,0.11926605504587157,0.2,0.10128440366972478,0.031457571702374024,0.3333333333333333,False,0.11926605504587157,900,0.2,0.10128440366972478,0.031457571702374024,0.3333333333333333,False,0.0
YFF,32,51,109,7,7,0.1559633027522936,0.5,0.10871559633027524,0.03541570798212805,0.12437810945273632,False,0.23853211009174313,90,0.2,0.11211009174311926,0.03486699522331229,0.004975124378109453,True,0.08256880733944955
YFF,32,52,109,7,7,0.09174311926605505,0.8,0.09889908256880733,0.03130013728358801,0.6417910447761194,False,0.14678899082568808,60,0.8,0.11128440366972477,0.0336716648958646,0.1890547263681592,False,0.05504587155963303
YFF,32,53,109,7,7,0.06422018348623854,0.2,0.10775229357798166,0.03246538423115509,0.945273631840796,False,0.1651376146788991,60,0.2,0.11894495412844037,0.0360035102124769,0.10945273631840796,False,0.10091743119266056
YFF,32,54,109,7,7,0.10091743119266056,0.2,0.10270642201834863,0.03142875206269685,0.5223880597014925,False,0.14678899082568808,60,0.2,0.11073394495412846,0.031223696210810278,0.14925373134328357,False,0.045871559633027525
YFF,33,34,109,7,7,0.1559633027522936,0.2,0.10894495412844037,0.0346696493834892,0.12437810945273632,False,0.2018348623853211,180,0.2,0.11642201834862387,0.03408465497074504,0.004975124378109453,True,0.045871559633027525
YFF,33,35,109,7,7,0.13761467889908258,0.5,0.10903669724770644,0.034976211132542526,0.23383084577114427,False,0.2018348623853211,300,0.5,0.11495412844036697,0.03525003523158984,0.029850746268656716,True,0.06422018348623854
YFF,33,36,109,7,7,0.1651376146788991,0.8,0.11169724770642203,0.03383615956869961,0.06965174129353234,False,0.2018348623853211,150,0.5,0.11293577981651377,0.0347604477708237,0.014925373134328358,True,0.03669724770642202
YFF,33,37,109,7,7,0.13761467889908258,0.2,0.10903669724770643,0.033982593667486696,0.263681592039801,False,0.1651376146788991,90,0.2,0.11422018348623852,0.03366462991800825,0.0845771144278607,False,0.027522935779816515
YFF,33,38,109,7,7,0.12844036697247707,0.5,0.11238532110091742,0.0317241371257083,0.373134328358209,False,0.1743119266055046,180,0.5,0.11692660550458715,0.035940252562962065,0.0945273631840796,False,0.045871559633027525
YFF,33,39,109,7,7,0.11009174311926606,0.2,0.10844036697247705,0.03308177636897965,0.5572139303482587,False,0.1559633027522936,100,0.2,0.1131651376146789,0.036457627854314875,0.14427860696517414,False,0.045871559633027525
YFF,33,40,109,7,7,0.13761467889908258,0.2,0.10591743119266056,0.03413930360708265,0.20398009950248755,False,0.22018348623853212,300,0.2,0.11307339449541284,0.035786228855307106,0.009950248756218905,True,0.08256880733944955
YFF,33,41,109,7,7,0.1559633027522936,0.8,0.11027522935779817,0.03433895839614994,0.10945273631840796,False,0.1743119266055046,60,0.2,0.1210091743119266,0.0328460738819655,0.06467661691542288,False,0.01834862385321101
YFF,33,42,109,7,7,0.11009174311926606,0.8,0.10912844036697247,0.03384815752028218,0.5074626865671642,False,0.1834862385321101,100,0.2,0.11422018348623855,0.03458185381885044,0.024875621890547265,True,0.07339449541284404
YFF,33,43,109,7,7,0.11009174311926606,0.2,0.11155963302752295,0.03300087543427055,0.5422885572139303,False,0.1559633027522936,225,0.8,0.11270642201834864,0.0375559653803636,0.17412935323383086,False,0.045871559633027525
YFF,33,44,109,7,7,0.09174311926605505,0.2,0.11091743119266056,0.032532961109742645,0.7661691542288557,False,0.1834862385321101,300,0.5,0.1113302752293578,0.03443388404776556,0.04477611940298507,True,0.09174311926605505
YFF,33,45,109,7,7,0.1559633027522936,0.5,0.10724770642201836,0.03269118619701461,0.08955223880597014,False,0.1926605504587156,300,0.8,0.11197247706422019,0.03464963631449658,0.01990049751243781,True,0.03669724770642202
YFF,33,46,109,7,7,0.09174311926605505,0.8,0.10935779816513762,0.03353383824416411,0.7412935323383084,False,0.1834862385321101,90,0.8,0.11426605504587156,0.03504410587828503,0.04975124378109453,True,0.09174311926605505
YFF,33,47,109,7,7,0.12844036697247707,0.2,0.10848623853211009,0.030964263197188962,0.2835820895522388,False,0.14678899082568808,300,0.8,0.11293577981651377,0.03182583267196265,0.16417910447761194,False,0.01834862385321101
YFF,33,48,109,7,7,0.09174311926605505,0.5,0.11004587155963304,0.032078759979429945,0.7164179104477612,False,0.1743119266055046,100,0.2,0.11582568807339451,0.03540002988138349,0.06467661691542288,False,0.08256880733944955
YFF,33,49,109,7,7,0.1743119266055046,0.8,0.11128440366972477,0.033305399564803745,0.04477611940298507,True,0.1743119266055046,900,0.8,0.11128440366972477,0.033305399564803745,0.04477611940298507,True,0.0
YFF,33,50,109,7,7,0.13761467889908258,0.2,0.10674311926605505,0.034205891950174205,0.208955223880597,False,0.1651376146788991,90,0.8,0.11353211009174313,0.03567377236913958,0.10945273631840796,False,0.027522935779816515
YFF,33,51,109,7,7,0.1651376146788991,0.8,0.10857798165137615,0.03450872960302783,0.07462686567164178,False,0.22018348623853212,450,0.2,0.11206422018348623,0.03577369860066171,0.004975124378109453,True,0.05504587155963303
YFF,33,52,109,7,7,0.1559633027522936,0.8,0.10357798165137615,0.03271963716116082,0.08955223880597014,False,0.1743119266055046,90,0.2,0.11440366972477065,0.0353099777900409,0.05472636815920398,False,0.01834862385321101
YFF,33,53,109,7,7,0.11926605504587157,0.5,0.10949541284403672,0.03639725125817422,0.4228855721393035,False,0.1834862385321101,90,0.8,0.11752293577981651,0.03455297768690346,0.06965174129353234,False,0.06422018348623854
YFF,33,54,109,7,7,0.1743119266055046,0.2,0.1088532110091743,0.0306517975686954,0.03980099502487562,True,0.1743119266055046,90,0.8,0.11472477064220184,0.03502237455734124,0.06965174129353234,False,0.0
YFF,34,35,109,7,7,0.13761467889908258,0.5,0.10555045871559633,0.03311037073675111,0.1691542288557214,False,0.22935779816513763,150,0.5,0.11178899082568808,0.0380226901140566,0.004975124378109453,True,0.09174311926605505
YFF,34,36,109,7,7,0.1559633027522936,0.5,0.10949541284403669,0.03328974401616783,0.11442786069651742,False,0.22935779816513763,180,0.5,0.11623853211009175,0.03474486962150987,0.004975124378109453,True,0.07339449541284404
YFF,34,37,109,7,7,0.09174311926605505,0.5,0.10876146788990827,0.03389810327557754,0.7114427860696517,False,0.21100917431192662,225,0.2,0.10903669724770643,0.03254579687516864,0.004975124378109453,True,0.11926605504587157
YFF,34,38,109,7,7,0.12844036697247707,0.5,0.11440366972477065,0.034399873778261536,0.3681592039800995,False,0.1743119266055046,60,0.5,0.12110091743119267,0.033428229142795494,0.05970149253731343,False,0.045871559633027525
YFF,34,39,109,7,7,0.11926605504587157,0.2,0.10821100917431192,0.03435542850472929,0.39800995024875624,False,0.22018348623853212,180,0.5,0.10899082568807339,0.03239446773983949,0.009950248756218905,True,0.10091743119266056
YFF,34,40,109,7,7,0.14678899082568808,0.2,0.10628440366972476,0.03207585917351027,0.13432835820895522,False,0.2018348623853211,150,0.2,0.11412844036697248,0.033296889956552674,0.014925373134328358,True,0.05504587155963303
YFF,34,41,109,7,7,0.05504587155963303,0.2,0.10908256880733944,0.036195804148562875,0.9601990049751243,False,0.1834862385321101,180,0.5,0.11275229357798164,0.03478720641584058,0.04975124378109453,True,0.12844036697247707
YFF,34,42,109,7,7,0.07339449541284404,0.2,0.10908256880733946,0.032082616326581145,0.8955223880597015,False,0.1834862385321101,60,0.2,0.11674311926605505,0.03293027728670146,0.04477611940298507,True,0.11009174311926606
YFF,34,43,109,7,7,0.07339449541284404,0.5,0.11041284403669724,0.03169249052985248,0.9253731343283582,False,0.13761467889908258,225,0.2,0.11151376146788991,0.0374626000786361,0.263681592039801,False,0.06422018348623854
YFF,34,44,109,7,7,0.07339449541284404,0.2,0.10940366972477066,0.032255478078127016,0.8955223880597015,False,0.1834862385321101,225,0.2,0.11188073394495414,0.03438496256566084,0.01990049751243781,True,0.11009174311926606
YFF,34,45,109,7,7,0.11009174311926606,0.2,0.10683486238532111,0.03225495356789238,0.5223880597014925,False,0.1559633027522936,100,0.8,0.11706422018348625,0.034020688857498635,0.15422885572139303,False,0.045871559633027525
YFF,34,46,109,7,7,0.10091743119266056,0.5,0.10972477064220185,0.03431283630808822,0.6467661691542289,False,0.1743119266055046,60,0.2,0.11536697247706423,0.03407283339607905,0.06467661691542288,False,0.07339449541284404
YFF,34,47,109,7,7,0.11926605504587157,0.2,0.10541284403669725,0.03480422393296049,0.3880597014925373,False,0.1834862385321101,60,0.2,0.11619266055045874,0.03755483916483963,0.06467661691542288,False,0.06422018348623854
YFF,34,48,109,7,7,0.11926605504587157,0.5,0.10816513761467891,0.03264198521401827,0.40298507462686567,False,0.1926605504587156,180,0.2,0.11100917431192661,0.0342036970978792,0.029850746268656716,True,0.07339449541284404
YFF,34,49,109,7,7,0.14678899082568808,0.2,0.11123853211009173,0.03651164974668555,0.1890547263681592,False,0.1559633027522936,60,0.8,0.11871559633027523,0.03629907075117376,0.19900497512437812,False,0.009174311926605505
YFF,34,50,109,7,7,0.09174311926605505,0.2,0.1076605504587156,0.03398632732779166,0.7014925373134329,False,0.1651376146788991,180,0.5,0.11371559633027523,0.03318565227047429,0.0945273631840796,False,0.07339449541284404
YFF,34,51,109,7,7,0.1559633027522936,0.5,0.10922018348623855,0.031184218661478257,0.09950248756218906,False,0.1926605504587156,90,0.8,0.11688073394495413,0.034746452095948524,0.01990049751243781,True,0.03669724770642202
YFF,34,52,109,7,7,0.11926605504587157,0.2,0.105,0.03424938898274263,0.373134328358209,False,0.21100917431192662,225,0.2,0.10825688073394496,0.03199297648821402,0.009950248756218905,True,0.09174311926605505
YFF,34,53,109,7,7,0.045871559633027525,0.8,0.1081651376146789,0.03201398976612505,0.9950248756218906,False,0.1834862385321101,180,0.8,0.1124770642201835,0.034502141128292564,0.01990049751243781,True,0.13761467889908258
YFF,34,54,109,7,7,0.11009174311926606,0.8,0.10958715596330276,0.03467282112627592,0.5074626865671642,False,0.21100917431192662,60,0.2,0.11559633027522936,0.031230333023201086,0.004975124378109453,True,0.10091743119266056
YFF,35,36,109,7,7,0.11926605504587157,0.2,0.11036697247706424,0.03277543264664881,0.43781094527363185,False,0.25688073394495414,150,0.5,0.11422018348623852,0.03413871512042259,0.004975124378109453,True,0.13761467889908258
YFF,35,37,109,7,7,0.08256880733944955,0.2,0.10940366972477066,0.03437561285840238,0.8159203980099502,False,0.1743119266055046,150,0.2,0.11082568807339449,0.03521942524373229,0.06965174129353234,False,0.09174311926605505
YFF,35,38,109,7,7,0.08256880733944955,0.2,0.10811926605504589,0.03225469130957657,0.8258706467661692,False,0.1743119266055046,60,0.5,0.1178440366972477,0.03404377398748685,0.06467661691542288,False,0.09174311926605505
YFF,35,39,109,7,7,0.09174311926605505,0.8,0.1098165137614679,0.034190215760708666,0.7313432835820896,False,0.1926605504587156,225,0.5,0.10724770642201836,0.031785938662258366,0.009950248756218905,True,0.10091743119266056
YFF,35,40,109,7,7,0.12844036697247707,0.8,0.10527522935779818,0.03550144147356697,0.3333333333333333,False,0.2018348623853211,300,0.2,0.10761467889908256,0.03382706453666126,0.014925373134328358,True,0.07339449541284404
YFF,35,41,109,7,7,0.07339449541284404,0.8,0.11045871559633028,0.03268406958627314,0.9104477611940298,False,0.1926605504587156,60,0.5,0.11761467889908257,0.03326028654868717,0.029850746268656716,True,0.11926605504587157
YFF,35,42,109,7,7,0.11009174311926606,0.2,0.10655963302752294,0.0308580838242891,0.5074626865671642,False,0.1926605504587156,180,0.8,0.10871559633027524,0.03401459649420607,0.029850746268656716,True,0.08256880733944955
YFF,35,43,109,7,7,0.09174311926605505,0.2,0.10853211009174313,0.03618785734847064,0.7213930348258707,False,0.1743119266055046,225,0.8,0.11224770642201837,0.035786701609201894,0.06965174129353234,False,0.08256880733944955
YFF,35,44,109,7,7,0.08256880733944955,0.8,0.10784403669724771,0.03264078663389789,0.8109452736318408,False,0.1834862385321101,180,0.8,0.108348623853211,0.03587420126690634,0.04975124378109453,True,0.10091743119266056
YFF,35,45,109,7,7,0.13761467889908258,0.5,0.1060091743119266,0.03209457794187427,0.19900497512437812,False,0.2018348623853211,300,0.2,0.1113302752293578,0.032991101427555444,0.009950248756218905,True,0.06422018348623854
YFF,35,46,109,7,7,0.10091743119266056,0.5,0.10857798165137617,0.03441053824756477,0.6069651741293532,False,0.1743119266055046,150,0.5,0.11334862385321103,0.036208743181416106,0.08955223880597014,False,0.07339449541284404
YFF,35,47,109,7,7,0.14678899082568808,0.2,0.1063302752293578,0.03404492317429467,0.14925373134328357,False,0.1651376146788991,75,0.5,0.11454128440366972,0.035525737179750154,0.10945273631840796,False,0.01834862385321101
YFF,35,48,109,7,7,0.12844036697247707,0.5,0.10853211009174313,0.03345491552454873,0.29850746268656714,False,0.1926605504587156,180,0.8,0.11,0.03550206693915161,0.029850746268656716,True,0.06422018348623854
YFF,35,49,109,7,7,0.13761467889908258,0.2,0.10784403669724771,0.0338369095653099,0.21393034825870647,False,0.14678899082568808,225,0.2,0.11275229357798165,0.03478720641584058,0.15920398009950248,False,0.009174311926605505
YFF,35,50,109,7,7,0.11926605504587157,0.2,0.10720183486238533,0.03324524587468984,0.39303482587064675,False,0.1834862385321101,150,0.2,0.11270642201834864,0.038014902693955396,0.04975124378109453,True,0.06422018348623854
YFF,35,51,109,7,7,0.14678899082568808,0.8,0.10876146788990824,0.03349645205645869,0.1791044776119403,False,0.2018348623853211,150,0.8,0.11096330275229359,0.034235802096579296,0.009950248756218905,True,0.05504587155963303
YFF,35,52,109,7,7,0.07339449541284404,0.5,0.10293577981651376,0.0321270133300885,0.8507462686567164,False,0.1834862385321101,180,0.2,0.11013761467889908,0.0345420510793197,0.03482587064676617,True,0.11009174311926606
YFF,35,53,109,7,7,0.07339449541284404,0.2,0.10568807339449542,0.030752122372681948,0.8855721393034826,False,0.1926605504587156,300,0.2,0.10802752293577982,0.034724504046975885,0.009950248756218905,True,0.11926605504587157
YFF,35,54,109,7,7,0.14678899082568808,0.2,0.10720183486238533,0.033435535233986506,0.15920398009950248,False,0.1926605504587156,150,0.5,0.11091743119266056,0.037180329648351426,0.03482587064676617,True,0.045871559633027525
YFF,36,37,109,7,7,0.14678899082568808,0.5,0.11022935779816515,0.030800462938643837,0.15422885572139303,False,0.1651376146788991,150,0.5,0.11417431192660552,0.03194928682015229,0.07960199004975124,False,0.01834862385321101
YFF,36,38,109,7,7,0.11926605504587157,0.5,0.11183486238532112,0.030949951617096644,0.4577114427860697,False,0.1743119266055046,150,0.5,0.1196330275229358,0.03790863970896189,0.09950248756218906,False,0.05504587155963303
YFF,36,39,109,7,7,0.11926605504587157,0.2,0.1111467889908257,0.03578906528500357,0.43283582089552236,False,0.1559633027522936,150,0.2,0.10986238532110093,0.03324346471011778,0.1044776119402985,False,0.03669724770642202
YFF,36,40,109,7,7,0.14678899082568808,0.2,0.10876146788990827,0.032418449977274305,0.1791044776119403,False,0.25688073394495414,150,0.2,0.11183486238532112,0.033584629264529306,0.004975124378109453,True,0.11009174311926606
YFF,36,41,109,7,7,0.10091743119266056,0.8,0.11188073394495411,0.03363883288973642,0.6517412935323383,False,0.1926605504587156,180,0.2,0.11059633027522936,0.03212750701687685,0.004975124378109453,True,0.09174311926605505
YFF,36,42,109,7,7,0.09174311926605505,0.8,0.11110091743119266,0.032462680835796384,0.7810945273631841,False,0.1651376146788991,150,0.5,0.1139908256880734,0.03386115050379188,0.0945273631840796,False,0.07339449541284404
YFF,36,43,109,7,7,0.10091743119266056,0.5,0.10963302752293579,0.03401459649420607,0.6169154228855721,False,0.1743119266055046,180,0.2,0.11940366972477065,0.03454180618577309,0.07462686567164178,False,0.07339449541284404
YFF,36,44,109,7,7,0.12844036697247707,0.8,0.11032110091743119,0.031959081672924765,0.31840796019900497,False,0.1559633027522936,150,0.5,0.11238532110091742,0.032876449260469544,0.14925373134328357,False,0.027522935779816515
YFF,36,45,109,7,7,0.12844036697247707,0.5,0.10857798165137617,0.02918291782679297,0.30845771144278605,False,0.1834862385321101,150,0.2,0.11380733944954129,0.03591788588101555,0.03980099502487562,True,0.05504587155963303
YFF,36,46,109,7,7,0.11926605504587157,0.8,0.10770642201834864,0.031890222428472906,0.373134328358209,False,0.1743119266055046,150,0.5,0.1158256880733945,0.034332522132773165,0.06965174129353234,False,0.05504587155963303
YFF,36,47,109,7,7,0.1559633027522936,0.2,0.10967889908256882,0.031943991054656395,0.10945273631840796,False,0.1559633027522936,900,0.2,0.10967889908256882,0.031943991054656395,0.10945273631840796,False,0.0
YFF,36,48,109,7,7,0.12844036697247707,0.8,0.11059633027522935,0.03138161520420948,0.31840796019900497,False,0.1743119266055046,150,0.2,0.11412844036697249,0.033612953147604624,0.05472636815920398,False,0.045871559633027525
YFF,36,49,109,7,7,0.1559633027522936,0.8,0.11192660550458715,0.031094607335200905,0.13432835820895522,False,0.1651376146788991,75,0.5,0.11866972477064222,0.032073221849553385,0.08955223880597014,False,0.009174311926605505
YFF,36,50,109,7,7,0.12844036697247707,0.2,0.10669724770642203,0.03257349837422837,0.31840796019900497,False,0.1651376146788991,150,0.8,0.1129816513761468,0.0344817548541943,0.08955223880597014,False,0.03669724770642202
YFF,36,51,109,7,7,0.14678899082568808,0.2,0.11146788990825689,0.033576568328667185,0.18407960199004975,False,0.1926605504587156,75,0.2,0.11463302752293579,0.03828784558746566,0.04477611940298507,True,0.045871559633027525
YFF,36,52,109,7,7,0.12844036697247707,0.2,0.10467889908256883,0.03404492317429467,0.2885572139303483,False,0.1834862385321101,150,0.2,0.11376146788990826,0.03540674991748947,0.03482587064676617,True,0.05504587155963303
YFF,36,53,109,7,7,0.11009174311926606,0.2,0.10963302752293579,0.032644058329790164,0.5373134328358209,False,0.1651376146788991,75,0.5,0.1153211009174312,0.03892885050634944,0.14925373134328357,False,0.05504587155963303
YFF,36,54,109,7,7,0.11926605504587157,0.8,0.10844036697247708,0.029997412110109676,0.40298507462686567,False,0.1834862385321101,150,0.2,0.11362385321100917,0.033055140615464156,0.03980099502487562,True,0.06422018348623854
YFF,37,38,109,7,7,0.06422018348623854,0.2,0.10922018348623855,0.03131955601435951,0.9502487562189055,False,0.1651376146788991,60,0.2,0.11610091743119266,0.034518778434911135,0.11940298507462686,False,0.10091743119266056
YFF,37,39,109,7,7,0.14678899082568808,0.5,0.10880733944954128,0.032777110205375624,0.14427860696517414,False,0.2018348623853211,300,0.8,0.10669724770642201,0.033897011499494846,0.009950248756218905,True,0.05504587155963303
YFF,37,40,109,7,7,0.1651376146788991,0.8,0.10545871559633029,0.03112176585026017,0.05970149253731343,False,0.2018348623853211,300,0.8,0.11055045871559634,0.035736702834503316,0.009950248756218905,True,0.03669724770642202
YFF,37,41,109,7,7,0.07339449541284404,0.2,0.10697247706422018,0.03354745727607403,0.8706467661691543,False,0.1651376146788991,60,0.5,0.11821100917431192,0.035492385879931525,0.13432835820895522,False,0.09174311926605505
YFF,37,42,109,7,7,0.06422018348623854,0.5,0.09857798165137616,0.030725118924916292,0.9054726368159204,False,0.07339449541284404,60,0.8,0.10435779816513761,0.030703636821496145,0.8805970149253731,False,0.009174311926605505
YFF,37,43,109,7,7,0.08256880733944955,0.5,0.10922018348623853,0.03403756149521585,0.8159203980099502,False,0.11926605504587157,300,0.2,0.10894495412844037,0.032425494446209464,0.4228855721393035,False,0.03669724770642202
YFF,37,44,109,7,7,0.06422018348623854,0.2,0.10761467889908256,0.031936211306988926,0.9402985074626866,False,0.11009174311926606,60,0.8,0.11155963302752295,0.03366073492303392,0.5572139303482587,False,0.045871559633027525
YFF,37,45,109,7,7,0.12844036697247707,0.8,0.10720183486238533,0.03479921070785958,0.3034825870646766,False,0.12844036697247707,75,0.2,0.1143119266055046,0.03499630937399052,0.40298507462686567,False,0.0
YFF,37,46,109,7,7,0.13761467889908258,0.5,0.10623853211009175,0.03210330743611842,0.19402985074626866,False,0.13761467889908258,900,0.5,0.10623853211009175,0.03210330743611842,0.19402985074626866,False,0.0
YFF,37,47,109,7,7,0.14678899082568808,0.5,0.10871559633027524,0.032863581765158474,0.15422885572139303,False,0.1743119266055046,450,0.8,0.11022935779816515,0.036806318708899055,0.06467661691542288,False,0.027522935779816515
YFF,37,48,109,7,7,0.08256880733944955,0.8,0.10568807339449542,0.02901113849687601,0.8208955223880597,False,0.11926605504587157,180,0.5,0.10894495412844037,0.031052922686296454,0.39303482587064675,False,0.03669724770642202
YFF,37,49,109,7,7,0.14678899082568808,0.2,0.1088532110091743,0.03346208939111832,0.15422885572139303,False,0.14678899082568808,900,0.2,0.1088532110091743,0.03346208939111832,0.15422885572139303,False,0.0
YFF,37,50,109,7,7,0.10091743119266056,0.2,0.10146788990825689,0.03475132079608535,0.5373134328358209,False,0.10091743119266056,60,0.8,0.10688073394495413,0.032812061323107565,0.6218905472636815,False,0.0
YFF,37,51,109,7,7,0.14678899082568808,0.2,0.10917431192660551,0.03480434545672522,0.1691542288557214,False,0.21100917431192662,90,0.2,0.11302752293577982,0.03518818764432635,0.004975124378109453,True,0.06422018348623854
YFF,37,52,109,7,7,0.11926605504587157,0.5,0.0981651376146789,0.030930950370764116,0.2835820895522388,False,0.1559633027522936,150,0.2,0.10761467889908256,0.0337895333874934,0.11442786069651742,False,0.03669724770642202
YFF,37,53,109,7,7,0.06422018348623854,0.2,0.10550458715596331,0.03331416091926224,0.945273631840796,False,0.1834862385321101,60,0.5,0.11944954128440369,0.03638426301629084,0.04477611940298507,True,0.11926605504587157
YFF,37,54,109,7,7,0.12844036697247707,0.8,0.10183486238532112,0.029986694416901247,0.22388059701492538,False,0.14678899082568808,60,0.8,0.11009174311926608,0.029272963037657217,0.13930348258706468,False,0.01834862385321101
YFF,38,39,109,7,7,0.11009174311926606,0.5,0.10990825688073395,0.03432663913335451,0.572139303482587,False,0.14678899082568808,300,0.5,0.10963302752293579,0.030095807698002474,0.14925373134328357,False,0.03669724770642202
YFF,38,40,109,7,7,0.13761467889908258,0.2,0.10623853211009174,0.03269079805819444,0.1890547263681592,False,0.1926605504587156,300,0.8,0.11192660550458716,0.03516702644381825,0.029850746268656716,True,0.05504587155963303
YFF,38,41,109,7,7,0.07339449541284404,0.2,0.10793577981651378,0.034864781333191444,0.8706467661691543,False,0.1834862385321101,60,0.5,0.11825688073394496,0.03454563244908198,0.04975124378109453,True,0.11009174311926606
YFF,38,42,109,7,7,0.09174311926605505,0.2,0.10674311926605505,0.03238947328605515,0.7114427860696517,False,0.1559633027522936,60,0.2,0.11605504587155963,0.03261813491229687,0.13432835820895522,False,0.06422018348623854
YFF,38,43,109,7,7,0.09174311926605505,0.2,0.11201834862385322,0.0343097545622293,0.7512437810945274,False,0.11926605504587157,180,0.8,0.11660550458715596,0.036286834146570274,0.4925373134328358,False,0.027522935779816515
YFF,38,44,109,7,7,0.09174311926605505,0.2,0.1063302752293578,0.03155623951829722,0.736318407960199,False,0.13761467889908258,60,0.2,0.11394495412844038,0.03331873114614734,0.2935323383084577,False,0.045871559633027525
YFF,38,45,109,7,7,0.14678899082568808,0.8,0.10963302752293579,0.03393990744562848,0.18407960199004975,False,0.14678899082568808,900,0.8,0.10963302752293579,0.03393990744562848,0.18407960199004975,False,0.0
YFF,38,46,109,7,7,0.11009174311926606,0.2,0.11091743119266056,0.03271446609898482,0.527363184079602,False,0.14678899082568808,60,0.2,0.11472477064220184,0.0371781397486943,0.22885572139303484,False,0.03669724770642202
YFF,38,47,109,7,7,0.11926605504587157,0.8,0.11004587155963304,0.03347245243842748,0.43781094527363185,False,0.12844036697247707,75,0.2,0.11857798165137616,0.03260759763697352,0.43283582089552236,False,0.009174311926605505
YFF,38,48,109,7,7,0.07339449541284404,0.5,0.1103211009174312,0.031195609587589483,0.9253731343283582,False,0.13761467889908258,60,0.8,0.11376146788990826,0.03401770497915606,0.2537313432835821,False,0.06422018348623854
YFF,38,49,109,7,7,0.13761467889908258,0.2,0.10972477064220182,0.03173866597338966,0.23383084577114427,False,0.1559633027522936,60,0.2,0.11674311926605505,0.033804894919317145,0.18407960199004975,False,0.01834862385321101
YFF,38,50,109,7,7,0.10091743119266056,0.2,0.10848623853211009,0.033673266404165104,0.6368159203980099,False,0.12844036697247707,60,0.8,0.11357798165137617,0.03277091571554986,0.3333333333333333,False,0.027522935779816515
YFF,38,51,109,7,7,0.12844036697247707,0.5,0.10807339449541285,0.03394501642847777,0.2885572139303483,False,0.2018348623853211,90,0.5,0.11128440366972478,0.03456423735321441,0.01990049751243781,True,0.07339449541284404
YFF,38,52,109,7,7,0.10091743119266056,0.8,0.1046330275229358,0.03167540357710294,0.5970149253731343,False,0.1559633027522936,60,0.2,0.11701834862385323,0.03300161237313788,0.16417910447761194,False,0.05504587155963303
YFF,38,53,109,7,7,0.11009174311926606,0.2,0.11036697247706424,0.0345103535454082,0.5422885572139303,False,0.14678899082568808,60,0.2,0.11619266055045871,0.034795564272299385,0.23383084577114427,False,0.03669724770642202
YFF,38,54,109,7,7,0.07339449541284404,0.5,0.11123853211009173,0.03213724755139727,0.9253731343283582,False,0.14678899082568808,60,0.2,0.11564220183486239,0.03410335633200564,0.22885572139303484,False,0.07339449541284404
YFF,39,40,109,7,7,0.13761467889908258,0.5,0.10472477064220186,0.03877390867843772,0.2537313432835821,False,0.2018348623853211,300,0.8,0.1123394495412844,0.03513691591864503,0.024875621890547265,True,0.06422018348623854
YFF,39,41,109,7,7,0.10091743119266056,0.8,0.10963302752293579,0.033017660742804204,0.6567164179104478,False,0.1834862385321101,60,0.5,0.11793577981651378,0.033293809450333146,0.03482587064676617,True,0.08256880733944955
YFF,39,42,109,7,7,0.13761467889908258,0.8,0.11128440366972477,0.0357669883818373,0.263681592039801,False,0.1926605504587156,300,0.8,0.10619266055045873,0.03406041787905703,0.029850746268656716,True,0.05504587155963303
YFF,39,43,109,7,7,0.12844036697247707,0.8,0.11188073394495414,0.0356768548435234,0.36318407960199006,False,0.1651376146788991,300,0.2,0.11376146788990826,0.03545450010765243,0.0845771144278607,False,0.03669724770642202
YFF,39,44,109,7,7,0.1651376146788991,0.2,0.1098165137614679,0.03283989240055256,0.05472636815920398,False,0.1926605504587156,300,0.8,0.10701834862385322,0.0331011721160385,0.014925373134328358,True,0.027522935779816515
YFF,39,45,109,7,7,0.12844036697247707,0.2,0.1074770642201835,0.032807259363856645,0.31343283582089554,False,0.1651376146788991,225,0.2,0.11302752293577982,0.03237095770862754,0.0845771144278607,False,0.03669724770642202
YFF,39,46,109,7,7,0.12844036697247707,0.2,0.10931192660550458,0.03524844536733707,0.30845771144278605,False,0.1926605504587156,300,0.8,0.10688073394495412,0.03214793899586456,0.014925373134328358,True,0.06422018348623854
YFF,39,47,109,7,7,0.11926605504587157,0.2,0.10866972477064221,0.037473888431717325,0.44776119402985076,False,0.13761467889908258,60,0.8,0.11509174311926607,0.03210907089534219,0.263681592039801,False,0.01834862385321101
YFF,39,48,109,7,7,0.12844036697247707,0.5,0.10908256880733946,0.03283834684838677,0.31840796019900497,False,0.1834862385321101,300,0.8,0.10614678899082569,0.034160513328483216,0.029850746268656716,True,0.05504587155963303
YFF,39,49,109,7,7,0.13761467889908258,0.8,0.11279816513761468,0.03578457416749121,0.2736318407960199,False,0.1651376146788991,90,0.2,0.11344036697247706,0.034988301683979504,0.0845771144278607,False,0.027522935779816515
YFF,39,50,109,7,7,0.21100917431192662,0.2,0.1065137614678899,0.03337491909287201,0.004975124378109453,True,0.21100917431192662,900,0.2,0.1065137614678899,0.03337491909287201,0.004975124378109453,True,0.0
YFF,39,51,109,7,7,0.1743119266055046,0.5,0.10922018348623855,0.031075524407467647,0.03482587064676617,True,0.1834862385321101,90,0.5,0.11151376146788991,0.033956695665572155,0.03980099502487562,True,0.009174311926605505
YFF,39,52,109,7,7,0.1651376146788991,0.5,0.1058256880733945,0.03544110670427471,0.0945273631840796,False,0.1834862385321101,150,0.5,0.10564220183486238,0.03282788025798976,0.014925373134328358,True,0.01834862385321101
YFF,39,53,109,7,7,0.11009174311926606,0.2,0.10972477064220185,0.032254199569486885,0.5223880597014925,False,0.22935779816513763,60,0.5,0.11573394495412845,0.0354983437672865,0.004975124378109453,True,0.11926605504587157
YFF,39,54,109,7,7,0.1559633027522936,0.5,0.10935779816513762,0.03468699892893741,0.10945273631840796,False,0.1926605504587156,300,0.8,0.10568807339449542,0.03359180690695622,0.024875621890547265,True,0.03669724770642202
YFF,40,41,109,7,7,0.1651376146788991,0.2,0.10834862385321102,0.03562575214894564,0.06965174129353234,False,0.1743119266055046,60,0.8,0.1174770642201835,0.032617454145072375,0.05970149253731343,False,0.009174311926605505
YFF,40,42,109,7,7,0.12844036697247707,0.8,0.10839449541284406,0.03238816741950651,0.3333333333333333,False,0.1834862385321101,300,0.5,0.10967889908256882,0.0351465444660881,0.029850746268656716,True,0.05504587155963303
YFF,40,43,109,7,7,0.13761467889908258,0.8,0.10458715596330276,0.03356711945600825,0.1890547263681592,False,0.13761467889908258,900,0.8,0.10458715596330276,0.03356711945600825,0.1890547263681592,False,0.0
YFF,40,44,109,7,7,0.13761467889908258,0.5,0.10495412844036696,0.03190878499559074,0.19402985074626866,False,0.1926605504587156,300,0.2,0.11091743119266056,0.03668791084946524,0.01990049751243781,True,0.05504587155963303
YFF,40,45,109,7,7,0.13761467889908258,0.2,0.10628440366972476,0.035719271096741556,0.22885572139303484,False,0.1651376146788991,150,0.2,0.11353211009174313,0.03187957722635053,0.05970149253731343,False,0.027522935779816515
YFF,40,46,109,7,7,0.12844036697247707,0.8,0.10582568807339449,0.03340136315515477,0.27860696517412936,False,0.2018348623853211,300,0.8,0.11091743119266056,0.036036535185890305,0.014925373134328358,True,0.07339449541284404
YFF,40,47,109,7,7,0.14678899082568808,0.2,0.10527522935779818,0.03294311873092798,0.13432835820895522,False,0.1651376146788991,150,0.2,0.11440366972477065,0.03389202007524038,0.1044776119402985,False,0.01834862385321101
YFF,40,48,109,7,7,0.1651376146788991,0.8,0.10784403669724771,0.03118286232167906,0.06467661691542288,False,0.1926605504587156,225,0.8,0.11151376146788991,0.03370666091004652,0.03482587064676617,True,0.027522935779816515
YFF,40,49,109,7,7,0.1926605504587156,0.2,0.1098165137614679,0.03517796933568645,0.029850746268656716,True,0.1926605504587156,900,0.2,0.1098165137614679,0.03517796933568645,0.029850746268656716,True,0.0
YFF,40,50,109,7,7,0.1834862385321101,0.2,0.10440366972477065,0.03329587373858059,0.024875621890547265,True,0.1926605504587156,450,0.8,0.10775229357798163,0.03419129817436954,0.009950248756218905,True,0.009174311926605505
YFF,40,51,109,7,7,0.1743119266055046,0.5,0.10752293577981652,0.032310798799863864,0.05970149253731343,False,0.22018348623853212,90,0.8,0.11394495412844037,0.03813689851527803,0.01990049751243781,True,0.045871559633027525
YFF,40,52,109,7,7,0.1834862385321101,0.8,0.10454128440366972,0.03345222887906328,0.029850746268656716,True,0.22935779816513763,300,0.2,0.10770642201834862,0.031637224993020796,0.004975124378109453,True,0.045871559633027525
YFF,40,53,109,7,7,0.11009174311926606,0.5,0.10683486238532111,0.03308353427747804,0.5373134328358209,False,0.1926605504587156,60,0.5,0.11889908256880738,0.03402814740862798,0.029850746268656716,True,0.08256880733944955
YFF,40,54,109,7,7,0.22935779816513763,0.5,0.10541284403669726,0.030614691118822687,0.004975124378109453,True,0.22935779816513763,900,0.5,0.10541284403669726,0.030614691118822687,0.004975124378109453,True,0.0
YFF,41,42,109,7,7,0.03669724770642202,0.5,0.1074770642201835,0.034208364854450245,0.9900497512437811,False,0.1834862385321101,60,0.8,0.11697247706422019,0.03448387068211122,0.03482587064676617,True,0.14678899082568808
YFF,41,43,109,7,7,0.07339449541284404,0.8,0.11142201834862385,0.03634282656177032,0.8955223880597015,False,0.12844036697247707,100,0.8,0.11899082568807338,0.038320005627187646,0.43283582089552236,False,0.05504587155963303
YFF,41,44,109,7,7,0.05504587155963303,0.2,0.10853211009174313,0.03383206554415256,0.9552238805970149,False,0.1651376146788991,60,0.8,0.1184862385321101,0.034385946597486235,0.12437810945273632,False,0.11009174311926606
YFF,41,45,109,7,7,0.09174311926605505,0.8,0.10770642201834862,0.032805486650947215,0.7412935323383084,False,0.13761467889908258,180,0.2,0.1084403669724771,0.034052003793932306,0.24378109452736318,False,0.045871559633027525
YFF,41,46,109,7,7,0.09174311926605505,0.2,0.10830275229357798,0.03469111397989668,0.7562189054726368,False,0.1834862385321101,60,0.2,0.1165137614678899,0.034828641686879096,0.04975124378109453,True,0.09174311926605505
YFF,41,47,109,7,7,0.10091743119266056,0.8,0.10880733944954127,0.033212947442350954,0.6268656716417911,False,0.1559633027522936,75,0.2,0.11733944954128443,0.03953345429890209,0.1890547263681592,False,0.05504587155963303
YFF,41,48,109,7,7,0.045871559633027525,0.2,0.10784403669724771,0.03589903997178896,0.9900497512437811,False,0.1743119266055046,60,0.8,0.11811926605504589,0.034876425427078785,0.08955223880597014,False,0.12844036697247707
YFF,41,49,109,7,7,0.09174311926605505,0.2,0.11105504587155965,0.03308992588476967,0.7562189054726368,False,0.1651376146788991,60,0.8,0.12288990825688074,0.03541746946822517,0.16417910447761194,False,0.07339449541284404
YFF,41,50,109,7,7,0.07339449541284404,0.5,0.10766055045871559,0.035495960732346066,0.8855721393034826,False,0.1834862385321101,60,0.8,0.11807339449541285,0.03424460330831831,0.03980099502487562,True,0.11009174311926606
YFF,41,51,109,7,7,0.13761467889908258,0.5,0.10917431192660551,0.0344132729823826,0.23383084577114427,False,0.22935779816513763,90,0.5,0.11321100917431194,0.03594545964737941,0.009950248756218905,True,0.09174311926605505
YFF,41,52,109,7,7,0.05504587155963303,0.2,0.10555045871559635,0.0362449362305241,0.9303482587064676,False,0.1651376146788991,60,0.2,0.1179816513761468,0.03772073281758405,0.14427860696517414,False,0.11009174311926606
YFF,41,53,109,7,7,0.06422018348623854,0.2,0.10908256880733946,0.03516450067748166,0.9154228855721394,False,0.21100917431192662,60,0.5,0.11977064220183486,0.0353134213936601,0.014925373134328358,True,0.14678899082568808
YFF,41,54,109,7,7,0.06422018348623854,0.5,0.10848623853211009,0.035721165619406546,0.945273631840796,False,0.1834862385321101,60,0.8,0.11825688073394496,0.03500778890281389,0.04477611940298507,True,0.11926605504587157
YFF,42,43,109,7,7,0.09174311926605505,0.8,0.1075229357798165,0.030227762897304954,0.7412935323383084,False,0.11926605504587157,450,0.5,0.10871559633027524,0.03416348473378137,0.4228855721393035,False,0.027522935779816515
YFF,42,44,109,7,7,0.09174311926605505,0.5,0.10619266055045873,0.03451681791695072,0.6716417910447762,False,0.11009174311926606,180,0.5,0.1074770642201835,0.03369762506224079,0.472636815920398,False,0.01834862385321101
YFF,42,45,109,7,7,0.12844036697247707,0.2,0.10894495412844037,0.033351434407399974,0.35323383084577115,False,0.13761467889908258,300,0.2,0.10871559633027524,0.03274754678699634,0.23383084577114427,False,0.009174311926605505
YFF,42,46,109,7,7,0.12844036697247707,0.2,0.10724770642201836,0.03285894823332766,0.2537313432835821,False,0.12844036697247707,180,0.2,0.10711009174311925,0.03552526095306049,0.3034825870646766,False,0.0
YFF,42,47,109,7,7,0.13761467889908258,0.8,0.10527522935779818,0.03221611611329985,0.1890547263681592,False,0.14678899082568808,450,0.8,0.10990825688073395,0.03632609320493702,0.1890547263681592,False,0.009174311926605505
YFF,42,48,109,7,7,0.09174311926605505,0.2,0.10169724770642202,0.030886853956706123,0.6517412935323383,False,0.14678899082568808,225,0.2,0.10509174311926607,0.033248044654800316,0.14427860696517414,False,0.05504587155963303
YFF,42,49,109,7,7,0.10091743119266056,0.2,0.1129816513761468,0.03423555501237455,0.6666666666666666,False,0.14678899082568808,100,0.2,0.11463302752293579,0.037041370934156666,0.208955223880597,False,0.045871559633027525
YFF,42,50,109,7,7,0.07339449541284404,0.2,0.10266055045871561,0.03275581173887675,0.8507462686567164,False,0.08256880733944955,60,0.2,0.10944954128440366,0.03323166208352502,0.8308457711442786,False,0.009174311926605505
YFF,42,51,109,7,7,0.1743119266055046,0.5,0.10963302752293579,0.035807644249900406,0.06965174129353234,False,0.2018348623853211,90,0.2,0.11027522935779817,0.03296907526405059,0.009950248756218905,True,0.027522935779816515
YFF,42,52,109,7,7,0.11926605504587157,0.5,0.0984862385321101,0.03316754927739848,0.2935323383084577,False,0.1834862385321101,100,0.8,0.11004587155963304,0.03248492015671257,0.03482587064676617,True,0.06422018348623854
YFF,42,53,109,7,7,0.06422018348623854,0.5,0.10784403669724771,0.03337121208339635,0.9402985074626866,False,0.1651376146788991,60,0.2,0.11802752293577984,0.03671657667159992,0.13930348258706468,False,0.10091743119266056
YFF,42,54,109,7,7,0.08256880733944955,0.2,0.09940366972477065,0.030968907061579055,0.7213930348258707,False,0.11926605504587157,60,0.2,0.10821100917431194,0.03179801188045068,0.3880597014925373,False,0.03669724770642202
YFF,43,44,109,7,7,0.12844036697247707,0.2,0.11000000000000001,0.034767747625532856,0.3482587064676617,False,0.12844036697247707,900,0.2,0.11000000000000001,0.034767747625532856,0.3482587064676617,False,0.0
YFF,43,45,109,7,7,0.09174311926605505,0.2,0.10990825688073397,0.03357921353655056,0.736318407960199,False,0.14678899082568808,150,0.8,0.11477064220183486,0.034166455880660876,0.21890547263681592,False,0.05504587155963303
YFF,43,46,109,7,7,0.07339449541284404,0.2,0.10848623853211009,0.032091151378322184,0.8955223880597015,False,0.11926605504587157,300,0.5,0.11055045871559634,0.03205571111198485,0.43283582089552236,False,0.045871559633027525
YFF,43,47,109,7,7,0.12844036697247707,0.5,0.10862385321100917,0.03407286442920248,0.32338308457711445,False,0.12844036697247707,900,0.5,0.10862385321100917,0.03407286442920248,0.32338308457711445,False,0.0
YFF,43,48,109,7,7,0.07339449541284404,0.2,0.10844036697247708,0.0348257270342369,0.8855721393034826,False,0.11009174311926606,60,0.8,0.11555045871559633,0.03582355719123779,0.6318407960199005,False,0.03669724770642202
YFF,43,49,109,7,7,0.09174311926605505,0.2,0.11160550458715597,0.03515232032862659,0.7562189054726368,False,0.12844036697247707,90,0.5,0.11541284403669724,0.03712534403446234,0.4079601990049751,False,0.03669724770642202
YFF,43,50,109,7,7,0.1559633027522936,0.2,0.10963302752293579,0.033247440392673834,0.1044776119402985,False,0.1559633027522936,900,0.2,0.10963302752293579,0.033247440392673834,0.1044776119402985,False,0.0
YFF,43,51,109,7,7,0.11009174311926606,0.2,0.10830275229357798,0.036124541991321535,0.5422885572139303,False,0.22018348623853212,90,0.2,0.11513761467889909,0.03950305843484808,0.014925373134328358,True,0.11009174311926606
YFF,43,52,109,7,7,0.10091743119266056,0.2,0.10431192660550458,0.0319176646903762,0.5323383084577115,False,0.14678899082568808,300,0.2,0.11,0.03357959140638089,0.1691542288557214,False,0.045871559633027525
YFF,43,53,109,7,7,0.10091743119266056,0.8,0.10844036697247705,0.033952491603035685,0.6069651741293532,False,0.1651376146788991,300,0.2,0.11339449541284403,0.034005766847544645,0.10945273631840796,False,0.06422018348623854
YFF,43,54,109,7,7,0.08256880733944955,0.2,0.1071559633027523,0.032876577909989935,0.8009950248756219,False,0.11926605504587157,300,0.2,0.11009174311926605,0.03395548121208182,0.42786069651741293,False,0.03669724770642202
YFF,44,45,109,7,7,0.14678899082568808,0.5,0.10513761467889911,0.035116958370704186,0.14427860696517414,False,0.14678899082568808,900,0.5,0.10513761467889911,0.035116958370704186,0.14427860696517414,False,0.0
YFF,44,46,109,7,7,0.1651376146788991,0.2,0.10559633027522937,0.034877062101350914,0.05472636815920398,False,0.1651376146788991,900,0.2,0.10559633027522937,0.034877062101350914,0.05472636815920398,False,0.0
YFF,44,47,109,7,7,0.14678899082568808,0.5,0.1058256880733945,0.03587994840352656,0.16417910447761194,False,0.14678899082568808,450,0.8,0.10944954128440369,0.036944329787570805,0.19402985074626866,False,0.0
YFF,44,48,109,7,7,0.11009174311926606,0.5,0.10380733944954129,0.032912804882041354,0.44776119402985076,False,0.13761467889908258,100,0.2,0.11155963302752295,0.03669079284893626,0.2835820895522388,False,0.027522935779816515
YFF,44,49,109,7,7,0.13761467889908258,0.2,0.11256880733944953,0.033208744746826044,0.25870646766169153,False,0.13761467889908258,900,0.2,0.11256880733944953,0.033208744746826044,0.25870646766169153,False,0.0
YFF,44,50,109,7,7,0.14678899082568808,0.2,0.1044954128440367,0.0317246704120371,0.15422885572139303,False,0.14678899082568808,900,0.2,0.1044954128440367,0.0317246704120371,0.15422885572139303,False,0.0
YFF,44,51,109,7,7,0.13761467889908258,0.2,0.10958715596330276,0.03334204858689376,0.23880597014925373,False,0.22935779816513763,300,0.5,0.11137614678899084,0.03441376459705655,0.004975124378109453,True,0.09174311926605505
YFF,44,52,109,7,7,0.11009174311926606,0.8,0.10183486238532109,0.035478351102686115,0.4129353233830846,False,0.1559633027522936,100,0.8,0.10853211009174313,0.03580008386332641,0.12437810945273632,False,0.045871559633027525
YFF,44,53,109,7,7,0.09174311926605505,0.8,0.10862385321100917,0.033471725865933236,0.736318407960199,False,0.1834862385321101,60,0.5,0.11770642201834862,0.03485425585039024,0.03482587064676617,True,0.09174311926605505
YFF,44,54,109,7,7,0.10091743119266056,0.5,0.1029816513761468,0.030620872894489882,0.5472636815920398,False,0.12844036697247707,225,0.2,0.105,0.03320858554335888,0.2537313432835821,False,0.027522935779816515
YFF,45,46,109,7,7,0.11926605504587157,0.2,0.10807339449541285,0.03275284176187331,0.44776119402985076,False,0.12844036697247707,100,0.8,0.11605504587155963,0.035379862114661424,0.39303482587064675,False,0.009174311926605505
YFF,45,47,109,7,7,0.14678899082568808,0.2,0.10756880733944955,0.03272412885813011,0.14427860696517414,False,0.14678899082568808,900,0.2,0.10756880733944955,0.03272412885813011,0.14427860696517414,False,0.0
YFF,45,48,109,7,7,0.13761467889908258,0.8,0.10600917431192661,0.033651403948789176,0.22885572139303484,False,0.14678899082568808,300,0.2,0.10908256880733944,0.03449662422822239,0.15920398009950248,False,0.009174311926605505
YFF,45,49,109,7,7,0.12844036697247707,0.2,0.11201834862385322,0.0369566920294152,0.34328358208955223,False,0.12844036697247707,900,0.2,0.11201834862385322,0.0369566920294152,0.34328358208955223,False,0.0
YFF,45,50,109,7,7,0.14678899082568808,0.5,0.10729357798165136,0.0334686614518791,0.15422885572139303,False,0.1559633027522936,150,0.2,0.10967889908256881,0.03320349062936299,0.11940298507462686,False,0.009174311926605505
YFF,45,51,109,7,7,0.14678899082568808,0.2,0.1089908256880734,0.035485026508492466,0.19402985074626866,False,0.14678899082568808,300,0.2,0.1107798165137615,0.0357625831925278,0.16417910447761194,False,0.0
YFF,45,52,109,7,7,0.1559633027522936,0.5,0.10697247706422018,0.03368585600278992,0.13432835820895522,False,0.1559633027522936,900,0.5,0.10697247706422018,0.03368585600278992,0.13432835820895522,False,0.0
YFF,45,53,109,7,7,0.13761467889908258,0.2,0.10834862385321102,0.03539946235325683,0.2537313432835821,False,0.14678899082568808,60,0.2,0.11958715596330276,0.03587405389232227,0.23383084577114427,False,0.009174311926605505
YFF,45,54,109,7,7,0.14678899082568808,0.2,0.1065137614678899,0.034753146382789285,0.14925373134328357,False,0.14678899082568808,225,0.5,0.11128440366972477,0.035278820370395834,0.20398009950248755,False,0.0
YFF,46,47,109,7,7,0.14678899082568808,0.8,0.10522935779816514,0.033224024727732976,0.14427860696517414,False,0.14678899082568808,900,0.8,0.10522935779816514,0.033224024727732976,0.14427860696517414,False,0.0
YFF,46,48,109,7,7,0.11009174311926606,0.2,0.10261467889908257,0.032152247465091724,0.4079601990049751,False,0.14678899082568808,225,0.2,0.10908256880733944,0.03348878036484003,0.18407960199004975,False,0.03669724770642202
YFF,46,49,109,7,7,0.12844036697247707,0.8,0.11238532110091742,0.03274754678699634,0.3482587064676617,False,0.1559633027522936,100,0.8,0.11302752293577982,0.03776242137082812,0.18407960199004975,False,0.027522935779816515
YFF,46,50,109,7,7,0.14678899082568808,0.2,0.10293577981651378,0.03188916138399062,0.0945273631840796,False,0.14678899082568808,900,0.2,0.10293577981651378,0.03188916138399062,0.0945273631840796,False,0.0
YFF,46,51,109,7,7,0.1651376146788991,0.8,0.11064220183486238,0.03419924513390201,0.06467661691542288,False,0.21100917431192662,90,0.2,0.11229357798165139,0.034268432429251275,0.009950248756218905,True,0.045871559633027525
YFF,46,52,109,7,7,0.11926605504587157,0.5,0.10261467889908257,0.0341427723749557,0.3333333333333333,False,0.11926605504587157,60,0.8,0.11321100917431191,0.038567877478878444,0.48756218905472637,False,0.0
YFF,46,53,109,7,7,0.08256880733944955,0.2,0.10811926605504589,0.03570268973516081,0.7860696517412935,False,0.1834862385321101,60,0.5,0.11926605504587158,0.03558548275398567,0.04975124378109453,True,0.10091743119266056
YFF,46,54,109,7,7,0.11009174311926606,0.2,0.10371559633027523,0.030451336982783125,0.4925373134328358,False,0.14678899082568808,300,0.2,0.10798165137614679,0.03449564335361645,0.15920398009950248,False,0.03669724770642202
YFF,47,48,109,7,7,0.13761467889908258,0.8,0.10527522935779818,0.03191272815011709,0.21393034825870647,False,0.1559633027522936,450,0.8,0.10944954128440366,0.03741077110449101,0.13432835820895522,False,0.01834862385321101
YFF,47,49,109,7,7,0.11009174311926606,0.5,0.10844036697247705,0.03193687348695386,0.5174129353233831,False,0.1559633027522936,60,0.8,0.1213302752293578,0.038159931936993595,0.20398009950248755,False,0.045871559633027525
YFF,47,50,109,7,7,0.1743119266055046,0.2,0.10298165137614682,0.035400029881383493,0.024875621890547265,True,0.1834862385321101,450,0.8,0.10903669724770644,0.03630533313133196,0.04975124378109453,True,0.009174311926605505
YFF,47,51,109,7,7,0.12844036697247707,0.5,0.10770642201834862,0.032324933122738764,0.2835820895522388,False,0.1834862385321101,90,0.5,0.11325688073394495,0.03450652337019066,0.04477611940298507,True,0.05504587155963303
YFF,47,52,109,7,7,0.12844036697247707,0.5,0.10362385321100918,0.03611400303893046,0.22388059701492538,False,0.1559633027522936,75,0.2,0.11293577981651376,0.03405982802940719,0.12935323383084577,False,0.027522935779816515
YFF,47,53,109,7,7,0.14678899082568808,0.5,0.10871559633027524,0.03583126017612789,0.17412935323383086,False,0.14678899082568808,900,0.5,0.10871559633027524,0.03583126017612789,0.17412935323383086,False,0.0
YFF,47,54,109,7,7,0.14678899082568808,0.5,0.10527522935779818,0.03351589176888676,0.1691542288557214,False,0.14678899082568808,900,0.5,0.10527522935779818,0.03351589176888676,0.1691542288557214,False,0.0
YFF,48,49,109,7,7,0.10091743119266056,0.2,0.11018348623853212,0.03336477928629194,0.6268656716417911,False,0.14678899082568808,100,0.2,0.11417431192660552,0.03601901370407039,0.19402985074626866,False,0.045871559633027525
YFF,48,50,109,7,7,0.14678899082568808,0.5,0.10073394495412845,0.03057280174259103,0.08955223880597014,False,0.14678899082568808,900,0.5,0.10073394495412845,0.03057280174259103,0.08955223880597014,False,0.0
YFF,48,51,109,7,7,0.1926605504587156,0.8,0.10963302752293579,0.03643990260607021,0.03482587064676617,True,0.23853211009174313,90,0.2,0.11169724770642202,0.03630836198808263,0.004975124378109453,True,0.045871559633027525
YFF,48,52,109,7,7,0.09174311926605505,0.2,0.09715596330275231,0.03311282965727546,0.6069651741293532,False,0.1559633027522936,100,0.2,0.11238532110091742,0.03743608729560817,0.15920398009950248,False,0.06422018348623854
YFF,48,53,109,7,7,0.08256880733944955,0.8,0.10839449541284404,0.03321342498773882,0.8059701492537313,False,0.1559633027522936,60,0.2,0.11871559633027523,0.03704870655720467,0.18407960199004975,False,0.07339449541284404
YFF,48,54,109,7,7,0.11009174311926606,0.2,0.10119266055045874,0.030655005597137918,0.417910447761194,False,0.1743119266055046,225,0.5,0.10802752293577982,0.031853031646122854,0.05472636815920398,False,0.06422018348623854
YFF,49,50,109,7,7,0.1651376146788991,0.2,0.11128440366972477,0.0323650775324317,0.07462686567164178,False,0.1651376146788991,900,0.2,0.11128440366972477,0.0323650775324317,0.07462686567164178,False,0.0
YFF,49,51,109,7,7,0.1834862385321101,0.5,0.11009174311926608,0.034743530548379975,0.04477611940298507,True,0.2018348623853211,90,0.2,0.11119266055045872,0.03335932786673553,0.014925373134328358,True,0.01834862385321101
YFF,49,52,109,7,7,0.12844036697247707,0.8,0.10963302752293579,0.03511587437827917,0.3383084577114428,False,0.14678899082568808,60,0.8,0.11591743119266056,0.035373017400841686,0.24378109452736318,False,0.01834862385321101
YFF,49,53,109,7,7,0.09174311926605505,0.5,0.11146788990825687,0.03218738433462314,0.7611940298507462,False,0.14678899082568808,60,0.8,0.11940366972477065,0.036215517534773825,0.27860696517412936,False,0.05504587155963303
YFF,49,54,109,7,7,0.12844036697247707,0.5,0.11155963302752295,0.0335222324824596,0.34328358208955223,False,0.14678899082568808,100,0.2,0.11344036697247707,0.03656073335804907,0.23383084577114427,False,0.01834862385321101
YFF,50,51,109,7,7,0.1651376146788991,0.2,0.10711009174311928,0.03221611611329985,0.07462686567164178,False,0.22935779816513763,90,0.2,0.11105504587155965,0.03452857935495266,0.004975124378109453,True,0.06422018348623854
YFF,50,52,109,7,7,0.1651376146788991,0.2,0.09990825688073396,0.032825464417034246,0.06467661691542288,False,0.1926605504587156,450,0.2,0.1015137614678899,0.034130382299456696,0.01990049751243781,True,0.027522935779816515
YFF,50,53,109,7,7,0.11009174311926606,0.2,0.10711009174311929,0.03412864732993868,0.48756218905472637,False,0.2018348623853211,60,0.2,0.11610091743119266,0.03599434591957423,0.024875621890547265,True,0.09174311926605505
YFF,50,54,109,7,7,0.14678899082568808,0.5,0.10224770642201836,0.032846170458382104,0.1044776119402985,False,0.14678899082568808,900,0.5,0.10224770642201836,0.032846170458382104,0.1044776119402985,False,0.0
YFF,51,52,109,7,7,0.12844036697247707,0.8,0.1046788990825688,0.036722479915185784,0.2885572139303483,False,0.2018348623853211,90,0.2,0.11178899082568808,0.034426513400145256,0.01990049751243781,True,0.07339449541284404
YFF,51,53,109,7,7,0.11009174311926606,0.5,0.108348623853211,0.03389800969614829,0.5572139303482587,False,0.21100917431192662,90,0.5,0.11518348623853213,0.03272102674479623,0.009950248756218905,True,0.10091743119266056
YFF,51,54,109,7,7,0.1559633027522936,0.5,0.11018348623853211,0.0349497484692997,0.11940298507462686,False,0.1926605504587156,90,0.2,0.11183486238532112,0.03467516924892167,0.029850746268656716,True,0.03669724770642202
YFF,52,53,109,7,7,0.10091743119266056,0.2,0.105,0.03177672268003307,0.582089552238806,False,0.1926605504587156,75,0.2,0.11633027522935781,0.03509189754579468,0.01990049751243781,True,0.09174311926605505
YFF,52,54,109,7,7,0.12844036697247707,0.5,0.0988532110091743,0.03163986523981038,0.20398009950248755,False,0.1651376146788991,100,0.8,0.10559633027522936,0.0332377707046255,0.04975124378109453,True,0.03669724770642202
YFF,53,54,109,7,7,0.11926605504587157,0.2,0.10853211009174313,0.03439003617804942,0.4228855721393035,False,0.1651376146788991,60,0.2,0.11697247706422019,0.03763890279673255,0.12935323383084577,False,0.045871559633027525
