subject,neuron_1,neuron_2,n_presentations,min_class_count,n_splits,FR_accuracy,FR_best_gamma,FR_null_mean,FR_null_sd,FR_p,FR_coding,TC_accuracy,TC_best_bin_ms,TC_best_gamma,TC_null_mean,TC_null_sd,TC_p,TC_coding,TC_minus_FR
YFT,10,11,477,43,10,0.0859538784067086,0.2,0.10953878406708595,0.016681370878899312,0.945273631840796,False,0.10062893081761007,180,0.8,0.11171907756813416,0.016868117598112266,0.746268656716418,False,0.014675052410901473
YFT,10,12,477,43,10,0.09433962264150944,0.2,0.11137316561844862,0.017502148174724386,0.8606965174129353,False,0.13417190775681342,180,0.2,0.1128616352201258,0.01749058551451564,0.10945273631840796,False,0.039832285115303984
YFT,10,13,477,43,10,0.1278825995807128,0.2,0.11082809224318659,0.019219529642959934,0.22388059701492538,False,0.14046121593291405,450,0.8,0.11095387840670858,0.017655426618538497,0.05970149253731343,False,0.012578616352201255
YFT,10,14,477,43,10,0.14046121593291405,0.5,0.10936058700209643,0.01765897889371971,0.06965174129353234,False,0.1530398322851153,450,0.2,0.10949685534591196,0.017589972501904676,0.009950248756218905,True,0.012578616352201255
YFT,10,15,477,43,10,0.11530398322851153,0.8,0.11044025157232702,0.01681982646757791,0.3781094527363184,False,0.129979035639413,225,0.8,0.10971698113207545,0.016752089826394454,0.1044776119402985,False,0.01467505241090146
YFT,10,16,477,43,10,0.11530398322851153,0.2,0.10981132075471699,0.018116773439527195,0.39303482587064675,False,0.16771488469601678,225,0.2,0.11022012578616351,0.017316295665560335,0.004975124378109453,True,0.05241090146750525
YFT,10,17,477,43,10,0.11949685534591195,0.8,0.10824947589098531,0.01738470192813559,0.30845771144278605,False,0.13626834381551362,300,0.2,0.1100524109014675,0.01828838313837719,0.10945273631840796,False,0.016771488469601664
YFT,10,18,477,43,10,0.12578616352201258,0.2,0.1089832285115304,0.017092982670730308,0.208955223880597,False,0.14046121593291405,300,0.8,0.11052410901467503,0.016342176566989452,0.05970149253731343,False,0.014675052410901473
YFT,10,19,477,43,10,0.1090146750524109,0.5,0.10962264150943395,0.017340706051413052,0.5074626865671642,False,0.13417190775681342,180,0.8,0.11167714884696017,0.01798849963912469,0.13432835820895522,False,0.025157232704402524
YFT,10,20,477,43,10,0.12578616352201258,0.2,0.11139412997903564,0.01631582568042202,0.23880597014925373,False,0.1509433962264151,225,0.8,0.10970649895178196,0.016010337316076557,0.01990049751243781,True,0.02515723270440251
YFT,10,21,477,43,10,0.1090146750524109,0.5,0.11060796645702306,0.01622428321149902,0.4975124378109453,False,0.1488469601677149,225,0.2,0.10938155136268342,0.017083883944939555,0.014925373134328358,True,0.039832285115304
YFT,10,22,477,43,10,0.1111111111111111,0.8,0.10986373165618447,0.015630603180457645,0.48258706467661694,False,0.13836477987421383,225,0.5,0.1089622641509434,0.016753619079388073,0.029850746268656716,True,0.02725366876310273
YFT,10,23,477,43,10,0.13836477987421383,0.8,0.10858490566037736,0.015803722969448958,0.06467661691542288,False,0.13836477987421383,900,0.8,0.10858490566037736,0.015803722969448958,0.06467661691542288,False,0.0
YFT,10,24,477,43,10,0.1090146750524109,0.2,0.11068134171907756,0.016482312443623404,0.5124378109452736,False,0.14465408805031446,225,0.2,0.10974842767295596,0.017372721036685357,0.024875621890547265,True,0.03563941299790356
YFT,10,25,477,43,10,0.11949685534591195,0.8,0.10968553459119496,0.01697926561285923,0.27860696517412936,False,0.13417190775681342,75,0.8,0.11081761006289309,0.017501015598818212,0.08955223880597014,False,0.014675052410901473
YFT,10,26,477,43,10,0.11530398322851153,0.5,0.10966457023060798,0.016210869145172453,0.38308457711442784,False,0.12368972746331237,60,0.2,0.10953878406708593,0.018148672848256588,0.24378109452736318,False,0.008385744234800846
YFT,10,27,477,43,10,0.10482180293501048,0.5,0.11026205450733752,0.01542292923802136,0.6268656716417911,False,0.1488469601677149,225,0.2,0.10926624737945492,0.016442417082527108,0.009950248756218905,True,0.04402515723270442
YFT,10,28,477,43,10,0.11949685534591195,0.5,0.11131027253668763,0.016108649745969712,0.32338308457711445,False,0.1320754716981132,100,0.2,0.11226415094339622,0.01812797324820183,0.18407960199004975,False,0.012578616352201255
YFT,10,29,477,43,10,0.11320754716981132,0.2,0.11028301886792452,0.01595615348236613,0.4228855721393035,False,0.14465408805031446,225,0.2,0.109958071278826,0.016621685413659108,0.03980099502487562,True,0.03144654088050314
YFT,10,30,477,43,10,0.11320754716981132,0.2,0.11025157232704402,0.016335458475223094,0.46766169154228854,False,0.1509433962264151,225,0.5,0.10961215932914045,0.018475072235176117,0.014925373134328358,True,0.037735849056603765
YFT,10,31,477,43,10,0.1069182389937107,0.8,0.11015723270440252,0.01537516965950441,0.572139303482587,False,0.14465408805031446,225,0.2,0.10909853249475888,0.016783125446711494,0.01990049751243781,True,0.037735849056603765
YFT,10,32,477,43,10,0.09014675052410902,0.8,0.11053459119496853,0.016150193615520586,0.9054726368159204,False,0.1320754716981132,100,0.2,0.11072327044025157,0.01729286299449391,0.13432835820895522,False,0.04192872117400419
YFT,10,33,477,43,10,0.12368972746331237,0.5,0.10965408805031444,0.016802008486210464,0.21393034825870647,False,0.16561844863731656,90,0.8,0.11265199161425576,0.019198604169926633,0.009950248756218905,True,0.04192872117400419
YFT,10,34,477,43,10,0.13836477987421383,0.2,0.11159329140461216,0.019612007879463926,0.11442786069651742,False,0.13836477987421383,900,0.2,0.11159329140461216,0.019612007879463926,0.11442786069651742,False,0.0
YFT,10,35,477,43,10,0.1069182389937107,0.2,0.10848008385744233,0.01858308631840261,0.5323383084577115,False,0.12578616352201258,150,0.8,0.1088888888888889,0.018414319234338228,0.22885572139303484,False,0.018867924528301883
YFT,10,36,477,43,10,0.09643605870020965,0.2,0.11040880503144654,0.017619538577463338,0.7960199004975125,False,0.14046121593291405,300,0.2,0.10950733752620544,0.017652974631448732,0.03980099502487562,True,0.04402515723270441
YFT,10,37,477,43,10,0.07966457023060797,0.2,0.1100524109014675,0.017441548632653823,0.9601990049751243,False,0.12368972746331237,75,0.2,0.11069182389937109,0.01702763635647951,0.2537313432835821,False,0.04402515723270441
YFT,10,38,477,43,10,0.1069182389937107,0.2,0.10881551362683439,0.0173368942937405,0.5870646766169154,False,0.1320754716981132,225,0.2,0.10936058700209643,0.018893983224727077,0.13432835820895522,False,0.02515723270440251
YFT,10,39,477,43,10,0.09433962264150944,0.8,0.10950733752620544,0.017384447844856245,0.8258706467661692,False,0.1278825995807128,225,0.5,0.1099685534591195,0.017657753189373376,0.14427860696517414,False,0.033542976939203356
YFT,10,40,477,43,10,0.1111111111111111,0.5,0.1100104821802935,0.015861807984673265,0.5074626865671642,False,0.1278825995807128,180,0.8,0.11045073375262053,0.018375824080102916,0.18407960199004975,False,0.016771488469601692
YFT,10,41,477,43,10,0.10482180293501048,0.2,0.11085953878406705,0.017262801396247345,0.6417910447761194,False,0.1320754716981132,150,0.5,0.10952830188679245,0.016250476746779634,0.09950248756218906,False,0.02725366876310273
YFT,10,42,477,43,10,0.10062893081761007,0.5,0.10912997903563941,0.016498250268894888,0.7114427860696517,False,0.129979035639413,300,0.2,0.1090566037735849,0.01797038098154019,0.15920398009950248,False,0.02935010482180292
YFT,10,43,477,43,10,0.11740041928721175,0.5,0.11216981132075471,0.01881223880679221,0.4626865671641791,False,0.14255765199161424,225,0.2,0.1100104821802935,0.01742373582948678,0.05472636815920398,False,0.025157232704402496
YFT,10,44,477,43,10,0.0880503144654088,0.2,0.10966457023060798,0.01740528621708052,0.8955223880597015,False,0.12578616352201258,225,0.8,0.10973794549266248,0.01783918223857668,0.20398009950248755,False,0.03773584905660378
YFT,10,45,477,43,10,0.08385744234800839,0.8,0.11062893081761006,0.01671570582699828,0.9651741293532339,False,0.12159329140461216,225,0.8,0.11193920335429769,0.017267070792501574,0.34328358208955223,False,0.037735849056603765
YFT,10,46,477,43,10,0.09643605870020965,0.2,0.11023060796645702,0.014282820299302704,0.835820895522388,False,0.129979035639413,75,0.5,0.1120230607966457,0.016402094792261516,0.14925373134328357,False,0.03354297693920334
YFT,10,47,477,43,10,0.1111111111111111,0.8,0.10912997903563941,0.01614234216489176,0.43781094527363185,False,0.12368972746331237,225,0.8,0.10951781970649895,0.016723010750834603,0.19402985074626866,False,0.012578616352201269
YFT,10,48,477,43,10,0.12159329140461216,0.8,0.10948637316561843,0.018362430186755825,0.32338308457711445,False,0.13626834381551362,300,0.5,0.10963312368972744,0.01605398950351727,0.0845771144278607,False,0.01467505241090146
YFT,10,49,477,43,10,0.11320754716981132,0.2,0.1108595387840671,0.01641014833462666,0.4925373134328358,False,0.1278825995807128,100,0.5,0.109853249475891,0.0166790537689624,0.16417910447761194,False,0.014675052410901473
YFT,10,50,477,43,10,0.11949685534591195,0.8,0.11067085953878406,0.01701412873692373,0.3283582089552239,False,0.1719077568134172,225,0.2,0.1110272536687631,0.016628447248535433,0.004975124378109453,True,0.05241090146750524
YFT,10,51,477,43,10,0.13417190775681342,0.2,0.11115303983228511,0.015867407840877385,0.10945273631840796,False,0.14255765199161424,150,0.8,0.11054507337526205,0.017935628047380754,0.05970149253731343,False,0.008385744234800818
YFT,10,52,477,43,10,0.11740041928721175,0.2,0.1110272536687631,0.016322812317725748,0.373134328358209,False,0.13836477987421383,450,0.5,0.109895178197065,0.017055318783686973,0.03980099502487562,True,0.020964360587002087
YFT,10,70,477,43,10,0.0880503144654088,0.5,0.10986373165618449,0.018161260657201406,0.8805970149253731,False,0.12578616352201258,225,0.5,0.1099266247379455,0.018422638009899666,0.22885572139303484,False,0.03773584905660378
YFT,10,71,477,43,10,0.09853249475890985,0.2,0.11141509433962264,0.017877273251776647,0.7661691542288557,False,0.129979035639413,225,0.2,0.10928721174004194,0.018180965756174325,0.1691542288557214,False,0.03144654088050314
YFT,10,72,477,43,10,0.08385744234800839,0.5,0.11040880503144654,0.015823247910613604,0.9701492537313433,False,0.1278825995807128,150,0.2,0.1109538784067086,0.018102599231836238,0.1791044776119403,False,0.04402515723270441
YFT,10,73,477,43,10,0.0859538784067086,0.5,0.11029350104821804,0.01673165893072909,0.9353233830845771,False,0.12159329140461216,180,0.8,0.11025157232704404,0.015256046721261681,0.24378109452736318,False,0.03563941299790356
YFT,10,74,477,43,10,0.0649895178197065,0.8,0.11074423480083859,0.01572406053449293,0.9950248756218906,False,0.11530398322851153,450,0.2,0.11036687631027252,0.0154812446282033,0.4079601990049751,False,0.050314465408805034
YFT,10,75,477,43,10,0.13836477987421383,0.2,0.11128930817610062,0.016657558817143266,0.05970149253731343,False,0.13836477987421383,900,0.2,0.11128930817610062,0.016657558817143266,0.05970149253731343,False,0.0
YFT,10,76,477,43,10,0.129979035639413,0.2,0.11083857442348007,0.01747483550661115,0.15920398009950248,False,0.16142557651991615,300,0.5,0.11048218029350104,0.01752870641814576,0.009950248756218905,True,0.031446540880503165
YFT,10,77,477,43,10,0.09853249475890985,0.8,0.1110377358490566,0.01826346477675842,0.7661691542288557,False,0.14465408805031446,300,0.2,0.11035639412997902,0.01764929914049789,0.03482587064676617,True,0.04612159329140461
YFT,10,78,477,43,10,0.10482180293501048,0.8,0.11163522012578615,0.018074287730827768,0.6766169154228856,False,0.14255765199161424,75,0.5,0.11059748427672955,0.01879873290935058,0.07462686567164178,False,0.037735849056603765
YFT,11,12,477,43,10,0.09433962264150944,0.2,0.11097484276729559,0.01794592869677611,0.8059701492537313,False,0.1488469601677149,90,0.8,0.11341719077568134,0.017009468002171443,0.01990049751243781,True,0.05450733752620546
YFT,11,13,477,43,10,0.13836477987421383,0.8,0.1109433962264151,0.017768178529986547,0.0845771144278607,False,0.1488469601677149,450,0.8,0.11160377358490566,0.018199988176868697,0.029850746268656716,True,0.010482180293501064
YFT,11,14,477,43,10,0.1111111111111111,0.2,0.10965408805031446,0.015619436690577337,0.48756218905472637,False,0.129979035639413,90,0.8,0.1110377358490566,0.017819089889442818,0.12437810945273632,False,0.018867924528301883
YFT,11,15,477,43,10,0.10272536687631027,0.5,0.10877358490566039,0.016655437300468336,0.6567164179104478,False,0.12578616352201258,100,0.2,0.11110062893081761,0.01938637094370422,0.24875621890547264,False,0.023060796645702306
YFT,11,16,477,43,10,0.11949685534591195,0.2,0.11092243186582809,0.018197818919943,0.31343283582089554,False,0.1488469601677149,150,0.8,0.11263102725366875,0.01715934473036567,0.024875621890547265,True,0.029350104821802947
YFT,11,17,477,43,10,0.12159329140461216,0.2,0.11160377358490567,0.01573043602018683,0.30845771144278605,False,0.13626834381551362,180,0.2,0.11181341719077569,0.017546686422237685,0.10945273631840796,False,0.01467505241090146
YFT,11,18,477,43,10,0.13417190775681342,0.8,0.10981132075471699,0.01635352481422963,0.06965174129353234,False,0.13417190775681342,180,0.8,0.11210691823899371,0.017819783960949347,0.14925373134328357,False,0.0
YFT,11,19,477,43,10,0.10482180293501048,0.8,0.11033542976939202,0.01616027248263781,0.6517412935323383,False,0.1069182389937107,180,0.8,0.11170859538784067,0.016064414007914227,0.6268656716417911,False,0.0020964360587002184
YFT,11,20,477,43,10,0.11530398322851153,0.2,0.1111111111111111,0.01670154923033979,0.4129353233830846,False,0.11530398322851153,900,0.2,0.1111111111111111,0.01670154923033979,0.4129353233830846,False,0.0
YFT,11,21,477,43,10,0.1090146750524109,0.5,0.11060796645702306,0.01641240921208837,0.5373134328358209,False,0.11949685534591195,450,0.8,0.1109853249475891,0.017372581194966766,0.32338308457711445,False,0.01048218029350105
YFT,11,22,477,43,10,0.11949685534591195,0.8,0.11014675052410901,0.016366052776855048,0.30845771144278605,False,0.11949685534591195,90,0.2,0.11144654088050315,0.016399216366183998,0.32338308457711445,False,0.0
YFT,11,23,477,43,10,0.10482180293501048,0.8,0.1111111111111111,0.01693920752651681,0.6567164179104478,False,0.11740041928721175,150,0.2,0.1110901467505241,0.016317602227732694,0.373134328358209,False,0.012578616352201269
YFT,11,24,477,43,10,0.1111111111111111,0.2,0.10954926624737946,0.01679648682669105,0.4975124378109453,False,0.11949685534591195,450,0.5,0.11035639412997904,0.018110042912548616,0.3333333333333333,False,0.008385744234800846
YFT,11,25,477,43,10,0.11949685534591195,0.8,0.11,0.01652461765507342,0.26865671641791045,False,0.129979035639413,75,0.8,0.11118448637316561,0.017108351616323354,0.15920398009950248,False,0.010482180293501037
YFT,11,26,477,43,10,0.1111111111111111,0.2,0.11136268343815513,0.016479984097656053,0.5223880597014925,False,0.11740041928721175,90,0.2,0.11221174004192873,0.018874288263095354,0.40298507462686567,False,0.006289308176100641
YFT,11,27,477,43,10,0.11320754716981132,0.5,0.11034591194968552,0.016292119871870816,0.42786069651741293,False,0.12159329140461216,450,0.2,0.1109958071278826,0.016786227497416567,0.30845771144278605,False,0.008385744234800832
YFT,11,28,477,43,10,0.129979035639413,0.2,0.11208595387840671,0.016276794348160935,0.14925373134328357,False,0.13417190775681342,150,0.2,0.11255765199161423,0.017148339785708473,0.10945273631840796,False,0.004192872117400437
YFT,11,29,477,43,10,0.11949685534591195,0.8,0.109979035639413,0.016863206958830507,0.30845771144278605,False,0.13626834381551362,90,0.2,0.11250524109014676,0.01544751142353272,0.06467661691542288,False,0.016771488469601664
YFT,11,30,477,43,10,0.09853249475890985,0.2,0.11139412997903562,0.016881320128237533,0.7810945273631841,False,0.14255765199161424,90,0.2,0.11269392033542976,0.017165212864811222,0.05970149253731343,False,0.04402515723270439
YFT,11,31,477,43,10,0.11530398322851153,0.8,0.11040880503144652,0.016169791904403753,0.373134328358209,False,0.12159329140461216,450,0.2,0.11090146750524109,0.017538783283834736,0.2935323383084577,False,0.0062893081761006275
YFT,11,32,477,43,10,0.09014675052410902,0.2,0.11141509433962264,0.01634249753342271,0.9054726368159204,False,0.12368972746331237,225,0.2,0.11046121593291405,0.01620269269763739,0.21890547263681592,False,0.033542976939203356
YFT,11,33,477,43,10,0.1090146750524109,0.5,0.11095387840670858,0.017154195591272705,0.5920398009950248,False,0.14675052410901468,90,0.5,0.11350104821802935,0.017736678127789958,0.04477611940298507,True,0.03773584905660378
YFT,11,34,477,43,10,0.1320754716981132,0.2,0.11062893081761006,0.01689051816626791,0.11940298507462686,False,0.14465408805031446,180,0.8,0.11321802935010482,0.017631091828075228,0.03980099502487562,True,0.012578616352201255
YFT,11,35,477,43,10,0.12578616352201258,0.5,0.1101781970649895,0.017093266927870766,0.20398009950248755,False,0.12578616352201258,150,0.2,0.1119496855345912,0.01761166813109137,0.22885572139303484,False,0.0
YFT,11,36,477,43,10,0.11530398322851153,0.2,0.1108595387840671,0.017188437298483555,0.4228855721393035,False,0.12578616352201258,75,0.5,0.11428721174004193,0.016937874319826185,0.2835820895522388,False,0.01048218029350105
YFT,11,37,477,43,10,0.09433962264150944,0.2,0.1120020964360587,0.017222937926647253,0.8805970149253731,False,0.12159329140461216,100,0.2,0.11312368972746331,0.0176152292305817,0.32338308457711445,False,0.027253668763102715
YFT,11,38,477,43,10,0.1069182389937107,0.8,0.10932914046121592,0.01561314672585968,0.5771144278606966,False,0.13836477987421383,180,0.5,0.11143605870020963,0.01786701645898164,0.06965174129353234,False,0.03144654088050314
YFT,11,39,477,43,10,0.129979035639413,0.2,0.109979035639413,0.016192398134753944,0.13930348258706468,False,0.13417190775681342,450,0.5,0.11045073375262053,0.01814846292676451,0.10945273631840796,False,0.004192872117400437
YFT,11,40,477,43,10,0.10482180293501048,0.2,0.1120545073375262,0.016645585281213297,0.6965174129353234,False,0.14046121593291405,150,0.8,0.11249475890985325,0.01759967547289116,0.07462686567164178,False,0.035639412997903575
YFT,11,41,477,43,10,0.11530398322851153,0.5,0.11081761006289308,0.017666809511691358,0.43283582089552236,False,0.13626834381551362,150,0.2,0.11126834381551362,0.016669699302507265,0.07960199004975124,False,0.020964360587002087
YFT,11,42,477,43,10,0.12368972746331237,0.2,0.109895178197065,0.016910969361284073,0.22885572139303484,False,0.12368972746331237,900,0.2,0.109874213836478,0.01716610384793609,0.22885572139303484,False,0.0
YFT,11,43,477,43,10,0.1488469601677149,0.5,0.11067085953878408,0.018104615213209496,0.01990049751243781,True,0.1488469601677149,900,0.5,0.11067085953878408,0.018104615213209496,0.01990049751243781,True,0.0
YFT,11,44,477,43,10,0.09433962264150944,0.5,0.10867924528301888,0.015618365560222355,0.8308457711442786,False,0.11740041928721175,90,0.8,0.11253668763102725,0.01677643912057493,0.3681592039800995,False,0.023060796645702306
YFT,11,45,477,43,10,0.0880503144654088,0.2,0.10944444444444443,0.016221638726732213,0.9203980099502488,False,0.12159329140461216,180,0.8,0.11088050314465409,0.016118507955111543,0.25870646766169153,False,0.033542976939203356
YFT,11,46,477,43,10,0.12368972746331237,0.2,0.10954926624737943,0.01535101834578458,0.20398009950248755,False,0.1320754716981132,180,0.2,0.11264150943396226,0.016678669759651907,0.12935323383084577,False,0.008385744234800832
YFT,11,47,477,43,10,0.129979035639413,0.5,0.11009433962264151,0.016021186555974832,0.13432835820895522,False,0.13626834381551362,450,0.5,0.11142557651991615,0.01871897069787063,0.10945273631840796,False,0.0062893081761006275
YFT,11,48,477,43,10,0.1278825995807128,0.2,0.11024109014675051,0.01872077283782354,0.1791044776119403,False,0.13626834381551362,300,0.5,0.110083857442348,0.015986703486124715,0.07462686567164178,False,0.008385744234800818
YFT,11,49,477,43,10,0.12368972746331237,0.2,0.11155136268343815,0.01727179308210421,0.2537313432835821,False,0.13626834381551362,100,0.5,0.11150943396226415,0.01655063278339712,0.07960199004975124,False,0.012578616352201241
YFT,11,50,477,43,10,0.129979035639413,0.2,0.11165618448637316,0.018699481165482125,0.19402985074626866,False,0.1719077568134172,60,0.8,0.11133123689727462,0.016276143032957692,0.004975124378109453,True,0.0419287211740042
YFT,11,51,477,43,10,0.14255765199161424,0.8,0.11063941299790356,0.01686791792666789,0.05472636815920398,False,0.1530398322851153,150,0.5,0.11040880503144652,0.018022314266587226,0.024875621890547265,True,0.010482180293501064
YFT,11,52,477,43,10,0.12159329140461216,0.5,0.11184486373165617,0.01567385455132275,0.31840796019900497,False,0.13417190775681342,60,0.8,0.11230607966457022,0.017869998332453153,0.13432835820895522,False,0.012578616352201269
YFT,11,70,477,43,10,0.10482180293501048,0.2,0.10862683438155135,0.016570220622243507,0.5970149253731343,False,0.129979035639413,300,0.2,0.110104821802935,0.018203607074817947,0.14925373134328357,False,0.02515723270440251
YFT,11,71,477,43,10,0.1111111111111111,0.2,0.1111111111111111,0.018685019110802187,0.527363184079602,False,0.1278825995807128,150,0.5,0.11118448637316561,0.018639311500565615,0.20398009950248755,False,0.016771488469601692
YFT,11,72,477,43,10,0.13626834381551362,0.5,0.1110587002096436,0.016261264237553107,0.06965174129353234,False,0.13626834381551362,900,0.5,0.1110587002096436,0.016261264237553107,0.06965174129353234,False,0.0
YFT,11,73,477,43,10,0.10062893081761007,0.2,0.10973794549266247,0.016909973510434162,0.7064676616915423,False,0.1278825995807128,180,0.2,0.1119287211740042,0.015200354723465924,0.1691542288557214,False,0.02725366876310273
YFT,11,74,477,43,10,0.1111111111111111,0.2,0.10967505241090147,0.017525653874369627,0.5074626865671642,False,0.11740041928721175,450,0.2,0.11158280922431865,0.017038576678089692,0.38308457711442784,False,0.006289308176100641
YFT,11,75,477,43,10,0.13417190775681342,0.5,0.11185534591194969,0.016882916165626236,0.12437810945273632,False,0.13836477987421383,90,0.5,0.110041928721174,0.015051715702392159,0.024875621890547265,True,0.004192872117400409
YFT,11,76,477,43,10,0.1090146750524109,0.2,0.10932914046121592,0.016407712159686394,0.5472636815920398,False,0.13836477987421383,180,0.2,0.109874213836478,0.01653167302784738,0.06467661691542288,False,0.029350104821802933
YFT,11,77,477,43,10,0.12159329140461216,0.2,0.11169811320754716,0.01684396967113513,0.31343283582089554,False,0.13417190775681342,180,0.2,0.11120545073375261,0.019549506669358164,0.15920398009950248,False,0.012578616352201269
YFT,11,78,477,43,10,0.10482180293501048,0.5,0.10980083857442349,0.019032182436957434,0.6417910447761194,False,0.14675052410901468,90,0.2,0.11124737945492662,0.01886157621044547,0.024875621890547265,True,0.0419287211740042
YFT,12,13,477,43,10,0.15513626834381553,0.5,0.11149895178197065,0.01781127972131198,0.009950248756218905,True,0.17819706498951782,90,0.8,0.11359538784067086,0.017764097950300817,0.004975124378109453,True,0.02306079664570229
YFT,12,14,477,43,10,0.13417190775681342,0.2,0.11042976939203354,0.016851543370153176,0.10945273631840796,False,0.1488469601677149,90,0.5,0.11084905660377359,0.017512240322522545,0.024875621890547265,True,0.014675052410901473
YFT,12,15,477,43,10,0.14255765199161424,0.5,0.109853249475891,0.01592165440717659,0.029850746268656716,True,0.14465408805031446,100,0.5,0.11045073375262053,0.015915518574532352,0.01990049751243781,True,0.0020964360587002184
YFT,12,16,477,43,10,0.1278825995807128,0.5,0.10919287211740042,0.01753976232055309,0.1691542288557214,False,0.15513626834381553,225,0.2,0.1109433962264151,0.016603884253716124,0.01990049751243781,True,0.02725366876310273
YFT,12,17,477,43,10,0.11740041928721175,0.5,0.10930817610062894,0.017154327557257442,0.36318407960199006,False,0.1278825995807128,60,0.8,0.11171907756813418,0.017046549771901495,0.18407960199004975,False,0.01048218029350105
YFT,12,18,477,43,10,0.1320754716981132,0.5,0.10985324947589098,0.016368967392551812,0.1044776119402985,False,0.16142557651991615,90,0.2,0.11343815513626833,0.01899193363686659,0.009950248756218905,True,0.029350104821802947
YFT,12,19,477,43,10,0.09853249475890985,0.8,0.11033542976939202,0.015810726369340958,0.7960199004975125,False,0.12159329140461216,100,0.8,0.11253668763102724,0.016638963146099705,0.3283582089552239,False,0.023060796645702306
YFT,12,20,477,43,10,0.10272536687631027,0.5,0.1110901467505241,0.015478523136507303,0.7661691542288557,False,0.13626834381551362,90,0.8,0.1131132075471698,0.016003697279162184,0.06467661691542288,False,0.03354297693920334
YFT,12,21,477,43,10,0.09853249475890985,0.2,0.1119916142557652,0.015635212331291396,0.8308457711442786,False,0.13417190775681342,90,0.2,0.1138469601677149,0.015970403824635646,0.08955223880597014,False,0.035639412997903575
YFT,12,22,477,43,10,0.10062893081761007,0.2,0.1109538784067086,0.014731287324281386,0.7562189054726368,False,0.14465408805031446,90,0.2,0.11351153039832283,0.016328977697645585,0.024875621890547265,True,0.04402515723270439
YFT,12,23,477,43,10,0.11320754716981132,0.2,0.11072327044025158,0.01685958853963233,0.472636815920398,False,0.13836477987421383,90,0.8,0.1121488469601677,0.01551558775939216,0.07960199004975124,False,0.02515723270440251
YFT,12,24,477,43,10,0.10482180293501048,0.2,0.11055555555555556,0.016052173462360778,0.6517412935323383,False,0.13626834381551362,90,0.5,0.11325995807127884,0.01637765081533733,0.0845771144278607,False,0.03144654088050314
YFT,12,25,477,43,10,0.1278825995807128,0.8,0.10838574423480082,0.016394582890695734,0.14427860696517414,False,0.14675052410901468,90,0.8,0.1110377358490566,0.017330243205936777,0.029850746268656716,True,0.018867924528301883
YFT,12,26,477,43,10,0.1069182389937107,0.2,0.11158280922431865,0.01584439368729501,0.6567164179104478,False,0.12578616352201258,60,0.5,0.11206498951781971,0.01694806791420098,0.21393034825870647,False,0.018867924528301883
YFT,12,27,477,43,10,0.09643605870020965,0.2,0.11153039832285114,0.015909165200594825,0.8258706467661692,False,0.13836477987421383,90,0.8,0.11349056603773584,0.016616273299980857,0.05970149253731343,False,0.04192872117400419
YFT,12,28,477,43,10,0.1278825995807128,0.5,0.1111425576519916,0.01685880253597267,0.16417910447761194,False,0.1530398322851153,100,0.8,0.11227463312368972,0.017412019626180063,0.024875621890547265,True,0.02515723270440251
YFT,12,29,477,43,10,0.12578616352201258,0.2,0.11179245283018865,0.015026673435160903,0.19402985074626866,False,0.14465408805031446,90,0.5,0.11437106918238993,0.01618265317735685,0.04477611940298507,True,0.018867924528301883
YFT,12,30,477,43,10,0.09014675052410902,0.2,0.11082809224318659,0.017102283178783043,0.9353233830845771,False,0.1320754716981132,90,0.2,0.11359538784067086,0.01651949460930589,0.15422885572139303,False,0.04192872117400419
YFT,12,31,477,43,10,0.09643605870020965,0.2,0.11087002096436058,0.015471654860288907,0.8208955223880597,False,0.14046121593291405,90,0.2,0.11333333333333333,0.016317128500695728,0.03482587064676617,True,0.04402515723270441
YFT,12,32,477,43,10,0.09014675052410902,0.2,0.1100524109014675,0.017052259208730283,0.900497512437811,False,0.14046121593291405,100,0.2,0.11036687631027252,0.016012802914220813,0.05970149253731343,False,0.050314465408805034
YFT,12,33,477,43,10,0.129979035639413,0.5,0.11019916142557651,0.018075298855781692,0.14925373134328357,False,0.16981132075471697,90,0.5,0.11373165618448637,0.01777736184492762,0.004975124378109453,True,0.039832285115303984
YFT,12,34,477,43,10,0.1320754716981132,0.8,0.11167714884696016,0.01568788266860198,0.12437810945273632,False,0.1320754716981132,100,0.2,0.11351153039832287,0.01909585355123396,0.18407960199004975,False,0.0
YFT,12,35,477,43,10,0.10482180293501048,0.8,0.11127882599580712,0.01815671496809489,0.6467661691542289,False,0.13417190775681342,100,0.8,0.11245283018867923,0.01812710822127901,0.13432835820895522,False,0.029350104821802947
YFT,12,36,477,43,10,0.11949685534591195,0.8,0.11077568134171907,0.018021287913508897,0.3582089552238806,False,0.12159329140461216,75,0.2,0.11179245283018868,0.018073294879383472,0.3482587064676617,False,0.0020964360587002046
YFT,12,37,477,43,10,0.0880503144654088,0.5,0.10985324947589098,0.01673061610487936,0.9054726368159204,False,0.14046121593291405,90,0.2,0.11060796645702303,0.018855910969467978,0.06467661691542288,False,0.05241090146750525
YFT,12,38,477,43,10,0.11949685534591195,0.8,0.11042976939203353,0.0183750548568484,0.3383084577114428,False,0.11949685534591195,90,0.2,0.10981132075471697,0.017570940141423456,0.31343283582089554,False,0.0
YFT,12,39,477,43,10,0.11740041928721175,0.8,0.11038784067085952,0.01633060066892132,0.3482587064676617,False,0.129979035639413,60,0.8,0.10935010482180292,0.01852170984067099,0.15422885572139303,False,0.012578616352201241
YFT,12,40,477,43,10,0.1320754716981132,0.2,0.1119287211740042,0.017949266598820172,0.15920398009950248,False,0.1320754716981132,900,0.2,0.1119287211740042,0.017949266598820172,0.15920398009950248,False,0.0
YFT,12,41,477,43,10,0.11320754716981132,0.2,0.109874213836478,0.016119056027515472,0.472636815920398,False,0.13417190775681342,150,0.2,0.10961215932914045,0.015886072515863606,0.06467661691542288,False,0.0209643605870021
YFT,12,42,477,43,10,0.09433962264150944,0.2,0.11142557651991615,0.01637267737933682,0.8606965174129353,False,0.11740041928721175,300,0.5,0.11046121593291405,0.01750398096263569,0.373134328358209,False,0.023060796645702306
YFT,12,43,477,43,10,0.11740041928721175,0.8,0.11188679245283019,0.01818460969394448,0.417910447761194,False,0.129979035639413,225,0.8,0.11234800838574424,0.01817474508161164,0.1791044776119403,False,0.012578616352201241
YFT,12,44,477,43,10,0.09853249475890985,0.2,0.11029350104821802,0.0168958522371839,0.7562189054726368,False,0.1530398322851153,90,0.5,0.11281970649895177,0.017623047957633226,0.009950248756218905,True,0.05450733752620546
YFT,12,45,477,43,10,0.09014675052410902,0.2,0.10944444444444443,0.017851187202297742,0.9054726368159204,False,0.13626834381551362,90,0.5,0.11256813417190774,0.017154530332279944,0.1044776119402985,False,0.0461215932914046
YFT,12,46,477,43,10,0.11530398322851153,0.8,0.1099266247379455,0.015337459718796917,0.39303482587064675,False,0.1320754716981132,75,0.5,0.11179245283018867,0.016608642181987585,0.13930348258706468,False,0.016771488469601678
YFT,12,47,477,43,10,0.13417190775681342,0.5,0.11080712788259958,0.016880953803283916,0.1044776119402985,False,0.14255765199161424,225,0.8,0.109958071278826,0.01873548136983269,0.05472636815920398,False,0.008385744234800818
YFT,12,48,477,43,10,0.12159329140461216,0.8,0.1100314465408805,0.018405126739400847,0.29850746268656714,False,0.14046121593291405,300,0.2,0.11014675052410901,0.01616236334200534,0.029850746268656716,True,0.018867924528301896
YFT,12,49,477,43,10,0.10482180293501048,0.2,0.11176100628930817,0.01765974491573551,0.6915422885572139,False,0.13836477987421383,100,0.2,0.1110062893081761,0.017133341866014274,0.06467661691542288,False,0.033542976939203356
YFT,12,50,477,43,10,0.13836477987421383,0.8,0.1111425576519916,0.017111062350231073,0.04975124378109453,True,0.16771488469601678,60,0.8,0.11128930817610062,0.015896357053874644,0.004975124378109453,True,0.029350104821802947
YFT,12,51,477,43,10,0.14465408805031446,0.8,0.11270440251572328,0.017148146596977068,0.03482587064676617,True,0.1530398322851153,180,0.2,0.1120440251572327,0.017636352188066095,0.009950248756218905,True,0.008385744234800846
YFT,12,52,477,43,10,0.13417190775681342,0.2,0.10990566037735848,0.01624631743891,0.07960199004975124,False,0.14465408805031446,450,0.2,0.11131027253668763,0.017241086288410847,0.024875621890547265,True,0.010482180293501037
YFT,12,70,477,43,10,0.09224318658280922,0.8,0.11071278825995808,0.018545483353543276,0.8606965174129353,False,0.12368972746331237,300,0.2,0.11186582809224317,0.018079529082502432,0.29850746268656714,False,0.03144654088050315
YFT,12,71,477,43,10,0.09853249475890985,0.5,0.11097484276729558,0.0174606334901872,0.7910447761194029,False,0.13626834381551362,180,0.2,0.10851153039832283,0.017133973486431097,0.06467661691542288,False,0.037735849056603765
YFT,12,72,477,43,10,0.10482180293501048,0.5,0.1110587002096436,0.016650477200831713,0.6666666666666666,False,0.12159329140461216,300,0.8,0.11,0.016237441367971697,0.27860696517412936,False,0.016771488469601678
YFT,12,73,477,43,10,0.0859538784067086,0.8,0.11057651991614253,0.017538780135718558,0.9253731343283582,False,0.12368972746331237,180,0.2,0.11072327044025157,0.015627748710643808,0.21890547263681592,False,0.03773584905660378
YFT,12,74,477,43,10,0.07756813417190776,0.8,0.11090146750524107,0.015717826489615134,0.9800995024875622,False,0.09643605870020965,450,0.2,0.11161425576519918,0.01719573405634031,0.8009950248756219,False,0.018867924528301883
YFT,12,75,477,43,10,0.129979035639413,0.8,0.11153039832285114,0.015089832373021627,0.12437810945273632,False,0.13626834381551362,90,0.2,0.11117400419287211,0.01537820385888778,0.05472636815920398,False,0.0062893081761006275
YFT,12,76,477,43,10,0.12368972746331237,0.2,0.11045073375262053,0.017175605863604775,0.25870646766169153,False,0.13836477987421383,225,0.2,0.11088050314465409,0.01702347232564533,0.06965174129353234,False,0.01467505241090146
YFT,12,77,477,43,10,0.0859538784067086,0.5,0.11294549266247378,0.016653792939157936,0.9502487562189055,False,0.12368972746331237,100,0.2,0.11294549266247379,0.019605506222656218,0.373134328358209,False,0.03773584905660378
YFT,12,78,477,43,10,0.129979035639413,0.2,0.11092243186582809,0.019094456944565703,0.18407960199004975,False,0.14046121593291405,90,0.2,0.11196016771488469,0.017535127940364645,0.06467661691542288,False,0.010482180293501064
YFT,13,14,477,43,10,0.14046121593291405,0.8,0.1109329140461216,0.015732963030578216,0.07462686567164178,False,0.14255765199161424,75,0.8,0.11121593291404612,0.017305211857298122,0.03980099502487562,True,0.0020964360587001907
YFT,13,15,477,43,10,0.15932914046121593,0.2,0.10980083857442346,0.01743323994530368,0.009950248756218905,True,0.16561844863731656,100,0.5,0.11174004192872117,0.016137966812556557,0.004975124378109453,True,0.0062893081761006275
YFT,13,16,477,43,10,0.12368972746331237,0.2,0.11120545073375261,0.01829236789208513,0.2537313432835821,False,0.1509433962264151,225,0.2,0.11227463312368972,0.018321804026075184,0.01990049751243781,True,0.027253668763102715
YFT,13,17,477,43,10,0.1278825995807128,0.2,0.10940251572327042,0.017019952860577003,0.13930348258706468,False,0.14255765199161424,450,0.2,0.11088050314465409,0.01686837945871918,0.03980099502487562,True,0.014675052410901446
YFT,13,18,477,43,10,0.14465408805031446,0.2,0.11033542976939202,0.016825799886044265,0.01990049751243781,True,0.1509433962264151,450,0.5,0.11151991614255766,0.016468102736220687,0.009950248756218905,True,0.0062893081761006275
YFT,13,19,477,43,10,0.16142557651991615,0.8,0.11047169811320755,0.01682827724783881,0.004975124378109453,True,0.16142557651991615,900,0.8,0.11047169811320755,0.01682827724783881,0.004975124378109453,True,0.0
YFT,13,20,477,43,10,0.1278825995807128,0.8,0.11084905660377359,0.015875725669158087,0.18407960199004975,False,0.14255765199161424,450,0.8,0.10991614255765199,0.01669561072754061,0.024875621890547265,True,0.014675052410901446
YFT,13,21,477,43,10,0.16352201257861634,0.5,0.11120545073375261,0.016062929135617233,0.004975124378109453,True,0.16771488469601678,450,0.5,0.1109433962264151,0.016364055425651863,0.004975124378109453,True,0.004192872117400437
YFT,13,22,477,43,10,0.16561844863731656,0.2,0.11031446540880502,0.01669699965348385,0.004975124378109453,True,0.16981132075471697,450,0.2,0.11059748427672955,0.015879286635273434,0.004975124378109453,True,0.004192872117400409
YFT,13,23,477,43,10,0.13836477987421383,0.2,0.11166666666666666,0.016139988721679162,0.06467661691542288,False,0.14255765199161424,90,0.2,0.11092243186582809,0.01547167270391686,0.029850746268656716,True,0.004192872117400409
YFT,13,24,477,43,10,0.16352201257861634,0.2,0.11145702306079663,0.016399670888099637,0.004975124378109453,True,0.16771488469601678,450,0.5,0.1110062893081761,0.01602087293786016,0.004975124378109453,True,0.004192872117400437
YFT,13,25,477,43,10,0.14046121593291405,0.2,0.11083857442348007,0.01665030808048083,0.05472636815920398,False,0.15932914046121593,75,0.5,0.11023060796645703,0.018035890328270705,0.004975124378109453,True,0.018867924528301883
YFT,13,26,477,43,10,0.11530398322851153,0.2,0.11194968553459118,0.01690266118938632,0.4228855721393035,False,0.11949685534591195,75,0.5,0.11125786163522011,0.01846805671975599,0.31840796019900497,False,0.004192872117400423
YFT,13,27,477,43,10,0.16142557651991615,0.2,0.11084905660377359,0.016197985962699918,0.004975124378109453,True,0.16561844863731656,450,0.8,0.11081761006289309,0.015755775495189417,0.004975124378109453,True,0.004192872117400409
YFT,13,28,477,43,10,0.14046121593291405,0.8,0.11068134171907756,0.015858131677975132,0.029850746268656716,True,0.1488469601677149,225,0.5,0.11124737945492662,0.01665795657143994,0.01990049751243781,True,0.008385744234800846
YFT,13,29,477,43,10,0.16352201257861634,0.5,0.11213836477987421,0.01561914328593679,0.004975124378109453,True,0.16561844863731656,450,0.2,0.11165618448637316,0.01660505474405362,0.004975124378109453,True,0.0020964360587002184
YFT,13,30,477,43,10,0.1320754716981132,0.5,0.11088050314465409,0.015772237450849602,0.11442786069651742,False,0.1530398322851153,90,0.2,0.11089098532494758,0.01652393266919693,0.004975124378109453,True,0.0209643605870021
YFT,13,31,477,43,10,0.16352201257861634,0.2,0.11059748427672955,0.015645291217610553,0.004975124378109453,True,0.16771488469601678,450,0.2,0.11033542976939202,0.016316681831177744,0.004975124378109453,True,0.004192872117400437
YFT,13,32,477,43,10,0.10272536687631027,0.2,0.10988469601677149,0.01679290992617783,0.6467661691542289,False,0.14046121593291405,100,0.2,0.11036687631027252,0.01637961954149603,0.029850746268656716,True,0.03773584905660378
YFT,13,33,477,43,10,0.14255765199161424,0.2,0.1110062893081761,0.01642520152657974,0.03980099502487562,True,0.1740041928721174,90,0.8,0.11216981132075471,0.0179642810197212,0.004975124378109453,True,0.031446540880503165
YFT,13,34,477,43,10,0.1488469601677149,0.5,0.1109329140461216,0.018395284331861717,0.024875621890547265,True,0.1488469601677149,150,0.8,0.1109433962264151,0.019130475826953756,0.024875621890547265,True,0.0
YFT,13,35,477,43,10,0.12578616352201258,0.2,0.11053459119496856,0.016611301506060303,0.1791044776119403,False,0.13626834381551362,100,0.2,0.11137316561844862,0.01705606659631008,0.0945273631840796,False,0.010482180293501037
YFT,13,36,477,43,10,0.1509433962264151,0.8,0.11177148846960165,0.018175215959089202,0.03980099502487562,True,0.1509433962264151,900,0.8,0.11177148846960165,0.018175215959089202,0.03980099502487562,True,0.0
YFT,13,37,477,43,10,0.11320754716981132,0.5,0.11149895178197063,0.017482123267617455,0.4427860696517413,False,0.14046121593291405,75,0.2,0.11190775681341718,0.015869634704853555,0.06467661691542288,False,0.02725366876310273
YFT,13,38,477,43,10,0.1509433962264151,0.5,0.11079664570230609,0.015867115541778946,0.01990049751243781,True,0.1509433962264151,900,0.5,0.11079664570230609,0.015867115541778946,0.01990049751243781,True,0.0
YFT,13,39,477,43,10,0.13836477987421383,0.8,0.10940251572327045,0.016136704273822383,0.03482587064676617,True,0.14255765199161424,900,0.8,0.10941299790356393,0.01597620062745472,0.014925373134328358,True,0.004192872117400409
YFT,13,40,477,43,10,0.13836477987421383,0.5,0.1110272536687631,0.017205492483534715,0.05970149253731343,False,0.1509433962264151,225,0.2,0.11115303983228511,0.018490107610603806,0.04975124378109453,True,0.012578616352201255
YFT,13,41,477,43,10,0.129979035639413,0.2,0.11045073375262053,0.016962109910518424,0.13432835820895522,False,0.1530398322851153,150,0.2,0.11020964360587002,0.01601226844615448,0.009950248756218905,True,0.02306079664570232
YFT,13,42,477,43,10,0.129979035639413,0.5,0.10940251572327042,0.016784753848099628,0.13432835820895522,False,0.129979035639413,900,0.5,0.10960167714884696,0.01679275539216868,0.13432835820895522,False,0.0
YFT,13,43,477,43,10,0.1488469601677149,0.2,0.11171907756813416,0.017643729704198145,0.009950248756218905,True,0.1488469601677149,900,0.2,0.11171907756813416,0.017643729704198145,0.009950248756218905,True,0.0
YFT,13,44,477,43,10,0.1278825995807128,0.2,0.11055555555555556,0.017199891694820828,0.19900497512437812,False,0.1509433962264151,90,0.2,0.11227463312368972,0.01804487314536399,0.024875621890547265,True,0.02306079664570229
YFT,13,45,477,43,10,0.13626834381551362,0.8,0.10871069182389938,0.016579974227090327,0.04477611940298507,True,0.1509433962264151,300,0.2,0.10850104821802935,0.018103282433728482,0.014925373134328358,True,0.014675052410901473
YFT,13,46,477,43,10,0.11740041928721175,0.8,0.10977987421383649,0.015488775280556108,0.31343283582089554,False,0.1509433962264151,150,0.2,0.11136268343815513,0.01581945444503377,0.014925373134328358,True,0.03354297693920334
YFT,13,47,477,43,10,0.13417190775681342,0.2,0.11019916142557651,0.01743848399844826,0.12437810945273632,False,0.13417190775681342,900,0.2,0.11019916142557651,0.01743848399844826,0.12437810945273632,False,0.0
YFT,13,48,477,43,10,0.13836477987421383,0.2,0.10983228511530398,0.01832312091083119,0.07462686567164178,False,0.14465408805031446,300,0.8,0.10979035639412997,0.015920697248109614,0.024875621890547265,True,0.0062893081761006275
YFT,13,49,477,43,10,0.11740041928721175,0.2,0.11132075471698112,0.018174514195294242,0.35323383084577115,False,0.13836477987421383,100,0.2,0.11024109014675051,0.01710693153666036,0.07462686567164178,False,0.020964360587002087
YFT,13,50,477,43,10,0.15932914046121593,0.2,0.11077568134171908,0.018937956690364997,0.009950248756218905,True,0.16771488469601678,60,0.8,0.11123689727463311,0.01631577491908505,0.004975124378109453,True,0.008385744234800846
YFT,13,51,477,43,10,0.1509433962264151,0.2,0.11062893081761006,0.016649512196942648,0.004975124378109453,True,0.16142557651991615,300,0.2,0.11044025157232702,0.016682708035877798,0.004975124378109453,True,0.010482180293501064
YFT,13,52,477,43,10,0.14465408805031446,0.2,0.10965408805031447,0.015589714727137908,0.024875621890547265,True,0.14465408805031446,225,0.2,0.11036687631027252,0.018038997328067123,0.03980099502487562,True,0.0
YFT,13,70,477,43,10,0.11320754716981132,0.8,0.11046121593291405,0.018274360165950233,0.4925373134328358,False,0.1320754716981132,450,0.8,0.10882599580712787,0.016373270899211166,0.10945273631840796,False,0.018867924528301883
YFT,13,71,477,43,10,0.1278825995807128,0.2,0.11216981132075471,0.018279927755061695,0.21890547263681592,False,0.13417190775681342,150,0.2,0.1110901467505241,0.016933978407968276,0.11940298507462686,False,0.0062893081761006275
YFT,13,72,477,43,10,0.13836477987421383,0.2,0.11237945492662474,0.015637383988864585,0.06965174129353234,False,0.14675052410901468,450,0.2,0.11142557651991615,0.01722462091465971,0.029850746268656716,True,0.008385744234800846
YFT,13,73,477,43,10,0.10272536687631027,0.2,0.11041928721174005,0.016616848150778463,0.6915422885572139,False,0.12368972746331237,75,0.2,0.11139412997903562,0.016857754474085242,0.24378109452736318,False,0.0209643605870021
YFT,13,74,477,43,10,0.11949685534591195,0.2,0.11025157232704402,0.01676120066250686,0.3333333333333333,False,0.13417190775681342,450,0.2,0.10975890985324949,0.016861972526605866,0.0945273631840796,False,0.014675052410901473
YFT,13,75,477,43,10,0.14675052410901468,0.5,0.11039832285115304,0.01618503111969001,0.01990049751243781,True,0.14675052410901468,900,0.5,0.11039832285115304,0.01618503111969001,0.01990049751243781,True,0.0
YFT,13,76,477,43,10,0.1530398322851153,0.5,0.11117400419287211,0.017849470492301515,0.009950248756218905,True,0.16142557651991615,450,0.2,0.11127882599580713,0.016534571806256608,0.009950248756218905,True,0.008385744234800846
YFT,13,77,477,43,10,0.11530398322851153,0.2,0.11084905660377357,0.017421200522920264,0.43283582089552236,False,0.13626834381551362,60,0.2,0.11186582809224317,0.018056304084268806,0.07960199004975124,False,0.020964360587002087
YFT,13,78,477,43,10,0.13417190775681342,0.2,0.11028301886792452,0.01773027354862303,0.0945273631840796,False,0.16142557651991615,450,0.2,0.11035639412997902,0.017934803000990835,0.009950248756218905,True,0.02725366876310273
YFT,14,15,477,43,10,0.11530398322851153,0.2,0.110041928721174,0.016914403780563924,0.3781094527363184,False,0.1320754716981132,100,0.8,0.1099895178197065,0.01626865103395151,0.1044776119402985,False,0.016771488469601678
YFT,14,16,477,43,10,0.1320754716981132,0.2,0.10836477987421382,0.017013869119545368,0.07462686567164178,False,0.16352201257861634,150,0.5,0.11016771488469602,0.017112704716968758,0.004975124378109453,True,0.03144654088050314
YFT,14,17,477,43,10,0.13626834381551362,0.2,0.10877358490566037,0.016542340564206996,0.06965174129353234,False,0.14675052410901468,450,0.2,0.10998951781970648,0.015546701628288495,0.014925373134328358,True,0.010482180293501064
YFT,14,18,477,43,10,0.13626834381551362,0.8,0.11038784067085952,0.01599444837769188,0.06467661691542288,False,0.15932914046121593,450,0.2,0.1120964360587002,0.017006754061376105,0.009950248756218905,True,0.02306079664570232
YFT,14,19,477,43,10,0.12578616352201258,0.2,0.11057651991614255,0.014620013695564048,0.19402985074626866,False,0.14675052410901468,75,0.8,0.11087002096436059,0.015515843978109433,0.01990049751243781,True,0.0209643605870021
YFT,14,20,477,43,10,0.11949685534591195,0.2,0.11053459119496856,0.016177520816807588,0.3333333333333333,False,0.14046121593291405,100,0.5,0.11169811320754716,0.015525779865794974,0.029850746268656716,True,0.0209643605870021
YFT,14,21,477,43,10,0.12368972746331237,0.2,0.10959119496855346,0.014677215659093511,0.20398009950248755,False,0.1488469601677149,75,0.8,0.11030398322851152,0.014328082486169206,0.009950248756218905,True,0.025157232704402524
YFT,14,22,477,43,10,0.1278825995807128,0.8,0.10925576519916141,0.014885263552694233,0.14925373134328357,False,0.14255765199161424,75,0.8,0.10937106918238994,0.01478093700049192,0.03482587064676617,True,0.014675052410901446
YFT,14,23,477,43,10,0.12159329140461216,0.2,0.11026205450733752,0.016379889211583606,0.26865671641791045,False,0.13626834381551362,90,0.2,0.10967505241090145,0.015184054565256318,0.05970149253731343,False,0.01467505241090146
YFT,14,24,477,43,10,0.12578616352201258,0.2,0.10988469601677149,0.01579670597875611,0.17412935323383086,False,0.14255765199161424,75,0.8,0.109895178197065,0.014706412769210642,0.024875621890547265,True,0.016771488469601664
YFT,14,25,477,43,10,0.13417190775681342,0.2,0.10936058700209643,0.015779219833522137,0.07960199004975124,False,0.15932914046121593,100,0.5,0.1090670859538784,0.017081298195635464,0.004975124378109453,True,0.02515723270440251
YFT,14,26,477,43,10,0.1111111111111111,0.2,0.11061844863731655,0.01575428606604298,0.4975124378109453,False,0.13836477987421383,60,0.2,0.11,0.016015578413121623,0.04477611940298507,True,0.02725366876310273
YFT,14,27,477,43,10,0.12578616352201258,0.2,0.11019916142557651,0.014490399862864666,0.14925373134328357,False,0.14675052410901468,75,0.8,0.11056603773584904,0.014509686669472893,0.009950248756218905,True,0.0209643605870021
YFT,14,28,477,43,10,0.14255765199161424,0.5,0.1089832285115304,0.016361514523581665,0.029850746268656716,True,0.1488469601677149,100,0.2,0.11073375262054506,0.01680143339801178,0.03482587064676617,True,0.006289308176100655
YFT,14,29,477,43,10,0.129979035639413,0.8,0.109958071278826,0.014408124709486592,0.09950248756218906,False,0.1488469601677149,90,0.2,0.11015723270440252,0.015560787602011373,0.009950248756218905,True,0.01886792452830191
YFT,14,30,477,43,10,0.11530398322851153,0.5,0.11077568134171907,0.015466318692233484,0.417910447761194,False,0.14675052410901468,90,0.2,0.11122641509433961,0.016733516715745744,0.024875621890547265,True,0.03144654088050315
YFT,14,31,477,43,10,0.12578616352201258,0.2,0.10946540880503143,0.014432824749582539,0.14925373134328357,False,0.14046121593291405,75,0.8,0.109874213836478,0.014736162776557113,0.029850746268656716,True,0.014675052410901473
YFT,14,32,477,43,10,0.10272536687631027,0.2,0.11060796645702303,0.016674074203612145,0.6666666666666666,False,0.13626834381551362,100,0.2,0.11011530398322851,0.016401233000711567,0.06965174129353234,False,0.03354297693920334
YFT,14,33,477,43,10,0.14675052410901468,0.5,0.1111425576519916,0.015990139600922115,0.024875621890547265,True,0.16981132075471697,90,0.2,0.11097484276729559,0.01730690598645608,0.004975124378109453,True,0.02306079664570229
YFT,14,34,477,43,10,0.14255765199161424,0.2,0.11133123689727462,0.016351954767419453,0.03980099502487562,True,0.1488469601677149,100,0.2,0.11159329140461216,0.017973760421545755,0.04477611940298507,True,0.006289308176100655
YFT,14,35,477,43,10,0.11949685534591195,0.2,0.11131027253668763,0.017765987626946023,0.31840796019900497,False,0.13417190775681342,100,0.2,0.11162473794549266,0.018380534870099417,0.12437810945273632,False,0.014675052410901473
YFT,14,36,477,43,10,0.1320754716981132,0.8,0.11140461215932915,0.01674518337846618,0.12935323383084577,False,0.14046121593291405,300,0.8,0.11034591194968552,0.017127446693472447,0.04477611940298507,True,0.008385744234800846
YFT,14,37,477,43,10,0.13836477987421383,0.2,0.11142557651991612,0.016410404044723118,0.04975124378109453,True,0.14255765199161424,75,0.8,0.11041928721174003,0.01740366194331207,0.05472636815920398,False,0.004192872117400409
YFT,14,38,477,43,10,0.11949685534591195,0.8,0.10943396226415095,0.016661830864412898,0.263681592039801,False,0.129979035639413,180,0.8,0.10892033542976938,0.01833939485698197,0.15920398009950248,False,0.010482180293501037
YFT,14,39,477,43,10,0.11320754716981132,0.2,0.1099475890985325,0.01587400053902228,0.472636815920398,False,0.129979035639413,450,0.8,0.11014675052410901,0.01731680901680611,0.14427860696517414,False,0.016771488469601664
YFT,14,40,477,43,10,0.11740041928721175,0.5,0.1099475890985325,0.016241232393861486,0.34328358208955223,False,0.11740041928721175,150,0.2,0.1120020964360587,0.016123505000723234,0.39303482587064675,False,0.0
YFT,14,41,477,43,10,0.13626834381551362,0.2,0.11057651991614255,0.016275600250378122,0.0845771144278607,False,0.14046121593291405,150,0.2,0.110083857442348,0.015824242367031126,0.05970149253731343,False,0.004192872117400437
YFT,14,42,477,43,10,0.1069182389937107,0.8,0.11009433962264151,0.016722664070261413,0.5920398009950248,False,0.13417190775681342,300,0.5,0.10963312368972745,0.01785922725003232,0.09950248756218906,False,0.02725366876310273
YFT,14,43,477,43,10,0.12578616352201258,0.5,0.11151991614255766,0.01708551276607197,0.20398009950248755,False,0.14465408805031446,450,0.8,0.11037735849056603,0.016785638711088163,0.024875621890547265,True,0.018867924528301883
YFT,14,44,477,43,10,0.1090146750524109,0.2,0.11169811320754716,0.016316478795536438,0.5970149253731343,False,0.13836477987421383,100,0.2,0.11128930817610062,0.015282931510753252,0.04477611940298507,True,0.029350104821802933
YFT,14,45,477,43,10,0.1090146750524109,0.5,0.10966457023060794,0.01661057355841759,0.5124378109452736,False,0.1278825995807128,90,0.8,0.10951781970649893,0.01695255336867097,0.15422885572139303,False,0.018867924528301896
YFT,14,46,477,43,10,0.13836477987421383,0.8,0.1099475890985325,0.014473807531668107,0.03980099502487562,True,0.13836477987421383,900,0.8,0.1099475890985325,0.014473807531668107,0.03980099502487562,True,0.0
YFT,14,47,477,43,10,0.13417190775681342,0.2,0.1110377358490566,0.016135746183930173,0.0845771144278607,False,0.1530398322851153,450,0.2,0.11196016771488469,0.01703943215813847,0.024875621890547265,True,0.018867924528301883
YFT,14,48,477,43,10,0.1278825995807128,0.2,0.10988469601677149,0.018611920272555527,0.18407960199004975,False,0.14675052410901468,300,0.2,0.10984276729559748,0.01641867546318362,0.029850746268656716,True,0.018867924528301883
YFT,14,49,477,43,10,0.1111111111111111,0.2,0.11062893081761006,0.017712592125914917,0.5223880597014925,False,0.13417190775681342,100,0.2,0.11028301886792452,0.016391750303305228,0.07462686567164178,False,0.02306079664570232
YFT,14,50,477,43,10,0.12159329140461216,0.8,0.11075471698113207,0.016663302130581776,0.30845771144278605,False,0.1719077568134172,60,0.8,0.11117400419287211,0.016565998276092436,0.004975124378109453,True,0.050314465408805034
YFT,14,51,477,43,10,0.1530398322851153,0.2,0.11134171907756814,0.01752214074338835,0.01990049751243781,True,0.15723270440251572,300,0.2,0.1109853249475891,0.016836730345209973,0.009950248756218905,True,0.004192872117400409
YFT,14,52,477,43,10,0.13626834381551362,0.2,0.11057651991614255,0.01715684759090266,0.08955223880597014,False,0.1488469601677149,100,0.8,0.11188679245283017,0.018805560472013667,0.03482587064676617,True,0.012578616352201283
YFT,14,70,477,43,10,0.1090146750524109,0.2,0.1099475890985325,0.01852916990366996,0.527363184079602,False,0.13417190775681342,300,0.2,0.1111635220125786,0.018559825067302468,0.11442786069651742,False,0.025157232704402524
YFT,14,71,477,43,10,0.11320754716981132,0.2,0.11124737945492662,0.017053657939677825,0.4626865671641791,False,0.1278825995807128,75,0.8,0.11071278825995805,0.017362089855989214,0.1890547263681592,False,0.014675052410901473
YFT,14,72,477,43,10,0.12159329140461216,0.2,0.11122641509433963,0.01583429856737192,0.27860696517412936,False,0.14255765199161424,225,0.5,0.11032494758909854,0.017589630352541956,0.04477611940298507,True,0.020964360587002087
YFT,14,73,477,43,10,0.09014675052410902,0.5,0.10994758909853247,0.01711392751635326,0.8805970149253731,False,0.11530398322851153,180,0.5,0.1109643605870021,0.014891690407124075,0.4079601990049751,False,0.02515723270440251
YFT,14,74,477,43,10,0.1090146750524109,0.2,0.1099475890985325,0.016414370405587825,0.5522388059701493,False,0.12368972746331237,225,0.5,0.11166666666666668,0.017116224465266384,0.24875621890547264,False,0.014675052410901473
YFT,14,75,477,43,10,0.14046121593291405,0.5,0.11189727463312367,0.016481160037235452,0.03482587064676617,True,0.14046121593291405,900,0.5,0.11189727463312367,0.016481160037235452,0.03482587064676617,True,0.0
YFT,14,76,477,43,10,0.129979035639413,0.2,0.11238993710691825,0.01694545166537882,0.1691542288557214,False,0.15723270440251572,225,0.8,0.10975890985324949,0.017848217653769965,0.01990049751243781,True,0.02725366876310273
YFT,14,77,477,43,10,0.14046121593291405,0.2,0.11319706498951781,0.016991926870311872,0.06467661691542288,False,0.1509433962264151,60,0.5,0.11190775681341719,0.016075659521877388,0.009950248756218905,True,0.010482180293501037
YFT,14,78,477,43,10,0.12368972746331237,0.2,0.11014675052410901,0.0171682265816764,0.22885572139303484,False,0.16352201257861634,75,0.8,0.1108385744234801,0.018559673345411486,0.009950248756218905,True,0.03983228511530397
YFT,15,16,477,43,10,0.09433962264150944,0.8,0.11123689727463311,0.01652425678800447,0.8606965174129353,False,0.1488469601677149,100,0.2,0.11104821802935011,0.0174932780499685,0.024875621890547265,True,0.05450733752620546
YFT,15,17,477,43,10,0.12159329140461216,0.5,0.10990566037735848,0.017203692085002095,0.27860696517412936,False,0.12578616352201258,60,0.8,0.11266247379454926,0.017082335774560864,0.23383084577114427,False,0.004192872117400423
YFT,15,18,477,43,10,0.1320754716981132,0.8,0.10881551362683439,0.015338928428989084,0.07960199004975124,False,0.13417190775681342,60,0.5,0.10944444444444444,0.018006400752953275,0.1044776119402985,False,0.0020964360587002184
YFT,15,19,477,43,10,0.11530398322851153,0.8,0.1110901467505241,0.01503703536625216,0.44776119402985076,False,0.11530398322851153,100,0.2,0.1119706498951782,0.016815138145899196,0.47761194029850745,False,0.0
YFT,15,20,477,43,10,0.1320754716981132,0.2,0.11044025157232702,0.017027325062292948,0.12437810945273632,False,0.13836477987421383,100,0.8,0.11090146750524109,0.017151700921302797,0.0845771144278607,False,0.0062893081761006275
YFT,15,21,477,43,10,0.1320754716981132,0.5,0.11079664570230609,0.015277110186805366,0.08955223880597014,False,0.13417190775681342,300,0.2,0.11032494758909853,0.016443595708656597,0.0845771144278607,False,0.0020964360587002184
YFT,15,22,477,43,10,0.1320754716981132,0.5,0.11048218029350104,0.01543281045905982,0.09950248756218906,False,0.13836477987421383,100,0.2,0.11077568134171907,0.017145828162415094,0.04975124378109453,True,0.0062893081761006275
YFT,15,23,477,43,10,0.09853249475890985,0.8,0.11172955974842766,0.015586314322456342,0.8258706467661692,False,0.12578616352201258,100,0.2,0.11029350104821802,0.018537621806745744,0.22885572139303484,False,0.02725366876310273
YFT,15,24,477,43,10,0.14675052410901468,0.2,0.11027253668763101,0.01411739694312895,0.009950248756218905,True,0.14675052410901468,900,0.2,0.11027253668763101,0.01411739694312895,0.009950248756218905,True,0.0
YFT,15,25,477,43,10,0.129979035639413,0.5,0.10984276729559748,0.017521015762439973,0.13432835820895522,False,0.1530398322851153,100,0.5,0.11062893081761008,0.01771383897174735,0.009950248756218905,True,0.02306079664570232
YFT,15,26,477,43,10,0.10062893081761007,0.8,0.110125786163522,0.015805976272064582,0.7412935323383084,False,0.13417190775681342,60,0.5,0.1109329140461216,0.017289925290787152,0.11442786069651742,False,0.033542976939203356
YFT,15,27,477,43,10,0.13836477987421383,0.2,0.11053459119496856,0.016085791954831313,0.04477611940298507,True,0.13836477987421383,300,0.2,0.11035639412997902,0.016950989946314964,0.06467661691542288,False,0.0
YFT,15,28,477,43,10,0.1320754716981132,0.2,0.11074423480083859,0.017058008813596114,0.10945273631840796,False,0.14046121593291405,150,0.2,0.110083857442348,0.016359506493156827,0.05472636815920398,False,0.008385744234800846
YFT,15,29,477,43,10,0.1509433962264151,0.2,0.11038784067085952,0.015189900646762929,0.014925373134328358,True,0.1530398322851153,100,0.5,0.11165618448637318,0.016555769538987065,0.01990049751243781,True,0.0020964360587002184
YFT,15,30,477,43,10,0.1111111111111111,0.2,0.11050314465408805,0.015672219938169998,0.4975124378109453,False,0.13626834381551362,60,0.5,0.11232704402515722,0.018343082574102318,0.1044776119402985,False,0.02515723270440251
YFT,15,31,477,43,10,0.1278825995807128,0.5,0.11082809224318659,0.015751061407580768,0.15422885572139303,False,0.1278825995807128,900,0.5,0.11082809224318659,0.015751061407580768,0.15422885572139303,False,0.0
YFT,15,32,477,43,10,0.09224318658280922,0.2,0.11060796645702306,0.016808635368188357,0.8656716417910447,False,0.1278825995807128,100,0.2,0.11018867924528301,0.016732780885959236,0.16417910447761194,False,0.035639412997903575
YFT,15,33,477,43,10,0.11949685534591195,0.2,0.10950733752620545,0.017441523307305154,0.25870646766169153,False,0.13417190775681342,60,0.2,0.11255765199161423,0.018951887785044166,0.13432835820895522,False,0.014675052410901473
YFT,15,34,477,43,10,0.11530398322851153,0.8,0.11037735849056603,0.016817186985061162,0.3681592039800995,False,0.14465408805031446,100,0.5,0.11037735849056604,0.016429234890361553,0.03980099502487562,True,0.029350104821802933
YFT,15,35,477,43,10,0.1111111111111111,0.2,0.11057651991614255,0.019116198306527443,0.47761194029850745,False,0.13626834381551362,100,0.2,0.11120545073375261,0.018585819624179555,0.10945273631840796,False,0.02515723270440251
YFT,15,36,477,43,10,0.1320754716981132,0.8,0.11077568134171907,0.01779187895189211,0.13930348258706468,False,0.1320754716981132,75,0.8,0.11186582809224319,0.017526236702427568,0.14427860696517414,False,0.0
YFT,15,37,477,43,10,0.1320754716981132,0.2,0.11100628930817608,0.018356791370068945,0.14925373134328357,False,0.1320754716981132,900,0.2,0.11100628930817608,0.018356791370068945,0.14925373134328357,False,0.0
YFT,15,38,477,43,10,0.1278825995807128,0.2,0.10952830188679245,0.01686013872039166,0.14427860696517414,False,0.1278825995807128,900,0.2,0.10952830188679245,0.01686013872039166,0.14427860696517414,False,0.0
YFT,15,39,477,43,10,0.11949685534591195,0.2,0.110083857442348,0.016069379771216898,0.31840796019900497,False,0.12578616352201258,450,0.5,0.11099580712788258,0.017280240106039412,0.23383084577114427,False,0.0062893081761006275
YFT,15,40,477,43,10,0.1488469601677149,0.2,0.1121278825995807,0.016495278162358837,0.024875621890547265,True,0.1488469601677149,900,0.2,0.1121278825995807,0.016495278162358837,0.024875621890547265,True,0.0
YFT,15,41,477,43,10,0.11530398322851153,0.5,0.11077568134171907,0.018009028432479677,0.4427860696517413,False,0.13417190775681342,150,0.8,0.10967505241090146,0.01631433661557066,0.07462686567164178,False,0.018867924528301896
YFT,15,42,477,43,10,0.1090146750524109,0.2,0.10862683438155138,0.016927570210170394,0.5124378109452736,False,0.1111111111111111,100,0.2,0.1080712788259958,0.01513768975288092,0.4228855721393035,False,0.0020964360587002046
YFT,15,43,477,43,10,0.14465408805031446,0.5,0.11176100628930814,0.017975824639546237,0.04477611940298507,True,0.14465408805031446,900,0.5,0.11176100628930814,0.017975824639546237,0.04477611940298507,True,0.0
YFT,15,44,477,43,10,0.11949685534591195,0.2,0.1110377358490566,0.014975792281847944,0.32338308457711445,False,0.14675052410901468,100,0.8,0.11150943396226415,0.01775329371797666,0.03482587064676617,True,0.02725366876310273
YFT,15,45,477,43,10,0.11320754716981132,0.5,0.11047169811320753,0.017053813347145945,0.4626865671641791,False,0.12578616352201258,100,0.8,0.11144654088050315,0.01759716551479648,0.23880597014925373,False,0.012578616352201255
YFT,15,46,477,43,10,0.11949685534591195,0.8,0.11018867924528301,0.01524076620015261,0.2885572139303483,False,0.1320754716981132,75,0.5,0.1119182389937107,0.016151205545695383,0.13930348258706468,False,0.012578616352201255
YFT,15,47,477,43,10,0.1320754716981132,0.5,0.11047169811320753,0.016821713903174943,0.09950248756218906,False,0.14255765199161424,450,0.2,0.11140461215932912,0.01753001673825314,0.04477611940298507,True,0.010482180293501037
YFT,15,48,477,43,10,0.11740041928721175,0.8,0.10960167714884696,0.017764200520146253,0.36318407960199006,False,0.13836477987421383,300,0.5,0.11045073375262053,0.016023392048442924,0.05472636815920398,False,0.020964360587002087
YFT,15,49,477,43,10,0.12159329140461216,0.2,0.11143605870020964,0.01786454406218017,0.2835820895522388,False,0.13417190775681342,100,0.5,0.11079664570230607,0.01640232706426843,0.08955223880597014,False,0.012578616352201269
YFT,15,50,477,43,10,0.13626834381551362,0.5,0.11028301886792453,0.01689076333513071,0.05472636815920398,False,0.16981132075471697,60,0.8,0.11144654088050313,0.015995611686496762,0.004975124378109453,True,0.033542976939203356
YFT,15,51,477,43,10,0.1530398322851153,0.8,0.11184486373165617,0.017439968893636488,0.024875621890547265,True,0.1530398322851153,900,0.8,0.11184486373165617,0.017439968893636488,0.024875621890547265,True,0.0
YFT,15,52,477,43,10,0.13417190775681342,0.2,0.1079350104821803,0.016092710342136125,0.05472636815920398,False,0.14675052410901468,60,0.5,0.1109643605870021,0.015838918162084454,0.01990049751243781,True,0.012578616352201255
YFT,15,70,477,43,10,0.11320754716981132,0.2,0.11047169811320755,0.01752895526050808,0.44776119402985076,False,0.11320754716981132,900,0.2,0.11047169811320755,0.01752895526050808,0.44776119402985076,False,0.0
YFT,15,71,477,43,10,0.10062893081761007,0.2,0.11048218029350103,0.018444710270987992,0.7213930348258707,False,0.13417190775681342,150,0.5,0.11035639412997902,0.017770266628671275,0.10945273631840796,False,0.033542976939203356
YFT,15,72,477,43,10,0.1278825995807128,0.2,0.11061844863731655,0.01747820651326841,0.1791044776119403,False,0.1278825995807128,900,0.2,0.11061844863731655,0.01747820651326841,0.1791044776119403,False,0.0
YFT,15,73,477,43,10,0.09014675052410902,0.5,0.1108385744234801,0.016382872140760795,0.9054726368159204,False,0.12159329140461216,180,0.5,0.11049266247379455,0.014612156230653494,0.2537313432835821,False,0.03144654088050314
YFT,15,74,477,43,10,0.1069182389937107,0.2,0.11077568134171907,0.01696453481999964,0.6069651741293532,False,0.1069182389937107,900,0.2,0.11077568134171907,0.01696453481999964,0.6069651741293532,False,0.0
YFT,15,75,477,43,10,0.13836477987421383,0.2,0.11059748427672954,0.016181015366813396,0.04975124378109453,True,0.14046121593291405,180,0.2,0.10938155136268342,0.015340137849444054,0.03482587064676617,True,0.0020964360587002184
YFT,15,76,477,43,10,0.1069182389937107,0.2,0.1119287211740042,0.015924137203783936,0.6368159203980099,False,0.13626834381551362,100,0.8,0.1110062893081761,0.01782079093627749,0.06965174129353234,False,0.02935010482180292
YFT,15,77,477,43,10,0.10272536687631027,0.2,0.11075471698113208,0.01625674428074458,0.7014925373134329,False,0.12578616352201258,60,0.2,0.11281970649895179,0.01715051300898722,0.22388059701492538,False,0.023060796645702306
YFT,15,78,477,43,10,0.14255765199161424,0.2,0.1090670859538784,0.017681052024442003,0.029850746268656716,True,0.14255765199161424,900,0.2,0.1090670859538784,0.017681052024442003,0.029850746268656716,True,0.0
YFT,16,17,477,43,10,0.11740041928721175,0.8,0.10861635220125787,0.016396455295705666,0.34328358208955223,False,0.14046121593291405,100,0.2,0.11046121593291403,0.01589303962778555,0.03980099502487562,True,0.023060796645702306
YFT,16,18,477,43,10,0.1509433962264151,0.2,0.11054507337526205,0.01715132749431971,0.01990049751243781,True,0.15723270440251572,225,0.2,0.11056603773584905,0.018072442511094435,0.024875621890547265,True,0.0062893081761006275
YFT,16,19,477,43,10,0.1111111111111111,0.8,0.11070230607966457,0.017204025862949533,0.48258706467661694,False,0.14675052410901468,150,0.8,0.11119496855345912,0.01702223978473277,0.03980099502487562,True,0.035639412997903575
YFT,16,20,477,43,10,0.13417190775681342,0.2,0.10932914046121592,0.01673028608315936,0.1044776119402985,False,0.1530398322851153,100,0.5,0.11022012578616351,0.016474458403331706,0.01990049751243781,True,0.018867924528301883
YFT,16,21,477,43,10,0.11949685534591195,0.8,0.11058700209643607,0.01672104283047416,0.3034825870646766,False,0.14046121593291405,150,0.8,0.11165618448637316,0.016440643947317153,0.04975124378109453,True,0.0209643605870021
YFT,16,22,477,43,10,0.11949685534591195,0.2,0.11034591194968554,0.01721234254550772,0.31343283582089554,False,0.14465408805031446,150,0.8,0.11143605870020964,0.016923681713867447,0.04477611940298507,True,0.02515723270440251
YFT,16,23,477,43,10,0.12578616352201258,0.8,0.10958071278825995,0.016825012303901116,0.18407960199004975,False,0.16771488469601678,90,0.5,0.11075471698113208,0.01661286033686293,0.004975124378109453,True,0.0419287211740042
YFT,16,24,477,43,10,0.11740041928721175,0.2,0.11014675052410901,0.016968960606710277,0.35323383084577115,False,0.14046121593291405,150,0.8,0.11107966457023061,0.016461100617981325,0.04975124378109453,True,0.023060796645702306
YFT,16,25,477,43,10,0.13626834381551362,0.5,0.10832285115303981,0.018851072941025882,0.09950248756218906,False,0.1719077568134172,75,0.2,0.11050314465408803,0.017151172970431224,0.004975124378109453,True,0.035639412997903575
YFT,16,26,477,43,10,0.1069182389937107,0.5,0.11039832285115303,0.016639865716401837,0.5920398009950248,False,0.14465408805031446,60,0.2,0.11161425576519916,0.016309817825443905,0.03482587064676617,True,0.037735849056603765
YFT,16,27,477,43,10,0.11740041928721175,0.5,0.11020964360587002,0.01717037477830328,0.3283582089552239,False,0.13626834381551362,150,0.8,0.11235849056603772,0.016970597204556036,0.0945273631840796,False,0.01886792452830187
YFT,16,28,477,43,10,0.11949685534591195,0.8,0.11025157232704402,0.016632896072107585,0.2935323383084577,False,0.1530398322851153,150,0.5,0.11141509433962263,0.017788101794871242,0.009950248756218905,True,0.033542976939203356
YFT,16,29,477,43,10,0.1278825995807128,0.2,0.110125786163522,0.017339839961167235,0.1791044776119403,False,0.14465408805031446,225,0.2,0.11050314465408805,0.017985896589135842,0.029850746268656716,True,0.016771488469601664
YFT,16,30,477,43,10,0.14046121593291405,0.2,0.109895178197065,0.01654258421783272,0.04477611940298507,True,0.15723270440251572,225,0.2,0.11056603773584907,0.01735044658765299,0.009950248756218905,True,0.016771488469601664
YFT,16,31,477,43,10,0.12159329140461216,0.5,0.11028301886792452,0.016901220560278252,0.23880597014925373,False,0.14046121593291405,150,0.8,0.11179245283018868,0.016868572578312313,0.05472636815920398,False,0.018867924528301896
YFT,16,32,477,43,10,0.09643605870020965,0.5,0.11058700209643606,0.016821126358969745,0.7960199004975125,False,0.14465408805031446,100,0.2,0.11107966457023061,0.016715398633235335,0.03980099502487562,True,0.048218029350104816
YFT,16,33,477,43,10,0.15513626834381553,0.2,0.10947589098532493,0.018813603537272475,0.009950248756218905,True,0.17819706498951782,225,0.2,0.10974842767295598,0.017423498160167826,0.004975124378109453,True,0.02306079664570229
YFT,16,34,477,43,10,0.14046121593291405,0.2,0.10951781970649895,0.017792871990692204,0.04975124378109453,True,0.15513626834381553,225,0.2,0.11037735849056603,0.019206968470792733,0.024875621890547265,True,0.014675052410901473
YFT,16,35,477,43,10,0.11740041928721175,0.5,0.110020964360587,0.017342450837172205,0.3681592039800995,False,0.1530398322851153,150,0.2,0.10920335429769391,0.01727511741337089,0.014925373134328358,True,0.03563941299790356
YFT,16,36,477,43,10,0.11320754716981132,0.5,0.11066037735849057,0.017765092542012254,0.4577114427860697,False,0.16561844863731656,75,0.5,0.11218029350104822,0.017918725491669736,0.004975124378109453,True,0.05241090146750524
YFT,16,37,477,43,10,0.10482180293501048,0.5,0.10849056603773585,0.01725152639365994,0.5920398009950248,False,0.14046121593291405,150,0.2,0.11131027253668763,0.01846576945043864,0.06467661691542288,False,0.035639412997903575
YFT,16,38,477,43,10,0.09014675052410902,0.2,0.10681341719077567,0.016942792647489578,0.8258706467661692,False,0.14675052410901468,225,0.2,0.11156184486373164,0.019882849540893286,0.05472636815920398,False,0.05660377358490566
YFT,16,39,477,43,10,0.11949685534591195,0.8,0.109853249475891,0.018129496082626956,0.31343283582089554,False,0.13836477987421383,225,0.2,0.1110901467505241,0.019009601442332234,0.08955223880597014,False,0.018867924528301883
YFT,16,40,477,43,10,0.1090146750524109,0.8,0.11258909853249477,0.01746407363157665,0.6417910447761194,False,0.13836477987421383,150,0.8,0.11181341719077567,0.019829905498572883,0.09950248756218906,False,0.029350104821802933
YFT,16,41,477,43,10,0.1090146750524109,0.5,0.10982180293501048,0.017508128474579904,0.527363184079602,False,0.13417190775681342,150,0.2,0.11032494758909853,0.016272126013133624,0.07960199004975124,False,0.025157232704402524
YFT,16,42,477,43,10,0.1090146750524109,0.2,0.10761006289308175,0.016784796612067703,0.4925373134328358,False,0.13836477987421383,225,0.2,0.11268343815513626,0.016849986959633283,0.0945273631840796,False,0.029350104821802933
YFT,16,43,477,43,10,0.11949685534591195,0.2,0.1109538784067086,0.017568900635000658,0.3333333333333333,False,0.14465408805031446,150,0.2,0.11123689727463311,0.01660957631807996,0.029850746268656716,True,0.02515723270440251
YFT,16,44,477,43,10,0.13417190775681342,0.8,0.11122641509433961,0.01708098787941453,0.10945273631840796,False,0.14046121593291405,225,0.2,0.11236897274633124,0.01756520755171238,0.07462686567164178,False,0.0062893081761006275
YFT,16,45,477,43,10,0.1111111111111111,0.8,0.10917190775681342,0.01746425067934055,0.48756218905472637,False,0.13626834381551362,225,0.2,0.11245283018867924,0.01813928789797663,0.11442786069651742,False,0.02515723270440251
YFT,16,46,477,43,10,0.1278825995807128,0.5,0.10863731656184486,0.015569247963825009,0.14427860696517414,False,0.14046121593291405,100,0.2,0.11154088050314463,0.017003361026225978,0.06965174129353234,False,0.012578616352201255
YFT,16,47,477,43,10,0.11949685534591195,0.2,0.11018867924528301,0.01681835576225291,0.31343283582089554,False,0.16561844863731656,225,0.5,0.10965408805031447,0.01655971441908961,0.004975124378109453,True,0.04612159329140461
YFT,16,48,477,43,10,0.129979035639413,0.2,0.11066037735849057,0.018874218054280835,0.1691542288557214,False,0.13836477987421383,300,0.8,0.110083857442348,0.016611371307582792,0.07462686567164178,False,0.008385744234800846
YFT,16,49,477,43,10,0.11949685534591195,0.2,0.11143605870020963,0.016302852713539016,0.32338308457711445,False,0.13836477987421383,150,0.2,0.10968553459119496,0.017851759402277154,0.04975124378109453,True,0.018867924528301883
YFT,16,50,477,43,10,0.1090146750524109,0.2,0.11090146750524109,0.01826542672873687,0.5870646766169154,False,0.1761006289308176,225,0.8,0.11059748427672955,0.01637098775325232,0.004975124378109453,True,0.0670859538784067
YFT,16,51,477,43,10,0.14465408805031446,0.2,0.1110901467505241,0.017669247079415515,0.05472636815920398,False,0.15932914046121593,150,0.2,0.1120230607966457,0.018056961517825813,0.009950248756218905,True,0.014675052410901473
YFT,16,52,477,43,10,0.1509433962264151,0.8,0.11028301886792453,0.017615301322871924,0.014925373134328358,True,0.1761006289308176,225,0.5,0.11154088050314463,0.018257320599096617,0.004975124378109453,True,0.02515723270440251
YFT,16,70,477,43,10,0.11530398322851153,0.2,0.10966457023060797,0.01872680328850265,0.4577114427860697,False,0.15932914046121593,225,0.5,0.11136268343815513,0.01937732614911681,0.009950248756218905,True,0.04402515723270441
YFT,16,71,477,43,10,0.11530398322851153,0.2,0.11063941299790357,0.01794144847176933,0.42786069651741293,False,0.1488469601677149,150,0.2,0.10916142557651991,0.017011428522520734,0.024875621890547265,True,0.03354297693920337
YFT,16,72,477,43,10,0.1320754716981132,0.8,0.11119496855345912,0.016702659985276598,0.13432835820895522,False,0.15932914046121593,225,0.2,0.11136268343815513,0.01746250857774708,0.004975124378109453,True,0.02725366876310273
YFT,16,73,477,43,10,0.10272536687631027,0.2,0.10982180293501047,0.016768429790724054,0.681592039800995,False,0.14255765199161424,225,0.2,0.11052410901467505,0.017223864391823607,0.05472636815920398,False,0.03983228511530397
YFT,16,74,477,43,10,0.09014675052410902,0.2,0.10983228511530398,0.01645481025706651,0.900497512437811,False,0.13626834381551362,150,0.2,0.11349056603773583,0.01663619871993712,0.07462686567164178,False,0.0461215932914046
YFT,16,75,477,43,10,0.14465408805031446,0.5,0.11104821802935011,0.016559330976631793,0.024875621890547265,True,0.1488469601677149,180,0.2,0.10968553459119496,0.016642944705525534,0.01990049751243781,True,0.004192872117400437
YFT,16,76,477,43,10,0.11949685534591195,0.8,0.11131027253668763,0.01667322315836434,0.32338308457711445,False,0.16352201257861634,225,0.5,0.11058700209643606,0.01772884411191487,0.009950248756218905,True,0.04402515723270439
YFT,16,77,477,43,10,0.11949685534591195,0.2,0.11159329140461216,0.016984402767804743,0.3333333333333333,False,0.15513626834381553,100,0.8,0.11289308176100629,0.019525148654292668,0.03482587064676617,True,0.035639412997903575
YFT,16,78,477,43,10,0.11530398322851153,0.5,0.11068134171907758,0.017189384895805758,0.40298507462686567,False,0.15723270440251572,75,0.5,0.11134171907756812,0.01893836485973461,0.014925373134328358,True,0.04192872117400419
YFT,17,18,477,43,10,0.11740041928721175,0.2,0.10834381551362682,0.016950625127016374,0.31343283582089554,False,0.13417190775681342,60,0.5,0.11125786163522011,0.018250318190957227,0.13432835820895522,False,0.016771488469601678
YFT,17,19,477,43,10,0.12159329140461216,0.8,0.10886792452830188,0.016319659397040873,0.24875621890547264,False,0.13626834381551362,60,0.8,0.11164570230607966,0.016177602728962074,0.0845771144278607,False,0.01467505241090146
YFT,17,20,477,43,10,0.12159329140461216,0.8,0.10957023060796646,0.016219160620029295,0.23383084577114427,False,0.129979035639413,100,0.5,0.11133123689727462,0.0162734289390206,0.14427860696517414,False,0.008385744234800832
YFT,17,21,477,43,10,0.11740041928721175,0.8,0.10919287211740042,0.015606111267835331,0.2935323383084577,False,0.13626834381551362,60,0.2,0.11238993710691822,0.016652271097238474,0.0845771144278607,False,0.01886792452830187
YFT,17,22,477,43,10,0.11949685534591195,0.2,0.1089832285115304,0.016107114104786165,0.26865671641791045,False,0.1320754716981132,60,0.5,0.11165618448637318,0.016863730828483314,0.13432835820895522,False,0.012578616352201255
YFT,17,23,477,43,10,0.12368972746331237,0.5,0.1100314465408805,0.015667128293865767,0.21393034825870647,False,0.13417190775681342,60,0.2,0.11123689727463311,0.017099651777380362,0.1044776119402985,False,0.01048218029350105
YFT,17,24,477,43,10,0.12159329140461216,0.2,0.1090041928721174,0.01633317004362351,0.2537313432835821,False,0.13626834381551362,60,0.2,0.11213836477987421,0.016394569419381333,0.0945273631840796,False,0.01467505241090146
YFT,17,25,477,43,10,0.1111111111111111,0.5,0.11051362683438154,0.016547947026555616,0.5223880597014925,False,0.14255765199161424,100,0.8,0.11190775681341719,0.01697119909448349,0.03482587064676617,True,0.03144654088050314
YFT,17,26,477,43,10,0.09853249475890985,0.8,0.10941299790356393,0.017372263368692634,0.7064676616915423,False,0.1111111111111111,90,0.2,0.11232704402515722,0.017670959425895794,0.5373134328358209,False,0.012578616352201255
YFT,17,27,477,43,10,0.11949685534591195,0.2,0.1089622641509434,0.01566213722905109,0.27860696517412936,False,0.13836477987421383,60,0.2,0.11272536687631027,0.016220838829821952,0.06965174129353234,False,0.018867924528301883
YFT,17,28,477,43,10,0.12159329140461216,0.2,0.11051362683438154,0.017095437462903183,0.2935323383084577,False,0.13836477987421383,60,0.2,0.1130607966457023,0.015990184489997658,0.06965174129353234,False,0.016771488469601678
YFT,17,29,477,43,10,0.12368972746331237,0.2,0.10967505241090146,0.017188459784448846,0.22388059701492538,False,0.13626834381551362,60,0.8,0.11157232704402517,0.016335417914972325,0.07462686567164178,False,0.012578616352201241
YFT,17,30,477,43,10,0.11949685534591195,0.8,0.10929769392033542,0.016295508527331633,0.29850746268656714,False,0.14465408805031446,60,0.2,0.11222222222222221,0.01574998520615771,0.024875621890547265,True,0.02515723270440251
YFT,17,31,477,43,10,0.11949685534591195,0.8,0.1090670859538784,0.015773144110208963,0.2736318407960199,False,0.14046121593291405,60,0.2,0.11240041928721173,0.016654774271086536,0.06467661691542288,False,0.0209643605870021
YFT,17,32,477,43,10,0.10062893081761007,0.2,0.10921383647798741,0.01677095842635561,0.7014925373134329,False,0.11949685534591195,300,0.5,0.1111425576519916,0.015403413037461369,0.3333333333333333,False,0.018867924528301883
YFT,17,33,477,43,10,0.12159329140461216,0.5,0.10987421383647797,0.016196966728452257,0.263681592039801,False,0.1488469601677149,90,0.5,0.11224318658280921,0.018382147917979225,0.04477611940298507,True,0.027253668763102742
YFT,17,34,477,43,10,0.13417190775681342,0.5,0.10967505241090147,0.01626145438099679,0.05970149253731343,False,0.1509433962264151,180,0.5,0.10997903563941298,0.017422344625687355,0.024875621890547265,True,0.016771488469601664
YFT,17,35,477,43,10,0.129979035639413,0.8,0.10964360587002098,0.017432685680860222,0.13930348258706468,False,0.14046121593291405,60,0.2,0.11343815513626833,0.01777368411791689,0.06965174129353234,False,0.010482180293501064
YFT,17,36,477,43,10,0.12159329140461216,0.8,0.110125786163522,0.017427503247423693,0.27860696517412936,False,0.13626834381551362,300,0.5,0.11006289308176098,0.016645916982210317,0.06467661691542288,False,0.01467505241090146
YFT,17,37,477,43,10,0.11740041928721175,0.8,0.11036687631027252,0.01651390523532708,0.3582089552238806,False,0.13626834381551362,60,0.5,0.11110062893081761,0.01693594440688882,0.0845771144278607,False,0.01886792452830187
YFT,17,38,477,43,10,0.12368972746331237,0.2,0.1081236897274633,0.018955438867182053,0.23383084577114427,False,0.13626834381551362,225,0.5,0.11026205450733752,0.01732223812980451,0.0845771144278607,False,0.012578616352201241
YFT,17,39,477,43,10,0.1278825995807128,0.8,0.10907756813417191,0.01685019667385183,0.1691542288557214,False,0.13626834381551362,450,0.8,0.10991614255765199,0.016892871640469414,0.09950248756218906,False,0.008385744234800818
YFT,17,40,477,43,10,0.12368972746331237,0.2,0.11081761006289309,0.017883007693604677,0.24378109452736318,False,0.129979035639413,450,0.5,0.11136268343815514,0.016247843321739803,0.13432835820895522,False,0.006289308176100614
YFT,17,41,477,43,10,0.11740041928721175,0.8,0.11138364779874214,0.017895686726127527,0.4427860696517413,False,0.13417190775681342,300,0.2,0.11119496855345912,0.01667884190284995,0.1044776119402985,False,0.016771488469601678
YFT,17,42,477,43,10,0.11320754716981132,0.5,0.10973794549266248,0.0163535754583913,0.4228855721393035,False,0.11949685534591195,300,0.5,0.11016771488469601,0.01635378140969968,0.31840796019900497,False,0.0062893081761006275
YFT,17,43,477,43,10,0.13626834381551362,0.2,0.11018867924528301,0.017511865124898544,0.0945273631840796,False,0.13626834381551362,300,0.8,0.10964360587002096,0.017060031721477072,0.07462686567164178,False,0.0
YFT,17,44,477,43,10,0.12159329140461216,0.5,0.110041928721174,0.016297287289390415,0.24378109452736318,False,0.13417190775681342,60,0.5,0.11216981132075471,0.017537520843925,0.11940298507462686,False,0.012578616352201269
YFT,17,45,477,43,10,0.11530398322851153,0.8,0.10971698113207548,0.01702150994870402,0.3781094527363184,False,0.129979035639413,60,0.8,0.11139412997903562,0.017019433799544407,0.16417910447761194,False,0.01467505241090146
YFT,17,46,477,43,10,0.129979035639413,0.2,0.10917190775681342,0.015120445681168966,0.09950248756218906,False,0.129979035639413,300,0.5,0.11115303983228511,0.014975176558296503,0.11442786069651742,False,0.0
YFT,17,47,477,43,10,0.14255765199161424,0.2,0.10917190775681342,0.015604922460998014,0.029850746268656716,True,0.14255765199161424,900,0.2,0.10917190775681342,0.015604922460998014,0.029850746268656716,True,0.0
YFT,17,48,477,43,10,0.11320754716981132,0.2,0.10955974842767295,0.017000688331435383,0.4427860696517413,False,0.13836477987421383,300,0.8,0.1090146750524109,0.015734679060384796,0.05970149253731343,False,0.02515723270440251
YFT,17,49,477,43,10,0.1090146750524109,0.2,0.11051362683438155,0.016886160104491912,0.5671641791044776,False,0.13417190775681342,100,0.8,0.10993710691823899,0.016799961082517335,0.0845771144278607,False,0.025157232704402524
YFT,17,50,477,43,10,0.09433962264150944,0.5,0.11061844863731655,0.01806601026406316,0.835820895522388,False,0.1530398322851153,60,0.8,0.11133123689727462,0.016183608490296535,0.009950248756218905,True,0.058700209643605866
YFT,17,51,477,43,10,0.1509433962264151,0.2,0.11049266247379455,0.0173816780962296,0.01990049751243781,True,0.15932914046121593,300,0.2,0.109979035639413,0.018063396987051474,0.014925373134328358,True,0.008385744234800846
YFT,17,52,477,43,10,0.1320754716981132,0.2,0.11011530398322851,0.015630377102848706,0.0845771144278607,False,0.15723270440251572,60,0.5,0.11176100628930817,0.017098037220254325,0.01990049751243781,True,0.02515723270440251
YFT,17,70,477,43,10,0.12368972746331237,0.5,0.10830188679245283,0.016866611820726678,0.208955223880597,False,0.13417190775681342,180,0.2,0.11025157232704402,0.016165574265989822,0.07960199004975124,False,0.01048218029350105
YFT,17,71,477,43,10,0.0880503144654088,0.8,0.10962264150943397,0.01848727652942734,0.8855721393034826,False,0.129979035639413,60,0.2,0.11226415094339622,0.01869181436175692,0.1890547263681592,False,0.04192872117400419
YFT,17,72,477,43,10,0.12578616352201258,0.2,0.11104821802935011,0.01650589562776754,0.23383084577114427,False,0.13836477987421383,60,0.5,0.11248427672955975,0.01715504530569073,0.04975124378109453,True,0.012578616352201255
YFT,17,73,477,43,10,0.0880503144654088,0.5,0.1099475890985325,0.01851843934129764,0.8805970149253731,False,0.12368972746331237,180,0.2,0.10964360587002094,0.015997765483030064,0.1890547263681592,False,0.035639412997903575
YFT,17,74,477,43,10,0.10062893081761007,0.8,0.10957023060796646,0.016510668417125663,0.7263681592039801,False,0.11740041928721175,300,0.8,0.11208595387840671,0.01777006466555897,0.43283582089552236,False,0.016771488469601678
YFT,17,75,477,43,10,0.11740041928721175,0.2,0.11115303983228511,0.01643354949331287,0.3582089552238806,False,0.1509433962264151,180,0.2,0.11,0.016048640536138144,0.009950248756218905,True,0.03354297693920334
YFT,17,76,477,43,10,0.12368972746331237,0.8,0.10950733752620545,0.017075530564502648,0.21890547263681592,False,0.12578616352201258,450,0.8,0.10954926624737943,0.01655678002469882,0.19900497512437812,False,0.0020964360587002046
YFT,17,77,477,43,10,0.12159329140461216,0.8,0.11032494758909853,0.016016305824581634,0.2736318407960199,False,0.14465408805031446,60,0.2,0.11196016771488469,0.017844752555920298,0.03482587064676617,True,0.023060796645702306
YFT,17,78,477,43,10,0.11740041928721175,0.5,0.10974842767295596,0.017598809577794913,0.3383084577114428,False,0.13836477987421383,90,0.2,0.11038784067085952,0.01589054849773119,0.04975124378109453,True,0.020964360587002087
YFT,18,19,477,43,10,0.13417190775681342,0.5,0.10965408805031446,0.015081337377348495,0.07462686567164178,False,0.13626834381551362,450,0.5,0.11160377358490566,0.01685290634003656,0.07960199004975124,False,0.0020964360587001907
YFT,18,20,477,43,10,0.13417190775681342,0.2,0.109958071278826,0.015027867570170182,0.06965174129353234,False,0.14255765199161424,450,0.8,0.10958071278825995,0.016110174958929652,0.029850746268656716,True,0.008385744234800818
YFT,18,21,477,43,10,0.13626834381551362,0.2,0.109958071278826,0.015597578863577847,0.05970149253731343,False,0.13626834381551362,450,0.5,0.11168763102725368,0.017010685239247213,0.10945273631840796,False,0.0
YFT,18,22,477,43,10,0.14046121593291405,0.2,0.11014675052410901,0.015609029829112511,0.03482587064676617,True,0.14046121593291405,900,0.2,0.11014675052410901,0.015609029829112511,0.03482587064676617,True,0.0
YFT,18,23,477,43,10,0.13836477987421383,0.5,0.110125786163522,0.016014199343360108,0.06467661691542288,False,0.13836477987421383,900,0.5,0.110125786163522,0.016014199343360108,0.06467661691542288,False,0.0
YFT,18,24,477,43,10,0.13417190775681342,0.8,0.11034591194968552,0.015639191707904943,0.06965174129353234,False,0.13836477987421383,450,0.5,0.11140461215932912,0.016688373215075877,0.06467661691542288,False,0.004192872117400409
YFT,18,25,477,43,10,0.12368972746331237,0.5,0.10843815513626832,0.017118108249465615,0.19402985074626866,False,0.14255765199161424,75,0.2,0.109895178197065,0.017167609086205148,0.03980099502487562,True,0.01886792452830187
YFT,18,26,477,43,10,0.14675052410901468,0.2,0.11062893081761006,0.016262992423911198,0.024875621890547265,True,0.14675052410901468,900,0.2,0.11062893081761006,0.016262992423911198,0.024875621890547265,True,0.0
YFT,18,27,477,43,10,0.13417190775681342,0.5,0.1100314465408805,0.015549684602742574,0.06467661691542288,False,0.13626834381551362,450,0.5,0.11160377358490566,0.0170625915698508,0.11940298507462686,False,0.0020964360587001907
YFT,18,28,477,43,10,0.13836477987421383,0.5,0.1091194968553459,0.016200457083841734,0.029850746268656716,True,0.13836477987421383,900,0.5,0.1091194968553459,0.016200457083841734,0.029850746268656716,True,0.0
YFT,18,29,477,43,10,0.13417190775681342,0.8,0.10983228511530398,0.015127531815223213,0.06965174129353234,False,0.13836477987421383,60,0.2,0.1109119496855346,0.01887506054281894,0.0845771144278607,False,0.004192872117400409
YFT,18,30,477,43,10,0.12578616352201258,0.8,0.10955974842767295,0.017517665601423874,0.1791044776119403,False,0.14046121593291405,60,0.2,0.11081761006289309,0.015985391006171815,0.03980099502487562,True,0.014675052410901473
YFT,18,31,477,43,10,0.13836477987421383,0.2,0.11013626834381551,0.015178671853564286,0.04477611940298507,True,0.13836477987421383,900,0.2,0.11013626834381551,0.015178671853564286,0.04477611940298507,True,0.0
YFT,18,32,477,43,10,0.1278825995807128,0.2,0.10979035639412998,0.016985182959208787,0.1691542288557214,False,0.13417190775681342,300,0.2,0.11160377358490566,0.017232604051966537,0.14925373134328357,False,0.0062893081761006275
YFT,18,33,477,43,10,0.14675052410901468,0.2,0.1090251572327044,0.017340588240208312,0.01990049751243781,True,0.1509433962264151,90,0.2,0.11242138364779873,0.017617232032713037,0.01990049751243781,True,0.004192872117400409
YFT,18,34,477,43,10,0.14465408805031446,0.5,0.10937106918238994,0.014947350400167252,0.009950248756218905,True,0.14465408805031446,900,0.5,0.10937106918238994,0.014947350400167252,0.009950248756218905,True,0.0
YFT,18,35,477,43,10,0.12578616352201258,0.2,0.109853249475891,0.016826705559936796,0.19402985074626866,False,0.14046121593291405,450,0.8,0.11177148846960168,0.016160638060896865,0.04975124378109453,True,0.014675052410901473
YFT,18,36,477,43,10,0.1320754716981132,0.8,0.10986373165618447,0.016930205528644705,0.1044776119402985,False,0.14675052410901468,75,0.8,0.1109958071278826,0.016421769026225025,0.01990049751243781,True,0.014675052410901473
YFT,18,37,477,43,10,0.11530398322851153,0.5,0.10852201257861635,0.01707941035144891,0.34328358208955223,False,0.14255765199161424,225,0.8,0.11124737945492663,0.01608598417243508,0.024875621890547265,True,0.027253668763102715
YFT,18,38,477,43,10,0.11740041928721175,0.5,0.10879454926624738,0.016254417592203804,0.3283582089552239,False,0.14675052410901468,180,0.8,0.11026205450733752,0.017497301876169238,0.03482587064676617,True,0.029350104821802933
YFT,18,39,477,43,10,0.11740041928721175,0.8,0.10917190775681342,0.015872943108523416,0.38308457711442784,False,0.13836477987421383,180,0.8,0.1110377358490566,0.01701774674184896,0.06965174129353234,False,0.020964360587002087
YFT,18,40,477,43,10,0.1090146750524109,0.5,0.10964360587002096,0.015491373789374523,0.527363184079602,False,0.14046121593291405,450,0.2,0.11188679245283019,0.015257668020213574,0.04477611940298507,True,0.03144654088050315
YFT,18,41,477,43,10,0.12159329140461216,0.5,0.11041928721174005,0.017187859077843676,0.3034825870646766,False,0.13836477987421383,180,0.2,0.11020964360587002,0.015023105161754783,0.03980099502487562,True,0.016771488469601678
YFT,18,42,477,43,10,0.09224318658280922,0.5,0.10849056603773582,0.017872766548840048,0.8308457711442786,False,0.1111111111111111,60,0.2,0.10926624737945492,0.016830065315488717,0.48258706467661694,False,0.018867924528301883
YFT,18,43,477,43,10,0.13417190775681342,0.8,0.1099266247379455,0.018001837429759783,0.0945273631840796,False,0.13626834381551362,300,0.8,0.11185534591194969,0.017118056641701587,0.10945273631840796,False,0.0020964360587001907
YFT,18,44,477,43,10,0.14046121593291405,0.8,0.10884696016771489,0.014743909216612228,0.024875621890547265,True,0.14046121593291405,900,0.8,0.10884696016771489,0.014743909216612228,0.024875621890547265,True,0.0
YFT,18,45,477,43,10,0.1320754716981132,0.8,0.10965408805031446,0.0171055371619302,0.11442786069651742,False,0.1320754716981132,450,0.5,0.10965408805031446,0.017145515793796008,0.10945273631840796,False,0.0
YFT,18,46,477,43,10,0.1278825995807128,0.2,0.10873165618448637,0.016090926122151305,0.13432835820895522,False,0.14675052410901468,100,0.2,0.11289308176100629,0.016644258411121014,0.03482587064676617,True,0.018867924528301883
YFT,18,47,477,43,10,0.14046121593291405,0.5,0.10931865828092242,0.01638838154794356,0.04975124378109453,True,0.14255765199161424,450,0.8,0.110020964360587,0.0169704182601907,0.03980099502487562,True,0.0020964360587001907
YFT,18,48,477,43,10,0.11949685534591195,0.2,0.10884696016771489,0.017468578306724224,0.31343283582089554,False,0.13626834381551362,300,0.5,0.11013626834381551,0.016829169664982,0.0945273631840796,False,0.016771488469601664
YFT,18,49,477,43,10,0.11530398322851153,0.5,0.11040880503144652,0.016986440942368845,0.417910447761194,False,0.12578616352201258,100,0.5,0.11178197064989517,0.01742351083594668,0.22388059701492538,False,0.01048218029350105
YFT,18,50,477,43,10,0.1320754716981132,0.2,0.11076519916142556,0.018504217729087964,0.11442786069651742,False,0.16352201257861634,90,0.8,0.1111635220125786,0.016223190754605158,0.004975124378109453,True,0.03144654088050314
YFT,18,51,477,43,10,0.14255765199161424,0.2,0.11089098532494758,0.01541189888646527,0.029850746268656716,True,0.15932914046121593,100,0.5,0.11160377358490567,0.016830613180764377,0.004975124378109453,True,0.016771488469601692
YFT,18,52,477,43,10,0.13417190775681342,0.8,0.10971698113207547,0.015910938571089283,0.05472636815920398,False,0.14046121593291405,450,0.8,0.1109433962264151,0.017464784973318166,0.03980099502487562,True,0.0062893081761006275
YFT,18,70,477,43,10,0.13417190775681342,0.8,0.10803983228511531,0.015559481778027717,0.06467661691542288,False,0.13626834381551362,300,0.2,0.11050314465408805,0.018471739674483244,0.07960199004975124,False,0.0020964360587001907
YFT,18,71,477,43,10,0.1069182389937107,0.2,0.10960167714884696,0.016588979889478297,0.6318407960199005,False,0.14465408805031446,60,0.5,0.11143605870020964,0.018230445760957635,0.06965174129353234,False,0.037735849056603765
YFT,18,72,477,43,10,0.11530398322851153,0.5,0.1110587002096436,0.015650852123697667,0.4079601990049751,False,0.14255765199161424,75,0.5,0.11154088050314463,0.017172673822748702,0.04477611940298507,True,0.027253668763102715
YFT,18,73,477,43,10,0.09224318658280922,0.2,0.10969601677148845,0.015532574442673244,0.8756218905472637,False,0.11320754716981132,180,0.2,0.11143605870020963,0.01510021678100179,0.4228855721393035,False,0.0209643605870021
YFT,18,74,477,43,10,0.1278825995807128,0.5,0.10954926624737943,0.016267456338416163,0.13930348258706468,False,0.1278825995807128,900,0.5,0.10954926624737943,0.016267456338416163,0.13930348258706468,False,0.0
YFT,18,75,477,43,10,0.1509433962264151,0.2,0.10877358490566039,0.016840058592116548,0.014925373134328358,True,0.1509433962264151,900,0.2,0.10877358490566039,0.016840058592116548,0.014925373134328358,True,0.0
YFT,18,76,477,43,10,0.129979035639413,0.2,0.11014675052410901,0.016823870244304318,0.12935323383084577,False,0.14465408805031446,225,0.5,0.11034591194968554,0.016942046353015855,0.024875621890547265,True,0.014675052410901473
YFT,18,77,477,43,10,0.129979035639413,0.8,0.1109958071278826,0.016236472219312712,0.12935323383084577,False,0.13836477987421383,60,0.2,0.11044025157232702,0.01755484391384452,0.05970149253731343,False,0.008385744234800846
YFT,18,78,477,43,10,0.11949685534591195,0.2,0.10819706498951781,0.01614862431460894,0.24875621890547264,False,0.15932914046121593,75,0.5,0.1110272536687631,0.01610212568849927,0.009950248756218905,True,0.039832285115303984
YFT,19,20,477,43,10,0.12368972746331237,0.2,0.11112159329140461,0.013535152304677304,0.208955223880597,False,0.13417190775681342,100,0.5,0.11257861635220123,0.014186064766545957,0.0845771144278607,False,0.01048218029350105
YFT,19,21,477,43,10,0.11530398322851153,0.2,0.11049266247379455,0.012934911365381163,0.39800995024875624,False,0.12578616352201258,60,0.2,0.11069182389937106,0.010810978421680013,0.13930348258706468,False,0.01048218029350105
YFT,19,22,477,43,10,0.11740041928721175,0.2,0.11162473794549266,0.01222330990207632,0.3582089552238806,False,0.13417190775681342,90,0.5,0.11144654088050315,0.012530132815088406,0.05472636815920398,False,0.016771488469601678
YFT,19,23,477,43,10,0.11320754716981132,0.2,0.11035639412997902,0.014477381521852356,0.4577114427860697,False,0.12578616352201258,75,0.2,0.1120754716981132,0.014336037878585891,0.19900497512437812,False,0.012578616352201255
YFT,19,24,477,43,10,0.12159329140461216,0.2,0.11128930817610062,0.012520148097725866,0.24378109452736318,False,0.12368972746331237,150,0.2,0.11225366876310273,0.012527237405223716,0.1890547263681592,False,0.0020964360587002184
YFT,19,25,477,43,10,0.13626834381551362,0.2,0.10748427672955975,0.015387966686723781,0.06467661691542288,False,0.15723270440251572,75,0.2,0.1099056603773585,0.015787139959509453,0.004975124378109453,True,0.0209643605870021
YFT,19,26,477,43,10,0.10482180293501048,0.2,0.11036687631027252,0.016012802914220813,0.6368159203980099,False,0.12159329140461216,60,0.2,0.11175052410901469,0.016769114667190613,0.31343283582089554,False,0.016771488469601678
YFT,19,27,477,43,10,0.11530398322851153,0.2,0.11009433962264151,0.01336351614833361,0.3880597014925373,False,0.12578616352201258,300,0.2,0.11128930817610062,0.012034444645954233,0.14925373134328357,False,0.01048218029350105
YFT,19,28,477,43,10,0.12159329140461216,0.8,0.110083857442348,0.015645986438959137,0.23383084577114427,False,0.15723270440251572,150,0.5,0.11336477987421383,0.014926394952059632,0.004975124378109453,True,0.03563941299790356
YFT,19,29,477,43,10,0.1320754716981132,0.5,0.11059748427672954,0.013771323735020172,0.04477611940298507,True,0.1320754716981132,900,0.5,0.11059748427672954,0.013771323735020172,0.04477611940298507,True,0.0
YFT,19,30,477,43,10,0.11530398322851153,0.8,0.11133123689727462,0.014938907438153393,0.40298507462686567,False,0.13626834381551362,60,0.2,0.11324947589098532,0.01618164662592665,0.12935323383084577,False,0.020964360587002087
YFT,19,31,477,43,10,0.11740041928721175,0.2,0.1110587002096436,0.012246668181916059,0.35323383084577115,False,0.129979035639413,60,0.2,0.1111425576519916,0.01145661459898722,0.05970149253731343,False,0.012578616352201241
YFT,19,32,477,43,10,0.09224318658280922,0.2,0.11052410901467508,0.016660717387435804,0.8656716417910447,False,0.129979035639413,100,0.2,0.11024109014675051,0.015743487874557253,0.13432835820895522,False,0.037735849056603765
YFT,19,33,477,43,10,0.1509433962264151,0.8,0.10950733752620544,0.014997308272468375,0.014925373134328358,True,0.16352201257861634,90,0.8,0.1120754716981132,0.017413468728843567,0.004975124378109453,True,0.012578616352201255
YFT,19,34,477,43,10,0.129979035639413,0.8,0.11162473794549267,0.016211015602251334,0.13930348258706468,False,0.14046121593291405,150,0.5,0.1109643605870021,0.018060547931542534,0.05970149253731343,False,0.010482180293501064
YFT,19,35,477,43,10,0.10272536687631027,0.8,0.11046121593291403,0.017491358911205044,0.6915422885572139,False,0.13836477987421383,100,0.5,0.11236897274633123,0.01813193235168084,0.08955223880597014,False,0.03563941299790356
YFT,19,36,477,43,10,0.12578616352201258,0.8,0.11177148846960167,0.017087942781967513,0.20398009950248755,False,0.1530398322851153,75,0.2,0.11283018867924527,0.01669990940945424,0.014925373134328358,True,0.02725366876310273
YFT,19,37,477,43,10,0.09433962264150944,0.2,0.11071278825995806,0.01581642460298469,0.8606965174129353,False,0.129979035639413,75,0.5,0.11087002096436059,0.018031992812155086,0.15920398009950248,False,0.03563941299790355
YFT,19,38,477,43,10,0.09433962264150944,0.8,0.10844863731656185,0.017048000791284698,0.7960199004975125,False,0.12578616352201258,225,0.2,0.1100104821802935,0.01903972378345992,0.20398009950248755,False,0.03144654088050314
YFT,19,39,477,43,10,0.09643605870020965,0.8,0.10922431865828092,0.017337407035072045,0.7860696517412935,False,0.1278825995807128,60,0.5,0.109958071278826,0.01922650644042102,0.20398009950248755,False,0.03144654088050315
YFT,19,40,477,43,10,0.11740041928721175,0.8,0.11188679245283019,0.01564361479542053,0.3582089552238806,False,0.13836477987421383,150,0.8,0.11131027253668763,0.01808875884159759,0.08955223880597014,False,0.020964360587002087
YFT,19,41,477,43,10,0.11530398322851153,0.8,0.1110167714884696,0.016837592801399223,0.417910447761194,False,0.1320754716981132,150,0.2,0.10984276729559747,0.015702218242080086,0.0945273631840796,False,0.016771488469601678
YFT,19,42,477,43,10,0.1069182389937107,0.2,0.11076519916142559,0.016263084090750012,0.6019900497512438,False,0.11530398322851153,300,0.5,0.10944444444444444,0.017424192145491606,0.38308457711442784,False,0.008385744234800832
YFT,19,43,477,43,10,0.13626834381551362,0.2,0.11254716981132075,0.017953926317844534,0.13930348258706468,False,0.13626834381551362,225,0.5,0.1120964360587002,0.018512728743982586,0.13930348258706468,False,0.0
YFT,19,44,477,43,10,0.11320754716981132,0.8,0.10907756813417191,0.014217027963089192,0.44776119402985076,False,0.14046121593291405,100,0.2,0.11208595387840671,0.016158314619067048,0.04975124378109453,True,0.02725366876310273
YFT,19,45,477,43,10,0.07966457023060797,0.2,0.10977987421383649,0.016202403039464637,0.9800995024875622,False,0.1069182389937107,450,0.5,0.10953878406708595,0.017016932352225927,0.572139303482587,False,0.02725366876310273
YFT,19,46,477,43,10,0.12159329140461216,0.8,0.10982180293501048,0.015278450986230947,0.24378109452736318,False,0.1278825995807128,100,0.8,0.11229559748427671,0.017260264842928967,0.1791044776119403,False,0.006289308176100641
YFT,19,47,477,43,10,0.1320754716981132,0.8,0.1090566037735849,0.016321621586640342,0.07462686567164178,False,0.1320754716981132,450,0.8,0.11247379454926626,0.019420805095536037,0.1691542288557214,False,0.0
YFT,19,48,477,43,10,0.12159329140461216,0.8,0.1090251572327044,0.018422542103085617,0.26865671641791045,False,0.13836477987421383,300,0.8,0.11023060796645702,0.016477035504102608,0.07462686567164178,False,0.016771488469601678
YFT,19,49,477,43,10,0.10272536687631027,0.2,0.1121488469601677,0.01711173351324876,0.6965174129353234,False,0.1320754716981132,100,0.2,0.11024109014675051,0.016863779940428907,0.11442786069651742,False,0.029350104821802933
YFT,19,50,477,43,10,0.1278825995807128,0.5,0.11226415094339622,0.018259077585368377,0.22388059701492538,False,0.16771488469601678,225,0.2,0.11089098532494758,0.016217689916153265,0.004975124378109453,True,0.039832285115303984
YFT,19,51,477,43,10,0.12368972746331237,0.5,0.11135220125786162,0.01691203697886156,0.24875621890547264,False,0.1488469601677149,150,0.2,0.11061844863731655,0.01767797893702822,0.029850746268656716,True,0.025157232704402524
YFT,19,52,477,43,10,0.11740041928721175,0.5,0.11167714884696016,0.01621266741024522,0.40298507462686567,False,0.13626834381551362,60,0.8,0.11126834381551362,0.018014543166411153,0.08955223880597014,False,0.01886792452830187
YFT,19,70,477,43,10,0.10272536687631027,0.8,0.10971698113207545,0.01722657938510675,0.6666666666666666,False,0.11320754716981132,300,0.2,0.11020964360587002,0.01871278724258804,0.4527363184079602,False,0.01048218029350105
YFT,19,71,477,43,10,0.09014675052410902,0.5,0.11140461215932912,0.01666320935186836,0.8955223880597015,False,0.129979035639413,150,0.8,0.11075471698113207,0.01813084825237736,0.14925373134328357,False,0.03983228511530397
YFT,19,72,477,43,10,0.11949685534591195,0.8,0.11211740041928721,0.016509976163931014,0.3681592039800995,False,0.1278825995807128,100,0.2,0.11334381551362682,0.018883810839020587,0.24875621890547264,False,0.008385744234800846
YFT,19,73,477,43,10,0.0859538784067086,0.8,0.10935010482180292,0.016971042930499013,0.9601990049751243,False,0.1278825995807128,180,0.2,0.1110272536687631,0.015278685885068187,0.14925373134328357,False,0.0419287211740042
YFT,19,74,477,43,10,0.06918238993710692,0.5,0.11139412997903564,0.014306486275772263,1.0,False,0.09643605870020965,225,0.8,0.11196016771488469,0.01825223920527876,0.8059701492537313,False,0.02725366876310273
YFT,19,75,477,43,10,0.1320754716981132,0.5,0.11126834381551362,0.01604730215553065,0.10945273631840796,False,0.13836477987421383,180,0.5,0.10969601677148848,0.016746367072245548,0.04975124378109453,True,0.0062893081761006275
YFT,19,76,477,43,10,0.11530398322851153,0.2,0.11020964360587002,0.017011428522520734,0.4079601990049751,False,0.13836477987421383,225,0.2,0.11031446540880502,0.017899697207441976,0.07960199004975124,False,0.023060796645702306
YFT,19,77,477,43,10,0.10272536687631027,0.8,0.1118238993710692,0.016556036339886622,0.7562189054726368,False,0.1509433962264151,75,0.8,0.11232704402515722,0.018600148047376548,0.029850746268656716,True,0.048218029350104816
YFT,19,78,477,43,10,0.11320754716981132,0.8,0.11050314465408805,0.01649074199002919,0.4427860696517413,False,0.14046121593291405,75,0.8,0.11174004192872117,0.01882163143130266,0.07462686567164178,False,0.02725366876310273
YFT,20,21,477,43,10,0.11530398322851153,0.5,0.11129979035639412,0.01370652847447966,0.39303482587064675,False,0.13417190775681342,450,0.5,0.1108595387840671,0.014163565935805866,0.07960199004975124,False,0.018867924528301896
YFT,20,22,477,43,10,0.12159329140461216,0.8,0.11148846960167715,0.013382974712862938,0.24378109452736318,False,0.1320754716981132,450,0.2,0.11059748427672954,0.014005089725404136,0.07960199004975124,False,0.01048218029350105
YFT,20,23,477,43,10,0.12368972746331237,0.8,0.1119706498951782,0.014880830261799097,0.2537313432835821,False,0.129979035639413,450,0.8,0.11124737945492662,0.01495468839220852,0.11940298507462686,False,0.006289308176100614
YFT,20,24,477,43,10,0.11949685534591195,0.8,0.11134171907756812,0.01327199534131703,0.2736318407960199,False,0.14046121593291405,450,0.5,0.11057651991614258,0.014420761437044249,0.024875621890547265,True,0.0209643605870021
YFT,20,25,477,43,10,0.14255765199161424,0.2,0.1089937106918239,0.015808882383421364,0.029850746268656716,True,0.15513626834381553,60,0.5,0.11026205450733752,0.016830770647723658,0.014925373134328358,True,0.012578616352201283
YFT,20,26,477,43,10,0.11949685534591195,0.5,0.11154088050314465,0.015237371266140847,0.3482587064676617,False,0.12159329140461216,60,0.2,0.11146750524109013,0.01749857983908958,0.3034825870646766,False,0.0020964360587002046
YFT,20,27,477,43,10,0.11530398322851153,0.8,0.11140461215932912,0.013576766672859274,0.417910447761194,False,0.13626834381551362,450,0.5,0.11119496855345912,0.014634874664949142,0.06467661691542288,False,0.020964360587002087
YFT,20,28,477,43,10,0.12578616352201258,0.8,0.11074423480083859,0.015221622213359466,0.1791044776119403,False,0.1530398322851153,100,0.5,0.11315513626834381,0.01653200367456724,0.03482587064676617,True,0.02725366876310273
YFT,20,29,477,43,10,0.11530398322851153,0.8,0.11134171907756812,0.013064020031805196,0.4228855721393035,False,0.1278825995807128,450,0.8,0.11056603773584905,0.013654949646612208,0.11442786069651742,False,0.012578616352201269
YFT,20,30,477,43,10,0.1069182389937107,0.2,0.11018867924528301,0.014757803652064338,0.5970149253731343,False,0.14255765199161424,60,0.5,0.11333333333333333,0.016119672586695742,0.03482587064676617,True,0.03563941299790355
YFT,20,31,477,43,10,0.11740041928721175,0.2,0.11147798742138364,0.013334496588935913,0.36318407960199006,False,0.13626834381551362,450,0.5,0.11092243186582809,0.014344277552403951,0.06467661691542288,False,0.01886792452830187
YFT,20,32,477,43,10,0.1090146750524109,0.2,0.11110062893081761,0.017988238737185195,0.5522388059701493,False,0.14255765199161424,100,0.2,0.11074423480083856,0.0175494049586862,0.04477611940298507,True,0.03354297693920334
YFT,20,33,477,43,10,0.1278825995807128,0.5,0.11070230607966457,0.0157833063312063,0.14925373134328357,False,0.16981132075471697,60,0.8,0.11279874213836477,0.016629586127902784,0.004975124378109453,True,0.041928721174004174
YFT,20,34,477,43,10,0.14046121593291405,0.5,0.11210691823899371,0.015607752804606575,0.03482587064676617,True,0.14255765199161424,100,0.8,0.11251572327044024,0.016983622540560368,0.06965174129353234,False,0.0020964360587001907
YFT,20,35,477,43,10,0.11320754716981132,0.2,0.1090880503144654,0.016299167483919616,0.417910447761194,False,0.1320754716981132,100,0.2,0.11285115303983229,0.016487420251899365,0.13930348258706468,False,0.018867924528301883
YFT,20,36,477,43,10,0.129979035639413,0.5,0.11274633123689728,0.01660494833925056,0.15920398009950248,False,0.13626834381551362,150,0.2,0.11517819706498951,0.018193509978430073,0.12437810945273632,False,0.0062893081761006275
YFT,20,37,477,43,10,0.0880503144654088,0.8,0.11055555555555556,0.017056765820010235,0.9104477611940298,False,0.13417190775681342,100,0.2,0.1120964360587002,0.01776015944189565,0.13432835820895522,False,0.046121593291404625
YFT,20,38,477,43,10,0.11949685534591195,0.2,0.10927672955974842,0.016621934547729925,0.26865671641791045,False,0.1320754716981132,180,0.5,0.11025157232704402,0.018335652194886566,0.12935323383084577,False,0.012578616352201255
YFT,20,39,477,43,10,0.1069182389937107,0.8,0.11033542976939203,0.015912371698717096,0.6069651741293532,False,0.13417190775681342,60,0.2,0.11080712788259957,0.01844997507487536,0.11442786069651742,False,0.02725366876310273
YFT,20,40,477,43,10,0.1278825995807128,0.2,0.1120125786163522,0.015914037157041556,0.19900497512437812,False,0.1278825995807128,900,0.2,0.1120125786163522,0.015914037157041556,0.19900497512437812,False,0.0
YFT,20,41,477,43,10,0.12368972746331237,0.2,0.11054507337526204,0.017164199596751594,0.24378109452736318,False,0.13417190775681342,150,0.5,0.11064989517819707,0.015193625986234565,0.0845771144278607,False,0.01048218029350105
YFT,20,42,477,43,10,0.12368972746331237,0.2,0.11031446540880502,0.016816937460307563,0.24875621890547264,False,0.12368972746331237,900,0.2,0.1100104821802935,0.016877735035116363,0.24378109452736318,False,0.0
YFT,20,43,477,43,10,0.10482180293501048,0.8,0.11295597484276727,0.017199997629233823,0.681592039800995,False,0.1111111111111111,60,0.2,0.11070230607966457,0.01853512864290207,0.5024875621890548,False,0.0062893081761006275
YFT,20,44,477,43,10,0.1320754716981132,0.2,0.11006289308176098,0.014254401799844376,0.06467661691542288,False,0.15932914046121593,90,0.2,0.11226415094339622,0.015356416152483456,0.004975124378109453,True,0.02725366876310273
YFT,20,45,477,43,10,0.10482180293501048,0.8,0.11032494758909853,0.0155062471218765,0.6268656716417911,False,0.11320754716981132,450,0.8,0.10977987421383649,0.016433841796928455,0.4427860696517413,False,0.008385744234800846
YFT,20,46,477,43,10,0.12368972746331237,0.2,0.10970649895178199,0.015729217996588402,0.1791044776119403,False,0.129979035639413,100,0.8,0.11219077568134171,0.017512290768648842,0.1691542288557214,False,0.006289308176100614
YFT,20,47,477,43,10,0.12578616352201258,0.5,0.11079664570230607,0.01780467249687209,0.21890547263681592,False,0.15513626834381553,450,0.5,0.11076519916142556,0.016747474854696347,0.014925373134328358,True,0.029350104821802947
YFT,20,48,477,43,10,0.11949685534591195,0.2,0.11120545073375261,0.01745205548004006,0.3482587064676617,False,0.14255765199161424,150,0.5,0.11142557651991612,0.017514526016748466,0.04975124378109453,True,0.02306079664570229
YFT,20,49,477,43,10,0.11320754716981132,0.5,0.1120545073375262,0.017171969672605376,0.4975124378109453,False,0.13836477987421383,100,0.2,0.1109119496855346,0.01619070333607076,0.04975124378109453,True,0.02515723270440251
YFT,20,50,477,43,10,0.13417190775681342,0.5,0.11014675052410901,0.017680305663095485,0.1044776119402985,False,0.16142557651991615,60,0.8,0.1108385744234801,0.01620122049884706,0.009950248756218905,True,0.02725366876310273
YFT,20,51,477,43,10,0.12368972746331237,0.2,0.11070230607966454,0.01659235783251191,0.23383084577114427,False,0.1509433962264151,225,0.2,0.11164570230607966,0.018514026083886335,0.03980099502487562,True,0.027253668763102715
YFT,20,52,477,43,10,0.12578616352201258,0.8,0.10972746331236895,0.01474702462490264,0.15422885572139303,False,0.14046121593291405,100,0.8,0.1119706498951782,0.01683614004554568,0.07462686567164178,False,0.014675052410901473
YFT,20,70,477,43,10,0.09853249475890985,0.5,0.11123689727463311,0.01644118128121106,0.7960199004975125,False,0.12578616352201258,100,0.2,0.11234800838574424,0.016608977945136633,0.24378109452736318,False,0.02725366876310273
YFT,20,71,477,43,10,0.1111111111111111,0.5,0.11153039832285114,0.017692992644769916,0.5422885572139303,False,0.1278825995807128,60,0.5,0.11138364779874213,0.017875929699798673,0.20398009950248755,False,0.016771488469601692
YFT,20,72,477,43,10,0.10272536687631027,0.5,0.11113207547169811,0.015006159913465711,0.7064676616915423,False,0.1320754716981132,150,0.8,0.1120440251572327,0.018581541228591306,0.15920398009950248,False,0.029350104821802933
YFT,20,73,477,43,10,0.0880503144654088,0.8,0.10942348008385742,0.015971095265225953,0.9253731343283582,False,0.1069182389937107,180,0.2,0.11045073375262053,0.015413589764173575,0.6218905472636815,False,0.018867924528301896
YFT,20,74,477,43,10,0.10062893081761007,0.2,0.11128930817610062,0.01671183080824603,0.7512437810945274,False,0.1320754716981132,450,0.8,0.11072327044025158,0.01642160763734559,0.11940298507462686,False,0.03144654088050314
YFT,20,75,477,43,10,0.12159329140461216,0.5,0.1128825995807128,0.016692419067025954,0.31840796019900497,False,0.13836477987421383,100,0.2,0.11164570230607966,0.01630542646070606,0.05970149253731343,False,0.016771488469601678
YFT,20,76,477,43,10,0.13417190775681342,0.5,0.11144654088050315,0.017339241314684024,0.0945273631840796,False,0.1488469601677149,450,0.8,0.11080712788259957,0.0177271591594387,0.01990049751243781,True,0.014675052410901473
YFT,20,77,477,43,10,0.1278825995807128,0.5,0.1120754716981132,0.015910331274681676,0.19900497512437812,False,0.13836477987421383,100,0.2,0.1130922431865828,0.017623198344023632,0.0945273631840796,False,0.010482180293501037
YFT,20,78,477,43,10,0.1278825995807128,0.2,0.1118238993710692,0.015796933171194634,0.16417910447761194,False,0.14465408805031446,90,0.2,0.10927672955974842,0.017626631817486874,0.04477611940298507,True,0.016771488469601664
YFT,21,22,477,43,10,0.11949685534591195,0.2,0.11287211740041929,0.011299313541552758,0.3034825870646766,False,0.129979035639413,60,0.5,0.1110167714884696,0.010813628747703037,0.07960199004975124,False,0.010482180293501037
YFT,21,23,477,43,10,0.12159329140461216,0.5,0.1109538784067086,0.01389178318768836,0.27860696517412936,False,0.1278825995807128,90,0.2,0.109958071278826,0.014320485105600002,0.13930348258706468,False,0.006289308176100641
YFT,21,24,477,43,10,0.09643605870020965,0.2,0.11266247379454927,0.011291101233220564,0.9353233830845771,False,0.09643605870020965,150,0.5,0.11063941299790356,0.01080982923449402,0.9303482587064676,False,0.0
YFT,21,25,477,43,10,0.13836477987421383,0.2,0.10811320754716981,0.014714144851908924,0.03482587064676617,True,0.1530398322851153,75,0.5,0.10917190775681342,0.01721588361619287,0.004975124378109453,True,0.014675052410901473
YFT,21,26,477,43,10,0.10062893081761007,0.2,0.11050314465408803,0.016865498768426645,0.7213930348258707,False,0.1278825995807128,60,0.2,0.11141509433962263,0.017395141540080997,0.20398009950248755,False,0.02725366876310273
YFT,21,27,477,43,10,0.09643605870020965,0.2,0.11277777777777777,0.010605341371119226,0.9502487562189055,False,0.10272536687631027,300,0.2,0.1119496855345912,0.011419004843394918,0.8159203980099502,False,0.0062893081761006275
YFT,21,28,477,43,10,0.11949685534591195,0.2,0.11052410901467503,0.015139746780729744,0.3034825870646766,False,0.14675052410901468,150,0.2,0.1119706498951782,0.015357048948914712,0.01990049751243781,True,0.02725366876310273
YFT,21,29,477,43,10,0.11530398322851153,0.8,0.11073375262054506,0.012486555999546282,0.3880597014925373,False,0.12368972746331237,180,0.5,0.11068134171907758,0.01220848476752239,0.18407960199004975,False,0.008385744234800846
YFT,21,30,477,43,10,0.1111111111111111,0.2,0.11155136268343814,0.014908113937153869,0.5671641791044776,False,0.13626834381551362,90,0.2,0.11166666666666668,0.016111227100333404,0.06965174129353234,False,0.02515723270440251
YFT,21,31,477,43,10,0.11320754716981132,0.2,0.1130922431865828,0.010955461670846897,0.5621890547263682,False,0.11740041928721175,180,0.2,0.1121278825995807,0.011212070289390601,0.31343283582089554,False,0.004192872117400423
YFT,21,32,477,43,10,0.09224318658280922,0.2,0.11029350104821802,0.016318684980747827,0.8606965174129353,False,0.129979035639413,300,0.2,0.11080712788259958,0.01699569579423407,0.17412935323383086,False,0.037735849056603765
YFT,21,33,477,43,10,0.13836477987421383,0.5,0.10840670859538783,0.014593693452619594,0.03980099502487562,True,0.16352201257861634,90,0.8,0.11062893081761006,0.01755478100901704,0.004975124378109453,True,0.02515723270440251
YFT,21,34,477,43,10,0.1278825995807128,0.2,0.11079664570230607,0.01643461116894956,0.1791044776119403,False,0.14046121593291405,150,0.5,0.11024109014675051,0.018327324063119984,0.06965174129353234,False,0.012578616352201255
YFT,21,35,477,43,10,0.1069182389937107,0.2,0.11072327044025157,0.018399245933824162,0.6019900497512438,False,0.1320754716981132,100,0.5,0.11228511530398322,0.017326754186769065,0.12437810945273632,False,0.02515723270440251
YFT,21,36,477,43,10,0.13836477987421383,0.2,0.11165618448637316,0.017118498528143736,0.1044776119402985,False,0.14046121593291405,75,0.5,0.11238993710691822,0.01665227109723847,0.04975124378109453,True,0.0020964360587002184
YFT,21,37,477,43,10,0.10272536687631027,0.8,0.1099266247379455,0.014903650396061384,0.7014925373134329,False,0.1278825995807128,100,0.8,0.11051362683438154,0.017491343127940963,0.1890547263681592,False,0.025157232704402524
YFT,21,38,477,43,10,0.09853249475890985,0.8,0.10848008385744234,0.016563448350996417,0.7164179104477612,False,0.129979035639413,225,0.8,0.10954926624737946,0.01851283313101621,0.14925373134328357,False,0.03144654088050314
YFT,21,39,477,43,10,0.1090146750524109,0.2,0.10920335429769391,0.01731470449886118,0.47761194029850745,False,0.129979035639413,450,0.8,0.10929769392033542,0.017784724331128036,0.13930348258706468,False,0.020964360587002087
YFT,21,40,477,43,10,0.13417190775681342,0.2,0.1120125786163522,0.016572129822511317,0.12935323383084577,False,0.14255765199161424,150,0.8,0.11196016771488469,0.01881000806638934,0.07960199004975124,False,0.008385744234800818
YFT,21,41,477,43,10,0.1090146750524109,0.5,0.11112159329140461,0.01713430540007244,0.572139303482587,False,0.129979035639413,150,0.8,0.10988469601677149,0.016214802590990698,0.12437810945273632,False,0.020964360587002087
YFT,21,42,477,43,10,0.10272536687631027,0.5,0.11027253668763101,0.017149125397461967,0.7064676616915423,False,0.11320754716981132,300,0.5,0.10952830188679245,0.017687371411794436,0.4228855721393035,False,0.01048218029350105
YFT,21,43,477,43,10,0.1320754716981132,0.2,0.1130607966457023,0.018055655800763848,0.19402985074626866,False,0.1320754716981132,900,0.2,0.1130607966457023,0.018055655800763848,0.19402985074626866,False,0.0
YFT,21,44,477,43,10,0.1069182389937107,0.2,0.10960167714884696,0.013700033302546908,0.6169154228855721,False,0.13836477987421383,100,0.2,0.11181341719077569,0.014691263370677101,0.03980099502487562,True,0.03144654088050314
YFT,21,45,477,43,10,0.0859538784067086,0.5,0.1100104821802935,0.014884907454252244,0.9751243781094527,False,0.10062893081761007,60,0.2,0.11178197064989519,0.016163620460563046,0.7512437810945274,False,0.014675052410901473
YFT,21,46,477,43,10,0.12578616352201258,0.2,0.109958071278826,0.014759464718397904,0.17412935323383086,False,0.1278825995807128,100,0.8,0.11227463312368972,0.017314076282569403,0.18407960199004975,False,0.0020964360587002184
YFT,21,47,477,43,10,0.1320754716981132,0.5,0.10977987421383649,0.015394377351013941,0.0945273631840796,False,0.14046121593291405,450,0.8,0.11153039832285117,0.01836671452961871,0.05970149253731343,False,0.008385744234800846
YFT,21,48,477,43,10,0.11949685534591195,0.2,0.10992662473794548,0.01803003301996026,0.34328358208955223,False,0.13836477987421383,300,0.8,0.11027253668763101,0.016587435457835784,0.0845771144278607,False,0.018867924528301883
YFT,21,49,477,43,10,0.09224318658280922,0.2,0.11183438155136267,0.017126698773695895,0.8905472636815921,False,0.1278825995807128,100,0.2,0.11014675052410901,0.016648358098230176,0.15920398009950248,False,0.035639412997903575
YFT,21,50,477,43,10,0.1320754716981132,0.2,0.11223270440251572,0.016949475243386698,0.12935323383084577,False,0.16771488469601678,225,0.5,0.1109853249475891,0.017251385569523645,0.004975124378109453,True,0.035639412997903575
YFT,21,51,477,43,10,0.14046121593291405,0.8,0.11228511530398322,0.016418329082343308,0.04477611940298507,True,0.1509433962264151,150,0.2,0.11069182389937109,0.017752808539229517,0.024875621890547265,True,0.010482180293501037
YFT,21,52,477,43,10,0.11740041928721175,0.5,0.11160377358490566,0.015025262396408163,0.3681592039800995,False,0.13626834381551362,60,0.5,0.11183438155136269,0.01785526952512301,0.0945273631840796,False,0.01886792452830187
YFT,21,70,477,43,10,0.1111111111111111,0.8,0.1100314465408805,0.01610231428216762,0.4577114427860697,False,0.12159329140461216,300,0.5,0.1101781970649895,0.0162521075573352,0.27860696517412936,False,0.01048218029350105
YFT,21,71,477,43,10,0.09643605870020965,0.2,0.11131027253668763,0.01723083532567856,0.8059701492537313,False,0.129979035639413,150,0.5,0.11125786163522011,0.01838655679408261,0.16417910447761194,False,0.03354297693920334
YFT,21,72,477,43,10,0.12578616352201258,0.2,0.1118972746331237,0.015725465048461052,0.22885572139303484,False,0.1320754716981132,100,0.8,0.1120440251572327,0.01794176852494276,0.15920398009950248,False,0.0062893081761006275
YFT,21,73,477,43,10,0.09224318658280922,0.5,0.10924528301886792,0.017035144604721175,0.8407960199004975,False,0.12159329140461216,180,0.2,0.11123689727463311,0.014813072154615638,0.2885572139303483,False,0.029350104821802933
YFT,21,74,477,43,10,0.0859538784067086,0.5,0.11035639412997902,0.01490433575686393,0.9552238805970149,False,0.10062893081761007,225,0.8,0.11187631027253668,0.018282561422291295,0.746268656716418,False,0.014675052410901473
YFT,21,75,477,43,10,0.1320754716981132,0.2,0.11148846960167715,0.01566541191354917,0.0945273631840796,False,0.14046121593291405,180,0.2,0.10943396226415095,0.01648057375306164,0.029850746268656716,True,0.008385744234800846
YFT,21,76,477,43,10,0.1111111111111111,0.2,0.110125786163522,0.01622791739849924,0.5174129353233831,False,0.1320754716981132,225,0.8,0.11024109014675051,0.018162695581615044,0.14427860696517414,False,0.0209643605870021
YFT,21,77,477,43,10,0.09014675052410902,0.2,0.1120545073375262,0.01665752235585752,0.9054726368159204,False,0.14465408805031446,75,0.5,0.11178197064989517,0.018145033865278663,0.04477611940298507,True,0.05450733752620544
YFT,21,78,477,43,10,0.11740041928721175,0.8,0.11058700209643604,0.016938881568802314,0.373134328358209,False,0.14255765199161424,75,0.2,0.1121488469601677,0.018418345691105377,0.06965174129353234,False,0.025157232704402496
YFT,22,23,477,43,10,0.11949685534591195,0.8,0.11057651991614255,0.013426204102264732,0.27860696517412936,False,0.1320754716981132,90,0.2,0.11036687631027252,0.014446620897631046,0.0845771144278607,False,0.012578616352201255
YFT,22,24,477,43,10,0.11740041928721175,0.2,0.11158280922431864,0.011679909806181615,0.31840796019900497,False,0.12578616352201258,90,0.8,0.11138364779874214,0.010253847193899381,0.09950248756218906,False,0.008385744234800832
YFT,22,25,477,43,10,0.13836477987421383,0.8,0.1080712788259958,0.014415786975880931,0.03482587064676617,True,0.1509433962264151,75,0.5,0.10872117400419286,0.01695489823189709,0.009950248756218905,True,0.012578616352201255
YFT,22,26,477,43,10,0.10482180293501048,0.2,0.11015723270440252,0.0168526704492911,0.6218905472636815,False,0.12578616352201258,60,0.2,0.11165618448637316,0.017022758760204763,0.23383084577114427,False,0.0209643605870021
YFT,22,27,477,43,10,0.1069182389937107,0.2,0.11146750524109014,0.011027621781681514,0.6915422885572139,False,0.11740041928721175,100,0.2,0.11067085953878406,0.011136197487173689,0.29850746268656714,False,0.01048218029350105
YFT,22,28,477,43,10,0.12159329140461216,0.8,0.11058700209643606,0.0152944483795741,0.263681592039801,False,0.14255765199161424,100,0.2,0.11257861635220126,0.015909165200594825,0.05472636815920398,False,0.020964360587002087
YFT,22,29,477,43,10,0.12368972746331237,0.5,0.11048218029350103,0.012587392336211862,0.20398009950248755,False,0.129979035639413,90,0.8,0.11170859538784068,0.012224899823900905,0.0845771144278607,False,0.006289308176100614
YFT,22,30,477,43,10,0.1090146750524109,0.8,0.1111111111111111,0.015219536345283438,0.572139303482587,False,0.13626834381551362,60,0.2,0.11273584905660376,0.016231356876371693,0.10945273631840796,False,0.027253668763102715
YFT,22,31,477,43,10,0.12578616352201258,0.2,0.11267295597484274,0.010876149389415874,0.15422885572139303,False,0.1278825995807128,90,0.2,0.11157232704402514,0.011151200437575406,0.11442786069651742,False,0.0020964360587002184
YFT,22,32,477,43,10,0.09224318658280922,0.2,0.11058700209643607,0.016561784854957688,0.8805970149253731,False,0.12578616352201258,100,0.2,0.1100733752620545,0.0161898848586971,0.18407960199004975,False,0.033542976939203356
YFT,22,33,477,43,10,0.14046121593291405,0.5,0.10875262054507338,0.014978092725507238,0.03980099502487562,True,0.16142557651991615,90,0.8,0.1109853249475891,0.01735731896924316,0.004975124378109453,True,0.0209643605870021
YFT,22,34,477,43,10,0.1278825995807128,0.2,0.1110587002096436,0.016422091799225727,0.18407960199004975,False,0.13836477987421383,150,0.5,0.11068134171907758,0.0184187054210238,0.07960199004975124,False,0.010482180293501037
YFT,22,35,477,43,10,0.10482180293501048,0.5,0.11053459119496856,0.01860914332780284,0.6218905472636815,False,0.1320754716981132,100,0.2,0.11122641509433961,0.018044261170335918,0.12437810945273632,False,0.02725366876310273
YFT,22,36,477,43,10,0.129979035639413,0.5,0.1110901467505241,0.016954833101186475,0.15920398009950248,False,0.1488469601677149,75,0.2,0.11166666666666666,0.017002295895667843,0.024875621890547265,True,0.01886792452830191
YFT,22,37,477,43,10,0.09433962264150944,0.8,0.10984276729559748,0.01532207300476592,0.835820895522388,False,0.13626834381551362,100,0.2,0.11076519916142559,0.01775999467073608,0.09950248756218906,False,0.041928721174004174
YFT,22,38,477,43,10,0.1069182389937107,0.2,0.10867924528301887,0.01671138477656402,0.5572139303482587,False,0.1320754716981132,225,0.2,0.10946540880503143,0.01884025317025627,0.12935323383084577,False,0.02515723270440251
YFT,22,39,477,43,10,0.11530398322851153,0.5,0.10887840670859539,0.016377165339638285,0.35323383084577115,False,0.13417190775681342,60,0.2,0.1089203354297694,0.018746732718709573,0.11940298507462686,False,0.018867924528301896
YFT,22,40,477,43,10,0.1320754716981132,0.2,0.11157232704402516,0.014831727185613253,0.09950248756218906,False,0.1320754716981132,900,0.2,0.11157232704402516,0.014831727185613253,0.09950248756218906,False,0.0
YFT,22,41,477,43,10,0.1090146750524109,0.2,0.11113207547169811,0.01745040075489093,0.5621890547263682,False,0.129979035639413,150,0.8,0.1099056603773585,0.016227274329172554,0.12437810945273632,False,0.020964360587002087
YFT,22,42,477,43,10,0.1069182389937107,0.5,0.11009433962264151,0.017074237106274825,0.582089552238806,False,0.11530398322851153,300,0.5,0.10939203354297694,0.01777488940282116,0.3781094527363184,False,0.008385744234800832
YFT,22,43,477,43,10,0.1278825995807128,0.2,0.11317610062893081,0.018166586331612476,0.23880597014925373,False,0.13417190775681342,225,0.8,0.1120440251572327,0.018149825851998536,0.14427860696517414,False,0.0062893081761006275
YFT,22,44,477,43,10,0.1090146750524109,0.5,0.10853249475890986,0.012922804183144225,0.5223880597014925,False,0.129979035639413,75,0.2,0.11060796645702307,0.014477686624211287,0.11940298507462686,False,0.020964360587002087
YFT,22,45,477,43,10,0.0859538784067086,0.8,0.10923480083857441,0.014928555066044083,0.9552238805970149,False,0.11320754716981132,90,0.2,0.11164570230607967,0.015596513312397947,0.48258706467661694,False,0.02725366876310273
YFT,22,46,477,43,10,0.12159329140461216,0.8,0.10965408805031446,0.014827315125747378,0.23880597014925373,False,0.1278825995807128,75,0.5,0.11188679245283019,0.016208035110466736,0.17412935323383086,False,0.006289308176100641
YFT,22,47,477,43,10,0.129979035639413,0.8,0.10866876310272534,0.015710486464587538,0.10945273631840796,False,0.14675052410901468,225,0.8,0.10960167714884696,0.018761879995003203,0.03482587064676617,True,0.016771488469601692
YFT,22,48,477,43,10,0.12578616352201258,0.5,0.10919287211740042,0.018027827999082632,0.19402985074626866,False,0.13836477987421383,300,0.8,0.11023060796645702,0.016603884253716124,0.0845771144278607,False,0.012578616352201255
YFT,22,49,477,43,10,0.09643605870020965,0.5,0.1119182389937107,0.017071261780429597,0.7960199004975125,False,0.13417190775681342,100,0.5,0.10988469601677148,0.01673494208767846,0.08955223880597014,False,0.03773584905660378
YFT,22,50,477,43,10,0.1320754716981132,0.5,0.11166666666666664,0.017211444332051705,0.12437810945273632,False,0.16561844863731656,60,0.5,0.11132075471698112,0.016218510394716508,0.004975124378109453,True,0.033542976939203356
YFT,22,51,477,43,10,0.1488469601677149,0.2,0.1118763102725367,0.01626634302041916,0.014925373134328358,True,0.1530398322851153,150,0.2,0.11032494758909853,0.01842247017264742,0.024875621890547265,True,0.004192872117400409
YFT,22,52,477,43,10,0.1278825995807128,0.2,0.11139412997903562,0.01577488026993882,0.1691542288557214,False,0.14255765199161424,60,0.2,0.1109643605870021,0.017651138545680234,0.04477611940298507,True,0.014675052410901446
YFT,22,70,477,43,10,0.11320754716981132,0.2,0.10985324947589098,0.016114684631653577,0.43781094527363185,False,0.12578616352201258,300,0.2,0.11026205450733752,0.01636640026407862,0.20398009950248755,False,0.012578616352201255
YFT,22,71,477,43,10,0.09433962264150944,0.5,0.11181341719077569,0.017079798281671006,0.8557213930348259,False,0.1320754716981132,150,0.5,0.11087002096436059,0.018046684469820964,0.14925373134328357,False,0.037735849056603765
YFT,22,72,477,43,10,0.11740041928721175,0.5,0.1121278825995807,0.0158395700265825,0.4129353233830846,False,0.13417190775681342,100,0.8,0.1119916142557652,0.017697186338202702,0.12437810945273632,False,0.016771488469601678
YFT,22,73,477,43,10,0.09433962264150944,0.2,0.10936058700209643,0.016779094885005435,0.8258706467661692,False,0.11740041928721175,180,0.2,0.1110272536687631,0.014368353396045851,0.3482587064676617,False,0.023060796645702306
YFT,22,74,477,43,10,0.07756813417190776,0.2,0.110083857442348,0.014541236593880152,0.9850746268656716,False,0.09853249475890985,225,0.8,0.11179245283018868,0.018156201035988997,0.7611940298507462,False,0.020964360587002087
YFT,22,75,477,43,10,0.1278825995807128,0.5,0.1110901467505241,0.01557524724521222,0.14925373134328357,False,0.13836477987421383,180,0.2,0.10933962264150943,0.016745259216509413,0.04477611940298507,True,0.010482180293501037
YFT,22,76,477,43,10,0.11320754716981132,0.8,0.11084905660377359,0.016540684959599556,0.472636815920398,False,0.1320754716981132,225,0.8,0.109895178197065,0.017916716329453908,0.13930348258706468,False,0.018867924528301883
YFT,22,77,477,43,10,0.09643605870020965,0.2,0.11167714884696016,0.017164199596751598,0.835820895522388,False,0.14255765199161424,75,0.2,0.11165618448637316,0.01794612868074039,0.04975124378109453,True,0.0461215932914046
YFT,22,78,477,43,10,0.12159329140461216,0.8,0.11032494758909853,0.016606647409466463,0.2736318407960199,False,0.14255765199161424,75,0.2,0.1110901467505241,0.018151398564862798,0.05970149253731343,False,0.020964360587002087
YFT,23,24,477,43,10,0.11740041928721175,0.2,0.11123689727463311,0.013911963414494407,0.3681592039800995,False,0.1278825995807128,90,0.2,0.10979035639412998,0.014041018337414411,0.12935323383084577,False,0.01048218029350105
YFT,23,25,477,43,10,0.1278825995807128,0.2,0.10920335429769391,0.015254598987300428,0.14925373134328357,False,0.1488469601677149,60,0.8,0.10938155136268342,0.015446310410252583,0.004975124378109453,True,0.0209643605870021
YFT,23,26,477,43,10,0.10062893081761007,0.5,0.11145702306079663,0.016038822003981178,0.7611940298507462,False,0.12159329140461216,75,0.2,0.11144654088050313,0.017407887277304385,0.2885572139303483,False,0.020964360587002087
YFT,23,27,477,43,10,0.11320754716981132,0.8,0.11101677148846961,0.013754955840547619,0.47761194029850745,False,0.13417190775681342,90,0.2,0.10961215932914045,0.014067838838277386,0.05472636815920398,False,0.0209643605870021
YFT,23,28,477,43,10,0.10062893081761007,0.2,0.11120545073375261,0.014737822535561064,0.7960199004975125,False,0.13626834381551362,75,0.2,0.11113207547169811,0.016324368255842773,0.06467661691542288,False,0.03563941299790355
YFT,23,29,477,43,10,0.12368972746331237,0.2,0.11,0.014756711137152611,0.19402985074626866,False,0.1278825995807128,90,0.2,0.11160377358490564,0.01558090048104263,0.17412935323383086,False,0.004192872117400423
YFT,23,30,477,43,10,0.11530398322851153,0.5,0.11011530398322851,0.014862634371203288,0.3681592039800995,False,0.15513626834381553,90,0.2,0.11154088050314465,0.015883180527825502,0.004975124378109453,True,0.039832285115304
YFT,23,31,477,43,10,0.1111111111111111,0.8,0.11094339622641508,0.013407047143779301,0.5323383084577115,False,0.1278825995807128,90,0.2,0.10995807127882598,0.014527195836978916,0.12935323383084577,False,0.016771488469601692
YFT,23,32,477,43,10,0.09853249475890985,0.2,0.11063941299790357,0.016814149754416672,0.7661691542288557,False,0.12578616352201258,100,0.2,0.11068134171907755,0.01612879148350921,0.19402985074626866,False,0.02725366876310273
YFT,23,33,477,43,10,0.1509433962264151,0.5,0.109895178197065,0.015444769688030718,0.004975124378109453,True,0.18029350104821804,90,0.5,0.1120125786163522,0.018374541021813445,0.004975124378109453,True,0.029350104821802947
YFT,23,34,477,43,10,0.1509433962264151,0.2,0.11128930817610062,0.015301706520385603,0.009950248756218905,True,0.1509433962264151,900,0.2,0.11128930817610062,0.015301706520385603,0.009950248756218905,True,0.0
YFT,23,35,477,43,10,0.10482180293501048,0.8,0.10984276729559748,0.016791094883822213,0.6368159203980099,False,0.13836477987421383,100,0.2,0.1119182389937107,0.017069967998739315,0.07462686567164178,False,0.033542976939203356
YFT,23,36,477,43,10,0.11740041928721175,0.2,0.11230607966457022,0.01493611670149884,0.36318407960199006,False,0.14465408805031446,300,0.2,0.11041928721174005,0.016453897535643046,0.024875621890547265,True,0.027253668763102715
YFT,23,37,477,43,10,0.10482180293501048,0.8,0.11206498951781971,0.016564515034087283,0.6517412935323383,False,0.129979035639413,100,0.2,0.11028301886792452,0.017527317245874516,0.12935323383084577,False,0.02515723270440251
YFT,23,38,477,43,10,0.11949685534591195,0.2,0.10865828092243188,0.016175025710372114,0.24875621890547264,False,0.1320754716981132,225,0.5,0.10961215932914045,0.018430788265020294,0.12935323383084577,False,0.012578616352201255
YFT,23,39,477,43,10,0.1069182389937107,0.2,0.10821802935010481,0.01616744587210528,0.5522388059701493,False,0.1111111111111111,900,0.2,0.10839622641509433,0.016528476435208977,0.46766169154228854,False,0.004192872117400409
YFT,23,40,477,43,10,0.11320754716981132,0.2,0.11339622641509434,0.014824324603756427,0.5323383084577115,False,0.11320754716981132,900,0.2,0.11339622641509434,0.014824324603756427,0.5323383084577115,False,0.0
YFT,23,41,477,43,10,0.1090146750524109,0.8,0.11121593291404612,0.016367280756923532,0.5621890547263682,False,0.13836477987421383,150,0.8,0.11036687631027252,0.015426938319554396,0.05472636815920398,False,0.029350104821802933
YFT,23,42,477,43,10,0.11530398322851153,0.2,0.1099475890985325,0.016070352125106345,0.373134328358209,False,0.11740041928721175,900,0.5,0.11059748427672958,0.016569447550144823,0.32338308457711445,False,0.0020964360587002184
YFT,23,43,477,43,10,0.1111111111111111,0.2,0.1111111111111111,0.01691311105819869,0.4975124378109453,False,0.12159329140461216,450,0.8,0.11062893081761006,0.01581687143645198,0.27860696517412936,False,0.01048218029350105
YFT,23,44,477,43,10,0.12159329140461216,0.8,0.11058700209643604,0.01576798000569977,0.25870646766169153,False,0.1509433962264151,100,0.2,0.11285115303983229,0.015245793805888799,0.014925373134328358,True,0.029350104821802933
YFT,23,45,477,43,10,0.10272536687631027,0.8,0.11006289308176101,0.01603637417851197,0.6865671641791045,False,0.1111111111111111,90,0.8,0.11076519916142559,0.01645881959159747,0.4925373134328358,False,0.008385744234800832
YFT,23,46,477,43,10,0.12159329140461216,0.5,0.10976939203354298,0.015610727650038951,0.23383084577114427,False,0.1320754716981132,300,0.8,0.11110062893081761,0.016087933678348883,0.10945273631840796,False,0.01048218029350105
YFT,23,47,477,43,10,0.11530398322851153,0.2,0.11023060796645703,0.017862395889671416,0.39800995024875624,False,0.129979035639413,450,0.2,0.11137316561844862,0.01741105560487419,0.16417910447761194,False,0.01467505241090146
YFT,23,48,477,43,10,0.11949685534591195,0.2,0.1110901467505241,0.01732847488675739,0.35323383084577115,False,0.13836477987421383,300,0.2,0.11053459119496853,0.017015877805762216,0.06965174129353234,False,0.018867924528301883
YFT,23,49,477,43,10,0.11949685534591195,0.5,0.11131027253668763,0.01659355575548213,0.31343283582089554,False,0.1320754716981132,100,0.2,0.11059748427672955,0.016512032773229417,0.12437810945273632,False,0.012578616352201255
YFT,23,50,477,43,10,0.1111111111111111,0.2,0.11161425576519916,0.01742792144712886,0.5323383084577115,False,0.15723270440251572,60,0.2,0.11081761006289308,0.0159798635922936,0.004975124378109453,True,0.04612159329140461
YFT,23,51,477,43,10,0.14046121593291405,0.5,0.11071278825995806,0.01609602091860757,0.04477611940298507,True,0.14675052410901468,150,0.2,0.11169811320754718,0.017387220327825574,0.03482587064676617,True,0.0062893081761006275
YFT,23,52,477,43,10,0.129979035639413,0.2,0.10973794549266248,0.015223305209838167,0.11940298507462686,False,0.14675052410901468,100,0.8,0.1120754716981132,0.016330928624776107,0.029850746268656716,True,0.016771488469601692
YFT,23,70,477,43,10,0.09014675052410902,0.8,0.10973794549266248,0.017073745566455613,0.900497512437811,False,0.11949685534591195,90,0.2,0.11122641509433961,0.01659435432275319,0.32338308457711445,False,0.029350104821802933
YFT,23,71,477,43,10,0.11530398322851153,0.2,0.11085953878406707,0.018209187200559872,0.43283582089552236,False,0.129979035639413,60,0.5,0.11131027253668763,0.01810828366237473,0.15920398009950248,False,0.01467505241090146
YFT,23,72,477,43,10,0.10062893081761007,0.8,0.1120964360587002,0.016320200714286984,0.7761194029850746,False,0.1278825995807128,75,0.2,0.11097484276729559,0.01831743985035152,0.1791044776119403,False,0.02725366876310273
YFT,23,73,477,43,10,0.0880503144654088,0.8,0.10941299790356393,0.016553301426809205,0.9054726368159204,False,0.12368972746331237,75,0.2,0.10854297693920335,0.015357404885448928,0.1791044776119403,False,0.035639412997903575
YFT,23,74,477,43,10,0.07966457023060797,0.8,0.1121488469601677,0.01600604316530527,0.9651741293532339,False,0.11320754716981132,75,0.5,0.11156184486373165,0.017465439382132377,0.4925373134328358,False,0.033542976939203356
YFT,23,75,477,43,10,0.1278825995807128,0.5,0.11237945492662473,0.01760777705753174,0.208955223880597,False,0.1488469601677149,90,0.2,0.10951781970649895,0.01516901091857657,0.004975124378109453,True,0.0209643605870021
YFT,23,76,477,43,10,0.1278825995807128,0.2,0.11138364779874213,0.01615890576168847,0.16417910447761194,False,0.13836477987421383,100,0.2,0.11228511530398322,0.01815827188071721,0.0845771144278607,False,0.010482180293501037
YFT,23,77,477,43,10,0.1111111111111111,0.2,0.11175052410901469,0.01766825646745572,0.5422885572139303,False,0.1509433962264151,60,0.5,0.11274633123689727,0.01878305684148345,0.03482587064676617,True,0.039832285115303984
YFT,23,78,477,43,10,0.1069182389937107,0.2,0.11018867924528301,0.016325247633529147,0.6268656716417911,False,0.1488469601677149,75,0.2,0.1119496855345912,0.0177739450628178,0.024875621890547265,True,0.0419287211740042
YFT,24,25,477,43,10,0.13836477987421383,0.8,0.10818658280922432,0.014704216266605905,0.03482587064676617,True,0.1530398322851153,75,0.5,0.10850104821802935,0.0165561130443495,0.004975124378109453,True,0.014675052410901473
YFT,24,26,477,43,10,0.10482180293501048,0.2,0.11030398322851152,0.016644162208926883,0.6218905472636815,False,0.1278825995807128,60,0.2,0.11127882599580712,0.01717661202980838,0.20398009950248755,False,0.02306079664570232
YFT,24,27,477,43,10,0.09853249475890985,0.2,0.11192872117400418,0.01114848673680694,0.8805970149253731,False,0.10062893081761007,300,0.2,0.11186582809224319,0.011588033167321167,0.8557213930348259,False,0.0020964360587002184
YFT,24,28,477,43,10,0.12159329140461216,0.2,0.11080712788259958,0.015693073130687126,0.27860696517412936,False,0.14465408805031446,100,0.8,0.11124737945492662,0.01507969712015729,0.01990049751243781,True,0.023060796645702306
YFT,24,29,477,43,10,0.11320754716981132,0.5,0.11037735849056603,0.012270652466849842,0.4427860696517413,False,0.11740041928721175,60,0.2,0.11053459119496853,0.01158783781077787,0.31343283582089554,False,0.004192872117400423
YFT,24,30,477,43,10,0.11530398322851153,0.2,0.11139412997903564,0.015515132249002868,0.4129353233830846,False,0.13626834381551362,90,0.2,0.11133123689727462,0.015496216759808829,0.05970149253731343,False,0.020964360587002087
YFT,24,31,477,43,10,0.10482180293501048,0.5,0.11230607966457024,0.011058421232191603,0.7661691542288557,False,0.1111111111111111,60,0.5,0.11122641509433961,0.010221244715553761,0.527363184079602,False,0.0062893081761006275
YFT,24,32,477,43,10,0.09224318658280922,0.5,0.11066037735849056,0.01638633300613836,0.8805970149253731,False,0.129979035639413,300,0.2,0.11069182389937109,0.017087196364389826,0.17412935323383086,False,0.037735849056603765
YFT,24,33,477,43,10,0.14465408805031446,0.2,0.10832285115303984,0.015144049587664262,0.004975124378109453,True,0.16142557651991615,90,0.8,0.1111635220125786,0.017364694206925765,0.004975124378109453,True,0.016771488469601692
YFT,24,34,477,43,10,0.1320754716981132,0.2,0.11136268343815513,0.017069815972952745,0.12935323383084577,False,0.14255765199161424,150,0.5,0.1100314465408805,0.01756517926126942,0.04477611940298507,True,0.010482180293501037
YFT,24,35,477,43,10,0.11320754716981132,0.5,0.11098532494758909,0.018115651858683524,0.43781094527363185,False,0.1320754716981132,100,0.5,0.11178197064989519,0.017050656355122706,0.11442786069651742,False,0.018867924528301883
YFT,24,36,477,43,10,0.1320754716981132,0.8,0.11120545073375261,0.01697476119516253,0.14427860696517414,False,0.14046121593291405,75,0.5,0.11190775681341719,0.016522813240913363,0.04975124378109453,True,0.008385744234800846
YFT,24,37,477,43,10,0.09433962264150944,0.8,0.11011530398322851,0.0151991160166528,0.845771144278607,False,0.12159329140461216,75,0.5,0.11139412997903562,0.01799091510445061,0.32338308457711445,False,0.027253668763102715
YFT,24,38,477,43,10,0.10482180293501048,0.2,0.10834381551362682,0.0169114917513943,0.5870646766169154,False,0.129979035639413,225,0.8,0.10974842767295598,0.018533999608937632,0.15422885572139303,False,0.02515723270440251
YFT,24,39,477,43,10,0.10482180293501048,0.8,0.10976939203354298,0.016410794331398977,0.6368159203980099,False,0.1278825995807128,450,0.8,0.10943396226415093,0.01760163299174037,0.1691542288557214,False,0.02306079664570232
YFT,24,40,477,43,10,0.12578616352201258,0.5,0.11242138364779873,0.015749322622128702,0.208955223880597,False,0.13836477987421383,150,0.8,0.11172955974842766,0.018687143630826724,0.08955223880597014,False,0.012578616352201255
YFT,24,41,477,43,10,0.1069182389937107,0.5,0.11077568134171908,0.016968439985835363,0.6368159203980099,False,0.129979035639413,150,0.8,0.109853249475891,0.016151646535969552,0.12935323383084577,False,0.02306079664570229
YFT,24,42,477,43,10,0.10482180293501048,0.2,0.11066037735849057,0.016750243990295417,0.6169154228855721,False,0.11530398322851153,300,0.2,0.10948637316561845,0.017930366186539686,0.40298507462686567,False,0.01048218029350105
YFT,24,43,477,43,10,0.1320754716981132,0.2,0.11357442348008386,0.017512870888657023,0.1791044776119403,False,0.1320754716981132,900,0.2,0.11357442348008386,0.017512870888657023,0.1791044776119403,False,0.0
YFT,24,44,477,43,10,0.11740041928721175,0.2,0.10925576519916141,0.013651613331377635,0.3034825870646766,False,0.13836477987421383,100,0.2,0.11146750524109013,0.01564333243295385,0.04477611940298507,True,0.020964360587002087
YFT,24,45,477,43,10,0.09433962264150944,0.5,0.10885744234800838,0.015136504281863554,0.8159203980099502,False,0.09853249475890985,60,0.2,0.11097484276729559,0.016136704273822383,0.7860696517412935,False,0.004192872117400409
YFT,24,46,477,43,10,0.12578616352201258,0.2,0.11033542976939202,0.015011045401895646,0.18407960199004975,False,0.1278825995807128,100,0.8,0.11226415094339622,0.017283502115035793,0.18407960199004975,False,0.0020964360587002184
YFT,24,47,477,43,10,0.129979035639413,0.5,0.10920335429769391,0.01570544238226079,0.11940298507462686,False,0.13626834381551362,450,0.8,0.1120754716981132,0.018629192702816762,0.09950248756218906,False,0.0062893081761006275
YFT,24,48,477,43,10,0.12159329140461216,0.2,0.10988469601677149,0.018072488338369108,0.2835820895522388,False,0.13836477987421383,300,0.8,0.11025157232704402,0.0166315681896675,0.0845771144278607,False,0.016771488469601678
YFT,24,49,477,43,10,0.09224318658280922,0.2,0.11170859538784068,0.016946217359081892,0.900497512437811,False,0.1278825995807128,100,0.2,0.110041928721174,0.016727962545986432,0.17412935323383086,False,0.035639412997903575
YFT,24,50,477,43,10,0.13417190775681342,0.2,0.11229559748427671,0.017352149028349112,0.09950248756218906,False,0.16771488469601678,225,0.5,0.1111425576519916,0.017170332974645815,0.004975124378109453,True,0.033542976939203356
YFT,24,51,477,43,10,0.14255765199161424,0.2,0.11227463312368972,0.016283333194053024,0.05970149253731343,False,0.14675052410901468,150,0.5,0.1111111111111111,0.018349872055164265,0.03980099502487562,True,0.004192872117400437
YFT,24,52,477,43,10,0.12159329140461216,0.5,0.1119496855345912,0.015320779269457761,0.2835820895522388,False,0.13417190775681342,60,0.5,0.11183438155136267,0.018281860758878735,0.11940298507462686,False,0.012578616352201269
YFT,24,70,477,43,10,0.1069182389937107,0.2,0.1100524109014675,0.016547439853356816,0.582089552238806,False,0.12368972746331237,300,0.5,0.11031446540880503,0.017198713531763856,0.263681592039801,False,0.016771488469601678
YFT,24,71,477,43,10,0.10272536687631027,0.2,0.11190775681341719,0.0174346619489024,0.7114427860696517,False,0.129979035639413,150,0.8,0.11068134171907756,0.01794373795727585,0.15422885572139303,False,0.027253668763102715
YFT,24,72,477,43,10,0.11949685534591195,0.8,0.1121174004192872,0.016137912070378183,0.3582089552238806,False,0.13417190775681342,100,0.8,0.11179245283018867,0.018069628493780184,0.11442786069651742,False,0.014675052410901473
YFT,24,73,477,43,10,0.0880503144654088,0.8,0.10907756813417191,0.01662455521192274,0.9054726368159204,False,0.11740041928721175,180,0.2,0.11104821802935011,0.014914512434887058,0.3482587064676617,False,0.029350104821802947
YFT,24,74,477,43,10,0.0880503144654088,0.2,0.11077568134171908,0.015074368714453907,0.945273631840796,False,0.09853249475890985,225,0.5,0.11167714884696016,0.018033869725928343,0.7661691542288557,False,0.01048218029350105
YFT,24,75,477,43,10,0.1320754716981132,0.2,0.11186582809224317,0.015623455425911358,0.12935323383084577,False,0.14046121593291405,180,0.2,0.10941299790356393,0.016764099275068698,0.03980099502487562,True,0.008385744234800846
YFT,24,76,477,43,10,0.12578616352201258,0.5,0.11036687631027255,0.016148771336201122,0.1890547263681592,False,0.13626834381551362,300,0.2,0.10975890985324945,0.017933396024635624,0.08955223880597014,False,0.010482180293501037
YFT,24,77,477,43,10,0.09853249475890985,0.5,0.1120125786163522,0.016703545891618383,0.7960199004975125,False,0.14255765199161424,75,0.2,0.11154088050314463,0.018184594512385334,0.06965174129353234,False,0.04402515723270439
YFT,24,78,477,43,10,0.12368972746331237,0.5,0.110083857442348,0.01738192269042201,0.24378109452736318,False,0.14046121593291405,75,0.2,0.1119182389937107,0.018902047086288704,0.0845771144278607,False,0.016771488469601678
YFT,25,26,477,43,10,0.11530398322851153,0.2,0.11140461215932915,0.016159903479372902,0.4079601990049751,False,0.14046121593291405,75,0.2,0.11033542976939202,0.017291882751023478,0.06965174129353234,False,0.025157232704402524
YFT,25,27,477,43,10,0.13626834381551362,0.5,0.1079769392033543,0.014297715082710905,0.04477611940298507,True,0.14675052410901468,60,0.8,0.10873165618448638,0.016097787424313673,0.014925373134328358,True,0.010482180293501064
YFT,25,28,477,43,10,0.13417190775681342,0.5,0.10953878406708595,0.01608553451694242,0.08955223880597014,False,0.15932914046121593,100,0.5,0.11039832285115303,0.017094226260822243,0.004975124378109453,True,0.02515723270440251
YFT,25,29,477,43,10,0.13417190775681342,0.8,0.10811320754716981,0.015456419598172944,0.06467661691542288,False,0.15513626834381553,75,0.2,0.10939203354297694,0.01565977155737848,0.004975124378109453,True,0.0209643605870021
YFT,25,30,477,43,10,0.11949685534591195,0.2,0.11041928721174005,0.015491530612721809,0.30845771144278605,False,0.14046121593291405,75,0.8,0.11129979035639412,0.016209234185622028,0.04975124378109453,True,0.0209643605870021
YFT,25,31,477,43,10,0.13836477987421383,0.5,0.1079874213836478,0.01429152336560928,0.03482587064676617,True,0.1509433962264151,75,0.5,0.10846960167714885,0.016423171025378124,0.014925373134328358,True,0.012578616352201255
YFT,25,32,477,43,10,0.1090146750524109,0.5,0.11071278825995806,0.017505242667220717,0.5323383084577115,False,0.14255765199161424,100,0.2,0.11075471698113207,0.016467314811260538,0.029850746268656716,True,0.03354297693920334
YFT,25,33,477,43,10,0.1488469601677149,0.2,0.10932914046121592,0.016931056701047293,0.014925373134328358,True,0.1740041928721174,60,0.8,0.11088050314465409,0.017278441105044097,0.004975124378109453,True,0.02515723270440251
YFT,25,34,477,43,10,0.14675052410901468,0.2,0.11011530398322851,0.016047302155530647,0.024875621890547265,True,0.14675052410901468,900,0.2,0.11011530398322851,0.016047302155530647,0.024875621890547265,True,0.0
YFT,25,35,477,43,10,0.11530398322851153,0.2,0.10837526205450733,0.01824872979805981,0.40298507462686567,False,0.14046121593291405,100,0.8,0.1119182389937107,0.016445261087597092,0.0845771144278607,False,0.025157232704402524
YFT,25,36,477,43,10,0.129979035639413,0.2,0.11107966457023061,0.016597388527971914,0.13930348258706468,False,0.14675052410901468,75,0.5,0.11142557651991615,0.016693282363907293,0.024875621890547265,True,0.016771488469601692
YFT,25,37,477,43,10,0.1090146750524109,0.2,0.109853249475891,0.016562118234283888,0.5174129353233831,False,0.13836477987421383,75,0.5,0.11035639412997904,0.01709370945514741,0.0845771144278607,False,0.029350104821802933
YFT,25,38,477,43,10,0.1320754716981132,0.2,0.10842767295597483,0.018654451287332077,0.11940298507462686,False,0.13417190775681342,450,0.8,0.10819706498951781,0.01814872152535723,0.1044776119402985,False,0.0020964360587002184
YFT,25,39,477,43,10,0.11949685534591195,0.2,0.10675052410901469,0.017786813591620494,0.25870646766169153,False,0.12159329140461216,100,0.2,0.10962264150943395,0.01816185956952269,0.30845771144278605,False,0.0020964360587002046
YFT,25,40,477,43,10,0.1069182389937107,0.2,0.10957023060796646,0.016334495142058505,0.6069651741293532,False,0.13836477987421383,60,0.8,0.10885744234800838,0.01694303705993104,0.0845771144278607,False,0.03144654088050314
YFT,25,41,477,43,10,0.129979035639413,0.2,0.11045073375262053,0.01670760128833372,0.15422885572139303,False,0.1320754716981132,150,0.5,0.1110272536687631,0.01658455923635742,0.13432835820895522,False,0.0020964360587002184
YFT,25,42,477,43,10,0.11740041928721175,0.5,0.10926624737945492,0.01681956385105868,0.3333333333333333,False,0.129979035639413,75,0.2,0.11078616352201259,0.01632316072545165,0.14925373134328357,False,0.012578616352201241
YFT,25,43,477,43,10,0.10482180293501048,0.2,0.11124737945492662,0.017810039697115986,0.6368159203980099,False,0.129979035639413,75,0.2,0.11007337526205449,0.018769927069564905,0.1691542288557214,False,0.02515723270440251
YFT,25,44,477,43,10,0.10482180293501048,0.5,0.10923480083857441,0.01637894534685224,0.6616915422885572,False,0.14255765199161424,60,0.2,0.10940251572327042,0.016176346697013726,0.04477611940298507,True,0.037735849056603765
YFT,25,45,477,43,10,0.12159329140461216,0.8,0.10833333333333332,0.016762185588223705,0.21890547263681592,False,0.13417190775681342,90,0.8,0.10986373165618447,0.01672678415166779,0.0845771144278607,False,0.012578616352201269
YFT,25,46,477,43,10,0.12159329140461216,0.2,0.1090880503144654,0.015554512967556215,0.22388059701492538,False,0.13417190775681342,75,0.8,0.11181341719077569,0.01620799082474254,0.0945273631840796,False,0.012578616352201269
YFT,25,47,477,43,10,0.13417190775681342,0.5,0.11016771488469601,0.017424765692408715,0.1044776119402985,False,0.1509433962264151,450,0.8,0.11170859538784067,0.017033313234522972,0.029850746268656716,True,0.016771488469601664
YFT,25,48,477,43,10,0.13417190775681342,0.2,0.11088050314465407,0.017538518840105814,0.07960199004975124,False,0.14675052410901468,300,0.2,0.11080712788259958,0.01655464559299022,0.024875621890547265,True,0.012578616352201255
YFT,25,49,477,43,10,0.12578616352201258,0.2,0.11112159329140461,0.017853908854562277,0.208955223880597,False,0.13417190775681342,100,0.2,0.10974842767295596,0.017441235228875855,0.11442786069651742,False,0.008385744234800846
YFT,25,50,477,43,10,0.13836477987421383,0.5,0.10975890985324949,0.017752681022101938,0.05970149253731343,False,0.15723270440251572,225,0.5,0.11006289308176101,0.016778071461757523,0.004975124378109453,True,0.018867924528301883
YFT,25,51,477,43,10,0.13836477987421383,0.2,0.11087002096436059,0.016084748447758115,0.06467661691542288,False,0.14465408805031446,300,0.5,0.1101781970649895,0.016123861139498187,0.04477611940298507,True,0.0062893081761006275
YFT,25,52,477,43,10,0.1278825995807128,0.8,0.1100314465408805,0.017089752143812868,0.1791044776119403,False,0.1509433962264151,100,0.8,0.11215932914046121,0.01598533574149382,0.014925373134328358,True,0.02306079664570229
YFT,25,70,477,43,10,0.12578616352201258,0.8,0.10839622641509435,0.0166999590031728,0.1791044776119403,False,0.1320754716981132,300,0.8,0.10924528301886792,0.015867171218212836,0.0945273631840796,False,0.0062893081761006275
YFT,25,71,477,43,10,0.12578616352201258,0.2,0.11076519916142559,0.018228846549628287,0.24875621890547264,False,0.14255765199161424,180,0.8,0.10921383647798741,0.017734881840922933,0.04477611940298507,True,0.016771488469601664
YFT,25,72,477,43,10,0.1111111111111111,0.5,0.11129979035639412,0.016247340373967523,0.5472636815920398,False,0.13836477987421383,225,0.8,0.11032494758909853,0.017795599458980096,0.05970149253731343,False,0.02725366876310273
YFT,25,73,477,43,10,0.09643605870020965,0.5,0.11042976939203353,0.01710520146214894,0.835820895522388,False,0.12159329140461216,180,0.2,0.10969601677148846,0.015611997357917422,0.25870646766169153,False,0.02515723270440251
YFT,25,74,477,43,10,0.07966457023060797,0.2,0.10868972746331236,0.01652085823650871,0.9651741293532339,False,0.1090146750524109,225,0.2,0.1100733752620545,0.016611381279204918,0.5174129353233831,False,0.029350104821802933
YFT,25,75,477,43,10,0.14675052410901468,0.2,0.1100524109014675,0.017249282672373644,0.04975124378109453,True,0.14675052410901468,900,0.2,0.1100524109014675,0.017249282672373644,0.04975124378109453,True,0.0
YFT,25,76,477,43,10,0.14465408805031446,0.2,0.11053459119496856,0.017689169401864036,0.024875621890547265,True,0.1488469601677149,180,0.8,0.10885744234800838,0.0164617177825515,0.014925373134328358,True,0.004192872117400437
YFT,25,77,477,43,10,0.12368972746331237,0.8,0.11112159329140461,0.017178074562476466,0.27860696517412936,False,0.16561844863731656,60,0.8,0.11018867924528301,0.0184514623567145,0.004975124378109453,True,0.04192872117400419
YFT,25,78,477,43,10,0.11949685534591195,0.2,0.10970649895178199,0.017149267061325156,0.2935323383084577,False,0.16561844863731656,75,0.8,0.11097484276729559,0.017676854503271743,0.004975124378109453,True,0.04612159329140461
YFT,26,27,477,43,10,0.09643605870020965,0.5,0.11057651991614253,0.016283740089363397,0.8109452736318408,False,0.1278825995807128,60,0.2,0.11153039832285115,0.01677938775026712,0.19402985074626866,False,0.03144654088050315
YFT,26,28,477,43,10,0.1069182389937107,0.2,0.11085953878406707,0.016334606688806916,0.6268656716417911,False,0.11949685534591195,60,0.2,0.11265199161425576,0.01601222361898966,0.36318407960199006,False,0.012578616352201255
YFT,26,29,477,43,10,0.1111111111111111,0.2,0.11117400419287211,0.016651103925977653,0.5074626865671642,False,0.129979035639413,60,0.2,0.11118448637316561,0.017498917458151513,0.17412935323383086,False,0.018867924528301883
YFT,26,30,477,43,10,0.1069182389937107,0.2,0.11075471698113208,0.015394280511371677,0.5920398009950248,False,0.13626834381551362,60,0.2,0.1110167714884696,0.0174558515796942,0.05970149253731343,False,0.02935010482180292
YFT,26,31,477,43,10,0.10482180293501048,0.2,0.11042976939203353,0.016604652397306637,0.6119402985074627,False,0.12578616352201258,60,0.2,0.1111111111111111,0.016758314727509493,0.23383084577114427,False,0.0209643605870021
YFT,26,32,477,43,10,0.09014675052410902,0.5,0.1118448637316562,0.016567118119147763,0.9253731343283582,False,0.13417190775681342,75,0.2,0.10979035639412998,0.015562934166894542,0.07462686567164178,False,0.04402515723270441
YFT,26,33,477,43,10,0.12578616352201258,0.2,0.11082809224318659,0.017414530904749183,0.22885572139303484,False,0.13417190775681342,75,0.2,0.10969601677148846,0.016575364631886566,0.08955223880597014,False,0.008385744234800846
YFT,26,34,477,43,10,0.11320754716981132,0.5,0.11107966457023061,0.01601911863101059,0.4626865671641791,False,0.12578616352201258,60,0.5,0.11135220125786165,0.015730716819165796,0.21890547263681592,False,0.012578616352201255
YFT,26,35,477,43,10,0.10062893081761007,0.8,0.1100104821802935,0.01673977161219739,0.7114427860696517,False,0.12578616352201258,60,0.8,0.11124737945492663,0.017447980080769417,0.21393034825870647,False,0.02515723270440251
YFT,26,36,477,43,10,0.10272536687631027,0.5,0.11061844863731655,0.01796794431824275,0.7014925373134329,False,0.12578616352201258,180,0.2,0.1130083857442348,0.017275638380380442,0.2835820895522388,False,0.023060796645702306
YFT,26,37,477,43,10,0.0880503144654088,0.8,0.11139412997903562,0.015948926602671748,0.9303482587064676,False,0.11530398322851153,75,0.2,0.11026205450733753,0.015899580025760595,0.3880597014925373,False,0.02725366876310273
YFT,26,38,477,43,10,0.1090146750524109,0.8,0.11068134171907758,0.017527821266681124,0.5323383084577115,False,0.11530398322851153,60,0.2,0.11084905660377357,0.016162496573875907,0.4527363184079602,False,0.0062893081761006275
YFT,26,39,477,43,10,0.11530398322851153,0.5,0.11039832285115303,0.017016530009901023,0.4228855721393035,False,0.11740041928721175,60,0.2,0.1099475890985325,0.01749679697620701,0.3482587064676617,False,0.0020964360587002184
YFT,26,40,477,43,10,0.09853249475890985,0.8,0.11039832285115303,0.016533342893139354,0.7761194029850746,False,0.1111111111111111,75,0.8,0.1110691823899371,0.018043970474926636,0.5074626865671642,False,0.012578616352201255
YFT,26,41,477,43,10,0.09643605870020965,0.2,0.11238993710691822,0.016831679334520424,0.8208955223880597,False,0.14465408805031446,60,0.8,0.11156184486373165,0.016511203472171845,0.03482587064676617,True,0.048218029350104816
YFT,26,42,477,43,10,0.10062893081761007,0.2,0.1099056603773585,0.016518638942606145,0.7263681592039801,False,0.11949685534591195,60,0.2,0.11082809224318659,0.01649889281612911,0.34328358208955223,False,0.018867924528301883
YFT,26,43,477,43,10,0.11530398322851153,0.5,0.11079664570230607,0.01777239176288887,0.42786069651741293,False,0.11530398322851153,900,0.5,0.11079664570230607,0.01777239176288887,0.42786069651741293,False,0.0
YFT,26,44,477,43,10,0.10062893081761007,0.8,0.110125786163522,0.017168316631243675,0.7263681592039801,False,0.1278825995807128,60,0.2,0.11224318658280924,0.017155357500794312,0.21890547263681592,False,0.02725366876310273
YFT,26,45,477,43,10,0.09643605870020965,0.8,0.11064989517819708,0.016546322015433216,0.8059701492537313,False,0.12368972746331237,60,0.2,0.11133123689727462,0.016833788479769254,0.23383084577114427,False,0.02725366876310273
YFT,26,46,477,43,10,0.11320754716981132,0.5,0.10957023060796646,0.016190539643906134,0.43781094527363185,False,0.12368972746331237,75,0.5,0.1129979035639413,0.01622531774460481,0.29850746268656714,False,0.01048218029350105
YFT,26,47,477,43,10,0.10272536687631027,0.2,0.11123689727463311,0.01593224867299253,0.6865671641791045,False,0.13626834381551362,90,0.2,0.11149895178197065,0.017633070909538615,0.1044776119402985,False,0.03354297693920334
YFT,26,48,477,43,10,0.11320754716981132,0.8,0.11155136268343817,0.017628702229578314,0.4527363184079602,False,0.13626834381551362,300,0.2,0.1110062893081761,0.017219491295094768,0.0845771144278607,False,0.02306079664570229
YFT,26,49,477,43,10,0.11740041928721175,0.8,0.11317610062893081,0.017597212579804122,0.44776119402985076,False,0.11740041928721175,900,0.8,0.11317610062893081,0.017597212579804122,0.44776119402985076,False,0.0
YFT,26,50,477,43,10,0.10062893081761007,0.8,0.11097484276729559,0.017098925245539794,0.7412935323383084,False,0.13417190775681342,180,0.5,0.1120020964360587,0.01763978310121604,0.12935323383084577,False,0.033542976939203356
YFT,26,51,477,43,10,0.1090146750524109,0.2,0.1120335429769392,0.016916558098313293,0.6119402985074627,False,0.13417190775681342,180,0.5,0.1130293501048218,0.017747554697052026,0.12437810945273632,False,0.025157232704402524
YFT,26,52,477,43,10,0.12368972746331237,0.2,0.11067085953878406,0.015510736598290878,0.23383084577114427,False,0.13417190775681342,90,0.2,0.11138364779874213,0.016343730661612325,0.11442786069651742,False,0.01048218029350105
YFT,26,70,477,43,10,0.10062893081761007,0.8,0.11041928721174005,0.016290672701236825,0.7213930348258707,False,0.11949685534591195,60,0.5,0.11145702306079665,0.017165573123485066,0.3582089552238806,False,0.018867924528301883
YFT,26,71,477,43,10,0.12578616352201258,0.8,0.11134171907756812,0.016545828140596658,0.20398009950248755,False,0.13417190775681342,75,0.8,0.11075471698113208,0.01744042478491502,0.10945273631840796,False,0.008385744234800846
YFT,26,72,477,43,10,0.1090146750524109,0.8,0.1109643605870021,0.016063221308837156,0.5522388059701493,False,0.129979035639413,75,0.2,0.11048218029350104,0.017492129117187394,0.14925373134328357,False,0.020964360587002087
YFT,26,73,477,43,10,0.09853249475890985,0.8,0.11024109014675051,0.0165944607954858,0.7761194029850746,False,0.12159329140461216,75,0.5,0.11131027253668763,0.016628125160629725,0.2885572139303483,False,0.023060796645702306
YFT,26,74,477,43,10,0.1069182389937107,0.8,0.1110167714884696,0.016700620238680904,0.6417910447761194,False,0.1111111111111111,90,0.2,0.11273584905660376,0.01718699492296216,0.5572139303482587,False,0.004192872117400409
YFT,26,75,477,43,10,0.13417190775681342,0.5,0.11117400419287211,0.01696254283924091,0.11442786069651742,False,0.14255765199161424,90,0.5,0.11027253668763101,0.01628509972410847,0.029850746268656716,True,0.008385744234800818
YFT,26,76,477,43,10,0.129979035639413,0.2,0.11031446540880502,0.017483996050486145,0.13432835820895522,False,0.129979035639413,900,0.2,0.11031446540880502,0.017483996050486145,0.13432835820895522,False,0.0
YFT,26,77,477,43,10,0.10272536687631027,0.5,0.11066037735849056,0.016452243099002933,0.6865671641791045,False,0.1320754716981132,60,0.2,0.11245283018867924,0.01637711476842535,0.14427860696517414,False,0.029350104821802933
YFT,26,78,477,43,10,0.1111111111111111,0.2,0.10970649895178194,0.016123056391647992,0.5024875621890548,False,0.16142557651991615,75,0.2,0.11161425576519916,0.016135557981016523,0.009950248756218905,True,0.05031446540880505
YFT,27,28,477,43,10,0.11530398322851153,0.8,0.11013626834381551,0.014944051377141927,0.4079601990049751,False,0.14046121593291405,100,0.8,0.11143605870020963,0.015210968591089901,0.03482587064676617,True,0.025157232704402524
YFT,27,29,477,43,10,0.11530398322851153,0.5,0.11047169811320753,0.012251644556562932,0.38308457711442784,False,0.11530398322851153,60,0.2,0.11026205450733752,0.01158433036220155,0.3781094527363184,False,0.0
YFT,27,30,477,43,10,0.1090146750524109,0.2,0.10981132075471699,0.015029057936475259,0.5621890547263682,False,0.13626834381551362,90,0.2,0.11142557651991615,0.01602087293786016,0.07960199004975124,False,0.027253668763102715
YFT,27,31,477,43,10,0.10062893081761007,0.5,0.11039832285115303,0.010388932395429928,0.8756218905472637,False,0.1069182389937107,60,0.5,0.11009433962264151,0.010285390842784885,0.6716417910447762,False,0.0062893081761006275
YFT,27,32,477,43,10,0.09224318658280922,0.8,0.11064989517819704,0.016622230181982695,0.8606965174129353,False,0.1278825995807128,300,0.2,0.11063941299790356,0.016827279784435472,0.19900497512437812,False,0.035639412997903575
YFT,27,33,477,43,10,0.13626834381551362,0.8,0.10855345911949685,0.015112004431019326,0.05472636815920398,False,0.16142557651991615,90,0.8,0.11092243186582809,0.017290452198291825,0.004975124378109453,True,0.025157232704402538
YFT,27,34,477,43,10,0.1278825995807128,0.5,0.1110901467505241,0.016564771694453362,0.19402985074626866,False,0.13626834381551362,150,0.2,0.11071278825995806,0.01777442966461299,0.0945273631840796,False,0.008385744234800818
YFT,27,35,477,43,10,0.1069182389937107,0.8,0.11058700209643606,0.018311015266262543,0.5970149253731343,False,0.1278825995807128,100,0.5,0.11145702306079665,0.017462783657973872,0.1890547263681592,False,0.0209643605870021
YFT,27,36,477,43,10,0.1320754716981132,0.2,0.11119496855345912,0.01705982458673384,0.12935323383084577,False,0.14675052410901468,75,0.5,0.1119287211740042,0.01743241962766772,0.03482587064676617,True,0.014675052410901473
YFT,27,37,477,43,10,0.09433962264150944,0.8,0.11011530398322851,0.01502373362154116,0.8557213930348259,False,0.129979035639413,100,0.2,0.11072327044025157,0.017671856154290934,0.16417910447761194,False,0.03563941299790355
YFT,27,38,477,43,10,0.10272536687631027,0.8,0.10875262054507338,0.01692608277010839,0.6169154228855721,False,0.13417190775681342,225,0.5,0.109874213836478,0.01957760825662952,0.13432835820895522,False,0.03144654088050315
YFT,27,39,477,43,10,0.11949685534591195,0.5,0.1090461215932914,0.016423490408926107,0.2736318407960199,False,0.129979035639413,450,0.2,0.10967505241090146,0.01732412500955393,0.15920398009950248,False,0.010482180293501037
YFT,27,40,477,43,10,0.13417190775681342,0.5,0.11226415094339622,0.01596148501481808,0.12935323383084577,False,0.13417190775681342,150,0.8,0.11159329140461216,0.018644444356525663,0.12935323383084577,False,0.0
YFT,27,41,477,43,10,0.1069182389937107,0.5,0.1109853249475891,0.017170541991915395,0.6318407960199005,False,0.129979035639413,150,0.2,0.11019916142557651,0.015799921321468808,0.12437810945273632,False,0.02306079664570229
YFT,27,42,477,43,10,0.10062893081761007,0.8,0.110083857442348,0.017062607749718926,0.7213930348258707,False,0.1111111111111111,300,0.2,0.109895178197065,0.017543013841370213,0.4577114427860697,False,0.010482180293501037
YFT,27,43,477,43,10,0.1278825995807128,0.2,0.11276729559748427,0.017973612968331325,0.22388059701492538,False,0.1278825995807128,225,0.2,0.11150943396226415,0.017934002546578055,0.21393034825870647,False,0.0
YFT,27,44,477,43,10,0.10482180293501048,0.2,0.10939203354297693,0.013099423327379003,0.6766169154228856,False,0.1320754716981132,100,0.2,0.11084905660377357,0.014343888777024937,0.07960199004975124,False,0.02725366876310273
YFT,27,45,477,43,10,0.08176100628930817,0.5,0.10940251572327042,0.015237052386096888,0.9850746268656716,False,0.10272536687631027,300,0.2,0.11035639412997902,0.01580056780593396,0.7164179104477612,False,0.0209643605870021
YFT,27,46,477,43,10,0.11949685534591195,0.2,0.10933962264150943,0.01464582294218397,0.2935323383084577,False,0.1278825995807128,100,0.8,0.11231656184486372,0.017498993184897185,0.19402985074626866,False,0.008385744234800846
YFT,27,47,477,43,10,0.12368972746331237,0.2,0.11048218029350104,0.016244363148027574,0.22885572139303484,False,0.14465408805031446,225,0.2,0.11134171907756812,0.018413299738527112,0.04975124378109453,True,0.020964360587002087
YFT,27,48,477,43,10,0.11320754716981132,0.2,0.10939203354297693,0.017708913419236246,0.4626865671641791,False,0.13836477987421383,300,0.8,0.11024109014675051,0.01650906314794102,0.0845771144278607,False,0.02515723270440251
YFT,27,49,477,43,10,0.09224318658280922,0.8,0.11219077568134171,0.016653845985605417,0.9054726368159204,False,0.129979035639413,100,0.8,0.10968553459119496,0.017155254509223172,0.13432835820895522,False,0.037735849056603765
YFT,27,50,477,43,10,0.13417190775681342,0.2,0.1118763102725367,0.01718923071403716,0.09950248756218906,False,0.16771488469601678,225,0.5,0.11115303983228511,0.017291435716008465,0.004975124378109453,True,0.033542976939203356
YFT,27,51,477,43,10,0.14465408805031446,0.2,0.11166666666666666,0.01672068290052335,0.04477611940298507,True,0.14465408805031446,150,0.5,0.11080712788259958,0.018162841499781233,0.03980099502487562,True,0.0
YFT,27,52,477,43,10,0.11949685534591195,0.8,0.11113207547169811,0.01618305236855132,0.3283582089552239,False,0.13417190775681342,60,0.8,0.11127882599580712,0.018879462518930468,0.13930348258706468,False,0.014675052410901473
YFT,27,70,477,43,10,0.1090146750524109,0.8,0.10951781970649895,0.016331469568496293,0.5174129353233831,False,0.12159329140461216,300,0.5,0.11036687631027252,0.015867320847660887,0.2885572139303483,False,0.012578616352201255
YFT,27,71,477,43,10,0.09853249475890985,0.2,0.11153039832285115,0.017408597743247444,0.8059701492537313,False,0.129979035639413,150,0.5,0.11131027253668764,0.01788369619704337,0.17412935323383086,False,0.03144654088050314
YFT,27,72,477,43,10,0.11949685534591195,0.5,0.11118448637316561,0.016409902714597982,0.3333333333333333,False,0.1278825995807128,75,0.8,0.11174004192872117,0.018326989654043828,0.19900497512437812,False,0.008385744234800846
YFT,27,73,477,43,10,0.0880503144654088,0.2,0.10935010482180292,0.01671006313131113,0.9154228855721394,False,0.11530398322851153,180,0.5,0.1110691823899371,0.014707313803587148,0.4228855721393035,False,0.02725366876310273
YFT,27,74,477,43,10,0.08385744234800839,0.2,0.11024109014675051,0.014358262609756128,0.9850746268656716,False,0.1069182389937107,225,0.5,0.11198113207547168,0.017446967411574674,0.6368159203980099,False,0.023060796645702306
YFT,27,75,477,43,10,0.13417190775681342,0.5,0.1109643605870021,0.01573399126723113,0.0845771144278607,False,0.14255765199161424,180,0.2,0.10930817610062891,0.0164430618115607,0.03482587064676617,True,0.008385744234800818
YFT,27,76,477,43,10,0.1090146750524109,0.5,0.11081761006289309,0.015660166448435733,0.5621890547263682,False,0.13417190775681342,300,0.2,0.10963312368972745,0.01762019037234457,0.08955223880597014,False,0.025157232704402524
YFT,27,77,477,43,10,0.09433962264150944,0.2,0.11219077568134171,0.016316231765432555,0.8656716417910447,False,0.14465408805031446,75,0.2,0.11165618448637316,0.018120040257618722,0.04975124378109453,True,0.05031446540880502
YFT,27,78,477,43,10,0.11949685534591195,0.2,0.11115303983228511,0.017133612563329768,0.31840796019900497,False,0.14255765199161424,75,0.8,0.11148846960167715,0.01853877742487266,0.04975124378109453,True,0.02306079664570229
YFT,28,29,477,43,10,0.13417190775681342,0.5,0.1099475890985325,0.015679415891376995,0.07462686567164178,False,0.14255765199161424,100,0.8,0.11218029350104822,0.015069313227924595,0.029850746268656716,True,0.008385744234800818
YFT,28,30,477,43,10,0.14465408805031446,0.5,0.11059748427672955,0.015594389072895684,0.024875621890547265,True,0.16142557651991615,100,0.2,0.11351153039832287,0.017514081511995534,0.014925373134328358,True,0.016771488469601692
YFT,28,31,477,43,10,0.11949685534591195,0.5,0.11054507337526205,0.015327567459870956,0.3034825870646766,False,0.13836477987421383,100,0.5,0.11226415094339623,0.01572169013265019,0.04975124378109453,True,0.018867924528301883
YFT,28,32,477,43,10,0.09433962264150944,0.2,0.11034591194968552,0.016635534923778415,0.8258706467661692,False,0.12368972746331237,100,0.2,0.11052410901467505,0.01613407965633417,0.21890547263681592,False,0.029350104821802933
YFT,28,33,477,43,10,0.129979035639413,0.2,0.11228511530398322,0.017706269266514186,0.1791044776119403,False,0.16771488469601678,90,0.5,0.11366876310272536,0.017220017151385564,0.004975124378109453,True,0.03773584905660379
YFT,28,34,477,43,10,0.14465408805031446,0.2,0.11081761006289308,0.016538151163138552,0.03980099502487562,True,0.14675052410901468,150,0.2,0.1120335429769392,0.017706269266514186,0.029850746268656716,True,0.0020964360587002184
YFT,28,35,477,43,10,0.1278825995807128,0.5,0.10960167714884694,0.017572951133211563,0.1691542288557214,False,0.1488469601677149,150,0.2,0.10949685534591196,0.01725787508788631,0.014925373134328358,True,0.0209643605870021
YFT,28,36,477,43,10,0.10482180293501048,0.2,0.1120545073375262,0.01818514407675142,0.6567164179104478,False,0.15513626834381553,150,0.2,0.11436058700209645,0.018413251760862982,0.01990049751243781,True,0.05031446540880505
YFT,28,37,477,43,10,0.09224318658280922,0.8,0.1118448637316562,0.017207944060232648,0.9104477611940298,False,0.14675052410901468,100,0.2,0.11145702306079665,0.017310351161329857,0.03980099502487562,True,0.05450733752620546
YFT,28,38,477,43,10,0.11530398322851153,0.2,0.10851153039832286,0.017584359155676604,0.3880597014925373,False,0.13626834381551362,100,0.2,0.10964360587002096,0.018193946988009628,0.09950248756218906,False,0.020964360587002087
YFT,28,39,477,43,10,0.12368972746331237,0.5,0.10982180293501048,0.016862994132135288,0.208955223880597,False,0.13836477987421383,60,0.2,0.1101781970649895,0.018913751094321696,0.08955223880597014,False,0.01467505241090146
YFT,28,40,477,43,10,0.12578616352201258,0.5,0.11175052410901466,0.016119066303695063,0.21393034825870647,False,0.12578616352201258,900,0.5,0.11175052410901466,0.016119066303695063,0.21393034825870647,False,0.0
YFT,28,41,477,43,10,0.10482180293501048,0.2,0.1120125786163522,0.017331686402998158,0.6467661691542289,False,0.13836477987421383,150,0.2,0.11020964360587002,0.01585424904632513,0.04975124378109453,True,0.033542976939203356
YFT,28,42,477,43,10,0.1111111111111111,0.8,0.10929769392033542,0.01651895982281262,0.4527363184079602,False,0.11740041928721175,100,0.2,0.10954926624737943,0.01768799573461474,0.3582089552238806,False,0.006289308176100641
YFT,28,43,477,43,10,0.12368972746331237,0.5,0.11208595387840671,0.018178010593705416,0.34328358208955223,False,0.129979035639413,180,0.8,0.1108595387840671,0.016482664179523304,0.10945273631840796,False,0.006289308176100614
YFT,28,44,477,43,10,0.1320754716981132,0.5,0.1120964360587002,0.01727092353605915,0.14427860696517414,False,0.16771488469601678,100,0.2,0.11314465408805031,0.017057325825727852,0.009950248756218905,True,0.035639412997903575
YFT,28,45,477,43,10,0.0880503144654088,0.5,0.10828092243186582,0.016794846412664387,0.9104477611940298,False,0.1278825995807128,100,0.2,0.11248427672955973,0.018575478481325347,0.22388059701492538,False,0.039832285115304
YFT,28,46,477,43,10,0.11740041928721175,0.2,0.10948637316561843,0.01513139657572861,0.31343283582089554,False,0.1320754716981132,75,0.8,0.11172955974842766,0.01639565719237951,0.13930348258706468,False,0.01467505241090146
YFT,28,47,477,43,10,0.12578616352201258,0.8,0.11137316561844862,0.01691694649913972,0.21890547263681592,False,0.14046121593291405,450,0.2,0.11226415094339622,0.01704934805585054,0.06467661691542288,False,0.014675052410901473
YFT,28,48,477,43,10,0.11949685534591195,0.5,0.10977987421383649,0.017699454387724287,0.3333333333333333,False,0.14675052410901468,300,0.2,0.11022012578616351,0.01652933159265554,0.024875621890547265,True,0.02725366876310273
YFT,28,49,477,43,10,0.1320754716981132,0.2,0.11137316561844862,0.016555365994456766,0.14427860696517414,False,0.13626834381551362,100,0.2,0.11115303983228511,0.01720693009966328,0.06965174129353234,False,0.004192872117400409
YFT,28,50,477,43,10,0.12368972746331237,0.8,0.11051362683438155,0.01858591468845092,0.2835820895522388,False,0.16981132075471697,60,0.8,0.1108909853249476,0.016439512130349693,0.004975124378109453,True,0.0461215932914046
YFT,28,51,477,43,10,0.14465408805031446,0.2,0.10936058700209643,0.01687752566307985,0.029850746268656716,True,0.1488469601677149,150,0.2,0.11190775681341718,0.017191006932691433,0.029850746268656716,True,0.004192872117400437
YFT,28,52,477,43,10,0.13626834381551362,0.5,0.11118448637316561,0.015810820658295588,0.06467661691542288,False,0.1488469601677149,75,0.5,0.1140775681341719,0.018008829147002893,0.03482587064676617,True,0.012578616352201283
YFT,28,70,477,43,10,0.10482180293501048,0.5,0.10988469601677149,0.017843737649878375,0.6567164179104478,False,0.12368972746331237,150,0.5,0.11177148846960168,0.018878547109431838,0.3034825870646766,False,0.018867924528301896
YFT,28,71,477,43,10,0.12578616352201258,0.5,0.11153039832285115,0.018361903970466102,0.23383084577114427,False,0.13836477987421383,180,0.8,0.10979035639412998,0.017238155776077596,0.05970149253731343,False,0.012578616352201255
YFT,28,72,477,43,10,0.12159329140461216,0.2,0.1120754716981132,0.017580088296215202,0.35323383084577115,False,0.14046121593291405,100,0.8,0.1121488469601677,0.018186659088090574,0.05970149253731343,False,0.018867924528301896
YFT,28,73,477,43,10,0.09224318658280922,0.5,0.10994758909853247,0.016907491790843436,0.8905472636815921,False,0.12368972746331237,75,0.2,0.10921383647798741,0.016151096150895255,0.21393034825870647,False,0.03144654088050315
YFT,28,74,477,43,10,0.0880503144654088,0.5,0.10951781970649895,0.01697468638246852,0.900497512437811,False,0.12578616352201258,150,0.8,0.11243186582809223,0.017729541716340072,0.25870646766169153,False,0.03773584905660378
YFT,28,75,477,43,10,0.14046121593291405,0.2,0.1111425576519916,0.018158074233192375,0.05472636815920398,False,0.14255765199161424,450,0.5,0.11142557651991612,0.016372677379336818,0.03980099502487562,True,0.0020964360587001907
YFT,28,76,477,43,10,0.11320754716981132,0.8,0.11078616352201259,0.017251971262356974,0.4079601990049751,False,0.13626834381551362,100,0.2,0.11113207547169811,0.018564051957073238,0.08955223880597014,False,0.02306079664570229
YFT,28,77,477,43,10,0.11740041928721175,0.5,0.11092243186582809,0.017141641305798504,0.3482587064676617,False,0.15513626834381553,60,0.5,0.1131341719077568,0.018044481483737,0.029850746268656716,True,0.03773584905660378
YFT,28,78,477,43,10,0.1320754716981132,0.2,0.11018867924528301,0.017104817336047632,0.12437810945273632,False,0.16981132075471697,75,0.2,0.11148846960167715,0.01847433404262459,0.004975124378109453,True,0.037735849056603765
YFT,29,30,477,43,10,0.11740041928721175,0.2,0.11090146750524109,0.015307799833473726,0.39303482587064675,False,0.13836477987421383,90,0.2,0.11232704402515722,0.01528088291779959,0.05472636815920398,False,0.020964360587002087
YFT,29,31,477,43,10,0.12578616352201258,0.5,0.11077568134171907,0.012393669287983597,0.1691542288557214,False,0.12578616352201258,900,0.5,0.11077568134171907,0.012393669287983597,0.1691542288557214,False,0.0
YFT,29,32,477,43,10,0.09014675052410902,0.2,0.11033542976939203,0.016126069709132468,0.900497512437811,False,0.1278825995807128,100,0.2,0.11062893081761006,0.016084106519973534,0.14925373134328357,False,0.03773584905660378
YFT,29,33,477,43,10,0.14046121593291405,0.8,0.10910901467505241,0.015722459235523872,0.01990049751243781,True,0.1530398322851153,90,0.8,0.11222222222222221,0.0179764635161275,0.014925373134328358,True,0.012578616352201255
YFT,29,34,477,43,10,0.13417190775681342,0.5,0.11167714884696017,0.016053869128358753,0.12437810945273632,False,0.14046121593291405,180,0.8,0.1129874213836478,0.017057957024005067,0.0945273631840796,False,0.0062893081761006275
YFT,29,35,477,43,10,0.11320754716981132,0.8,0.11051362683438155,0.01733279181704038,0.4427860696517413,False,0.1320754716981132,100,0.5,0.1129350104821803,0.01800518949967506,0.14925373134328357,False,0.018867924528301883
YFT,29,36,477,43,10,0.13417190775681342,0.8,0.11149895178197063,0.01686351800839961,0.13432835820895522,False,0.1488469601677149,75,0.2,0.11219077568134171,0.01681617244686873,0.01990049751243781,True,0.014675052410901473
YFT,29,37,477,43,10,0.09643605870020965,0.2,0.11095387840670858,0.015743010900555864,0.8308457711442786,False,0.15513626834381553,100,0.2,0.1121488469601677,0.01674644620199367,0.009950248756218905,True,0.05870020964360588
YFT,29,38,477,43,10,0.13417190775681342,0.5,0.1080712788259958,0.018200925579921583,0.1044776119402985,False,0.13417190775681342,900,0.5,0.1080712788259958,0.018200925579921583,0.1044776119402985,False,0.0
YFT,29,39,477,43,10,0.1069182389937107,0.2,0.10958071278825994,0.017537158780798468,0.5472636815920398,False,0.13626834381551362,60,0.2,0.11014675052410902,0.018824963644640612,0.10945273631840796,False,0.02935010482180292
YFT,29,40,477,43,10,0.12368972746331237,0.2,0.11112159329140461,0.015698842205932883,0.21393034825870647,False,0.14465408805031446,150,0.2,0.1120964360587002,0.01754999958240033,0.06467661691542288,False,0.020964360587002087
YFT,29,41,477,43,10,0.11320754716981132,0.8,0.11045073375262054,0.01709569584157451,0.43283582089552236,False,0.129979035639413,150,0.8,0.10980083857442346,0.016172741889838613,0.13432835820895522,False,0.016771488469601664
YFT,29,42,477,43,10,0.12159329140461216,0.5,0.11048218029350103,0.016824080284070918,0.30845771144278605,False,0.12159329140461216,900,0.5,0.11057651991614255,0.016940508035361006,0.31840796019900497,False,0.0
YFT,29,43,477,43,10,0.12578616352201258,0.8,0.11275681341719078,0.017508380762994335,0.2537313432835821,False,0.14255765199161424,225,0.2,0.11286163522012577,0.01801679884670857,0.07462686567164178,False,0.016771488469601664
YFT,29,44,477,43,10,0.1320754716981132,0.5,0.11020964360587002,0.014276865769663206,0.07960199004975124,False,0.14255765199161424,100,0.2,0.11118448637316561,0.016235356776621093,0.04477611940298507,True,0.010482180293501037
YFT,29,45,477,43,10,0.10482180293501048,0.2,0.10981132075471699,0.016658596273013238,0.6318407960199005,False,0.1090146750524109,60,0.2,0.11240041928721173,0.016223517478395972,0.6019900497512438,False,0.004192872117400423
YFT,29,46,477,43,10,0.12159329140461216,0.5,0.10993710691823899,0.014669242040832678,0.263681592039801,False,0.129979035639413,75,0.5,0.1118238993710692,0.01619321648509543,0.16417910447761194,False,0.008385744234800832
YFT,29,47,477,43,10,0.13417190775681342,0.8,0.11015723270440252,0.01679227862934913,0.0945273631840796,False,0.13417190775681342,900,0.8,0.11015723270440252,0.01679227862934913,0.0945273631840796,False,0.0
YFT,29,48,477,43,10,0.13626834381551362,0.2,0.10968553459119494,0.01785547052448372,0.0945273631840796,False,0.13836477987421383,300,0.8,0.11019916142557651,0.016360299610251608,0.0845771144278607,False,0.0020964360587002184
YFT,29,49,477,43,10,0.09853249475890985,0.5,0.1129664570230608,0.016965494923262176,0.8009950248756219,False,0.13836477987421383,100,0.2,0.11047169811320755,0.016622280007462586,0.06467661691542288,False,0.039832285115303984
YFT,29,50,477,43,10,0.14465408805031446,0.2,0.11229559748427671,0.017202588004114602,0.024875621890547265,True,0.16771488469601678,60,0.5,0.11141509433962263,0.016278856674387217,0.004975124378109453,True,0.02306079664570232
YFT,29,51,477,43,10,0.1530398322851153,0.5,0.11020964360587002,0.015463562438346633,0.009950248756218905,True,0.1530398322851153,900,0.5,0.11020964360587002,0.015463562438346633,0.009950248756218905,True,0.0
YFT,29,52,477,43,10,0.12368972746331237,0.2,0.1109538784067086,0.015419835805785823,0.19402985074626866,False,0.1530398322851153,60,0.8,0.11112159329140461,0.017736002595840836,0.009950248756218905,True,0.029350104821802933
YFT,29,70,477,43,10,0.11530398322851153,0.5,0.10973794549266248,0.017076332459401426,0.3781094527363184,False,0.11949685534591195,180,0.5,0.10986373165618447,0.017299273119474025,0.29850746268656714,False,0.004192872117400423
YFT,29,71,477,43,10,0.11740041928721175,0.2,0.11213836477987421,0.017522392830053333,0.38308457711442784,False,0.13417190775681342,150,0.2,0.11112159329140461,0.018316740521130453,0.14925373134328357,False,0.016771488469601678
YFT,29,72,477,43,10,0.1069182389937107,0.8,0.11257861635220126,0.016465826033102975,0.6766169154228856,False,0.1320754716981132,150,0.5,0.1129559748427673,0.018214038094198706,0.14925373134328357,False,0.02515723270440251
YFT,29,73,477,43,10,0.10062893081761007,0.5,0.10947589098532493,0.016216004570647445,0.736318407960199,False,0.12159329140461216,180,0.2,0.11033542976939202,0.015373032792940097,0.22388059701492538,False,0.020964360587002087
YFT,29,74,477,43,10,0.09433962264150944,0.2,0.11178197064989519,0.015282906221156375,0.8905472636815921,False,0.10482180293501048,225,0.2,0.11267295597484277,0.018118525770602665,0.6915422885572139,False,0.010482180293501037
YFT,29,75,477,43,10,0.1278825995807128,0.2,0.11127882599580712,0.016307271858253307,0.15422885572139303,False,0.14255765199161424,180,0.2,0.10950733752620545,0.016618001115267154,0.029850746268656716,True,0.014675052410901446
YFT,29,76,477,43,10,0.13626834381551362,0.2,0.11055555555555556,0.01741808158973847,0.07462686567164178,False,0.14046121593291405,300,0.2,0.11063941299790354,0.01803353599860708,0.04477611940298507,True,0.004192872117400437
YFT,29,77,477,43,10,0.1069182389937107,0.2,0.11227463312368972,0.016910104117165637,0.6069651741293532,False,0.13836477987421383,60,0.2,0.11147798742138364,0.01710455586712839,0.0845771144278607,False,0.03144654088050314
YFT,29,78,477,43,10,0.12578616352201258,0.8,0.11063941299790356,0.0170035428711165,0.21393034825870647,False,0.14046121593291405,90,0.2,0.11085953878406707,0.01816668662899242,0.06467661691542288,False,0.014675052410901473
YFT,30,31,477,43,10,0.1090146750524109,0.5,0.11120545073375261,0.0152750102078358,0.5870646766169154,False,0.13836477987421383,90,0.2,0.1120020964360587,0.015958284925132203,0.06467661691542288,False,0.029350104821802933
YFT,30,32,477,43,10,0.09224318658280922,0.2,0.11053459119496856,0.01719791413266997,0.8557213930348259,False,0.129979035639413,300,0.2,0.1110167714884696,0.01785737217569648,0.16417910447761194,False,0.037735849056603765
YFT,30,33,477,43,10,0.12159329140461216,0.2,0.11170859538784067,0.016859981527721002,0.3034825870646766,False,0.1530398322851153,90,0.2,0.11221174004192871,0.016089910400870232,0.014925373134328358,True,0.03144654088050315
YFT,30,34,477,43,10,0.13417190775681342,0.2,0.11037735849056604,0.016910172685295845,0.08955223880597014,False,0.15513626834381553,180,0.2,0.1129140461215933,0.01643634464377483,0.009950248756218905,True,0.0209643605870021
YFT,30,35,477,43,10,0.09014675052410902,0.2,0.10872117400419289,0.01830171356386979,0.845771144278607,False,0.14046121593291405,100,0.2,0.11158280922431865,0.017558212138192322,0.05970149253731343,False,0.050314465408805034
YFT,30,36,477,43,10,0.1090146750524109,0.8,0.11222222222222221,0.016283621412614826,0.6069651741293532,False,0.14046121593291405,300,0.5,0.11151991614255766,0.016092326065316437,0.04477611940298507,True,0.03144654088050315
YFT,30,37,477,43,10,0.10062893081761007,0.2,0.10986373165618449,0.01734644599009037,0.7313432835820896,False,0.14046121593291405,90,0.2,0.11110062893081761,0.01728701263959811,0.04975124378109453,True,0.039832285115303984
YFT,30,38,477,43,10,0.10272536687631027,0.2,0.10923480083857441,0.016586633228622364,0.6766169154228856,False,0.1278825995807128,180,0.8,0.10828092243186582,0.01699225505984313,0.14427860696517414,False,0.025157232704402524
YFT,30,39,477,43,10,0.09853249475890985,0.5,0.10818658280922432,0.015849215879941102,0.7313432835820896,False,0.12368972746331237,100,0.5,0.11074423480083859,0.018373251863653045,0.24378109452736318,False,0.025157232704402524
YFT,30,40,477,43,10,0.12159329140461216,0.2,0.11115303983228511,0.0158130310493538,0.26865671641791045,False,0.12578616352201258,225,0.2,0.11278825995807129,0.017635478701219547,0.25870646766169153,False,0.004192872117400423
YFT,30,41,477,43,10,0.11530398322851153,0.5,0.11118448637316561,0.01715733674993563,0.40298507462686567,False,0.13417190775681342,150,0.5,0.11011530398322851,0.016218425284761903,0.0845771144278607,False,0.018867924528301896
YFT,30,42,477,43,10,0.1069182389937107,0.8,0.11009433962264151,0.016420128165369408,0.5771144278606966,False,0.11740041928721175,180,0.2,0.10968553459119498,0.016155420099932406,0.35323383084577115,False,0.01048218029350105
YFT,30,43,477,43,10,0.12159329140461216,0.2,0.11177148846960167,0.0183854366553168,0.31343283582089554,False,0.12159329140461216,225,0.2,0.11080712788259957,0.017249794817059082,0.2885572139303483,False,0.0
YFT,30,44,477,43,10,0.1069182389937107,0.2,0.11046121593291403,0.016154914274766376,0.5970149253731343,False,0.16352201257861634,60,0.2,0.11132075471698114,0.016226678871887487,0.004975124378109453,True,0.05660377358490565
YFT,30,45,477,43,10,0.0880503144654088,0.8,0.10922431865828092,0.016137966812556557,0.9054726368159204,False,0.13417190775681342,60,0.2,0.11283018867924528,0.01863383943922271,0.14925373134328357,False,0.046121593291404625
YFT,30,46,477,43,10,0.11320754716981132,0.5,0.10959119496855346,0.01677798919029688,0.4527363184079602,False,0.13417190775681342,300,0.2,0.1111111111111111,0.016181701220152417,0.12935323383084577,False,0.0209643605870021
YFT,30,47,477,43,10,0.12578616352201258,0.2,0.11032494758909853,0.01741803087076341,0.21393034825870647,False,0.14255765199161424,90,0.2,0.11263102725366876,0.016003200459151698,0.03980099502487562,True,0.016771488469601664
YFT,30,48,477,43,10,0.11740041928721175,0.2,0.11040880503144654,0.01636124455063793,0.34328358208955223,False,0.13836477987421383,300,0.8,0.11009433962264151,0.016520697815620898,0.06965174129353234,False,0.020964360587002087
YFT,30,49,477,43,10,0.11530398322851153,0.2,0.11166666666666666,0.017734732401582538,0.4228855721393035,False,0.13626834381551362,100,0.2,0.10992662473794548,0.017183319369950822,0.06467661691542288,False,0.020964360587002087
YFT,30,50,477,43,10,0.1320754716981132,0.8,0.11149895178197065,0.018022069172657147,0.12437810945273632,False,0.16561844863731656,100,0.2,0.11190775681341719,0.018009175595723924,0.004975124378109453,True,0.033542976939203356
YFT,30,51,477,43,10,0.11320754716981132,0.8,0.11049266247379455,0.015709108729713966,0.48258706467661694,False,0.14046121593291405,100,0.2,0.11167714884696016,0.01677637329703468,0.06467661691542288,False,0.02725366876310273
YFT,30,52,477,43,10,0.1320754716981132,0.2,0.11141509433962263,0.01538034000701039,0.08955223880597014,False,0.14465408805031446,225,0.8,0.10972746331236896,0.017578329405423084,0.029850746268656716,True,0.012578616352201255
YFT,30,70,477,43,10,0.10272536687631027,0.8,0.10974842767295596,0.016080041526807632,0.6766169154228856,False,0.1278825995807128,180,0.8,0.10930817610062891,0.016603458600407663,0.11940298507462686,False,0.025157232704402524
YFT,30,71,477,43,10,0.11530398322851153,0.5,0.11132075471698112,0.01852237758358448,0.4427860696517413,False,0.14046121593291405,60,0.2,0.1108909853249476,0.018469118036091345,0.06467661691542288,False,0.025157232704402524
YFT,30,72,477,43,10,0.09853249475890985,0.5,0.11216981132075471,0.017380661564007575,0.7711442786069652,False,0.13836477987421383,225,0.2,0.10968553459119496,0.016576460526076673,0.05970149253731343,False,0.039832285115303984
YFT,30,73,477,43,10,0.09224318658280922,0.8,0.10981132075471699,0.016506765334808556,0.8656716417910447,False,0.1111111111111111,180,0.2,0.11063941299790357,0.01497735544229711,0.5323383084577115,False,0.018867924528301883
YFT,30,74,477,43,10,0.09014675052410902,0.2,0.11058700209643606,0.01657911169078556,0.8955223880597015,False,0.11530398322851153,90,0.5,0.1129874213836478,0.017037228561748267,0.43283582089552236,False,0.02515723270440251
YFT,30,75,477,43,10,0.13836477987421383,0.5,0.1118972746331237,0.016075491223577758,0.05472636815920398,False,0.15723270440251572,180,0.2,0.10927672955974843,0.016184345407464062,0.009950248756218905,True,0.018867924528301883
YFT,30,76,477,43,10,0.11949685534591195,0.2,0.11124737945492662,0.016687099379202007,0.30845771144278605,False,0.1488469601677149,90,0.2,0.10876310272536688,0.01805327040634499,0.01990049751243781,True,0.029350104821802947
YFT,30,77,477,43,10,0.11949685534591195,0.8,0.1109643605870021,0.017166515550148122,0.32338308457711445,False,0.17819706498951782,60,0.2,0.11146750524109014,0.01706664576507174,0.004975124378109453,True,0.058700209643605866
YFT,30,78,477,43,10,0.13417190775681342,0.5,0.1108595387840671,0.016828752990808448,0.07462686567164178,False,0.14675052410901468,90,0.8,0.110104821802935,0.017293990046163353,0.03482587064676617,True,0.012578616352201255
YFT,31,32,477,43,10,0.09224318658280922,0.5,0.11061844863731655,0.01655141674203203,0.8706467661691543,False,0.12578616352201258,100,0.2,0.11019916142557651,0.016081178043070406,0.1890547263681592,False,0.033542976939203356
YFT,31,33,477,43,10,0.14046121593291405,0.5,0.10871069182389936,0.014977296458072395,0.024875621890547265,True,0.16142557651991615,90,0.8,0.11074423480083856,0.017302260294522535,0.004975124378109453,True,0.0209643605870021
YFT,31,34,477,43,10,0.1278825995807128,0.2,0.11104821802935011,0.016100850051507038,0.18407960199004975,False,0.13626834381551362,150,0.8,0.11030398322851152,0.01797863491246843,0.07960199004975124,False,0.008385744234800818
YFT,31,35,477,43,10,0.1069182389937107,0.2,0.1109433962264151,0.018460700569631595,0.5870646766169154,False,0.1320754716981132,100,0.5,0.11166666666666666,0.017207594314761102,0.13930348258706468,False,0.02515723270440251
YFT,31,36,477,43,10,0.1320754716981132,0.8,0.1109538784067086,0.017319483936365822,0.13432835820895522,False,0.1488469601677149,75,0.2,0.1119811320754717,0.017127575641857126,0.024875621890547265,True,0.016771488469601692
YFT,31,37,477,43,10,0.09643605870020965,0.8,0.10976939203354298,0.014970869472481375,0.8159203980099502,False,0.1278825995807128,75,0.5,0.11112159329140461,0.018115478129352887,0.18407960199004975,False,0.03144654088050315
YFT,31,38,477,43,10,0.10482180293501048,0.2,0.10888888888888887,0.01642908701784419,0.6119402985074627,False,0.1320754716981132,225,0.2,0.10948637316561845,0.01876926813357199,0.13930348258706468,False,0.02725366876310273
YFT,31,39,477,43,10,0.12368972746331237,0.5,0.10898322851153038,0.01676157948693939,0.1791044776119403,False,0.129979035639413,450,0.5,0.10944444444444444,0.017692115712685606,0.13432835820895522,False,0.006289308176100614
YFT,31,40,477,43,10,0.1278825995807128,0.2,0.1120545073375262,0.015926855352798332,0.19402985074626866,False,0.1320754716981132,150,0.8,0.11171907756813416,0.018667978754200086,0.13930348258706468,False,0.004192872117400409
YFT,31,41,477,43,10,0.1069182389937107,0.5,0.1109329140461216,0.017260520754242732,0.6417910447761194,False,0.129979035639413,150,0.8,0.10980083857442346,0.016293827842310496,0.12935323383084577,False,0.02306079664570229
YFT,31,42,477,43,10,0.10482180293501048,0.5,0.1099056603773585,0.017181854070211368,0.6169154228855721,False,0.1111111111111111,300,0.2,0.10971698113207548,0.017449498974368656,0.46766169154228854,False,0.0062893081761006275
YFT,31,43,477,43,10,0.129979035639413,0.2,0.11250524109014676,0.017161069346483353,0.20398009950248755,False,0.129979035639413,900,0.2,0.11250524109014676,0.017161069346483353,0.20398009950248755,False,0.0
YFT,31,44,477,43,10,0.1069182389937107,0.5,0.10943396226415093,0.01289421442224291,0.6368159203980099,False,0.13417190775681342,75,0.5,0.11126834381551362,0.013607472961306558,0.06965174129353234,False,0.02725366876310273
YFT,31,45,477,43,10,0.08385744234800839,0.8,0.10926624737945492,0.015166564689055403,0.9751243781094527,False,0.10062893081761007,60,0.8,0.1120125786163522,0.016438319775967505,0.7562189054726368,False,0.016771488469601678
YFT,31,46,477,43,10,0.12159329140461216,0.2,0.10961215932914048,0.014987585691259044,0.23880597014925373,False,0.1320754716981132,75,0.5,0.11176100628930818,0.016240814234430773,0.12935323383084577,False,0.01048218029350105
YFT,31,47,477,43,10,0.1278825995807128,0.2,0.11014675052410901,0.016036153821461365,0.15422885572139303,False,0.14675052410901468,225,0.8,0.11,0.018504375873356946,0.029850746268656716,True,0.018867924528301883
YFT,31,48,477,43,10,0.11530398322851153,0.8,0.10954926624737946,0.01776026825220069,0.3880597014925373,False,0.13836477987421383,300,0.8,0.11014675052410901,0.016488398091090015,0.07462686567164178,False,0.023060796645702306
YFT,31,49,477,43,10,0.09224318658280922,0.5,0.11184486373165617,0.016780374898889873,0.8955223880597015,False,0.129979035639413,100,0.5,0.10998951781970648,0.01688681404894127,0.14925373134328357,False,0.037735849056603765
YFT,31,50,477,43,10,0.129979035639413,0.2,0.1120230607966457,0.01692952716903831,0.16417910447761194,False,0.16771488469601678,60,0.5,0.11142557651991615,0.016224977444942557,0.004975124378109453,True,0.03773584905660379
YFT,31,51,477,43,10,0.14465408805031446,0.5,0.11249475890985325,0.01641671478398019,0.03980099502487562,True,0.1488469601677149,150,0.2,0.11051362683438157,0.017723396247452006,0.029850746268656716,True,0.004192872117400437
YFT,31,52,477,43,10,0.11949685534591195,0.2,0.11136268343815513,0.015373391950942531,0.2885572139303483,False,0.13836477987421383,60,0.5,0.11139412997903562,0.018438336021648856,0.1044776119402985,False,0.018867924528301883
YFT,31,70,477,43,10,0.1111111111111111,0.8,0.109895178197065,0.015375977640906424,0.472636815920398,False,0.11949685534591195,300,0.5,0.10993710691823899,0.015515078868003695,0.32338308457711445,False,0.008385744234800846
YFT,31,71,477,43,10,0.09853249475890985,0.8,0.1121488469601677,0.017227502449453456,0.8059701492537313,False,0.129979035639413,150,0.5,0.1110691823899371,0.018136755198929592,0.1791044776119403,False,0.03144654088050314
YFT,31,72,477,43,10,0.12159329140461216,0.5,0.11154088050314463,0.01590957819494169,0.2935323383084577,False,0.129979035639413,100,0.8,0.11238993710691825,0.018008231277340362,0.18407960199004975,False,0.008385744234800832
YFT,31,73,477,43,10,0.0880503144654088,0.2,0.10929769392033542,0.016685246353416634,0.9303482587064676,False,0.11740041928721175,180,0.2,0.11126834381551362,0.01437311378613315,0.373134328358209,False,0.029350104821802947
YFT,31,74,477,43,10,0.07966457023060797,0.2,0.11020964360587002,0.014660009958931278,0.9800995024875622,False,0.1090146750524109,225,0.2,0.11232704402515722,0.017603339369027825,0.5970149253731343,False,0.029350104821802933
YFT,31,75,477,43,10,0.1320754716981132,0.2,0.11097484276729559,0.015640462635254034,0.11940298507462686,False,0.14255765199161424,180,0.2,0.10942348008385742,0.016738135535926464,0.03482587064676617,True,0.010482180293501037
YFT,31,76,477,43,10,0.10062893081761007,0.2,0.11016771488469601,0.016406366051540746,0.7412935323383084,False,0.1320754716981132,225,0.8,0.11006289308176101,0.01820850797232352,0.14925373134328357,False,0.03144654088050314
YFT,31,77,477,43,10,0.09643605870020965,0.2,0.1120020964360587,0.017239600276653194,0.8109452736318408,False,0.14046121593291405,75,0.8,0.11169811320754716,0.018150388637249246,0.07462686567164178,False,0.04402515723270441
YFT,31,78,477,43,10,0.12159329140461216,0.2,0.11121593291404612,0.01722846712704438,0.27860696517412936,False,0.14046121593291405,75,0.2,0.11147798742138364,0.01830339992358937,0.08955223880597014,False,0.018867924528301896
YFT,32,33,477,43,10,0.09433962264150944,0.8,0.11078616352201259,0.016154514388256727,0.8656716417910447,False,0.14255765199161424,100,0.2,0.109979035639413,0.01677127777118686,0.05472636815920398,False,0.0482180293501048
YFT,32,34,477,43,10,0.09014675052410902,0.8,0.11072327044025157,0.016224062003425913,0.8905472636815921,False,0.1278825995807128,300,0.2,0.11115303983228511,0.016286401612087636,0.19402985074626866,False,0.03773584905660378
YFT,32,35,477,43,10,0.09224318658280922,0.5,0.11018867924528301,0.016730140871540164,0.8656716417910447,False,0.1320754716981132,100,0.2,0.1109958071278826,0.016709742616588842,0.12437810945273632,False,0.039832285115303984
YFT,32,36,477,43,10,0.09433962264150944,0.5,0.11024109014675051,0.016145187730968763,0.8507462686567164,False,0.13836477987421383,100,0.2,0.11180293501048216,0.017829909992694414,0.07462686567164178,False,0.04402515723270439
YFT,32,37,477,43,10,0.09643605870020965,0.2,0.11063941299790356,0.017530517531846552,0.8059701492537313,False,0.1320754716981132,300,0.2,0.11178197064989517,0.017058426361429666,0.16417910447761194,False,0.03563941299790356
YFT,32,38,477,43,10,0.09224318658280922,0.2,0.10998951781970648,0.017572596084203505,0.8407960199004975,False,0.13626834381551362,300,0.5,0.11036687631027252,0.016792410151478927,0.07462686567164178,False,0.04402515723270439
YFT,32,39,477,43,10,0.09224318658280922,0.2,0.10991614255765199,0.016728649079195555,0.8606965174129353,False,0.13417190775681342,100,0.5,0.11035639412997902,0.015860558275253574,0.1044776119402985,False,0.0419287211740042
YFT,32,40,477,43,10,0.09433962264150944,0.2,0.11081761006289305,0.01711436950940784,0.8308457711442786,False,0.12578616352201258,225,0.2,0.10988469601677148,0.017361946748461757,0.208955223880597,False,0.03144654088050314
YFT,32,41,477,43,10,0.09643605870020965,0.2,0.1110167714884696,0.017184244758041214,0.8557213930348259,False,0.14255765199161424,150,0.2,0.11071278825995808,0.017664746691666264,0.03482587064676617,True,0.0461215932914046
YFT,32,42,477,43,10,0.09433962264150944,0.2,0.10964360587002096,0.01660074480400166,0.8308457711442786,False,0.12368972746331237,300,0.2,0.1110901467505241,0.016713433120165117,0.22885572139303484,False,0.029350104821802933
YFT,32,43,477,43,10,0.10062893081761007,0.2,0.11235849056603772,0.017249410709970554,0.7661691542288557,False,0.1320754716981132,300,0.2,0.11145702306079663,0.017084323483400624,0.13432835820895522,False,0.03144654088050314
YFT,32,44,477,43,10,0.09224318658280922,0.5,0.11022012578616351,0.016888854192879894,0.8656716417910447,False,0.129979035639413,100,0.5,0.1110377358490566,0.015295354481833178,0.14427860696517414,False,0.037735849056603765
YFT,32,45,477,43,10,0.09433962264150944,0.5,0.11036687631027255,0.01726451247957257,0.835820895522388,False,0.1278825995807128,100,0.2,0.1099266247379455,0.01654020426915741,0.1691542288557214,False,0.033542976939203356
YFT,32,46,477,43,10,0.1111111111111111,0.2,0.1100104821802935,0.01629450555874092,0.472636815920398,False,0.1278825995807128,100,0.5,0.11072327044025157,0.015877311510518813,0.14925373134328357,False,0.016771488469601692
YFT,32,47,477,43,10,0.09853249475890985,0.5,0.11071278825995805,0.016469031433407517,0.7761194029850746,False,0.13626834381551362,300,0.2,0.11134171907756812,0.016910224927494152,0.10945273631840796,False,0.037735849056603765
YFT,32,48,477,43,10,0.09014675052410902,0.2,0.11040880503144652,0.017467209640583736,0.8905472636815921,False,0.12368972746331237,60,0.5,0.11064989517819704,0.01760308844156532,0.24875621890547264,False,0.033542976939203356
YFT,32,49,477,43,10,0.10062893081761007,0.2,0.11119496855345912,0.016004445930184928,0.7711442786069652,False,0.11320754716981132,75,0.5,0.11064989517819707,0.016015923162007874,0.4427860696517413,False,0.012578616352201255
YFT,32,50,477,43,10,0.11320754716981132,0.2,0.11185534591194969,0.017116766397031063,0.4577114427860697,False,0.14255765199161424,150,0.2,0.11160377358490564,0.016242972909317428,0.05970149253731343,False,0.02935010482180292
YFT,32,51,477,43,10,0.1090146750524109,0.2,0.11061844863731655,0.017790063409541222,0.5920398009950248,False,0.1278825995807128,300,0.2,0.11089098532494758,0.016567981279843085,0.15920398009950248,False,0.018867924528301896
YFT,32,52,477,43,10,0.10482180293501048,0.8,0.11058700209643606,0.016867017739169193,0.6019900497512438,False,0.14675052410901468,100,0.2,0.10932914046121592,0.0164157864905387,0.014925373134328358,True,0.0419287211740042
YFT,32,70,477,43,10,0.0859538784067086,0.2,0.11025157232704402,0.016992826939325672,0.9402985074626866,False,0.12578616352201258,100,0.5,0.10983228511530399,0.015523830898425262,0.18407960199004975,False,0.039832285115303984
YFT,32,71,477,43,10,0.1090146750524109,0.8,0.11138364779874213,0.016808727344197437,0.5621890547263682,False,0.13626834381551362,300,0.5,0.11136268343815513,0.016633387361742694,0.0845771144278607,False,0.027253668763102715
YFT,32,72,477,43,10,0.09853249475890985,0.2,0.11036687631027252,0.017008036419906915,0.7313432835820896,False,0.1278825995807128,100,0.5,0.1108385744234801,0.016338324477970154,0.1791044776119403,False,0.029350104821802947
YFT,32,73,477,43,10,0.09014675052410902,0.8,0.10951781970649895,0.016175203213559183,0.9104477611940298,False,0.11740041928721175,150,0.2,0.10984276729559747,0.016441527180614115,0.3333333333333333,False,0.02725366876310273
YFT,32,74,477,43,10,0.09014675052410902,0.5,0.11080712788259958,0.01644219880915745,0.9104477611940298,False,0.11949685534591195,75,0.8,0.11092243186582809,0.01621468340968229,0.29850746268656714,False,0.029350104821802933
YFT,32,75,477,43,10,0.09643605870020965,0.2,0.11073375262054506,0.017544776272602272,0.8059701492537313,False,0.1530398322851153,90,0.2,0.11077568134171907,0.016276200702542994,0.014925373134328358,True,0.05660377358490566
YFT,32,76,477,43,10,0.11740041928721175,0.2,0.1100733752620545,0.01672004887662794,0.3383084577114428,False,0.12578616352201258,100,0.5,0.11092243186582809,0.01620514606507518,0.19900497512437812,False,0.008385744234800832
YFT,32,77,477,43,10,0.0880503144654088,0.2,0.11050314465408805,0.01727051432277136,0.9353233830845771,False,0.14046121593291405,100,0.2,0.1100104821802935,0.01583811985297244,0.04477611940298507,True,0.05241090146750525
YFT,32,78,477,43,10,0.10062893081761007,0.2,0.10975890985324949,0.01772778208104605,0.7213930348258707,False,0.14255765199161424,75,0.2,0.10973794549266248,0.017545830499515244,0.05472636815920398,False,0.041928721174004174
YFT,33,34,477,43,10,0.15513626834381553,0.5,0.11046121593291405,0.018073847827993938,0.009950248756218905,True,0.15513626834381553,900,0.5,0.11039832285115303,0.017852600657590808,0.009950248756218905,True,0.0
YFT,33,35,477,43,10,0.11530398322851153,0.2,0.11009433962264151,0.018577119184668613,0.44776119402985076,False,0.13836477987421383,100,0.8,0.11171907756813416,0.017623690223879086,0.06467661691542288,False,0.023060796645702306
YFT,33,36,477,43,10,0.11949685534591195,0.5,0.11188679245283019,0.016363987943313438,0.3582089552238806,False,0.13626834381551362,75,0.8,0.1118238993710692,0.01666373950898723,0.07462686567164178,False,0.016771488469601664
YFT,33,37,477,43,10,0.12368972746331237,0.2,0.11156184486373165,0.01797150855625623,0.26865671641791045,False,0.14255765199161424,60,0.5,0.11206498951781971,0.018179128327260378,0.05472636815920398,False,0.01886792452830187
YFT,33,38,477,43,10,0.12159329140461216,0.8,0.10969601677148848,0.017630390328156574,0.2935323383084577,False,0.1509433962264151,225,0.2,0.10953878406708593,0.01747033560531501,0.014925373134328358,True,0.029350104821802933
YFT,33,39,477,43,10,0.13417190775681342,0.8,0.11062893081761006,0.015577686008583008,0.06467661691542288,False,0.1530398322851153,60,0.2,0.11081761006289308,0.01862468710680498,0.014925373134328358,True,0.018867924528301883
YFT,33,40,477,43,10,0.129979035639413,0.2,0.1119706498951782,0.01624869965645027,0.15920398009950248,False,0.1488469601677149,180,0.5,0.11235849056603774,0.0177591490286543,0.03482587064676617,True,0.01886792452830191
YFT,33,41,477,43,10,0.12368972746331237,0.2,0.10981132075471699,0.016542851231383382,0.21393034825870647,False,0.13626834381551362,300,0.2,0.10951781970649897,0.016359843994492532,0.06467661691542288,False,0.012578616352201241
YFT,33,42,477,43,10,0.11740041928721175,0.2,0.10915094339622641,0.01693539668883137,0.3482587064676617,False,0.1509433962264151,300,0.2,0.11048218029350104,0.01610371666398399,0.014925373134328358,True,0.03354297693920334
YFT,33,43,477,43,10,0.12368972746331237,0.2,0.1119811320754717,0.016809998532491266,0.27860696517412936,False,0.14046121593291405,180,0.5,0.11033542976939202,0.016765311273534204,0.05970149253731343,False,0.016771488469601678
YFT,33,44,477,43,10,0.14465408805031446,0.8,0.11057651991614253,0.01612701125538007,0.01990049751243781,True,0.1488469601677149,60,0.8,0.11246331236897272,0.017079306901901566,0.03482587064676617,True,0.004192872117400437
YFT,33,45,477,43,10,0.11740041928721175,0.8,0.10832285115303981,0.01655426203312439,0.29850746268656714,False,0.13626834381551362,90,0.8,0.11180293501048216,0.01730056571044292,0.08955223880597014,False,0.01886792452830187
YFT,33,46,477,43,10,0.1278825995807128,0.5,0.11075471698113207,0.016129904026314645,0.15422885572139303,False,0.13417190775681342,300,0.8,0.11156184486373164,0.01625371102815597,0.0945273631840796,False,0.0062893081761006275
YFT,33,47,477,43,10,0.13626834381551362,0.5,0.10986373165618449,0.01573621946761153,0.05970149253731343,False,0.15723270440251572,300,0.5,0.11213836477987421,0.01799988969166116,0.004975124378109453,True,0.0209643605870021
YFT,33,48,477,43,10,0.12368972746331237,0.2,0.11026205450733752,0.01819406534296436,0.26865671641791045,False,0.14255765199161424,300,0.2,0.10915094339622641,0.0159564026267345,0.029850746268656716,True,0.01886792452830187
YFT,33,49,477,43,10,0.1278825995807128,0.2,0.11160377358490567,0.016309462361876005,0.17412935323383086,False,0.14255765199161424,100,0.2,0.11088050314465409,0.01594354238732862,0.03482587064676617,True,0.014675052410901446
YFT,33,50,477,43,10,0.13417190775681342,0.8,0.11163522012578618,0.017742542033831316,0.12437810945273632,False,0.16561844863731656,225,0.5,0.11045073375262053,0.016470623842796808,0.004975124378109453,True,0.03144654088050314
YFT,33,51,477,43,10,0.13417190775681342,0.2,0.11155136268343815,0.016588221005691697,0.09950248756218906,False,0.15723270440251572,150,0.2,0.11172955974842769,0.01791972074472499,0.014925373134328358,True,0.02306079664570229
YFT,33,52,477,43,10,0.1530398322851153,0.2,0.10993710691823899,0.01657097033444129,0.004975124378109453,True,0.16561844863731656,300,0.5,0.11097484276729559,0.017635575757450082,0.004975124378109453,True,0.012578616352201255
YFT,33,70,477,43,10,0.11320754716981132,0.8,0.10963312368972745,0.01731675481273479,0.44776119402985076,False,0.15513626834381553,300,0.2,0.1111425576519916,0.018639429989806954,0.024875621890547265,True,0.0419287211740042
YFT,33,71,477,43,10,0.11949685534591195,0.8,0.11227463312368972,0.017011671948847406,0.3681592039800995,False,0.13836477987421383,180,0.8,0.10871069182389938,0.016455625623463217,0.07960199004975124,False,0.018867924528301883
YFT,33,72,477,43,10,0.11320754716981132,0.8,0.11084905660377359,0.017090992738369816,0.527363184079602,False,0.16352201257861634,300,0.2,0.11070230607966457,0.016621615655450117,0.009950248756218905,True,0.05031446540880502
YFT,33,73,477,43,10,0.09853249475890985,0.8,0.10961215932914045,0.017675979894230986,0.736318407960199,False,0.1320754716981132,180,0.2,0.11070230607966457,0.015711779738404,0.0845771144278607,False,0.033542976939203356
YFT,33,74,477,43,10,0.10482180293501048,0.2,0.1099685534591195,0.015745620052231943,0.6567164179104478,False,0.14255765199161424,450,0.2,0.11080712788259958,0.015537493411363667,0.01990049751243781,True,0.037735849056603765
YFT,33,75,477,43,10,0.1320754716981132,0.2,0.11092243186582808,0.01689245326902001,0.1044776119402985,False,0.14675052410901468,90,0.2,0.11123689727463311,0.01496585281061423,0.024875621890547265,True,0.014675052410901473
YFT,33,76,477,43,10,0.129979035639413,0.2,0.11164570230607967,0.017036710027058106,0.17412935323383086,False,0.16561844863731656,300,0.2,0.11122641509433961,0.01799278095983127,0.014925373134328358,True,0.035639412997903575
YFT,33,77,477,43,10,0.1090146750524109,0.5,0.11211740041928721,0.01817932574588291,0.6019900497512438,False,0.15932914046121593,60,0.8,0.11346960167714883,0.018430261004633172,0.014925373134328358,True,0.050314465408805034
YFT,33,78,477,43,10,0.1320754716981132,0.2,0.10981132075471697,0.01653617459915752,0.10945273631840796,False,0.1719077568134172,75,0.5,0.11165618448637314,0.016093070593320984,0.004975124378109453,True,0.039832285115303984
YFT,34,35,477,43,10,0.12578616352201258,0.2,0.1100524109014675,0.017765241725966354,0.208955223880597,False,0.14046121593291405,100,0.2,0.11235849056603774,0.018192851409443347,0.07462686567164178,False,0.014675052410901473
YFT,34,36,477,43,10,0.1111111111111111,0.2,0.11172955974842766,0.017715194816979567,0.5323383084577115,False,0.14675052410901468,300,0.8,0.1099266247379455,0.01783420461706387,0.01990049751243781,True,0.035639412997903575
YFT,34,37,477,43,10,0.11740041928721175,0.2,0.10937106918238992,0.016290672701236825,0.36318407960199006,False,0.1530398322851153,100,0.5,0.11170859538784067,0.01918698183571368,0.01990049751243781,True,0.03563941299790356
YFT,34,38,477,43,10,0.12578616352201258,0.2,0.10940251572327045,0.016260775287059766,0.208955223880597,False,0.12578616352201258,150,0.2,0.11039832285115306,0.018862000669015933,0.21393034825870647,False,0.0
YFT,34,39,477,43,10,0.11949685534591195,0.2,0.1110901467505241,0.01616803326584845,0.3283582089552239,False,0.12368972746331237,100,0.2,0.11263102725366876,0.017428805336213656,0.2935323383084577,False,0.004192872117400423
YFT,34,40,477,43,10,0.12368972746331237,0.5,0.11163522012578615,0.016684018610494716,0.2537313432835821,False,0.1320754716981132,150,0.5,0.1120335429769392,0.019055611744599313,0.1691542288557214,False,0.008385744234800832
YFT,34,41,477,43,10,0.10062893081761007,0.2,0.11055555555555556,0.016925482537980797,0.7313432835820896,False,0.13836477987421383,150,0.2,0.11073375262054508,0.015161030094786055,0.029850746268656716,True,0.037735849056603765
YFT,34,42,477,43,10,0.1090146750524109,0.5,0.10993710691823899,0.017414483346019496,0.5621890547263682,False,0.11740041928721175,75,0.2,0.11163522012578615,0.015940716245159168,0.36318407960199006,False,0.008385744234800846
YFT,34,43,477,43,10,0.13626834381551362,0.2,0.11234800838574423,0.01700452025408599,0.0845771144278607,False,0.13626834381551362,900,0.2,0.11234800838574423,0.01700452025408599,0.0845771144278607,False,0.0
YFT,34,44,477,43,10,0.12368972746331237,0.2,0.11128930817610062,0.016108896531791525,0.2537313432835821,False,0.129979035639413,100,0.5,0.1129350104821803,0.019231743837268202,0.21890547263681592,False,0.006289308176100614
YFT,34,45,477,43,10,0.11530398322851153,0.8,0.11075471698113207,0.01820500226660326,0.43781094527363185,False,0.13626834381551362,100,0.8,0.11228511530398322,0.017676307877692553,0.11940298507462686,False,0.020964360587002087
YFT,34,46,477,43,10,0.12578616352201258,0.2,0.1089412997903564,0.01574783608881057,0.1691542288557214,False,0.13417190775681342,180,0.5,0.11160377358490567,0.015006141516301936,0.06467661691542288,False,0.008385744234800846
YFT,34,47,477,43,10,0.13417190775681342,0.2,0.10920335429769391,0.015920530779788982,0.07960199004975124,False,0.13626834381551362,450,0.5,0.11061844863731655,0.017085874705236502,0.07960199004975124,False,0.0020964360587001907
YFT,34,48,477,43,10,0.129979035639413,0.2,0.10939203354297693,0.019526291070840317,0.18407960199004975,False,0.14675052410901468,300,0.2,0.11032494758909854,0.016613295719760106,0.024875621890547265,True,0.016771488469601692
YFT,34,49,477,43,10,0.11530398322851153,0.5,0.11151991614255763,0.017914666875140095,0.43283582089552236,False,0.13626834381551362,450,0.2,0.11038784067085952,0.017284585055345646,0.08955223880597014,False,0.020964360587002087
YFT,34,50,477,43,10,0.12159329140461216,0.2,0.11176100628930817,0.018394819087777764,0.31343283582089554,False,0.15513626834381553,60,0.8,0.11124737945492662,0.017155663253378698,0.014925373134328358,True,0.03354297693920337
YFT,34,51,477,43,10,0.14675052410901468,0.5,0.11068134171907756,0.017090165685338093,0.01990049751243781,True,0.15932914046121593,300,0.5,0.11009433962264151,0.01708845976204364,0.004975124378109453,True,0.012578616352201255
YFT,34,52,477,43,10,0.14675052410901468,0.8,0.11071278825995808,0.016300539380893483,0.029850746268656716,True,0.14675052410901468,900,0.8,0.11071278825995808,0.016300539380893483,0.029850746268656716,True,0.0
YFT,34,70,477,43,10,0.12578616352201258,0.8,0.11132075471698112,0.016883050252060668,0.22388059701492538,False,0.1320754716981132,100,0.2,0.1109853249475891,0.017860269098948046,0.12935323383084577,False,0.0062893081761006275
YFT,34,71,477,43,10,0.1069182389937107,0.2,0.11081761006289309,0.01769054586449658,0.6169154228855721,False,0.11530398322851153,60,0.8,0.11071278825995808,0.01817741828855531,0.42786069651741293,False,0.008385744234800832
YFT,34,72,477,43,10,0.13417190775681342,0.2,0.11066037735849056,0.017005413162842486,0.1044776119402985,False,0.14675052410901468,300,0.8,0.11092243186582809,0.01682039107920985,0.029850746268656716,True,0.012578616352201255
YFT,34,73,477,43,10,0.10062893081761007,0.8,0.11039832285115303,0.015517640948827387,0.7412935323383084,False,0.11740041928721175,180,0.5,0.11053459119496853,0.01447875061837871,0.36318407960199006,False,0.016771488469601678
YFT,34,74,477,43,10,0.11530398322851153,0.2,0.1130817610062893,0.016566971477340604,0.4577114427860697,False,0.12368972746331237,300,0.2,0.1130817610062893,0.016984311743139767,0.3034825870646766,False,0.008385744234800846
YFT,34,75,477,43,10,0.1278825995807128,0.8,0.11154088050314465,0.01601197534318909,0.1691542288557214,False,0.14465408805031446,100,0.5,0.11122641509433961,0.015390101479764658,0.029850746268656716,True,0.016771488469601664
YFT,34,76,477,43,10,0.14046121593291405,0.5,0.1109433962264151,0.01754930742588912,0.05472636815920398,False,0.14255765199161424,100,0.8,0.11144654088050315,0.018215105117433086,0.05970149253731343,False,0.0020964360587001907
YFT,34,77,477,43,10,0.12578616352201258,0.5,0.11124737945492662,0.018353575717293003,0.23383084577114427,False,0.15513626834381553,75,0.5,0.11337526205450735,0.01948507653916186,0.029850746268656716,True,0.029350104821802947
YFT,34,78,477,43,10,0.12368972746331237,0.8,0.11124737945492662,0.01738457488696011,0.26865671641791045,False,0.1488469601677149,75,0.5,0.11226415094339622,0.017784814363757655,0.029850746268656716,True,0.025157232704402524
YFT,35,36,477,43,10,0.1111111111111111,0.2,0.11037735849056603,0.019029063506918336,0.5323383084577115,False,0.13836477987421383,150,0.2,0.11150943396226415,0.017055357631903377,0.07462686567164178,False,0.02725366876310273
YFT,35,37,477,43,10,0.1111111111111111,0.8,0.10965408805031446,0.01778785347379237,0.47761194029850745,False,0.12368972746331237,100,0.8,0.11068134171907756,0.01856560742440207,0.26865671641791045,False,0.012578616352201269
YFT,35,38,477,43,10,0.11530398322851153,0.5,0.10953878406708595,0.018175425571590638,0.40298507462686567,False,0.15513626834381553,150,0.5,0.110125786163522,0.016649777495682527,0.004975124378109453,True,0.039832285115304
YFT,35,39,477,43,10,0.11320754716981132,0.2,0.10970649895178199,0.017096383755747825,0.417910447761194,False,0.13417190775681342,100,0.2,0.11253668763102725,0.016793544487093647,0.11940298507462686,False,0.0209643605870021
YFT,35,40,477,43,10,0.10482180293501048,0.8,0.11219077568134171,0.017617908984761933,0.6965174129353234,False,0.12578616352201258,150,0.8,0.1110167714884696,0.018706634210773634,0.24875621890547264,False,0.0209643605870021
YFT,35,41,477,43,10,0.1090146750524109,0.5,0.1109329140461216,0.018236114561981875,0.5373134328358209,False,0.14046121593291405,150,0.8,0.1099266247379455,0.01582227083993184,0.04975124378109453,True,0.03144654088050315
YFT,35,42,477,43,10,0.10062893081761007,0.5,0.1091194968553459,0.018042489385599703,0.7313432835820896,False,0.12578616352201258,100,0.2,0.11147798742138365,0.016981447467880113,0.1890547263681592,False,0.02515723270440251
YFT,35,43,477,43,10,0.11530398322851153,0.2,0.11139412997903567,0.01869527308196367,0.42786069651741293,False,0.13626834381551362,100,0.2,0.11196016771488469,0.017592969948012502,0.1044776119402985,False,0.020964360587002087
YFT,35,44,477,43,10,0.11320754716981132,0.2,0.10744234800838573,0.016853918666996343,0.39303482587064675,False,0.1278825995807128,100,0.2,0.11047169811320753,0.01780522758564787,0.18407960199004975,False,0.014675052410901473
YFT,35,45,477,43,10,0.1090146750524109,0.8,0.10861635220125786,0.018056732183257096,0.48756218905472637,False,0.11740041928721175,100,0.2,0.1110901467505241,0.017835953753071006,0.373134328358209,False,0.008385744234800846
YFT,35,46,477,43,10,0.12578616352201258,0.2,0.10935010482180292,0.017272879953102754,0.18407960199004975,False,0.13626834381551362,75,0.5,0.11208595387840671,0.016472366935515684,0.08955223880597014,False,0.010482180293501037
YFT,35,47,477,43,10,0.1320754716981132,0.5,0.11069182389937109,0.017212114788674435,0.13930348258706468,False,0.14046121593291405,150,0.5,0.11063941299790356,0.017785668098800125,0.04975124378109453,True,0.008385744234800846
YFT,35,48,477,43,10,0.12159329140461216,0.2,0.1089727463312369,0.01829437503393503,0.2736318407960199,False,0.13417190775681342,150,0.8,0.11134171907756812,0.016486991591778966,0.09950248756218906,False,0.012578616352201269
YFT,35,49,477,43,10,0.09853249475890985,0.2,0.11172955974842766,0.01655117655439586,0.835820895522388,False,0.14046121593291405,100,0.2,0.11183438155136267,0.016601539699622036,0.04975124378109453,True,0.0419287211740042
YFT,35,50,477,43,10,0.12368972746331237,0.2,0.10909853249475891,0.016938998914302113,0.22388059701492538,False,0.15932914046121593,180,0.8,0.11154088050314463,0.015444680314276149,0.004975124378109453,True,0.03563941299790356
YFT,35,51,477,43,10,0.14046121593291405,0.8,0.11135220125786162,0.018493950378513882,0.06467661691542288,False,0.14046121593291405,900,0.8,0.11149895178197065,0.01837281911895831,0.05970149253731343,False,0.0
YFT,35,52,477,43,10,0.13626834381551362,0.5,0.11170859538784068,0.017383685572735827,0.08955223880597014,False,0.13836477987421383,450,0.8,0.11164570230607966,0.01795936266585279,0.06965174129353234,False,0.0020964360587002184
YFT,35,70,477,43,10,0.10482180293501048,0.2,0.10917190775681342,0.018492469499594922,0.5671641791044776,False,0.129979035639413,75,0.8,0.11175052410901466,0.01797313066499306,0.1791044776119403,False,0.02515723270440251
YFT,35,71,477,43,10,0.10272536687631027,0.8,0.11045073375262053,0.018175215959089202,0.6915422885572139,False,0.14046121593291405,75,0.2,0.11051362683438155,0.017219013521492743,0.03980099502487562,True,0.03773584905660378
YFT,35,72,477,43,10,0.12368972746331237,0.8,0.11073375262054508,0.016468186555806393,0.24875621890547264,False,0.13626834381551362,100,0.2,0.11097484276729559,0.016624777733451893,0.06965174129353234,False,0.012578616352201241
YFT,35,73,477,43,10,0.0880503144654088,0.2,0.11071278825995808,0.018053062433946113,0.9104477611940298,False,0.11949685534591195,150,0.8,0.1110062893081761,0.016378072223547428,0.32338308457711445,False,0.03144654088050315
YFT,35,74,477,43,10,0.1111111111111111,0.2,0.11119496855345912,0.018124427594007553,0.5323383084577115,False,0.11740041928721175,100,0.8,0.1130817610062893,0.01719753207740991,0.4577114427860697,False,0.006289308176100641
YFT,35,75,477,43,10,0.13626834381551362,0.8,0.1121278825995807,0.016291848748985288,0.09950248756218906,False,0.13836477987421383,100,0.8,0.11143605870020964,0.01627844965701125,0.05970149253731343,False,0.0020964360587002184
YFT,35,76,477,43,10,0.09643605870020965,0.2,0.11020964360587002,0.017047741689738535,0.8208955223880597,False,0.1278825995807128,100,0.5,0.11121593291404612,0.018453987767958806,0.1791044776119403,False,0.03144654088050315
YFT,35,77,477,43,10,0.11740041928721175,0.8,0.11051362683438155,0.017712177530231774,0.3781094527363184,False,0.14046121593291405,75,0.5,0.1119916142557652,0.018565681774261253,0.05970149253731343,False,0.023060796645702306
YFT,35,78,477,43,10,0.12159329140461216,0.2,0.10946540880503144,0.018078108936256543,0.2736318407960199,False,0.1488469601677149,60,0.5,0.11154088050314465,0.017677129371461656,0.01990049751243781,True,0.027253668763102742
YFT,36,37,477,43,10,0.1069182389937107,0.2,0.11231656184486374,0.016572033201604018,0.6218905472636815,False,0.13417190775681342,150,0.2,0.11085953878406707,0.018105798468374977,0.14427860696517414,False,0.02725366876310273
YFT,36,38,477,43,10,0.1090146750524109,0.2,0.10881551362683439,0.016937378822621817,0.47761194029850745,False,0.14255765199161424,75,0.2,0.11055555555555553,0.01808494904554066,0.04477611940298507,True,0.03354297693920334
YFT,36,39,477,43,10,0.12578616352201258,0.2,0.11006289308176101,0.015029704515692837,0.1691542288557214,False,0.12578616352201258,75,0.2,0.10972746331236896,0.017039876083509497,0.17412935323383086,False,0.0
YFT,36,40,477,43,10,0.11740041928721175,0.2,0.1118448637316562,0.01878962857179625,0.3880597014925373,False,0.1488469601677149,75,0.2,0.11140461215932912,0.017123400444723387,0.01990049751243781,True,0.03144654088050315
YFT,36,41,477,43,10,0.1069182389937107,0.8,0.11087002096436059,0.017526409971896424,0.6318407960199005,False,0.14675052410901468,300,0.2,0.11051362683438155,0.01542476209030202,0.014925373134328358,True,0.039832285115303984
YFT,36,42,477,43,10,0.1090146750524109,0.5,0.10940251572327042,0.016465929983696774,0.5223880597014925,False,0.1320754716981132,180,0.2,0.10957023060796646,0.016917651472815622,0.11442786069651742,False,0.023060796645702306
YFT,36,43,477,43,10,0.16142557651991615,0.8,0.11115303983228511,0.018789875407746483,0.014925373134328358,True,0.16142557651991615,900,0.8,0.11115303983228511,0.018789875407746483,0.014925373134328358,True,0.0
YFT,36,44,477,43,10,0.11740041928721175,0.2,0.11122641509433963,0.017299400787077965,0.3681592039800995,False,0.14046121593291405,75,0.2,0.1120230607966457,0.01621793504272767,0.04477611940298507,True,0.023060796645702306
YFT,36,45,477,43,10,0.11530398322851153,0.8,0.11053459119496856,0.017338601249570693,0.3880597014925373,False,0.12368972746331237,90,0.5,0.11125786163522011,0.016950299388864665,0.25870646766169153,False,0.008385744234800846
YFT,36,46,477,43,10,0.12578616352201258,0.2,0.11048218029350104,0.01632844005284225,0.15920398009950248,False,0.14046121593291405,225,0.2,0.11143605870020963,0.016578242448571433,0.07960199004975124,False,0.014675052410901473
YFT,36,47,477,43,10,0.1320754716981132,0.8,0.11147798742138365,0.017842697930172735,0.13432835820895522,False,0.1488469601677149,225,0.5,0.11125786163522011,0.018812840474367223,0.03482587064676617,True,0.016771488469601692
YFT,36,48,477,43,10,0.13836477987421383,0.2,0.11097484276729559,0.017274973585355444,0.04975124378109453,True,0.14675052410901468,300,0.2,0.10988469601677149,0.015660501392866726,0.01990049751243781,True,0.008385744234800846
YFT,36,49,477,43,10,0.1278825995807128,0.2,0.11144654088050313,0.017230633448635065,0.1890547263681592,False,0.14675052410901468,100,0.8,0.11077568134171908,0.016846958919683287,0.029850746268656716,True,0.018867924528301883
YFT,36,50,477,43,10,0.13417190775681342,0.5,0.11072327044025158,0.01802329460897788,0.1044776119402985,False,0.16771488469601678,60,0.5,0.1109538784067086,0.01585623749036184,0.004975124378109453,True,0.033542976939203356
YFT,36,51,477,43,10,0.14675052410901468,0.5,0.11188679245283019,0.017962206253414065,0.03980099502487562,True,0.14675052410901468,150,0.2,0.1130083857442348,0.016839297907962035,0.03482587064676617,True,0.0
YFT,36,52,477,43,10,0.1488469601677149,0.2,0.11126834381551362,0.016084418905143692,0.01990049751243781,True,0.1488469601677149,900,0.2,0.11126834381551362,0.016084418905143692,0.01990049751243781,True,0.0
YFT,36,70,477,43,10,0.12159329140461216,0.8,0.1099895178197065,0.016690804813599785,0.25870646766169153,False,0.14255765199161424,300,0.5,0.10942348008385742,0.016880037956119212,0.03482587064676617,True,0.020964360587002087
YFT,36,71,477,43,10,0.11320754716981132,0.2,0.11136268343815514,0.019214797536721947,0.4577114427860697,False,0.129979035639413,60,0.8,0.1110272536687631,0.01725164161255279,0.14427860696517414,False,0.016771488469601664
YFT,36,72,477,43,10,0.11530398322851153,0.2,0.11168763102725367,0.0177651671341459,0.4228855721393035,False,0.14675052410901468,150,0.2,0.11262054507337525,0.0169328958699987,0.03980099502487562,True,0.03144654088050315
YFT,36,73,477,43,10,0.11740041928721175,0.2,0.11009433962264151,0.018079452733391243,0.3333333333333333,False,0.13626834381551362,180,0.8,0.1110062893081761,0.01536648027799662,0.06965174129353234,False,0.01886792452830187
YFT,36,74,477,43,10,0.09224318658280922,0.2,0.11046121593291405,0.01623401338263059,0.8706467661691543,False,0.1278825995807128,300,0.2,0.11071278825995808,0.016803575912391986,0.17412935323383086,False,0.035639412997903575
YFT,36,75,477,43,10,0.14046121593291405,0.2,0.11180293501048219,0.017309499501347737,0.06467661691542288,False,0.15513626834381553,180,0.5,0.11018867924528301,0.01832535066006071,0.004975124378109453,True,0.014675052410901473
YFT,36,76,477,43,10,0.11530398322851153,0.2,0.11112159329140461,0.017076203124061554,0.43283582089552236,False,0.13626834381551362,300,0.2,0.10961215932914045,0.017298353884911036,0.07462686567164178,False,0.020964360587002087
YFT,36,77,477,43,10,0.1069182389937107,0.5,0.11183438155136269,0.01779083309798167,0.6119402985074627,False,0.14255765199161424,75,0.2,0.11228511530398323,0.01758862897809072,0.07462686567164178,False,0.03563941299790355
YFT,36,78,477,43,10,0.1278825995807128,0.2,0.11115303983228511,0.01645101139209381,0.18407960199004975,False,0.1530398322851153,75,0.5,0.11128930817610062,0.01754228049192687,0.01990049751243781,True,0.02515723270440251
YFT,37,38,477,43,10,0.10272536687631027,0.8,0.1089098532494759,0.017519569252217565,0.6517412935323383,False,0.1278825995807128,225,0.5,0.11089098532494758,0.017936474604039306,0.17412935323383086,False,0.025157232704402524
YFT,37,39,477,43,10,0.1090146750524109,0.5,0.10952830188679247,0.017653625191827258,0.5522388059701493,False,0.12368972746331237,75,0.5,0.11129979035639412,0.015853803266331717,0.21890547263681592,False,0.014675052410901473
YFT,37,40,477,43,10,0.10062893081761007,0.2,0.11227463312368974,0.017933149715452176,0.7562189054726368,False,0.129979035639413,100,0.2,0.11259958071278825,0.018781210700393684,0.18407960199004975,False,0.02935010482180292
YFT,37,41,477,43,10,0.10272536687631027,0.8,0.110083857442348,0.017969188809255375,0.6965174129353234,False,0.129979035639413,100,0.2,0.1109119496855346,0.01664405605413632,0.14427860696517414,False,0.027253668763102715
YFT,37,42,477,43,10,0.09014675052410902,0.5,0.1099266247379455,0.01759106168537742,0.8756218905472637,False,0.10482180293501048,75,0.2,0.11169811320754718,0.01735416310229559,0.6666666666666666,False,0.01467505241090146
YFT,37,43,477,43,10,0.11530398322851153,0.2,0.1122012578616352,0.017460484865865985,0.43781094527363185,False,0.13417190775681342,225,0.2,0.11253668763102725,0.018537586064830452,0.13930348258706468,False,0.018867924528301896
YFT,37,44,477,43,10,0.1069182389937107,0.8,0.110125786163522,0.01722995409898983,0.582089552238806,False,0.1320754716981132,100,0.8,0.11155136268343817,0.018142392407163675,0.13930348258706468,False,0.02515723270440251
YFT,37,45,477,43,10,0.07966457023060797,0.2,0.11032494758909853,0.017471204707452004,0.9751243781094527,False,0.12578616352201258,100,0.2,0.11033542976939202,0.016506430837523428,0.1890547263681592,False,0.04612159329140461
YFT,37,46,477,43,10,0.1111111111111111,0.2,0.109958071278826,0.016985755076796095,0.4925373134328358,False,0.12368972746331237,100,0.8,0.11223270440251572,0.017582647796118216,0.27860696517412936,False,0.012578616352201269
YFT,37,47,477,43,10,0.129979035639413,0.2,0.11151991614255767,0.017186043981132708,0.14925373134328357,False,0.14465408805031446,225,0.8,0.11097484276729559,0.01697187253520653,0.024875621890547265,True,0.014675052410901473
YFT,37,48,477,43,10,0.11740041928721175,0.8,0.1101781970649895,0.01830733315352731,0.3681592039800995,False,0.13417190775681342,300,0.8,0.10933962264150943,0.01636640026407862,0.08955223880597014,False,0.016771488469601678
YFT,37,49,477,43,10,0.1090146750524109,0.2,0.11090146750524109,0.016385150260955467,0.5771144278606966,False,0.129979035639413,100,0.2,0.10964360587002096,0.01610783052703845,0.10945273631840796,False,0.020964360587002087
YFT,37,50,477,43,10,0.11740041928721175,0.8,0.1109433962264151,0.015877704468648175,0.3681592039800995,False,0.1530398322851153,225,0.2,0.11135220125786162,0.016097101425704117,0.004975124378109453,True,0.03563941299790356
YFT,37,51,477,43,10,0.1278825995807128,0.5,0.11138364779874213,0.01731485756333676,0.20398009950248755,False,0.14255765199161424,75,0.8,0.11070230607966457,0.01642916431500793,0.03482587064676617,True,0.014675052410901446
YFT,37,52,477,43,10,0.1278825995807128,0.5,0.11037735849056603,0.015798764572444668,0.1691542288557214,False,0.15723270440251572,100,0.5,0.11193920335429768,0.017342371243103165,0.014925373134328358,True,0.02935010482180292
YFT,37,70,477,43,10,0.09853249475890985,0.5,0.11015723270440252,0.01713211400663675,0.7412935323383084,False,0.1320754716981132,300,0.2,0.1109853249475891,0.017406872275654753,0.13930348258706468,False,0.033542976939203356
YFT,37,71,477,43,10,0.12578616352201258,0.8,0.11014675052410901,0.01812686454427148,0.22388059701492538,False,0.1278825995807128,150,0.2,0.1109853249475891,0.017129332466883362,0.1890547263681592,False,0.0020964360587002184
YFT,37,72,477,43,10,0.1320754716981132,0.8,0.11119496855345912,0.017295113831918327,0.12935323383084577,False,0.13836477987421383,150,0.2,0.11181341719077567,0.018523900782017596,0.07960199004975124,False,0.0062893081761006275
YFT,37,73,477,43,10,0.09224318658280922,0.2,0.1090251572327044,0.01499070938963642,0.8805970149253731,False,0.12368972746331237,180,0.8,0.1110062893081761,0.016414441044549186,0.22885572139303484,False,0.03144654088050315
YFT,37,74,477,43,10,0.09014675052410902,0.8,0.11036687631027255,0.0166484343773383,0.900497512437811,False,0.11530398322851153,100,0.2,0.11110062893081761,0.016980224883206885,0.417910447761194,False,0.02515723270440251
YFT,37,75,477,43,10,0.14465408805031446,0.5,0.11258909853249476,0.016905009706926856,0.029850746268656716,True,0.14465408805031446,900,0.5,0.11258909853249476,0.016905009706926856,0.029850746268656716,True,0.0
YFT,37,76,477,43,10,0.1069182389937107,0.5,0.1100314465408805,0.01651936091430565,0.5920398009950248,False,0.129979035639413,225,0.5,0.11166666666666668,0.01808372778720776,0.16417910447761194,False,0.02306079664570229
YFT,37,77,477,43,10,0.09433962264150944,0.2,0.11013626834381551,0.015674034207456364,0.8507462686567164,False,0.14465408805031446,100,0.2,0.11135220125786165,0.01812971231474389,0.03980099502487562,True,0.05031446540880502
YFT,37,78,477,43,10,0.13417190775681342,0.8,0.10960167714884696,0.01588855044734768,0.07462686567164178,False,0.17819706498951782,75,0.2,0.11020964360587002,0.016952905118831105,0.004975124378109453,True,0.04402515723270439
YFT,38,39,477,43,10,0.11740041928721175,0.8,0.1090566037735849,0.01634055474545135,0.32338308457711445,False,0.11949685534591195,225,0.8,0.11088050314465409,0.018445656190715684,0.34328358208955223,False,0.0020964360587002046
YFT,38,40,477,43,10,0.1278825995807128,0.2,0.10988469601677149,0.01760950792324824,0.18407960199004975,False,0.1278825995807128,900,0.2,0.10988469601677149,0.01760950792324824,0.18407960199004975,False,0.0
YFT,38,41,477,43,10,0.11320754716981132,0.5,0.10958071278825995,0.017007792941546244,0.4626865671641791,False,0.1320754716981132,150,0.8,0.10964360587002096,0.01651270487780343,0.09950248756218906,False,0.018867924528301883
YFT,38,42,477,43,10,0.10062893081761007,0.8,0.1091404612159329,0.016881271067320843,0.681592039800995,False,0.11740041928721175,100,0.2,0.110020964360587,0.01747439315194744,0.34328358208955223,False,0.016771488469601678
YFT,38,43,477,43,10,0.15513626834381553,0.8,0.1109958071278826,0.01800750460902707,0.01990049751243781,True,0.15513626834381553,900,0.8,0.1109958071278826,0.01800750460902707,0.01990049751243781,True,0.0
YFT,38,44,477,43,10,0.09224318658280922,0.8,0.10854297693920335,0.017207542975377972,0.845771144278607,False,0.13626834381551362,225,0.2,0.11011530398322851,0.018239941217540124,0.07960199004975124,False,0.04402515723270439
YFT,38,45,477,43,10,0.10272536687631027,0.8,0.1080188679245283,0.01725048618826563,0.5920398009950248,False,0.12368972746331237,225,0.8,0.10860587002096436,0.017319177887836375,0.19900497512437812,False,0.0209643605870021
YFT,38,46,477,43,10,0.11530398322851153,0.2,0.1089727463312369,0.01615569351234711,0.36318407960199006,False,0.1278825995807128,75,0.5,0.11172955974842766,0.01591304831218375,0.19402985074626866,False,0.012578616352201269
YFT,38,47,477,43,10,0.11949685534591195,0.2,0.10989517819706497,0.018346694312988705,0.30845771144278605,False,0.14465408805031446,225,0.8,0.1099056603773585,0.017440839508990502,0.024875621890547265,True,0.02515723270440251
YFT,38,48,477,43,10,0.11949685534591195,0.2,0.1100524109014675,0.017283818378954773,0.32338308457711445,False,0.14255765199161424,300,0.5,0.11031446540880502,0.017125360818484103,0.024875621890547265,True,0.02306079664570229
YFT,38,49,477,43,10,0.1278825995807128,0.2,0.11137316561844864,0.016103630947328383,0.1691542288557214,False,0.14046121593291405,450,0.5,0.11024109014675051,0.016269194048374996,0.04975124378109453,True,0.012578616352201255
YFT,38,50,477,43,10,0.12368972746331237,0.2,0.11087002096436059,0.017506236195580067,0.22885572139303484,False,0.16352201257861634,225,0.5,0.10959119496855343,0.01708194466965648,0.004975124378109453,True,0.03983228511530397
YFT,38,51,477,43,10,0.14675052410901468,0.2,0.10868972746331236,0.017512442106155844,0.029850746268656716,True,0.16352201257861634,225,0.8,0.11041928721174003,0.016196857642726617,0.009950248756218905,True,0.016771488469601664
YFT,38,52,477,43,10,0.12368972746331237,0.5,0.10740041928721174,0.016702488087558205,0.16417910447761194,False,0.13626834381551362,60,0.8,0.110104821802935,0.018330556369663926,0.0845771144278607,False,0.012578616352201241
YFT,38,70,477,43,10,0.12159329140461216,0.8,0.10858490566037733,0.01634236239042967,0.21890547263681592,False,0.14255765199161424,150,0.2,0.10809224318658281,0.01822746832882866,0.03980099502487562,True,0.020964360587002087
YFT,38,71,477,43,10,0.10062893081761007,0.2,0.10963312368972745,0.01802050049256776,0.7064676616915423,False,0.14255765199161424,225,0.2,0.10874213836477989,0.017625845560986945,0.03980099502487562,True,0.041928721174004174
YFT,38,72,477,43,10,0.1111111111111111,0.5,0.10928721174004191,0.017715833742552183,0.4975124378109453,False,0.13417190775681342,225,0.2,0.1089308176100629,0.0180548362392467,0.0945273631840796,False,0.02306079664570232
YFT,38,73,477,43,10,0.10062893081761007,0.2,0.1090566037735849,0.016704140876964875,0.7064676616915423,False,0.1111111111111111,180,0.2,0.10920335429769391,0.016703122778033163,0.47761194029850745,False,0.010482180293501037
YFT,38,74,477,43,10,0.1069182389937107,0.5,0.11123689727463311,0.015403646030682323,0.6368159203980099,False,0.11320754716981132,150,0.2,0.1118448637316562,0.01698445478167999,0.47761194029850745,False,0.0062893081761006275
YFT,38,75,477,43,10,0.1278825995807128,0.5,0.10840670859538783,0.01666526361675836,0.13432835820895522,False,0.15723270440251572,180,0.5,0.1089098532494759,0.01630915428718367,0.004975124378109453,True,0.02935010482180292
YFT,38,76,477,43,10,0.11320754716981132,0.2,0.10922431865828092,0.01770547095413174,0.39800995024875624,False,0.1509433962264151,225,0.8,0.10803983228511531,0.016612551241315558,0.009950248756218905,True,0.037735849056603765
YFT,38,77,477,43,10,0.09853249475890985,0.2,0.10960167714884696,0.01708093939199575,0.746268656716418,False,0.14255765199161424,180,0.2,0.1111425576519916,0.016602710355250492,0.029850746268656716,True,0.04402515723270439
YFT,38,78,477,43,10,0.12368972746331237,0.5,0.10958071278825997,0.017491762957916598,0.22388059701492538,False,0.15723270440251572,225,0.2,0.10942348008385742,0.01779840406434997,0.004975124378109453,True,0.03354297693920334
YFT,39,40,477,43,10,0.12578616352201258,0.2,0.11188679245283017,0.01588458835219509,0.22388059701492538,False,0.129979035639413,900,0.2,0.11177148846960168,0.015683472065614965,0.15920398009950248,False,0.004192872117400409
YFT,39,41,477,43,10,0.10482180293501048,0.5,0.11084905660377357,0.01788411607850536,0.6417910447761194,False,0.14675052410901468,225,0.2,0.1108385744234801,0.017161111172706585,0.024875621890547265,True,0.0419287211740042
YFT,39,42,477,43,10,0.1111111111111111,0.5,0.11029350104821802,0.01699490633886011,0.5373134328358209,False,0.11949685534591195,75,0.5,0.11048218029350104,0.015323662095575938,0.2736318407960199,False,0.008385744234800846
YFT,39,43,477,43,10,0.14046121593291405,0.5,0.11068134171907758,0.0185715544725495,0.07960199004975124,False,0.14465408805031446,225,0.2,0.11048218029350103,0.01685948701622054,0.04975124378109453,True,0.004192872117400409
YFT,39,44,477,43,10,0.0859538784067086,0.2,0.11050314465408803,0.016549565205541867,0.9253731343283582,False,0.1278825995807128,60,0.5,0.110020964360587,0.018283506671328588,0.22885572139303484,False,0.0419287211740042
YFT,39,45,477,43,10,0.09643605870020965,0.8,0.10944444444444443,0.01636667015197737,0.7910447761194029,False,0.11740041928721175,60,0.5,0.10928721174004191,0.018660547554024274,0.35323383084577115,False,0.0209643605870021
YFT,39,46,477,43,10,0.14046121593291405,0.2,0.11063941299790356,0.01531564289131936,0.014925373134328358,True,0.14255765199161424,900,0.2,0.11075471698113207,0.015313728474031505,0.009950248756218905,True,0.0020964360587001907
YFT,39,47,477,43,10,0.1320754716981132,0.8,0.11049266247379455,0.016648301717795196,0.11940298507462686,False,0.13626834381551362,450,0.5,0.11081761006289309,0.016734628648245636,0.0845771144278607,False,0.004192872117400409
YFT,39,48,477,43,10,0.12578616352201258,0.8,0.10954926624737943,0.018550969572288047,0.20398009950248755,False,0.129979035639413,300,0.5,0.11084905660377359,0.01636348519113251,0.1691542288557214,False,0.004192872117400409
YFT,39,49,477,43,10,0.1069182389937107,0.5,0.1120964360587002,0.01736402328207265,0.6766169154228856,False,0.1320754716981132,100,0.2,0.11084905660377359,0.016433519254711065,0.10945273631840796,False,0.02515723270440251
YFT,39,50,477,43,10,0.11530398322851153,0.2,0.11156184486373165,0.017922284114161035,0.46766169154228854,False,0.16142557651991615,60,0.8,0.11078616352201257,0.016884485891288787,0.004975124378109453,True,0.046121593291404625
YFT,39,51,477,43,10,0.14465408805031446,0.5,0.1109433962264151,0.016292367267566978,0.014925373134328358,True,0.14465408805031446,900,0.5,0.11087002096436058,0.016202403039464637,0.014925373134328358,True,0.0
YFT,39,52,477,43,10,0.129979035639413,0.2,0.1109853249475891,0.016581629238669814,0.14925373134328357,False,0.1488469601677149,450,0.2,0.1111111111111111,0.01803544948888546,0.03980099502487562,True,0.01886792452830191
YFT,39,70,477,43,10,0.12159329140461216,0.8,0.11034591194968552,0.016623582060389483,0.2885572139303483,False,0.12368972746331237,900,0.8,0.11035639412997902,0.01669631181888666,0.2537313432835821,False,0.0020964360587002184
YFT,39,71,477,43,10,0.11949685534591195,0.2,0.11124737945492662,0.016816303782122406,0.373134328358209,False,0.13836477987421383,450,0.5,0.1109538784067086,0.018086731934621063,0.07960199004975124,False,0.018867924528301883
YFT,39,72,477,43,10,0.11320754716981132,0.8,0.110125786163522,0.017339839961167235,0.4626865671641791,False,0.129979035639413,60,0.8,0.11022012578616351,0.017942679414266034,0.12437810945273632,False,0.016771488469601664
YFT,39,73,477,43,10,0.0859538784067086,0.8,0.10937106918238994,0.01673736032298659,0.9253731343283582,False,0.1111111111111111,225,0.2,0.11131027253668763,0.01811560004484698,0.4925373134328358,False,0.02515723270440251
YFT,39,74,477,43,10,0.10272536687631027,0.8,0.1110901467505241,0.016743798449443584,0.7064676616915423,False,0.1111111111111111,450,0.5,0.11175052410901469,0.01656504834987488,0.5422885572139303,False,0.008385744234800832
YFT,39,75,477,43,10,0.12578616352201258,0.8,0.11029350104821802,0.016388910488358614,0.20398009950248755,False,0.1530398322851153,180,0.8,0.11018867924528301,0.016866873704711,0.01990049751243781,True,0.02725366876310273
YFT,39,76,477,43,10,0.11530398322851153,0.2,0.11124737945492662,0.016918434742447183,0.4129353233830846,False,0.12578616352201258,300,0.8,0.1121278825995807,0.018301638141647654,0.24378109452736318,False,0.01048218029350105
YFT,39,77,477,43,10,0.10272536687631027,0.8,0.11073375262054508,0.01624947439658807,0.7213930348258707,False,0.12368972746331237,100,0.2,0.11006289308176101,0.017818621995627462,0.1890547263681592,False,0.0209643605870021
YFT,39,78,477,43,10,0.1320754716981132,0.5,0.10948637316561843,0.018056790281623318,0.10945273631840796,False,0.13836477987421383,75,0.2,0.11107966457023062,0.019222746924696724,0.0845771144278607,False,0.0062893081761006275
YFT,40,41,477,43,10,0.11949685534591195,0.8,0.11127882599580712,0.017171468068591853,0.32338308457711445,False,0.129979035639413,150,0.5,0.10973794549266248,0.016907361163932145,0.13432835820895522,False,0.010482180293501037
YFT,40,42,477,43,10,0.11320754716981132,0.8,0.1109643605870021,0.01707363238094021,0.4925373134328358,False,0.11320754716981132,900,0.8,0.1109119496855346,0.016960833845789974,0.5024875621890548,False,0.0
YFT,40,43,477,43,10,0.14046121593291405,0.5,0.11246331236897272,0.0170767204595437,0.07462686567164178,False,0.14046121593291405,900,0.5,0.11246331236897272,0.0170767204595437,0.07462686567164178,False,0.0
YFT,40,44,477,43,10,0.11740041928721175,0.8,0.1109329140461216,0.01696367230802558,0.3582089552238806,False,0.1320754716981132,225,0.2,0.11265199161425576,0.016270822982911676,0.13432835820895522,False,0.01467505241090146
YFT,40,45,477,43,10,0.10272536687631027,0.8,0.11084905660377359,0.01605693325503668,0.7263681592039801,False,0.11949685534591195,60,0.8,0.11143605870020963,0.017908994982314623,0.3681592039800995,False,0.016771488469601678
YFT,40,46,477,43,10,0.11740041928721175,0.8,0.11033542976939202,0.014892876828202428,0.34328358208955223,False,0.13417190775681342,75,0.8,0.11216981132075471,0.01635951661829821,0.13432835820895522,False,0.016771488469601678
YFT,40,47,477,43,10,0.12578616352201258,0.2,0.11009433962264151,0.015200627152771118,0.16417910447761194,False,0.129979035639413,225,0.2,0.1109538784067086,0.01745033430949546,0.1691542288557214,False,0.004192872117400409
YFT,40,48,477,43,10,0.129979035639413,0.2,0.11041928721174003,0.01773801043797339,0.15422885572139303,False,0.13836477987421383,300,0.5,0.11,0.016195221268670124,0.05970149253731343,False,0.008385744234800846
YFT,40,49,477,43,10,0.11740041928721175,0.2,0.11137316561844864,0.017665431199559607,0.40298507462686567,False,0.1278825995807128,75,0.5,0.11120545073375261,0.015234472111178341,0.13930348258706468,False,0.01048218029350105
YFT,40,50,477,43,10,0.129979035639413,0.5,0.11263102725366875,0.017571414630543288,0.18407960199004975,False,0.1761006289308176,225,0.2,0.11213836477987421,0.0168908842837922,0.004975124378109453,True,0.04612159329140461
YFT,40,51,477,43,10,0.1530398322851153,0.8,0.11284067085953878,0.017199840332446332,0.014925373134328358,True,0.1530398322851153,900,0.8,0.11284067085953878,0.017199840332446332,0.014925373134328358,True,0.0
YFT,40,52,477,43,10,0.129979035639413,0.2,0.11196016771488469,0.01619411321318901,0.13432835820895522,False,0.13417190775681342,225,0.2,0.11181341719077569,0.01624066124658314,0.10945273631840796,False,0.004192872117400437
YFT,40,70,477,43,10,0.10272536687631027,0.8,0.11172955974842766,0.016520457181368384,0.736318407960199,False,0.1111111111111111,225,0.2,0.11112159329140461,0.017699853684098172,0.5174129353233831,False,0.008385744234800832
YFT,40,71,477,43,10,0.11740041928721175,0.2,0.1128825995807128,0.018786510519470907,0.44776119402985076,False,0.1320754716981132,60,0.8,0.11050314465408803,0.018451402508653743,0.14925373134328357,False,0.01467505241090146
YFT,40,72,477,43,10,0.11740041928721175,0.2,0.1120964360587002,0.016336431891030484,0.40298507462686567,False,0.1278825995807128,150,0.2,0.11275681341719078,0.01841940087894488,0.21890547263681592,False,0.01048218029350105
YFT,40,73,477,43,10,0.09643605870020965,0.5,0.11061844863731655,0.01639859348235711,0.8208955223880597,False,0.12368972746331237,150,0.2,0.11147798742138365,0.017340511821701588,0.23383084577114427,False,0.02725366876310273
YFT,40,74,477,43,10,0.08385744234800839,0.2,0.11147798742138364,0.015270874465376496,0.9751243781094527,False,0.1090146750524109,150,0.2,0.11323899371069182,0.018319127776409195,0.5920398009950248,False,0.02515723270440251
YFT,40,75,477,43,10,0.1320754716981132,0.5,0.1122012578616352,0.016888229751918202,0.13432835820895522,False,0.1320754716981132,100,0.5,0.11022012578616351,0.015166386302718939,0.07960199004975124,False,0.0
YFT,40,76,477,43,10,0.11949685534591195,0.2,0.11364779874213836,0.01712926799942501,0.39800995024875624,False,0.14675052410901468,225,0.5,0.11250524109014673,0.017225297269232043,0.04477611940298507,True,0.02725366876310273
YFT,40,77,477,43,10,0.09224318658280922,0.8,0.11124737945492662,0.016877918233517735,0.8805970149253731,False,0.12368972746331237,75,0.2,0.1109853249475891,0.019723101165195336,0.263681592039801,False,0.03144654088050315
YFT,40,78,477,43,10,0.1488469601677149,0.8,0.11141509433962264,0.016238104436358328,0.014925373134328358,True,0.1488469601677149,900,0.8,0.11141509433962264,0.016238104436358328,0.014925373134328358,True,0.0
YFT,41,42,477,43,10,0.09014675052410902,0.8,0.10970649895178196,0.016883194148512977,0.8955223880597015,False,0.11949685534591195,225,0.8,0.11059748427672955,0.016079694718840902,0.3383084577114428,False,0.029350104821802933
YFT,41,43,477,43,10,0.1278825995807128,0.2,0.11056603773584904,0.017388592114664165,0.1890547263681592,False,0.13836477987421383,180,0.2,0.10932914046121592,0.01576798000569977,0.05970149253731343,False,0.010482180293501037
YFT,41,44,477,43,10,0.11949685534591195,0.8,0.110083857442348,0.016219858476833878,0.30845771144278605,False,0.129979035639413,150,0.2,0.110125786163522,0.01646838772107149,0.12935323383084577,False,0.010482180293501037
YFT,41,45,477,43,10,0.10482180293501048,0.8,0.11080712788259958,0.01683903559511352,0.6716417910447762,False,0.1320754716981132,150,0.5,0.10973794549266248,0.0161333096419125,0.10945273631840796,False,0.02725366876310273
YFT,41,46,477,43,10,0.11740041928721175,0.2,0.1100314465408805,0.017534976798650185,0.40298507462686567,False,0.13626834381551362,75,0.5,0.11070230607966457,0.016900959208505827,0.05970149253731343,False,0.01886792452830187
YFT,41,47,477,43,10,0.12159329140461216,0.2,0.1109329140461216,0.017643964406934564,0.27860696517412936,False,0.14046121593291405,150,0.2,0.11046121593291405,0.0163991490285325,0.05970149253731343,False,0.018867924528301896
YFT,41,48,477,43,10,0.10482180293501048,0.2,0.11068134171907756,0.018829019583737734,0.6218905472636815,False,0.1320754716981132,300,0.8,0.10991614255765197,0.017727299318708794,0.12437810945273632,False,0.02725366876310273
YFT,41,49,477,43,10,0.11530398322851153,0.8,0.11181341719077569,0.017861057401209357,0.417910447761194,False,0.14046121593291405,150,0.8,0.11009433962264151,0.016986050880036626,0.04975124378109453,True,0.025157232704402524
YFT,41,50,477,43,10,0.10482180293501048,0.2,0.1100733752620545,0.016643259871625172,0.681592039800995,False,0.15932914046121593,150,0.5,0.11168763102725367,0.017850741801510903,0.009950248756218905,True,0.05450733752620546
YFT,41,51,477,43,10,0.1320754716981132,0.2,0.11047169811320755,0.01761567745177474,0.11442786069651742,False,0.14255765199161424,100,0.2,0.11155136268343815,0.016849777242804613,0.024875621890547265,True,0.010482180293501037
YFT,41,52,477,43,10,0.12368972746331237,0.2,0.11161425576519916,0.018362192639555117,0.27860696517412936,False,0.13836477987421383,150,0.8,0.10982180293501048,0.01580285649780906,0.05472636815920398,False,0.01467505241090146
YFT,41,70,477,43,10,0.10482180293501048,0.5,0.11104821802935011,0.01654865771021508,0.6865671641791045,False,0.1320754716981132,150,0.8,0.10973794549266247,0.01632789562717221,0.11442786069651742,False,0.02725366876310273
YFT,41,71,477,43,10,0.09853249475890985,0.8,0.1100733752620545,0.018021971134151816,0.7810945273631841,False,0.12578616352201258,150,0.2,0.109895178197065,0.01649445136635634,0.1890547263681592,False,0.02725366876310273
YFT,41,72,477,43,10,0.129979035639413,0.2,0.11122641509433961,0.016639543849520846,0.14427860696517414,False,0.14675052410901468,300,0.2,0.109958071278826,0.017275833339454698,0.01990049751243781,True,0.016771488469601692
YFT,41,73,477,43,10,0.09643605870020965,0.8,0.11062893081761006,0.017282173104403154,0.7960199004975125,False,0.12578616352201258,150,0.5,0.11023060796645702,0.015859611354635827,0.17412935323383086,False,0.029350104821802933
YFT,41,74,477,43,10,0.10482180293501048,0.8,0.11042976939203354,0.017910030853319794,0.6368159203980099,False,0.13626834381551362,225,0.2,0.11252620545073377,0.01642545364083218,0.08955223880597014,False,0.03144654088050314
YFT,41,75,477,43,10,0.13417190775681342,0.2,0.1119496855345912,0.018116090746413634,0.12437810945273632,False,0.1488469601677149,100,0.5,0.11241090146750525,0.017472623621301604,0.01990049751243781,True,0.014675052410901473
YFT,41,76,477,43,10,0.1320754716981132,0.5,0.11039832285115303,0.016526662419625488,0.09950248756218906,False,0.13417190775681342,150,0.8,0.109895178197065,0.01598859603065553,0.07960199004975124,False,0.0020964360587002184
YFT,41,77,477,43,10,0.10482180293501048,0.8,0.11148846960167713,0.01658578435463281,0.7014925373134329,False,0.1320754716981132,225,0.5,0.1100314465408805,0.018174486853299254,0.12935323383084577,False,0.02725366876310273
YFT,41,78,477,43,10,0.11740041928721175,0.8,0.11120545073375261,0.01739374487485896,0.39800995024875624,False,0.1278825995807128,300,0.8,0.10959119496855346,0.015983867703537356,0.13432835820895522,False,0.01048218029350105
YFT,42,43,477,43,10,0.11740041928721175,0.8,0.11061844863731655,0.015582317898763538,0.3781094527363184,False,0.11949685534591195,900,0.8,0.11049266247379455,0.015680965248432082,0.31840796019900497,False,0.0020964360587002046
YFT,42,44,477,43,10,0.09433962264150944,0.2,0.110125786163522,0.017063798545895417,0.8507462686567164,False,0.1111111111111111,180,0.2,0.11050314465408805,0.016962126186234203,0.43283582089552236,False,0.016771488469601664
YFT,42,45,477,43,10,0.10062893081761007,0.5,0.10907756813417191,0.017953105187827376,0.6915422885572139,False,0.1069182389937107,100,0.2,0.109895178197065,0.017259986535068352,0.5771144278606966,False,0.0062893081761006275
YFT,42,46,477,43,10,0.11949685534591195,0.8,0.109895178197065,0.015504712355640085,0.2935323383084577,False,0.13836477987421383,75,0.8,0.11120545073375261,0.016617097357372598,0.05970149253731343,False,0.018867924528301883
YFT,42,47,477,43,10,0.1111111111111111,0.2,0.11006289308176101,0.014635116120702486,0.48258706467661694,False,0.13417190775681342,300,0.5,0.10950733752620544,0.017250537399845323,0.0945273631840796,False,0.02306079664570232
YFT,42,48,477,43,10,0.11320754716981132,0.2,0.1100104821802935,0.016817433222964803,0.4577114427860697,False,0.12368972746331237,300,0.8,0.11011530398322851,0.015872943108523413,0.23383084577114427,False,0.01048218029350105
YFT,42,49,477,43,10,0.09643605870020965,0.5,0.11081761006289308,0.016379811681888155,0.835820895522388,False,0.11740041928721175,75,0.8,0.11023060796645702,0.01635325470938522,0.35323383084577115,False,0.0209643605870021
YFT,42,50,477,43,10,0.09643605870020965,0.2,0.11084905660377357,0.017174782885125292,0.8308457711442786,False,0.13626834381551362,225,0.5,0.11066037735849056,0.016572619581893915,0.07960199004975124,False,0.03983228511530397
YFT,42,51,477,43,10,0.13417190775681342,0.2,0.10966457023060797,0.016597272093928,0.08955223880597014,False,0.14046121593291405,300,0.8,0.1099685534591195,0.017798528151722736,0.03980099502487562,True,0.0062893081761006275
YFT,42,52,477,43,10,0.1069182389937107,0.2,0.11034591194968552,0.017684474265509505,0.582089552238806,False,0.12159329140461216,60,0.8,0.10973794549266247,0.017212881451083184,0.27860696517412936,False,0.01467505241090146
YFT,42,70,477,43,10,0.10272536687631027,0.2,0.11039832285115303,0.01789090999576447,0.6766169154228856,False,0.11320754716981132,180,0.5,0.11090146750524109,0.01732083877374676,0.44776119402985076,False,0.01048218029350105
YFT,42,71,477,43,10,0.0859538784067086,0.8,0.10968553459119496,0.017538481062104764,0.9303482587064676,False,0.12368972746331237,60,0.8,0.10923480083857441,0.016337090941720294,0.208955223880597,False,0.03773584905660378
YFT,42,72,477,43,10,0.10482180293501048,0.2,0.11165618448637316,0.01655176700942035,0.6965174129353234,False,0.11530398322851153,60,0.2,0.10943396226415095,0.018667280725951016,0.39800995024875624,False,0.01048218029350105
YFT,42,73,477,43,10,0.1069182389937107,0.5,0.10867924528301888,0.018817453598056772,0.5572139303482587,False,0.11320754716981132,180,0.5,0.10813417190775682,0.01553459695288395,0.3781094527363184,False,0.0062893081761006275
YFT,42,74,477,43,10,0.09643605870020965,0.2,0.11,0.014720747685971486,0.8606965174129353,False,0.11740041928721175,75,0.5,0.1101781970649895,0.016212650382155372,0.3283582089552239,False,0.0209643605870021
YFT,42,75,477,43,10,0.12159329140461216,0.2,0.11097484276729559,0.016511470993193004,0.25870646766169153,False,0.13626834381551362,60,0.2,0.10871069182389936,0.01700219197691891,0.07462686567164178,False,0.01467505241090146
YFT,42,76,477,43,10,0.0880503144654088,0.5,0.10943396226415093,0.0175400424849911,0.9104477611940298,False,0.11949685534591195,75,0.8,0.1109538784067086,0.015913242616374897,0.31840796019900497,False,0.03144654088050315
YFT,42,77,477,43,10,0.09433962264150944,0.2,0.10923480083857441,0.016989197127595092,0.8308457711442786,False,0.11320754716981132,75,0.2,0.11068134171907756,0.016435346910248085,0.42786069651741293,False,0.018867924528301883
YFT,42,78,477,43,10,0.10482180293501048,0.5,0.11026205450733752,0.01768562319064845,0.6318407960199005,False,0.12578616352201258,75,0.2,0.11074423480083859,0.016189120909147762,0.19900497512437812,False,0.0209643605870021
YFT,43,44,477,43,10,0.14465408805031446,0.8,0.11256813417190777,0.016373281015840718,0.03980099502487562,True,0.14465408805031446,450,0.2,0.11050314465408805,0.016368414195219276,0.024875621890547265,True,0.0
YFT,43,45,477,43,10,0.12578616352201258,0.8,0.11126834381551362,0.017199198289823324,0.20398009950248755,False,0.1278825995807128,225,0.2,0.11079664570230609,0.018113347523631754,0.208955223880597,False,0.0020964360587002184
YFT,43,46,477,43,10,0.13626834381551362,0.2,0.11058700209643604,0.014502850689377756,0.04975124378109453,True,0.13626834381551362,180,0.2,0.11112159329140461,0.01690723053601162,0.09950248756218906,False,0.0
YFT,43,47,477,43,10,0.15932914046121593,0.2,0.1120335429769392,0.015084913837496902,0.004975124378109453,True,0.15932914046121593,900,0.2,0.1120335429769392,0.015084913837496902,0.004975124378109453,True,0.0
YFT,43,48,477,43,10,0.14255765199161424,0.2,0.11054507337526204,0.018147407197810796,0.06467661691542288,False,0.14255765199161424,900,0.2,0.11054507337526204,0.018147407197810796,0.06467661691542288,False,0.0
YFT,43,49,477,43,10,0.1069182389937107,0.2,0.11154088050314463,0.016705909180542267,0.6368159203980099,False,0.14465408805031446,100,0.2,0.11077568134171907,0.015575885330650659,0.024875621890547265,True,0.037735849056603765
YFT,43,50,477,43,10,0.11740041928721175,0.8,0.11234800838574423,0.017567960936810297,0.38308457711442784,False,0.15932914046121593,225,0.8,0.11068134171907758,0.016464883741332228,0.014925373134328358,True,0.04192872117400419
YFT,43,51,477,43,10,0.12368972746331237,0.2,0.1110377358490566,0.01736716146116305,0.25870646766169153,False,0.13626834381551362,450,0.5,0.11087002096436059,0.015161638270711769,0.04975124378109453,True,0.012578616352201241
YFT,43,52,477,43,10,0.14255765199161424,0.8,0.11053459119496856,0.01720176631653289,0.03980099502487562,True,0.16352201257861634,450,0.8,0.1099685534591195,0.017296336504497734,0.004975124378109453,True,0.0209643605870021
YFT,43,70,477,43,10,0.12159329140461216,0.8,0.1120754716981132,0.01879090973265668,0.3383084577114428,False,0.1320754716981132,225,0.5,0.11042976939203353,0.01729268419201082,0.13432835820895522,False,0.01048218029350105
YFT,43,71,477,43,10,0.10062893081761007,0.2,0.11058700209643606,0.017995913811377856,0.7313432835820896,False,0.13417190775681342,180,0.2,0.10865828092243188,0.01647267866150035,0.07462686567164178,False,0.033542976939203356
YFT,43,72,477,43,10,0.13836477987421383,0.8,0.1119916142557652,0.017853738763450807,0.06467661691542288,False,0.14465408805031446,450,0.8,0.1111635220125786,0.01652532265966521,0.029850746268656716,True,0.0062893081761006275
YFT,43,73,477,43,10,0.12159329140461216,0.5,0.11047169811320753,0.016998034706003376,0.26865671641791045,False,0.12159329140461216,900,0.5,0.11047169811320753,0.016998034706003376,0.26865671641791045,False,0.0
YFT,43,74,477,43,10,0.12578616352201258,0.5,0.11165618448637318,0.016929086873016534,0.19402985074626866,False,0.1509433962264151,450,0.2,0.10993710691823899,0.015468032177600916,0.01990049751243781,True,0.02515723270440251
YFT,43,75,477,43,10,0.14046121593291405,0.2,0.11158280922431865,0.016807580892980702,0.04477611940298507,True,0.14046121593291405,900,0.2,0.11158280922431865,0.016807580892980702,0.04477611940298507,True,0.0
YFT,43,76,477,43,10,0.129979035639413,0.8,0.11127882599580712,0.016538578497264266,0.15422885572139303,False,0.13417190775681342,450,0.2,0.1108385744234801,0.016728385031295635,0.0945273631840796,False,0.004192872117400437
YFT,43,77,477,43,10,0.1278825995807128,0.5,0.11244234800838573,0.016447275433523725,0.19402985074626866,False,0.14046121593291405,225,0.5,0.11039832285115303,0.016113917116914424,0.05970149253731343,False,0.012578616352201255
YFT,43,78,477,43,10,0.13836477987421383,0.2,0.11128930817610062,0.018085315406959145,0.0845771144278607,False,0.14046121593291405,450,0.8,0.10976939203354297,0.015264513213805928,0.024875621890547265,True,0.0020964360587002184
YFT,44,45,477,43,10,0.06708595387840671,0.2,0.10881551362683439,0.0163535754583913,1.0,False,0.1069182389937107,100,0.8,0.11155136268343815,0.016714225959972406,0.6368159203980099,False,0.039832285115303984
YFT,44,46,477,43,10,0.1278825995807128,0.5,0.110104821802935,0.015392630557189696,0.14925373134328357,False,0.1320754716981132,75,0.5,0.11193920335429769,0.016901220560278252,0.13930348258706468,False,0.004192872117400409
YFT,44,47,477,43,10,0.11530398322851153,0.8,0.10855345911949688,0.015583993828861024,0.3781094527363184,False,0.14046121593291405,225,0.8,0.10932914046121592,0.017638922305248453,0.06965174129353234,False,0.025157232704402524
YFT,44,48,477,43,10,0.14255765199161424,0.2,0.10947589098532495,0.017176354868334652,0.04975124378109453,True,0.14255765199161424,900,0.2,0.10947589098532495,0.017176354868334652,0.04975124378109453,True,0.0
YFT,44,49,477,43,10,0.10062893081761007,0.2,0.11055555555555556,0.01655074954554724,0.7313432835820896,False,0.14046121593291405,100,0.2,0.11049266247379455,0.016895862040910696,0.05970149253731343,False,0.039832285115303984
YFT,44,50,477,43,10,0.1320754716981132,0.2,0.11066037735849056,0.01683835356258309,0.11442786069651742,False,0.1719077568134172,60,0.8,0.11143605870020963,0.01592872381118394,0.004975124378109453,True,0.039832285115303984
YFT,44,51,477,43,10,0.129979035639413,0.5,0.11033542976939202,0.01678505977254993,0.12935323383084577,False,0.14255765199161424,100,0.2,0.11314465408805031,0.017625344343319208,0.04975124378109453,True,0.012578616352201255
YFT,44,52,477,43,10,0.13417190775681342,0.2,0.110125786163522,0.015320649529528087,0.08955223880597014,False,0.15513626834381553,60,0.5,0.11075471698113207,0.01976054485371428,0.01990049751243781,True,0.0209643605870021
YFT,44,70,477,43,10,0.1069182389937107,0.8,0.10876310272536688,0.01676300576648001,0.5671641791044776,False,0.12578616352201258,300,0.2,0.1101781970649895,0.016152600264453792,0.1890547263681592,False,0.018867924528301883
YFT,44,71,477,43,10,0.10482180293501048,0.8,0.11115303983228511,0.018313680641799404,0.6467661691542289,False,0.129979035639413,180,0.5,0.10926624737945492,0.016520139672477282,0.11442786069651742,False,0.02515723270440251
YFT,44,72,477,43,10,0.11740041928721175,0.2,0.110041928721174,0.01703670030438193,0.38308457711442784,False,0.1320754716981132,60,0.2,0.11264150943396226,0.018345911829902875,0.1691542288557214,False,0.01467505241090146
YFT,44,73,477,43,10,0.09224318658280922,0.8,0.10954926624737946,0.016758311432779158,0.8756218905472637,False,0.11949685534591195,180,0.5,0.11024109014675051,0.014497561632432432,0.27860696517412936,False,0.02725366876310273
YFT,44,74,477,43,10,0.09224318658280922,0.8,0.10918238993710692,0.015787031539385335,0.8706467661691543,False,0.11740041928721175,225,0.2,0.11221174004192871,0.01737168808834903,0.4079601990049751,False,0.025157232704402524
YFT,44,75,477,43,10,0.13417190775681342,0.5,0.10959119496855346,0.014911591239205522,0.04477611940298507,True,0.13836477987421383,60,0.2,0.11150943396226415,0.01662386437984027,0.05472636815920398,False,0.004192872117400409
YFT,44,76,477,43,10,0.11949685534591195,0.2,0.11071278825995806,0.017634714756111176,0.3333333333333333,False,0.12368972746331237,75,0.2,0.11144654088050315,0.018589553502072476,0.2736318407960199,False,0.004192872117400423
YFT,44,77,477,43,10,0.10482180293501048,0.2,0.11061844863731657,0.01733610445133477,0.6268656716417911,False,0.1530398322851153,60,0.8,0.11135220125786165,0.015807747247259744,0.014925373134328358,True,0.04821802935010483
YFT,44,78,477,43,10,0.1278825995807128,0.2,0.11022012578616351,0.01728693598425547,0.15920398009950248,False,0.14465408805031446,75,0.2,0.1111425576519916,0.018518176960807084,0.05472636815920398,False,0.016771488469601664
YFT,45,46,477,43,10,0.11740041928721175,0.8,0.10964360587002094,0.014850834682751684,0.32338308457711445,False,0.129979035639413,100,0.8,0.11224318658280921,0.01725164161255279,0.1691542288557214,False,0.012578616352201241
YFT,45,47,477,43,10,0.09433962264150944,0.8,0.109853249475891,0.017676757673686816,0.8308457711442786,False,0.12368972746331237,225,0.8,0.1109853249475891,0.018020307461949815,0.24875621890547264,False,0.029350104821802933
YFT,45,48,477,43,10,0.11320754716981132,0.8,0.10940251572327042,0.01860337450266926,0.4427860696517413,False,0.14046121593291405,300,0.8,0.1099266247379455,0.016071561472586458,0.05472636815920398,False,0.02725366876310273
YFT,45,49,477,43,10,0.09853249475890985,0.2,0.11073375262054506,0.01865160962802708,0.7611940298507462,False,0.1320754716981132,100,0.8,0.10988469601677148,0.017053916951337924,0.11442786069651742,False,0.033542976939203356
YFT,45,50,477,43,10,0.11740041928721175,0.8,0.11080712788259958,0.017168943749060382,0.4129353233830846,False,0.16771488469601678,60,0.2,0.11100628930817608,0.01588380971907645,0.004975124378109453,True,0.050314465408805034
YFT,45,51,477,43,10,0.13417190775681342,0.8,0.11189727463312367,0.016588017965107543,0.0945273631840796,False,0.13836477987421383,150,0.2,0.11148846960167715,0.017839383419195585,0.0945273631840796,False,0.004192872117400409
YFT,45,52,477,43,10,0.12578616352201258,0.2,0.10818658280922432,0.01586314461223555,0.15422885572139303,False,0.129979035639413,60,0.8,0.11069182389937106,0.01749717880814628,0.13930348258706468,False,0.004192872117400409
YFT,45,70,477,43,10,0.07547169811320754,0.2,0.10833333333333332,0.017706640344781716,0.9701492537313433,False,0.09853249475890985,180,0.2,0.10791404612159329,0.018417074589119998,0.6965174129353234,False,0.023060796645702306
YFT,45,71,477,43,10,0.10482180293501048,0.2,0.11112159329140461,0.017750939233047287,0.6517412935323383,False,0.12578616352201258,150,0.8,0.11056603773584904,0.018360989821743272,0.208955223880597,False,0.0209643605870021
YFT,45,72,477,43,10,0.11530398322851153,0.2,0.10986373165618449,0.016945852437036512,0.43283582089552236,False,0.13626834381551362,150,0.8,0.11181341719077569,0.018412685015245116,0.08955223880597014,False,0.020964360587002087
YFT,45,73,477,43,10,0.09643605870020965,0.2,0.11020964360587002,0.017778306003439895,0.7910447761194029,False,0.11530398322851153,180,0.5,0.1101781970649895,0.01480570126733693,0.417910447761194,False,0.018867924528301883
YFT,45,74,477,43,10,0.08385744234800839,0.2,0.10894129979035638,0.01661321595580823,0.9502487562189055,False,0.09643605870020965,225,0.8,0.11208595387840671,0.018322021002158573,0.8059701492537313,False,0.012578616352201255
YFT,45,75,477,43,10,0.14465408805031446,0.8,0.11087002096436059,0.015206728290103864,0.024875621890547265,True,0.14465408805031446,900,0.8,0.11087002096436059,0.015206728290103864,0.024875621890547265,True,0.0
YFT,45,76,477,43,10,0.1111111111111111,0.8,0.11008385744234803,0.018184221042039404,0.4975124378109453,False,0.14046121593291405,300,0.5,0.1110901467505241,0.01723518311910327,0.05970149253731343,False,0.029350104821802947
YFT,45,77,477,43,10,0.06918238993710692,0.2,0.11028301886792452,0.0175096673773639,0.9950248756218906,False,0.1320754716981132,60,0.2,0.1130188679245283,0.019642929525211534,0.1890547263681592,False,0.06289308176100629
YFT,45,78,477,43,10,0.1090146750524109,0.5,0.11076519916142559,0.017044201320341783,0.5522388059701493,False,0.13836477987421383,90,0.5,0.10993710691823899,0.016254747085128782,0.03980099502487562,True,0.029350104821802933
YFT,46,47,477,43,10,0.12368972746331237,0.2,0.1088364779874214,0.015433923086805877,0.23880597014925373,False,0.14255765199161424,300,0.2,0.11162473794549266,0.015566038179235185,0.024875621890547265,True,0.01886792452830187
YFT,46,48,477,43,10,0.1320754716981132,0.2,0.10881551362683436,0.018067990601169523,0.12437810945273632,False,0.14046121593291405,60,0.8,0.11053459119496856,0.01624427817352538,0.03980099502487562,True,0.008385744234800846
YFT,46,49,477,43,10,0.14465408805031446,0.2,0.11218029350104822,0.016477879927987715,0.04477611940298507,True,0.14465408805031446,100,0.2,0.11146750524109013,0.015919032486567723,0.029850746268656716,True,0.0
YFT,46,50,477,43,10,0.1278825995807128,0.8,0.11151991614255767,0.016082716160731633,0.20398009950248755,False,0.15723270440251572,180,0.2,0.11084905660377357,0.016375627904973947,0.009950248756218905,True,0.02935010482180292
YFT,46,51,477,43,10,0.13626834381551362,0.2,0.10919287211740042,0.01611986097507486,0.05472636815920398,False,0.14465408805031446,300,0.2,0.11175052410901466,0.0156448677173842,0.03980099502487562,True,0.008385744234800846
YFT,46,52,477,43,10,0.1278825995807128,0.2,0.10924528301886792,0.015311824635328092,0.13432835820895522,False,0.14255765199161424,100,0.2,0.11070230607966457,0.01572442572019312,0.029850746268656716,True,0.014675052410901446
YFT,46,70,477,43,10,0.12578616352201258,0.8,0.1099056603773585,0.01434465861903475,0.15920398009950248,False,0.13626834381551362,300,0.2,0.11125786163522011,0.016057720685850523,0.0845771144278607,False,0.010482180293501037
YFT,46,71,477,43,10,0.11530398322851153,0.8,0.10998951781970648,0.01648576917944658,0.4129353233830846,False,0.13417190775681342,90,0.5,0.11075471698113207,0.015518594504218669,0.06965174129353234,False,0.018867924528301896
YFT,46,72,477,43,10,0.1278825995807128,0.5,0.11029350104821802,0.016137679414048436,0.15422885572139303,False,0.13836477987421383,100,0.2,0.11126834381551362,0.01661396040446664,0.06965174129353234,False,0.010482180293501037
YFT,46,73,477,43,10,0.1090146750524109,0.8,0.10963312368972748,0.016407776097075874,0.5472636815920398,False,0.11949685534591195,180,0.2,0.11078616352201257,0.01618865706504696,0.3034825870646766,False,0.01048218029350105
YFT,46,74,477,43,10,0.1069182389937107,0.8,0.10971698113207547,0.015198156948492473,0.6019900497512438,False,0.13626834381551362,75,0.5,0.11142557651991615,0.015921307617060627,0.07462686567164178,False,0.02935010482180292
YFT,46,75,477,43,10,0.129979035639413,0.5,0.11028301886792452,0.015454115328183774,0.1044776119402985,False,0.15513626834381553,100,0.5,0.11141509433962263,0.015777288175203522,0.009950248756218905,True,0.025157232704402538
YFT,46,76,477,43,10,0.1278825995807128,0.5,0.10916142557651991,0.016736568579093582,0.14925373134328357,False,0.1320754716981132,180,0.2,0.1118763102725367,0.015470227303369829,0.11442786069651742,False,0.004192872117400409
YFT,46,77,477,43,10,0.13417190775681342,0.8,0.10981132075471699,0.01542502339720424,0.05472636815920398,False,0.13836477987421383,100,0.2,0.11188679245283019,0.016390958708030125,0.0845771144278607,False,0.004192872117400409
YFT,46,78,477,43,10,0.13417190775681342,0.2,0.10970649895178196,0.017337547160499452,0.09950248756218906,False,0.14465408805031446,180,0.2,0.11123689727463311,0.01673542048391575,0.03980099502487562,True,0.010482180293501037
YFT,47,48,477,43,10,0.1278825995807128,0.2,0.11015723270440252,0.017851805796066253,0.1791044776119403,False,0.1320754716981132,300,0.2,0.11009433962264151,0.01657142014547935,0.12437810945273632,False,0.004192872117400409
YFT,47,49,477,43,10,0.12159329140461216,0.2,0.11128930817610062,0.017001386585077792,0.25870646766169153,False,0.13626834381551362,100,0.2,0.1100524109014675,0.01641342852371975,0.07960199004975124,False,0.01467505241090146
YFT,47,50,477,43,10,0.14255765199161424,0.8,0.11158280922431865,0.017350697986604137,0.029850746268656716,True,0.16981132075471697,225,0.5,0.10971698113207547,0.01664097727063939,0.004975124378109453,True,0.02725366876310273
YFT,47,51,477,43,10,0.11530398322851153,0.8,0.1100104821802935,0.016529999653628145,0.3781094527363184,False,0.15513626834381553,150,0.5,0.11133123689727462,0.017564449980790903,0.014925373134328358,True,0.039832285115304
YFT,47,52,477,43,10,0.14465408805031446,0.5,0.11036687631027252,0.01668289006628686,0.029850746268656716,True,0.15723270440251572,225,0.2,0.11058700209643606,0.01839164911163289,0.014925373134328358,True,0.012578616352201255
YFT,47,70,477,43,10,0.13836477987421383,0.5,0.11016771488469601,0.01780467249687209,0.07462686567164178,False,0.14675052410901468,225,0.8,0.10985324947589098,0.01877934085661173,0.03980099502487562,True,0.008385744234800846
YFT,47,71,477,43,10,0.10062893081761007,0.2,0.1118238993710692,0.018040885755115647,0.736318407960199,False,0.14465408805031446,180,0.2,0.10975890985324949,0.017224810040177035,0.03482587064676617,True,0.04402515723270439
YFT,47,72,477,43,10,0.13626834381551362,0.2,0.11149895178197067,0.01734132693507837,0.08955223880597014,False,0.14255765199161424,450,0.8,0.1119916142557652,0.01723950099113046,0.04975124378109453,True,0.0062893081761006275
YFT,47,73,477,43,10,0.1090146750524109,0.2,0.11039832285115304,0.01575072838893846,0.5422885572139303,False,0.11320754716981132,180,0.8,0.11079664570230609,0.01540667103813398,0.4527363184079602,False,0.004192872117400423
YFT,47,74,477,43,10,0.1111111111111111,0.2,0.11171907756813418,0.016329238060150467,0.5472636815920398,False,0.11530398322851153,225,0.2,0.1109119496855346,0.01829635177795548,0.4129353233830846,False,0.004192872117400423
YFT,47,75,477,43,10,0.12578616352201258,0.5,0.11159329140461217,0.017865301270048164,0.25870646766169153,False,0.14675052410901468,180,0.2,0.1111425576519916,0.018048275348094642,0.01990049751243781,True,0.0209643605870021
YFT,47,76,477,43,10,0.11530398322851153,0.5,0.11051362683438155,0.016771985575684427,0.39800995024875624,False,0.14046121593291405,225,0.8,0.11053459119496856,0.01782102330711903,0.06467661691542288,False,0.025157232704402524
YFT,47,77,477,43,10,0.11740041928721175,0.5,0.10907756813417191,0.01709612538747314,0.34328358208955223,False,0.13626834381551362,300,0.8,0.10949685534591197,0.01857204501898719,0.07462686567164178,False,0.01886792452830187
YFT,47,78,477,43,10,0.14046121593291405,0.2,0.11013626834381551,0.017414784549113972,0.05472636815920398,False,0.1509433962264151,225,0.2,0.10948637316561845,0.017730946184846042,0.01990049751243781,True,0.010482180293501037
YFT,48,49,477,43,10,0.09014675052410902,0.8,0.11057651991614253,0.018430332904665083,0.8706467661691543,False,0.13417190775681342,100,0.2,0.11045073375262053,0.01499671920455469,0.07960199004975124,False,0.04402515723270441
YFT,48,50,477,43,10,0.13626834381551362,0.5,0.11253668763102724,0.018216705535097726,0.10945273631840796,False,0.13626834381551362,900,0.5,0.11253668763102724,0.018216705535097726,0.10945273631840796,False,0.0
YFT,48,51,477,43,10,0.11740041928721175,0.5,0.11054507337526205,0.01692056570503431,0.38308457711442784,False,0.14255765199161424,100,0.2,0.1119182389937107,0.01617580056574629,0.05970149253731343,False,0.025157232704402496
YFT,48,52,477,43,10,0.1509433962264151,0.5,0.1110587002096436,0.01801270408760252,0.024875621890547265,True,0.1530398322851153,300,0.2,0.11069182389937106,0.01662600320910161,0.029850746268656716,True,0.0020964360587002184
YFT,48,70,477,43,10,0.12159329140461216,0.2,0.11036687631027255,0.018620960273909356,0.30845771144278605,False,0.13836477987421383,300,0.5,0.11022012578616351,0.016130352444946986,0.06467661691542288,False,0.016771488469601678
YFT,48,71,477,43,10,0.11740041928721175,0.8,0.11051362683438154,0.01696054736908396,0.3383084577114428,False,0.12368972746331237,60,0.2,0.11159329140461216,0.01737902545761503,0.23383084577114427,False,0.0062893081761006275
YFT,48,72,477,43,10,0.11949685534591195,0.2,0.11055555555555556,0.017315071213571443,0.3283582089552239,False,0.14465408805031446,300,0.5,0.11081761006289309,0.01642693599437038,0.014925373134328358,True,0.02515723270440251
YFT,48,73,477,43,10,0.11530398322851153,0.8,0.1100104821802935,0.01744653700936774,0.4079601990049751,False,0.129979035639413,180,0.2,0.11194968553459118,0.016000526336529444,0.12935323383084577,False,0.01467505241090146
YFT,48,74,477,43,10,0.12159329140461216,0.8,0.10927672955974842,0.017010685239247213,0.2537313432835821,False,0.13626834381551362,300,0.8,0.11060796645702306,0.016407025658331707,0.07960199004975124,False,0.01467505241090146
YFT,48,75,477,43,10,0.12578616352201258,0.2,0.11061844863731655,0.01629591511863417,0.21393034825870647,False,0.13417190775681342,90,0.2,0.11038784067085952,0.015278335342399826,0.06965174129353234,False,0.008385744234800846
YFT,48,76,477,43,10,0.1111111111111111,0.5,0.11074423480083859,0.01745729388112604,0.5024875621890548,False,0.14046121593291405,300,0.2,0.10985324947589098,0.01585214541199277,0.04975124378109453,True,0.029350104821802947
YFT,48,77,477,43,10,0.1069182389937107,0.2,0.1110377358490566,0.018446359612228274,0.5870646766169154,False,0.14046121593291405,300,0.8,0.11054507337526205,0.016038729055407652,0.05970149253731343,False,0.033542976939203356
YFT,48,78,477,43,10,0.12159329140461216,0.8,0.10975890985324949,0.01799732203609646,0.27860696517412936,False,0.13417190775681342,300,0.8,0.1099685534591195,0.016485662004728622,0.0945273631840796,False,0.012578616352201269
YFT,49,50,477,43,10,0.09853249475890985,0.2,0.11153039832285114,0.016717410154360877,0.7860696517412935,False,0.14046121593291405,100,0.2,0.11127882599580712,0.016399108625808883,0.029850746268656716,True,0.0419287211740042
YFT,49,51,477,43,10,0.14046121593291405,0.2,0.1120754716981132,0.017507071977356584,0.06467661691542288,False,0.14046121593291405,900,0.2,0.1120754716981132,0.017507071977356584,0.06467661691542288,False,0.0
YFT,49,52,477,43,10,0.11530398322851153,0.8,0.11150943396226415,0.017655992653910175,0.4427860696517413,False,0.13626834381551362,100,0.5,0.11042976939203354,0.015773844197607814,0.06467661691542288,False,0.020964360587002087
YFT,49,70,477,43,10,0.1111111111111111,0.2,0.11224318658280921,0.016018239682060363,0.5373134328358209,False,0.14046121593291405,100,0.2,0.11009433962264151,0.015720604896103295,0.024875621890547265,True,0.029350104821802947
YFT,49,71,477,43,10,0.1090146750524109,0.2,0.11379454926624738,0.017504952483218886,0.6517412935323383,False,0.1278825995807128,100,0.5,0.11035639412997904,0.017265973962254492,0.17412935323383086,False,0.018867924528301896
YFT,49,72,477,43,10,0.1090146750524109,0.5,0.11275681341719077,0.01644687258407511,0.6119402985074627,False,0.1320754716981132,100,0.2,0.11054507337526205,0.016231727656871156,0.11442786069651742,False,0.023060796645702306
YFT,49,73,477,43,10,0.10062893081761007,0.2,0.11196016771488469,0.016635428713935016,0.7761194029850746,False,0.1069182389937107,180,0.2,0.110083857442348,0.01718641986645516,0.6019900497512438,False,0.0062893081761006275
YFT,49,74,477,43,10,0.09224318658280922,0.5,0.1109643605870021,0.015997089001253382,0.8805970149253731,False,0.13836477987421383,100,0.8,0.11045073375262053,0.01707501319296929,0.05970149253731343,False,0.04612159329140461
YFT,49,75,477,43,10,0.12159329140461216,0.2,0.11186582809224317,0.01568693940366256,0.26865671641791045,False,0.14465408805031446,100,0.5,0.11070230607966457,0.015744077057785237,0.029850746268656716,True,0.023060796645702306
YFT,49,76,477,43,10,0.1090146750524109,0.2,0.1130188679245283,0.01776175111476792,0.6019900497512438,False,0.12159329140461216,100,0.8,0.109979035639413,0.016773911311147752,0.2835820895522388,False,0.012578616352201255
YFT,49,77,477,43,10,0.09643605870020965,0.2,0.11206498951781968,0.016797538711298854,0.845771144278607,False,0.13626834381551362,75,0.2,0.1109329140461216,0.01610341151061094,0.06965174129353234,False,0.03983228511530397
YFT,49,78,477,43,10,0.14675052410901468,0.2,0.11051362683438155,0.016335711974508726,0.014925373134328358,True,0.14675052410901468,900,0.2,0.11051362683438155,0.016335711974508726,0.014925373134328358,True,0.0
YFT,50,51,477,43,10,0.1111111111111111,0.5,0.11140461215932915,0.01629193347537169,0.5074626865671642,False,0.15513626834381553,100,0.2,0.11177148846960167,0.016235628842880427,0.009950248756218905,True,0.04402515723270442
YFT,50,52,477,43,10,0.12578616352201258,0.8,0.11104821802935011,0.016750286842368158,0.19900497512437812,False,0.1740041928721174,60,0.5,0.11183438155136269,0.01587247002470348,0.004975124378109453,True,0.04821802935010483
YFT,50,70,477,43,10,0.129979035639413,0.8,0.11128930817610062,0.016884067312048334,0.1691542288557214,False,0.16981132075471697,60,0.8,0.11127882599580712,0.015750616212652575,0.004975124378109453,True,0.039832285115303984
YFT,50,71,477,43,10,0.11740041928721175,0.2,0.11075471698113207,0.0186342542700539,0.3681592039800995,False,0.1488469601677149,60,0.5,0.11258909853249476,0.017175888753349813,0.014925373134328358,True,0.03144654088050315
YFT,50,72,477,43,10,0.11530398322851153,0.2,0.11158280922431868,0.016307376819543147,0.4427860696517413,False,0.1719077568134172,60,0.8,0.11160377358490566,0.015691074566197623,0.004975124378109453,True,0.05660377358490566
YFT,50,73,477,43,10,0.10482180293501048,0.2,0.11073375262054508,0.016996166850959674,0.6417910447761194,False,0.13417190775681342,100,0.5,0.11135220125786165,0.017474668045091346,0.11442786069651742,False,0.029350104821802947
YFT,50,74,477,43,10,0.11949685534591195,0.5,0.11061844863731657,0.016971742403816423,0.32338308457711445,False,0.1530398322851153,100,0.8,0.11359538784067086,0.016889691103719417,0.01990049751243781,True,0.033542976939203356
YFT,50,75,477,43,10,0.10482180293501048,0.2,0.1109119496855346,0.015665182813655504,0.6666666666666666,False,0.1530398322851153,100,0.8,0.11235849056603772,0.016040639556723225,0.004975124378109453,True,0.04821802935010483
YFT,50,76,477,43,10,0.12159329140461216,0.8,0.11160377358490566,0.01678856928107378,0.3383084577114428,False,0.1509433962264151,60,0.8,0.11139412997903562,0.016125203438029315,0.009950248756218905,True,0.029350104821802933
YFT,50,77,477,43,10,0.11530398322851153,0.5,0.11166666666666666,0.016974995389290405,0.4626865671641791,False,0.17819706498951782,100,0.5,0.11227463312368974,0.015678007252096594,0.004975124378109453,True,0.06289308176100629
YFT,50,78,477,43,10,0.13626834381551362,0.5,0.11027253668763101,0.017729155545853602,0.08955223880597014,False,0.16981132075471697,60,0.8,0.11196016771488469,0.01618183429280607,0.004975124378109453,True,0.033542976939203356
YFT,51,52,477,43,10,0.15932914046121593,0.2,0.11208595387840671,0.017138661573474667,0.009950248756218905,True,0.15932914046121593,900,0.2,0.11208595387840671,0.017138661573474667,0.009950248756218905,True,0.0
YFT,51,70,477,43,10,0.14255765199161424,0.2,0.109958071278826,0.01697404883482889,0.03980099502487562,True,0.14255765199161424,900,0.2,0.109958071278826,0.01697404883482889,0.03980099502487562,True,0.0
YFT,51,71,477,43,10,0.13417190775681342,0.8,0.11168763102725367,0.017553809100786702,0.10945273631840796,False,0.14465408805031446,450,0.2,0.10971698113207548,0.016808684641112952,0.029850746268656716,True,0.010482180293501037
YFT,51,72,477,43,10,0.129979035639413,0.8,0.11125786163522011,0.015986040351827137,0.13930348258706468,False,0.13836477987421383,300,0.2,0.11321802935010482,0.016686331722057433,0.08955223880597014,False,0.008385744234800846
YFT,51,73,477,43,10,0.1069182389937107,0.2,0.11062893081761006,0.016788217376577142,0.6019900497512438,False,0.13417190775681342,100,0.2,0.11075471698113208,0.015875965642166943,0.0845771144278607,False,0.02725366876310273
YFT,51,74,477,43,10,0.11530398322851153,0.8,0.11141509433962264,0.015309815973113922,0.39800995024875624,False,0.129979035639413,90,0.5,0.11190775681341719,0.01658684960131851,0.15920398009950248,False,0.01467505241090146
YFT,51,75,477,43,10,0.14255765199161424,0.2,0.11190775681341719,0.016895551586799958,0.05472636815920398,False,0.15513626834381553,90,0.5,0.11084905660377359,0.01512628714487033,0.009950248756218905,True,0.012578616352201283
YFT,51,76,477,43,10,0.14046121593291405,0.8,0.1108909853249476,0.016240824433569376,0.03980099502487562,True,0.14675052410901468,300,0.2,0.11070230607966454,0.01708163436517982,0.03980099502487562,True,0.0062893081761006275
YFT,51,77,477,43,10,0.14255765199161424,0.5,0.11179245283018867,0.015917405707637357,0.03482587064676617,True,0.1509433962264151,300,0.5,0.11190775681341719,0.01694384848395382,0.024875621890547265,True,0.008385744234800846
YFT,51,78,477,43,10,0.13626834381551362,0.2,0.11167714884696016,0.017643879914309116,0.0945273631840796,False,0.14465408805031446,150,0.2,0.11179245283018867,0.0165580338750215,0.03482587064676617,True,0.008385744234800846
YFT,52,70,477,43,10,0.11530398322851153,0.5,0.11076519916142559,0.017797262419926702,0.4427860696517413,False,0.129979035639413,225,0.2,0.11090146750524109,0.018153844060402942,0.14427860696517414,False,0.01467505241090146
YFT,52,71,477,43,10,0.1320754716981132,0.2,0.11048218029350104,0.01869210975141317,0.14427860696517414,False,0.14465408805031446,450,0.2,0.10933962264150943,0.017484675003158482,0.03980099502487562,True,0.012578616352201255
YFT,52,72,477,43,10,0.1111111111111111,0.2,0.11123689727463314,0.016936130235776697,0.5771144278606966,False,0.1509433962264151,225,0.8,0.1109958071278826,0.0174291348031135,0.014925373134328358,True,0.039832285115303984
YFT,52,73,477,43,10,0.10482180293501048,0.2,0.1099266247379455,0.017679977753797337,0.6368159203980099,False,0.11530398322851153,225,0.5,0.10977987421383646,0.016153256561023826,0.35323383084577115,False,0.01048218029350105
YFT,52,74,477,43,10,0.11530398322851153,0.2,0.10926624737945492,0.015602972763252643,0.39800995024875624,False,0.12159329140461216,90,0.5,0.11294549266247379,0.017217166433076907,0.32338308457711445,False,0.0062893081761006275
YFT,52,75,477,43,10,0.16142557651991615,0.2,0.11176100628930818,0.017064419797869754,0.004975124378109453,True,0.16142557651991615,900,0.2,0.11176100628930818,0.017064419797869754,0.004975124378109453,True,0.0
YFT,52,76,477,43,10,0.1111111111111111,0.2,0.11009433962264151,0.015238356853179275,0.5024875621890548,False,0.14255765199161424,225,0.5,0.110083857442348,0.018046455004651397,0.04975124378109453,True,0.03144654088050314
YFT,52,77,477,43,10,0.1111111111111111,0.2,0.11159329140461213,0.016638896778703977,0.5572139303482587,False,0.1530398322851153,60,0.2,0.11055555555555556,0.017898361508474774,0.01990049751243781,True,0.0419287211740042
YFT,52,78,477,43,10,0.12578616352201258,0.2,0.11118448637316561,0.01700865970862803,0.22885572139303484,False,0.16771488469601678,75,0.2,0.11137316561844864,0.017300345498066014,0.004975124378109453,True,0.0419287211740042
YFT,70,71,477,43,10,0.0859538784067086,0.2,0.10954926624737943,0.018120963514557855,0.9203980099502488,False,0.13417190775681342,180,0.5,0.1079979035639413,0.016583410605775496,0.05970149253731343,False,0.04821802935010483
YFT,70,72,477,43,10,0.1090146750524109,0.2,0.11058700209643604,0.017195104704548197,0.5572139303482587,False,0.1320754716981132,300,0.2,0.1120020964360587,0.017416762848385323,0.12935323383084577,False,0.023060796645702306
YFT,70,73,477,43,10,0.1069182389937107,0.5,0.11014675052410901,0.01669340143583553,0.5771144278606966,False,0.129979035639413,180,0.2,0.10980083857442349,0.015077294993035253,0.0945273631840796,False,0.02306079664570229
YFT,70,74,477,43,10,0.07966457023060797,0.8,0.10947589098532493,0.015839824490469917,0.9800995024875622,False,0.1090146750524109,90,0.2,0.11154088050314465,0.01828270638378275,0.5572139303482587,False,0.029350104821802933
YFT,70,75,477,43,10,0.12578616352201258,0.2,0.1110377358490566,0.016821950228017683,0.1890547263681592,False,0.13836477987421383,90,0.5,0.11097484276729559,0.01502687920057543,0.03482587064676617,True,0.012578616352201255
YFT,70,76,477,43,10,0.10272536687631027,0.2,0.109979035639413,0.017588880111835632,0.6567164179104478,False,0.12578616352201258,300,0.8,0.11072327044025157,0.017425180789174887,0.21890547263681592,False,0.023060796645702306
YFT,70,77,477,43,10,0.09224318658280922,0.2,0.11082809224318659,0.01745000524285542,0.8606965174129353,False,0.14255765199161424,100,0.5,0.1099056603773585,0.019701586743793544,0.05472636815920398,False,0.05031446540880502
YFT,70,78,477,43,10,0.11530398322851153,0.2,0.11035639412997902,0.017165910859125142,0.417910447761194,False,0.13836477987421383,90,0.8,0.1090880503144654,0.017374789926958525,0.03980099502487562,True,0.023060796645702306
YFT,71,72,477,43,10,0.1090146750524109,0.2,0.11024109014675051,0.01707074427952008,0.5572139303482587,False,0.13836477987421383,100,0.8,0.11155136268343815,0.016186600302040013,0.06467661691542288,False,0.029350104821802933
YFT,71,73,477,43,10,0.09224318658280922,0.2,0.11080712788259958,0.01731369360157562,0.8756218905472637,False,0.12159329140461216,180,0.5,0.11046121593291405,0.016282916115807473,0.29850746268656714,False,0.029350104821802933
YFT,71,74,477,43,10,0.09643605870020965,0.2,0.11188679245283017,0.016547856937714857,0.8407960199004975,False,0.12159329140461216,100,0.8,0.1110377358490566,0.017262567908176332,0.29850746268656714,False,0.02515723270440251
YFT,71,75,477,43,10,0.129979035639413,0.2,0.11162473794549266,0.01880695504548529,0.17412935323383086,False,0.14675052410901468,450,0.8,0.10960167714884697,0.01696677389168289,0.03482587064676617,True,0.016771488469601692
YFT,71,76,477,43,10,0.12578616352201258,0.8,0.11078616352201257,0.018108893473815942,0.18407960199004975,False,0.13836477987421383,180,0.5,0.10880503144654086,0.017045785345947292,0.05970149253731343,False,0.012578616352201255
YFT,71,77,477,43,10,0.10482180293501048,0.8,0.11148846960167713,0.01847911533354251,0.6616915422885572,False,0.14255765199161424,60,0.2,0.11123689727463311,0.018065597666508847,0.05970149253731343,False,0.037735849056603765
YFT,71,78,477,43,10,0.10482180293501048,0.2,0.1110587002096436,0.019131719732925916,0.6467661691542289,False,0.14046121593291405,450,0.2,0.10982180293501048,0.01749803395523678,0.04477611940298507,True,0.035639412997903575
YFT,72,73,477,43,10,0.09224318658280922,0.2,0.11081761006289309,0.01705231425355194,0.8905472636815921,False,0.1090146750524109,180,0.8,0.11062893081761008,0.014685899302428961,0.572139303482587,False,0.016771488469601678
YFT,72,74,477,43,10,0.10272536687631027,0.2,0.11292452830188679,0.015367813280129615,0.7562189054726368,False,0.11320754716981132,75,0.2,0.11344863731656182,0.01733381115655872,0.5074626865671642,False,0.01048218029350105
YFT,72,75,477,43,10,0.13417190775681342,0.8,0.11121593291404612,0.016839497918763355,0.0945273631840796,False,0.1488469601677149,90,0.5,0.11042976939203353,0.016251074729651982,0.01990049751243781,True,0.014675052410901473
YFT,72,76,477,43,10,0.1111111111111111,0.8,0.11186582809224319,0.01651409581331428,0.5472636815920398,False,0.14255765199161424,225,0.5,0.11069182389937109,0.01786071426214832,0.03980099502487562,True,0.03144654088050314
YFT,72,77,477,43,10,0.09014675052410902,0.8,0.11166666666666664,0.015879258818320648,0.9203980099502488,False,0.14465408805031446,100,0.5,0.11120545073375261,0.016700620238680904,0.03980099502487562,True,0.05450733752620544
YFT,72,78,477,43,10,0.13417190775681342,0.2,0.11013626834381551,0.01664708120039691,0.07960199004975124,False,0.15723270440251572,75,0.5,0.11149895178197063,0.01818432731486983,0.014925373134328358,True,0.02306079664570229
YFT,73,74,477,43,10,0.07337526205450734,0.2,0.1109853249475891,0.016724859592525447,0.9950248756218906,False,0.10482180293501048,180,0.8,0.11071278825995808,0.015530373908363388,0.6616915422885572,False,0.03144654088050314
YFT,73,75,477,43,10,0.11320754716981132,0.2,0.1100524109014675,0.017474440547625595,0.43283582089552236,False,0.12578616352201258,450,0.2,0.11066037735849056,0.01654861433603058,0.19900497512437812,False,0.012578616352201255
YFT,73,76,477,43,10,0.0880503144654088,0.2,0.1110272536687631,0.01655790382581102,0.9253731343283582,False,0.12578616352201258,180,0.8,0.11080712788259958,0.01482016368357486,0.15920398009950248,False,0.03773584905660378
YFT,73,77,477,43,10,0.09014675052410902,0.8,0.11,0.016048640536138144,0.9104477611940298,False,0.1069182389937107,180,0.8,0.11019916142557651,0.014190076993489483,0.6218905472636815,False,0.016771488469601678
YFT,73,78,477,43,10,0.09853249475890985,0.2,0.1099056603773585,0.018452416907044588,0.7661691542288557,False,0.1278825995807128,90,0.2,0.10929769392033542,0.01453316557597562,0.1044776119402985,False,0.029350104821802947
YFT,74,75,477,43,10,0.129979035639413,0.8,0.11049266247379454,0.017172030764400943,0.09950248756218906,False,0.14255765199161424,180,0.5,0.11119496855345912,0.016705304342624357,0.03980099502487562,True,0.012578616352201255
YFT,74,76,477,43,10,0.07756813417190776,0.2,0.11071278825995806,0.01635734631970862,0.9751243781094527,False,0.12578616352201258,150,0.5,0.11287211740041929,0.01847514694937766,0.2537313432835821,False,0.048218029350104816
YFT,74,77,477,43,10,0.08176100628930817,0.8,0.11034591194968554,0.01678488542919172,0.9552238805970149,False,0.11949685534591195,300,0.2,0.1111635220125786,0.017850123170869793,0.31840796019900497,False,0.03773584905660378
YFT,74,78,477,43,10,0.10062893081761007,0.2,0.109895178197065,0.017334043684989354,0.7014925373134329,False,0.1320754716981132,75,0.2,0.11247379454926623,0.01740447409914448,0.12437810945273632,False,0.03144654088050314
YFT,75,76,477,43,10,0.1278825995807128,0.8,0.11165618448637316,0.01691342445451175,0.21393034825870647,False,0.15513626834381553,180,0.5,0.10961215932914044,0.01698136943319041,0.009950248756218905,True,0.02725366876310273
YFT,75,77,477,43,10,0.129979035639413,0.8,0.1119287211740042,0.0159850455987997,0.15920398009950248,False,0.14465408805031446,180,0.8,0.10875262054507338,0.01585623749036184,0.014925373134328358,True,0.014675052410901473
YFT,75,78,477,43,10,0.129979035639413,0.8,0.11025157232704402,0.016468763222991897,0.12437810945273632,False,0.14675052410901468,90,0.2,0.11029350104821802,0.015599051399217238,0.024875621890547265,True,0.016771488469601692
YFT,76,77,477,43,10,0.10062893081761007,0.2,0.11236897274633124,0.017231351222933327,0.7562189054726368,False,0.14255765199161424,100,0.5,0.11129979035639413,0.018466478085731493,0.06965174129353234,False,0.041928721174004174
YFT,76,78,477,43,10,0.12578616352201258,0.2,0.10927672955974842,0.01723255278709265,0.21890547263681592,False,0.15932914046121593,180,0.8,0.11042976939203354,0.01749331276928998,0.004975124378109453,True,0.033542976939203356
YFT,77,78,477,43,10,0.14046121593291405,0.2,0.11136268343815513,0.017723623664648143,0.07960199004975124,False,0.1509433962264151,75,0.2,0.11119496855345912,0.0176653093028348,0.03482587064676617,True,0.010482180293501037
