subject,neuron_1,neuron_2,n_presentations,min_class_count,n_splits,FR_accuracy,FR_best_gamma,FR_null_mean,FR_null_sd,FR_p,FR_coding,TC_accuracy,TC_best_bin_ms,TC_best_gamma,TC_null_mean,TC_null_sd,TC_p,TC_coding,TC_minus_FR
YFM,16,17,114,4,4,0.08771929824561403,0.2,0.1012719298245614,0.029136992824244454,0.7014925373134329,False,0.18421052631578946,60,0.8,0.12175438596491225,0.03498353570909469,0.05472636815920398,False,0.09649122807017543
YFM,16,18,114,4,4,0.06140350877192982,0.5,0.10438596491228071,0.031103714947478756,0.945273631840796,False,0.16666666666666666,225,0.2,0.10701754385964911,0.031004103114560054,0.04975124378109453,True,0.10526315789473684
YFM,16,19,114,4,4,0.10526315789473684,0.5,0.10280701754385964,0.035133532640801476,0.48258706467661694,False,0.14912280701754385,100,0.5,0.11644736842105262,0.034765975038540904,0.19402985074626866,False,0.043859649122807015
YFM,16,20,114,4,4,0.08771929824561403,0.2,0.1025,0.03108602605086843,0.736318407960199,False,0.14035087719298245,100,0.2,0.11149122807017543,0.03312165699391857,0.22885572139303484,False,0.05263157894736842
YFM,16,21,114,4,4,0.10526315789473684,0.2,0.0987280701754386,0.032974322602837475,0.4527363184079602,False,0.17543859649122806,60,0.2,0.1212719298245614,0.03398420653064374,0.0845771144278607,False,0.07017543859649122
YFM,16,22,114,4,4,0.12280701754385964,0.5,0.10228070175438596,0.03352603255493024,0.27860696517412936,False,0.14912280701754385,100,0.8,0.11421052631578946,0.03456545102858518,0.19402985074626866,False,0.02631578947368421
YFM,16,23,114,4,4,0.09649122807017543,0.2,0.10421052631578948,0.03343502632543358,0.6169154228855721,False,0.13157894736842105,100,0.8,0.11350877192982456,0.036836437392260044,0.3283582089552239,False,0.03508771929824561
YFM,16,24,114,4,4,0.11403508771929824,0.2,0.10495614035087719,0.03262514049207708,0.4427860696517413,False,0.17543859649122806,300,0.2,0.10631578947368421,0.03540105182461777,0.04477611940298507,True,0.06140350877192982
YFM,16,25,114,4,4,0.07017543859649122,0.2,0.10245614035087719,0.03191074333968115,0.8805970149253731,False,0.12280701754385964,100,0.5,0.11754385964912281,0.036692980817496355,0.4527363184079602,False,0.05263157894736842
YFM,16,26,114,4,4,0.11403508771929824,0.2,0.10135964912280702,0.027735060751239746,0.3781094527363184,False,0.21929824561403508,90,0.8,0.11785087719298244,0.030672805333924687,0.004975124378109453,True,0.10526315789473684
YFM,16,34,114,4,4,0.07894736842105263,0.2,0.1045175438596491,0.032960013400977976,0.8208955223880597,False,0.19298245614035087,90,0.5,0.11894736842105262,0.032222809150867456,0.03482587064676617,True,0.11403508771929824
YFM,16,35,114,4,4,0.09649122807017543,0.2,0.10289473684210523,0.029921509588683483,0.6069651741293532,False,0.14035087719298245,100,0.8,0.11236842105263158,0.036005690087061955,0.21393034825870647,False,0.043859649122807015
YFM,16,36,114,4,4,0.09649122807017543,0.2,0.10565789473684209,0.033524389013833165,0.6616915422885572,False,0.17543859649122806,75,0.8,0.11710526315789473,0.035446787450840206,0.06467661691542288,False,0.07894736842105263
YFM,16,37,114,4,4,0.07017543859649122,0.2,0.10469298245614034,0.03313901773807581,0.8606965174129353,False,0.19298245614035087,75,0.5,0.11671052631578949,0.03655782036971667,0.04477611940298507,True,0.12280701754385964
YFM,16,38,114,4,4,0.07017543859649122,0.2,0.10614035087719298,0.0335440197386272,0.9054726368159204,False,0.12280701754385964,60,0.8,0.11802631578947366,0.035469115330924915,0.46766169154228854,False,0.05263157894736842
YFM,16,39,114,4,4,0.08771929824561403,0.8,0.10535087719298245,0.03154795367964226,0.7711442786069652,False,0.14912280701754385,60,0.5,0.12096491228070175,0.034972812819903686,0.25870646766169153,False,0.06140350877192982
YFM,16,40,114,4,4,0.10526315789473684,0.2,0.10065789473684209,0.03327711285929398,0.4626865671641791,False,0.14035087719298245,60,0.8,0.11478070175438596,0.03545799404189407,0.263681592039801,False,0.03508771929824561
YFM,16,41,114,4,4,0.14912280701754385,0.5,0.10293859649122805,0.034188846755569935,0.12437810945273632,False,0.21929824561403508,100,0.5,0.11289473684210527,0.032895809439152865,0.004975124378109453,True,0.07017543859649122
YFM,16,42,114,4,4,0.08771929824561403,0.2,0.10416666666666664,0.03190077543120141,0.7014925373134329,False,0.12280701754385964,75,0.2,0.1187719298245614,0.03590298562850499,0.46766169154228854,False,0.03508771929824561
YFM,16,43,114,4,4,0.08771929824561403,0.2,0.10074561403508771,0.030665240689307465,0.6965174129353234,False,0.14912280701754385,100,0.5,0.11149122807017545,0.03647726813046751,0.15422885572139303,False,0.06140350877192982
YFM,16,44,114,4,4,0.13157894736842105,0.2,0.10258771929824562,0.03343083384743985,0.20398009950248755,False,0.17543859649122806,100,0.2,0.11276315789473684,0.034357173759375234,0.05472636815920398,False,0.043859649122807015
YFM,16,45,114,4,4,0.08771929824561403,0.5,0.1037280701754386,0.03136908407070728,0.7114427860696517,False,0.16666666666666666,90,0.2,0.11574561403508772,0.035260281609037394,0.0845771144278607,False,0.07894736842105263
YFM,16,46,114,4,4,0.08771929824561403,0.8,0.10539473684210524,0.031870943992628346,0.7213930348258707,False,0.15789473684210525,100,0.8,0.11776315789473685,0.036027671593081914,0.1691542288557214,False,0.07017543859649122
YFM,16,47,114,4,4,0.09649122807017543,0.8,0.10258771929824562,0.031415397053437016,0.6169154228855721,False,0.13157894736842105,225,0.5,0.10671052631578946,0.030612235836269687,0.25870646766169153,False,0.03508771929824561
YFM,16,48,114,4,4,0.06140350877192982,0.2,0.10162280701754386,0.034669524747435745,0.9104477611940298,False,0.17543859649122806,100,0.5,0.11557017543859648,0.03349138580202886,0.06467661691542288,False,0.11403508771929824
YFM,16,49,114,4,4,0.08771929824561403,0.8,0.09991228070175438,0.03226058636016324,0.6865671641791045,False,0.16666666666666666,90,0.8,0.11635964912280702,0.032661860451390655,0.08955223880597014,False,0.07894736842105263
YFM,16,50,114,4,4,0.08771929824561403,0.8,0.10140350877192983,0.02884144931024391,0.7213930348258707,False,0.15789473684210525,60,0.8,0.11978070175438596,0.03571680503777339,0.21393034825870647,False,0.07017543859649122
YFM,16,62,114,4,4,0.09649122807017543,0.2,0.10644736842105262,0.029504659095153613,0.6666666666666666,False,0.13157894736842105,225,0.2,0.10657894736842106,0.033770913678266054,0.27860696517412936,False,0.03508771929824561
YFM,16,63,114,4,4,0.12280701754385964,0.8,0.10364035087719298,0.03486748191314629,0.3034825870646766,False,0.14912280701754385,180,0.2,0.1107456140350877,0.03451482291555945,0.16417910447761194,False,0.02631578947368421
YFM,16,64,114,4,4,0.08771929824561403,0.2,0.10210526315789473,0.03265668070141008,0.6965174129353234,False,0.14035087719298245,100,0.2,0.11280701754385963,0.03777343684900499,0.22388059701492538,False,0.05263157894736842
YFM,16,65,114,4,4,0.11403508771929824,0.2,0.10469298245614034,0.03169575773678425,0.42786069651741293,False,0.16666666666666666,75,0.5,0.11925438596491227,0.034454947340944675,0.11940298507462686,False,0.05263157894736842
YFM,16,66,114,4,4,0.08771929824561403,0.2,0.1000438596491228,0.031266113097274194,0.7014925373134329,False,0.19298245614035087,100,0.2,0.11521929824561403,0.036361409224758195,0.04975124378109453,True,0.10526315789473684
YFM,16,67,114,4,4,0.14035087719298245,0.2,0.10460526315789473,0.030803128564470907,0.16417910447761194,False,0.17543859649122806,225,0.5,0.10671052631578946,0.03297174271390755,0.04477611940298507,True,0.03508771929824561
YFM,16,68,114,4,4,0.07894736842105263,0.5,0.10342105263157894,0.03053398070242706,0.8208955223880597,False,0.16666666666666666,300,0.2,0.10381578947368421,0.034101650533954274,0.05970149253731343,False,0.08771929824561403
YFM,16,69,114,4,4,0.10526315789473684,0.2,0.10109649122807017,0.032381983279142254,0.4626865671641791,False,0.13157894736842105,75,0.5,0.11776315789473685,0.03623101530745235,0.3681592039800995,False,0.02631578947368421
YFM,16,70,114,4,4,0.08771929824561403,0.2,0.10232456140350876,0.02852651710392115,0.7412935323383084,False,0.13157894736842105,225,0.5,0.11206140350877193,0.03419970238623918,0.2935323383084577,False,0.043859649122807015
YFM,16,71,114,4,4,0.12280701754385964,0.5,0.10355263157894737,0.029972994614920524,0.2935323383084577,False,0.16666666666666666,225,0.8,0.10548245614035089,0.03156568995961569,0.04477611940298507,True,0.043859649122807015
YFM,16,72,114,4,4,0.10526315789473684,0.2,0.10162280701754385,0.03162492245290107,0.46766169154228854,False,0.14035087719298245,100,0.8,0.11451754385964913,0.03738405585195933,0.2537313432835821,False,0.03508771929824561
YFM,16,73,114,4,4,0.11403508771929824,0.5,0.10157894736842105,0.030795878439478404,0.35323383084577115,False,0.14912280701754385,90,0.5,0.11614035087719297,0.035419396829200506,0.22885572139303484,False,0.03508771929824561
YFM,16,74,114,4,4,0.08771929824561403,0.2,0.10421052631578949,0.031209947521286488,0.7512437810945274,False,0.14912280701754385,225,0.5,0.1106140350877193,0.0324875173272972,0.14427860696517414,False,0.06140350877192982
YFM,16,75,114,4,4,0.12280701754385964,0.2,0.10214912280701753,0.033334696306994434,0.2935323383084577,False,0.14912280701754385,100,0.2,0.11793859649122806,0.03656310841933717,0.208955223880597,False,0.02631578947368421
YFM,16,76,114,4,4,0.07894736842105263,0.2,0.10289473684210527,0.03193436303075368,0.8258706467661692,False,0.13157894736842105,100,0.5,0.1113157894736842,0.03623050837118315,0.2935323383084577,False,0.05263157894736842
YFM,16,77,114,4,4,0.08771929824561403,0.2,0.10324561403508772,0.03404414337421551,0.7263681592039801,False,0.14912280701754385,100,0.5,0.11175438596491226,0.03642051279560557,0.14925373134328357,False,0.06140350877192982
YFM,16,78,114,4,4,0.07017543859649122,0.2,0.10192982456140351,0.031908319818679136,0.8905472636815921,False,0.14035087719298245,100,0.2,0.11407894736842104,0.03716933701336943,0.20398009950248755,False,0.07017543859649122
YFM,16,79,114,4,4,0.09649122807017543,0.2,0.10328947368421051,0.030972128455308598,0.6169154228855721,False,0.16666666666666666,60,0.5,0.12539473684210525,0.0346530144662459,0.13432835820895522,False,0.07017543859649122
YFM,16,80,114,4,4,0.08771929824561403,0.2,0.10333333333333332,0.03215698303883847,0.7213930348258707,False,0.14035087719298245,100,0.5,0.11333333333333333,0.03665460277764708,0.23880597014925373,False,0.05263157894736842
YFM,16,81,114,4,4,0.14912280701754385,0.2,0.10302631578947369,0.03080388172635539,0.08955223880597014,False,0.20175438596491227,75,0.8,0.11859649122807017,0.03512032338665038,0.024875621890547265,True,0.05263157894736842
YFM,16,82,114,4,4,0.06140350877192982,0.2,0.10337719298245612,0.03039802024679224,0.9402985074626866,False,0.15789473684210525,60,0.5,0.1163157894736842,0.03475821657934021,0.15422885572139303,False,0.09649122807017543
YFM,16,83,114,4,4,0.09649122807017543,0.2,0.10245614035087719,0.03397649716491253,0.5870646766169154,False,0.13157894736842105,225,0.8,0.10640350877192983,0.031293463057448005,0.2736318407960199,False,0.03508771929824561
YFM,16,84,114,4,4,0.10526315789473684,0.2,0.09995614035087719,0.03230978029213235,0.4925373134328358,False,0.12280701754385964,60,0.2,0.12114035087719298,0.03354851502769093,0.5323383084577115,False,0.017543859649122806
YFM,16,85,114,4,4,0.09649122807017543,0.8,0.10425438596491227,0.03308179497952176,0.6069651741293532,False,0.15789473684210525,300,0.2,0.10565789473684212,0.03284861146504818,0.07462686567164178,False,0.06140350877192982
YFM,16,86,114,4,4,0.14912280701754385,0.2,0.10346491228070175,0.032529236876939926,0.12935323383084577,False,0.20175438596491227,75,0.5,0.11587719298245613,0.032734143236693436,0.014925373134328358,True,0.05263157894736842
YFM,16,87,114,4,4,0.12280701754385964,0.2,0.1018421052631579,0.030838914785758998,0.29850746268656714,False,0.14912280701754385,60,0.2,0.11653508771929826,0.03425550925402662,0.20398009950248755,False,0.02631578947368421
YFM,16,88,114,4,4,0.07017543859649122,0.2,0.10179824561403508,0.03529535562346578,0.845771144278607,False,0.13157894736842105,60,0.8,0.12267543859649123,0.03436932629056507,0.4228855721393035,False,0.06140350877192982
YFM,16,89,114,4,4,0.11403508771929824,0.5,0.10543859649122807,0.03216660108745901,0.43283582089552236,False,0.16666666666666666,60,0.8,0.12135964912280701,0.034101650533954274,0.13930348258706468,False,0.05263157894736842
YFM,16,90,114,4,4,0.07894736842105263,0.2,0.10114035087719297,0.03341593907034957,0.7860696517412935,False,0.16666666666666666,75,0.8,0.11789473684210527,0.033826856414693546,0.06965174129353234,False,0.08771929824561403
YFM,16,91,114,4,4,0.14035087719298245,0.8,0.10359649122807017,0.03114582935916475,0.14427860696517414,False,0.14912280701754385,75,0.8,0.11885964912280703,0.03344878552473622,0.19900497512437812,False,0.008771929824561403
YFM,16,92,114,4,4,0.14035087719298245,0.2,0.105,0.035108761212458935,0.21393034825870647,False,0.15789473684210525,100,0.2,0.11504385964912281,0.035906620243806794,0.12935323383084577,False,0.017543859649122806
YFM,16,93,114,4,4,0.10526315789473684,0.2,0.10482456140350876,0.035370346353814086,0.5024875621890548,False,0.16666666666666666,60,0.8,0.12285087719298245,0.035290973277980454,0.13432835820895522,False,0.06140350877192982
YFM,16,94,114,4,4,0.11403508771929824,0.2,0.10486842105263157,0.03172282869530611,0.417910447761194,False,0.19298245614035087,60,0.5,0.11912280701754385,0.035311373944575404,0.03980099502487562,True,0.07894736842105263
YFM,17,18,114,4,4,0.12280701754385964,0.2,0.10293859649122807,0.029026370946098348,0.31840796019900497,False,0.19298245614035087,150,0.5,0.11552631578947369,0.03495644578501664,0.03980099502487562,True,0.07017543859649122
YFM,17,19,114,4,4,0.12280701754385964,0.2,0.10425438596491228,0.03657875656579126,0.34328358208955223,False,0.18421052631578946,75,0.2,0.1194298245614035,0.03567434220899387,0.05970149253731343,False,0.06140350877192982
YFM,17,20,114,4,4,0.07017543859649122,0.2,0.09864035087719297,0.029554678901371895,0.8606965174129353,False,0.17543859649122806,75,0.2,0.1194298245614035,0.03559838974796652,0.0845771144278607,False,0.10526315789473684
YFM,17,21,114,4,4,0.06140350877192982,0.5,0.10425438596491228,0.032181233038955655,0.9303482587064676,False,0.20175438596491227,60,0.2,0.11298245614035085,0.0347283901746359,0.014925373134328358,True,0.14035087719298245
YFM,17,22,114,4,4,0.13157894736842105,0.2,0.10552631578947366,0.03437419172444054,0.2736318407960199,False,0.21929824561403508,75,0.8,0.1194298245614035,0.0364251573230252,0.01990049751243781,True,0.08771929824561403
YFM,17,23,114,4,4,0.10526315789473684,0.8,0.10429824561403508,0.03279550992556137,0.4925373134328358,False,0.16666666666666666,150,0.8,0.11407894736842106,0.03434704336551228,0.0945273631840796,False,0.06140350877192982
YFM,17,24,114,4,4,0.10526315789473684,0.5,0.10486842105263157,0.031917255640534305,0.527363184079602,False,0.18421052631578946,90,0.5,0.11675438596491228,0.033755338483766106,0.04477611940298507,True,0.07894736842105263
YFM,17,25,114,4,4,0.10526315789473684,0.2,0.10552631578947366,0.03152244987684112,0.5024875621890548,False,0.14912280701754385,90,0.8,0.11741228070175438,0.03653115694858038,0.263681592039801,False,0.043859649122807015
YFM,17,26,114,4,4,0.10526315789473684,0.8,0.10315789473684209,0.032528553381292555,0.4925373134328358,False,0.18421052631578946,75,0.2,0.11771929824561404,0.03416488997945803,0.04477611940298507,True,0.07894736842105263
YFM,17,34,114,4,4,0.10526315789473684,0.2,0.1064035087719298,0.03355911691368999,0.527363184079602,False,0.20175438596491227,75,0.2,0.12276315789473685,0.037982272388199435,0.01990049751243781,True,0.09649122807017543
YFM,17,35,114,4,4,0.15789473684210525,0.2,0.10657894736842105,0.03215205267379306,0.0845771144278607,False,0.15789473684210525,100,0.8,0.11614035087719296,0.03451261026622056,0.16417910447761194,False,0.0
YFM,17,36,114,4,4,0.16666666666666666,0.2,0.10539473684210526,0.03223285741235614,0.04477611940298507,True,0.21929824561403508,100,0.8,0.11736842105263158,0.03507184689042258,0.014925373134328358,True,0.05263157894736842
YFM,17,37,114,4,4,0.13157894736842105,0.5,0.10416666666666669,0.032844373564887584,0.2537313432835821,False,0.20175438596491227,60,0.2,0.11732456140350876,0.035779972524181816,0.024875621890547265,True,0.07017543859649122
YFM,17,38,114,4,4,0.07894736842105263,0.2,0.10236842105263158,0.030955551035352986,0.8407960199004975,False,0.14912280701754385,60,0.2,0.11850877192982455,0.03627956827405644,0.22885572139303484,False,0.07017543859649122
YFM,17,39,114,4,4,0.16666666666666666,0.5,0.10320175438596492,0.03025905306102942,0.03980099502487562,True,0.18421052631578946,100,0.2,0.11662280701754385,0.031594585791513814,0.01990049751243781,True,0.017543859649122806
YFM,17,40,114,4,4,0.13157894736842105,0.2,0.10513157894736841,0.031992036711905814,0.21393034825870647,False,0.14912280701754385,180,0.2,0.11096491228070175,0.03136060854277173,0.14925373134328357,False,0.017543859649122806
YFM,17,41,114,4,4,0.10526315789473684,0.2,0.1018421052631579,0.03325215038244643,0.4925373134328358,False,0.23684210526315788,100,0.2,0.11666666666666664,0.03518675963125457,0.009950248756218905,True,0.13157894736842105
YFM,17,42,114,4,4,0.11403508771929824,0.2,0.10741228070175439,0.03237672889658377,0.46766169154228854,False,0.15789473684210525,150,0.2,0.11175438596491227,0.03328062760594409,0.09950248756218906,False,0.043859649122807015
YFM,17,43,114,4,4,0.12280701754385964,0.2,0.10350877192982455,0.031901532980397815,0.29850746268656714,False,0.18421052631578946,75,0.5,0.11732456140350876,0.03542155283508578,0.06467661691542288,False,0.06140350877192982
YFM,17,44,114,4,4,0.08771929824561403,0.2,0.10276315789473683,0.03176034838861339,0.7213930348258707,False,0.18421052631578946,150,0.2,0.11100877192982456,0.033412322831793385,0.04477611940298507,True,0.09649122807017543
YFM,17,45,114,4,4,0.12280701754385964,0.2,0.10486842105263157,0.031094980563732267,0.3283582089552239,False,0.15789473684210525,75,0.2,0.11960526315789473,0.03645168612706147,0.15920398009950248,False,0.03508771929824561
YFM,17,46,114,4,4,0.07894736842105263,0.5,0.105,0.03236971177197436,0.8159203980099502,False,0.17543859649122806,100,0.5,0.11574561403508771,0.03464073821353166,0.07960199004975124,False,0.09649122807017543
YFM,17,47,114,4,4,0.11403508771929824,0.8,0.10350877192982455,0.029665709480714772,0.4079601990049751,False,0.20175438596491227,100,0.2,0.11815789473684209,0.03624672681522516,0.024875621890547265,True,0.08771929824561403
YFM,17,48,114,4,4,0.12280701754385964,0.2,0.09741228070175438,0.03089663092454179,0.23383084577114427,False,0.17543859649122806,75,0.2,0.12004385964912281,0.03722214598524284,0.09950248756218906,False,0.05263157894736842
YFM,17,49,114,4,4,0.08771929824561403,0.2,0.10346491228070175,0.033385695265445735,0.7412935323383084,False,0.21052631578947367,75,0.8,0.12140350877192983,0.03470477799408715,0.014925373134328358,True,0.12280701754385964
YFM,17,50,114,4,4,0.08771929824561403,0.5,0.10228070175438596,0.03223240755719005,0.7164179104477612,False,0.17543859649122806,150,0.2,0.11276315789473683,0.029722971859091233,0.024875621890547265,True,0.08771929824561403
YFM,17,62,114,4,4,0.07017543859649122,0.2,0.1082017543859649,0.033593290956136376,0.8805970149253731,False,0.17543859649122806,60,0.2,0.11710526315789473,0.0362023222258984,0.06467661691542288,False,0.10526315789473684
YFM,17,63,114,4,4,0.13157894736842105,0.2,0.10315789473684209,0.03270637243828202,0.23880597014925373,False,0.17543859649122806,100,0.8,0.11947368421052632,0.036328242614300656,0.08955223880597014,False,0.043859649122807015
YFM,17,64,114,4,4,0.07017543859649122,0.2,0.10232456140350875,0.03114443267058767,0.900497512437811,False,0.18421052631578946,75,0.5,0.11732456140350876,0.03483819301681689,0.03482587064676617,True,0.11403508771929824
YFM,17,65,114,4,4,0.13157894736842105,0.2,0.1045175438596491,0.03245164268285258,0.24875621890547264,False,0.20175438596491227,100,0.2,0.11600877192982456,0.03500428124771317,0.01990049751243781,True,0.07017543859649122
YFM,17,66,114,4,4,0.07894736842105263,0.5,0.10057017543859648,0.03158332445886305,0.8059701492537313,False,0.19298245614035087,75,0.2,0.11745614035087719,0.0337828192759625,0.029850746268656716,True,0.11403508771929824
YFM,17,67,114,4,4,0.13157894736842105,0.2,0.10245614035087719,0.036116882399980635,0.2537313432835821,False,0.16666666666666666,75,0.2,0.12065789473684209,0.034671978307228776,0.10945273631840796,False,0.03508771929824561
YFM,17,68,114,4,4,0.11403508771929824,0.2,0.10311403508771928,0.0319317899382822,0.3880597014925373,False,0.21052631578947367,300,0.5,0.10684210526315788,0.03209198581395392,0.004975124378109453,True,0.09649122807017543
YFM,17,69,114,4,4,0.14035087719298245,0.5,0.10315789473684209,0.03300060837406342,0.15422885572139303,False,0.17543859649122806,75,0.8,0.11609649122807017,0.036054921845506877,0.05472636815920398,False,0.03508771929824561
YFM,17,70,114,4,4,0.10526315789473684,0.2,0.10298245614035087,0.031106698374174745,0.46766169154228854,False,0.15789473684210525,150,0.2,0.11478070175438596,0.034585776552176074,0.14427860696517414,False,0.05263157894736842
YFM,17,71,114,4,4,0.12280701754385964,0.5,0.10048245614035087,0.029506231687986977,0.24378109452736318,False,0.18421052631578946,225,0.5,0.11021929824561402,0.03530280436229614,0.029850746268656716,True,0.06140350877192982
YFM,17,72,114,4,4,0.12280701754385964,0.8,0.10407894736842105,0.031531862936338736,0.3283582089552239,False,0.17543859649122806,100,0.5,0.1124561403508772,0.035359522060278134,0.05970149253731343,False,0.05263157894736842
YFM,17,73,114,4,4,0.12280701754385964,0.2,0.10048245614035085,0.026901379342448514,0.23880597014925373,False,0.16666666666666666,225,0.8,0.11214912280701754,0.03504225984886209,0.07960199004975124,False,0.043859649122807015
YFM,17,74,114,4,4,0.13157894736842105,0.2,0.10596491228070175,0.033235517705484795,0.23880597014925373,False,0.18421052631578946,180,0.2,0.11289473684210527,0.03361667739417524,0.03482587064676617,True,0.05263157894736842
YFM,17,75,114,4,4,0.11403508771929824,0.2,0.10052631578947369,0.03390905809863289,0.3582089552238806,False,0.23684210526315788,180,0.5,0.10947368421052632,0.0363644132046934,0.004975124378109453,True,0.12280701754385964
YFM,17,76,114,4,4,0.11403508771929824,0.2,0.10232456140350876,0.02968235592795812,0.39800995024875624,False,0.18421052631578946,75,0.5,0.11820175438596489,0.03564463152198182,0.04975124378109453,True,0.07017543859649122
YFM,17,77,114,4,4,0.10526315789473684,0.2,0.10416666666666666,0.03235809284694809,0.5124378109452736,False,0.18421052631578946,100,0.2,0.11517543859649121,0.03545289561850688,0.04975124378109453,True,0.07894736842105263
YFM,17,78,114,4,4,0.09649122807017543,0.2,0.1057017543859649,0.032605845959246836,0.6517412935323383,False,0.19298245614035087,150,0.2,0.11236842105263158,0.03570373035216989,0.024875621890547265,True,0.09649122807017543
YFM,17,79,114,4,4,0.07017543859649122,0.2,0.10298245614035086,0.029655801877585018,0.8905472636815921,False,0.17543859649122806,100,0.8,0.1200877192982456,0.03419916533971054,0.07462686567164178,False,0.10526315789473684
YFM,17,80,114,4,4,0.14912280701754385,0.2,0.10359649122807017,0.03200306361011307,0.11442786069651742,False,0.19298245614035087,150,0.5,0.11328947368421051,0.033077119363501474,0.029850746268656716,True,0.043859649122807015
YFM,17,81,114,4,4,0.12280701754385964,0.5,0.10350877192982455,0.031889410033739136,0.31840796019900497,False,0.22807017543859648,150,0.8,0.11223684210526315,0.0338914643108524,0.009950248756218905,True,0.10526315789473684
YFM,17,82,114,4,4,0.11403508771929824,0.2,0.10517543859649123,0.03486651155795673,0.43781094527363185,False,0.16666666666666666,150,0.5,0.11214912280701754,0.03261921404675522,0.06467661691542288,False,0.05263157894736842
YFM,17,83,114,4,4,0.12280701754385964,0.8,0.10166666666666666,0.031155759561111374,0.2885572139303483,False,0.15789473684210525,100,0.2,0.11732456140350876,0.0364968467842845,0.14925373134328357,False,0.03508771929824561
YFM,17,84,114,4,4,0.10526315789473684,0.5,0.10070175438596492,0.0293506961559512,0.4975124378109453,False,0.16666666666666666,100,0.8,0.1169298245614035,0.03477901313621945,0.09950248756218906,False,0.06140350877192982
YFM,17,85,114,4,4,0.10526315789473684,0.8,0.10254385964912278,0.03155285589376405,0.5074626865671642,False,0.17543859649122806,75,0.8,0.11938596491228068,0.03698466977919853,0.0845771144278607,False,0.07017543859649122
YFM,17,86,114,4,4,0.13157894736842105,0.2,0.10486842105263157,0.032122544871385404,0.20398009950248755,False,0.21052631578947367,100,0.5,0.11732456140350876,0.03569341340129107,0.009950248756218905,True,0.07894736842105263
YFM,17,87,114,4,4,0.10526315789473684,0.2,0.10245614035087719,0.032736151274306395,0.5024875621890548,False,0.17543859649122806,75,0.2,0.11442982456140349,0.0316007043977988,0.05472636815920398,False,0.07017543859649122
YFM,17,88,114,4,4,0.13157894736842105,0.5,0.1045175438596491,0.030498343809134708,0.22388059701492538,False,0.17543859649122806,300,0.5,0.11008771929824562,0.03211595380087536,0.03980099502487562,True,0.043859649122807015
YFM,17,89,114,4,4,0.14912280701754385,0.2,0.10614035087719298,0.03276259862802521,0.13432835820895522,False,0.18421052631578946,225,0.2,0.11153508771929825,0.031244834667324715,0.024875621890547265,True,0.03508771929824561
YFM,17,90,114,4,4,0.12280701754385964,0.2,0.105,0.03335803221048833,0.3582089552238806,False,0.23684210526315788,100,0.5,0.11605263157894737,0.034963081992874824,0.004975124378109453,True,0.11403508771929824
YFM,17,91,114,4,4,0.12280701754385964,0.5,0.10364035087719298,0.03270445124542224,0.30845771144278605,False,0.19298245614035087,60,0.5,0.12008771929824562,0.033282370317864206,0.01990049751243781,True,0.07017543859649122
YFM,17,92,114,4,4,0.16666666666666666,0.2,0.10214912280701753,0.03312524659967275,0.04975124378109453,True,0.21052631578947367,75,0.2,0.1200877192982456,0.03598420556642339,0.01990049751243781,True,0.043859649122807015
YFM,17,93,114,4,4,0.11403508771929824,0.8,0.10254385964912281,0.03262528863941683,0.40298507462686567,False,0.21929824561403508,180,0.2,0.11043859649122806,0.03764166822714701,0.009950248756218905,True,0.10526315789473684
YFM,17,94,114,4,4,0.07894736842105263,0.2,0.10671052631578946,0.032901304113899646,0.835820895522388,False,0.19298245614035087,75,0.2,0.12201754385964911,0.03451205007932823,0.04975124378109453,True,0.11403508771929824
YFM,18,19,114,4,4,0.11403508771929824,0.8,0.10030701754385964,0.03246117342572683,0.3333333333333333,False,0.18421052631578946,60,0.2,0.11736842105263158,0.036751524858462614,0.04477611940298507,True,0.07017543859649122
YFM,18,20,114,4,4,0.08771929824561403,0.8,0.1031578947368421,0.03274182036280232,0.681592039800995,False,0.17543859649122806,75,0.5,0.11618421052631579,0.03523614797207254,0.0845771144278607,False,0.08771929824561403
YFM,18,21,114,4,4,0.07017543859649122,0.2,0.10188596491228069,0.0320909917798058,0.8855721393034826,False,0.20175438596491227,60,0.2,0.1162280701754386,0.03343722355220803,0.009950248756218905,True,0.13157894736842105
YFM,18,22,114,4,4,0.08771929824561403,0.2,0.10526315789473684,0.029860581574815068,0.7661691542288557,False,0.14035087719298245,150,0.8,0.11552631578947369,0.036493376909313445,0.29850746268656714,False,0.05263157894736842
YFM,18,23,114,4,4,0.07894736842105263,0.2,0.10096491228070174,0.031462041287503587,0.7711442786069652,False,0.14035087719298245,75,0.8,0.12,0.03811704816209955,0.34328358208955223,False,0.06140350877192982
YFM,18,24,114,4,4,0.13157894736842105,0.2,0.10530701754385964,0.030960390935914184,0.23880597014925373,False,0.19298245614035087,75,0.2,0.11609649122807017,0.033773518386381894,0.03482587064676617,True,0.06140350877192982
YFM,18,25,114,4,4,0.07894736842105263,0.5,0.10587719298245613,0.031992429516018495,0.835820895522388,False,0.13157894736842105,75,0.8,0.1175,0.034475141737581184,0.39800995024875624,False,0.05263157894736842
YFM,18,26,114,4,4,0.14912280701754385,0.2,0.10486842105263157,0.03173501527699655,0.11442786069651742,False,0.20175438596491227,90,0.2,0.11666666666666664,0.03541677669603075,0.014925373134328358,True,0.05263157894736842
YFM,18,34,114,4,4,0.12280701754385964,0.8,0.11052631578947367,0.03330106968306861,0.3880597014925373,False,0.23684210526315788,75,0.5,0.12043859649122807,0.03706737926447114,0.004975124378109453,True,0.11403508771929824
YFM,18,35,114,4,4,0.09649122807017543,0.2,0.105,0.032057628593121744,0.6467661691542289,False,0.14912280701754385,150,0.2,0.10973684210526315,0.03651329109434277,0.1791044776119403,False,0.05263157894736842
YFM,18,36,114,4,4,0.13157894736842105,0.2,0.10605263157894736,0.0315504048819147,0.27860696517412936,False,0.24561403508771928,75,0.8,0.11964912280701753,0.0318170614681984,0.004975124378109453,True,0.11403508771929824
YFM,18,37,114,4,4,0.11403508771929824,0.2,0.10710526315789473,0.0341448518194971,0.417910447761194,False,0.19298245614035087,60,0.8,0.11565789473684208,0.033854707457183796,0.024875621890547265,True,0.07894736842105263
YFM,18,38,114,4,4,0.10526315789473684,0.2,0.10350877192982455,0.03231100693697597,0.48258706467661694,False,0.14912280701754385,60,0.5,0.11609649122807017,0.03469962461686902,0.19402985074626866,False,0.043859649122807015
YFM,18,39,114,4,4,0.10526315789473684,0.8,0.10903508771929823,0.033202343813097154,0.5870646766169154,False,0.16666666666666666,100,0.2,0.11785087719298244,0.03715976515735701,0.11940298507462686,False,0.06140350877192982
YFM,18,40,114,4,4,0.10526315789473684,0.5,0.1057456140350877,0.03151370885219384,0.5572139303482587,False,0.15789473684210525,180,0.2,0.10771929824561402,0.03434324369741537,0.10945273631840796,False,0.05263157894736842
YFM,18,41,114,4,4,0.17543859649122806,0.8,0.10206140350877192,0.029694077763310168,0.014925373134328358,True,0.22807017543859648,225,0.8,0.11267543859649123,0.03391199426003761,0.009950248756218905,True,0.05263157894736842
YFM,18,42,114,4,4,0.09649122807017543,0.2,0.10894736842105264,0.031120617250390285,0.6965174129353234,False,0.17543859649122806,75,0.2,0.11394736842105262,0.032370667384789165,0.05472636815920398,False,0.07894736842105263
YFM,18,43,114,4,4,0.08771929824561403,0.2,0.1044736842105263,0.027263915697975184,0.8009950248756219,False,0.15789473684210525,75,0.5,0.1125,0.03383597122773883,0.13930348258706468,False,0.07017543859649122
YFM,18,44,114,4,4,0.12280701754385964,0.8,0.10614035087719298,0.02793374674587792,0.29850746268656714,False,0.15789473684210525,75,0.2,0.11364035087719299,0.03314158460557349,0.11940298507462686,False,0.03508771929824561
YFM,18,45,114,4,4,0.10526315789473684,0.5,0.10618421052631578,0.02995621924954394,0.5671641791044776,False,0.14912280701754385,75,0.8,0.12035087719298244,0.03574453568019104,0.26865671641791045,False,0.043859649122807015
YFM,18,46,114,4,4,0.13157894736842105,0.8,0.10578947368421053,0.03156817040631236,0.2537313432835821,False,0.14912280701754385,100,0.5,0.11543859649122805,0.034727054064775074,0.18407960199004975,False,0.017543859649122806
YFM,18,47,114,4,4,0.07894736842105263,0.5,0.10877192982456141,0.03373941228913689,0.8706467661691543,False,0.11403508771929824,75,0.8,0.12118421052631578,0.03678851427373526,0.6069651741293532,False,0.03508771929824561
YFM,18,48,114,4,4,0.09649122807017543,0.2,0.10429824561403508,0.034518771722031764,0.6069651741293532,False,0.16666666666666666,75,0.2,0.115,0.031923221559179406,0.07960199004975124,False,0.07017543859649122
YFM,18,49,114,4,4,0.07894736842105263,0.8,0.10469298245614034,0.03213193255454383,0.8159203980099502,False,0.17543859649122806,75,0.8,0.1187719298245614,0.035545806341370334,0.06965174129353234,False,0.09649122807017543
YFM,18,50,114,4,4,0.09649122807017543,0.2,0.10499999999999998,0.032949834839868464,0.6218905472636815,False,0.16666666666666666,150,0.2,0.11100877192982456,0.031763026670800436,0.07462686567164178,False,0.07017543859649122
YFM,18,62,114,4,4,0.12280701754385964,0.5,0.10600877192982455,0.034260024050378174,0.3283582089552239,False,0.16666666666666666,180,0.5,0.11429824561403507,0.036870746162590104,0.08955223880597014,False,0.043859649122807015
YFM,18,63,114,4,4,0.09649122807017543,0.5,0.10276315789473685,0.032014992549662065,0.5771144278606966,False,0.13157894736842105,75,0.8,0.1169736842105263,0.03633587867014651,0.3482587064676617,False,0.03508771929824561
YFM,18,64,114,4,4,0.06140350877192982,0.2,0.10149122807017545,0.02776031813779328,0.9601990049751243,False,0.15789473684210525,75,0.5,0.11162280701754385,0.03208207421760566,0.1044776119402985,False,0.09649122807017543
YFM,18,65,114,4,4,0.07894736842105263,0.5,0.10824561403508773,0.03454844333434329,0.8159203980099502,False,0.20175438596491227,90,0.5,0.11451754385964912,0.034095073475566125,0.014925373134328358,True,0.12280701754385964
YFM,18,66,114,4,4,0.05263157894736842,0.2,0.10052631578947369,0.031607341745870876,0.9701492537313433,False,0.21929824561403508,75,0.2,0.11271929824561404,0.03350653554274362,0.004975124378109453,True,0.16666666666666666
YFM,18,67,114,4,4,0.11403508771929824,0.8,0.10368421052631578,0.03164304328130777,0.39800995024875624,False,0.15789473684210525,60,0.5,0.11578947368421051,0.03543860521994964,0.13432835820895522,False,0.043859649122807015
YFM,18,68,114,4,4,0.07017543859649122,0.2,0.10074561403508771,0.030589491354652377,0.8955223880597015,False,0.16666666666666666,150,0.8,0.11346491228070174,0.03245521703941263,0.06965174129353234,False,0.09649122807017543
YFM,18,69,114,4,4,0.08771929824561403,0.2,0.10179824561403508,0.03291446409557223,0.7064676616915423,False,0.17543859649122806,75,0.5,0.11824561403508771,0.03854275630788944,0.11442786069651742,False,0.08771929824561403
YFM,18,70,114,4,4,0.09649122807017543,0.8,0.10653508771929823,0.02878451542017213,0.6766169154228856,False,0.12280701754385964,150,0.2,0.11451754385964912,0.03538616682324462,0.417910447761194,False,0.02631578947368421
YFM,18,71,114,4,4,0.09649122807017543,0.2,0.10412280701754385,0.031119996004744535,0.6368159203980099,False,0.20175438596491227,100,0.2,0.11350877192982456,0.035846939049288484,0.014925373134328358,True,0.10526315789473684
YFM,18,72,114,4,4,0.10526315789473684,0.5,0.10337719298245612,0.028683320149420127,0.5223880597014925,False,0.17543859649122806,75,0.2,0.11241228070175438,0.0345107896255739,0.06467661691542288,False,0.07017543859649122
YFM,18,73,114,4,4,0.12280701754385964,0.5,0.10192982456140351,0.028134568651520038,0.2835820895522388,False,0.14912280701754385,150,0.2,0.1137719298245614,0.032867587020928936,0.20398009950248755,False,0.02631578947368421
YFM,18,74,114,4,4,0.12280701754385964,0.5,0.10649122807017544,0.03131483192183765,0.3582089552238806,False,0.17543859649122806,60,0.2,0.12026315789473684,0.0357167238433177,0.0845771144278607,False,0.05263157894736842
YFM,18,75,114,4,4,0.11403508771929824,0.2,0.10407894736842105,0.030711859648532982,0.4079601990049751,False,0.19298245614035087,60,0.2,0.11267543859649123,0.03822177001237402,0.04477611940298507,True,0.07894736842105263
YFM,18,76,114,4,4,0.07017543859649122,0.2,0.10254385964912281,0.03054410982326645,0.9154228855721394,False,0.15789473684210525,75,0.8,0.11434210526315787,0.03256582750569113,0.13930348258706468,False,0.08771929824561403
YFM,18,77,114,4,4,0.07017543859649122,0.2,0.10149122807017545,0.030060750912442757,0.8855721393034826,False,0.14912280701754385,150,0.8,0.1143859649122807,0.03343826429344513,0.17412935323383086,False,0.07894736842105263
YFM,18,78,114,4,4,0.06140350877192982,0.2,0.10434210526315789,0.02944851503807126,0.9552238805970149,False,0.15789473684210525,75,0.5,0.11381578947368422,0.03260213986505793,0.12437810945273632,False,0.09649122807017543
YFM,18,79,114,4,4,0.09649122807017543,0.8,0.10649122807017543,0.0311911102126594,0.6716417910447762,False,0.18421052631578946,90,0.8,0.11916666666666664,0.03543072121727593,0.04477611940298507,True,0.08771929824561403
YFM,18,80,114,4,4,0.10526315789473684,0.2,0.10092105263157895,0.02998976059666637,0.48258706467661694,False,0.15789473684210525,60,0.2,0.11109649122807017,0.03688508448009744,0.12935323383084577,False,0.05263157894736842
YFM,18,81,114,4,4,0.18421052631578946,0.2,0.10416666666666666,0.03209412438910626,0.014925373134328358,True,0.20175438596491227,150,0.8,0.11021929824561404,0.030241157786548765,0.004975124378109453,True,0.017543859649122806
YFM,18,82,114,4,4,0.07894736842105263,0.5,0.10526315789473684,0.03493309844202101,0.8159203980099502,False,0.14912280701754385,150,0.2,0.11140350877192982,0.03201043289764477,0.14925373134328357,False,0.07017543859649122
YFM,18,83,114,4,4,0.11403508771929824,0.8,0.10535087719298243,0.033242846413886674,0.44776119402985076,False,0.14912280701754385,75,0.8,0.11916666666666666,0.03654808835932409,0.2885572139303483,False,0.03508771929824561
YFM,18,84,114,4,4,0.10526315789473684,0.2,0.09999999999999998,0.03289216540538527,0.43283582089552236,False,0.14035087719298245,75,0.8,0.11741228070175438,0.034326548322098305,0.30845771144278605,False,0.03508771929824561
YFM,18,85,114,4,4,0.07017543859649122,0.2,0.10438596491228068,0.03000268334966606,0.9303482587064676,False,0.19298245614035087,180,0.2,0.10842105263157893,0.03661956355890743,0.029850746268656716,True,0.12280701754385964
YFM,18,86,114,4,4,0.09649122807017543,0.2,0.10469298245614034,0.0300294457154927,0.6666666666666666,False,0.19298245614035087,75,0.8,0.12188596491228071,0.0365281931448294,0.05472636815920398,False,0.09649122807017543
YFM,18,87,114,4,4,0.08771929824561403,0.2,0.10302631578947369,0.03448747693650155,0.6567164179104478,False,0.15789473684210525,90,0.2,0.1168421052631579,0.03270069720443081,0.13930348258706468,False,0.07017543859649122
YFM,18,88,114,4,4,0.14035087719298245,0.8,0.10530701754385965,0.03361883399504587,0.1890547263681592,False,0.14035087719298245,900,0.8,0.10530701754385965,0.03361883399504587,0.1890547263681592,False,0.0
YFM,18,89,114,4,4,0.13157894736842105,0.2,0.10679824561403509,0.029593118245795455,0.24378109452736318,False,0.17543859649122806,75,0.2,0.1224561403508772,0.03062565347029069,0.04975124378109453,True,0.043859649122807015
YFM,18,90,114,4,4,0.11403508771929824,0.2,0.10280701754385965,0.031806365186477746,0.3880597014925373,False,0.21929824561403508,60,0.2,0.1193859649122807,0.0350412943335819,0.009950248756218905,True,0.10526315789473684
YFM,18,91,114,4,4,0.10526315789473684,0.2,0.10657894736842106,0.03270057895991866,0.5373134328358209,False,0.18421052631578946,150,0.2,0.11754385964912281,0.03423995686902858,0.05472636815920398,False,0.07894736842105263
YFM,18,92,114,4,4,0.14912280701754385,0.8,0.1062719298245614,0.03162369976350111,0.11442786069651742,False,0.19298245614035087,75,0.5,0.11592105263157894,0.035404519540555894,0.03482587064676617,True,0.043859649122807015
YFM,18,93,114,4,4,0.10526315789473684,0.5,0.10614035087719298,0.0312030087832849,0.5373134328358209,False,0.18421052631578946,60,0.2,0.11807017543859648,0.03745269689037597,0.06965174129353234,False,0.07894736842105263
YFM,18,94,114,4,4,0.07894736842105263,0.8,0.10486842105263157,0.0320984613434232,0.8208955223880597,False,0.18421052631578946,75,0.2,0.11850877192982455,0.03462167349844375,0.03980099502487562,True,0.10526315789473684
YFM,19,20,114,4,4,0.07017543859649122,0.2,0.10210526315789473,0.03484487948798458,0.8706467661691543,False,0.14912280701754385,75,0.2,0.11671052631578947,0.03486881264206626,0.21890547263681592,False,0.07894736842105263
YFM,19,21,114,4,4,0.10526315789473684,0.2,0.10210526315789473,0.031104212205133763,0.472636815920398,False,0.16666666666666666,90,0.2,0.11780701754385965,0.03167662951059114,0.07960199004975124,False,0.06140350877192982
YFM,19,22,114,4,4,0.07894736842105263,0.2,0.10526315789473685,0.03292741331555862,0.8208955223880597,False,0.17543859649122806,75,0.8,0.11473684210526315,0.03757144280354756,0.0845771144278607,False,0.09649122807017543
YFM,19,23,114,4,4,0.06140350877192982,0.5,0.1001315789473684,0.031477860628676704,0.9253731343283582,False,0.12280701754385964,90,0.5,0.11346491228070174,0.032916578601893266,0.4228855721393035,False,0.06140350877192982
YFM,19,24,114,4,4,0.13157894736842105,0.5,0.10214912280701754,0.03210568829872542,0.22388059701492538,False,0.18421052631578946,300,0.5,0.10469298245614034,0.03460030742892844,0.024875621890547265,True,0.05263157894736842
YFM,19,25,114,4,4,0.09649122807017543,0.2,0.10333333333333332,0.031217380171967297,0.6467661691542289,False,0.13157894736842105,450,0.2,0.10526315789473684,0.03368206155535945,0.22388059701492538,False,0.03508771929824561
YFM,19,26,114,4,4,0.13157894736842105,0.5,0.10385964912280703,0.03262588122204876,0.24875621890547264,False,0.21929824561403508,90,0.2,0.11723684210526315,0.03676853882723428,0.009950248756218905,True,0.08771929824561403
YFM,19,34,114,4,4,0.13157894736842105,0.2,0.10302631578947366,0.03312641386732161,0.208955223880597,False,0.23684210526315788,90,0.8,0.11999999999999998,0.0341694167493134,0.004975124378109453,True,0.10526315789473684
YFM,19,35,114,4,4,0.14035087719298245,0.8,0.1055701754385965,0.032530187803516075,0.19402985074626866,False,0.18421052631578946,90,0.2,0.11280701754385963,0.03107933957636579,0.014925373134328358,True,0.043859649122807015
YFM,19,36,114,4,4,0.14035087719298245,0.2,0.10087719298245613,0.032118963589907866,0.15422885572139303,False,0.21052631578947367,75,0.5,0.11907894736842106,0.03383597122773882,0.009950248756218905,True,0.07017543859649122
YFM,19,37,114,4,4,0.09649122807017543,0.5,0.10561403508771929,0.0331245754021491,0.6567164179104478,False,0.20175438596491227,60,0.2,0.11561403508771928,0.03468605503893129,0.029850746268656716,True,0.10526315789473684
YFM,19,38,114,4,4,0.08771929824561403,0.5,0.103859649122807,0.03229233295892602,0.7114427860696517,False,0.13157894736842105,60,0.5,0.1162280701754386,0.03438363938614046,0.3333333333333333,False,0.043859649122807015
YFM,19,39,114,4,4,0.11403508771929824,0.2,0.10456140350877191,0.031108189980225815,0.3880597014925373,False,0.19298245614035087,450,0.2,0.1031578947368421,0.03207366654281716,0.014925373134328358,True,0.07894736842105263
YFM,19,40,114,4,4,0.07894736842105263,0.8,0.10442982456140351,0.03210207502444466,0.835820895522388,False,0.14035087719298245,180,0.8,0.10921052631578947,0.03317018589475464,0.22388059701492538,False,0.06140350877192982
YFM,19,41,114,4,4,0.15789473684210525,0.8,0.10241228070175439,0.032809036442289545,0.06467661691542288,False,0.21929824561403508,100,0.8,0.11228070175438595,0.0333126789111302,0.004975124378109453,True,0.06140350877192982
YFM,19,42,114,4,4,0.07894736842105263,0.2,0.10456140350877191,0.032470492977258555,0.8208955223880597,False,0.14035087719298245,90,0.2,0.11421052631578946,0.037278017960661006,0.24875621890547264,False,0.06140350877192982
YFM,19,43,114,4,4,0.08771929824561403,0.2,0.09837719298245613,0.03271390833611561,0.6716417910447762,False,0.13157894736842105,450,0.5,0.10214912280701753,0.033554363764932774,0.22885572139303484,False,0.043859649122807015
YFM,19,44,114,4,4,0.10526315789473684,0.5,0.10728070175438596,0.02901614509721115,0.582089552238806,False,0.16666666666666666,100,0.8,0.11206140350877192,0.032112191167882435,0.08955223880597014,False,0.06140350877192982
YFM,19,45,114,4,4,0.07017543859649122,0.2,0.10333333333333332,0.030427040116230097,0.8756218905472637,False,0.13157894736842105,150,0.5,0.10964912280701754,0.03534027068572386,0.31343283582089554,False,0.06140350877192982
YFM,19,46,114,4,4,0.13157894736842105,0.5,0.10508771929824562,0.031239667513598454,0.23880597014925373,False,0.14035087719298245,100,0.5,0.11587719298245613,0.036583116765206015,0.2736318407960199,False,0.008771929824561403
YFM,19,47,114,4,4,0.09649122807017543,0.2,0.10162280701754385,0.03434456659252665,0.582089552238806,False,0.13157894736842105,300,0.8,0.10864035087719298,0.03352877161105988,0.2835820895522388,False,0.03508771929824561
YFM,19,48,114,4,4,0.09649122807017543,0.2,0.09921052631578947,0.02915811869021602,0.5870646766169154,False,0.16666666666666666,60,0.8,0.1187719298245614,0.03504184605985667,0.10945273631840796,False,0.07017543859649122
YFM,19,49,114,4,4,0.10526315789473684,0.5,0.10065789473684209,0.030778012622006447,0.4427860696517413,False,0.20175438596491227,75,0.8,0.11754385964912281,0.03644980321874728,0.03482587064676617,True,0.09649122807017543
YFM,19,50,114,4,4,0.09649122807017543,0.5,0.10521929824561402,0.03313224958871359,0.6467661691542289,False,0.14035087719298245,150,0.8,0.10912280701754386,0.03035681085775669,0.21393034825870647,False,0.043859649122807015
YFM,19,62,114,4,4,0.09649122807017543,0.2,0.10320175438596492,0.03413791497116132,0.6368159203980099,False,0.14035087719298245,180,0.2,0.11381578947368422,0.03276776163507887,0.2835820895522388,False,0.043859649122807015
YFM,19,63,114,4,4,0.13157894736842105,0.2,0.1025,0.032568202099138396,0.24378109452736318,False,0.14912280701754385,90,0.5,0.11802631578947369,0.03604226484185251,0.2736318407960199,False,0.017543859649122806
YFM,19,64,114,4,4,0.05263157894736842,0.2,0.09649122807017543,0.03278619430888579,0.9552238805970149,False,0.11403508771929824,300,0.5,0.09956140350877192,0.029440011957425457,0.3383084577114428,False,0.06140350877192982
YFM,19,65,114,4,4,0.10526315789473684,0.5,0.10390350877192983,0.031890592223795255,0.5223880597014925,False,0.21929824561403508,150,0.5,0.11254385964912281,0.03446630814497299,0.009950248756218905,True,0.11403508771929824
YFM,19,66,114,4,4,0.03508771929824561,0.2,0.10359649122807017,0.031845607795108324,0.9950248756218906,False,0.18421052631578946,100,0.2,0.11179824561403509,0.03090413893003707,0.029850746268656716,True,0.14912280701754385
YFM,19,67,114,4,4,0.13157894736842105,0.2,0.10114035087719297,0.03278513286814715,0.208955223880597,False,0.14035087719298245,60,0.2,0.11456140350877192,0.03380398713911362,0.22885572139303484,False,0.008771929824561403
YFM,19,68,114,4,4,0.08771929824561403,0.2,0.09771929824561403,0.03277487050208629,0.6417910447761194,False,0.13157894736842105,300,0.2,0.10140350877192982,0.030458539673617897,0.17412935323383086,False,0.043859649122807015
YFM,19,69,114,4,4,0.10526315789473684,0.2,0.10267543859649121,0.03198381693482332,0.5024875621890548,False,0.14912280701754385,90,0.8,0.11298245614035085,0.03444891477441716,0.15920398009950248,False,0.043859649122807015
YFM,19,70,114,4,4,0.10526315789473684,0.2,0.10364035087719298,0.03208376151407255,0.5124378109452736,False,0.13157894736842105,150,0.2,0.11302631578947367,0.03282364706547436,0.31840796019900497,False,0.02631578947368421
YFM,19,71,114,4,4,0.08771929824561403,0.8,0.1037719298245614,0.033418253257661575,0.7064676616915423,False,0.14912280701754385,100,0.8,0.11460526315789472,0.036397546855365406,0.22388059701492538,False,0.06140350877192982
YFM,19,72,114,4,4,0.07894736842105263,0.2,0.09973684210526315,0.03173516757965361,0.8009950248756219,False,0.12280701754385964,90,0.5,0.11144736842105264,0.03147196386218455,0.3482587064676617,False,0.043859649122807015
YFM,19,73,114,4,4,0.11403508771929824,0.5,0.10065789473684209,0.02923159176343758,0.35323383084577115,False,0.16666666666666666,100,0.2,0.11315789473684208,0.02987352784968077,0.05970149253731343,False,0.05263157894736842
YFM,19,74,114,4,4,0.10526315789473684,0.5,0.1050877192982456,0.0317430863108544,0.5422885572139303,False,0.14035087719298245,180,0.8,0.11166666666666666,0.03379334765446971,0.23383084577114427,False,0.03508771929824561
YFM,19,75,114,4,4,0.07017543859649122,0.2,0.10618421052631578,0.03730329241751412,0.8507462686567164,False,0.16666666666666666,90,0.2,0.11179824561403506,0.034138141502756555,0.0845771144278607,False,0.09649122807017543
YFM,19,76,114,4,4,0.05263157894736842,0.2,0.09701754385964911,0.03297013018081198,0.9502487562189055,False,0.11403508771929824,300,0.2,0.09969298245614035,0.03150119116378591,0.3582089552238806,False,0.06140350877192982
YFM,19,77,114,4,4,0.05263157894736842,0.2,0.0993859649122807,0.03233624753186718,0.9552238805970149,False,0.12280701754385964,300,0.2,0.09907894736842104,0.02990971528799068,0.24378109452736318,False,0.07017543859649122
YFM,19,78,114,4,4,0.05263157894736842,0.2,0.10105263157894737,0.0338647853151696,0.9651741293532339,False,0.12280701754385964,450,0.2,0.10385964912280703,0.03372152932868246,0.31343283582089554,False,0.07017543859649122
YFM,19,79,114,4,4,0.10526315789473684,0.2,0.10504385964912279,0.03313154935641923,0.5572139303482587,False,0.15789473684210525,90,0.8,0.12021929824561405,0.034586000150364914,0.18407960199004975,False,0.05263157894736842
YFM,19,80,114,4,4,0.07017543859649122,0.2,0.10021929824561404,0.0325071199921657,0.845771144278607,False,0.11403508771929824,300,0.2,0.10434210526315789,0.029422242768840274,0.42786069651741293,False,0.043859649122807015
YFM,19,81,114,4,4,0.17543859649122806,0.8,0.10385964912280703,0.030721458142449594,0.024875621890547265,True,0.18421052631578946,150,0.2,0.11276315789473683,0.03126982296834092,0.01990049751243781,True,0.008771929824561403
YFM,19,82,114,4,4,0.09649122807017543,0.5,0.10315789473684209,0.03539755646009261,0.5870646766169154,False,0.14912280701754385,450,0.5,0.10504385964912281,0.033259678876245743,0.12437810945273632,False,0.05263157894736842
YFM,19,83,114,4,4,0.12280701754385964,0.5,0.09811403508771928,0.032443300986119035,0.23383084577114427,False,0.14035087719298245,90,0.2,0.11377192982456139,0.036692032393902674,0.22885572139303484,False,0.017543859649122806
YFM,19,84,114,4,4,0.10526315789473684,0.8,0.09973684210526315,0.03211065588698236,0.4527363184079602,False,0.16666666666666666,300,0.2,0.1045175438596491,0.034552220436878577,0.05472636815920398,False,0.06140350877192982
YFM,19,85,114,4,4,0.07894736842105263,0.2,0.09820175438596492,0.030825213665932414,0.7711442786069652,False,0.16666666666666666,180,0.8,0.10947368421052632,0.03432973036044267,0.0845771144278607,False,0.08771929824561403
YFM,19,86,114,4,4,0.07894736842105263,0.2,0.1012280701754386,0.028736687205722256,0.8109452736318408,False,0.19298245614035087,60,0.5,0.11767543859649121,0.034209198237241494,0.01990049751243781,True,0.11403508771929824
YFM,19,87,114,4,4,0.09649122807017543,0.5,0.1062280701754386,0.03353006898060389,0.6716417910447762,False,0.14035087719298245,60,0.2,0.11315789473684208,0.03442016841307461,0.24378109452736318,False,0.043859649122807015
YFM,19,88,114,4,4,0.10526315789473684,0.8,0.10350877192982455,0.030079910461587728,0.5124378109452736,False,0.16666666666666666,300,0.8,0.11065789473684211,0.03455110133843352,0.08955223880597014,False,0.06140350877192982
YFM,19,89,114,4,4,0.14912280701754385,0.5,0.10385964912280703,0.032590307192734945,0.1044776119402985,False,0.20175438596491227,180,0.2,0.11333333333333333,0.03349049103163287,0.004975124378109453,True,0.05263157894736842
YFM,19,90,114,4,4,0.07894736842105263,0.2,0.10008771929824561,0.03204894304639266,0.7562189054726368,False,0.21052631578947367,90,0.2,0.11824561403508771,0.0338647853151696,0.009950248756218905,True,0.13157894736842105
YFM,19,91,114,4,4,0.12280701754385964,0.2,0.10350877192982455,0.03313811345330395,0.2835820895522388,False,0.17543859649122806,60,0.2,0.11837719298245614,0.03276256912278982,0.06467661691542288,False,0.05263157894736842
YFM,19,92,114,4,4,0.18421052631578946,0.8,0.10302631578947369,0.033842370130888755,0.024875621890547265,True,0.21929824561403508,60,0.5,0.1214035087719298,0.034904750840097594,0.01990049751243781,True,0.03508771929824561
YFM,19,93,114,4,4,0.13157894736842105,0.2,0.10267543859649124,0.03372562834465062,0.19402985074626866,False,0.15789473684210525,60,0.8,0.11758771929824562,0.034533414769807286,0.15422885572139303,False,0.02631578947368421
YFM,19,94,114,4,4,0.08771929824561403,0.2,0.10390350877192983,0.03142647248427065,0.7213930348258707,False,0.20175438596491227,90,0.5,0.11464912280701753,0.034087275749788495,0.014925373134328358,True,0.11403508771929824
YFM,20,21,114,4,4,0.03508771929824561,0.2,0.10368421052631578,0.03112558676916913,0.9950248756218906,False,0.14912280701754385,60,0.5,0.11583333333333332,0.03163739118567559,0.1791044776119403,False,0.11403508771929824
YFM,20,22,114,4,4,0.09649122807017543,0.2,0.10421052631578945,0.03183552839916916,0.6119402985074627,False,0.14035087719298245,75,0.5,0.1168859649122807,0.035785375517534246,0.2935323383084577,False,0.043859649122807015
YFM,20,23,114,4,4,0.043859649122807015,0.2,0.10403508771929823,0.03050167168086932,0.9950248756218906,False,0.14912280701754385,75,0.2,0.11267543859649122,0.03816102327875928,0.24875621890547264,False,0.10526315789473684
YFM,20,24,114,4,4,0.07017543859649122,0.8,0.10412280701754387,0.030441650818640958,0.8905472636815921,False,0.12280701754385964,75,0.2,0.11486842105263158,0.03192088983538929,0.472636815920398,False,0.05263157894736842
YFM,20,25,114,4,4,0.05263157894736842,0.8,0.10469298245614034,0.031092244736187904,0.9751243781094527,False,0.13157894736842105,75,0.8,0.11407894736842103,0.03704429245673107,0.3482587064676617,False,0.07894736842105263
YFM,20,26,114,4,4,0.07017543859649122,0.2,0.1001315789473684,0.03185638193426698,0.8606965174129353,False,0.18421052631578946,90,0.5,0.11425438596491228,0.03400695461102602,0.03482587064676617,True,0.11403508771929824
YFM,20,34,114,4,4,0.07017543859649122,0.2,0.10811403508771927,0.03283259874987691,0.9054726368159204,False,0.18421052631578946,75,0.8,0.11855263157894737,0.03566675424123667,0.05472636815920398,False,0.11403508771929824
YFM,20,35,114,4,4,0.08771929824561403,0.8,0.10495614035087719,0.029644554040422575,0.7412935323383084,False,0.14035087719298245,75,0.2,0.11491228070175438,0.0370912596288253,0.29850746268656714,False,0.05263157894736842
YFM,20,36,114,4,4,0.10526315789473684,0.2,0.10578947368421052,0.03308720033690317,0.527363184079602,False,0.16666666666666666,75,0.2,0.11337719298245613,0.03422795610032832,0.0845771144278607,False,0.06140350877192982
YFM,20,37,114,4,4,0.09649122807017543,0.2,0.10469298245614034,0.031732334630583385,0.6368159203980099,False,0.20175438596491227,90,0.2,0.1151315789473684,0.035208044369989575,0.014925373134328358,True,0.10526315789473684
YFM,20,38,114,4,4,0.10526315789473684,0.5,0.10495614035087719,0.03144221748827424,0.5621890547263682,False,0.12280701754385964,60,0.8,0.11872807017543857,0.03706912649381633,0.44776119402985076,False,0.017543859649122806
YFM,20,39,114,4,4,0.08771929824561403,0.2,0.10785087719298246,0.03116329819444597,0.7910447761194029,False,0.17543859649122806,90,0.8,0.1162280701754386,0.036837592029282204,0.06965174129353234,False,0.08771929824561403
YFM,20,40,114,4,4,0.08771929824561403,0.2,0.10495614035087719,0.03230355659586326,0.7711442786069652,False,0.14035087719298245,90,0.2,0.11596491228070173,0.03379849621041762,0.263681592039801,False,0.05263157894736842
YFM,20,41,114,4,4,0.09649122807017543,0.5,0.10346491228070175,0.03140431771660671,0.6567164179104478,False,0.20175438596491227,75,0.5,0.1157017543859649,0.03281436889529864,0.01990049751243781,True,0.10526315789473684
YFM,20,42,114,4,4,0.06140350877192982,0.2,0.10578947368421052,0.03133458206218954,0.945273631840796,False,0.13157894736842105,75,0.5,0.11438596491228069,0.03440713481115562,0.3283582089552239,False,0.07017543859649122
YFM,20,43,114,4,4,0.043859649122807015,0.2,0.10162280701754385,0.029890058558414912,0.9950248756218906,False,0.13157894736842105,75,0.2,0.11039473684210525,0.03636778906298829,0.31343283582089554,False,0.08771929824561403
YFM,20,44,114,4,4,0.07894736842105263,0.8,0.1055701754385965,0.03241110575925094,0.8308457711442786,False,0.17543859649122806,90,0.2,0.11583333333333332,0.0331649106521836,0.05472636815920398,False,0.09649122807017543
YFM,20,45,114,4,4,0.08771929824561403,0.2,0.10495614035087719,0.03227960811941814,0.7412935323383084,False,0.13157894736842105,150,0.2,0.11122807017543859,0.03663772059050542,0.3681592039800995,False,0.043859649122807015
YFM,20,46,114,4,4,0.043859649122807015,0.5,0.105,0.031681511814164426,0.9950248756218906,False,0.14035087719298245,100,0.5,0.11671052631578945,0.034879900075358405,0.25870646766169153,False,0.09649122807017543
YFM,20,47,114,4,4,0.10526315789473684,0.2,0.10434210526315787,0.034592707423974814,0.5323383084577115,False,0.13157894736842105,60,0.2,0.11868421052631578,0.033612076183185485,0.42786069651741293,False,0.02631578947368421
YFM,20,48,114,4,4,0.10526315789473684,0.2,0.09868421052631579,0.03221212756301113,0.4626865671641791,False,0.16666666666666666,100,0.2,0.1126315789473684,0.03310822900267254,0.06965174129353234,False,0.06140350877192982
YFM,20,49,114,4,4,0.08771929824561403,0.8,0.10135964912280702,0.03150757335183251,0.746268656716418,False,0.16666666666666666,100,0.5,0.11666666666666665,0.03704953716384397,0.12935323383084577,False,0.07894736842105263
YFM,20,50,114,4,4,0.043859649122807015,0.2,0.10521929824561405,0.030214550950428607,0.9850746268656716,False,0.14912280701754385,75,0.2,0.1137719298245614,0.03369250665564286,0.19402985074626866,False,0.10526315789473684
YFM,20,62,114,4,4,0.07017543859649122,0.2,0.10583333333333332,0.032940063983750136,0.8756218905472637,False,0.08771929824561403,75,0.2,0.11508771929824561,0.03341188885686503,0.8407960199004975,False,0.017543859649122806
YFM,20,63,114,4,4,0.08771929824561403,0.5,0.10232456140350876,0.03399376257852316,0.681592039800995,False,0.17543859649122806,225,0.5,0.11021929824561402,0.03416735148496085,0.05472636815920398,False,0.08771929824561403
YFM,20,64,114,4,4,0.07017543859649122,0.2,0.10280701754385965,0.02939282283614939,0.9054726368159204,False,0.12280701754385964,75,0.2,0.11043859649122809,0.03549518762354524,0.35323383084577115,False,0.05263157894736842
YFM,20,65,114,4,4,0.10526315789473684,0.8,0.10228070175438596,0.03160244798366868,0.5024875621890548,False,0.22807017543859648,75,0.2,0.11521929824561404,0.03224724946417358,0.004975124378109453,True,0.12280701754385964
YFM,20,66,114,4,4,0.06140350877192982,0.2,0.10381578947368421,0.0311630500380173,0.9502487562189055,False,0.16666666666666666,75,0.5,0.11359649122807017,0.03154501198549434,0.07462686567164178,False,0.10526315789473684
YFM,20,67,114,4,4,0.06140350877192982,0.8,0.10083333333333332,0.032418501565325615,0.900497512437811,False,0.15789473684210525,150,0.5,0.11214912280701754,0.033508006866830704,0.1044776119402985,False,0.09649122807017543
YFM,20,68,114,4,4,0.08771929824561403,0.2,0.10065789473684211,0.032513066869872376,0.6965174129353234,False,0.19298245614035087,75,0.2,0.11048245614035089,0.03654618396720863,0.01990049751243781,True,0.10526315789473684
YFM,20,69,114,4,4,0.07017543859649122,0.8,0.10280701754385964,0.0317455224461379,0.8855721393034826,False,0.17543859649122806,75,0.2,0.11666666666666668,0.035623607640529506,0.06467661691542288,False,0.10526315789473684
YFM,20,70,114,4,4,0.07017543859649122,0.8,0.10605263157894736,0.03143991158412406,0.9353233830845771,False,0.14035087719298245,150,0.2,0.11342105263157894,0.03449322251142902,0.23383084577114427,False,0.07017543859649122
YFM,20,71,114,4,4,0.08771929824561403,0.2,0.1018859649122807,0.03400968335818868,0.7014925373134329,False,0.14912280701754385,150,0.5,0.11017543859649123,0.0332504060866467,0.1791044776119403,False,0.06140350877192982
YFM,20,72,114,4,4,0.07017543859649122,0.5,0.10035087719298243,0.030559929853406026,0.8756218905472637,False,0.14912280701754385,75,0.2,0.11263157894736843,0.033790258144352756,0.14925373134328357,False,0.07894736842105263
YFM,20,73,114,4,4,0.07017543859649122,0.2,0.10315789473684209,0.03010869113701129,0.900497512437811,False,0.14035087719298245,75,0.5,0.11438596491228069,0.03359976484665978,0.24875621890547264,False,0.07017543859649122
YFM,20,74,114,4,4,0.09649122807017543,0.2,0.10969298245614034,0.032903889525695784,0.6965174129353234,False,0.12280701754385964,60,0.8,0.12021929824561405,0.036224184412091145,0.48258706467661694,False,0.02631578947368421
YFM,20,75,114,4,4,0.10526315789473684,0.2,0.10289473684210527,0.029426349357096735,0.5174129353233831,False,0.16666666666666666,75,0.2,0.11298245614035088,0.03603971681434059,0.08955223880597014,False,0.06140350877192982
YFM,20,76,114,4,4,0.07894736842105263,0.2,0.10105263157894737,0.02831813255636679,0.8109452736318408,False,0.14912280701754385,75,0.2,0.11175438596491227,0.035831834607289496,0.19402985074626866,False,0.07017543859649122
YFM,20,77,114,4,4,0.07894736842105263,0.2,0.10162280701754385,0.02974741878602795,0.8159203980099502,False,0.12280701754385964,75,0.2,0.11026315789473685,0.036135613031234144,0.3781094527363184,False,0.043859649122807015
YFM,20,78,114,4,4,0.05263157894736842,0.2,0.10403508771929823,0.030867113034945576,0.9850746268656716,False,0.11403508771929824,75,0.2,0.11223684210526315,0.03798023629378158,0.4925373134328358,False,0.06140350877192982
YFM,20,79,114,4,4,0.05263157894736842,0.2,0.1037719298245614,0.033197685175375156,0.9900497512437811,False,0.13157894736842105,100,0.2,0.1144736842105263,0.03602029224141341,0.3383084577114428,False,0.07894736842105263
YFM,20,80,114,4,4,0.08771929824561403,0.5,0.10241228070175439,0.029950281100433625,0.7263681592039801,False,0.12280701754385964,75,0.2,0.11271929824561404,0.035653444298902284,0.39800995024875624,False,0.03508771929824561
YFM,20,81,114,4,4,0.10526315789473684,0.2,0.10289473684210527,0.03262908098229385,0.48258706467661694,False,0.17543859649122806,90,0.8,0.11232456140350877,0.03156887469515574,0.04975124378109453,True,0.07017543859649122
YFM,20,82,114,4,4,0.07017543859649122,0.2,0.1045175438596491,0.034192239510387225,0.8606965174129353,False,0.15789473684210525,75,0.8,0.11350877192982456,0.03407740552460797,0.12935323383084577,False,0.08771929824561403
YFM,20,83,114,4,4,0.08771929824561403,0.2,0.10412280701754387,0.030694637781759477,0.7263681592039801,False,0.10526315789473684,75,0.2,0.11736842105263158,0.03612544617930144,0.7014925373134329,False,0.017543859649122806
YFM,20,84,114,4,4,0.06140350877192982,0.2,0.10184210526315787,0.03139806847784348,0.945273631840796,False,0.13157894736842105,75,0.2,0.11609649122807017,0.036608342869596355,0.35323383084577115,False,0.07017543859649122
YFM,20,85,114,4,4,0.08771929824561403,0.2,0.10245614035087719,0.0320799348391413,0.6965174129353234,False,0.13157894736842105,90,0.2,0.1144736842105263,0.036931940029073,0.32338308457711445,False,0.043859649122807015
YFM,20,86,114,4,4,0.10526315789473684,0.2,0.10631578947368421,0.03092368247304484,0.5422885572139303,False,0.16666666666666666,75,0.8,0.11565789473684211,0.03297526069422281,0.0845771144278607,False,0.06140350877192982
YFM,20,87,114,4,4,0.07894736842105263,0.2,0.1057017543859649,0.032959690785900324,0.8159203980099502,False,0.15789473684210525,75,0.2,0.1163157894736842,0.03204954628541399,0.13930348258706468,False,0.07894736842105263
YFM,20,88,114,4,4,0.10526315789473684,0.2,0.1019736842105263,0.030008321210834108,0.472636815920398,False,0.13157894736842105,90,0.2,0.11377192982456139,0.033462192408017524,0.32338308457711445,False,0.02631578947368421
YFM,20,89,114,4,4,0.10526315789473684,0.8,0.10324561403508771,0.030560815532951008,0.48258706467661694,False,0.15789473684210525,75,0.8,0.11745614035087718,0.033919889277914145,0.13432835820895522,False,0.05263157894736842
YFM,20,90,114,4,4,0.02631578947368421,0.2,0.10521929824561402,0.03376802250324309,1.0,False,0.16666666666666666,150,0.2,0.11219298245614034,0.03314499706474161,0.07960199004975124,False,0.14035087719298245
YFM,20,91,114,4,4,0.12280701754385964,0.8,0.10662280701754384,0.033568189237860216,0.31840796019900497,False,0.14912280701754385,60,0.2,0.11728070175438596,0.03493652959814076,0.21890547263681592,False,0.02631578947368421
YFM,20,92,114,4,4,0.05263157894736842,0.2,0.10482456140350876,0.031100606907006598,0.9900497512437811,False,0.13157894736842105,75,0.2,0.11517543859649121,0.035897277193610626,0.3781094527363184,False,0.07894736842105263
YFM,20,93,114,4,4,0.06140350877192982,0.2,0.1042543859649123,0.0335460657461619,0.9353233830845771,False,0.15789473684210525,75,0.8,0.11609649122807017,0.034498462762291376,0.12935323383084577,False,0.09649122807017543
YFM,20,94,114,4,4,0.043859649122807015,0.2,0.10469298245614034,0.032609729493947956,0.9950248756218906,False,0.15789473684210525,90,0.8,0.1132456140350877,0.0373011415152429,0.15422885572139303,False,0.11403508771929824
YFM,21,22,114,4,4,0.08771929824561403,0.5,0.10311403508771928,0.03222109913472542,0.736318407960199,False,0.14912280701754385,75,0.2,0.11767543859649121,0.03236215546467096,0.208955223880597,False,0.06140350877192982
YFM,21,23,114,4,4,0.02631578947368421,0.5,0.09969298245614036,0.02915530058214695,1.0,False,0.14035087719298245,75,0.8,0.1200877192982456,0.03233959551413773,0.29850746268656714,False,0.11403508771929824
YFM,21,24,114,4,4,0.12280701754385964,0.8,0.10513157894736842,0.03375634078060113,0.31840796019900497,False,0.16666666666666666,75,0.2,0.11763157894736842,0.03123013543080767,0.0845771144278607,False,0.043859649122807015
YFM,21,25,114,4,4,0.07017543859649122,0.2,0.1057017543859649,0.029857344128979692,0.8955223880597015,False,0.16666666666666666,60,0.5,0.11872807017543857,0.033369245028827994,0.0945273631840796,False,0.09649122807017543
YFM,21,26,114,4,4,0.05263157894736842,0.2,0.10416666666666669,0.033989894978025195,0.9601990049751243,False,0.20175438596491227,60,0.2,0.11504385964912281,0.029247989528027592,0.004975124378109453,True,0.14912280701754385
YFM,21,34,114,4,4,0.11403508771929824,0.8,0.10596491228070175,0.033293637652694726,0.4129353233830846,False,0.24561403508771928,60,0.5,0.11688596491228069,0.03159629912070799,0.004975124378109453,True,0.13157894736842105
YFM,21,35,114,4,4,0.05263157894736842,0.2,0.10385964912280703,0.031059427132255815,0.9651741293532339,False,0.14912280701754385,60,0.5,0.11934210526315789,0.03528439873920838,0.22885572139303484,False,0.09649122807017543
YFM,21,36,114,4,4,0.08771929824561403,0.2,0.10175438596491228,0.031376016890649165,0.6865671641791045,False,0.18421052631578946,60,0.5,0.12013157894736841,0.03358085758774199,0.04975124378109453,True,0.09649122807017543
YFM,21,37,114,4,4,0.09649122807017543,0.8,0.10609649122807017,0.03256843954896077,0.6417910447761194,False,0.16666666666666666,60,0.5,0.11815789473684209,0.035229700397074126,0.12437810945273632,False,0.07017543859649122
YFM,21,38,114,4,4,0.05263157894736842,0.2,0.10539473684210528,0.032064472834786084,0.9402985074626866,False,0.13157894736842105,60,0.2,0.11719298245614035,0.0333131431961026,0.35323383084577115,False,0.07894736842105263
YFM,21,39,114,4,4,0.11403508771929824,0.2,0.1037719298245614,0.03364886825411163,0.4427860696517413,False,0.17543859649122806,60,0.5,0.12057017543859647,0.03467755393387308,0.07462686567164178,False,0.06140350877192982
YFM,21,40,114,4,4,0.06140350877192982,0.2,0.1031578947368421,0.03119358945581863,0.945273631840796,False,0.14035087719298245,60,0.8,0.11771929824561404,0.035069641821172774,0.3034825870646766,False,0.07894736842105263
YFM,21,41,114,4,4,0.07017543859649122,0.2,0.10214912280701753,0.03317190526766591,0.8407960199004975,False,0.19298245614035087,60,0.2,0.12153508771929823,0.03381265069700178,0.029850746268656716,True,0.12280701754385964
YFM,21,42,114,4,4,0.07017543859649122,0.2,0.10263157894736841,0.03107884192075178,0.9054726368159204,False,0.15789473684210525,75,0.8,0.11837719298245614,0.031731359793922546,0.13432835820895522,False,0.08771929824561403
YFM,21,43,114,4,4,0.03508771929824561,0.2,0.09815789473684212,0.030833899063912075,1.0,False,0.14912280701754385,75,0.2,0.11416666666666667,0.03364159926194649,0.21393034825870647,False,0.11403508771929824
YFM,21,44,114,4,4,0.09649122807017543,0.5,0.10271929824561403,0.028880971836207282,0.6368159203980099,False,0.13157894736842105,60,0.5,0.12013157894736842,0.03536430593187944,0.4228855721393035,False,0.03508771929824561
YFM,21,45,114,4,4,0.043859649122807015,0.8,0.10350877192982455,0.03246620572032385,0.9900497512437811,False,0.14912280701754385,150,0.2,0.11280701754385963,0.03225159580008329,0.16417910447761194,False,0.10526315789473684
YFM,21,46,114,4,4,0.07017543859649122,0.2,0.10763157894736843,0.034191476169905574,0.9203980099502488,False,0.15789473684210525,60,0.8,0.12236842105263157,0.03500773304009183,0.1691542288557214,False,0.08771929824561403
YFM,21,47,114,4,4,0.07017543859649122,0.2,0.10105263157894737,0.03282108478540036,0.8606965174129353,False,0.13157894736842105,60,0.2,0.11837719298245614,0.03258505673669399,0.4129353233830846,False,0.06140350877192982
YFM,21,48,114,4,4,0.05263157894736842,0.2,0.10057017543859649,0.030347097029642233,0.9601990049751243,False,0.16666666666666666,90,0.2,0.11890350877192983,0.03625512660989675,0.13432835820895522,False,0.11403508771929824
YFM,21,49,114,4,4,0.07017543859649122,0.2,0.10482456140350876,0.03037094609021957,0.9054726368159204,False,0.20175438596491227,60,0.8,0.11890350877192983,0.03511743319998689,0.01990049751243781,True,0.13157894736842105
YFM,21,50,114,4,4,0.07017543859649122,0.2,0.10324561403508771,0.02984387258498588,0.8955223880597015,False,0.13157894736842105,60,0.5,0.11780701754385964,0.033768165636543314,0.3681592039800995,False,0.06140350877192982
YFM,21,62,114,4,4,0.08771929824561403,0.2,0.10236842105263158,0.03219243535442099,0.7114427860696517,False,0.16666666666666666,60,0.2,0.11552631578947369,0.0362061670832413,0.08955223880597014,False,0.07894736842105263
YFM,21,63,114,4,4,0.06140350877192982,0.2,0.1006140350877193,0.030461967094775933,0.9303482587064676,False,0.13157894736842105,60,0.8,0.11907894736842105,0.03516958513632224,0.373134328358209,False,0.07017543859649122
YFM,21,64,114,4,4,0.03508771929824561,0.2,0.09978070175438596,0.030455968854626238,1.0,False,0.14912280701754385,75,0.2,0.11491228070175437,0.033289456406452825,0.1890547263681592,False,0.11403508771929824
YFM,21,65,114,4,4,0.06140350877192982,0.2,0.10337719298245612,0.02965107504552353,0.9353233830845771,False,0.21052631578947367,75,0.2,0.11662280701754384,0.03310072447047419,0.014925373134328358,True,0.14912280701754385
YFM,21,66,114,4,4,0.043859649122807015,0.2,0.1044298245614035,0.03271059866538555,0.9800995024875622,False,0.19298245614035087,60,0.2,0.11833333333333332,0.033979114562671976,0.03980099502487562,True,0.14912280701754385
YFM,21,67,114,4,4,0.07894736842105263,0.8,0.10263157894736842,0.03297435191859723,0.7711442786069652,False,0.18421052631578946,60,0.2,0.11675438596491229,0.035627840541691325,0.04975124378109453,True,0.10526315789473684
YFM,21,68,114,4,4,0.05263157894736842,0.2,0.10026315789473683,0.02833928897289301,0.9800995024875622,False,0.16666666666666666,60,0.2,0.11627192982456139,0.03399057752773775,0.0945273631840796,False,0.11403508771929824
YFM,21,69,114,4,4,0.043859649122807015,0.2,0.1012280701754386,0.031923827173859186,0.9850746268656716,False,0.14035087719298245,60,0.2,0.11995614035087719,0.03592556813084546,0.3482587064676617,False,0.09649122807017543
YFM,21,70,114,4,4,0.07017543859649122,0.2,0.10618421052631577,0.02960565905939472,0.9104477611940298,False,0.14912280701754385,150,0.2,0.11100877192982456,0.03186026580061317,0.14925373134328357,False,0.07894736842105263
YFM,21,71,114,4,4,0.06140350877192982,0.5,0.10105263157894737,0.030891155186802015,0.9253731343283582,False,0.16666666666666666,150,0.2,0.11078947368421051,0.033857362821295936,0.08955223880597014,False,0.10526315789473684
YFM,21,72,114,4,4,0.03508771929824561,0.2,0.09894736842105263,0.029326973305814,1.0,False,0.14035087719298245,60,0.5,0.1163157894736842,0.03301232326355981,0.2885572139303483,False,0.10526315789473684
YFM,21,73,114,4,4,0.09649122807017543,0.2,0.10061403508771928,0.03047465788951009,0.5870646766169154,False,0.19298245614035087,75,0.5,0.1194298245614035,0.0373786770520131,0.029850746268656716,True,0.09649122807017543
YFM,21,74,114,4,4,0.07017543859649122,0.2,0.10736842105263157,0.030969662696705976,0.9054726368159204,False,0.13157894736842105,60,0.2,0.1187719298245614,0.03051181152745801,0.3880597014925373,False,0.06140350877192982
YFM,21,75,114,4,4,0.06140350877192982,0.2,0.09868421052631579,0.0302816945863132,0.9253731343283582,False,0.17543859649122806,75,0.8,0.1156140350877193,0.03493044183161814,0.06965174129353234,False,0.11403508771929824
YFM,21,76,114,4,4,0.043859649122807015,0.2,0.09868421052631579,0.03008954991399399,0.9900497512437811,False,0.14912280701754385,60,0.2,0.11767543859649124,0.033304291649529846,0.23383084577114427,False,0.10526315789473684
YFM,21,77,114,4,4,0.043859649122807015,0.2,0.10065789473684211,0.029755996454546386,0.9850746268656716,False,0.14912280701754385,75,0.2,0.11460526315789472,0.033579475818188,0.20398009950248755,False,0.10526315789473684
YFM,21,78,114,4,4,0.043859649122807015,0.2,0.09903508771929824,0.031160723475387567,0.9950248756218906,False,0.14912280701754385,60,0.2,0.11903508771929826,0.0331557279800224,0.23880597014925373,False,0.10526315789473684
YFM,21,79,114,4,4,0.06140350877192982,0.2,0.10355263157894737,0.03195841898313195,0.9154228855721394,False,0.18421052631578946,60,0.2,0.11745614035087719,0.0361386090313248,0.05970149253731343,False,0.12280701754385964
YFM,21,80,114,4,4,0.05263157894736842,0.8,0.09969298245614035,0.03024882848625083,0.9751243781094527,False,0.16666666666666666,75,0.5,0.11807017543859649,0.033519111837197614,0.10945273631840796,False,0.11403508771929824
YFM,21,81,114,4,4,0.07017543859649122,0.2,0.1062280701754386,0.032019974208487394,0.9154228855721394,False,0.19298245614035087,300,0.2,0.10885964912280702,0.031366033144481824,0.024875621890547265,True,0.12280701754385964
YFM,21,82,114,4,4,0.05263157894736842,0.2,0.10429824561403508,0.032044116725401146,0.9800995024875622,False,0.15789473684210525,60,0.2,0.11285087719298245,0.034951661403709235,0.14925373134328357,False,0.10526315789473684
YFM,21,83,114,4,4,0.07017543859649122,0.2,0.10171052631578947,0.031781281670020506,0.8507462686567164,False,0.20175438596491227,60,0.2,0.11780701754385965,0.03493874306842848,0.01990049751243781,True,0.13157894736842105
YFM,21,84,114,4,4,0.07017543859649122,0.5,0.10013157894736842,0.029643249667261305,0.8805970149253731,False,0.15789473684210525,60,0.5,0.12157894736842105,0.03452157202022536,0.15422885572139303,False,0.08771929824561403
YFM,21,85,114,4,4,0.06140350877192982,0.2,0.1012280701754386,0.03359976484665978,0.9104477611940298,False,0.16666666666666666,75,0.2,0.11732456140350876,0.03283848668514054,0.07960199004975124,False,0.10526315789473684
YFM,21,86,114,4,4,0.07894736842105263,0.2,0.10456140350877191,0.032014781189419785,0.835820895522388,False,0.23684210526315788,60,0.2,0.11815789473684209,0.033496840498016954,0.004975124378109453,True,0.15789473684210525
YFM,21,87,114,4,4,0.13157894736842105,0.5,0.10499999999999998,0.03355450780963605,0.2736318407960199,False,0.14912280701754385,60,0.2,0.1162280701754386,0.033309776983435235,0.208955223880597,False,0.017543859649122806
YFM,21,88,114,4,4,0.07894736842105263,0.2,0.10464912280701753,0.034347184085887945,0.7810945273631841,False,0.21052631578947367,75,0.5,0.11552631578947369,0.03263382079114974,0.014925373134328358,True,0.13157894736842105
YFM,21,89,114,4,4,0.11403508771929824,0.2,0.1025,0.028625295068110995,0.42786069651741293,False,0.19298245614035087,75,0.2,0.1175,0.032560127774851934,0.03482587064676617,True,0.07894736842105263
YFM,21,90,114,4,4,0.05263157894736842,0.2,0.1012280701754386,0.031509322091161064,0.9651741293532339,False,0.19298245614035087,60,0.5,0.12078947368421052,0.03265277314636577,0.01990049751243781,True,0.14035087719298245
YFM,21,91,114,4,4,0.13157894736842105,0.8,0.10236842105263158,0.03214435498265137,0.20398009950248755,False,0.19298245614035087,60,0.8,0.11833333333333335,0.034766558938524844,0.01990049751243781,True,0.06140350877192982
YFM,21,92,114,4,4,0.07017543859649122,0.2,0.10171052631578949,0.032455455315853594,0.8606965174129353,False,0.19298245614035087,60,0.5,0.11969298245614034,0.03228583643220242,0.009950248756218905,True,0.12280701754385964
YFM,21,93,114,4,4,0.05263157894736842,0.2,0.10364035087719298,0.029140708371896584,0.9701492537313433,False,0.21929824561403508,60,0.5,0.11925438596491228,0.03112977918356307,0.004975124378109453,True,0.16666666666666666
YFM,21,94,114,4,4,0.043859649122807015,0.2,0.10671052631578946,0.03129923903014439,0.9950248756218906,False,0.20175438596491227,60,0.2,0.11850877192982455,0.030564357994482896,0.009950248756218905,True,0.15789473684210525
YFM,22,23,114,4,4,0.05263157894736842,0.2,0.1045175438596491,0.0328777910449649,0.9751243781094527,False,0.14912280701754385,90,0.5,0.11307017543859647,0.03432781554085244,0.21890547263681592,False,0.09649122807017543
YFM,22,24,114,4,4,0.12280701754385964,0.5,0.1057456140350877,0.03317540202238462,0.3383084577114428,False,0.16666666666666666,60,0.5,0.11482456140350877,0.035100830663245625,0.07960199004975124,False,0.043859649122807015
YFM,22,25,114,4,4,0.07017543859649122,0.2,0.10495614035087719,0.03193033680621995,0.8905472636815921,False,0.16666666666666666,90,0.2,0.11530701754385962,0.03207556524266166,0.07462686567164178,False,0.09649122807017543
YFM,22,26,114,4,4,0.14912280701754385,0.8,0.10649122807017544,0.0349113968745018,0.14925373134328357,False,0.20175438596491227,90,0.8,0.11425438596491228,0.03406375834980224,0.014925373134328358,True,0.05263157894736842
YFM,22,34,114,4,4,0.14035087719298245,0.8,0.10482456140350876,0.034101338719315095,0.1691542288557214,False,0.21052631578947367,75,0.5,0.11885964912280703,0.03321678143785835,0.004975124378109453,True,0.07017543859649122
YFM,22,35,114,4,4,0.09649122807017543,0.5,0.10434210526315789,0.030582158973830823,0.6467661691542289,False,0.16666666666666666,90,0.2,0.11535087719298243,0.03362173799897646,0.0945273631840796,False,0.07017543859649122
YFM,22,36,114,4,4,0.12280701754385964,0.2,0.10267543859649124,0.03249950640082706,0.2935323383084577,False,0.22807017543859648,150,0.8,0.11223684210526315,0.03520101496365546,0.004975124378109453,True,0.10526315789473684
YFM,22,37,114,4,4,0.07894736842105263,0.5,0.1044736842105263,0.03244464176059511,0.8308457711442786,False,0.20175438596491227,60,0.8,0.11578947368421051,0.034800019488016365,0.009950248756218905,True,0.12280701754385964
YFM,22,38,114,4,4,0.07017543859649122,0.5,0.10421052631578948,0.032496680590869985,0.900497512437811,False,0.14035087719298245,60,0.2,0.11723684210526315,0.03407215725810927,0.26865671641791045,False,0.07017543859649122
YFM,22,39,114,4,4,0.12280701754385964,0.8,0.10609649122807017,0.0308991337957433,0.35323383084577115,False,0.17543859649122806,225,0.5,0.10785087719298245,0.03407919258763326,0.029850746268656716,True,0.05263157894736842
YFM,22,40,114,4,4,0.08771929824561403,0.2,0.10429824561403507,0.03265372047537589,0.7114427860696517,False,0.14035087719298245,100,0.2,0.11429824561403508,0.03250084485663164,0.2736318407960199,False,0.05263157894736842
YFM,22,41,114,4,4,0.14912280701754385,0.8,0.10271929824561404,0.031296922591585806,0.11442786069651742,False,0.21929824561403508,100,0.8,0.11307017543859649,0.03455236032163567,0.009950248756218905,True,0.07017543859649122
YFM,22,42,114,4,4,0.07017543859649122,0.2,0.10442982456140351,0.031123567997863984,0.9203980099502488,False,0.13157894736842105,100,0.5,0.11609649122807017,0.033486074556576276,0.3383084577114428,False,0.06140350877192982
YFM,22,43,114,4,4,0.08771929824561403,0.2,0.1037280701754386,0.033514468388134634,0.7412935323383084,False,0.14912280701754385,90,0.8,0.11171052631578947,0.03651845323890994,0.1791044776119403,False,0.06140350877192982
YFM,22,44,114,4,4,0.08771929824561403,0.8,0.10421052631578948,0.02982896908274713,0.7562189054726368,False,0.17543859649122806,100,0.8,0.11293859649122806,0.03383025689859058,0.06965174129353234,False,0.08771929824561403
YFM,22,45,114,4,4,0.05263157894736842,0.2,0.1044736842105263,0.03060481414831998,0.9751243781094527,False,0.16666666666666666,150,0.5,0.11241228070175438,0.03579769129313136,0.0945273631840796,False,0.11403508771929824
YFM,22,46,114,4,4,0.10526315789473684,0.2,0.10671052631578949,0.03255870268623657,0.5223880597014925,False,0.14912280701754385,180,0.5,0.11311403508771929,0.03288508189437947,0.18407960199004975,False,0.043859649122807015
YFM,22,47,114,4,4,0.11403508771929824,0.2,0.10521929824561402,0.031627612203198166,0.39800995024875624,False,0.14035087719298245,300,0.2,0.10991228070175438,0.0322260489326117,0.19402985074626866,False,0.02631578947368421
YFM,22,48,114,4,4,0.10526315789473684,0.8,0.10035087719298247,0.03218678963448863,0.4626865671641791,False,0.16666666666666666,100,0.5,0.11578947368421051,0.03423995686902857,0.1044776119402985,False,0.06140350877192982
YFM,22,49,114,4,4,0.13157894736842105,0.5,0.10478070175438596,0.03265854550604276,0.24378109452736318,False,0.15789473684210525,225,0.2,0.11241228070175438,0.03061602494046597,0.09950248756218906,False,0.02631578947368421
YFM,22,50,114,4,4,0.09649122807017543,0.8,0.10653508771929826,0.03205144641412162,0.6318407960199005,False,0.14035087719298245,150,0.8,0.10890350877192981,0.02938121111945923,0.19402985074626866,False,0.043859649122807015
YFM,22,62,114,4,4,0.07894736842105263,0.8,0.10614035087719298,0.03138833812296805,0.8258706467661692,False,0.13157894736842105,90,0.2,0.11574561403508772,0.03391883481507737,0.38308457711442784,False,0.05263157894736842
YFM,22,63,114,4,4,0.14035087719298245,0.8,0.1018859649122807,0.0317761713273548,0.13432835820895522,False,0.15789473684210525,90,0.8,0.11478070175438596,0.03558861267131114,0.15422885572139303,False,0.017543859649122806
YFM,22,64,114,4,4,0.07894736842105263,0.2,0.10315789473684209,0.03080692556803847,0.8407960199004975,False,0.14035087719298245,100,0.5,0.11162280701754387,0.03397851713094194,0.23880597014925373,False,0.06140350877192982
YFM,22,65,114,4,4,0.05263157894736842,0.2,0.10719298245614034,0.0328234409124079,0.9850746268656716,False,0.24561403508771928,90,0.8,0.11298245614035088,0.03144446173925293,0.004975124378109453,True,0.19298245614035087
YFM,22,66,114,4,4,0.07894736842105263,0.2,0.10394736842105262,0.032439397527167284,0.8208955223880597,False,0.18421052631578946,100,0.2,0.11153508771929824,0.03301393373577585,0.024875621890547265,True,0.10526315789473684
YFM,22,67,114,4,4,0.07894736842105263,0.2,0.10469298245614034,0.03154902610407027,0.845771144278607,False,0.14035087719298245,60,0.8,0.11710526315789473,0.035977327810149506,0.26865671641791045,False,0.06140350877192982
YFM,22,68,114,4,4,0.09649122807017543,0.2,0.10526315789473684,0.03298607613298321,0.6766169154228856,False,0.16666666666666666,100,0.8,0.11258771929824561,0.03332170229109168,0.08955223880597014,False,0.07017543859649122
YFM,22,69,114,4,4,0.14035087719298245,0.2,0.10614035087719298,0.03217910025291517,0.1791044776119403,False,0.14035087719298245,900,0.2,0.10614035087719298,0.03217910025291517,0.1791044776119403,False,0.0
YFM,22,70,114,4,4,0.09649122807017543,0.2,0.10407894736842106,0.030812416274400314,0.6417910447761194,False,0.13157894736842105,90,0.2,0.11333333333333333,0.03125699112581749,0.32338308457711445,False,0.03508771929824561
YFM,22,71,114,4,4,0.13157894736842105,0.2,0.10092105263157894,0.03257318818190966,0.19900497512437812,False,0.14912280701754385,150,0.2,0.1137280701754386,0.03338662179815687,0.16417910447761194,False,0.017543859649122806
YFM,22,72,114,4,4,0.09649122807017543,0.2,0.10293859649122807,0.030747091875975813,0.6417910447761194,False,0.14912280701754385,90,0.2,0.10956140350877192,0.031375893653891464,0.13432835820895522,False,0.05263157894736842
YFM,22,73,114,4,4,0.07017543859649122,0.2,0.10087719298245613,0.03141296608919165,0.8656716417910447,False,0.14035087719298245,450,0.8,0.10263157894736842,0.0326917094026035,0.15920398009950248,False,0.07017543859649122
YFM,22,74,114,4,4,0.14912280701754385,0.2,0.10460526315789473,0.030284088680050295,0.09950248756218906,False,0.14912280701754385,150,0.5,0.1124561403508772,0.033839656458121696,0.17412935323383086,False,0.0
YFM,22,75,114,4,4,0.09649122807017543,0.5,0.10649122807017544,0.031017070743474772,0.6567164179104478,False,0.19298245614035087,150,0.2,0.11276315789473683,0.034480749193224414,0.024875621890547265,True,0.09649122807017543
YFM,22,76,114,4,4,0.08771929824561403,0.2,0.10328947368421051,0.03183404050721289,0.7164179104477612,False,0.14035087719298245,90,0.8,0.11131578947368422,0.0363370758156053,0.24378109452736318,False,0.05263157894736842
YFM,22,77,114,4,4,0.08771929824561403,0.2,0.10421052631578948,0.033458147793644706,0.7412935323383084,False,0.14035087719298245,90,0.8,0.11140350877192982,0.03665080496353777,0.263681592039801,False,0.05263157894736842
YFM,22,78,114,4,4,0.09649122807017543,0.2,0.10456140350877191,0.03517972597192916,0.6268656716417911,False,0.13157894736842105,100,0.8,0.11530701754385964,0.03409734157004247,0.3482587064676617,False,0.03508771929824561
YFM,22,79,114,4,4,0.09649122807017543,0.5,0.10640350877192983,0.03251749658682375,0.6865671641791045,False,0.15789473684210525,90,0.8,0.12114035087719298,0.034981656677401565,0.19900497512437812,False,0.06140350877192982
YFM,22,80,114,4,4,0.09649122807017543,0.2,0.10214912280701753,0.030915397519465173,0.5870646766169154,False,0.18421052631578946,90,0.8,0.11166666666666666,0.03805562624218708,0.04975124378109453,True,0.08771929824561403
YFM,22,81,114,4,4,0.14912280701754385,0.5,0.10276315789473683,0.03138066872427356,0.09950248756218906,False,0.20175438596491227,300,0.8,0.10592105263157894,0.03373869600664635,0.009950248756218905,True,0.05263157894736842
YFM,22,82,114,4,4,0.08771929824561403,0.2,0.10649122807017543,0.03412729461539897,0.746268656716418,False,0.17543859649122806,180,0.8,0.10692982456140349,0.0325778471051632,0.03980099502487562,True,0.08771929824561403
YFM,22,83,114,4,4,0.09649122807017543,0.2,0.10346491228070175,0.033281295656299156,0.6268656716417911,False,0.14912280701754385,60,0.8,0.11929824561403507,0.036098034934092575,0.24378109452736318,False,0.05263157894736842
YFM,22,84,114,4,4,0.10526315789473684,0.2,0.10228070175438596,0.03255469429004714,0.48756218905472637,False,0.16666666666666666,90,0.8,0.11596491228070174,0.03649390668255709,0.10945273631840796,False,0.06140350877192982
YFM,22,85,114,4,4,0.08771929824561403,0.5,0.09995614035087719,0.03250069614204203,0.681592039800995,False,0.14035087719298245,90,0.5,0.11298245614035088,0.033097949990866134,0.22388059701492538,False,0.05263157894736842
YFM,22,86,114,4,4,0.14912280701754385,0.5,0.10429824561403508,0.03298361439365123,0.12935323383084577,False,0.20175438596491227,60,0.5,0.12004385964912281,0.036762228536504064,0.03482587064676617,True,0.05263157894736842
YFM,22,87,114,4,4,0.11403508771929824,0.8,0.10513157894736842,0.03139421980559502,0.43781094527363185,False,0.14912280701754385,100,0.2,0.11574561403508771,0.03432677360885143,0.1791044776119403,False,0.03508771929824561
YFM,22,88,114,4,4,0.13157894736842105,0.5,0.105,0.03624672681522516,0.263681592039801,False,0.17543859649122806,90,0.8,0.11412280701754383,0.03914035405822734,0.07462686567164178,False,0.043859649122807015
YFM,22,89,114,4,4,0.15789473684210525,0.8,0.1038157894736842,0.03097637284576675,0.05970149253731343,False,0.18421052631578946,180,0.2,0.1100438596491228,0.03556709364220897,0.024875621890547265,True,0.02631578947368421
YFM,22,90,114,4,4,0.08771929824561403,0.8,0.10228070175438596,0.03133211397547565,0.7213930348258707,False,0.19298245614035087,90,0.2,0.1162280701754386,0.03594507078530454,0.03980099502487562,True,0.10526315789473684
YFM,22,91,114,4,4,0.13157894736842105,0.2,0.10171052631578947,0.03210809692234667,0.208955223880597,False,0.23684210526315788,150,0.2,0.11241228070175438,0.03304554165161711,0.004975124378109453,True,0.10526315789473684
YFM,22,92,114,4,4,0.10526315789473684,0.2,0.10530701754385964,0.03492753593262339,0.5422885572139303,False,0.15789473684210525,225,0.2,0.11350877192982456,0.034348647543619604,0.11940298507462686,False,0.05263157894736842
YFM,22,93,114,4,4,0.13157894736842105,0.5,0.10232456140350876,0.031082294242469142,0.22885572139303484,False,0.20175438596491227,180,0.5,0.11131578947368422,0.032684493721069,0.009950248756218905,True,0.07017543859649122
YFM,22,94,114,4,4,0.10526315789473684,0.2,0.1037719298245614,0.031488085214560944,0.4975124378109453,False,0.18421052631578946,90,0.5,0.11293859649122806,0.033910169878974494,0.029850746268656716,True,0.07894736842105263
YFM,23,24,114,4,4,0.07894736842105263,0.8,0.10302631578947369,0.032727143671991574,0.7910447761194029,False,0.15789473684210525,450,0.8,0.10289473684210527,0.03284169516543729,0.07960199004975124,False,0.07894736842105263
YFM,23,25,114,4,4,0.05263157894736842,0.2,0.10390350877192983,0.03023501982561273,0.9850746268656716,False,0.11403508771929824,75,0.5,0.11517543859649121,0.03552915911097557,0.5223880597014925,False,0.06140350877192982
YFM,23,26,114,4,4,0.09649122807017543,0.5,0.10548245614035087,0.03629499242878626,0.6268656716417911,False,0.18421052631578946,150,0.8,0.1137280701754386,0.03286132188633196,0.03980099502487562,True,0.08771929824561403
YFM,23,34,114,4,4,0.09649122807017543,0.5,0.10631578947368421,0.03524780548483446,0.6169154228855721,False,0.16666666666666666,90,0.8,0.12043859649122807,0.03651032584029291,0.13930348258706468,False,0.07017543859649122
YFM,23,35,114,4,4,0.07017543859649122,0.2,0.10175438596491228,0.030361395978535356,0.8805970149253731,False,0.10526315789473684,150,0.2,0.11043859649122804,0.03644120955709114,0.6268656716417911,False,0.03508771929824561
YFM,23,36,114,4,4,0.07894736842105263,0.2,0.10210526315789473,0.032466682110162834,0.8059701492537313,False,0.16666666666666666,60,0.8,0.11934210526315787,0.031839627333664355,0.1044776119402985,False,0.08771929824561403
YFM,23,37,114,4,4,0.07017543859649122,0.8,0.10456140350877194,0.031405087241290146,0.9104477611940298,False,0.19298245614035087,60,0.8,0.11688596491228069,0.034932406635851246,0.029850746268656716,True,0.12280701754385964
YFM,23,38,114,4,4,0.09649122807017543,0.2,0.10245614035087719,0.032403738097157526,0.6169154228855721,False,0.12280701754385964,60,0.5,0.1162280701754386,0.03452952362876193,0.44776119402985076,False,0.02631578947368421
YFM,23,39,114,4,4,0.10526315789473684,0.2,0.10390350877192983,0.03106761144697253,0.4975124378109453,False,0.20175438596491227,225,0.2,0.10938596491228068,0.035622630745755425,0.01990049751243781,True,0.09649122807017543
YFM,23,40,114,4,4,0.07894736842105263,0.5,0.10320175438596492,0.03120272996246108,0.8507462686567164,False,0.14035087719298245,180,0.2,0.11035087719298245,0.0342553117181002,0.208955223880597,False,0.06140350877192982
YFM,23,41,114,4,4,0.14912280701754385,0.5,0.1018421052631579,0.03168004720209716,0.11940298507462686,False,0.22807017543859648,150,0.5,0.11162280701754387,0.03394436070718245,0.004975124378109453,True,0.07894736842105263
YFM,23,42,114,4,4,0.06140350877192982,0.5,0.10364035087719298,0.02830607998379377,0.9552238805970149,False,0.09649122807017543,150,0.2,0.10877192982456141,0.0325969506253044,0.6766169154228856,False,0.03508771929824561
YFM,23,43,114,4,4,0.05263157894736842,0.2,0.09758771929824561,0.03028408868005029,0.9751243781094527,False,0.14912280701754385,90,0.5,0.10482456140350876,0.033885217317579264,0.11940298507462686,False,0.09649122807017543
YFM,23,44,114,4,4,0.10526315789473684,0.8,0.10692982456140351,0.029435283313424137,0.5970149253731343,False,0.17543859649122806,100,0.8,0.11184210526315788,0.033041709339839485,0.04477611940298507,True,0.07017543859649122
YFM,23,45,114,4,4,0.07894736842105263,0.5,0.1031140350877193,0.03244830626149366,0.8109452736318408,False,0.11403508771929824,75,0.8,0.11824561403508771,0.03639629857993918,0.582089552238806,False,0.03508771929824561
YFM,23,46,114,4,4,0.11403508771929824,0.8,0.1057456140350877,0.030146648534768634,0.4228855721393035,False,0.14035087719298245,100,0.8,0.11482456140350877,0.03433232082872606,0.2537313432835821,False,0.02631578947368421
YFM,23,47,114,4,4,0.043859649122807015,0.2,0.09938596491228069,0.029497220905757085,0.9900497512437811,False,0.10526315789473684,300,0.2,0.10644736842105262,0.03540233519215521,0.5074626865671642,False,0.06140350877192982
YFM,23,48,114,4,4,0.07894736842105263,0.5,0.09903508771929824,0.0325920868163846,0.7562189054726368,False,0.14912280701754385,100,0.8,0.11149122807017543,0.033723249256189886,0.18407960199004975,False,0.07017543859649122
YFM,23,49,114,4,4,0.05263157894736842,0.2,0.10166666666666664,0.032941384539071715,0.9552238805970149,False,0.19298245614035087,75,0.8,0.11587719298245613,0.03599709781754603,0.03482587064676617,True,0.14035087719298245
YFM,23,50,114,4,4,0.07017543859649122,0.5,0.10714912280701754,0.031077317800859896,0.9054726368159204,False,0.14912280701754385,150,0.5,0.10899122807017542,0.031096721419577544,0.12935323383084577,False,0.07894736842105263
YFM,23,62,114,4,4,0.05263157894736842,0.2,0.1045175438596491,0.0330888071647618,0.9701492537313433,False,0.12280701754385964,180,0.8,0.11460526315789472,0.03404831711557043,0.417910447761194,False,0.07017543859649122
YFM,23,63,114,4,4,0.10526315789473684,0.5,0.10451754385964912,0.032712726349294514,0.4925373134328358,False,0.14035087719298245,60,0.8,0.11859649122807017,0.03713251869026416,0.29850746268656714,False,0.03508771929824561
YFM,23,64,114,4,4,0.05263157894736842,0.2,0.09671052631578948,0.031821891848465005,0.9850746268656716,False,0.12280701754385964,180,0.5,0.10048245614035085,0.030422433114190076,0.2935323383084577,False,0.07017543859649122
YFM,23,65,114,4,4,0.07894736842105263,0.8,0.10320175438596489,0.03341672012648428,0.7761194029850746,False,0.23684210526315788,150,0.8,0.10942982456140349,0.03479932503625397,0.004975124378109453,True,0.15789473684210525
YFM,23,66,114,4,4,0.043859649122807015,0.2,0.10092105263157894,0.03318472490026723,0.9900497512437811,False,0.18421052631578946,100,0.2,0.11315789473684211,0.029912333054846384,0.009950248756218905,True,0.14035087719298245
YFM,23,67,114,4,4,0.05263157894736842,0.2,0.10039473684210526,0.03231935286922432,0.9651741293532339,False,0.13157894736842105,150,0.8,0.11333333333333334,0.032255432078888355,0.3034825870646766,False,0.07894736842105263
YFM,23,68,114,4,4,0.06140350877192982,0.2,0.09754385964912281,0.03202927123188706,0.9253731343283582,False,0.12280701754385964,90,0.2,0.10899122807017543,0.03260213986505793,0.373134328358209,False,0.06140350877192982
YFM,23,69,114,4,4,0.12280701754385964,0.5,0.1044736842105263,0.02890238517705669,0.3333333333333333,False,0.14035087719298245,225,0.8,0.10969298245614033,0.03285685026172354,0.23383084577114427,False,0.017543859649122806
YFM,23,70,114,4,4,0.07017543859649122,0.2,0.10495614035087719,0.03064505917458816,0.900497512437811,False,0.12280701754385964,180,0.2,0.11206140350877192,0.03396144321312793,0.417910447761194,False,0.05263157894736842
YFM,23,71,114,4,4,0.07894736842105263,0.8,0.1012719298245614,0.034124546945312965,0.7910447761194029,False,0.14035087719298245,60,0.2,0.11451754385964912,0.034646318867639705,0.24875621890547264,False,0.06140350877192982
YFM,23,72,114,4,4,0.07017543859649122,0.2,0.09811403508771928,0.02792097431079074,0.8656716417910447,False,0.10526315789473684,150,0.2,0.10833333333333332,0.03527182152077719,0.5422885572139303,False,0.03508771929824561
YFM,23,73,114,4,4,0.11403508771929824,0.5,0.10065789473684211,0.030001877854442086,0.3681592039800995,False,0.14912280701754385,225,0.8,0.10960526315789475,0.034599413397345374,0.14925373134328357,False,0.03508771929824561
YFM,23,74,114,4,4,0.12280701754385964,0.2,0.10267543859649121,0.029883848483917334,0.32338308457711445,False,0.14912280701754385,180,0.8,0.10969298245614034,0.03310306069399237,0.13930348258706468,False,0.02631578947368421
YFM,23,75,114,4,4,0.07894736842105263,0.2,0.09916666666666667,0.03215743394912948,0.7910447761194029,False,0.14035087719298245,150,0.2,0.10828947368421052,0.03775866783671051,0.23383084577114427,False,0.06140350877192982
YFM,23,76,114,4,4,0.05263157894736842,0.2,0.09802631578947368,0.029593118245795455,0.9701492537313433,False,0.13157894736842105,100,0.2,0.10565789473684209,0.03255300170790712,0.2537313432835821,False,0.07894736842105263
YFM,23,77,114,4,4,0.05263157894736842,0.2,0.09644736842105264,0.03165205399456447,0.9552238805970149,False,0.13157894736842105,100,0.2,0.1056140350877193,0.034305843789620274,0.263681592039801,False,0.07894736842105263
YFM,23,78,114,4,4,0.05263157894736842,0.2,0.09894736842105262,0.03311663673015458,0.9651741293532339,False,0.13157894736842105,150,0.2,0.10570175438596491,0.033076797890618716,0.23383084577114427,False,0.07894736842105263
YFM,23,79,114,4,4,0.07017543859649122,0.2,0.10271929824561403,0.030074639588120643,0.8805970149253731,False,0.14035087719298245,180,0.5,0.11285087719298245,0.03295884024010404,0.2736318407960199,False,0.07017543859649122
YFM,23,80,114,4,4,0.03508771929824561,0.2,0.09802631578947368,0.03003408081316176,1.0,False,0.14035087719298245,100,0.2,0.10723684210526314,0.0314306555202471,0.19900497512437812,False,0.10526315789473684
YFM,23,81,114,4,4,0.12280701754385964,0.8,0.1025877192982456,0.03108129901788973,0.31840796019900497,False,0.19298245614035087,300,0.8,0.1075438596491228,0.032289938078142025,0.009950248756218905,True,0.07017543859649122
YFM,23,82,114,4,4,0.08771929824561403,0.8,0.10486842105263157,0.02895728473367729,0.7910447761194029,False,0.12280701754385964,90,0.8,0.11149122807017545,0.0323539400855197,0.4129353233830846,False,0.03508771929824561
YFM,23,83,114,4,4,0.07894736842105263,0.2,0.10434210526315789,0.03562792193870813,0.8059701492537313,False,0.12280701754385964,75,0.8,0.11710526315789474,0.03797466192683321,0.4427860696517413,False,0.043859649122807015
YFM,23,84,114,4,4,0.09649122807017543,0.2,0.10267543859649124,0.03364527705109928,0.6069651741293532,False,0.11403508771929824,150,0.8,0.10991228070175438,0.034887797721898525,0.46766169154228854,False,0.017543859649122806
YFM,23,85,114,4,4,0.07017543859649122,0.2,0.09714912280701754,0.03260806941357512,0.8606965174129353,False,0.16666666666666666,90,0.2,0.11302631578947368,0.03309348112946988,0.09950248756218906,False,0.09649122807017543
YFM,23,86,114,4,4,0.10526315789473684,0.2,0.09964912280701753,0.03156082036770107,0.46766169154228854,False,0.16666666666666666,180,0.2,0.11114035087719298,0.036514561843792495,0.1044776119402985,False,0.06140350877192982
YFM,23,87,114,4,4,0.08771929824561403,0.2,0.10263157894736842,0.02984762968456151,0.7263681592039801,False,0.15789473684210525,225,0.2,0.11,0.030764221535356174,0.12935323383084577,False,0.07017543859649122
YFM,23,88,114,4,4,0.14035087719298245,0.5,0.1018859649122807,0.031556378889774216,0.13432835820895522,False,0.15789473684210525,100,0.2,0.11442982456140349,0.03331613187572051,0.13930348258706468,False,0.017543859649122806
YFM,23,89,114,4,4,0.15789473684210525,0.8,0.10565789473684209,0.03008373448063715,0.06467661691542288,False,0.19298245614035087,180,0.8,0.10982456140350877,0.03175526511836769,0.014925373134328358,True,0.03508771929824561
YFM,23,90,114,4,4,0.05263157894736842,0.8,0.1000877192982456,0.03244464176059512,0.9651741293532339,False,0.13157894736842105,90,0.5,0.12166666666666666,0.03407366089815941,0.4129353233830846,False,0.07894736842105263
YFM,23,91,114,4,4,0.10526315789473684,0.8,0.10359649122807017,0.030846436839333413,0.5174129353233831,False,0.16666666666666666,150,0.5,0.11219298245614034,0.034133525624757056,0.07960199004975124,False,0.06140350877192982
YFM,23,92,114,4,4,0.11403508771929824,0.5,0.10179824561403508,0.02985925426447787,0.36318407960199006,False,0.11403508771929824,180,0.8,0.11030701754385966,0.036708125928531,0.48756218905472637,False,0.0
YFM,23,93,114,4,4,0.09649122807017543,0.8,0.10206140350877192,0.03135354899120308,0.6368159203980099,False,0.15789473684210525,60,0.8,0.11662280701754384,0.036564165937487916,0.15920398009950248,False,0.06140350877192982
YFM,23,94,114,4,4,0.07894736842105263,0.5,0.1020175438596491,0.030618961173701022,0.8258706467661692,False,0.13157894736842105,90,0.8,0.11355263157894736,0.03515594948587903,0.31343283582089554,False,0.05263157894736842
YFM,24,25,114,4,4,0.09649122807017543,0.8,0.10526315789473684,0.032644364396728624,0.6567164179104478,False,0.13157894736842105,300,0.8,0.10644736842105264,0.03184909840830994,0.24378109452736318,False,0.03508771929824561
YFM,24,26,114,4,4,0.13157894736842105,0.5,0.105,0.030890529326398918,0.23383084577114427,False,0.18421052631578946,225,0.2,0.10644736842105264,0.03255751506474045,0.01990049751243781,True,0.05263157894736842
YFM,24,34,114,4,4,0.11403508771929824,0.2,0.1062280701754386,0.035653878102429565,0.44776119402985076,False,0.19298245614035087,90,0.5,0.11675438596491228,0.033014080138445354,0.024875621890547265,True,0.07894736842105263
YFM,24,35,114,4,4,0.11403508771929824,0.2,0.10271929824561403,0.03145712492102216,0.3880597014925373,False,0.16666666666666666,450,0.2,0.10697368421052632,0.03024269208213573,0.03980099502487562,True,0.05263157894736842
YFM,24,36,114,4,4,0.13157894736842105,0.2,0.10083333333333332,0.031425242073604996,0.20398009950248755,False,0.18421052631578946,300,0.5,0.10600877192982455,0.032511163987357906,0.029850746268656716,True,0.05263157894736842
YFM,24,37,114,4,4,0.11403508771929824,0.2,0.10464912280701753,0.03212510268515193,0.4129353233830846,False,0.20175438596491227,60,0.8,0.1181578947368421,0.036912670715948254,0.029850746268656716,True,0.08771929824561403
YFM,24,38,114,4,4,0.11403508771929824,0.2,0.10460526315789473,0.0321182111690916,0.42786069651741293,False,0.12280701754385964,450,0.2,0.10219298245614034,0.03197115071664373,0.27860696517412936,False,0.008771929824561403
YFM,24,39,114,4,4,0.14035087719298245,0.8,0.10692982456140349,0.031845607795108324,0.20398009950248755,False,0.17543859649122806,450,0.2,0.10464912280701753,0.033213987548660555,0.04477611940298507,True,0.03508771929824561
YFM,24,40,114,4,4,0.07017543859649122,0.2,0.10521929824561405,0.03189544177565467,0.8805970149253731,False,0.15789473684210525,60,0.2,0.11864035087719298,0.03449801442972082,0.14925373134328357,False,0.08771929824561403
YFM,24,41,114,4,4,0.14912280701754385,0.8,0.1044736842105263,0.03329166324074275,0.11442786069651742,False,0.20175438596491227,75,0.8,0.11824561403508771,0.03402426139146996,0.01990049751243781,True,0.05263157894736842
YFM,24,42,114,4,4,0.07894736842105263,0.2,0.10385964912280703,0.03327133160073329,0.8208955223880597,False,0.14035087719298245,225,0.8,0.10675438596491228,0.03560308722132672,0.18407960199004975,False,0.06140350877192982
YFM,24,43,114,4,4,0.11403508771929824,0.5,0.10381578947368421,0.030549014908799528,0.42786069651741293,False,0.14035087719298245,225,0.2,0.10131578947368419,0.03350653554274362,0.14427860696517414,False,0.02631578947368421
YFM,24,44,114,4,4,0.13157894736842105,0.2,0.10324561403508771,0.03158127372978179,0.208955223880597,False,0.15789473684210525,60,0.8,0.12030701754385964,0.035692763414780546,0.1791044776119403,False,0.02631578947368421
YFM,24,45,114,4,4,0.11403508771929824,0.5,0.10605263157894736,0.03113092811708073,0.4527363184079602,False,0.14035087719298245,225,0.5,0.10798245614035089,0.03179700298836344,0.18407960199004975,False,0.02631578947368421
YFM,24,46,114,4,4,0.13157894736842105,0.5,0.10535087719298245,0.03191353016131062,0.24875621890547264,False,0.14035087719298245,300,0.5,0.11030701754385962,0.031183640301335677,0.1791044776119403,False,0.008771929824561403
YFM,24,47,114,4,4,0.12280701754385964,0.5,0.10223684210526315,0.0314940710436376,0.29850746268656714,False,0.14035087719298245,450,0.8,0.10135964912280702,0.031285893992831486,0.12935323383084577,False,0.017543859649122806
YFM,24,48,114,4,4,0.07017543859649122,0.2,0.10280701754385965,0.03517752766497574,0.8557213930348259,False,0.14912280701754385,75,0.2,0.11311403508771928,0.03339843283713504,0.19402985074626866,False,0.07894736842105263
YFM,24,49,114,4,4,0.10526315789473684,0.2,0.10201754385964913,0.03206245288018875,0.43781094527363185,False,0.18421052631578946,75,0.8,0.11618421052631579,0.0355311996320898,0.04975124378109453,True,0.07894736842105263
YFM,24,50,114,4,4,0.06140350877192982,0.2,0.10390350877192983,0.032011610618322014,0.9303482587064676,False,0.14912280701754385,60,0.8,0.11846491228070175,0.03232294185474581,0.22388059701492538,False,0.08771929824561403
YFM,24,62,114,4,4,0.12280701754385964,0.2,0.10627192982456139,0.03178225497545979,0.3283582089552239,False,0.14912280701754385,300,0.8,0.10517543859649121,0.03284499162605097,0.14427860696517414,False,0.02631578947368421
YFM,24,63,114,4,4,0.11403508771929824,0.2,0.10289473684210526,0.032139542989453304,0.4129353233830846,False,0.16666666666666666,225,0.5,0.10679824561403509,0.03290905973994028,0.05472636815920398,False,0.05263157894736842
YFM,24,64,114,4,4,0.10526315789473684,0.2,0.10403508771929823,0.029757328370645486,0.4975124378109453,False,0.14035087719298245,75,0.8,0.11144736842105264,0.03333353633294256,0.24378109452736318,False,0.03508771929824561
YFM,24,65,114,4,4,0.09649122807017543,0.2,0.10592105263157894,0.03084076412733197,0.6069651741293532,False,0.17543859649122806,90,0.2,0.11359649122807017,0.03386238745659612,0.07462686567164178,False,0.07894736842105263
YFM,24,66,114,4,4,0.10526315789473684,0.2,0.10491228070175439,0.03220120227591178,0.5223880597014925,False,0.18421052631578946,100,0.5,0.11495614035087719,0.03077122780281404,0.024875621890547265,True,0.07894736842105263
YFM,24,67,114,4,4,0.07894736842105263,0.2,0.10425438596491228,0.031105921467695165,0.8258706467661692,False,0.14912280701754385,300,0.2,0.10535087719298245,0.032821438215234006,0.11940298507462686,False,0.07017543859649122
YFM,24,68,114,4,4,0.12280701754385964,0.2,0.10521929824561402,0.03196809677257911,0.30845771144278605,False,0.16666666666666666,450,0.2,0.10403508771929826,0.03075416491008817,0.05472636815920398,False,0.043859649122807015
YFM,24,69,114,4,4,0.09649122807017543,0.2,0.10228070175438596,0.03217237053646286,0.6069651741293532,False,0.14035087719298245,90,0.2,0.11368421052631579,0.032960746605320015,0.23880597014925373,False,0.043859649122807015
YFM,24,70,114,4,4,0.10526315789473684,0.5,0.10552631578947366,0.03318370533807161,0.5223880597014925,False,0.14912280701754385,225,0.5,0.11127192982456141,0.03602917411219534,0.1691542288557214,False,0.043859649122807015
YFM,24,71,114,4,4,0.10526315789473684,0.2,0.10254385964912281,0.029474665500051875,0.48756218905472637,False,0.14912280701754385,75,0.5,0.11399122807017542,0.0330972198259976,0.1791044776119403,False,0.043859649122807015
YFM,24,72,114,4,4,0.09649122807017543,0.8,0.10403508771929823,0.030804415204882057,0.6467661691542289,False,0.14035087719298245,60,0.2,0.11280701754385966,0.032119445129980155,0.2537313432835821,False,0.043859649122807015
YFM,24,73,114,4,4,0.12280701754385964,0.2,0.10210526315789473,0.02917999120942031,0.2736318407960199,False,0.15789473684210525,75,0.8,0.11850877192982455,0.03509862741489972,0.1890547263681592,False,0.03508771929824561
YFM,24,74,114,4,4,0.14912280701754385,0.8,0.10728070175438596,0.03136011535063269,0.11940298507462686,False,0.14912280701754385,900,0.8,0.10728070175438596,0.03136011535063269,0.11940298507462686,False,0.0
YFM,24,75,114,4,4,0.12280701754385964,0.5,0.10456140350877191,0.03130643433924253,0.32338308457711445,False,0.15789473684210525,90,0.2,0.11421052631578947,0.03345121303124435,0.11442786069651742,False,0.03508771929824561
YFM,24,76,114,4,4,0.11403508771929824,0.2,0.10412280701754385,0.030782692019212514,0.4079601990049751,False,0.14912280701754385,450,0.5,0.10206140350877192,0.03062991431223158,0.0845771144278607,False,0.03508771929824561
YFM,24,77,114,4,4,0.10526315789473684,0.2,0.10469298245614037,0.03124112182890711,0.5422885572139303,False,0.14035087719298245,450,0.2,0.10254385964912281,0.03149152336828599,0.13432835820895522,False,0.03508771929824561
YFM,24,78,114,4,4,0.10526315789473684,0.8,0.10473684210526316,0.02989474760342993,0.5223880597014925,False,0.14912280701754385,450,0.5,0.10307017543859648,0.03131125087528597,0.09950248756218906,False,0.043859649122807015
YFM,24,79,114,4,4,0.07017543859649122,0.5,0.10355263157894737,0.0317642439971413,0.8855721393034826,False,0.16666666666666666,90,0.8,0.11732456140350876,0.03373296519918106,0.0945273631840796,False,0.09649122807017543
YFM,24,80,114,4,4,0.09649122807017543,0.5,0.10381578947368421,0.035173323020278265,0.6069651741293532,False,0.14035087719298245,300,0.2,0.10355263157894737,0.03687900382695056,0.1890547263681592,False,0.043859649122807015
YFM,24,81,114,4,4,0.14035087719298245,0.2,0.1044736842105263,0.03094405714250853,0.13930348258706468,False,0.18421052631578946,90,0.2,0.11561403508771928,0.03585901802206535,0.04975124378109453,True,0.043859649122807015
YFM,24,82,114,4,4,0.11403508771929824,0.5,0.1045175438596491,0.03401082027155774,0.40298507462686567,False,0.14912280701754385,75,0.2,0.11214912280701754,0.032008953135883464,0.17412935323383086,False,0.03508771929824561
YFM,24,83,114,4,4,0.12280701754385964,0.5,0.10355263157894737,0.030674318038984582,0.30845771144278605,False,0.14035087719298245,75,0.8,0.11307017543859649,0.03668022773773085,0.23880597014925373,False,0.017543859649122806
YFM,24,84,114,4,4,0.14035087719298245,0.5,0.10328947368421051,0.030455968854626238,0.12935323383084577,False,0.14035087719298245,900,0.5,0.10328947368421051,0.030455968854626238,0.12935323383084577,False,0.0
YFM,24,85,114,4,4,0.13157894736842105,0.8,0.10543859649122807,0.03192528060221815,0.24875621890547264,False,0.16666666666666666,450,0.8,0.1019298245614035,0.028079540886724333,0.024875621890547265,True,0.03508771929824561
YFM,24,86,114,4,4,0.11403508771929824,0.8,0.10320175438596489,0.03170673523541078,0.4129353233830846,False,0.19298245614035087,60,0.2,0.11425438596491229,0.03245950574773418,0.03482587064676617,True,0.07894736842105263
YFM,24,87,114,4,4,0.10526315789473684,0.2,0.10416666666666666,0.03252495736329658,0.5323383084577115,False,0.16666666666666666,75,0.2,0.1169736842105263,0.031953336970301435,0.0945273631840796,False,0.06140350877192982
YFM,24,88,114,4,4,0.15789473684210525,0.8,0.10478070175438596,0.03208520769756398,0.05472636815920398,False,0.16666666666666666,75,0.8,0.11359649122807017,0.03189850267566713,0.0845771144278607,False,0.008771929824561403
YFM,24,89,114,4,4,0.14035087719298245,0.8,0.10350877192982455,0.03356706613072323,0.15920398009950248,False,0.18421052631578946,90,0.2,0.11517543859649124,0.03189316864003602,0.03482587064676617,True,0.043859649122807015
YFM,24,90,114,4,4,0.09649122807017543,0.2,0.1025877192982456,0.03041480619809517,0.6368159203980099,False,0.17543859649122806,180,0.2,0.11298245614035085,0.0341897797967068,0.029850746268656716,True,0.07894736842105263
YFM,24,91,114,4,4,0.14912280701754385,0.8,0.10434210526315792,0.03546475445676546,0.12437810945273632,False,0.16666666666666666,450,0.2,0.10504385964912281,0.032956024483618,0.04975124378109453,True,0.017543859649122806
YFM,24,92,114,4,4,0.14035087719298245,0.8,0.10469298245614034,0.03165913858446746,0.16417910447761194,False,0.17543859649122806,300,0.2,0.1074561403508772,0.034663641072784614,0.05970149253731343,False,0.03508771929824561
YFM,24,93,114,4,4,0.12280701754385964,0.2,0.10421052631578945,0.03125946514384606,0.3333333333333333,False,0.19298245614035087,60,0.8,0.11706140350877192,0.03189665404841273,0.009950248756218905,True,0.07017543859649122
YFM,24,94,114,4,4,0.09649122807017543,0.2,0.10780701754385964,0.030432504069505144,0.6865671641791045,False,0.15789473684210525,60,0.5,0.1199122807017544,0.03612062930326442,0.19402985074626866,False,0.06140350877192982
YFM,25,26,114,4,4,0.11403508771929824,0.2,0.10605263157894736,0.030793743878346807,0.4228855721393035,False,0.16666666666666666,90,0.5,0.11653508771929824,0.030238600454238047,0.07462686567164178,False,0.05263157894736842
YFM,25,34,114,4,4,0.08771929824561403,0.8,0.10951754385964912,0.034565646792126,0.7810945273631841,False,0.17543859649122806,75,0.8,0.1200877192982456,0.037448050736622024,0.0945273631840796,False,0.08771929824561403
YFM,25,35,114,4,4,0.07017543859649122,0.5,0.10478070175438596,0.0318918046808947,0.8805970149253731,False,0.07894736842105263,90,0.2,0.11855263157894737,0.03611921087845656,0.9104477611940298,False,0.008771929824561403
YFM,25,36,114,4,4,0.13157894736842105,0.2,0.10350877192982455,0.032203123474068486,0.23383084577114427,False,0.14912280701754385,75,0.2,0.11903508771929823,0.0351483871179254,0.23880597014925373,False,0.017543859649122806
YFM,25,37,114,4,4,0.09649122807017543,0.8,0.10342105263157894,0.03146941439709771,0.6268656716417911,False,0.19298245614035087,60,0.8,0.11793859649122806,0.034874356799334,0.03980099502487562,True,0.09649122807017543
YFM,25,38,114,4,4,0.06140350877192982,0.2,0.10780701754385964,0.031957118306802416,0.9552238805970149,False,0.12280701754385964,60,0.2,0.11991228070175439,0.038140879590808675,0.48756218905472637,False,0.06140350877192982
YFM,25,39,114,4,4,0.08771929824561403,0.5,0.10771929824561402,0.0305665085743992,0.7910447761194029,False,0.17543859649122806,225,0.8,0.10828947368421052,0.03192088983538929,0.04477611940298507,True,0.08771929824561403
YFM,25,40,114,4,4,0.08771929824561403,0.8,0.10649122807017544,0.031228278192956278,0.7810945273631841,False,0.14035087719298245,180,0.8,0.11096491228070175,0.03423713353718547,0.22885572139303484,False,0.05263157894736842
YFM,25,41,114,4,4,0.10526315789473684,0.8,0.10552631578947368,0.030130130270164004,0.5522388059701493,False,0.19298245614035087,225,0.8,0.11118421052631577,0.03422795610032832,0.029850746268656716,True,0.08771929824561403
YFM,25,42,114,4,4,0.06140350877192982,0.2,0.10456140350877191,0.033914987172637766,0.9303482587064676,False,0.09649122807017543,300,0.8,0.10881578947368421,0.03552684637869834,0.6417910447761194,False,0.03508771929824561
YFM,25,43,114,4,4,0.08771929824561403,0.2,0.10451754385964912,0.02976690991235956,0.7611940298507462,False,0.13157894736842105,75,0.8,0.11298245614035088,0.034313958074542274,0.3283582089552239,False,0.043859649122807015
YFM,25,44,114,4,4,0.08771929824561403,0.2,0.10956140350877192,0.03298595891146671,0.7761194029850746,False,0.14912280701754385,150,0.2,0.11179824561403509,0.03484440787025503,0.18407960199004975,False,0.06140350877192982
YFM,25,45,114,4,4,0.07894736842105263,0.2,0.1019736842105263,0.033026346376213565,0.7761194029850746,False,0.14912280701754385,75,0.8,0.1163157894736842,0.035101381453723685,0.208955223880597,False,0.07017543859649122
YFM,25,46,114,4,4,0.10526315789473684,0.5,0.10666666666666666,0.03235214736192141,0.5223880597014925,False,0.13157894736842105,100,0.5,0.11824561403508771,0.0366503829598997,0.3681592039800995,False,0.02631578947368421
YFM,25,47,114,4,4,0.07894736842105263,0.2,0.10526315789473685,0.030916679487648716,0.8407960199004975,False,0.12280701754385964,300,0.8,0.11109649122807017,0.034780875322621425,0.373134328358209,False,0.043859649122807015
YFM,25,48,114,4,4,0.08771929824561403,0.5,0.1019736842105263,0.03070883786246748,0.7014925373134329,False,0.16666666666666666,100,0.2,0.11793859649122806,0.03692091900354194,0.15920398009950248,False,0.07894736842105263
YFM,25,49,114,4,4,0.05263157894736842,0.2,0.10280701754385965,0.03215698303883847,0.9701492537313433,False,0.14912280701754385,75,0.5,0.11785087719298247,0.034895194948047686,0.22885572139303484,False,0.09649122807017543
YFM,25,50,114,4,4,0.06140350877192982,0.2,0.10526315789473685,0.02887307165900629,0.9502487562189055,False,0.12280701754385964,300,0.2,0.10692982456140351,0.03428949669401113,0.32338308457711445,False,0.06140350877192982
YFM,25,62,114,4,4,0.07017543859649122,0.5,0.10385964912280703,0.03308486299343661,0.8955223880597015,False,0.11403508771929824,90,0.8,0.11614035087719296,0.03407286653055177,0.5870646766169154,False,0.043859649122807015
YFM,25,63,114,4,4,0.10526315789473684,0.8,0.10328947368421051,0.03405240518251618,0.48756218905472637,False,0.14035087719298245,75,0.2,0.11504385964912281,0.032858968475550566,0.24875621890547264,False,0.03508771929824561
YFM,25,64,114,4,4,0.09649122807017543,0.8,0.10324561403508771,0.027707338254576486,0.6467661691542289,False,0.09649122807017543,150,0.8,0.10837719298245613,0.03670243736752612,0.6268656716417911,False,0.0
YFM,25,65,114,4,4,0.10526315789473684,0.2,0.10543859649122808,0.029652150873532332,0.5074626865671642,False,0.18421052631578946,75,0.5,0.11407894736842104,0.03357279646363379,0.03482587064676617,True,0.07894736842105263
YFM,25,66,114,4,4,0.02631578947368421,0.8,0.10394736842105264,0.03226010692687754,0.9950248756218906,False,0.21052631578947367,100,0.2,0.11644736842105263,0.035098049039291035,0.024875621890547265,True,0.18421052631578946
YFM,25,67,114,4,4,0.12280701754385964,0.5,0.10473684210526316,0.03158041666921833,0.31343283582089554,False,0.14035087719298245,60,0.5,0.11640350877192983,0.03628724121196787,0.24875621890547264,False,0.017543859649122806
YFM,25,68,114,4,4,0.08771929824561403,0.2,0.10368421052631578,0.030217910076036143,0.7164179104477612,False,0.11403508771929824,300,0.5,0.10548245614035089,0.032184356864778774,0.43283582089552236,False,0.02631578947368421
YFM,25,69,114,4,4,0.07894736842105263,0.2,0.10390350877192982,0.03008116376508035,0.835820895522388,False,0.14035087719298245,225,0.8,0.11100877192982456,0.03461728964202066,0.22388059701492538,False,0.06140350877192982
YFM,25,70,114,4,4,0.07894736842105263,0.5,0.10758771929824562,0.03035474095831162,0.8557213930348259,False,0.14912280701754385,150,0.2,0.11039473684210525,0.037322774461199505,0.1691542288557214,False,0.07017543859649122
YFM,25,71,114,4,4,0.08771929824561403,0.2,0.10171052631578947,0.0296539438334794,0.6915422885572139,False,0.13157894736842105,225,0.2,0.1093859649122807,0.03397820418631964,0.2935323383084577,False,0.043859649122807015
YFM,25,72,114,4,4,0.08771929824561403,0.2,0.10271929824561404,0.026405120353787948,0.7810945273631841,False,0.13157894736842105,100,0.2,0.11122807017543859,0.03255849485560193,0.263681592039801,False,0.043859649122807015
YFM,25,73,114,4,4,0.08771929824561403,0.5,0.10381578947368421,0.028816468613778134,0.7611940298507462,False,0.15789473684210525,225,0.8,0.11135964912280702,0.03553881654240959,0.12935323383084577,False,0.07017543859649122
YFM,25,74,114,4,4,0.07894736842105263,0.5,0.10429824561403507,0.030051488229309236,0.8308457711442786,False,0.14035087719298245,225,0.5,0.11421052631578946,0.033693080468406446,0.22885572139303484,False,0.06140350877192982
YFM,25,75,114,4,4,0.12280701754385964,0.2,0.10280701754385964,0.030717933798067077,0.29850746268656714,False,0.12280701754385964,900,0.2,0.10280701754385964,0.030717933798067077,0.29850746268656714,False,0.0
YFM,25,76,114,4,4,0.08771929824561403,0.5,0.1025,0.026638206797981265,0.7562189054726368,False,0.08771929824561403,900,0.5,0.1025,0.026638206797981265,0.7562189054726368,False,0.0
YFM,25,77,114,4,4,0.09649122807017543,0.5,0.10342105263157894,0.02711316574419042,0.6716417910447762,False,0.09649122807017543,900,0.5,0.10342105263157894,0.02711316574419042,0.6716417910447762,False,0.0
YFM,25,78,114,4,4,0.08771929824561403,0.5,0.10543859649122807,0.028562854322885484,0.7960199004975125,False,0.08771929824561403,150,0.8,0.1107017543859649,0.03618960992951445,0.7611940298507462,False,0.0
YFM,25,79,114,4,4,0.08771929824561403,0.2,0.1057456140350877,0.03090664119322781,0.746268656716418,False,0.14035087719298245,90,0.5,0.11991228070175439,0.03761001618702455,0.30845771144278605,False,0.05263157894736842
YFM,25,80,114,4,4,0.07894736842105263,0.5,0.10346491228070175,0.026663161782412445,0.8507462686567164,False,0.10526315789473684,100,0.2,0.10719298245614034,0.03216900515029355,0.5522388059701493,False,0.02631578947368421
YFM,25,81,114,4,4,0.12280701754385964,0.5,0.10767543859649123,0.031584059015993884,0.3681592039800995,False,0.18421052631578946,90,0.8,0.11557017543859649,0.03208809986901205,0.01990049751243781,True,0.06140350877192982
YFM,25,82,114,4,4,0.09649122807017543,0.2,0.10741228070175439,0.0338023571127508,0.6368159203980099,False,0.14912280701754385,90,0.2,0.11280701754385962,0.03168309840083465,0.18407960199004975,False,0.05263157894736842
YFM,25,83,114,4,4,0.12280701754385964,0.2,0.10543859649122807,0.03298560724441777,0.31840796019900497,False,0.13157894736842105,90,0.8,0.1125438596491228,0.033476055947356566,0.3283582089552239,False,0.008771929824561403
YFM,25,84,114,4,4,0.05263157894736842,0.5,0.10552631578947368,0.02924445288483363,0.9850746268656716,False,0.13157894736842105,100,0.5,0.11600877192982456,0.0368657906761391,0.3482587064676617,False,0.07894736842105263
YFM,25,85,114,4,4,0.043859649122807015,0.2,0.10206140350877192,0.034003998221158085,0.9800995024875622,False,0.14912280701754385,90,0.2,0.11298245614035085,0.037532314668592824,0.19900497512437812,False,0.10526315789473684
YFM,25,86,114,4,4,0.08771929824561403,0.5,0.10552631578947368,0.03300845780965764,0.7313432835820896,False,0.14912280701754385,150,0.2,0.11552631578947366,0.03547252189083525,0.21890547263681592,False,0.06140350877192982
YFM,25,87,114,4,4,0.11403508771929824,0.8,0.10140350877192982,0.03357443763508193,0.3880597014925373,False,0.14912280701754385,225,0.5,0.1118859649122807,0.03302704883899866,0.16417910447761194,False,0.03508771929824561
YFM,25,88,114,4,4,0.11403508771929824,0.2,0.10355263157894737,0.032806207828147575,0.4228855721393035,False,0.11403508771929824,300,0.5,0.10947368421052632,0.03524122289275793,0.4925373134328358,False,0.0
YFM,25,89,114,4,4,0.13157894736842105,0.2,0.10385964912280703,0.03160244798366868,0.208955223880597,False,0.18421052631578946,75,0.5,0.11868421052631578,0.032309929885460255,0.03482587064676617,True,0.05263157894736842
YFM,25,90,114,4,4,0.05263157894736842,0.2,0.10482456140350876,0.030294460899943705,0.9701492537313433,False,0.16666666666666666,90,0.2,0.11771929824561403,0.03441297807073314,0.0845771144278607,False,0.11403508771929824
YFM,25,91,114,4,4,0.10526315789473684,0.2,0.10763157894736843,0.03299439779618029,0.5472636815920398,False,0.15789473684210525,150,0.5,0.11600877192982456,0.03571507284935031,0.16417910447761194,False,0.05263157894736842
YFM,25,92,114,4,4,0.15789473684210525,0.2,0.10469298245614034,0.03281068635459199,0.07960199004975124,False,0.15789473684210525,900,0.2,0.10469298245614034,0.03281068635459199,0.07960199004975124,False,0.0
YFM,25,93,114,4,4,0.06140350877192982,0.8,0.10631578947368421,0.0324252100105492,0.9502487562189055,False,0.17543859649122806,90,0.5,0.11486842105263158,0.035270149700960186,0.06467661691542288,False,0.11403508771929824
YFM,25,94,114,4,4,0.07017543859649122,0.5,0.10561403508771929,0.028628840667476913,0.9203980099502488,False,0.14035087719298245,75,0.5,0.11850877192982455,0.03368194675604467,0.25870646766169153,False,0.07017543859649122
YFM,26,34,114,4,4,0.08771929824561403,0.5,0.10872807017543859,0.03285567341725589,0.7960199004975125,False,0.22807017543859648,100,0.8,0.11864035087719298,0.034374501064002104,0.004975124378109453,True,0.14035087719298245
YFM,26,35,114,4,4,0.12280701754385964,0.8,0.1056140350877193,0.030650894259079353,0.3333333333333333,False,0.18421052631578946,75,0.8,0.11789473684210526,0.03353986970627052,0.04477611940298507,True,0.06140350877192982
YFM,26,36,114,4,4,0.18421052631578946,0.5,0.10478070175438596,0.03262300709578844,0.024875621890547265,True,0.23684210526315788,75,0.5,0.11714912280701753,0.03253636814882309,0.009950248756218905,True,0.05263157894736842
YFM,26,37,114,4,4,0.09649122807017543,0.2,0.10741228070175439,0.032697593144274534,0.6417910447761194,False,0.22807017543859648,90,0.2,0.11346491228070174,0.03304554165161711,0.004975124378109453,True,0.13157894736842105
YFM,26,38,114,4,4,0.08771929824561403,0.2,0.10491228070175439,0.031014577389766658,0.7512437810945274,False,0.18421052631578946,60,0.2,0.1187280701754386,0.03296118652009655,0.03482587064676617,True,0.09649122807017543
YFM,26,39,114,4,4,0.14035087719298245,0.8,0.1064035087719298,0.03286052762903627,0.15920398009950248,False,0.18421052631578946,60,0.2,0.121359649122807,0.03572957733393563,0.06965174129353234,False,0.043859649122807015
YFM,26,40,114,4,4,0.08771929824561403,0.2,0.10372807017543857,0.03290905973994028,0.7263681592039801,False,0.15789473684210525,180,0.8,0.10916666666666666,0.03255775259250538,0.10945273631840796,False,0.07017543859649122
YFM,26,41,114,4,4,0.10526315789473684,0.2,0.10434210526315787,0.03241134435998203,0.527363184079602,False,0.2543859649122807,100,0.5,0.11671052631578947,0.03295320848653371,0.004975124378109453,True,0.14912280701754388
YFM,26,42,114,4,4,0.09649122807017543,0.2,0.1075877192982456,0.03138190088255566,0.6865671641791045,False,0.14912280701754385,450,0.8,0.10640350877192983,0.033083343631630416,0.13930348258706468,False,0.05263157894736842
YFM,26,43,114,4,4,0.13157894736842105,0.5,0.10293859649122807,0.03063370122976473,0.208955223880597,False,0.19298245614035087,60,0.2,0.11013157894736841,0.034134743370975995,0.014925373134328358,True,0.06140350877192982
YFM,26,44,114,4,4,0.11403508771929824,0.2,0.10557017543859651,0.03283778018865137,0.43781094527363185,False,0.19298245614035087,60,0.5,0.12083333333333332,0.0365497810690143,0.04477611940298507,True,0.07894736842105263
YFM,26,45,114,4,4,0.10526315789473684,0.2,0.10513157894736842,0.030519889305816304,0.5572139303482587,False,0.19298245614035087,150,0.5,0.11600877192982456,0.03646504932942138,0.024875621890547265,True,0.08771929824561403
YFM,26,46,114,4,4,0.09649122807017543,0.2,0.10478070175438596,0.03126734976987157,0.6417910447761194,False,0.19298245614035087,60,0.2,0.1181140350877193,0.03006547764028093,0.024875621890547265,True,0.09649122807017543
YFM,26,47,114,4,4,0.14035087719298245,0.8,0.10171052631578947,0.029536356868847966,0.13930348258706468,False,0.18421052631578946,300,0.2,0.11307017543859647,0.03286617526385448,0.03980099502487562,True,0.043859649122807015
YFM,26,48,114,4,4,0.13157894736842105,0.2,0.09991228070175438,0.03139806847784348,0.20398009950248755,False,0.21052631578947367,75,0.2,0.11780701754385964,0.035802362617006186,0.01990049751243781,True,0.07894736842105263
YFM,26,49,114,4,4,0.07017543859649122,0.8,0.10517543859649121,0.03318463751044932,0.8557213930348259,False,0.22807017543859648,75,0.5,0.11903508771929826,0.03410995509292051,0.009950248756218905,True,0.15789473684210525
YFM,26,50,114,4,4,0.14912280701754385,0.2,0.1031140350877193,0.032352834584375254,0.11442786069651742,False,0.20175438596491227,150,0.8,0.11149122807017543,0.03175075950404992,0.009950248756218905,True,0.05263157894736842
YFM,26,62,114,4,4,0.09649122807017543,0.5,0.10807017543859648,0.030599380963467804,0.681592039800995,False,0.17543859649122806,60,0.5,0.11657894736842105,0.033814851973516795,0.05970149253731343,False,0.07894736842105263
YFM,26,63,114,4,4,0.12280701754385964,0.2,0.10442982456140351,0.03292268641284215,0.3333333333333333,False,0.19298245614035087,100,0.2,0.12008771929824562,0.03480435255401415,0.03980099502487562,True,0.07017543859649122
YFM,26,64,114,4,4,0.12280701754385964,0.2,0.10328947368421051,0.03115883107634417,0.2885572139303483,False,0.18421052631578946,150,0.8,0.10991228070175438,0.03334643877172658,0.029850746268656716,True,0.06140350877192982
YFM,26,65,114,4,4,0.16666666666666666,0.2,0.10407894736842106,0.03322757644728933,0.06965174129353234,False,0.20175438596491227,60,0.2,0.11491228070175438,0.03673510824907184,0.014925373134328358,True,0.03508771929824561
YFM,26,66,114,4,4,0.08771929824561403,0.2,0.09982456140350876,0.03454978635144167,0.6567164179104478,False,0.21052631578947367,75,0.5,0.11578947368421051,0.035329327731231534,0.014925373134328358,True,0.12280701754385964
YFM,26,67,114,4,4,0.14035087719298245,0.2,0.1012280701754386,0.035469578642294726,0.16417910447761194,False,0.19298245614035087,60,0.8,0.1200877192982456,0.038416445084391175,0.04975124378109453,True,0.05263157894736842
YFM,26,68,114,4,4,0.12280701754385964,0.5,0.10421052631578948,0.03224584052612376,0.2885572139303483,False,0.21052631578947367,60,0.8,0.11166666666666666,0.03441691047532555,0.01990049751243781,True,0.08771929824561403
YFM,26,69,114,4,4,0.14912280701754385,0.5,0.10416666666666666,0.031767165390034394,0.0945273631840796,False,0.21929824561403508,75,0.2,0.11583333333333332,0.032529236876939926,0.004975124378109453,True,0.07017543859649122
YFM,26,70,114,4,4,0.09649122807017543,0.2,0.10539473684210526,0.03335301854277522,0.6417910447761194,False,0.14912280701754385,150,0.2,0.11241228070175438,0.033278739565045345,0.1791044776119403,False,0.05263157894736842
YFM,26,71,114,4,4,0.12280701754385964,0.2,0.09951754385964913,0.0288810722482787,0.25870646766169153,False,0.20175438596491227,225,0.8,0.1094736842105263,0.0347328435029661,0.01990049751243781,True,0.07894736842105263
YFM,26,72,114,4,4,0.12280701754385964,0.5,0.10355263157894737,0.031788580734421944,0.3034825870646766,False,0.17543859649122806,100,0.8,0.11114035087719298,0.032633820791149744,0.04477611940298507,True,0.05263157894736842
YFM,26,73,114,4,4,0.14035087719298245,0.2,0.1012280701754386,0.03058775323367059,0.12935323383084577,False,0.17543859649122806,100,0.5,0.11267543859649122,0.03313925109788229,0.05472636815920398,False,0.03508771929824561
YFM,26,74,114,4,4,0.11403508771929824,0.2,0.10706140350877191,0.033420422662731375,0.4079601990049751,False,0.14912280701754385,150,0.2,0.11364035087719299,0.0319414757959327,0.16417910447761194,False,0.03508771929824561
YFM,26,75,114,4,4,0.18421052631578946,0.8,0.10456140350877191,0.030820979823134538,0.024875621890547265,True,0.21929824561403508,150,0.2,0.11030701754385962,0.034593154529309715,0.009950248756218905,True,0.03508771929824561
YFM,26,76,114,4,4,0.11403508771929824,0.2,0.10280701754385965,0.03216900515029355,0.39303482587064675,False,0.19298245614035087,75,0.5,0.11412280701754383,0.034554598400734396,0.01990049751243781,True,0.07894736842105263
YFM,26,77,114,4,4,0.14035087719298245,0.2,0.1031578947368421,0.03170993628999907,0.14427860696517414,False,0.19298245614035087,75,0.8,0.11407894736842106,0.03602831553751756,0.03482587064676617,True,0.05263157894736842
YFM,26,78,114,4,4,0.11403508771929824,0.2,0.10719298245614034,0.03130396403328835,0.43283582089552236,False,0.18421052631578946,60,0.5,0.11280701754385963,0.03504405287809311,0.029850746268656716,True,0.07017543859649122
YFM,26,79,114,4,4,0.08771929824561403,0.2,0.10706140350877191,0.03270705221795573,0.7562189054726368,False,0.19298245614035087,100,0.5,0.11978070175438596,0.036551473700314606,0.024875621890547265,True,0.10526315789473684
YFM,26,80,114,4,4,0.13157894736842105,0.2,0.10399122807017544,0.031096224042137886,0.20398009950248755,False,0.19298245614035087,150,0.8,0.10986842105263157,0.031973418308162624,0.014925373134328358,True,0.06140350877192982
YFM,26,81,114,4,4,0.10526315789473684,0.2,0.10346491228070175,0.031206695179946498,0.5074626865671642,False,0.24561403508771928,75,0.5,0.12043859649122807,0.03306463807649182,0.004975124378109453,True,0.14035087719298245
YFM,26,82,114,4,4,0.11403508771929824,0.2,0.10249999999999998,0.03428033327567766,0.40298507462686567,False,0.15789473684210525,75,0.5,0.11495614035087719,0.03304928577129302,0.13930348258706468,False,0.043859649122807015
YFM,26,83,114,4,4,0.11403508771929824,0.8,0.10355263157894737,0.034202641859938175,0.39800995024875624,False,0.16666666666666666,225,0.8,0.11052631578947368,0.03227508585089909,0.05970149253731343,False,0.05263157894736842
YFM,26,84,114,4,4,0.12280701754385964,0.2,0.09934210526315791,0.03222637889210591,0.2736318407960199,False,0.19298245614035087,60,0.8,0.116359649122807,0.03692908691995632,0.029850746268656716,True,0.07017543859649122
YFM,26,85,114,4,4,0.13157894736842105,0.8,0.10267543859649124,0.03301885250995218,0.21393034825870647,False,0.17543859649122806,75,0.8,0.1169736842105263,0.034152636399516045,0.06467661691542288,False,0.043859649122807015
YFM,26,86,114,4,4,0.17543859649122806,0.2,0.1038157894736842,0.03234422831078724,0.014925373134328358,True,0.21929824561403508,100,0.5,0.11868421052631578,0.03336962162140057,0.004975124378109453,True,0.043859649122807015
YFM,26,87,114,4,4,0.15789473684210525,0.2,0.10157894736842106,0.030770756579262,0.07462686567164178,False,0.20175438596491227,60,0.2,0.11482456140350877,0.0338674113464316,0.01990049751243781,True,0.043859649122807015
YFM,26,88,114,4,4,0.16666666666666666,0.2,0.10618421052631578,0.030518875741142936,0.03980099502487562,True,0.18421052631578946,60,0.2,0.1150877192982456,0.03571639906364911,0.04975124378109453,True,0.017543859649122806
YFM,26,89,114,4,4,0.14912280701754385,0.8,0.10350877192982458,0.030728505618561806,0.0945273631840796,False,0.21052631578947367,100,0.8,0.11771929824561404,0.03250619812873539,0.014925373134328358,True,0.06140350877192982
YFM,26,90,114,4,4,0.11403508771929824,0.2,0.10065789473684211,0.03204589651586541,0.3880597014925373,False,0.21052631578947367,100,0.2,0.11714912280701753,0.03502040510331407,0.024875621890547265,True,0.09649122807017543
YFM,26,91,114,4,4,0.13157894736842105,0.8,0.10583333333333332,0.03099259603742906,0.22388059701492538,False,0.21929824561403508,60,0.2,0.11899122807017544,0.03478421033267216,0.009950248756218905,True,0.08771929824561403
YFM,26,92,114,4,4,0.14912280701754385,0.2,0.10228070175438596,0.03159021026142461,0.12437810945273632,False,0.21929824561403508,60,0.5,0.11671052631578947,0.034768866637730815,0.009950248756218905,True,0.07017543859649122
YFM,26,93,114,4,4,0.10526315789473684,0.5,0.10346491228070175,0.03500273473431866,0.527363184079602,False,0.22807017543859648,60,0.8,0.12035087719298247,0.03411732263338828,0.004975124378109453,True,0.12280701754385964
YFM,26,94,114,4,4,0.10526315789473684,0.2,0.10513157894736842,0.03241229874534197,0.5572139303482587,False,0.21052631578947367,60,0.5,0.11978070175438597,0.03703489709504135,0.03482587064676617,True,0.10526315789473684
YFM,34,35,114,4,4,0.14912280701754385,0.2,0.1044298245614035,0.03271059866538556,0.1044776119402985,False,0.20175438596491227,60,0.5,0.12149122807017543,0.03475276515643873,0.04477611940298507,True,0.05263157894736842
YFM,34,36,114,4,4,0.12280701754385964,0.2,0.10684210526315788,0.03324017104094653,0.3582089552238806,False,0.2543859649122807,90,0.5,0.11732456140350876,0.03321314351507724,0.004975124378109453,True,0.13157894736842107
YFM,34,37,114,4,4,0.11403508771929824,0.2,0.10592105263157894,0.03408078100943292,0.4228855721393035,False,0.20175438596491227,60,0.5,0.12026315789473684,0.03376908167529852,0.014925373134328358,True,0.08771929824561403
YFM,34,38,114,4,4,0.12280701754385964,0.2,0.11052631578947368,0.03297435191859723,0.39800995024875624,False,0.14035087719298245,60,0.2,0.12390350877192981,0.03666069428266854,0.32338308457711445,False,0.017543859649122806
YFM,34,39,114,4,4,0.10526315789473684,0.8,0.10706140350877191,0.03596171364707513,0.527363184079602,False,0.21929824561403508,75,0.5,0.11921052631578945,0.033280046681691336,0.009950248756218905,True,0.11403508771929824
YFM,34,40,114,4,4,0.12280701754385964,0.5,0.10587719298245613,0.03273319823519243,0.3482587064676617,False,0.17543859649122806,100,0.5,0.11504385964912281,0.031217596931052007,0.03482587064676617,True,0.05263157894736842
YFM,34,41,114,4,4,0.18421052631578946,0.2,0.10399122807017541,0.03261352364606267,0.024875621890547265,True,0.20175438596491227,75,0.8,0.11828947368421051,0.03354376037664715,0.01990049751243781,True,0.017543859649122806
YFM,34,42,114,4,4,0.09649122807017543,0.5,0.10618421052631578,0.03155294780300466,0.6368159203980099,False,0.14035087719298245,90,0.2,0.11785087719298244,0.03654068183246357,0.30845771144278605,False,0.043859649122807015
YFM,34,43,114,4,4,0.13157894736842105,0.2,0.1055701754385965,0.03556252732568208,0.26865671641791045,False,0.21052631578947367,60,0.2,0.11798245614035087,0.03639406751296418,0.01990049751243781,True,0.07894736842105263
YFM,34,44,114,4,4,0.14035087719298245,0.2,0.10741228070175436,0.03424557460690611,0.20398009950248755,False,0.20175438596491227,100,0.2,0.11657894736842103,0.0342240302298208,0.01990049751243781,True,0.06140350877192982
YFM,34,45,114,4,4,0.11403508771929824,0.8,0.10710526315789473,0.03193291001578201,0.417910447761194,False,0.14912280701754385,60,0.2,0.12280701754385964,0.03740269464673575,0.2537313432835821,False,0.03508771929824561
YFM,34,46,114,4,4,0.13157894736842105,0.8,0.10864035087719297,0.032829536606211136,0.2537313432835821,False,0.17543859649122806,100,0.8,0.11802631578947366,0.038671329710717434,0.10945273631840796,False,0.043859649122807015
YFM,34,47,114,4,4,0.11403508771929824,0.2,0.1062280701754386,0.03291320120061661,0.43283582089552236,False,0.18421052631578946,90,0.8,0.11925438596491227,0.03712353624771995,0.05472636815920398,False,0.07017543859649122
YFM,34,48,114,4,4,0.11403508771929824,0.2,0.10728070175438596,0.03170347287585513,0.4577114427860697,False,0.22807017543859648,60,0.2,0.12157894736842105,0.03437565403238937,0.004975124378109453,True,0.11403508771929824
YFM,34,49,114,4,4,0.08771929824561403,0.2,0.10557017543859651,0.03129429708727018,0.7611940298507462,False,0.20175438596491227,60,0.5,0.12285087719298243,0.0334111655527914,0.03482587064676617,True,0.11403508771929824
YFM,34,50,114,4,4,0.07894736842105263,0.8,0.10894736842105263,0.03329363765269472,0.8507462686567164,False,0.15789473684210525,60,0.8,0.12008771929824562,0.035069972590398964,0.1791044776119403,False,0.07894736842105263
YFM,34,62,114,4,4,0.10526315789473684,0.2,0.10741228070175439,0.035004944018252215,0.5323383084577115,False,0.17543859649122806,60,0.5,0.12302631578947368,0.03572589764909859,0.0845771144278607,False,0.07017543859649122
YFM,34,63,114,4,4,0.14035087719298245,0.2,0.1056578947368421,0.03235044418248464,0.14427860696517414,False,0.18421052631578946,75,0.8,0.12078947368421052,0.03634048081372724,0.06467661691542288,False,0.043859649122807015
YFM,34,64,114,4,4,0.13157894736842105,0.5,0.10732456140350877,0.03469962461686902,0.263681592039801,False,0.21929824561403508,90,0.5,0.11706140350877192,0.03470653275329145,0.004975124378109453,True,0.08771929824561403
YFM,34,65,114,4,4,0.09649122807017543,0.8,0.10548245614035086,0.03234016344102966,0.6517412935323383,False,0.20175438596491227,90,0.5,0.12087719298245612,0.033163307511689694,0.03482587064676617,True,0.10526315789473684
YFM,34,66,114,4,4,0.12280701754385964,0.2,0.1044736842105263,0.03284734603823042,0.3383084577114428,False,0.21929824561403508,100,0.2,0.11508771929824561,0.035683906168964066,0.009950248756218905,True,0.09649122807017543
YFM,34,67,114,4,4,0.08771929824561403,0.2,0.10539473684210526,0.03285073021011252,0.7213930348258707,False,0.16666666666666666,60,0.8,0.1219736842105263,0.03558665693364162,0.12437810945273632,False,0.07894736842105263
YFM,34,68,114,4,4,0.11403508771929824,0.5,0.10675438596491228,0.034455087620622354,0.4577114427860697,False,0.22807017543859648,90,0.8,0.1188157894736842,0.03780165340882327,0.009950248756218905,True,0.11403508771929824
YFM,34,69,114,4,4,0.14912280701754385,0.5,0.10552631578947366,0.03380707539458589,0.12437810945273632,False,0.19298245614035087,90,0.5,0.11894736842105262,0.033296889370101564,0.01990049751243781,True,0.043859649122807015
YFM,34,70,114,4,4,0.09649122807017543,0.8,0.10982456140350877,0.030690228438113698,0.7164179104477612,False,0.13157894736842105,60,0.2,0.12030701754385965,0.033778097605920064,0.417910447761194,False,0.03508771929824561
YFM,34,71,114,4,4,0.10526315789473684,0.2,0.10390350877192983,0.03393479074772318,0.4975124378109453,False,0.21052631578947367,75,0.8,0.11982456140350876,0.03263773061526645,0.009950248756218905,True,0.10526315789473684
YFM,34,72,114,4,4,0.14035087719298245,0.8,0.10557017543859651,0.034323168843355796,0.1791044776119403,False,0.21052631578947367,90,0.8,0.11820175438596492,0.03572048565927028,0.01990049751243781,True,0.07017543859649122
YFM,34,73,114,4,4,0.11403508771929824,0.2,0.10232456140350876,0.03245759972510712,0.40298507462686567,False,0.16666666666666666,90,0.8,0.12087719298245612,0.03333774104685122,0.12437810945273632,False,0.05263157894736842
YFM,34,74,114,4,4,0.08771929824561403,0.5,0.10864035087719298,0.03154412329476792,0.8009950248756219,False,0.15789473684210525,180,0.5,0.11456140350877192,0.03299357744377872,0.12935323383084577,False,0.07017543859649122
YFM,34,75,114,4,4,0.09649122807017543,0.2,0.10583333333333332,0.03420693755943366,0.6318407960199005,False,0.21052631578947367,75,0.2,0.11925438596491228,0.03701923285997564,0.014925373134328358,True,0.11403508771929824
YFM,34,76,114,4,4,0.13157894736842105,0.5,0.10767543859649122,0.035142088486063955,0.2885572139303483,False,0.21929824561403508,75,0.5,0.11732456140350876,0.03466015501242756,0.009950248756218905,True,0.08771929824561403
YFM,34,77,114,4,4,0.14035087719298245,0.5,0.10785087719298245,0.035469115330924915,0.208955223880597,False,0.21052631578947367,75,0.5,0.11798245614035087,0.03488602437097402,0.009950248756218905,True,0.07017543859649122
YFM,34,78,114,4,4,0.13157894736842105,0.8,0.10539473684210526,0.034849734005361295,0.24875621890547264,False,0.21929824561403508,90,0.8,0.11754385964912278,0.03559103003184916,0.004975124378109453,True,0.08771929824561403
YFM,34,79,114,4,4,0.11403508771929824,0.5,0.10701754385964911,0.03791606884699859,0.47761194029850745,False,0.18421052631578946,90,0.5,0.12030701754385964,0.034992570231658714,0.06965174129353234,False,0.07017543859649122
YFM,34,80,114,4,4,0.13157894736842105,0.5,0.10828947368421052,0.03442687991626022,0.26865671641791045,False,0.21052631578947367,75,0.8,0.11723684210526315,0.03463493337938894,0.014925373134328358,True,0.07894736842105263
YFM,34,81,114,4,4,0.16666666666666666,0.5,0.1074561403508772,0.03115029834178185,0.05472636815920398,False,0.21929824561403508,100,0.5,0.11802631578947366,0.03533805501106196,0.014925373134328358,True,0.05263157894736842
YFM,34,82,114,4,4,0.11403508771929824,0.2,0.10723684210526314,0.03473815891612249,0.4079601990049751,False,0.19298245614035087,75,0.8,0.11828947368421051,0.03379640827949342,0.029850746268656716,True,0.07894736842105263
YFM,34,83,114,4,4,0.12280701754385964,0.8,0.10526315789473684,0.035514899399149584,0.3582089552238806,False,0.18421052631578946,60,0.2,0.11986842105263157,0.03622930770435631,0.07462686567164178,False,0.06140350877192982
YFM,34,84,114,4,4,0.12280701754385964,0.5,0.10175438596491228,0.033068029243473795,0.2835820895522388,False,0.21929824561403508,75,0.8,0.12057017543859647,0.03515374969208526,0.014925373134328358,True,0.09649122807017543
YFM,34,85,114,4,4,0.12280701754385964,0.5,0.10460526315789473,0.0350429219011078,0.31343283582089554,False,0.19298245614035087,75,0.8,0.11842105263157894,0.0355366676509018,0.029850746268656716,True,0.07017543859649122
YFM,34,86,114,4,4,0.14035087719298245,0.8,0.10421052631578949,0.03154268294972834,0.16417910447761194,False,0.2543859649122807,60,0.5,0.11995614035087719,0.033681344053222644,0.004975124378109453,True,0.11403508771929827
YFM,34,87,114,4,4,0.14912280701754385,0.2,0.1045175438596491,0.03243972531659404,0.0845771144278607,False,0.18421052631578946,100,0.2,0.11820175438596492,0.0363216163035777,0.04975124378109453,True,0.03508771929824561
YFM,34,88,114,4,4,0.12280701754385964,0.2,0.10653508771929823,0.03366365996983062,0.3383084577114428,False,0.19298245614035087,60,0.8,0.12280701754385966,0.03711210327173415,0.04975124378109453,True,0.07017543859649122
YFM,34,89,114,4,4,0.13157894736842105,0.8,0.10671052631578946,0.03249926844735755,0.22885572139303484,False,0.22807017543859648,60,0.8,0.12131578947368421,0.03325587124104046,0.009950248756218905,True,0.09649122807017543
YFM,34,90,114,4,4,0.09649122807017543,0.5,0.10464912280701753,0.03317904408333934,0.6417910447761194,False,0.20175438596491227,100,0.5,0.11802631578947366,0.03945332867266031,0.03980099502487562,True,0.10526315789473684
YFM,34,91,114,4,4,0.13157894736842105,0.5,0.1082456140350877,0.03407513610315722,0.263681592039801,False,0.24561403508771928,60,0.5,0.12390350877192984,0.034024005690329664,0.004975124378109453,True,0.11403508771929824
YFM,34,92,114,4,4,0.20175438596491227,0.5,0.10837719298245613,0.034865485724533934,0.029850746268656716,True,0.21929824561403508,75,0.8,0.12078947368421052,0.03695245498396556,0.014925373134328358,True,0.017543859649122806
YFM,34,93,114,4,4,0.12280701754385964,0.2,0.10469298245614034,0.030438697481375374,0.26865671641791045,False,0.24561403508771928,90,0.5,0.11859649122807017,0.03349741766255366,0.004975124378109453,True,0.12280701754385964
YFM,34,94,114,4,4,0.05263157894736842,0.2,0.10548245614035087,0.0324118215561748,0.9701492537313433,False,0.24561403508771928,90,0.2,0.11960526315789473,0.03838409718628606,0.004975124378109453,True,0.19298245614035087
YFM,35,36,114,4,4,0.14912280701754385,0.2,0.10407894736842106,0.03280597209929347,0.12437810945273632,False,0.19298245614035087,150,0.2,0.11539473684210526,0.036270054774964124,0.03980099502487562,True,0.043859649122807015
YFM,35,37,114,4,4,0.09649122807017543,0.5,0.10478070175438596,0.0329532084865337,0.5970149253731343,False,0.19298245614035087,60,0.5,0.11429824561403508,0.03182763266761529,0.014925373134328358,True,0.09649122807017543
YFM,35,38,114,4,4,0.09649122807017543,0.2,0.10723684210526314,0.03243567241461556,0.6567164179104478,False,0.12280701754385964,60,0.5,0.11728070175438596,0.03637876508199476,0.42786069651741293,False,0.02631578947368421
YFM,35,39,114,4,4,0.14035087719298245,0.2,0.10478070175438596,0.031770329929191175,0.1791044776119403,False,0.18421052631578946,225,0.8,0.1075,0.031998320999072,0.01990049751243781,True,0.043859649122807015
YFM,35,40,114,4,4,0.14035087719298245,0.2,0.1050877192982456,0.03221464825692793,0.1691542288557214,False,0.14035087719298245,180,0.8,0.10921052631578948,0.03318184091475408,0.21890547263681592,False,0.0
YFM,35,41,114,4,4,0.17543859649122806,0.2,0.1044298245614035,0.03002326447213858,0.01990049751243781,True,0.21929824561403508,100,0.8,0.11293859649122809,0.034092124727162304,0.009950248756218905,True,0.043859649122807015
YFM,35,42,114,4,4,0.07017543859649122,0.2,0.10543859649122805,0.029495254551081818,0.9154228855721394,False,0.09649122807017543,150,0.8,0.11039473684210525,0.03462488425128941,0.6616915422885572,False,0.02631578947368421
YFM,35,43,114,4,4,0.12280701754385964,0.5,0.1018859649122807,0.02767895936253926,0.26865671641791045,False,0.13157894736842105,90,0.2,0.10982456140350877,0.032844638449667465,0.2835820895522388,False,0.008771929824561403
YFM,35,44,114,4,4,0.11403508771929824,0.2,0.10429824561403508,0.03159449400339924,0.40298507462686567,False,0.17543859649122806,225,0.2,0.1132017543859649,0.03460611807123248,0.06467661691542288,False,0.06140350877192982
YFM,35,45,114,4,4,0.08771929824561403,0.2,0.1056578947368421,0.03220669539723755,0.7711442786069652,False,0.13157894736842105,75,0.8,0.1187280701754386,0.03642728033832652,0.40298507462686567,False,0.043859649122807015
YFM,35,46,114,4,4,0.09649122807017543,0.2,0.10710526315789473,0.03079876613965255,0.6716417910447762,False,0.15789473684210525,180,0.8,0.10942982456140349,0.03328873044214298,0.09950248756218906,False,0.06140350877192982
YFM,35,47,114,4,4,0.06140350877192982,0.2,0.10429824561403507,0.02691564126524366,0.9601990049751243,False,0.09649122807017543,225,0.2,0.10802631578947368,0.03326130643463833,0.6666666666666666,False,0.03508771929824561
YFM,35,48,114,4,4,0.10526315789473684,0.5,0.1012280701754386,0.032583187726144144,0.44776119402985076,False,0.10526315789473684,60,0.2,0.11635964912280702,0.03470519580194522,0.6268656716417911,False,0.0
YFM,35,49,114,4,4,0.07017543859649122,0.5,0.10412280701754385,0.03347836597909821,0.8905472636815921,False,0.15789473684210525,75,0.5,0.11807017543859649,0.03465348868875001,0.15422885572139303,False,0.08771929824561403
YFM,35,50,114,4,4,0.08771929824561403,0.8,0.10706140350877191,0.03260047939820631,0.7412935323383084,False,0.12280701754385964,150,0.8,0.1100877192982456,0.031013455315199452,0.36318407960199006,False,0.03508771929824561
YFM,35,62,114,4,4,0.09649122807017543,0.2,0.10578947368421053,0.03416805878132855,0.6368159203980099,False,0.12280701754385964,180,0.8,0.11175438596491227,0.036079177622444565,0.4228855721393035,False,0.02631578947368421
YFM,35,63,114,4,4,0.14912280701754385,0.2,0.10421052631578945,0.03300435759111415,0.11940298507462686,False,0.17543859649122806,450,0.2,0.10864035087719298,0.034696281476431765,0.04975124378109453,True,0.02631578947368421
YFM,35,64,114,4,4,0.11403508771929824,0.5,0.10026315789473685,0.027508457745229503,0.3482587064676617,False,0.11403508771929824,75,0.2,0.1094736842105263,0.037690635323035744,0.472636815920398,False,0.0
YFM,35,65,114,4,4,0.07894736842105263,0.2,0.1057017543859649,0.03129889929655081,0.835820895522388,False,0.20175438596491227,150,0.8,0.10833333333333332,0.0361488791465301,0.014925373134328358,True,0.12280701754385964
YFM,35,66,114,4,4,0.07894736842105263,0.2,0.10482456140350876,0.03188637857691079,0.8308457711442786,False,0.16666666666666666,100,0.2,0.11346491228070174,0.031203969147052642,0.07960199004975124,False,0.08771929824561403
YFM,35,67,114,4,4,0.13157894736842105,0.2,0.1031578947368421,0.031880193511149624,0.23880597014925373,False,0.15789473684210525,60,0.8,0.11596491228070174,0.03616395809050343,0.15920398009950248,False,0.02631578947368421
YFM,35,68,114,4,4,0.13157894736842105,0.5,0.09986842105263158,0.028989047492837577,0.16417910447761194,False,0.16666666666666666,450,0.8,0.10166666666666666,0.03298830326265453,0.04975124378109453,True,0.03508771929824561
YFM,35,69,114,4,4,0.14035087719298245,0.2,0.1044736842105263,0.03259920433946865,0.18407960199004975,False,0.14035087719298245,900,0.2,0.1044736842105263,0.03259920433946865,0.18407960199004975,False,0.0
YFM,35,70,114,4,4,0.12280701754385964,0.2,0.10793859649122807,0.032492367038701855,0.3482587064676617,False,0.12280701754385964,900,0.2,0.10767543859649122,0.032417785915898875,0.3582089552238806,False,0.0
YFM,35,71,114,4,4,0.09649122807017543,0.2,0.1044298245614035,0.03371186743866528,0.6069651741293532,False,0.14035087719298245,150,0.2,0.1107017543859649,0.03460569906717106,0.21890547263681592,False,0.043859649122807015
YFM,35,72,114,4,4,0.14035087719298245,0.2,0.10061403508771928,0.030053032208085886,0.0845771144278607,False,0.14035087719298245,900,0.2,0.10057017543859648,0.030802375384170542,0.09950248756218906,False,0.0
YFM,35,73,114,4,4,0.13157894736842105,0.8,0.10153508771929826,0.032304274775857594,0.208955223880597,False,0.14912280701754385,450,0.2,0.10881578947368421,0.034398789590186635,0.17412935323383086,False,0.017543859649122806
YFM,35,74,114,4,4,0.09649122807017543,0.2,0.10600877192982455,0.030813671155623057,0.6716417910447762,False,0.13157894736842105,90,0.5,0.11842105263157894,0.034318915859758894,0.4079601990049751,False,0.03508771929824561
YFM,35,75,114,4,4,0.07017543859649122,0.2,0.10521929824561402,0.03310890053157725,0.900497512437811,False,0.13157894736842105,75,0.2,0.11486842105263158,0.03900782533719386,0.3681592039800995,False,0.06140350877192982
YFM,35,76,114,4,4,0.10526315789473684,0.2,0.10149122807017545,0.027069205517295487,0.4577114427860697,False,0.10526315789473684,60,0.2,0.10763157894736843,0.0336787322163584,0.582089552238806,False,0.0
YFM,35,77,114,4,4,0.14035087719298245,0.2,0.1031578947368421,0.02908974414506712,0.14427860696517414,False,0.14035087719298245,900,0.2,0.1031578947368421,0.02908974414506712,0.14427860696517414,False,0.0
YFM,35,78,114,4,4,0.10526315789473684,0.5,0.10096491228070174,0.0299896638967306,0.4527363184079602,False,0.10526315789473684,900,0.5,0.10096491228070174,0.0299896638967306,0.4527363184079602,False,0.0
YFM,35,79,114,4,4,0.11403508771929824,0.8,0.10614035087719298,0.03240660184093745,0.42786069651741293,False,0.14912280701754385,90,0.2,0.12052631578947368,0.03457976680928948,0.22885572139303484,False,0.03508771929824561
YFM,35,80,114,4,4,0.13157894736842105,0.2,0.10232456140350876,0.0305806417100218,0.1890547263681592,False,0.13157894736842105,900,0.2,0.10232456140350876,0.0305806417100218,0.1890547263681592,False,0.0
YFM,35,81,114,4,4,0.16666666666666666,0.5,0.10535087719298247,0.03112844388322285,0.04975124378109453,True,0.21052631578947367,300,0.8,0.106359649122807,0.03552510492797616,0.004975124378109453,True,0.043859649122807015
YFM,35,82,114,4,4,0.07017543859649122,0.2,0.1069736842105263,0.03374740497016755,0.900497512437811,False,0.14035087719298245,180,0.2,0.11118421052631579,0.034542818883106466,0.19900497512437812,False,0.07017543859649122
YFM,35,83,114,4,4,0.11403508771929824,0.2,0.10206140350877192,0.034377200636569495,0.373134328358209,False,0.12280701754385964,60,0.2,0.11881578947368421,0.03501930096647104,0.4427860696517413,False,0.008771929824561403
YFM,35,84,114,4,4,0.12280701754385964,0.2,0.10364035087719298,0.03243138055458702,0.26865671641791045,False,0.12280701754385964,900,0.2,0.10364035087719298,0.03243138055458702,0.26865671641791045,False,0.0
YFM,35,85,114,4,4,0.11403508771929824,0.2,0.10052631578947369,0.03216515856351066,0.3582089552238806,False,0.13157894736842105,180,0.8,0.11131578947368422,0.03655985635937139,0.32338308457711445,False,0.017543859649122806
YFM,35,86,114,4,4,0.09649122807017543,0.8,0.10394736842105264,0.02938742872820763,0.6318407960199005,False,0.16666666666666666,90,0.5,0.11403508771929824,0.03488879519218255,0.09950248756218906,False,0.07017543859649122
YFM,35,87,114,4,4,0.09649122807017543,0.8,0.10399122807017544,0.03316607652387101,0.5870646766169154,False,0.14912280701754385,225,0.2,0.11171052631578947,0.03529075414642114,0.15920398009950248,False,0.05263157894736842
YFM,35,88,114,4,4,0.16666666666666666,0.2,0.10504385964912281,0.032732341804016164,0.07462686567164178,False,0.16666666666666666,900,0.2,0.10504385964912281,0.032732341804016164,0.07462686567164178,False,0.0
YFM,35,89,114,4,4,0.18421052631578946,0.8,0.10671052631578946,0.030863824566711544,0.01990049751243781,True,0.19298245614035087,180,0.8,0.11175438596491226,0.03198916607390002,0.004975124378109453,True,0.008771929824561403
YFM,35,90,114,4,4,0.08771929824561403,0.2,0.10399122807017543,0.03152842918161641,0.7611940298507462,False,0.19298245614035087,90,0.5,0.11793859649122806,0.03288860914450298,0.029850746268656716,True,0.10526315789473684
YFM,35,91,114,4,4,0.10526315789473684,0.2,0.10478070175438596,0.031976562435643556,0.5223880597014925,False,0.17543859649122806,60,0.2,0.11657894736842105,0.03357386179458706,0.03980099502487562,True,0.07017543859649122
YFM,35,92,114,4,4,0.16666666666666666,0.5,0.10416666666666669,0.03063950692759667,0.04975124378109453,True,0.17543859649122806,90,0.2,0.11600877192982456,0.034593154529309715,0.08955223880597014,False,0.008771929824561403
YFM,35,93,114,4,4,0.14912280701754385,0.2,0.10530701754385965,0.031122325611973735,0.11442786069651742,False,0.18421052631578946,180,0.2,0.11171052631578945,0.03417753514044536,0.024875621890547265,True,0.03508771929824561
YFM,35,94,114,4,4,0.10526315789473684,0.2,0.10333333333333332,0.030642314723689293,0.5024875621890548,False,0.16666666666666666,225,0.2,0.10925438596491226,0.03233251053513866,0.06467661691542288,False,0.06140350877192982
YFM,36,37,114,4,4,0.10526315789473684,0.2,0.10403508771929823,0.03385427915314423,0.4925373134328358,False,0.21052631578947367,90,0.5,0.11578947368421051,0.034521123987779255,0.014925373134328358,True,0.10526315789473684
YFM,36,38,114,4,4,0.09649122807017543,0.2,0.10578947368421052,0.03405470450451225,0.6268656716417911,False,0.15789473684210525,60,0.5,0.11820175438596489,0.036374805592630455,0.15422885572139303,False,0.06140350877192982
YFM,36,39,114,4,4,0.12280701754385964,0.2,0.10438596491228068,0.03249001665547933,0.32338308457711445,False,0.23684210526315788,225,0.5,0.10714912280701754,0.03130047439394587,0.004975124378109453,True,0.11403508771929824
YFM,36,40,114,4,4,0.09649122807017543,0.5,0.10583333333333332,0.03213193255454383,0.6666666666666666,False,0.15789473684210525,450,0.2,0.10767543859649123,0.03401263925390262,0.0845771144278607,False,0.06140350877192982
YFM,36,41,114,4,4,0.18421052631578946,0.8,0.1037280701754386,0.03342204239335972,0.03980099502487562,True,0.24561403508771928,100,0.5,0.11574561403508771,0.03700460692483904,0.004975124378109453,True,0.06140350877192982
YFM,36,42,114,4,4,0.11403508771929824,0.2,0.10469298245614034,0.03312734765182741,0.44776119402985076,False,0.16666666666666666,150,0.5,0.11162280701754385,0.03276186098916868,0.07960199004975124,False,0.05263157894736842
YFM,36,43,114,4,4,0.09649122807017543,0.2,0.10153508771929824,0.03343360961581926,0.5621890547263682,False,0.21052631578947367,60,0.5,0.11298245614035088,0.03423498764926273,0.014925373134328358,True,0.11403508771929824
YFM,36,44,114,4,4,0.14035087719298245,0.8,0.10929824561403509,0.031163825520295754,0.19402985074626866,False,0.18421052631578946,60,0.2,0.11710526315789473,0.036415310221624225,0.04975124378109453,True,0.043859649122807015
YFM,36,45,114,4,4,0.12280701754385964,0.2,0.10456140350877191,0.03242282494460232,0.31343283582089554,False,0.18421052631578946,75,0.8,0.11714912280701753,0.03636374862874031,0.06467661691542288,False,0.06140350877192982
YFM,36,46,114,4,4,0.14035087719298245,0.5,0.10627192982456139,0.03392430626598352,0.208955223880597,False,0.15789473684210525,100,0.8,0.11421052631578946,0.03357812278040325,0.12935323383084577,False,0.017543859649122806
YFM,36,47,114,4,4,0.14035087719298245,0.2,0.10390350877192982,0.031781281670020506,0.15422885572139303,False,0.18421052631578946,150,0.5,0.11614035087719297,0.034590946890542124,0.03482587064676617,True,0.043859649122807015
YFM,36,48,114,4,4,0.13157894736842105,0.2,0.10263157894736842,0.032442377309245596,0.20398009950248755,False,0.17543859649122806,100,0.5,0.11421052631578948,0.034487056490997405,0.05472636815920398,False,0.043859649122807015
YFM,36,49,114,4,4,0.11403508771929824,0.5,0.10232456140350876,0.031342447791521504,0.40298507462686567,False,0.22807017543859648,150,0.2,0.11219298245614034,0.034008688527813045,0.004975124378109453,True,0.11403508771929824
YFM,36,50,114,4,4,0.08771929824561403,0.2,0.10635964912280702,0.03110293796647749,0.7711442786069652,False,0.18421052631578946,300,0.2,0.10710526315789473,0.03153078992815751,0.029850746268656716,True,0.09649122807017543
YFM,36,62,114,4,4,0.12280701754385964,0.2,0.10451754385964912,0.031150639696039994,0.2935323383084577,False,0.14035087719298245,180,0.5,0.11416666666666668,0.032256840597991256,0.23880597014925373,False,0.017543859649122806
YFM,36,63,114,4,4,0.14035087719298245,0.8,0.10179824561403507,0.03360042655186544,0.16417910447761194,False,0.17543859649122806,300,0.2,0.10837719298245614,0.0334851507757189,0.03482587064676617,True,0.03508771929824561
YFM,36,64,114,4,4,0.09649122807017543,0.2,0.09855263157894736,0.03190126026475948,0.5074626865671642,False,0.18421052631578946,60,0.5,0.10991228070175438,0.03384137038202823,0.03482587064676617,True,0.08771929824561403
YFM,36,65,114,4,4,0.11403508771929824,0.2,0.10298245614035087,0.03166112320682779,0.39800995024875624,False,0.2719298245614035,150,0.2,0.1119298245614035,0.03494682104522914,0.004975124378109453,True,0.15789473684210528
YFM,36,66,114,4,4,0.07894736842105263,0.2,0.10184210526315787,0.030511177885770752,0.7960199004975125,False,0.18421052631578946,75,0.2,0.1124561403508772,0.028749063619934324,0.009950248756218905,True,0.10526315789473684
YFM,36,67,114,4,4,0.12280701754385964,0.2,0.10039473684210526,0.028477950095577662,0.2537313432835821,False,0.18421052631578946,75,0.2,0.11824561403508771,0.032903448844865985,0.03482587064676617,True,0.06140350877192982
YFM,36,68,114,4,4,0.11403508771929824,0.2,0.09991228070175438,0.028574088164908012,0.34328358208955223,False,0.21052631578947367,75,0.5,0.1099561403508772,0.03099010071457287,0.004975124378109453,True,0.09649122807017543
YFM,36,69,114,4,4,0.12280701754385964,0.5,0.10438596491228068,0.031719202283591486,0.3034825870646766,False,0.21052631578947367,75,0.5,0.11517543859649124,0.030593694039093667,0.009950248756218905,True,0.08771929824561403
YFM,36,70,114,4,4,0.09649122807017543,0.2,0.10447368421052632,0.03099399956825036,0.6318407960199005,False,0.14035087719298245,60,0.5,0.11561403508771932,0.035359522060278134,0.27860696517412936,False,0.043859649122807015
YFM,36,71,114,4,4,0.14035087719298245,0.2,0.10096491228070174,0.03084142234079353,0.12935323383084577,False,0.20175438596491227,100,0.8,0.11346491228070174,0.035132624663563164,0.014925373134328358,True,0.06140350877192982
YFM,36,72,114,4,4,0.10526315789473684,0.2,0.10057017543859648,0.030827471477665673,0.4577114427860697,False,0.18421052631578946,60,0.5,0.11824561403508771,0.03468828449208268,0.04975124378109453,True,0.07894736842105263
YFM,36,73,114,4,4,0.11403508771929824,0.2,0.10399122807017544,0.02957952636439917,0.4079601990049751,False,0.16666666666666666,150,0.5,0.11442982456140349,0.03727114553066778,0.11940298507462686,False,0.05263157894736842
YFM,36,74,114,4,4,0.15789473684210525,0.2,0.1094736842105263,0.02950836110719435,0.0845771144278607,False,0.21052631578947367,150,0.5,0.1144298245614035,0.033777181811677326,0.004975124378109453,True,0.05263157894736842
YFM,36,75,114,4,4,0.12280701754385964,0.5,0.10153508771929824,0.029185258047962074,0.29850746268656714,False,0.2631578947368421,60,0.5,0.11811403508771928,0.032984640140700794,0.004975124378109453,True,0.14035087719298245
YFM,36,76,114,4,4,0.11403508771929824,0.2,0.1018421052631579,0.03200789612131248,0.373134328358209,False,0.20175438596491227,60,0.5,0.11223684210526315,0.033385695265445735,0.024875621890547265,True,0.08771929824561403
YFM,36,77,114,4,4,0.09649122807017543,0.5,0.09969298245614035,0.03079358691948257,0.5373134328358209,False,0.19298245614035087,60,0.2,0.11368421052631579,0.03247620843943981,0.029850746268656716,True,0.09649122807017543
YFM,36,78,114,4,4,0.11403508771929824,0.2,0.09916666666666667,0.030402090419381043,0.3482587064676617,False,0.19298245614035087,60,0.5,0.11390350877192983,0.03179806701333348,0.03482587064676617,True,0.07894736842105263
YFM,36,79,114,4,4,0.08771929824561403,0.2,0.10741228070175439,0.03427943089894544,0.7512437810945274,False,0.20175438596491227,100,0.8,0.11592105263157894,0.034441253295197025,0.024875621890547265,True,0.11403508771929824
YFM,36,80,114,4,4,0.11403508771929824,0.2,0.09951754385964912,0.028800630705133667,0.35323383084577115,False,0.20175438596491227,60,0.2,0.11517543859649121,0.03500287281864978,0.024875621890547265,True,0.08771929824561403
YFM,36,81,114,4,4,0.14035087719298245,0.2,0.1025,0.029829195930966272,0.11442786069651742,False,0.24561403508771928,100,0.8,0.11355263157894736,0.03325688859083356,0.004975124378109453,True,0.10526315789473684
YFM,36,82,114,4,4,0.13157894736842105,0.2,0.10609649122807017,0.03374625918232335,0.25870646766169153,False,0.16666666666666666,90,0.5,0.11114035087719298,0.033313955679234494,0.06965174129353234,False,0.03508771929824561
YFM,36,83,114,4,4,0.13157894736842105,0.2,0.10333333333333332,0.030477829762510098,0.20398009950248755,False,0.20175438596491227,75,0.8,0.11758771929824562,0.03134022707971892,0.004975124378109453,True,0.07017543859649122
YFM,36,84,114,4,4,0.10526315789473684,0.2,0.0968859649122807,0.029276003141386682,0.4626865671641791,False,0.19298245614035087,60,0.2,0.11793859649122806,0.037502812897651984,0.04477611940298507,True,0.08771929824561403
YFM,36,85,114,4,4,0.10526315789473684,0.2,0.09833333333333333,0.030190130078397506,0.4427860696517413,False,0.16666666666666666,150,0.5,0.11416666666666667,0.032040345656278425,0.06467661691542288,False,0.06140350877192982
YFM,36,86,114,4,4,0.13157894736842105,0.2,0.10548245614035086,0.029475288628178404,0.24875621890547264,False,0.2543859649122807,60,0.5,0.12074561403508771,0.037080598790121634,0.004975124378109453,True,0.12280701754385967
YFM,36,87,114,4,4,0.12280701754385964,0.2,0.10192982456140351,0.03181122757856683,0.2835820895522388,False,0.20175438596491227,75,0.2,0.11679824561403508,0.034302884979116086,0.014925373134328358,True,0.07894736842105263
YFM,36,88,114,4,4,0.16666666666666666,0.2,0.10241228070175439,0.02976898821260885,0.05472636815920398,False,0.19298245614035087,100,0.8,0.11171052631578945,0.032838957674355795,0.01990049751243781,True,0.02631578947368421
YFM,36,89,114,4,4,0.14912280701754385,0.8,0.10596491228070175,0.032707791092881064,0.11442786069651742,False,0.21929824561403508,75,0.5,0.11745614035087719,0.034294007015926074,0.004975124378109453,True,0.07017543859649122
YFM,36,90,114,4,4,0.08771929824561403,0.2,0.10421052631578948,0.03421239119012637,0.736318407960199,False,0.17543859649122806,60,0.5,0.1219736842105263,0.03367744057382831,0.0945273631840796,False,0.08771929824561403
YFM,36,91,114,4,4,0.12280701754385964,0.8,0.10491228070175439,0.033334029326846745,0.3582089552238806,False,0.19298245614035087,150,0.2,0.11315789473684208,0.03421736369146521,0.009950248756218905,True,0.07017543859649122
YFM,36,92,114,4,4,0.15789473684210525,0.2,0.10513157894736841,0.030150239658329733,0.07960199004975124,False,0.20175438596491227,60,0.5,0.11964912280701755,0.03361357164584263,0.01990049751243781,True,0.043859649122807015
YFM,36,93,114,4,4,0.12280701754385964,0.2,0.10600877192982455,0.03406761756480105,0.34328358208955223,False,0.20175438596491227,180,0.2,0.11346491228070174,0.03234781453638207,0.014925373134328358,True,0.07894736842105263
YFM,36,94,114,4,4,0.11403508771929824,0.8,0.10973684210526315,0.031016447423838616,0.46766169154228854,False,0.21052631578947367,75,0.2,0.11907894736842105,0.03726222244789855,0.029850746268656716,True,0.09649122807017543
YFM,37,38,114,4,4,0.07894736842105263,0.2,0.1031140350877193,0.03123394242315441,0.7810945273631841,False,0.14912280701754385,90,0.5,0.11214912280701755,0.03369213367210595,0.14925373134328357,False,0.07017543859649122
YFM,37,39,114,4,4,0.13157894736842105,0.5,0.10815789473684209,0.032940445482947486,0.29850746268656714,False,0.18421052631578946,60,0.5,0.11793859649122805,0.03660538531530675,0.06965174129353234,False,0.05263157894736842
YFM,37,40,114,4,4,0.08771929824561403,0.5,0.10719298245614034,0.03130396403328835,0.8059701492537313,False,0.15789473684210525,60,0.2,0.11482456140350877,0.03676867028010841,0.13930348258706468,False,0.07017543859649122
YFM,37,41,114,4,4,0.16666666666666666,0.2,0.10596491228070175,0.03470388665384497,0.05472636815920398,False,0.21052631578947367,90,0.8,0.11574561403508771,0.03240299228901108,0.009950248756218905,True,0.043859649122807015
YFM,37,42,114,4,4,0.13157894736842105,0.2,0.1056578947368421,0.03525589490381479,0.24378109452736318,False,0.22807017543859648,90,0.5,0.11416666666666664,0.033882107654191446,0.014925373134328358,True,0.09649122807017543
YFM,37,43,114,4,4,0.08771929824561403,0.2,0.10495614035087718,0.03313084910932522,0.7611940298507462,False,0.20175438596491227,60,0.8,0.11521929824561403,0.03421371914473306,0.009950248756218905,True,0.11403508771929824
YFM,37,44,114,4,4,0.10526315789473684,0.2,0.10473684210526316,0.03237843069338455,0.5323383084577115,False,0.19298245614035087,60,0.5,0.12223684210526314,0.03613098479285929,0.04477611940298507,True,0.08771929824561403
YFM,37,45,114,4,4,0.10526315789473684,0.5,0.10807017543859647,0.033321499219387686,0.6069651741293532,False,0.18421052631578946,90,0.8,0.11381578947368422,0.03190683532116084,0.024875621890547265,True,0.07894736842105263
YFM,37,46,114,4,4,0.12280701754385964,0.2,0.10552631578947368,0.035218723086848806,0.36318407960199006,False,0.15789473684210525,60,0.8,0.11921052631578948,0.03465739380379227,0.17412935323383086,False,0.03508771929824561
YFM,37,47,114,4,4,0.07017543859649122,0.2,0.1057017543859649,0.032103911823023884,0.9104477611940298,False,0.19298245614035087,60,0.5,0.11521929824561404,0.033517237230224504,0.014925373134328358,True,0.12280701754385964
YFM,37,48,114,4,4,0.10526315789473684,0.2,0.10368421052631578,0.03391954729355878,0.5024875621890548,False,0.20175438596491227,60,0.8,0.11521929824561403,0.03695211490538151,0.024875621890547265,True,0.09649122807017543
YFM,37,49,114,4,4,0.08771929824561403,0.2,0.10232456140350876,0.03168599676748934,0.7014925373134329,False,0.22807017543859648,75,0.8,0.11745614035087719,0.035902447135685085,0.009950248756218905,True,0.14035087719298245
YFM,37,50,114,4,4,0.05263157894736842,0.8,0.10456140350877191,0.032267417510474045,0.9701492537313433,False,0.18421052631578946,60,0.8,0.11903508771929826,0.03614631189129213,0.03980099502487562,True,0.13157894736842105
YFM,37,62,114,4,4,0.06140350877192982,0.2,0.10763157894736841,0.03395315927109583,0.9253731343283582,False,0.19298245614035087,75,0.8,0.11649122807017542,0.032729063532808134,0.03482587064676617,True,0.13157894736842105
YFM,37,63,114,4,4,0.12280701754385964,0.2,0.10644736842105262,0.032994016920816174,0.3034825870646766,False,0.20175438596491227,90,0.5,0.11846491228070175,0.03445382508296174,0.01990049751243781,True,0.07894736842105263
YFM,37,64,114,4,4,0.09649122807017543,0.2,0.10473684210526316,0.03315724402496641,0.6567164179104478,False,0.21052631578947367,60,0.8,0.11521929824561403,0.03378153161321883,0.004975124378109453,True,0.11403508771929824
YFM,37,65,114,4,4,0.11403508771929824,0.2,0.10543859649122807,0.03217861960555777,0.4427860696517413,False,0.21052631578947367,90,0.2,0.11429824561403508,0.030130130270164004,0.004975124378109453,True,0.09649122807017543
YFM,37,66,114,4,4,0.08771929824561403,0.2,0.1038157894736842,0.03169209772560154,0.7263681592039801,False,0.19298245614035087,100,0.2,0.11539473684210526,0.03652501737393319,0.03980099502487562,True,0.10526315789473684
YFM,37,67,114,4,4,0.08771929824561403,0.2,0.10517543859649121,0.03313799676960045,0.7263681592039801,False,0.17543859649122806,60,0.5,0.1169736842105263,0.03844549720608391,0.0845771144278607,False,0.08771929824561403
YFM,37,68,114,4,4,0.09649122807017543,0.5,0.10478070175438596,0.0326940452860864,0.6467661691542289,False,0.21929824561403508,60,0.2,0.11469298245614035,0.03339310680731676,0.009950248756218905,True,0.12280701754385964
YFM,37,69,114,4,4,0.09649122807017543,0.2,0.10302631578947366,0.032430426730779956,0.6169154228855721,False,0.20175438596491227,60,0.5,0.11434210526315787,0.032577698742082696,0.014925373134328358,True,0.10526315789473684
YFM,37,70,114,4,4,0.08771929824561403,0.2,0.10346491228070175,0.030757402245203694,0.7313432835820896,False,0.16666666666666666,60,0.5,0.11714912280701753,0.033761151391204815,0.07960199004975124,False,0.07894736842105263
YFM,37,71,114,4,4,0.09649122807017543,0.2,0.10438596491228071,0.03388806996878755,0.6119402985074627,False,0.21929824561403508,60,0.8,0.11574561403508772,0.0337244818169465,0.009950248756218905,True,0.12280701754385964
YFM,37,72,114,4,4,0.10526315789473684,0.2,0.10499999999999998,0.0333348413009128,0.5174129353233831,False,0.20175438596491227,60,0.8,0.11600877192982456,0.034256186511412386,0.009950248756218905,True,0.09649122807017543
YFM,37,73,114,4,4,0.09649122807017543,0.2,0.10513157894736842,0.03146803207063989,0.6218905472636815,False,0.18421052631578946,90,0.5,0.11881578947368421,0.03618146209764493,0.06467661691542288,False,0.08771929824561403
YFM,37,74,114,4,4,0.08771929824561403,0.8,0.10736842105263157,0.03432161980438981,0.7562189054726368,False,0.20175438596491227,75,0.8,0.11657894736842105,0.03356234290991266,0.014925373134328358,True,0.11403508771929824
YFM,37,75,114,4,4,0.07894736842105263,0.5,0.10324561403508772,0.03383908513086198,0.8109452736318408,False,0.20175438596491227,60,0.2,0.11491228070175438,0.033933679774043234,0.014925373134328358,True,0.12280701754385964
YFM,37,76,114,4,4,0.08771929824561403,0.8,0.10482456140350876,0.032889226374382186,0.746268656716418,False,0.21052631578947367,60,0.8,0.11548245614035087,0.03359904558709024,0.004975124378109453,True,0.12280701754385964
YFM,37,77,114,4,4,0.07894736842105263,0.2,0.10469298245614034,0.03316234559019368,0.8159203980099502,False,0.21052631578947367,60,0.8,0.11504385964912281,0.033810134776921144,0.004975124378109453,True,0.13157894736842105
YFM,37,78,114,4,4,0.07894736842105263,0.2,0.10442982456140351,0.03205385911364189,0.835820895522388,False,0.20175438596491227,60,0.8,0.11517543859649124,0.034378690934769224,0.009950248756218905,True,0.12280701754385964
YFM,37,79,114,4,4,0.10526315789473684,0.2,0.10350877192982455,0.03181657535158579,0.5174129353233831,False,0.20175438596491227,60,0.8,0.11745614035087719,0.03595625649769453,0.024875621890547265,True,0.09649122807017543
YFM,37,80,114,4,4,0.09649122807017543,0.8,0.10456140350877191,0.032553744079329344,0.6368159203980099,False,0.20175438596491227,60,0.8,0.11552631578947369,0.0342186067038964,0.009950248756218905,True,0.10526315789473684
YFM,37,81,114,4,4,0.18421052631578946,0.2,0.10649122807017544,0.03270400787719634,0.03482587064676617,True,0.20175438596491227,90,0.2,0.11478070175438596,0.034819763897905344,0.024875621890547265,True,0.017543859649122806
YFM,37,82,114,4,4,0.10526315789473684,0.2,0.10464912280701753,0.03314406377748167,0.5323383084577115,False,0.17543859649122806,450,0.8,0.10846491228070175,0.033349540411448955,0.04975124378109453,True,0.07017543859649122
YFM,37,83,114,4,4,0.06140350877192982,0.2,0.1044736842105263,0.034015509637538625,0.9253731343283582,False,0.18421052631578946,60,0.8,0.11592105263157894,0.03570900952816667,0.05970149253731343,False,0.12280701754385964
YFM,37,84,114,4,4,0.08771929824561403,0.2,0.10258771929824562,0.0336728476657967,0.6915422885572139,False,0.21052631578947367,60,0.5,0.11635964912280702,0.033733423699606,0.009950248756218905,True,0.12280701754385964
YFM,37,85,114,4,4,0.08771929824561403,0.2,0.10412280701754385,0.033048262030705,0.7064676616915423,False,0.19298245614035087,60,0.8,0.115,0.03450756825680813,0.024875621890547265,True,0.10526315789473684
YFM,37,86,114,4,4,0.11403508771929824,0.2,0.10666666666666666,0.03275598879150769,0.44776119402985076,False,0.23684210526315788,60,0.8,0.1151315789473684,0.033853108427788,0.004975124378109453,True,0.12280701754385964
YFM,37,87,114,4,4,0.09649122807017543,0.2,0.10552631578947366,0.033566029383089,0.6467661691542289,False,0.19298245614035087,100,0.2,0.1162280701754386,0.034338627238698384,0.029850746268656716,True,0.09649122807017543
YFM,37,88,114,4,4,0.12280701754385964,0.2,0.10385964912280703,0.03369858857380019,0.34328358208955223,False,0.21052631578947367,60,0.8,0.11587719298245613,0.0340995244684958,0.009950248756218905,True,0.08771929824561403
YFM,37,89,114,4,4,0.10526315789473684,0.2,0.10565789473684209,0.02990325068464848,0.5621890547263682,False,0.20175438596491227,60,0.2,0.11815789473684209,0.032891107384478126,0.014925373134328358,True,0.09649122807017543
YFM,37,90,114,4,4,0.08771929824561403,0.2,0.10592105263157894,0.03240585609869895,0.7412935323383084,False,0.23684210526315788,90,0.2,0.11741228070175438,0.035912004182900865,0.004975124378109453,True,0.14912280701754385
YFM,37,91,114,4,4,0.15789473684210525,0.8,0.10701754385964912,0.03153581742266055,0.05970149253731343,False,0.21929824561403508,150,0.2,0.11144736842105261,0.03216464765409852,0.004975124378109453,True,0.06140350877192982
YFM,37,92,114,4,4,0.10526315789473684,0.2,0.1045175438596491,0.0338055598970611,0.5174129353233831,False,0.19298245614035087,60,0.5,0.11635964912280702,0.03346874942254915,0.01990049751243781,True,0.08771929824561403
YFM,37,93,114,4,4,0.12280701754385964,0.5,0.10675438596491225,0.032963913860674536,0.3333333333333333,False,0.21929824561403508,90,0.2,0.11565789473684208,0.03714415358102433,0.014925373134328358,True,0.09649122807017543
YFM,37,94,114,4,4,0.08771929824561403,0.2,0.10539473684210526,0.033790687259872026,0.7213930348258707,False,0.21929824561403508,60,0.8,0.11789473684210527,0.03649899211445337,0.004975124378109453,True,0.13157894736842105
YFM,38,39,114,4,4,0.09649122807017543,0.2,0.10394736842105264,0.03258211967197957,0.6417910447761194,False,0.15789473684210525,75,0.2,0.12013157894736842,0.03668452317501323,0.19402985074626866,False,0.06140350877192982
YFM,38,40,114,4,4,0.07894736842105263,0.5,0.10377192982456139,0.03168395268382614,0.8258706467661692,False,0.13157894736842105,180,0.8,0.11043859649122809,0.03370719318655674,0.3034825870646766,False,0.05263157894736842
YFM,38,41,114,4,4,0.14912280701754385,0.2,0.10394736842105262,0.03096354427048045,0.09950248756218906,False,0.18421052631578946,75,0.2,0.1187280701754386,0.03366917288826859,0.04975124378109453,True,0.03508771929824561
YFM,38,42,114,4,4,0.09649122807017543,0.2,0.10697368421052632,0.033343974646690255,0.6616915422885572,False,0.11403508771929824,60,0.8,0.11719298245614035,0.033751328998778814,0.5671641791044776,False,0.017543859649122806
YFM,38,43,114,4,4,0.07017543859649122,0.5,0.10640350877192983,0.030669432993690657,0.9303482587064676,False,0.14912280701754385,60,0.2,0.11605263157894737,0.03403278366347181,0.1890547263681592,False,0.07894736842105263
YFM,38,44,114,4,4,0.10526315789473684,0.5,0.10728070175438596,0.030674475608138248,0.5671641791044776,False,0.14035087719298245,60,0.8,0.12140350877192983,0.033583649740187266,0.31343283582089554,False,0.03508771929824561
YFM,38,45,114,4,4,0.07017543859649122,0.5,0.10508771929824562,0.03247763714782646,0.9154228855721394,False,0.10526315789473684,75,0.8,0.11403508771929825,0.0342963746974848,0.5970149253731343,False,0.03508771929824561
YFM,38,46,114,4,4,0.11403508771929824,0.2,0.10846491228070175,0.03430964759962055,0.4577114427860697,False,0.12280701754385964,60,0.5,0.12557017543859647,0.03266304427891043,0.5771144278606966,False,0.008771929824561403
YFM,38,47,114,4,4,0.09649122807017543,0.2,0.10521929824561402,0.0325909893932863,0.6766169154228856,False,0.12280701754385964,60,0.2,0.11899122807017543,0.03669906595232838,0.4626865671641791,False,0.02631578947368421
YFM,38,48,114,4,4,0.05263157894736842,0.2,0.10364035087719298,0.03518761126800376,0.9601990049751243,False,0.15789473684210525,60,0.8,0.11964912280701755,0.03628010116939996,0.15920398009950248,False,0.10526315789473684
YFM,38,49,114,4,4,0.06140350877192982,0.2,0.10684210526315789,0.032901098447419945,0.9651741293532339,False,0.14035087719298245,60,0.8,0.11912280701754385,0.034903864606563785,0.25870646766169153,False,0.07894736842105263
YFM,38,50,114,4,4,0.07017543859649122,0.5,0.10763157894736841,0.03270010597759426,0.9104477611940298,False,0.10526315789473684,300,0.2,0.10842105263157893,0.03219159456526831,0.6268656716417911,False,0.03508771929824561
YFM,38,62,114,4,4,0.09649122807017543,0.2,0.10662280701754386,0.03379778118010334,0.6616915422885572,False,0.14035087719298245,60,0.5,0.11960526315789474,0.03472413114522019,0.29850746268656714,False,0.043859649122807015
YFM,38,63,114,4,4,0.12280701754385964,0.2,0.10083333333333332,0.03192573478501077,0.2736318407960199,False,0.12280701754385964,450,0.2,0.10429824561403508,0.03428273009853386,0.3681592039800995,False,0.0
YFM,38,64,114,4,4,0.07017543859649122,0.2,0.10469298245614034,0.030196373202303655,0.9203980099502488,False,0.13157894736842105,60,0.2,0.11587719298245613,0.03441556227294038,0.35323383084577115,False,0.06140350877192982
YFM,38,65,114,4,4,0.14035087719298245,0.5,0.10530701754385964,0.0312463196791621,0.16417910447761194,False,0.14035087719298245,60,0.5,0.11736842105263158,0.03551010859296194,0.2736318407960199,False,0.0
YFM,38,66,114,4,4,0.07017543859649122,0.2,0.10421052631578948,0.030685188412389056,0.8955223880597015,False,0.15789473684210525,60,0.2,0.12096491228070175,0.03483988556442756,0.18407960199004975,False,0.08771929824561403
YFM,38,67,114,4,4,0.11403508771929824,0.2,0.10473684210526316,0.03153140308016077,0.44776119402985076,False,0.11403508771929824,60,0.2,0.11982456140350876,0.03206402061720044,0.6616915422885572,False,0.0
YFM,38,68,114,4,4,0.11403508771929824,0.2,0.10464912280701753,0.032376878180584,0.4129353233830846,False,0.17543859649122806,60,0.2,0.11811403508771928,0.03514142830208216,0.07960199004975124,False,0.06140350877192982
YFM,38,69,114,4,4,0.09649122807017543,0.5,0.10491228070175439,0.03157062003892019,0.6218905472636815,False,0.13157894736842105,60,0.2,0.11894736842105262,0.034517091434068135,0.38308457711442784,False,0.03508771929824561
YFM,38,70,114,4,4,0.09649122807017543,0.2,0.1044736842105263,0.031068762679474532,0.6716417910447762,False,0.13157894736842105,60,0.8,0.1162280701754386,0.031385258268363865,0.3482587064676617,False,0.03508771929824561
YFM,38,71,114,4,4,0.07017543859649122,0.2,0.10328947368421051,0.03162687865762161,0.8905472636815921,False,0.12280701754385964,60,0.5,0.1180701754385965,0.03646931709824603,0.4577114427860697,False,0.05263157894736842
YFM,38,72,114,4,4,0.07894736842105263,0.8,0.10526315789473685,0.03247811336998897,0.845771144278607,False,0.14035087719298245,60,0.2,0.1169736842105263,0.03511280840650268,0.29850746268656714,False,0.06140350877192982
YFM,38,73,114,4,4,0.08771929824561403,0.2,0.1020175438596491,0.030505094255900964,0.746268656716418,False,0.12280701754385964,75,0.8,0.11600877192982456,0.034793768923172416,0.44776119402985076,False,0.03508771929824561
YFM,38,74,114,4,4,0.10526315789473684,0.2,0.10333333333333332,0.03206064385760841,0.4925373134328358,False,0.13157894736842105,60,0.5,0.1195175438596491,0.03399558247356436,0.373134328358209,False,0.02631578947368421
YFM,38,75,114,4,4,0.08771929824561403,0.2,0.10350877192982455,0.030259340577244605,0.7512437810945274,False,0.14035087719298245,60,0.2,0.11745614035087719,0.034010962383056675,0.26865671641791045,False,0.05263157894736842
YFM,38,76,114,4,4,0.07894736842105263,0.2,0.1044298245614035,0.031135989130219238,0.8258706467661692,False,0.14035087719298245,60,0.2,0.1164473684210526,0.03497665464521063,0.26865671641791045,False,0.06140350877192982
YFM,38,77,114,4,4,0.07017543859649122,0.5,0.1050877192982456,0.030487977538566257,0.9154228855721394,False,0.14035087719298245,60,0.2,0.11578947368421051,0.03467758180975391,0.26865671641791045,False,0.07017543859649122
YFM,38,78,114,4,4,0.07017543859649122,0.8,0.10521929824561402,0.03168868133377007,0.8805970149253731,False,0.13157894736842105,60,0.2,0.11653508771929824,0.03493727666004077,0.3383084577114428,False,0.06140350877192982
YFM,38,79,114,4,4,0.06140350877192982,0.2,0.10412280701754387,0.03232667995762343,0.9303482587064676,False,0.14035087719298245,60,0.2,0.1219736842105263,0.03323828070198528,0.31343283582089554,False,0.07894736842105263
YFM,38,80,114,4,4,0.05263157894736842,0.2,0.10333333333333332,0.03434324369741537,0.9751243781094527,False,0.14035087719298245,60,0.2,0.1162280701754386,0.03416930358737597,0.263681592039801,False,0.08771929824561403
YFM,38,81,114,4,4,0.09649122807017543,0.2,0.10561403508771929,0.030473769705908007,0.6666666666666666,False,0.14035087719298245,75,0.5,0.11877192982456139,0.035719430225714485,0.2835820895522388,False,0.043859649122807015
YFM,38,82,114,4,4,0.08771929824561403,0.2,0.10399122807017544,0.03386978030862901,0.7064676616915423,False,0.13157894736842105,60,0.8,0.11714912280701753,0.03496515554953085,0.3383084577114428,False,0.043859649122807015
YFM,38,83,114,4,4,0.14035087719298245,0.2,0.10307017543859649,0.03166735106003749,0.14925373134328357,False,0.14035087719298245,60,0.8,0.11679824561403507,0.03467287046774322,0.2537313432835821,False,0.0
YFM,38,84,114,4,4,0.06140350877192982,0.2,0.10416666666666669,0.032950157551445716,0.9502487562189055,False,0.14035087719298245,60,0.8,0.11640350877192981,0.03544635111287287,0.24875621890547264,False,0.07894736842105263
YFM,38,85,114,4,4,0.10526315789473684,0.2,0.09903508771929824,0.031945016454456535,0.4129353233830846,False,0.13157894736842105,60,0.5,0.1175877192982456,0.035515960910781554,0.3681592039800995,False,0.02631578947368421
YFM,38,86,114,4,4,0.11403508771929824,0.5,0.1068859649122807,0.034071022391489535,0.48756218905472637,False,0.14035087719298245,60,0.2,0.11964912280701753,0.036460834086082645,0.31840796019900497,False,0.02631578947368421
YFM,38,87,114,4,4,0.06140350877192982,0.2,0.10302631578947366,0.03410414494843445,0.9154228855721394,False,0.11403508771929824,60,0.2,0.11907894736842106,0.03388165116581894,0.5970149253731343,False,0.05263157894736842
YFM,38,88,114,4,4,0.07017543859649122,0.2,0.10456140350877191,0.03657011390727888,0.8507462686567164,False,0.13157894736842105,60,0.2,0.11811403508771928,0.034575713137078336,0.40298507462686567,False,0.06140350877192982
YFM,38,89,114,4,4,0.14035087719298245,0.8,0.10657894736842105,0.03245131501380266,0.17412935323383086,False,0.14035087719298245,75,0.2,0.11649122807017542,0.03483511292412638,0.2885572139303483,False,0.0
YFM,38,90,114,4,4,0.09649122807017543,0.5,0.10425438596491228,0.03169697764659693,0.6218905472636815,False,0.14035087719298245,60,0.5,0.12083333333333332,0.03570424476774341,0.3034825870646766,False,0.043859649122807015
YFM,38,91,114,4,4,0.13157894736842105,0.5,0.10364035087719298,0.030311399874766772,0.22388059701492538,False,0.15789473684210525,60,0.2,0.1231140350877193,0.034097114767384015,0.18407960199004975,False,0.02631578947368421
YFM,38,92,114,4,4,0.11403508771929824,0.5,0.10697368421052632,0.031788580734421944,0.44776119402985076,False,0.12280701754385964,60,0.5,0.11868421052631578,0.033989582138159585,0.4626865671641791,False,0.008771929824561403
YFM,38,93,114,4,4,0.06140350877192982,0.8,0.1075438596491228,0.030907172898057233,0.9651741293532339,False,0.13157894736842105,60,0.5,0.11675438596491228,0.03628383121766098,0.3681592039800995,False,0.07017543859649122
YFM,38,94,114,4,4,0.06140350877192982,0.2,0.10333333333333333,0.031031029821923774,0.9601990049751243,False,0.14035087719298245,60,0.2,0.11925438596491227,0.039091991228799,0.30845771144278605,False,0.07894736842105263
YFM,39,40,114,4,4,0.09649122807017543,0.2,0.10548245614035087,0.030188176836058567,0.6169154228855721,False,0.18421052631578946,90,0.2,0.11548245614035087,0.031910955389011716,0.03980099502487562,True,0.08771929824561403
YFM,39,41,114,4,4,0.24561403508771928,0.5,0.10583333333333332,0.032645282358510275,0.004975124378109453,True,0.24561403508771928,900,0.5,0.10583333333333332,0.032645282358510275,0.004975124378109453,True,0.0
YFM,39,42,114,4,4,0.14035087719298245,0.2,0.10890350877192984,0.033082963780276066,0.21890547263681592,False,0.17543859649122806,225,0.5,0.10789473684210525,0.033032931378381106,0.03482587064676617,True,0.03508771929824561
YFM,39,43,114,4,4,0.11403508771929824,0.2,0.10596491228070175,0.03290814913614103,0.4228855721393035,False,0.18421052631578946,225,0.8,0.10539473684210526,0.033870693599197976,0.01990049751243781,True,0.07017543859649122
YFM,39,44,114,4,4,0.10526315789473684,0.2,0.10763157894736841,0.031372442828132716,0.572139303482587,False,0.21052631578947367,450,0.2,0.11035087719298246,0.033060544825510345,0.004975124378109453,True,0.10526315789473684
YFM,39,45,114,4,4,0.10526315789473684,0.2,0.10583333333333332,0.032276014315329664,0.5422885572139303,False,0.18421052631578946,450,0.2,0.10736842105263157,0.032859703934525836,0.01990049751243781,True,0.07894736842105263
YFM,39,46,114,4,4,0.13157894736842105,0.2,0.10644736842105262,0.03292362597549514,0.25870646766169153,False,0.18421052631578946,60,0.2,0.12179824561403507,0.035353151672235766,0.04975124378109453,True,0.05263157894736842
YFM,39,47,114,4,4,0.12280701754385964,0.2,0.10442982456140351,0.03262774778699336,0.26865671641791045,False,0.16666666666666666,225,0.8,0.10938596491228068,0.032536516700366724,0.06965174129353234,False,0.043859649122807015
YFM,39,48,114,4,4,0.12280701754385964,0.2,0.10478070175438596,0.029746378900554787,0.3383084577114428,False,0.17543859649122806,60,0.5,0.1225,0.03233944605803482,0.07462686567164178,False,0.05263157894736842
YFM,39,49,114,4,4,0.10526315789473684,0.2,0.10206140350877192,0.03278828760518641,0.5124378109452736,False,0.18421052631578946,75,0.8,0.11736842105263155,0.033458147793644706,0.03482587064676617,True,0.07894736842105263
YFM,39,50,114,4,4,0.08771929824561403,0.5,0.10956140350877192,0.03379655129257576,0.8109452736318408,False,0.15789473684210525,100,0.2,0.11767543859649121,0.03463604976920227,0.14925373134328357,False,0.07017543859649122
YFM,39,62,114,4,4,0.07894736842105263,0.8,0.10675438596491228,0.0322883813103772,0.8557213930348259,False,0.17543859649122806,90,0.2,0.11421052631578946,0.035828812954775635,0.06965174129353234,False,0.09649122807017543
YFM,39,63,114,4,4,0.09649122807017543,0.2,0.10535087719298247,0.03377366149639049,0.6417910447761194,False,0.19298245614035087,450,0.5,0.10653508771929826,0.03546475445676546,0.029850746268656716,True,0.09649122807017543
YFM,39,64,114,4,4,0.10526315789473684,0.2,0.10491228070175439,0.030295609604300253,0.5572139303482587,False,0.18421052631578946,225,0.8,0.10618421052631578,0.03375542439608954,0.014925373134328358,True,0.07894736842105263
YFM,39,65,114,4,4,0.11403508771929824,0.8,0.10587719298245613,0.030923057270970594,0.4626865671641791,False,0.20175438596491227,150,0.2,0.11495614035087719,0.03399512750893777,0.024875621890547265,True,0.08771929824561403
YFM,39,66,114,4,4,0.07017543859649122,0.8,0.10320175438596489,0.032762333079950086,0.8855721393034826,False,0.20175438596491227,100,0.2,0.11894736842105263,0.03231866493481698,0.014925373134328358,True,0.13157894736842105
YFM,39,67,114,4,4,0.09649122807017543,0.5,0.10464912280701753,0.028772591017704675,0.6368159203980099,False,0.16666666666666666,100,0.5,0.11649122807017542,0.03460122937480425,0.11940298507462686,False,0.07017543859649122
YFM,39,68,114,4,4,0.14912280701754385,0.8,0.10491228070175439,0.030789348727691655,0.11940298507462686,False,0.18421052631578946,225,0.2,0.1081578947368421,0.03234820302028621,0.029850746268656716,True,0.03508771929824561
YFM,39,69,114,4,4,0.09649122807017543,0.2,0.1056140350877193,0.028977874441544853,0.6965174129353234,False,0.23684210526315788,225,0.2,0.10969298245614034,0.03291563883807605,0.004975124378109453,True,0.14035087719298245
YFM,39,70,114,4,4,0.08771929824561403,0.2,0.10614035087719298,0.03061504613347456,0.7562189054726368,False,0.15789473684210525,60,0.8,0.1195175438596491,0.03393866462781908,0.1691542288557214,False,0.07017543859649122
YFM,39,71,114,4,4,0.13157894736842105,0.5,0.10565789473684209,0.030441492044355683,0.23880597014925373,False,0.17543859649122806,100,0.2,0.11535087719298245,0.03204363405332102,0.04975124378109453,True,0.043859649122807015
YFM,39,72,114,4,4,0.11403508771929824,0.8,0.1042543859649123,0.031562504902727884,0.40298507462686567,False,0.16666666666666666,225,0.8,0.10614035087719298,0.033242962729565076,0.06467661691542288,False,0.05263157894736842
YFM,39,73,114,4,4,0.13157894736842105,0.2,0.10635964912280702,0.028724541031050467,0.22885572139303484,False,0.15789473684210525,225,0.5,0.1118421052631579,0.03463016040714275,0.13432835820895522,False,0.02631578947368421
YFM,39,74,114,4,4,0.14912280701754385,0.2,0.10723684210526314,0.03199155325406928,0.13930348258706468,False,0.19298245614035087,225,0.8,0.11052631578947368,0.034001979768891646,0.024875621890547265,True,0.043859649122807015
YFM,39,75,114,4,4,0.13157894736842105,0.5,0.10311403508771928,0.03182262089877846,0.21393034825870647,False,0.19298245614035087,225,0.8,0.1055701754385965,0.03364044987037854,0.009950248756218905,True,0.06140350877192982
YFM,39,76,114,4,4,0.10526315789473684,0.2,0.10552631578947366,0.03126379420430509,0.5472636815920398,False,0.19298245614035087,225,0.8,0.1057017543859649,0.03362173799897646,0.009950248756218905,True,0.08771929824561403
YFM,39,77,114,4,4,0.11403508771929824,0.5,0.10504385964912281,0.030455968854626238,0.4427860696517413,False,0.18421052631578946,225,0.8,0.10592105263157896,0.03326549121914062,0.014925373134328358,True,0.07017543859649122
YFM,39,78,114,4,4,0.10526315789473684,0.2,0.10394736842105262,0.030332727602650916,0.5522388059701493,False,0.18421052631578946,225,0.8,0.10653508771929823,0.033617683825131466,0.029850746268656716,True,0.07894736842105263
YFM,39,79,114,4,4,0.09649122807017543,0.2,0.10574561403508773,0.03207315417598262,0.6318407960199005,False,0.17543859649122806,450,0.8,0.10951754385964911,0.03429612102513617,0.05472636815920398,False,0.07894736842105263
YFM,39,80,114,4,4,0.14912280701754385,0.2,0.10513157894736842,0.028515671318079326,0.0845771144278607,False,0.16666666666666666,225,0.8,0.10543859649122807,0.03371602497106453,0.06467661691542288,False,0.017543859649122806
YFM,39,81,114,4,4,0.18421052631578946,0.2,0.10719298245614034,0.03275268337302345,0.014925373134328358,True,0.21052631578947367,225,0.8,0.11166666666666666,0.033320919007699665,0.014925373134328358,True,0.02631578947368421
YFM,39,82,114,4,4,0.15789473684210525,0.2,0.10364035087719298,0.03361400301693739,0.08955223880597014,False,0.19298245614035087,60,0.2,0.12114035087719298,0.03726172954094053,0.06467661691542288,False,0.03508771929824561
YFM,39,83,114,4,4,0.16666666666666666,0.2,0.10513157894736841,0.03255513969177383,0.04975124378109453,True,0.17543859649122806,225,0.2,0.10912280701754386,0.03250952860870872,0.029850746268656716,True,0.008771929824561403
YFM,39,84,114,4,4,0.06140350877192982,0.2,0.10425438596491228,0.032894251957988487,0.9800995024875622,False,0.21052631578947367,225,0.5,0.11017543859649123,0.03438240234006647,0.004975124378109453,True,0.14912280701754385
YFM,39,85,114,4,4,0.10526315789473684,0.8,0.1056140350877193,0.032583187726144144,0.5223880597014925,False,0.19298245614035087,225,0.2,0.11149122807017543,0.03551043525937036,0.024875621890547265,True,0.08771929824561403
YFM,39,86,114,4,4,0.15789473684210525,0.2,0.10504385964912281,0.029917987941977694,0.05472636815920398,False,0.17543859649122806,90,0.2,0.11859649122807017,0.03679778865502454,0.10945273631840796,False,0.017543859649122806
YFM,39,87,114,4,4,0.11403508771929824,0.2,0.10429824561403507,0.03168004720209716,0.40298507462686567,False,0.20175438596491227,60,0.2,0.1194298245614035,0.03485195298809421,0.014925373134328358,True,0.08771929824561403
YFM,39,88,114,4,4,0.16666666666666666,0.5,0.10771929824561405,0.031879223195874606,0.03980099502487562,True,0.21052631578947367,300,0.2,0.10991228070175438,0.03043656963069716,0.009950248756218905,True,0.043859649122807015
YFM,39,89,114,4,4,0.16666666666666666,0.8,0.10574561403508773,0.030287408176881227,0.03980099502487562,True,0.21929824561403508,75,0.5,0.12,0.03271251949720989,0.014925373134328358,True,0.05263157894736842
YFM,39,90,114,4,4,0.07017543859649122,0.2,0.10657894736842105,0.03182568880248685,0.900497512437811,False,0.16666666666666666,225,0.8,0.10877192982456141,0.03383097124251833,0.07960199004975124,False,0.09649122807017543
YFM,39,91,114,4,4,0.15789473684210525,0.5,0.10491228070175439,0.032380819029267933,0.07462686567164178,False,0.20175438596491227,60,0.5,0.12013157894736842,0.037734082667057293,0.024875621890547265,True,0.043859649122807015
YFM,39,92,114,4,4,0.15789473684210525,0.8,0.10618421052631578,0.03030272421932347,0.05970149253731343,False,0.19298245614035087,225,0.5,0.10986842105263157,0.03392157065084658,0.014925373134328358,True,0.03508771929824561
YFM,39,93,114,4,4,0.13157894736842105,0.8,0.10837719298245613,0.032631302853418066,0.2736318407960199,False,0.19298245614035087,180,0.8,0.11644736842105263,0.03216633061914634,0.024875621890547265,True,0.06140350877192982
YFM,39,94,114,4,4,0.08771929824561403,0.5,0.10921052631578947,0.03249894125849217,0.7711442786069652,False,0.22807017543859648,180,0.2,0.11464912280701753,0.03349222282366164,0.004975124378109453,True,0.14035087719298245
YFM,40,41,114,4,4,0.14035087719298245,0.5,0.10285087719298244,0.033577863681841756,0.14427860696517414,False,0.15789473684210525,60,0.5,0.11960526315789473,0.036185522885804955,0.1691542288557214,False,0.017543859649122806
YFM,40,42,114,4,4,0.08771929824561403,0.2,0.10609649122807017,0.032150218625585494,0.7711442786069652,False,0.13157894736842105,180,0.8,0.11171052631578947,0.03359559292680407,0.31840796019900497,False,0.043859649122807015
YFM,40,43,114,4,4,0.09649122807017543,0.2,0.10307017543859649,0.03025614579915649,0.6318407960199005,False,0.14912280701754385,180,0.8,0.10811403508771927,0.03354329928373094,0.15422885572139303,False,0.05263157894736842
YFM,40,44,114,4,4,0.11403508771929824,0.2,0.105,0.03163265486855584,0.417910447761194,False,0.16666666666666666,90,0.2,0.11802631578947369,0.033702690379887566,0.10945273631840796,False,0.05263157894736842
YFM,40,45,114,4,4,0.09649122807017543,0.2,0.1062719298245614,0.03284719889241332,0.6417910447761194,False,0.12280701754385964,150,0.2,0.11144736842105264,0.034271534089035875,0.39800995024875624,False,0.02631578947368421
YFM,40,46,114,4,4,0.08771929824561403,0.2,0.10530701754385965,0.02955467890137189,0.7562189054726368,False,0.14035087719298245,450,0.2,0.10675438596491228,0.032503224197527436,0.1890547263681592,False,0.05263157894736842
YFM,40,47,114,4,4,0.10526315789473684,0.2,0.10649122807017543,0.030208695581567073,0.572139303482587,False,0.14912280701754385,180,0.8,0.10859649122807018,0.033619552831260544,0.14925373134328357,False,0.043859649122807015
YFM,40,48,114,4,4,0.07894736842105263,0.8,0.10245614035087719,0.03292459487139902,0.8109452736318408,False,0.17543859649122806,300,0.2,0.10828947368421052,0.03030527614050508,0.01990049751243781,True,0.09649122807017543
YFM,40,49,114,4,4,0.09649122807017543,0.8,0.10504385964912279,0.03165132101544668,0.6567164179104478,False,0.16666666666666666,225,0.5,0.11219298245614034,0.033871977872397575,0.07462686567164178,False,0.07017543859649122
YFM,40,50,114,4,4,0.11403508771929824,0.8,0.10513157894736841,0.031122077128844194,0.43283582089552236,False,0.16666666666666666,60,0.2,0.11991228070175439,0.0368833285323534,0.13432835820895522,False,0.05263157894736842
YFM,40,62,114,4,4,0.10526315789473684,0.8,0.10438596491228068,0.03247811336998897,0.5522388059701493,False,0.15789473684210525,180,0.5,0.11030701754385965,0.032956024483618,0.07960199004975124,False,0.05263157894736842
YFM,40,63,114,4,4,0.12280701754385964,0.2,0.10039473684210526,0.032223499131684895,0.29850746268656714,False,0.15789473684210525,60,0.5,0.12004385964912281,0.03648773434709252,0.17412935323383086,False,0.03508771929824561
YFM,40,64,114,4,4,0.10526315789473684,0.5,0.10364035087719298,0.02880707429485391,0.5174129353233831,False,0.14912280701754385,180,0.8,0.10925438596491226,0.033321934371523726,0.14427860696517414,False,0.043859649122807015
YFM,40,65,114,4,4,0.11403508771929824,0.2,0.10793859649122807,0.03392453422395418,0.47761194029850745,False,0.17543859649122806,180,0.2,0.11127192982456141,0.0336772109433033,0.03980099502487562,True,0.06140350877192982
YFM,40,66,114,4,4,0.07894736842105263,0.8,0.10245614035087719,0.031162832899521174,0.8208955223880597,False,0.16666666666666666,60,0.2,0.11916666666666664,0.033315899754867956,0.11442786069651742,False,0.08771929824561403
YFM,40,67,114,4,4,0.09649122807017543,0.5,0.10732456140350877,0.03317283777163116,0.681592039800995,False,0.14912280701754385,180,0.2,0.11289473684210526,0.033001428551689506,0.1691542288557214,False,0.05263157894736842
YFM,40,68,114,4,4,0.07894736842105263,0.8,0.10429824561403508,0.03142268881776803,0.8606965174129353,False,0.16666666666666666,180,0.8,0.11026315789473685,0.0331557279800224,0.06965174129353234,False,0.08771929824561403
YFM,40,69,114,4,4,0.11403508771929824,0.2,0.10600877192982455,0.03259431120930693,0.4427860696517413,False,0.14912280701754385,180,0.8,0.11030701754385965,0.03382454160406171,0.16417910447761194,False,0.03508771929824561
YFM,40,70,114,4,4,0.08771929824561403,0.5,0.10596491228070175,0.031058431174931407,0.7512437810945274,False,0.14912280701754385,90,0.5,0.11640350877192981,0.035260418684781865,0.20398009950248755,False,0.06140350877192982
YFM,40,71,114,4,4,0.10526315789473684,0.5,0.10416666666666666,0.031632991017664695,0.5323383084577115,False,0.14912280701754385,180,0.8,0.10912280701754387,0.03294666623105824,0.14925373134328357,False,0.043859649122807015
YFM,40,72,114,4,4,0.10526315789473684,0.2,0.10258771929824562,0.030172290040330105,0.5223880597014925,False,0.14912280701754385,180,0.8,0.10842105263157893,0.03325505733879734,0.14427860696517414,False,0.043859649122807015
YFM,40,73,114,4,4,0.08771929824561403,0.8,0.10350877192982455,0.03285687968229516,0.6865671641791045,False,0.14912280701754385,450,0.8,0.10587719298245613,0.0346721177088224,0.16417910447761194,False,0.06140350877192982
YFM,40,74,114,4,4,0.16666666666666666,0.2,0.10798245614035087,0.03239932266291034,0.04477611940298507,True,0.16666666666666666,900,0.2,0.10798245614035087,0.03239932266291034,0.04477611940298507,True,0.0
YFM,40,75,114,4,4,0.12280701754385964,0.2,0.10539473684210526,0.030519889305816304,0.32338308457711445,False,0.14912280701754385,180,0.8,0.10894736842105263,0.033640248722816554,0.15422885572139303,False,0.02631578947368421
YFM,40,76,114,4,4,0.09649122807017543,0.2,0.10394736842105262,0.029844390833737095,0.6666666666666666,False,0.14912280701754385,180,0.8,0.10890350877192984,0.03304788177612379,0.14925373134328357,False,0.05263157894736842
YFM,40,77,114,4,4,0.10526315789473684,0.2,0.10456140350877191,0.028743683225071284,0.5472636815920398,False,0.14912280701754385,180,0.8,0.10859649122807018,0.03320292609685303,0.15422885572139303,False,0.043859649122807015
YFM,40,78,114,4,4,0.10526315789473684,0.8,0.10346491228070175,0.029734677683066455,0.5124378109452736,False,0.14912280701754385,180,0.8,0.10855263157894736,0.03322478346584948,0.14427860696517414,False,0.043859649122807015
YFM,40,79,114,4,4,0.13157894736842105,0.2,0.1055701754385965,0.0313560153907295,0.2537313432835821,False,0.15789473684210525,180,0.2,0.11416666666666668,0.0333646096952171,0.12437810945273632,False,0.02631578947368421
YFM,40,80,114,4,4,0.10526315789473684,0.5,0.1037719298245614,0.02891469066731402,0.5621890547263682,False,0.14912280701754385,180,0.8,0.10890350877192984,0.033350699828861366,0.13930348258706468,False,0.043859649122807015
YFM,40,81,114,4,4,0.13157894736842105,0.2,0.10578947368421052,0.03160489495948971,0.25870646766169153,False,0.20175438596491227,75,0.2,0.11754385964912281,0.03541677669603075,0.01990049751243781,True,0.07017543859649122
YFM,40,82,114,4,4,0.12280701754385964,0.5,0.10618421052631578,0.03380121318766514,0.3034825870646766,False,0.14035087719298245,180,0.2,0.11057017543859649,0.03427266231613609,0.20398009950248755,False,0.017543859649122806
YFM,40,83,114,4,4,0.12280701754385964,0.2,0.10320175438596489,0.033647345630838876,0.31343283582089554,False,0.13157894736842105,180,0.8,0.11087719298245613,0.034002434641832564,0.3034825870646766,False,0.008771929824561403
YFM,40,84,114,4,4,0.09649122807017543,0.5,0.1056140350877193,0.03306615829780235,0.6467661691542289,False,0.14035087719298245,180,0.2,0.1094736842105263,0.03501005245337724,0.1791044776119403,False,0.043859649122807015
YFM,40,85,114,4,4,0.08771929824561403,0.8,0.10421052631578948,0.03021535077611235,0.7711442786069652,False,0.14912280701754385,180,0.8,0.10899122807017544,0.03426747216390698,0.15422885572139303,False,0.06140350877192982
YFM,40,86,114,4,4,0.09649122807017543,0.2,0.10368421052631578,0.03169188421190176,0.6268656716417911,False,0.16666666666666666,225,0.2,0.1125,0.034357623929775476,0.07960199004975124,False,0.07017543859649122
YFM,40,87,114,4,4,0.08771929824561403,0.2,0.1019298245614035,0.032293769802147224,0.6865671641791045,False,0.13157894736842105,60,0.2,0.11574561403508771,0.03447289849992916,0.373134328358209,False,0.043859649122807015
YFM,40,88,114,4,4,0.13157894736842105,0.2,0.10285087719298247,0.02978197430329145,0.18407960199004975,False,0.14035087719298245,180,0.8,0.10973684210526315,0.032997679001839475,0.21890547263681592,False,0.008771929824561403
YFM,40,89,114,4,4,0.08771929824561403,0.2,0.10671052631578945,0.03346066129008445,0.7611940298507462,False,0.16666666666666666,60,0.2,0.11666666666666665,0.03653457031745605,0.12437810945273632,False,0.07894736842105263
YFM,40,90,114,4,4,0.08771929824561403,0.5,0.10583333333333332,0.03548306652663734,0.7114427860696517,False,0.15789473684210525,60,0.2,0.11671052631578947,0.03515594948587904,0.14427860696517414,False,0.07017543859649122
YFM,40,91,114,4,4,0.10526315789473684,0.5,0.10596491228070175,0.033351656317884275,0.5124378109452736,False,0.16666666666666666,150,0.8,0.11219298245614034,0.03674131795742651,0.09950248756218906,False,0.06140350877192982
YFM,40,92,114,4,4,0.14912280701754385,0.2,0.10605263157894736,0.03239693569113415,0.1044776119402985,False,0.14912280701754385,60,0.2,0.11692982456140351,0.03812059846804128,0.22388059701492538,False,0.0
YFM,40,93,114,4,4,0.07894736842105263,0.2,0.10657894736842106,0.03159400446228449,0.8706467661691543,False,0.18421052631578946,180,0.2,0.10982456140350877,0.034710571147744014,0.04477611940298507,True,0.10526315789473684
YFM,40,94,114,4,4,0.07017543859649122,0.2,0.10864035087719298,0.0334941565522736,0.8905472636815921,False,0.14912280701754385,180,0.8,0.1119736842105263,0.035710092339598404,0.17412935323383086,False,0.07894736842105263
YFM,41,42,114,4,4,0.12280701754385964,0.5,0.1062280701754386,0.03308895323615247,0.3283582089552239,False,0.19298245614035087,300,0.8,0.10973684210526315,0.03485541986580656,0.03980099502487562,True,0.07017543859649122
YFM,41,43,114,4,4,0.17543859649122806,0.2,0.10407894736842106,0.032259237935886066,0.03482587064676617,True,0.23684210526315788,100,0.2,0.11100877192982456,0.03342389341796448,0.004975124378109453,True,0.06140350877192982
YFM,41,44,114,4,4,0.14035087719298245,0.2,0.10333333333333332,0.02964171695545233,0.13432835820895522,False,0.20175438596491227,150,0.5,0.11162280701754385,0.03489918381243408,0.009950248756218905,True,0.06140350877192982
YFM,41,45,114,4,4,0.15789473684210525,0.2,0.1037280701754386,0.03162687865762161,0.07960199004975124,False,0.18421052631578946,180,0.8,0.11368421052631579,0.035697773421471964,0.04975124378109453,True,0.02631578947368421
YFM,41,46,114,4,4,0.14912280701754385,0.2,0.10328947368421053,0.03560664385532177,0.16417910447761194,False,0.20175438596491227,100,0.8,0.11517543859649124,0.035507386256018375,0.014925373134328358,True,0.05263157894736842
YFM,41,47,114,4,4,0.16666666666666666,0.8,0.10171052631578947,0.03265736151544271,0.05970149253731343,False,0.23684210526315788,100,0.5,0.11460526315789472,0.035132624663563164,0.004975124378109453,True,0.07017543859649122
YFM,41,48,114,4,4,0.12280701754385964,0.2,0.1,0.033601606081000795,0.27860696517412936,False,0.20175438596491227,150,0.8,0.11333333333333333,0.03623018819725324,0.024875621890547265,True,0.07894736842105263
YFM,41,49,114,4,4,0.14912280701754385,0.5,0.10254385964912278,0.030391818545492645,0.10945273631840796,False,0.18421052631578946,75,0.2,0.11995614035087719,0.034069433514713095,0.05970149253731343,False,0.03508771929824561
YFM,41,50,114,4,4,0.15789473684210525,0.2,0.10166666666666668,0.031205363170898257,0.05970149253731343,False,0.19298245614035087,100,0.8,0.11526315789473683,0.03193835848107713,0.029850746268656716,True,0.03508771929824561
YFM,41,62,114,4,4,0.16666666666666666,0.5,0.10552631578947366,0.029820542069349275,0.05472636815920398,False,0.21052631578947367,100,0.5,0.11605263157894737,0.034326914412321316,0.004975124378109453,True,0.043859649122807015
YFM,41,63,114,4,4,0.17543859649122806,0.2,0.10210526315789474,0.0321915945652683,0.029850746268656716,True,0.24561403508771928,100,0.8,0.11403508771929824,0.034453853139856834,0.004975124378109453,True,0.07017543859649122
YFM,41,64,114,4,4,0.16666666666666666,0.2,0.10254385964912281,0.03094655617800996,0.04477611940298507,True,0.22807017543859648,100,0.2,0.1119736842105263,0.0339334233903363,0.004975124378109453,True,0.06140350877192982
YFM,41,65,114,4,4,0.14035087719298245,0.2,0.10837719298245613,0.03299659506820343,0.1890547263681592,False,0.21052631578947367,100,0.8,0.11486842105263158,0.034482991920161736,0.01990049751243781,True,0.07017543859649122
YFM,41,66,114,4,4,0.07894736842105263,0.8,0.10486842105263157,0.03408486518272783,0.7960199004975125,False,0.18421052631578946,100,0.2,0.11267543859649123,0.0351768406658794,0.03980099502487562,True,0.10526315789473684
YFM,41,67,114,4,4,0.09649122807017543,0.8,0.10583333333333332,0.032846021702145484,0.6467661691542289,False,0.17543859649122806,60,0.2,0.1181140350877193,0.03203310395909393,0.05970149253731343,False,0.07894736842105263
YFM,41,68,114,4,4,0.17543859649122806,0.8,0.10298245614035087,0.03009584602207545,0.029850746268656716,True,0.22807017543859648,100,0.2,0.11206140350877192,0.03478265403444152,0.004975124378109453,True,0.05263157894736842
YFM,41,69,114,4,4,0.18421052631578946,0.5,0.1025,0.030305020958057056,0.009950248756218905,True,0.24561403508771928,100,0.5,0.11219298245614034,0.033261451748479144,0.004975124378109453,True,0.06140350877192982
YFM,41,70,114,4,4,0.14035087719298245,0.2,0.10649122807017543,0.030766735178051733,0.17412935323383086,False,0.20175438596491227,150,0.5,0.1150877192982456,0.0331213067676505,0.01990049751243781,True,0.06140350877192982
YFM,41,71,114,4,4,0.17543859649122806,0.8,0.1004824561403509,0.03230858352057418,0.01990049751243781,True,0.22807017543859648,100,0.8,0.11394736842105263,0.035087609097949134,0.004975124378109453,True,0.05263157894736842
YFM,41,72,114,4,4,0.16666666666666666,0.2,0.10342105263157894,0.031787273108626654,0.04477611940298507,True,0.22807017543859648,100,0.8,0.11241228070175438,0.034622650715612394,0.004975124378109453,True,0.06140350877192982
YFM,41,73,114,4,4,0.09649122807017543,0.5,0.10263157894736841,0.030195380791974518,0.6318407960199005,False,0.18421052631578946,150,0.8,0.11342105263157894,0.03818546014438249,0.05472636815920398,False,0.08771929824561403
YFM,41,74,114,4,4,0.17543859649122806,0.8,0.10364035087719298,0.030666501592994024,0.009950248756218905,True,0.19298245614035087,180,0.8,0.1124561403508772,0.03461910468176444,0.024875621890547265,True,0.017543859649122806
YFM,41,75,114,4,4,0.20175438596491227,0.2,0.10293859649122807,0.03387069359919798,0.014925373134328358,True,0.2543859649122807,100,0.2,0.11333333333333334,0.03325877787217276,0.004975124378109453,True,0.052631578947368446
YFM,41,76,114,4,4,0.16666666666666666,0.2,0.10276315789473683,0.02935619580032887,0.03482587064676617,True,0.21929824561403508,100,0.2,0.11149122807017543,0.03376908167529852,0.004975124378109453,True,0.05263157894736842
YFM,41,77,114,4,4,0.18421052631578946,0.2,0.10271929824561404,0.03054664157866877,0.024875621890547265,True,0.22807017543859648,100,0.2,0.11171052631578948,0.034267923512697966,0.004975124378109453,True,0.043859649122807015
YFM,41,78,114,4,4,0.14912280701754385,0.5,0.10276315789473683,0.03180900920437428,0.1044776119402985,False,0.22807017543859648,100,0.5,0.1125438596491228,0.034678808326326846,0.004975124378109453,True,0.07894736842105263
YFM,41,79,114,4,4,0.14912280701754385,0.2,0.10342105263157894,0.03310998078862818,0.10945273631840796,False,0.21929824561403508,180,0.5,0.1100438596491228,0.030964137436145015,0.004975124378109453,True,0.07017543859649122
YFM,41,80,114,4,4,0.16666666666666666,0.5,0.1025,0.03059707472710476,0.04477611940298507,True,0.23684210526315788,100,0.8,0.11127192982456141,0.03293419420835766,0.004975124378109453,True,0.07017543859649122
YFM,41,81,114,4,4,0.14912280701754385,0.8,0.1055701754385965,0.03380098439800235,0.14427860696517414,False,0.23684210526315788,100,0.2,0.11289473684210526,0.03331627695043211,0.004975124378109453,True,0.08771929824561403
YFM,41,82,114,4,4,0.13157894736842105,0.8,0.10114035087719297,0.02993701282868815,0.1890547263681592,False,0.22807017543859648,180,0.8,0.11223684210526315,0.03218267484239784,0.004975124378109453,True,0.09649122807017543
YFM,41,83,114,4,4,0.15789473684210525,0.8,0.10486842105263157,0.03173501527699655,0.06965174129353234,False,0.23684210526315788,100,0.8,0.11109649122807017,0.034355823212782514,0.004975124378109453,True,0.07894736842105263
YFM,41,84,114,4,4,0.14035087719298245,0.8,0.10381578947368421,0.028829883759188626,0.12935323383084577,False,0.24561403508771928,225,0.2,0.11157894736842104,0.03359193847480667,0.004975124378109453,True,0.10526315789473684
YFM,41,85,114,4,4,0.15789473684210525,0.2,0.10267543859649124,0.03211652568249615,0.06965174129353234,False,0.22807017543859648,100,0.8,0.1119736842105263,0.03347452546353895,0.004975124378109453,True,0.07017543859649122
YFM,41,86,114,4,4,0.17543859649122806,0.2,0.103859649122807,0.03114645008953961,0.03980099502487562,True,0.2807017543859649,100,0.5,0.11421052631578947,0.03264389059990283,0.004975124378109453,True,0.10526315789473684
YFM,41,87,114,4,4,0.10526315789473684,0.2,0.10592105263157894,0.03332355888929121,0.5572139303482587,False,0.21052631578947367,225,0.5,0.11100877192982456,0.033039924676563914,0.009950248756218905,True,0.10526315789473684
YFM,41,88,114,4,4,0.14912280701754385,0.8,0.10324561403508771,0.03332091900769966,0.12437810945273632,False,0.22807017543859648,100,0.8,0.1143859649122807,0.03387483163851974,0.004975124378109453,True,0.07894736842105263
YFM,41,89,114,4,4,0.14912280701754385,0.8,0.1062719298245614,0.030868835426114374,0.11442786069651742,False,0.21052631578947367,100,0.2,0.11469298245614035,0.03340468404946128,0.004975124378109453,True,0.06140350877192982
YFM,41,90,114,4,4,0.14035087719298245,0.8,0.10052631578947366,0.033897653118423896,0.15422885572139303,False,0.21929824561403508,300,0.2,0.11,0.03355370115133298,0.004975124378109453,True,0.07894736842105263
YFM,41,91,114,4,4,0.13157894736842105,0.2,0.10289473684210527,0.032522252658047555,0.22885572139303484,False,0.20175438596491227,60,0.2,0.12157894736842105,0.032383207189006065,0.024875621890547265,True,0.07017543859649122
YFM,41,92,114,4,4,0.16666666666666666,0.2,0.10328947368421051,0.03385881890029989,0.06965174129353234,False,0.23684210526315788,100,0.2,0.11583333333333332,0.035972464227985515,0.004975124378109453,True,0.07017543859649122
YFM,41,93,114,4,4,0.14035087719298245,0.8,0.1044736842105263,0.03189171374821116,0.15920398009950248,False,0.21052631578947367,100,0.8,0.11732456140350876,0.036613201190140165,0.009950248756218905,True,0.07017543859649122
YFM,41,94,114,4,4,0.10526315789473684,0.5,0.10653508771929826,0.03046815451755246,0.5870646766169154,False,0.22807017543859648,225,0.8,0.11399122807017542,0.0330972198259976,0.009950248756218905,True,0.12280701754385964
YFM,42,43,114,4,4,0.07894736842105263,0.5,0.1012719298245614,0.03126240278596162,0.8109452736318408,False,0.12280701754385964,225,0.5,0.10675438596491225,0.033116052929161865,0.35323383084577115,False,0.043859649122807015
YFM,42,44,114,4,4,0.08771929824561403,0.8,0.10587719298245613,0.030418778788850513,0.7661691542288557,False,0.17543859649122806,150,0.5,0.111359649122807,0.03185541089369173,0.04477611940298507,True,0.08771929824561403
YFM,42,45,114,4,4,0.05263157894736842,0.8,0.10692982456140349,0.03147924252353977,0.9651741293532339,False,0.15789473684210525,75,0.2,0.12026315789473684,0.032053768640687284,0.1691542288557214,False,0.10526315789473684
YFM,42,46,114,4,4,0.09649122807017543,0.8,0.10315789473684209,0.031575518734007456,0.6169154228855721,False,0.13157894736842105,90,0.2,0.11649122807017542,0.035451259605362745,0.36318407960199006,False,0.03508771929824561
YFM,42,47,114,4,4,0.06140350877192982,0.2,0.10482456140350876,0.031934847354386175,0.9651741293532339,False,0.10526315789473684,225,0.8,0.10859649122807018,0.03524780548483446,0.572139303482587,False,0.043859649122807015
YFM,42,48,114,4,4,0.05263157894736842,0.2,0.10390350877192983,0.027347569745219645,0.9751243781094527,False,0.12280701754385964,90,0.2,0.11649122807017542,0.03411732263338828,0.4577114427860697,False,0.07017543859649122
YFM,42,49,114,4,4,0.07017543859649122,0.2,0.10381578947368421,0.03086382456671154,0.900497512437811,False,0.17543859649122806,75,0.5,0.11868421052631578,0.03332323979383719,0.07462686567164178,False,0.10526315789473684
YFM,42,50,114,4,4,0.05263157894736842,0.8,0.10521929824561405,0.03133282357031785,0.9751243781094527,False,0.10526315789473684,150,0.5,0.11289473684210526,0.03475899528424669,0.6268656716417911,False,0.05263157894736842
YFM,42,62,114,4,4,0.08771929824561403,0.5,0.10495614035087719,0.03232748733107904,0.736318407960199,False,0.14035087719298245,180,0.2,0.11390350877192981,0.032791825266981725,0.25870646766169153,False,0.05263157894736842
YFM,42,63,114,4,4,0.09649122807017543,0.2,0.10324561403508771,0.03251036117539167,0.5920398009950248,False,0.14912280701754385,450,0.8,0.10754385964912279,0.034389149323498666,0.13930348258706468,False,0.05263157894736842
YFM,42,64,114,4,4,0.07017543859649122,0.2,0.10271929824561403,0.029253442392116726,0.8955223880597015,False,0.13157894736842105,225,0.5,0.10513157894736842,0.034267923512697966,0.263681592039801,False,0.06140350877192982
YFM,42,65,114,4,4,0.07017543859649122,0.2,0.10736842105263157,0.029902507165661882,0.9104477611940298,False,0.16666666666666666,90,0.5,0.11421052631578948,0.034821790467999714,0.08955223880597014,False,0.09649122807017543
YFM,42,66,114,4,4,0.05263157894736842,0.2,0.10355263157894737,0.03063647800512278,0.9800995024875622,False,0.14912280701754385,100,0.2,0.11429824561403508,0.0325721494776081,0.18407960199004975,False,0.09649122807017543
YFM,42,67,114,4,4,0.08771929824561403,0.8,0.10228070175438596,0.03213629448671798,0.7164179104477612,False,0.12280701754385964,180,0.2,0.10929824561403509,0.03264246916816325,0.3681592039800995,False,0.03508771929824561
YFM,42,68,114,4,4,0.043859649122807015,0.2,0.1019736842105263,0.03063319633447529,0.9850746268656716,False,0.13157894736842105,225,0.2,0.10517543859649123,0.03295077362840768,0.2835820895522388,False,0.08771929824561403
YFM,42,69,114,4,4,0.07017543859649122,0.2,0.10399122807017544,0.030946649887915532,0.8805970149253731,False,0.13157894736842105,225,0.2,0.10912280701754383,0.0349401817489204,0.3034825870646766,False,0.06140350877192982
YFM,42,70,114,4,4,0.07017543859649122,0.5,0.10776315789473684,0.03184545602063771,0.9104477611940298,False,0.10526315789473684,75,0.2,0.11478070175438596,0.03522824610005691,0.6467661691542289,False,0.03508771929824561
YFM,42,71,114,4,4,0.07017543859649122,0.8,0.10526315789473684,0.031780095413713495,0.8955223880597015,False,0.15789473684210525,150,0.5,0.11337719298245613,0.034542818883106466,0.14925373134328357,False,0.08771929824561403
YFM,42,72,114,4,4,0.06140350877192982,0.2,0.10039473684210524,0.029960091321399325,0.9303482587064676,False,0.09649122807017543,75,0.2,0.11434210526315787,0.03275525100379954,0.7014925373134329,False,0.03508771929824561
YFM,42,73,114,4,4,0.08771929824561403,0.8,0.09925438596491226,0.031493825493542425,0.6766169154228856,False,0.14035087719298245,450,0.8,0.10526315789473685,0.03330106968306861,0.21393034825870647,False,0.05263157894736842
YFM,42,74,114,4,4,0.08771929824561403,0.2,0.10679824561403507,0.03174890227422986,0.7761194029850746,False,0.13157894736842105,225,0.2,0.11504385964912281,0.03416282444144613,0.3383084577114428,False,0.043859649122807015
YFM,42,75,114,4,4,0.09649122807017543,0.2,0.10333333333333332,0.03175770031941408,0.6218905472636815,False,0.14035087719298245,225,0.5,0.1093421052631579,0.03676538381725389,0.263681592039801,False,0.043859649122807015
YFM,42,76,114,4,4,0.06140350877192982,0.8,0.10263157894736842,0.02953508044680925,0.9552238805970149,False,0.12280701754385964,225,0.2,0.1068859649122807,0.033900362148646244,0.3333333333333333,False,0.06140350877192982
YFM,42,77,114,4,4,0.06140350877192982,0.2,0.10442982456140351,0.03047069258394607,0.9601990049751243,False,0.12280701754385964,225,0.2,0.1062719298245614,0.03511170717541114,0.34328358208955223,False,0.06140350877192982
YFM,42,78,114,4,4,0.07017543859649122,0.2,0.10280701754385965,0.02879475638551612,0.9253731343283582,False,0.11403508771929824,225,0.8,0.10653508771929826,0.03388119467129607,0.42786069651741293,False,0.043859649122807015
YFM,42,79,114,4,4,0.07894736842105263,0.8,0.10600877192982455,0.02938779055910751,0.845771144278607,False,0.12280701754385964,60,0.2,0.11824561403508771,0.03644937888795118,0.5174129353233831,False,0.043859649122807015
YFM,42,80,114,4,4,0.08771929824561403,0.2,0.10166666666666666,0.029524474191726522,0.7114427860696517,False,0.11403508771929824,90,0.2,0.11412280701754385,0.03536203709060288,0.5024875621890548,False,0.02631578947368421
YFM,42,81,114,4,4,0.16666666666666666,0.5,0.10464912280701753,0.028906665941730053,0.024875621890547265,True,0.16666666666666666,900,0.5,0.10464912280701753,0.028906665941730053,0.024875621890547265,True,0.0
YFM,42,82,114,4,4,0.09649122807017543,0.2,0.10412280701754385,0.033339480773353816,0.6069651741293532,False,0.12280701754385964,60,0.5,0.11346491228070174,0.03576527225284228,0.4129353233830846,False,0.02631578947368421
YFM,42,83,114,4,4,0.12280701754385964,0.2,0.10328947368421053,0.03232820497944549,0.31343283582089554,False,0.12280701754385964,225,0.5,0.10785087719298245,0.033159080678866644,0.373134328358209,False,0.0
YFM,42,84,114,4,4,0.07017543859649122,0.2,0.1011842105263158,0.032237655476865384,0.8308457711442786,False,0.14035087719298245,225,0.8,0.10894736842105263,0.032849347155904964,0.19900497512437812,False,0.07017543859649122
YFM,42,85,114,4,4,0.06140350877192982,0.2,0.10267543859649124,0.03193542247915973,0.9253731343283582,False,0.13157894736842105,75,0.2,0.11671052631578947,0.03628177973857281,0.3482587064676617,False,0.07017543859649122
YFM,42,86,114,4,4,0.12280701754385964,0.8,0.10609649122807017,0.030343529203945105,0.3681592039800995,False,0.19298245614035087,225,0.8,0.11017543859649123,0.03305212282949406,0.024875621890547265,True,0.07017543859649122
YFM,42,87,114,4,4,0.08771929824561403,0.8,0.10302631578947369,0.03450989327489527,0.6716417910447762,False,0.14035087719298245,225,0.8,0.1075,0.035861578888542835,0.21393034825870647,False,0.05263157894736842
YFM,42,88,114,4,4,0.08771929824561403,0.2,0.10359649122807017,0.030846436839333413,0.7611940298507462,False,0.13157894736842105,150,0.2,0.1118421052631579,0.03365622184188565,0.27860696517412936,False,0.043859649122807015
YFM,42,89,114,4,4,0.13157894736842105,0.5,0.10811403508771927,0.029885659888944288,0.23880597014925373,False,0.14035087719298245,75,0.8,0.12469298245614034,0.030701785871698316,0.36318407960199006,False,0.008771929824561403
YFM,42,90,114,4,4,0.06140350877192982,0.2,0.10653508771929826,0.03214781315786582,0.9502487562189055,False,0.14035087719298245,90,0.8,0.11820175438596489,0.03422795610032832,0.2835820895522388,False,0.07894736842105263
YFM,42,91,114,4,4,0.14035087719298245,0.5,0.10385964912280703,0.03069627537665355,0.17412935323383086,False,0.15789473684210525,90,0.5,0.11421052631578946,0.03869294608583541,0.16417910447761194,False,0.017543859649122806
YFM,42,92,114,4,4,0.14035087719298245,0.2,0.10548245614035087,0.031046944233675274,0.1691542288557214,False,0.15789473684210525,225,0.2,0.11315789473684208,0.03141296608919165,0.09950248756218906,False,0.017543859649122806
YFM,42,93,114,4,4,0.08771929824561403,0.5,0.1062280701754386,0.032140505445728045,0.7313432835820896,False,0.16666666666666666,90,0.8,0.11868421052631578,0.036427625316626286,0.13432835820895522,False,0.07894736842105263
YFM,42,94,114,4,4,0.08771929824561403,0.2,0.10793859649122804,0.03180682106731297,0.7810945273631841,False,0.14912280701754385,90,0.8,0.11513157894736842,0.03471032050245447,0.1691542288557214,False,0.06140350877192982
YFM,43,44,114,4,4,0.10526315789473684,0.2,0.10416666666666666,0.028263154365049243,0.5870646766169154,False,0.16666666666666666,100,0.8,0.11245614035087717,0.03252284711804695,0.0945273631840796,False,0.06140350877192982
YFM,43,45,114,4,4,0.09649122807017543,0.2,0.10381578947368421,0.034563409428442056,0.6019900497512438,False,0.17543859649122806,75,0.5,0.11706140350877192,0.03480665774748418,0.07462686567164178,False,0.07894736842105263
YFM,43,46,114,4,4,0.09649122807017543,0.5,0.1045175438596491,0.030988852977795467,0.6268656716417911,False,0.14035087719298245,100,0.5,0.11390350877192983,0.03558535304881444,0.23383084577114427,False,0.043859649122807015
YFM,43,47,114,4,4,0.07017543859649122,0.2,0.09390350877192982,0.03212856293259789,0.8009950248756219,False,0.08771929824561403,300,0.2,0.09605263157894738,0.03216407662809288,0.6218905472636815,False,0.017543859649122806
YFM,43,48,114,4,4,0.08771929824561403,0.2,0.0994298245614035,0.032588379157445335,0.6666666666666666,False,0.15789473684210525,100,0.8,0.10837719298245613,0.03347360136395784,0.0845771144278607,False,0.07017543859649122
YFM,43,49,114,4,4,0.10526315789473684,0.2,0.1001315789473684,0.029420665686633225,0.4577114427860697,False,0.18421052631578946,150,0.2,0.10855263157894736,0.03493794070165267,0.05970149253731343,False,0.07894736842105263
YFM,43,50,114,4,4,0.09649122807017543,0.2,0.10482456140350876,0.032176096089135776,0.6567164179104478,False,0.14035087719298245,150,0.2,0.10912280701754387,0.03156817040631236,0.18407960199004975,False,0.043859649122807015
YFM,43,62,114,4,4,0.10526315789473684,0.2,0.105,0.03181548156205064,0.5472636815920398,False,0.13157894736842105,180,0.5,0.11228070175438595,0.033208049753649334,0.31343283582089554,False,0.02631578947368421
YFM,43,63,114,4,4,0.14912280701754385,0.5,0.10469298245614034,0.03130294497528874,0.0945273631840796,False,0.16666666666666666,450,0.2,0.10552631578947366,0.03258401841073493,0.04477611940298507,True,0.017543859649122806
YFM,43,64,114,4,4,0.09649122807017543,0.2,0.13671052631578945,0.03623997890364175,0.835820895522388,False,0.10526315789473684,90,0.2,0.13763157894736844,0.03155285589376405,0.8208955223880597,False,0.008771929824561403
YFM,43,65,114,4,4,0.08771929824561403,0.2,0.10618421052631578,0.03191846708479538,0.7263681592039801,False,0.23684210526315788,75,0.2,0.1124561403508772,0.034090111492806614,0.004975124378109453,True,0.14912280701754385
YFM,43,66,114,4,4,0.05263157894736842,0.2,0.10390350877192983,0.031228990147187562,0.9701492537313433,False,0.21052631578947367,100,0.2,0.10978070175438596,0.03167012877602547,0.004975124378109453,True,0.15789473684210525
YFM,43,67,114,4,4,0.09649122807017543,0.2,0.10412280701754385,0.03079525064273966,0.6616915422885572,False,0.14912280701754385,60,0.8,0.11394736842105263,0.03502142639890153,0.17412935323383086,False,0.05263157894736842
YFM,43,68,114,4,4,0.07894736842105263,0.8,0.09192982456140351,0.0400482733251747,0.6119402985074627,False,0.09649122807017543,300,0.2,0.09171052631578949,0.039882224713893986,0.39303482587064675,False,0.017543859649122806
YFM,43,69,114,4,4,0.09649122807017543,0.2,0.09982456140350876,0.030189745843987783,0.572139303482587,False,0.13157894736842105,450,0.8,0.0993421052631579,0.028805195063413606,0.16417910447761194,False,0.03508771929824561
YFM,43,70,114,4,4,0.07894736842105263,0.2,0.10508771929824562,0.029218658813235973,0.8557213930348259,False,0.12280701754385964,225,0.5,0.11175438596491227,0.034802686054013,0.39303482587064675,False,0.043859649122807015
YFM,43,71,114,4,4,0.09649122807017543,0.5,0.09964912280701753,0.03231148561501449,0.582089552238806,False,0.14035087719298245,100,0.2,0.10872807017543859,0.0341143474720439,0.21393034825870647,False,0.043859649122807015
YFM,43,72,114,4,4,0.07894736842105263,0.2,0.0905701754385965,0.037556800268946006,0.6069651741293532,False,0.08771929824561403,90,0.2,0.09100877192982455,0.03753105262236637,0.5074626865671642,False,0.008771929824561403
YFM,43,73,114,4,4,0.08771929824561403,0.2,0.1011842105263158,0.030651367325353427,0.6965174129353234,False,0.14912280701754385,100,0.2,0.11131578947368422,0.03173614229935099,0.14427860696517414,False,0.06140350877192982
YFM,43,74,114,4,4,0.14912280701754385,0.2,0.10425438596491228,0.029888764899298294,0.10945273631840796,False,0.15789473684210525,180,0.8,0.11043859649122806,0.03308194108187434,0.10945273631840796,False,0.008771929824561403
YFM,43,75,114,4,4,0.07894736842105263,0.2,0.09035087719298245,0.03263251741234402,0.6268656716417911,False,0.12280701754385964,150,0.2,0.09157894736842107,0.03328527463496907,0.22388059701492538,False,0.043859649122807015
YFM,43,76,114,4,4,0.18421052631578946,0.2,0.12390350877192984,0.04052793488794851,0.05472636815920398,False,0.18421052631578946,90,0.2,0.12535087719298244,0.03624331300907428,0.014925373134328358,True,0.0
YFM,43,77,114,4,4,0.18421052631578946,0.2,0.12328947368421052,0.04138012386551957,0.07960199004975124,False,0.18421052631578946,90,0.2,0.12403508771929825,0.036777607973288245,0.01990049751243781,True,0.0
YFM,43,78,114,4,4,0.07894736842105263,0.2,0.11535087719298247,0.04336537143338479,0.7711442786069652,False,0.07894736842105263,90,0.2,0.115,0.041217142502222415,0.7960199004975125,False,0.0
YFM,43,79,114,4,4,0.08771929824561403,0.2,0.10241228070175439,0.030360600000295713,0.7213930348258707,False,0.15789473684210525,180,0.2,0.11096491228070175,0.03329816674363206,0.11442786069651742,False,0.07017543859649122
YFM,43,80,114,4,4,0.09649122807017543,0.2,0.08890350877192983,0.037708250987571086,0.373134328358209,False,0.10526315789473684,90,0.2,0.08934210526315788,0.037732852988084244,0.32338308457711445,False,0.008771929824561403
YFM,43,81,114,4,4,0.19298245614035087,0.2,0.10236842105263158,0.03175709153665901,0.014925373134328358,True,0.21052631578947367,300,0.5,0.10521929824561405,0.032543497858027334,0.009950248756218905,True,0.017543859649122806
YFM,43,82,114,4,4,0.13157894736842105,0.2,0.10324561403508771,0.028936079055490654,0.18407960199004975,False,0.14035087719298245,90,0.2,0.10855263157894736,0.032625851593172786,0.1691542288557214,False,0.008771929824561403
YFM,43,83,114,4,4,0.14035087719298245,0.2,0.10083333333333332,0.032868616388901886,0.13930348258706468,False,0.15789473684210525,100,0.2,0.11276315789473683,0.03267275004663101,0.12935323383084577,False,0.017543859649122806
YFM,43,84,114,4,4,0.08771929824561403,0.2,0.0942543859649123,0.02859042349287246,0.5870646766169154,False,0.14912280701754385,60,0.2,0.10657894736842105,0.032582119671979576,0.11442786069651742,False,0.06140350877192982
YFM,43,85,114,4,4,0.08771929824561403,0.8,0.0968421052631579,0.02896452783924625,0.681592039800995,False,0.17543859649122806,300,0.8,0.10399122807017543,0.03388119467129607,0.03482587064676617,True,0.08771929824561403
YFM,43,86,114,4,4,0.14035087719298245,0.2,0.10394736842105264,0.030976029571096908,0.14925373134328357,False,0.21052631578947367,60,0.8,0.11355263157894736,0.033152083357579604,0.009950248756218905,True,0.07017543859649122
YFM,43,87,114,4,4,0.09649122807017543,0.5,0.10328947368421051,0.0322323775666224,0.6069651741293532,False,0.14912280701754385,225,0.8,0.10723684210526314,0.0325665399019054,0.11442786069651742,False,0.05263157894736842
YFM,43,88,114,4,4,0.15789473684210525,0.2,0.09877192982456139,0.030018659906592582,0.04477611940298507,True,0.16666666666666666,450,0.2,0.10021929824561403,0.030149726666866154,0.024875621890547265,True,0.008771929824561403
YFM,43,89,114,4,4,0.14912280701754385,0.2,0.1062280701754386,0.03132409135062887,0.12935323383084577,False,0.20175438596491227,180,0.8,0.11127192982456141,0.028840611382699603,0.009950248756218905,True,0.05263157894736842
YFM,43,90,114,4,4,0.06140350877192982,0.2,0.10302631578947369,0.030791326623122686,0.9502487562189055,False,0.16666666666666666,100,0.2,0.11390350877192981,0.031664023584982104,0.0845771144278607,False,0.10526315789473684
YFM,43,91,114,4,4,0.09649122807017543,0.2,0.10350877192982455,0.03292741331555862,0.6218905472636815,False,0.16666666666666666,450,0.8,0.10456140350877191,0.03251809113376841,0.04975124378109453,True,0.07017543859649122
YFM,43,92,114,4,4,0.16666666666666666,0.5,0.10052631578947369,0.029467449372659337,0.03482587064676617,True,0.21052631578947367,60,0.2,0.10728070175438596,0.03092555800343174,0.004975124378109453,True,0.043859649122807015
YFM,43,93,114,4,4,0.13157894736842105,0.2,0.10605263157894736,0.03419690399865119,0.24875621890547264,False,0.18421052631578946,180,0.2,0.10714912280701754,0.033346061917339305,0.03482587064676617,True,0.05263157894736842
YFM,43,94,114,4,4,0.08771929824561403,0.2,0.10285087719298244,0.029442474492062554,0.7313432835820896,False,0.18421052631578946,90,0.2,0.10991228070175438,0.033288411012831046,0.03482587064676617,True,0.09649122807017543
YFM,44,45,114,4,4,0.06140350877192982,0.2,0.10166666666666666,0.02833492249054699,0.9601990049751243,False,0.14035087719298245,75,0.2,0.11964912280701753,0.03745476166260135,0.3383084577114428,False,0.07894736842105263
YFM,44,46,114,4,4,0.06140350877192982,0.5,0.10412280701754385,0.03252938546104986,0.9402985074626866,False,0.17543859649122806,90,0.5,0.11614035087719297,0.03493575485040795,0.06467661691542288,False,0.11403508771929824
YFM,44,47,114,4,4,0.08771929824561403,0.8,0.10644736842105262,0.029346974255067916,0.7711442786069652,False,0.16666666666666666,300,0.2,0.11175438596491227,0.0324809705563385,0.06467661691542288,False,0.07894736842105263
YFM,44,48,114,4,4,0.12280701754385964,0.2,0.10368421052631578,0.03264152151261536,0.30845771144278605,False,0.19298245614035087,60,0.8,0.11885964912280703,0.035772542075858574,0.04975124378109453,True,0.07017543859649122
YFM,44,49,114,4,4,0.08771929824561403,0.2,0.10109649122807017,0.03260806941357512,0.6865671641791045,False,0.18421052631578946,150,0.2,0.1106140350877193,0.0347976860751463,0.029850746268656716,True,0.09649122807017543
YFM,44,50,114,4,4,0.07017543859649122,0.5,0.10666666666666666,0.03308486299343662,0.9054726368159204,False,0.15789473684210525,60,0.2,0.12114035087719298,0.03539919495518738,0.19900497512437812,False,0.08771929824561403
YFM,44,62,114,4,4,0.07894736842105263,0.8,0.10609649122807017,0.03002326447213858,0.8557213930348259,False,0.17543859649122806,150,0.2,0.11258771929824561,0.032140355063834954,0.06467661691542288,False,0.09649122807017543
YFM,44,63,114,4,4,0.12280701754385964,0.5,0.10807017543859647,0.03357581961197585,0.35323383084577115,False,0.19298245614035087,90,0.5,0.11868421052631578,0.03254839862716306,0.014925373134328358,True,0.07017543859649122
YFM,44,64,114,4,4,0.12280701754385964,0.2,0.1038157894736842,0.028013606436877593,0.2835820895522388,False,0.16666666666666666,100,0.8,0.11241228070175438,0.032775312911717654,0.08955223880597014,False,0.043859649122807015
YFM,44,65,114,4,4,0.14912280701754385,0.2,0.1031140350877193,0.030596063719375333,0.08955223880597014,False,0.20175438596491227,100,0.5,0.11289473684210526,0.032553150183545945,0.009950248756218905,True,0.05263157894736842
YFM,44,66,114,4,4,0.06140350877192982,0.2,0.10188596491228069,0.031836955495504644,0.9253731343283582,False,0.19298245614035087,100,0.2,0.1143859649122807,0.034181636033456385,0.01990049751243781,True,0.13157894736842105
YFM,44,67,114,4,4,0.11403508771929824,0.8,0.10605263157894736,0.032988303262654534,0.47761194029850745,False,0.17543859649122806,100,0.8,0.11324561403508772,0.03340760666868697,0.04477611940298507,True,0.06140350877192982
YFM,44,68,114,4,4,0.12280701754385964,0.8,0.10460526315789473,0.029586584466779836,0.30845771144278605,False,0.19298245614035087,150,0.2,0.10921052631578945,0.03034547244674382,0.009950248756218905,True,0.07017543859649122
YFM,44,69,114,4,4,0.10526315789473684,0.5,0.10403508771929826,0.029153476955294907,0.5323383084577115,False,0.16666666666666666,60,0.5,0.11776315789473683,0.03518057777894624,0.11940298507462686,False,0.06140350877192982
YFM,44,70,114,4,4,0.08771929824561403,0.2,0.10425438596491228,0.03196422600841687,0.7313432835820896,False,0.18421052631578946,75,0.5,0.12192982456140351,0.035818451068085136,0.05472636815920398,False,0.09649122807017543
YFM,44,71,114,4,4,0.12280701754385964,0.8,0.10223684210526315,0.02909449572344873,0.29850746268656714,False,0.16666666666666666,60,0.5,0.11644736842105262,0.03465457658644487,0.0945273631840796,False,0.043859649122807015
YFM,44,72,114,4,4,0.11403508771929824,0.2,0.10320175438596492,0.03027182892310376,0.3781094527363184,False,0.16666666666666666,100,0.8,0.1119736842105263,0.03271509028023186,0.0945273631840796,False,0.05263157894736842
YFM,44,73,114,4,4,0.12280701754385964,0.2,0.10355263157894737,0.030962888653104224,0.29850746268656714,False,0.14035087719298245,100,0.5,0.11864035087719298,0.036892002624899264,0.31343283582089554,False,0.017543859649122806
YFM,44,74,114,4,4,0.07894736842105263,0.2,0.10842105263157896,0.03077930031231759,0.8507462686567164,False,0.19298245614035087,100,0.2,0.11618421052631579,0.03220909646746298,0.029850746268656716,True,0.11403508771929824
YFM,44,75,114,4,4,0.13157894736842105,0.5,0.1056140350877193,0.028911079816440623,0.23383084577114427,False,0.17543859649122806,100,0.8,0.1124561403508772,0.03271251949720989,0.03980099502487562,True,0.043859649122807015
YFM,44,76,114,4,4,0.10526315789473684,0.2,0.10328947368421051,0.02806407933231235,0.5373134328358209,False,0.16666666666666666,100,0.5,0.11210526315789472,0.03388989553954622,0.07960199004975124,False,0.06140350877192982
YFM,44,77,114,4,4,0.13157894736842105,0.2,0.1037719298245614,0.027810416505863016,0.1791044776119403,False,0.16666666666666666,100,0.8,0.11228070175438595,0.0326917094026035,0.08955223880597014,False,0.03508771929824561
YFM,44,78,114,4,4,0.11403508771929824,0.2,0.10491228070175439,0.027862228963124833,0.4079601990049751,False,0.16666666666666666,100,0.8,0.11241228070175438,0.03306893544472965,0.08955223880597014,False,0.05263157894736842
YFM,44,79,114,4,4,0.08771929824561403,0.2,0.1082456140350877,0.028985879453099557,0.7910447761194029,False,0.15789473684210525,75,0.2,0.11894736842105262,0.03314558035593438,0.1691542288557214,False,0.07017543859649122
YFM,44,80,114,4,4,0.12280701754385964,0.2,0.10456140350877194,0.03068266808906817,0.3333333333333333,False,0.17543859649122806,100,0.2,0.11035087719298245,0.03209921422718476,0.03980099502487562,True,0.05263157894736842
YFM,44,81,114,4,4,0.14912280701754385,0.2,0.10666666666666666,0.031979494660547426,0.10945273631840796,False,0.16666666666666666,100,0.5,0.11583333333333334,0.03178371487773377,0.07960199004975124,False,0.017543859649122806
YFM,44,82,114,4,4,0.08771929824561403,0.2,0.10451754385964912,0.03044758838237135,0.7412935323383084,False,0.16666666666666666,60,0.5,0.11736842105263155,0.035038756280821974,0.0945273631840796,False,0.07894736842105263
YFM,44,83,114,4,4,0.10526315789473684,0.8,0.10460526315789473,0.02728868814545447,0.5223880597014925,False,0.15789473684210525,100,0.2,0.11359649122807017,0.03495246345551339,0.13930348258706468,False,0.05263157894736842
YFM,44,84,114,4,4,0.08771929824561403,0.8,0.10526315789473684,0.02920595182514693,0.7960199004975125,False,0.15789473684210525,100,0.8,0.11307017543859649,0.03396545635530054,0.12437810945273632,False,0.07017543859649122
YFM,44,85,114,4,4,0.10526315789473684,0.2,0.1062280701754386,0.0324517916222361,0.5572139303482587,False,0.16666666666666666,100,0.2,0.11122807017543859,0.03281872848924141,0.07960199004975124,False,0.06140350877192982
YFM,44,86,114,4,4,0.14035087719298245,0.2,0.10425438596491227,0.03093140267692159,0.1791044776119403,False,0.20175438596491227,150,0.2,0.11171052631578947,0.03275643145615618,0.009950248756218905,True,0.06140350877192982
YFM,44,87,114,4,4,0.11403508771929824,0.2,0.10271929824561404,0.032138099250997726,0.3781094527363184,False,0.20175438596491227,60,0.8,0.12035087719298244,0.034901648924276385,0.024875621890547265,True,0.08771929824561403
YFM,44,88,114,4,4,0.12280701754385964,0.2,0.10469298245614034,0.03112953075992967,0.30845771144278605,False,0.19298245614035087,150,0.2,0.11232456140350877,0.0328768501724301,0.009950248756218905,True,0.07017543859649122
YFM,44,89,114,4,4,0.11403508771929824,0.5,0.1100877192982456,0.03882054895557965,0.4975124378109453,False,0.21929824561403508,75,0.2,0.12315789473684209,0.03553492668148811,0.014925373134328358,True,0.10526315789473684
YFM,44,90,114,4,4,0.09649122807017543,0.5,0.10491228070175439,0.0326543125420511,0.6467661691542289,False,0.19298245614035087,300,0.2,0.10899122807017543,0.03318985136685884,0.01990049751243781,True,0.09649122807017543
YFM,44,91,114,4,4,0.11403508771929824,0.2,0.10890350877192981,0.03340861939787623,0.48756218905472637,False,0.18421052631578946,90,0.8,0.11578947368421053,0.0362156706730265,0.04477611940298507,True,0.07017543859649122
YFM,44,92,114,4,4,0.17543859649122806,0.2,0.10473684210526316,0.03058522488137094,0.024875621890547265,True,0.18421052631578946,300,0.2,0.11135964912280702,0.032682216310544195,0.014925373134328358,True,0.008771929824561403
YFM,44,93,114,4,4,0.08771929824561403,0.5,0.10785087719298245,0.030103007849726214,0.8308457711442786,False,0.21052631578947367,60,0.5,0.11833333333333332,0.035241552051563076,0.014925373134328358,True,0.12280701754385964
YFM,44,94,114,4,4,0.13157894736842105,0.8,0.105,0.029376374291731962,0.22388059701492538,False,0.17543859649122806,60,0.8,0.11890350877192983,0.03731676512836924,0.09950248756218906,False,0.043859649122807015
YFM,45,46,114,4,4,0.11403508771929824,0.5,0.1055263157894737,0.030334767137536023,0.48258706467661694,False,0.13157894736842105,60,0.2,0.11868421052631578,0.0341031528736182,0.39303482587064675,False,0.017543859649122806
YFM,45,47,114,4,4,0.07017543859649122,0.5,0.10429824561403508,0.03241602654389692,0.900497512437811,False,0.14035087719298245,75,0.5,0.11789473684210526,0.034561871156893256,0.2885572139303483,False,0.07017543859649122
YFM,45,48,114,4,4,0.07894736842105263,0.5,0.10017543859649124,0.033789342679697694,0.7661691542288557,False,0.14035087719298245,75,0.8,0.12188596491228071,0.0370954032354039,0.3283582089552239,False,0.06140350877192982
YFM,45,49,114,4,4,0.05263157894736842,0.2,0.10539473684210526,0.03183452635713071,0.9651741293532339,False,0.14035087719298245,150,0.2,0.11364035087719299,0.036154735015273554,0.2537313432835821,False,0.08771929824561403
YFM,45,50,114,4,4,0.07017543859649122,0.8,0.10640350877192983,0.03147825984897954,0.9253731343283582,False,0.16666666666666666,150,0.5,0.11385964912280702,0.03449826661750868,0.07960199004975124,False,0.09649122807017543
YFM,45,62,114,4,4,0.07017543859649122,0.8,0.10548245614035086,0.03297948177524571,0.8805970149253731,False,0.13157894736842105,150,0.2,0.11350877192982456,0.03486262986711296,0.3582089552238806,False,0.06140350877192982
YFM,45,63,114,4,4,0.11403508771929824,0.2,0.10346491228070175,0.03288390606026142,0.373134328358209,False,0.14035087719298245,225,0.8,0.10960526315789472,0.030002651130272312,0.17412935323383086,False,0.02631578947368421
YFM,45,64,114,4,4,0.08771929824561403,0.2,0.10456140350877191,0.033478943462128756,0.7313432835820896,False,0.17543859649122806,75,0.5,0.11614035087719297,0.03492468514916541,0.06467661691542288,False,0.08771929824561403
YFM,45,65,114,4,4,0.12280701754385964,0.5,0.10346491228070175,0.03156397496892078,0.29850746268656714,False,0.16666666666666666,150,0.5,0.11114035087719298,0.03399185727150828,0.08955223880597014,False,0.043859649122807015
YFM,45,66,114,4,4,0.07017543859649122,0.8,0.10460526315789473,0.032346141013917654,0.8706467661691543,False,0.14912280701754385,150,0.5,0.11324561403508772,0.03385599233679226,0.1791044776119403,False,0.07894736842105263
YFM,45,67,114,4,4,0.06140350877192982,0.2,0.10368421052631578,0.030976154398689726,0.9402985074626866,False,0.14035087719298245,225,0.2,0.11171052631578947,0.03343407222147761,0.21393034825870647,False,0.07894736842105263
YFM,45,68,114,4,4,0.07894736842105263,0.2,0.10478070175438596,0.030312930615035344,0.8507462686567164,False,0.14912280701754385,75,0.8,0.11697368421052631,0.03627197366472911,0.22388059701492538,False,0.07017543859649122
YFM,45,69,114,4,4,0.10526315789473684,0.2,0.10368421052631578,0.03230813471981069,0.5422885572139303,False,0.15789473684210525,75,0.5,0.1175,0.03432902639506738,0.14427860696517414,False,0.05263157894736842
YFM,45,70,114,4,4,0.07017543859649122,0.2,0.1068859649122807,0.029339067766511233,0.9253731343283582,False,0.12280701754385964,75,0.2,0.12013157894736842,0.032528048179626796,0.46766169154228854,False,0.05263157894736842
YFM,45,71,114,4,4,0.07017543859649122,0.2,0.10403508771929826,0.034420617759598655,0.9054726368159204,False,0.17543859649122806,75,0.2,0.11618421052631579,0.03609265196224482,0.06467661691542288,False,0.10526315789473684
YFM,45,72,114,4,4,0.07894736842105263,0.8,0.10245614035087719,0.03139769902577838,0.7960199004975125,False,0.15789473684210525,75,0.5,0.11793859649122806,0.03442800305258131,0.14427860696517414,False,0.07894736842105263
YFM,45,73,114,4,4,0.11403508771929824,0.5,0.10171052631578947,0.03158601775149408,0.39303482587064675,False,0.14912280701754385,75,0.2,0.11837719298245614,0.03414946616656983,0.2537313432835821,False,0.03508771929824561
YFM,45,74,114,4,4,0.11403508771929824,0.2,0.10399122807017543,0.028487452950129454,0.42786069651741293,False,0.14035087719298245,150,0.5,0.11478070175438596,0.035848422178051724,0.26865671641791045,False,0.02631578947368421
YFM,45,75,114,4,4,0.09649122807017543,0.2,0.10377192982456139,0.031586170772589586,0.6019900497512438,False,0.15789473684210525,75,0.2,0.11662280701754384,0.032200691938384,0.12935323383084577,False,0.06140350877192982
YFM,45,76,114,4,4,0.08771929824561403,0.2,0.10359649122807017,0.03327075051416755,0.6915422885572139,False,0.15789473684210525,75,0.5,0.11719298245614035,0.03511019292626276,0.17412935323383086,False,0.07017543859649122
YFM,45,77,114,4,4,0.08771929824561403,0.2,0.10561403508771929,0.033194540225306136,0.736318407960199,False,0.16666666666666666,75,0.5,0.11679824561403508,0.03456117191991938,0.10945273631840796,False,0.07894736842105263
YFM,45,78,114,4,4,0.07017543859649122,0.8,0.10381578947368421,0.033077119363501474,0.9054726368159204,False,0.14912280701754385,75,0.5,0.11771929824561403,0.03566005922929185,0.22885572139303484,False,0.07894736842105263
YFM,45,79,114,4,4,0.08771929824561403,0.5,0.10723684210526314,0.03133208312316144,0.7810945273631841,False,0.13157894736842105,75,0.2,0.12241228070175439,0.03402809667800116,0.417910447761194,False,0.043859649122807015
YFM,45,80,114,4,4,0.09649122807017543,0.2,0.10223684210526315,0.032150218625585494,0.5771144278606966,False,0.14912280701754385,75,0.5,0.1176315789473684,0.03425339273838876,0.23383084577114427,False,0.05263157894736842
YFM,45,81,114,4,4,0.11403508771929824,0.2,0.10267543859649121,0.030371550829509816,0.42786069651741293,False,0.15789473684210525,75,0.2,0.11890350877192983,0.03515044974326708,0.1691542288557214,False,0.043859649122807015
YFM,45,82,114,4,4,0.12280701754385964,0.2,0.10491228070175439,0.030952178270171667,0.31343283582089554,False,0.14035087719298245,450,0.5,0.10942982456140352,0.033910169878974494,0.23880597014925373,False,0.017543859649122806
YFM,45,83,114,4,4,0.08771929824561403,0.2,0.10429824561403507,0.03240409607897067,0.7313432835820896,False,0.14035087719298245,150,0.8,0.11429824561403507,0.03417111413340483,0.25870646766169153,False,0.05263157894736842
YFM,45,84,114,4,4,0.09649122807017543,0.2,0.10412280701754385,0.03271901993741628,0.582089552238806,False,0.16666666666666666,75,0.2,0.11776315789473685,0.03807317459202238,0.12437810945273632,False,0.07017543859649122
YFM,45,85,114,4,4,0.11403508771929824,0.2,0.1012280701754386,0.031312362278388524,0.3681592039800995,False,0.14035087719298245,75,0.5,0.12017543859649121,0.03409283358419857,0.31840796019900497,False,0.02631578947368421
YFM,45,86,114,4,4,0.09649122807017543,0.5,0.10342105263157894,0.0313709637866056,0.6318407960199005,False,0.17543859649122806,75,0.2,0.11842105263157894,0.035937002005049797,0.06965174129353234,False,0.07894736842105263
YFM,45,87,114,4,4,0.06140350877192982,0.8,0.10149122807017542,0.03102292933588749,0.945273631840796,False,0.16666666666666666,90,0.5,0.11679824561403508,0.03340051670457397,0.0845771144278607,False,0.10526315789473684
YFM,45,88,114,4,4,0.13157894736842105,0.2,0.10504385964912281,0.03268505565510136,0.22885572139303484,False,0.17543859649122806,450,0.2,0.11057017543859649,0.03493196387271241,0.06467661691542288,False,0.043859649122807015
YFM,45,89,114,4,4,0.12280701754385964,0.8,0.10741228070175439,0.03280385046337881,0.32338308457711445,False,0.19298245614035087,75,0.2,0.12214912280701753,0.035470641510217685,0.029850746268656716,True,0.07017543859649122
YFM,45,90,114,4,4,0.07894736842105263,0.5,0.10399122807017543,0.034458313895591446,0.8109452736318408,False,0.17543859649122806,150,0.2,0.11649122807017542,0.038634941936600005,0.09950248756218906,False,0.09649122807017543
YFM,45,91,114,4,4,0.11403508771929824,0.2,0.10298245614035086,0.031928671677760374,0.38308457711442784,False,0.21052631578947367,150,0.5,0.1143859649122807,0.0353931867690048,0.014925373134328358,True,0.09649122807017543
YFM,45,92,114,4,4,0.10526315789473684,0.2,0.10508771929824562,0.03163326604609684,0.5671641791044776,False,0.18421052631578946,150,0.5,0.11171052631578948,0.03610314935269794,0.04975124378109453,True,0.07894736842105263
YFM,45,93,114,4,4,0.10526315789473684,0.2,0.10416666666666666,0.03135058905564454,0.5024875621890548,False,0.15789473684210525,90,0.2,0.11486842105263158,0.033814937734636584,0.14427860696517414,False,0.05263157894736842
YFM,45,94,114,4,4,0.11403508771929824,0.2,0.10614035087719298,0.031949978768338494,0.42786069651741293,False,0.16666666666666666,300,0.2,0.11083333333333333,0.03838409718628606,0.0945273631840796,False,0.05263157894736842
YFM,46,47,114,4,4,0.14035087719298245,0.8,0.10517543859649121,0.031003978399493794,0.17412935323383086,False,0.14035087719298245,100,0.8,0.11675438596491228,0.0345366897069897,0.24378109452736318,False,0.0
YFM,46,48,114,4,4,0.07894736842105263,0.8,0.10508771929824562,0.031791773548140126,0.8407960199004975,False,0.15789473684210525,100,0.8,0.11649122807017542,0.03551664135026889,0.13432835820895522,False,0.07894736842105263
YFM,46,49,114,4,4,0.07017543859649122,0.2,0.1011842105263158,0.03221365800784092,0.8805970149253731,False,0.13157894736842105,75,0.2,0.11736842105263158,0.03452739591297511,0.35323383084577115,False,0.06140350877192982
YFM,46,50,114,4,4,0.08771929824561403,0.2,0.10864035087719298,0.033204294423485665,0.7611940298507462,False,0.12280701754385964,150,0.5,0.11285087719298245,0.03160535374636485,0.39303482587064675,False,0.03508771929824561
YFM,46,62,114,4,4,0.09649122807017543,0.2,0.10342105263157894,0.030698164800672813,0.6268656716417911,False,0.14912280701754385,60,0.5,0.12285087719298245,0.036677144199602774,0.27860696517412936,False,0.05263157894736842
YFM,46,63,114,4,4,0.06140350877192982,0.2,0.10714912280701754,0.03475418372123008,0.9402985074626866,False,0.12280701754385964,90,0.2,0.12039473684210526,0.03586093195006529,0.5323383084577115,False,0.06140350877192982
YFM,46,64,114,4,4,0.11403508771929824,0.2,0.10631578947368421,0.030444826130459846,0.4427860696517413,False,0.14035087719298245,100,0.5,0.11425438596491226,0.03514758953700926,0.24378109452736318,False,0.02631578947368421
YFM,46,65,114,4,4,0.10526315789473684,0.8,0.10741228070175439,0.03069699966960642,0.5671641791044776,False,0.19298245614035087,100,0.5,0.11592105263157894,0.035251288275821316,0.024875621890547265,True,0.08771929824561403
YFM,46,66,114,4,4,0.06140350877192982,0.2,0.10342105263157894,0.03190868335856394,0.9303482587064676,False,0.14912280701754385,100,0.2,0.11767543859649124,0.03692699275464759,0.23383084577114427,False,0.08771929824561403
YFM,46,67,114,4,4,0.11403508771929824,0.5,0.10666666666666666,0.0314675712816598,0.42786069651741293,False,0.16666666666666666,100,0.8,0.11508771929824561,0.03425756920366806,0.09950248756218906,False,0.05263157894736842
YFM,46,68,114,4,4,0.13157894736842105,0.2,0.10578947368421053,0.03176354404019579,0.23880597014925373,False,0.16666666666666666,100,0.8,0.1144298245614035,0.03631480245047,0.11442786069651742,False,0.03508771929824561
YFM,46,69,114,4,4,0.12280701754385964,0.2,0.10776315789473684,0.030933902734730477,0.3482587064676617,False,0.16666666666666666,100,0.2,0.11833333333333332,0.03472204319489351,0.13432835820895522,False,0.043859649122807015
YFM,46,70,114,4,4,0.043859649122807015,0.2,0.10736842105263157,0.029169388399866606,0.9900497512437811,False,0.13157894736842105,75,0.8,0.12157894736842106,0.03430809795015926,0.42786069651741293,False,0.08771929824561403
YFM,46,71,114,4,4,0.13157894736842105,0.5,0.10491228070175436,0.03142330407911073,0.2537313432835821,False,0.14035087719298245,100,0.8,0.11671052631578947,0.03470207604849464,0.2885572139303483,False,0.008771929824561403
YFM,46,72,114,4,4,0.12280701754385964,0.2,0.10644736842105264,0.027901579499816524,0.31840796019900497,False,0.14912280701754385,100,0.8,0.11557017543859649,0.03512558016407911,0.21890547263681592,False,0.02631578947368421
YFM,46,73,114,4,4,0.06140350877192982,0.2,0.10464912280701753,0.030060750912442757,0.9601990049751243,False,0.14035087719298245,100,0.2,0.11798245614035087,0.03540312703402303,0.2736318407960199,False,0.07894736842105263
YFM,46,74,114,4,4,0.10526315789473684,0.2,0.10828947368421052,0.032114117691048924,0.6019900497512438,False,0.14035087719298245,180,0.8,0.11530701754385962,0.035822741900378,0.22885572139303484,False,0.03508771929824561
YFM,46,75,114,4,4,0.11403508771929824,0.2,0.1062280701754386,0.03206824106667013,0.4427860696517413,False,0.14912280701754385,100,0.2,0.11710526315789473,0.0367745588868042,0.208955223880597,False,0.03508771929824561
YFM,46,76,114,4,4,0.12280701754385964,0.2,0.10535087719298245,0.030066924449229464,0.29850746268656714,False,0.14035087719298245,100,0.8,0.11557017543859649,0.03448119775028159,0.24875621890547264,False,0.017543859649122806
YFM,46,77,114,4,4,0.10526315789473684,0.2,0.10644736842105262,0.031812655765022325,0.5223880597014925,False,0.14912280701754385,100,0.5,0.11425438596491228,0.03536692995230765,0.19402985074626866,False,0.043859649122807015
YFM,46,78,114,4,4,0.11403508771929824,0.8,0.1062280701754386,0.031163205136016794,0.4079601990049751,False,0.14912280701754385,100,0.5,0.11478070175438596,0.03558861267131114,0.20398009950248755,False,0.03508771929824561
YFM,46,79,114,4,4,0.11403508771929824,0.8,0.10741228070175439,0.03201644183944952,0.46766169154228854,False,0.14035087719298245,100,0.2,0.11771929824561403,0.03552970326139794,0.2935323383084577,False,0.02631578947368421
YFM,46,80,114,4,4,0.11403508771929824,0.2,0.10460526315789473,0.031584059015993884,0.3880597014925373,False,0.14035087719298245,100,0.5,0.11421052631578947,0.03586117455336204,0.2537313432835821,False,0.02631578947368421
YFM,46,81,114,4,4,0.14912280701754385,0.2,0.10934210526315788,0.031534315389365054,0.11442786069651742,False,0.14912280701754385,900,0.2,0.10934210526315788,0.031534315389365054,0.11442786069651742,False,0.0
YFM,46,82,114,4,4,0.12280701754385964,0.5,0.10728070175438596,0.03118701903055887,0.3582089552238806,False,0.13157894736842105,180,0.2,0.10973684210526315,0.034554598400734396,0.27860696517412936,False,0.008771929824561403
YFM,46,83,114,4,4,0.11403508771929824,0.5,0.10600877192982455,0.03270090413129827,0.43283582089552236,False,0.14035087719298245,450,0.2,0.10535087719298245,0.032525581494106025,0.21890547263681592,False,0.02631578947368421
YFM,46,84,114,4,4,0.09649122807017543,0.2,0.1062719298245614,0.03406080689035215,0.6119402985074627,False,0.14912280701754385,100,0.5,0.11710526315789473,0.03726546509429352,0.22885572139303484,False,0.05263157894736842
YFM,46,85,114,4,4,0.10526315789473684,0.5,0.10271929824561404,0.03378053006381709,0.5024875621890548,False,0.14035087719298245,180,0.8,0.1106140350877193,0.03247561312572818,0.22885572139303484,False,0.03508771929824561
YFM,46,86,114,4,4,0.14035087719298245,0.8,0.10649122807017544,0.033625072981179734,0.22388059701492538,False,0.17543859649122806,180,0.2,0.11307017543859649,0.035074382548679624,0.05970149253731343,False,0.03508771929824561
YFM,46,87,114,4,4,0.10526315789473684,0.2,0.10736842105263157,0.030907172898057233,0.5970149253731343,False,0.14912280701754385,60,0.2,0.12,0.035998923846413615,0.25870646766169153,False,0.043859649122807015
YFM,46,88,114,4,4,0.12280701754385964,0.2,0.10684210526315789,0.0327597660042499,0.34328358208955223,False,0.13157894736842105,100,0.2,0.1205263157894737,0.03810162585256207,0.40298507462686567,False,0.008771929824561403
YFM,46,89,114,4,4,0.13157894736842105,0.2,0.10679824561403509,0.03183404050721289,0.2736318407960199,False,0.13157894736842105,100,0.2,0.12013157894736842,0.03564745184763873,0.373134328358209,False,0.0
YFM,46,90,114,4,4,0.08771929824561403,0.5,0.10714912280701754,0.03196059674125803,0.7711442786069652,False,0.14912280701754385,100,0.5,0.11662280701754384,0.03515154976062778,0.20398009950248755,False,0.06140350877192982
YFM,46,91,114,4,4,0.19298245614035087,0.2,0.10855263157894736,0.0322443715677135,0.014925373134328358,True,0.19298245614035087,900,0.2,0.10855263157894736,0.0322443715677135,0.014925373134328358,True,0.0
YFM,46,92,114,4,4,0.16666666666666666,0.2,0.10614035087719298,0.031066397939503877,0.05970149253731343,False,0.17543859649122806,180,0.8,0.1107456140350877,0.034413848856197686,0.04477611940298507,True,0.008771929824561403
YFM,46,93,114,4,4,0.08771929824561403,0.2,0.10798245614035086,0.03349083739720262,0.7412935323383084,False,0.16666666666666666,180,0.2,0.11267543859649122,0.03351054547021663,0.06965174129353234,False,0.07894736842105263
YFM,46,94,114,4,4,0.06140350877192982,0.2,0.10885964912280702,0.03013372336225486,0.9651741293532339,False,0.14912280701754385,60,0.8,0.12,0.035348585065484994,0.23383084577114427,False,0.08771929824561403
YFM,47,48,114,4,4,0.11403508771929824,0.5,0.1,0.034296374697484804,0.3582089552238806,False,0.16666666666666666,100,0.5,0.11368421052631579,0.03662800980949463,0.09950248756218906,False,0.05263157894736842
YFM,47,49,114,4,4,0.07017543859649122,0.5,0.10482456140350876,0.03083841325028456,0.9104477611940298,False,0.16666666666666666,75,0.5,0.11947368421052632,0.03492822783526477,0.11940298507462686,False,0.09649122807017543
YFM,47,50,114,4,4,0.09649122807017543,0.2,0.10438596491228068,0.03372794994388028,0.6019900497512438,False,0.15789473684210525,150,0.2,0.11364035087719299,0.029799626304925175,0.09950248756218906,False,0.06140350877192982
YFM,47,62,114,4,4,0.12280701754385964,0.8,0.1075,0.03337063550335681,0.3383084577114428,False,0.11403508771929824,900,0.2,0.10793859649122807,0.03439991364363985,0.4626865671641791,False,-0.008771929824561403
YFM,47,63,114,4,4,0.12280701754385964,0.8,0.10285087719298243,0.03271461750770965,0.2885572139303483,False,0.16666666666666666,450,0.2,0.10916666666666668,0.033285942592058054,0.05970149253731343,False,0.043859649122807015
YFM,47,64,114,4,4,0.05263157894736842,0.2,0.09004385964912281,0.03302681468639707,0.9502487562189055,False,0.07894736842105263,300,0.2,0.09043859649122807,0.0349041969467759,0.6268656716417911,False,0.02631578947368421
YFM,47,65,114,4,4,0.09649122807017543,0.2,0.10429824561403507,0.02834310909312855,0.681592039800995,False,0.21052631578947367,60,0.8,0.11714912280701753,0.03675507556398865,0.01990049751243781,True,0.11403508771929824
YFM,47,66,114,4,4,0.06140350877192982,0.5,0.10302631578947369,0.03284507991955347,0.9253731343283582,False,0.19298245614035087,100,0.2,0.1124561403508772,0.0308761310357325,0.014925373134328358,True,0.13157894736842105
YFM,47,67,114,4,4,0.10526315789473684,0.2,0.10245614035087719,0.031187638941132023,0.5124378109452736,False,0.14035087719298245,225,0.8,0.10960526315789472,0.03089162457378318,0.1791044776119403,False,0.03508771929824561
YFM,47,68,114,4,4,0.07017543859649122,0.5,0.09473684210526315,0.027878322590589536,0.845771144278607,False,0.13157894736842105,300,0.2,0.09758771929824561,0.029898595304748372,0.19900497512437812,False,0.06140350877192982
YFM,47,69,114,4,4,0.08771929824561403,0.2,0.10333333333333332,0.02892872858070153,0.7761194029850746,False,0.14035087719298245,450,0.2,0.10346491228070175,0.03044149204435568,0.14427860696517414,False,0.05263157894736842
YFM,47,70,114,4,4,0.08771929824561403,0.2,0.10592105263157894,0.02932403956518517,0.7711442786069652,False,0.11403508771929824,225,0.5,0.11241228070175438,0.03571117511819783,0.5124378109452736,False,0.02631578947368421
YFM,47,71,114,4,4,0.07894736842105263,0.8,0.10254385964912281,0.030821356188267417,0.8308457711442786,False,0.18421052631578946,100,0.2,0.11399122807017541,0.03533477227470131,0.04477611940298507,True,0.10526315789473684
YFM,47,72,114,4,4,0.07894736842105263,0.2,0.0957456140350877,0.029805853927189086,0.7562189054726368,False,0.09649122807017543,300,0.2,0.09986842105263158,0.03522714847764759,0.5572139303482587,False,0.017543859649122806
YFM,47,73,114,4,4,0.11403508771929824,0.2,0.10065789473684209,0.03065212421620583,0.417910447761194,False,0.15789473684210525,450,0.2,0.10583333333333332,0.03179320260849258,0.07960199004975124,False,0.043859649122807015
YFM,47,74,114,4,4,0.14035087719298245,0.5,0.1045175438596491,0.029003716006081138,0.13930348258706468,False,0.15789473684210525,180,0.5,0.1107017543859649,0.03162837629508281,0.1044776119402985,False,0.017543859649122806
YFM,47,75,114,4,4,0.08771929824561403,0.2,0.09789473684210527,0.029501546424702166,0.6716417910447762,False,0.11403508771929824,300,0.2,0.1012280701754386,0.033275979927956154,0.3383084577114428,False,0.02631578947368421
YFM,47,76,114,4,4,0.06140350877192982,0.2,0.09258771929824562,0.03155662395312555,0.8955223880597015,False,0.09649122807017543,300,0.5,0.093859649122807,0.03397922835800103,0.4925373134328358,False,0.03508771929824561
YFM,47,77,114,4,4,0.05263157894736842,0.2,0.09210526315789473,0.032215128366740495,0.9651741293532339,False,0.07894736842105263,300,0.2,0.09184210526315789,0.033148729951018634,0.6467661691542289,False,0.02631578947368421
YFM,47,78,114,4,4,0.05263157894736842,0.2,0.09368421052631579,0.033041826363571836,0.945273631840796,False,0.07894736842105263,300,0.2,0.09469298245614034,0.033223154118244995,0.6965174129353234,False,0.02631578947368421
YFM,47,79,114,4,4,0.11403508771929824,0.2,0.10732456140350877,0.032034311022309594,0.44776119402985076,False,0.14035087719298245,100,0.5,0.11947368421052632,0.03658279967731712,0.3383084577114428,False,0.02631578947368421
YFM,47,80,114,4,4,0.07017543859649122,0.8,0.09986842105263158,0.03453990835973997,0.8407960199004975,False,0.13157894736842105,300,0.2,0.1020175438596491,0.03424345747722873,0.21890547263681592,False,0.06140350877192982
YFM,47,81,114,4,4,0.15789473684210525,0.8,0.10464912280701753,0.032898160214470236,0.07960199004975124,False,0.21052631578947367,300,0.2,0.11114035087719298,0.031179579142329047,0.004975124378109453,True,0.05263157894736842
YFM,47,82,114,4,4,0.13157894736842105,0.8,0.10350877192982458,0.029976896767033672,0.23383084577114427,False,0.13157894736842105,900,0.8,0.10350877192982458,0.029976896767033672,0.23383084577114427,False,0.0
YFM,47,83,114,4,4,0.11403508771929824,0.5,0.1044736842105263,0.03238499819323778,0.42786069651741293,False,0.14035087719298245,100,0.8,0.11706140350877192,0.035814105739240834,0.31343283582089554,False,0.02631578947368421
YFM,47,84,114,4,4,0.11403508771929824,0.8,0.10043859649122806,0.03115029834178185,0.29850746268656714,False,0.14035087719298245,180,0.5,0.1081578947368421,0.03387791343592333,0.1791044776119403,False,0.02631578947368421
YFM,47,85,114,4,4,0.12280701754385964,0.2,0.10078947368421051,0.031694690277181525,0.29850746268656714,False,0.20175438596491227,180,0.2,0.1107456140350877,0.03185832392662562,0.004975124378109453,True,0.07894736842105263
YFM,47,86,114,4,4,0.07894736842105263,0.2,0.10530701754385964,0.029672193258308454,0.8557213930348259,False,0.18421052631578946,180,0.8,0.1144736842105263,0.03696333584661221,0.04975124378109453,True,0.10526315789473684
YFM,47,87,114,4,4,0.12280701754385964,0.8,0.10346491228070175,0.033001282092894116,0.2885572139303483,False,0.13157894736842105,90,0.2,0.11521929824561403,0.032139151983358774,0.34328358208955223,False,0.008771929824561403
YFM,47,88,114,4,4,0.10526315789473684,0.2,0.10328947368421051,0.03212423004216746,0.5124378109452736,False,0.14035087719298245,450,0.5,0.10780701754385964,0.03289910047756488,0.18407960199004975,False,0.03508771929824561
YFM,47,89,114,4,4,0.15789473684210525,0.5,0.1037719298245614,0.03065430017330554,0.04975124378109453,True,0.19298245614035087,180,0.8,0.11302631578947367,0.030554077396934158,0.009950248756218905,True,0.03508771929824561
YFM,47,90,114,4,4,0.07894736842105263,0.2,0.10298245614035087,0.031636688422130944,0.8308457711442786,False,0.14912280701754385,300,0.2,0.10969298245614034,0.033301040654926874,0.16417910447761194,False,0.07017543859649122
YFM,47,91,114,4,4,0.10526315789473684,0.2,0.105,0.0316448761766046,0.5323383084577115,False,0.16666666666666666,450,0.5,0.10473684210526316,0.03277015109438373,0.06467661691542288,False,0.06140350877192982
YFM,47,92,114,4,4,0.17543859649122806,0.8,0.1025,0.031172974754289078,0.01990049751243781,True,0.17543859649122806,900,0.8,0.1025,0.031172974754289078,0.01990049751243781,True,0.0
YFM,47,93,114,4,4,0.09649122807017543,0.8,0.10460526315789473,0.029988986988449522,0.6766169154228856,False,0.16666666666666666,90,0.8,0.1151754385964912,0.0334436987492717,0.0845771144278607,False,0.07017543859649122
YFM,47,94,114,4,4,0.09649122807017543,0.5,0.10315789473684209,0.02906314755883353,0.6218905472636815,False,0.15789473684210525,90,0.8,0.11302631578947368,0.03310516315419766,0.10945273631840796,False,0.06140350877192982
YFM,48,49,114,4,4,0.09649122807017543,0.8,0.1011842105263158,0.033943677228128126,0.572139303482587,False,0.19298245614035087,100,0.2,0.11473684210526315,0.037540555559845444,0.029850746268656716,True,0.09649122807017543
YFM,48,50,114,4,4,0.06140350877192982,0.2,0.10429824561403508,0.03058712116518899,0.945273631840796,False,0.12280701754385964,300,0.2,0.10951754385964911,0.03157230405108717,0.3582089552238806,False,0.06140350877192982
YFM,48,62,114,4,4,0.09649122807017543,0.8,0.10368421052631578,0.033690785158713925,0.6019900497512438,False,0.15789473684210525,60,0.5,0.11767543859649124,0.0373848832909556,0.17412935323383086,False,0.06140350877192982
YFM,48,63,114,4,4,0.12280701754385964,0.2,0.10026315789473685,0.03213713672266127,0.3034825870646766,False,0.16666666666666666,60,0.2,0.11728070175438596,0.03484787549860141,0.08955223880597014,False,0.043859649122807015
YFM,48,64,114,4,4,0.07017543859649122,0.2,0.09973684210526315,0.03263619043743878,0.8507462686567164,False,0.15789473684210525,100,0.8,0.10706140350877191,0.033385695265445735,0.06467661691542288,False,0.08771929824561403
YFM,48,65,114,4,4,0.11403508771929824,0.2,0.10258771929824562,0.03297666778126456,0.42786069651741293,False,0.15789473684210525,75,0.5,0.11614035087719297,0.03491361193816629,0.15422885572139303,False,0.043859649122807015
YFM,48,66,114,4,4,0.08771929824561403,0.8,0.10043859649122805,0.0340559534538616,0.6716417910447762,False,0.16666666666666666,75,0.2,0.11337719298245613,0.03510906407986328,0.0845771144278607,False,0.07894736842105263
YFM,48,67,114,4,4,0.11403508771929824,0.2,0.10175438596491226,0.03168261022878311,0.3781094527363184,False,0.13157894736842105,60,0.2,0.11736842105263155,0.03442645873069319,0.36318407960199006,False,0.017543859649122806
YFM,48,68,114,4,4,0.10526315789473684,0.2,0.10074561403508772,0.03151100937921471,0.472636815920398,False,0.17543859649122806,100,0.2,0.10956140350877192,0.03429626195445038,0.03980099502487562,True,0.07017543859649122
YFM,48,69,114,4,4,0.12280701754385964,0.2,0.10228070175438596,0.032076077570983054,0.2835820895522388,False,0.14035087719298245,60,0.8,0.11758771929824562,0.033244096786101754,0.2935323383084577,False,0.017543859649122806
YFM,48,70,114,4,4,0.07894736842105263,0.2,0.10662280701754386,0.030892876237532688,0.8407960199004975,False,0.13157894736842105,100,0.5,0.11412280701754388,0.033647489277487334,0.31343283582089554,False,0.05263157894736842
YFM,48,71,114,4,4,0.09649122807017543,0.2,0.10035087719298245,0.03241423725409422,0.6318407960199005,False,0.17543859649122806,60,0.2,0.11916666666666666,0.037529404171541526,0.0845771144278607,False,0.07894736842105263
YFM,48,72,114,4,4,0.07017543859649122,0.2,0.09671052631578946,0.030213783097852512,0.845771144278607,False,0.14912280701754385,60,0.2,0.11342105263157895,0.0335844556791612,0.18407960199004975,False,0.07894736842105263
YFM,48,73,114,4,4,0.07017543859649122,0.2,0.09885964912280702,0.031236573000415904,0.8656716417910447,False,0.14912280701754385,75,0.5,0.11640350877192983,0.033436760990149104,0.19900497512437812,False,0.07894736842105263
YFM,48,74,114,4,4,0.07894736842105263,0.2,0.10171052631578949,0.02979703107816775,0.7860696517412935,False,0.15789473684210525,180,0.8,0.11337719298245613,0.035383325671149636,0.14925373134328357,False,0.07894736842105263
YFM,48,75,114,4,4,0.08771929824561403,0.2,0.10008771929824561,0.031415304741775195,0.6716417910447762,False,0.16666666666666666,90,0.2,0.11469298245614035,0.0363216163035777,0.1044776119402985,False,0.07894736842105263
YFM,48,76,114,4,4,0.10526315789473684,0.2,0.10030701754385964,0.03160413029989769,0.4577114427860697,False,0.15789473684210525,100,0.8,0.10780701754385964,0.034516531319903024,0.0845771144278607,False,0.05263157894736842
YFM,48,77,114,4,4,0.08771929824561403,0.2,0.10057017543859648,0.03215358597806464,0.7064676616915423,False,0.15789473684210525,90,0.2,0.11149122807017545,0.033261451748479144,0.1044776119402985,False,0.07017543859649122
YFM,48,78,114,4,4,0.07017543859649122,0.2,0.10223684210526315,0.03167769757879677,0.8756218905472637,False,0.15789473684210525,100,0.2,0.11131578947368422,0.035069972590398964,0.11442786069651742,False,0.08771929824561403
YFM,48,79,114,4,4,0.10526315789473684,0.2,0.10399122807017544,0.034435863981148715,0.5223880597014925,False,0.14912280701754385,180,0.2,0.11355263157894736,0.03358085758774199,0.1691542288557214,False,0.043859649122807015
YFM,48,80,114,4,4,0.11403508771929824,0.5,0.09846491228070174,0.03163910219686059,0.3283582089552239,False,0.14035087719298245,100,0.5,0.11052631578947368,0.036692980817496355,0.20398009950248755,False,0.02631578947368421
YFM,48,81,114,4,4,0.15789473684210525,0.2,0.1037280701754386,0.030972128455308598,0.06965174129353234,False,0.17543859649122806,75,0.5,0.1170175438596491,0.03687630390524342,0.07462686567164178,False,0.017543859649122806
YFM,48,82,114,4,4,0.10526315789473684,0.2,0.10236842105263158,0.03271665629041499,0.5074626865671642,False,0.11403508771929824,150,0.5,0.10969298245614034,0.0320827973555288,0.47761194029850745,False,0.008771929824561403
YFM,48,83,114,4,4,0.08771929824561403,0.8,0.10179824561403507,0.030940401939624003,0.7263681592039801,False,0.14912280701754385,60,0.5,0.11978070175438596,0.03571680503777339,0.22388059701492538,False,0.06140350877192982
YFM,48,84,114,4,4,0.07894736842105263,0.2,0.0993859649122807,0.030119861930916602,0.7711442786069652,False,0.14912280701754385,60,0.5,0.12096491228070175,0.03546685319438508,0.25870646766169153,False,0.07017543859649122
YFM,48,85,114,4,4,0.07894736842105263,0.2,0.0993859649122807,0.031328041207301364,0.7910447761194029,False,0.15789473684210525,90,0.2,0.11644736842105263,0.03620432480671581,0.13432835820895522,False,0.07894736842105263
YFM,48,86,114,4,4,0.09649122807017543,0.5,0.10013157894736842,0.030593283275846553,0.5870646766169154,False,0.17543859649122806,60,0.2,0.11903508771929822,0.03509333905450158,0.0845771144278607,False,0.07894736842105263
YFM,48,87,114,4,4,0.09649122807017543,0.8,0.10285087719298247,0.03138756818764879,0.6119402985074627,False,0.18421052631578946,60,0.2,0.11469298245614035,0.033989894978025195,0.03482587064676617,True,0.08771929824561403
YFM,48,88,114,4,4,0.09649122807017543,0.2,0.10131578947368419,0.034507120042540404,0.572139303482587,False,0.15789473684210525,75,0.2,0.11640350877192981,0.036858159497549406,0.15422885572139303,False,0.06140350877192982
YFM,48,89,114,4,4,0.12280701754385964,0.2,0.1025,0.030546483350103695,0.2935323383084577,False,0.17543859649122806,100,0.5,0.11644736842105262,0.03240585609869895,0.06965174129353234,False,0.05263157894736842
YFM,48,90,114,4,4,0.06140350877192982,0.2,0.1013157894736842,0.033816681496899835,0.9253731343283582,False,0.14035087719298245,60,0.5,0.1193859649122807,0.03555613893475637,0.3283582089552239,False,0.07894736842105263
YFM,48,91,114,4,4,0.11403508771929824,0.5,0.10864035087719298,0.033563350970143284,0.472636815920398,False,0.19298245614035087,100,0.5,0.11807017543859649,0.03558929172175353,0.024875621890547265,True,0.07894736842105263
YFM,48,92,114,4,4,0.11403508771929824,0.8,0.09986842105263158,0.03218724012721974,0.3781094527363184,False,0.16666666666666666,60,0.2,0.1162280701754386,0.03458546910230606,0.09950248756218906,False,0.05263157894736842
YFM,48,93,114,4,4,0.09649122807017543,0.2,0.10508771929824562,0.030803411002335624,0.6716417910447762,False,0.17543859649122806,60,0.8,0.11837719298245614,0.03524163434078399,0.06467661691542288,False,0.07894736842105263
YFM,48,94,114,4,4,0.06140350877192982,0.2,0.10184210526315787,0.031570007648587854,0.9203980099502488,False,0.18421052631578946,60,0.8,0.11982456140350876,0.03612416174182688,0.06467661691542288,False,0.12280701754385964
YFM,49,50,114,4,4,0.05263157894736842,0.2,0.10320175438596492,0.029639336203358995,0.9751243781094527,False,0.18421052631578946,150,0.8,0.11228070175438595,0.03203458260526511,0.01990049751243781,True,0.13157894736842105
YFM,49,62,114,4,4,0.07017543859649122,0.2,0.1044298245614035,0.028679545345389974,0.9402985074626866,False,0.17543859649122806,75,0.5,0.11719298245614035,0.03437565403238937,0.05472636815920398,False,0.10526315789473684
YFM,49,63,114,4,4,0.09649122807017543,0.5,0.10192982456140351,0.031456756162560835,0.6169154228855721,False,0.17543859649122806,75,0.2,0.12030701754385965,0.03581173042981364,0.08955223880597014,False,0.07894736842105263
YFM,49,64,114,4,4,0.08771929824561403,0.5,0.10131578947368419,0.03122468721987176,0.7064676616915423,False,0.18421052631578946,150,0.2,0.10833333333333332,0.03461899298975882,0.04975124378109453,True,0.09649122807017543
YFM,49,65,114,4,4,0.08771929824561403,0.2,0.10679824561403507,0.030909643641666245,0.7661691542288557,False,0.21929824561403508,100,0.8,0.11605263157894737,0.031593514913584295,0.004975124378109453,True,0.13157894736842105
YFM,49,66,114,4,4,0.09649122807017543,0.8,0.10206140350877194,0.03298815674558629,0.6119402985074627,False,0.18421052631578946,100,0.2,0.11565789473684208,0.034577949704651736,0.05472636815920398,False,0.08771929824561403
YFM,49,67,114,4,4,0.06140350877192982,0.2,0.10434210526315787,0.032135783118411525,0.9303482587064676,False,0.16666666666666666,100,0.8,0.11600877192982456,0.030721426676877876,0.07960199004975124,False,0.10526315789473684
YFM,49,68,114,4,4,0.06140350877192982,0.2,0.10149122807017545,0.03106029856871745,0.9303482587064676,False,0.17543859649122806,75,0.8,0.11486842105263158,0.03429183649755419,0.05970149253731343,False,0.11403508771929824
YFM,49,69,114,4,4,0.12280701754385964,0.2,0.10385964912280703,0.030997118298102658,0.3034825870646766,False,0.20175438596491227,100,0.2,0.11644736842105263,0.03556861561744548,0.03980099502487562,True,0.07894736842105263
YFM,49,70,114,4,4,0.07017543859649122,0.8,0.10535087719298247,0.029665579138998376,0.9104477611940298,False,0.14912280701754385,75,0.5,0.11868421052631577,0.03444161816618671,0.18407960199004975,False,0.07894736842105263
YFM,49,71,114,4,4,0.08771929824561403,0.5,0.10289473684210526,0.031532261472934905,0.736318407960199,False,0.19298245614035087,75,0.2,0.11539473684210524,0.03550507210549918,0.03980099502487562,True,0.10526315789473684
YFM,49,72,114,4,4,0.08771929824561403,0.2,0.0994736842105263,0.030213815092099458,0.6567164179104478,False,0.20175438596491227,75,0.8,0.11583333333333332,0.03456922627282595,0.004975124378109453,True,0.11403508771929824
YFM,49,73,114,4,4,0.08771929824561403,0.5,0.10078947368421051,0.031091156556045822,0.6915422885572139,False,0.18421052631578946,75,0.2,0.11741228070175438,0.03518321550211632,0.05472636815920398,False,0.09649122807017543
YFM,49,74,114,4,4,0.12280701754385964,0.2,0.10293859649122807,0.03128317486136607,0.31840796019900497,False,0.16666666666666666,150,0.5,0.11228070175438595,0.031986264956941804,0.05472636815920398,False,0.043859649122807015
YFM,49,75,114,4,4,0.09649122807017543,0.5,0.10267543859649121,0.031200499306170765,0.6417910447761194,False,0.21929824561403508,75,0.2,0.11557017543859648,0.03519156698784459,0.009950248756218905,True,0.12280701754385964
YFM,49,76,114,4,4,0.10526315789473684,0.2,0.10057017543859648,0.031226266060630028,0.47761194029850745,False,0.17543859649122806,150,0.2,0.10842105263157893,0.03480046392987165,0.06965174129353234,False,0.07017543859649122
YFM,49,77,114,4,4,0.08771929824561403,0.2,0.10057017543859649,0.030575583620217915,0.7164179104477612,False,0.18421052631578946,150,0.2,0.10815789473684209,0.03560308722132672,0.04975124378109453,True,0.09649122807017543
YFM,49,78,114,4,4,0.07894736842105263,0.2,0.1018421052631579,0.03164340986886055,0.7960199004975125,False,0.16666666666666666,60,0.5,0.11640350877192981,0.03885002046901625,0.13432835820895522,False,0.08771929824561403
YFM,49,79,114,4,4,0.08771929824561403,0.2,0.10346491228070175,0.030907892248855675,0.7412935323383084,False,0.19298245614035087,60,0.5,0.1225,0.03559513102080519,0.03482587064676617,True,0.10526315789473684
YFM,49,80,114,4,4,0.07894736842105263,0.8,0.10026315789473685,0.02911990183806014,0.8109452736318408,False,0.16666666666666666,75,0.5,0.1151315789473684,0.03493240663585124,0.09950248756218906,False,0.08771929824561403
YFM,49,81,114,4,4,0.09649122807017543,0.2,0.10596491228070175,0.03220744575091153,0.5970149253731343,False,0.18421052631578946,60,0.5,0.12188596491228068,0.036230588414223525,0.07462686567164178,False,0.08771929824561403
YFM,49,82,114,4,4,0.12280701754385964,0.8,0.1042982456140351,0.033460805738165504,0.31343283582089554,False,0.21052631578947367,75,0.2,0.11552631578947369,0.03554874327865979,0.014925373134328358,True,0.08771929824561403
YFM,49,83,114,4,4,0.11403508771929824,0.2,0.10315789473684209,0.032953707170217346,0.39800995024875624,False,0.20175438596491227,75,0.8,0.11776315789473683,0.035973969052936365,0.009950248756218905,True,0.08771929824561403
YFM,49,84,114,4,4,0.06140350877192982,0.8,0.10328947368421051,0.033972826778441344,0.9253731343283582,False,0.15789473684210525,75,0.5,0.11666666666666665,0.03372794994388028,0.15920398009950248,False,0.09649122807017543
YFM,49,85,114,4,4,0.08771929824561403,0.5,0.10026315789473685,0.030785204153774642,0.7014925373134329,False,0.19298245614035087,75,0.8,0.11811403508771928,0.03534987033781405,0.029850746268656716,True,0.10526315789473684
YFM,49,86,114,4,4,0.07017543859649122,0.8,0.10192982456140351,0.0326509968303895,0.900497512437811,False,0.2631578947368421,75,0.5,0.11802631578947369,0.033633782624702804,0.004975124378109453,True,0.19298245614035087
YFM,49,87,114,4,4,0.03508771929824561,0.2,0.10070175438596492,0.03220264318527474,1.0,False,0.19298245614035087,100,0.2,0.11723684210526315,0.03631352471067393,0.05472636815920398,False,0.15789473684210525
YFM,49,88,114,4,4,0.09649122807017543,0.2,0.10416666666666666,0.03269097016420294,0.6218905472636815,False,0.19298245614035087,75,0.5,0.11824561403508771,0.033853365419749024,0.024875621890547265,True,0.09649122807017543
YFM,49,89,114,4,4,0.10526315789473684,0.5,0.10640350877192983,0.03199001218345374,0.5671641791044776,False,0.23684210526315788,75,0.5,0.12429824561403507,0.03523189544869106,0.004975124378109453,True,0.13157894736842105
YFM,49,90,114,4,4,0.09649122807017543,0.5,0.1031140350877193,0.03302704883899866,0.6368159203980099,False,0.19298245614035087,60,0.8,0.1187719298245614,0.03593528043078331,0.03980099502487562,True,0.09649122807017543
YFM,49,91,114,4,4,0.09649122807017543,0.2,0.10429824561403507,0.03372554235642483,0.6268656716417911,False,0.20175438596491227,150,0.2,0.11328947368421054,0.0333449023386646,0.009950248756218905,True,0.10526315789473684
YFM,49,92,114,4,4,0.14035087719298245,0.8,0.10298245614035087,0.0325879342100253,0.14925373134328357,False,0.19298245614035087,180,0.2,0.11271929824561404,0.033030004872826896,0.029850746268656716,True,0.05263157894736842
YFM,49,93,114,4,4,0.07894736842105263,0.5,0.10421052631578948,0.038997539708359494,0.7661691542288557,False,0.18421052631578946,60,0.2,0.11719298245614035,0.03656673029199524,0.06965174129353234,False,0.10526315789473684
YFM,49,94,114,4,4,0.05263157894736842,0.2,0.10359649122807017,0.033340408590369526,0.9601990049751243,False,0.19298245614035087,75,0.5,0.12175438596491228,0.0361468467511696,0.029850746268656716,True,0.14035087719298245
YFM,50,62,114,4,4,0.07894736842105263,0.2,0.10793859649122807,0.03148915967792575,0.8706467661691543,False,0.13157894736842105,60,0.8,0.11846491228070175,0.03293912488997841,0.373134328358209,False,0.05263157894736842
YFM,50,63,114,4,4,0.12280701754385964,0.2,0.10267543859649124,0.03264196572957902,0.2935323383084577,False,0.16666666666666666,75,0.8,0.121359649122807,0.034440130590983144,0.11442786069651742,False,0.043859649122807015
YFM,50,64,114,4,4,0.07894736842105263,0.5,0.10592105263157894,0.03152278720114144,0.8507462686567164,False,0.14912280701754385,150,0.5,0.1081140350877193,0.03190077543120141,0.14925373134328357,False,0.07017543859649122
YFM,50,65,114,4,4,0.08771929824561403,0.2,0.10657894736842106,0.028883113884685514,0.7910447761194029,False,0.16666666666666666,150,0.2,0.1118859649122807,0.036135479275437955,0.0845771144278607,False,0.07894736842105263
YFM,50,66,114,4,4,0.07017543859649122,0.2,0.10144736842105263,0.03278121113627042,0.845771144278607,False,0.16666666666666666,75,0.2,0.11416666666666667,0.03337619682219115,0.07960199004975124,False,0.09649122807017543
YFM,50,67,114,4,4,0.09649122807017543,0.2,0.1025,0.030948898840526245,0.6019900497512438,False,0.17543859649122806,150,0.2,0.11206140350877192,0.03070883786246748,0.024875621890547265,True,0.07894736842105263
YFM,50,68,114,4,4,0.10526315789473684,0.2,0.10350877192982455,0.031986264956941804,0.4925373134328358,False,0.20175438596491227,150,0.2,0.10789473684210528,0.030513839092435328,0.009950248756218905,True,0.09649122807017543
YFM,50,69,114,4,4,0.10526315789473684,0.2,0.10618421052631578,0.030187664489277146,0.572139303482587,False,0.14912280701754385,150,0.5,0.11171052631578947,0.03232868340283939,0.17412935323383086,False,0.043859649122807015
YFM,50,70,114,4,4,0.06140350877192982,0.2,0.10688596491228068,0.0336599841892498,0.9402985074626866,False,0.15789473684210525,150,0.5,0.11157894736842104,0.03567957154725439,0.14427860696517414,False,0.09649122807017543
YFM,50,71,114,4,4,0.07894736842105263,0.2,0.10473684210526316,0.03297013018081198,0.835820895522388,False,0.14035087719298245,150,0.5,0.10916666666666665,0.031922101141732606,0.19900497512437812,False,0.06140350877192982
YFM,50,72,114,4,4,0.09649122807017543,0.2,0.10263157894736842,0.033428549448498886,0.6069651741293532,False,0.12280701754385964,150,0.5,0.10964912280701754,0.03239466790503621,0.39800995024875624,False,0.02631578947368421
YFM,50,73,114,4,4,0.10526315789473684,0.5,0.1044298245614035,0.02922709399506651,0.5223880597014925,False,0.15789473684210525,300,0.8,0.1094736842105263,0.03111564693792341,0.0945273631840796,False,0.05263157894736842
YFM,50,74,114,4,4,0.07894736842105263,0.2,0.10684210526315788,0.029242469533254777,0.8756218905472637,False,0.17543859649122806,150,0.8,0.11574561403508771,0.03291211448477323,0.06467661691542288,False,0.09649122807017543
YFM,50,75,114,4,4,0.13157894736842105,0.2,0.10320175438596489,0.033486074556576276,0.23383084577114427,False,0.15789473684210525,100,0.2,0.11359649122807015,0.03239168373406538,0.09950248756218906,False,0.02631578947368421
YFM,50,76,114,4,4,0.07894736842105263,0.2,0.10508771929824562,0.030866110872219545,0.8507462686567164,False,0.16666666666666666,150,0.2,0.10785087719298246,0.032007986723929176,0.06467661691542288,False,0.08771929824561403
YFM,50,77,114,4,4,0.08771929824561403,0.2,0.10631578947368421,0.031419858460413314,0.7412935323383084,False,0.14912280701754385,150,0.2,0.10767543859649123,0.031815815779509246,0.11940298507462686,False,0.06140350877192982
YFM,50,78,114,4,4,0.07894736842105263,0.5,0.10719298245614034,0.03265810151459796,0.8557213930348259,False,0.13157894736842105,150,0.2,0.10881578947368421,0.03091789887147002,0.2537313432835821,False,0.05263157894736842
YFM,50,79,114,4,4,0.07894736842105263,0.8,0.10425438596491228,0.0317579133906213,0.8109452736318408,False,0.14035087719298245,100,0.2,0.11434210526315787,0.0352567722885234,0.263681592039801,False,0.06140350877192982
YFM,50,80,114,4,4,0.09649122807017543,0.5,0.10653508771929822,0.030430058118693256,0.6417910447761194,False,0.14912280701754385,150,0.5,0.10942982456140349,0.03229828945461934,0.14925373134328357,False,0.05263157894736842
YFM,50,81,114,4,4,0.09649122807017543,0.2,0.10535087719298243,0.03328934025322714,0.6417910447761194,False,0.19298245614035087,150,0.2,0.11166666666666664,0.030674475608138244,0.014925373134328358,True,0.09649122807017543
YFM,50,82,114,4,4,0.09649122807017543,0.5,0.10539473684210526,0.03322524897906054,0.6417910447761194,False,0.13157894736842105,150,0.8,0.10925438596491227,0.031594585791513814,0.29850746268656714,False,0.03508771929824561
YFM,50,83,114,4,4,0.09649122807017543,0.2,0.10618421052631578,0.03200315422641086,0.6766169154228856,False,0.14035087719298245,150,0.2,0.11162280701754387,0.03505395426434239,0.24378109452736318,False,0.043859649122807015
YFM,50,84,114,4,4,0.07894736842105263,0.8,0.10416666666666666,0.03381882534366278,0.8009950248756219,False,0.13157894736842105,300,0.8,0.105,0.032262024617272345,0.21393034825870647,False,0.05263157894736842
YFM,50,85,114,4,4,0.07894736842105263,0.2,0.10495614035087719,0.0320029125823799,0.835820895522388,False,0.15789473684210525,150,0.8,0.10828947368421052,0.02984241496212114,0.05970149253731343,False,0.07894736842105263
YFM,50,86,114,4,4,0.11403508771929824,0.5,0.10434210526315789,0.03102152711395795,0.39800995024875624,False,0.18421052631578946,100,0.2,0.1169298245614035,0.034767893530236446,0.05472636815920398,False,0.07017543859649122
YFM,50,87,114,4,4,0.05263157894736842,0.2,0.10429824561403507,0.032641876886669904,0.9850746268656716,False,0.14035087719298245,60,0.2,0.11846491228070175,0.03416078707613695,0.35323383084577115,False,0.08771929824561403
YFM,50,88,114,4,4,0.12280701754385964,0.5,0.10315789473684209,0.030491528462311814,0.31840796019900497,False,0.19298245614035087,150,0.5,0.11026315789473685,0.028812879003502975,0.004975124378109453,True,0.07017543859649122
YFM,50,89,114,4,4,0.10526315789473684,0.5,0.10741228070175439,0.03092290096847697,0.5671641791044776,False,0.16666666666666666,100,0.5,0.11320175438596491,0.03349323299432671,0.0845771144278607,False,0.06140350877192982
YFM,50,90,114,4,4,0.07017543859649122,0.8,0.10438596491228068,0.03297435191859723,0.900497512437811,False,0.12280701754385964,150,0.8,0.11337719298245615,0.032750056507953464,0.39303482587064675,False,0.05263157894736842
YFM,50,91,114,4,4,0.09649122807017543,0.5,0.10263157894736841,0.033242962729565076,0.6318407960199005,False,0.14912280701754385,100,0.2,0.11745614035087718,0.03619206727607983,0.22388059701492538,False,0.05263157894736842
YFM,50,92,114,4,4,0.10526315789473684,0.8,0.10714912280701754,0.03254801253273735,0.5422885572139303,False,0.14912280701754385,225,0.2,0.11192982456140349,0.03045346130359517,0.14427860696517414,False,0.043859649122807015
YFM,50,93,114,4,4,0.08771929824561403,0.2,0.1045175438596491,0.032854261148250456,0.7313432835820896,False,0.16666666666666666,150,0.2,0.10986842105263157,0.032797248940605,0.06965174129353234,False,0.07894736842105263
YFM,50,94,114,4,4,0.06140350877192982,0.2,0.10815789473684209,0.031030406782688962,0.9651741293532339,False,0.14035087719298245,60,0.5,0.11991228070175439,0.03497856158162801,0.3482587064676617,False,0.07894736842105263
YFM,62,63,114,4,4,0.09649122807017543,0.2,0.10780701754385964,0.03144483064189288,0.681592039800995,False,0.14035087719298245,60,0.5,0.1206578947368421,0.03601758162719232,0.31840796019900497,False,0.043859649122807015
YFM,62,64,114,4,4,0.09649122807017543,0.2,0.1055263157894737,0.030664389550008882,0.6567164179104478,False,0.11403508771929824,180,0.8,0.10938596491228068,0.03387563064995278,0.4626865671641791,False,0.017543859649122806
YFM,62,65,114,4,4,0.09649122807017543,0.2,0.10666666666666666,0.03250714972926044,0.6368159203980099,False,0.16666666666666666,60,0.8,0.11486842105263158,0.03423541119042754,0.07960199004975124,False,0.07017543859649122
YFM,62,66,114,4,4,0.06140350877192982,0.2,0.10394736842105262,0.03253461518938448,0.9353233830845771,False,0.16666666666666666,75,0.8,0.11092105263157893,0.03448635573709956,0.07960199004975124,False,0.10526315789473684
YFM,62,67,114,4,4,0.08771929824561403,0.8,0.10495614035087719,0.03183331171843267,0.7263681592039801,False,0.14912280701754385,180,0.2,0.11307017543859649,0.03067548403155565,0.16417910447761194,False,0.06140350877192982
YFM,62,68,114,4,4,0.09649122807017543,0.8,0.10723684210526314,0.030405142691263477,0.6915422885572139,False,0.12280701754385964,100,0.2,0.11052631578947367,0.03488879519218255,0.38308457711442784,False,0.02631578947368421
YFM,62,69,114,4,4,0.09649122807017543,0.2,0.1012280701754386,0.030218933735315083,0.6019900497512438,False,0.12280701754385964,100,0.2,0.11328947368421051,0.032582446025577694,0.39303482587064675,False,0.02631578947368421
YFM,62,70,114,4,4,0.07894736842105263,0.5,0.10543859649122807,0.029756288831480064,0.845771144278607,False,0.13157894736842105,150,0.2,0.11144736842105261,0.03448523450124463,0.32338308457711445,False,0.05263157894736842
YFM,62,71,114,4,4,0.07894736842105263,0.8,0.10394736842105264,0.03495246345551339,0.8159203980099502,False,0.14035087719298245,100,0.5,0.11359649122807017,0.03607392582121006,0.25870646766169153,False,0.06140350877192982
YFM,62,72,114,4,4,0.08771929824561403,0.2,0.10399122807017543,0.029250897848707044,0.7860696517412935,False,0.11403508771929824,100,0.2,0.11350877192982456,0.03416805878132855,0.5223880597014925,False,0.02631578947368421
YFM,62,73,114,4,4,0.07894736842105263,0.2,0.10328947368421051,0.03130739153040002,0.8009950248756219,False,0.16666666666666666,450,0.8,0.10149122807017542,0.034030511266285444,0.05472636815920398,False,0.08771929824561403
YFM,62,74,114,4,4,0.08771929824561403,0.2,0.1082017543859649,0.03160045967629381,0.7910447761194029,False,0.14912280701754385,180,0.2,0.1144736842105263,0.035512177429465636,0.17412935323383086,False,0.06140350877192982
YFM,62,75,114,4,4,0.15789473684210525,0.2,0.10320175438596489,0.03177982165596977,0.05970149253731343,False,0.15789473684210525,900,0.2,0.10324561403508771,0.03163021004029654,0.06467661691542288,False,0.0
YFM,62,76,114,4,4,0.08771929824561403,0.8,0.10561403508771929,0.030676114279357465,0.7562189054726368,False,0.12280701754385964,180,0.5,0.11135964912280702,0.033638380866586715,0.4129353233830846,False,0.03508771929824561
YFM,62,77,114,4,4,0.10526315789473684,0.2,0.10469298245614034,0.029977896410219522,0.5422885572139303,False,0.14035087719298245,450,0.2,0.10530701754385964,0.0298411192375803,0.18407960199004975,False,0.03508771929824561
YFM,62,78,114,4,4,0.09649122807017543,0.8,0.10561403508771929,0.030116395576224305,0.6616915422885572,False,0.11403508771929824,180,0.5,0.11219298245614034,0.0353357844842654,0.5074626865671642,False,0.017543859649122806
YFM,62,79,114,4,4,0.07894736842105263,0.5,0.10565789473684209,0.02879660272937848,0.8407960199004975,False,0.15789473684210525,180,0.8,0.11991228070175439,0.03481235064352489,0.1890547263681592,False,0.07894736842105263
YFM,62,80,114,4,4,0.07894736842105263,0.8,0.10526315789473685,0.02992525694097752,0.835820895522388,False,0.12280701754385964,450,0.5,0.10438596491228068,0.03042500676684824,0.31840796019900497,False,0.043859649122807015
YFM,62,81,114,4,4,0.12280701754385964,0.8,0.10289473684210527,0.0337704556868414,0.29850746268656714,False,0.17543859649122806,75,0.8,0.11771929824561404,0.033536641548278984,0.07960199004975124,False,0.05263157894736842
YFM,62,82,114,4,4,0.06140350877192982,0.2,0.1081140350877193,0.03388735682849835,0.9353233830845771,False,0.18421052631578946,180,0.8,0.1126315789473684,0.03159021026142461,0.029850746268656716,True,0.12280701754385964
YFM,62,83,114,4,4,0.14035087719298245,0.8,0.10504385964912281,0.03276776163507887,0.17412935323383086,False,0.16666666666666666,60,0.2,0.11635964912280702,0.03560707822902214,0.12437810945273632,False,0.02631578947368421
YFM,62,84,114,4,4,0.12280701754385964,0.2,0.10644736842105262,0.03111213617632439,0.34328358208955223,False,0.14035087719298245,450,0.8,0.10736842105263157,0.03041534650092229,0.16417910447761194,False,0.017543859649122806
YFM,62,85,114,4,4,0.07894736842105263,0.8,0.10666666666666666,0.03343363852886043,0.8507462686567164,False,0.13157894736842105,180,0.5,0.10969298245614034,0.03572113514134317,0.3283582089552239,False,0.05263157894736842
YFM,62,86,114,4,4,0.13157894736842105,0.8,0.10890350877192984,0.03255276414547641,0.25870646766169153,False,0.16666666666666666,150,0.8,0.11403508771929824,0.034800019488016365,0.08955223880597014,False,0.03508771929824561
YFM,62,87,114,4,4,0.13157894736842105,0.2,0.10587719298245615,0.032329072116633745,0.2537313432835821,False,0.14035087719298245,225,0.5,0.11,0.03181463081085841,0.22388059701492538,False,0.008771929824561403
YFM,62,88,114,4,4,0.12280701754385964,0.2,0.10662280701754387,0.03180560537056506,0.3333333333333333,False,0.14912280701754385,450,0.5,0.10758771929824562,0.031870943992628346,0.09950248756218906,False,0.02631578947368421
YFM,62,89,114,4,4,0.13157894736842105,0.8,0.10600877192982455,0.03201982326051636,0.23383084577114427,False,0.14912280701754385,150,0.8,0.11399122807017545,0.03230499293988589,0.17412935323383086,False,0.017543859649122806
YFM,62,90,114,4,4,0.06140350877192982,0.2,0.10543859649122807,0.033067561516980044,0.9303482587064676,False,0.15789473684210525,300,0.2,0.10763157894736843,0.03450667182245072,0.1044776119402985,False,0.09649122807017543
YFM,62,91,114,4,4,0.10526315789473684,0.2,0.10679824561403509,0.03261399788404156,0.5422885572139303,False,0.18421052631578946,60,0.5,0.11719298245614035,0.03340587049007672,0.03980099502487562,True,0.07894736842105263
YFM,62,92,114,4,4,0.14912280701754385,0.2,0.10456140350877191,0.03267230624821497,0.0945273631840796,False,0.15789473684210525,100,0.2,0.11526315789473682,0.032383207189006065,0.0845771144278607,False,0.008771929824561403
YFM,62,93,114,4,4,0.11403508771929824,0.8,0.10644736842105262,0.03239081827305779,0.46766169154228854,False,0.16666666666666666,90,0.8,0.11679824561403508,0.03688822925221222,0.10945273631840796,False,0.05263157894736842
YFM,62,94,114,4,4,0.07017543859649122,0.5,0.10587719298245613,0.030393345235529546,0.9054726368159204,False,0.16666666666666666,180,0.8,0.11434210526315787,0.033095817864293255,0.07960199004975124,False,0.09649122807017543
YFM,63,64,114,4,4,0.11403508771929824,0.2,0.10223684210526315,0.03194510723541235,0.3880597014925373,False,0.14912280701754385,90,0.2,0.11491228070175438,0.03519774691009574,0.22885572139303484,False,0.03508771929824561
YFM,63,65,114,4,4,0.13157894736842105,0.8,0.10526315789473685,0.031314338008729535,0.25870646766169153,False,0.18421052631578946,150,0.8,0.11153508771929824,0.03433443247891215,0.024875621890547265,True,0.05263157894736842
YFM,63,66,114,4,4,0.07894736842105263,0.2,0.10249999999999998,0.033940259626400966,0.8059701492537313,False,0.20175438596491227,100,0.2,0.11679824561403507,0.03212591512455357,0.004975124378109453,True,0.12280701754385964
YFM,63,67,114,4,4,0.07894736842105263,0.2,0.10535087719298245,0.03442005607552702,0.7960199004975125,False,0.17543859649122806,180,0.5,0.11469298245614035,0.03306729841791995,0.05970149253731343,False,0.09649122807017543
YFM,63,68,114,4,4,0.12280701754385964,0.2,0.10232456140350876,0.02978638828441158,0.29850746268656714,False,0.17543859649122806,300,0.2,0.1062719298245614,0.034968251831893726,0.03482587064676617,True,0.05263157894736842
YFM,63,69,114,4,4,0.13157894736842105,0.2,0.10096491228070174,0.032809655169125984,0.19402985074626866,False,0.15789473684210525,450,0.2,0.1062719298245614,0.030503414706881136,0.05472636815920398,False,0.02631578947368421
YFM,63,70,114,4,4,0.07894736842105263,0.2,0.10298245614035087,0.033094211376826096,0.7661691542288557,False,0.13157894736842105,60,0.8,0.1194298245614035,0.03429273854784635,0.4079601990049751,False,0.05263157894736842
YFM,63,71,114,4,4,0.07894736842105263,0.5,0.10157894736842105,0.029605169283566688,0.8059701492537313,False,0.14912280701754385,450,0.8,0.10592105263157894,0.035295793828088014,0.14427860696517414,False,0.07017543859649122
YFM,63,72,114,4,4,0.10526315789473684,0.5,0.10302631578947369,0.032596920970132046,0.5024875621890548,False,0.15789473684210525,300,0.2,0.10635964912280702,0.03373869600664635,0.08955223880597014,False,0.05263157894736842
YFM,63,73,114,4,4,0.12280701754385964,0.5,0.10381578947368421,0.033077119363501474,0.27860696517412936,False,0.14035087719298245,300,0.5,0.10890350877192981,0.034095980731461736,0.21890547263681592,False,0.017543859649122806
YFM,63,74,114,4,4,0.17543859649122806,0.5,0.10543859649122807,0.032537110899759,0.04975124378109453,True,0.17543859649122806,900,0.5,0.10543859649122807,0.032537110899759,0.04975124378109453,True,0.0
YFM,63,75,114,4,4,0.11403508771929824,0.5,0.10350877192982455,0.03204665063455184,0.39800995024875624,False,0.14035087719298245,90,0.5,0.11701754385964913,0.03447001011647742,0.2835820895522388,False,0.02631578947368421
YFM,63,76,114,4,4,0.14035087719298245,0.8,0.1019736842105263,0.0320760474342495,0.14427860696517414,False,0.15789473684210525,90,0.2,0.11539473684210527,0.0350998116780759,0.15422885572139303,False,0.017543859649122806
YFM,63,77,114,4,4,0.11403508771929824,0.5,0.1018421052631579,0.032296523572978464,0.3880597014925373,False,0.15789473684210525,450,0.2,0.1057456140350877,0.03287096910893689,0.08955223880597014,False,0.043859649122807015
YFM,63,78,114,4,4,0.11403508771929824,0.8,0.10293859649122807,0.03286249852852133,0.38308457711442784,False,0.15789473684210525,450,0.2,0.10596491228070175,0.031650374225629586,0.08955223880597014,False,0.043859649122807015
YFM,63,79,114,4,4,0.08771929824561403,0.2,0.10355263157894737,0.033076184160984574,0.7512437810945274,False,0.17543859649122806,450,0.5,0.1062719298245614,0.03268197968736306,0.04477611940298507,True,0.08771929824561403
YFM,63,80,114,4,4,0.07894736842105263,0.8,0.1012719298245614,0.03218868166159094,0.7562189054726368,False,0.14912280701754385,450,0.2,0.10592105263157894,0.03330034397193404,0.1044776119402985,False,0.07017543859649122
YFM,63,81,114,4,4,0.14035087719298245,0.5,0.10236842105263158,0.0322883813103772,0.14925373134328357,False,0.17543859649122806,90,0.2,0.11745614035087719,0.0334839094050588,0.07960199004975124,False,0.03508771929824561
YFM,63,82,114,4,4,0.14035087719298245,0.2,0.10482456140350876,0.03235585221454247,0.16417910447761194,False,0.14912280701754385,225,0.8,0.10864035087719298,0.03291187951446758,0.12437810945273632,False,0.008771929824561403
YFM,63,83,114,4,4,0.10526315789473684,0.8,0.1011842105263158,0.03384099903921477,0.48756218905472637,False,0.14912280701754385,450,0.8,0.10657894736842106,0.03516202570101564,0.16417910447761194,False,0.043859649122807015
YFM,63,84,114,4,4,0.12280701754385964,0.2,0.1025877192982456,0.03220549479499571,0.2736318407960199,False,0.14035087719298245,90,0.8,0.11543859649122808,0.035191594456566645,0.2885572139303483,False,0.017543859649122806
YFM,63,85,114,4,4,0.11403508771929824,0.2,0.10311403508771928,0.03344586650386618,0.4228855721393035,False,0.15789473684210525,75,0.2,0.11868421052631578,0.0379559219823502,0.1691542288557214,False,0.043859649122807015
YFM,63,86,114,4,4,0.14035087719298245,0.5,0.10653508771929822,0.031071345018841703,0.1691542288557214,False,0.17543859649122806,75,0.2,0.11833333333333332,0.034330068258695376,0.06965174129353234,False,0.03508771929824561
YFM,63,87,114,4,4,0.13157894736842105,0.5,0.10368421052631578,0.035063025781379306,0.22885572139303484,False,0.17543859649122806,225,0.2,0.11285087719298247,0.03458465853954764,0.04975124378109453,True,0.043859649122807015
YFM,63,88,114,4,4,0.09649122807017543,0.5,0.10429824561403507,0.034462717974651995,0.6169154228855721,False,0.16666666666666666,180,0.2,0.11157894736842106,0.03369537562174379,0.0845771144278607,False,0.07017543859649122
YFM,63,89,114,4,4,0.11403508771929824,0.2,0.10421052631578948,0.029945407065770417,0.4129353233830846,False,0.16666666666666666,60,0.2,0.12135964912280701,0.034529831576764376,0.10945273631840796,False,0.05263157894736842
YFM,63,90,114,4,4,0.07894736842105263,0.2,0.09947368421052633,0.03322481256061625,0.7562189054726368,False,0.17543859649122806,300,0.5,0.10535087719298247,0.033474669851794064,0.029850746268656716,True,0.09649122807017543
YFM,63,91,114,4,4,0.12280701754385964,0.2,0.10517543859649121,0.03272705506031183,0.3333333333333333,False,0.18421052631578946,150,0.8,0.11565789473684208,0.0314631166402668,0.029850746268656716,True,0.06140350877192982
YFM,63,92,114,4,4,0.14912280701754385,0.2,0.10701754385964911,0.03337066447096007,0.14925373134328357,False,0.18421052631578946,450,0.2,0.11030701754385965,0.03572589764909859,0.029850746268656716,True,0.03508771929824561
YFM,63,93,114,4,4,0.11403508771929824,0.2,0.10416666666666666,0.03191289406041719,0.38308457711442784,False,0.15789473684210525,90,0.2,0.11956140350877192,0.03800071951960795,0.1691542288557214,False,0.043859649122807015
YFM,63,94,114,4,4,0.12280701754385964,0.8,0.10631578947368421,0.03459452375345173,0.3482587064676617,False,0.15789473684210525,100,0.2,0.11780701754385964,0.03424571574423092,0.13930348258706468,False,0.03508771929824561
YFM,64,65,114,4,4,0.08771929824561403,0.2,0.10543859649122807,0.0300150530402966,0.7412935323383084,False,0.23684210526315788,75,0.2,0.11175438596491227,0.03351218969024377,0.004975124378109453,True,0.14912280701754385
YFM,64,66,114,4,4,0.017543859649122806,0.2,0.10385964912280703,0.03141838165100918,1.0,False,0.20175438596491227,100,0.2,0.10969298245614034,0.030879105145844125,0.009950248756218905,True,0.18421052631578946
YFM,64,67,114,4,4,0.07017543859649122,0.2,0.1030263157894737,0.03209484725552364,0.8756218905472637,False,0.14912280701754385,60,0.8,0.11412280701754388,0.03497723502816949,0.1691542288557214,False,0.07894736842105263
YFM,64,68,114,4,4,0.06140350877192982,0.2,0.10149122807017542,0.04105471496773189,0.8507462686567164,False,0.08771929824561403,300,0.2,0.1011842105263158,0.04045096330909913,0.6069651741293532,False,0.02631578947368421
YFM,64,69,114,4,4,0.08771929824561403,0.5,0.09833333333333334,0.029081102922616477,0.6517412935323383,False,0.11403508771929824,450,0.2,0.10026315789473685,0.028448233215524588,0.3333333333333333,False,0.02631578947368421
YFM,64,70,114,4,4,0.07894736842105263,0.2,0.10583333333333332,0.028003942787769052,0.8756218905472637,False,0.11403508771929824,225,0.2,0.11179824561403506,0.035098710039208655,0.5223880597014925,False,0.03508771929824561
YFM,64,71,114,4,4,0.10526315789473684,0.2,0.09916666666666668,0.0317216097796406,0.43283582089552236,False,0.14035087719298245,100,0.2,0.10565789473684209,0.034310999963773785,0.22885572139303484,False,0.03508771929824561
YFM,64,72,114,4,4,0.08771929824561403,0.2,0.09061403508771929,0.040481850691808346,0.472636815920398,False,0.09649122807017543,180,0.2,0.0919736842105263,0.041471410147190996,0.3781094527363184,False,0.008771929824561403
YFM,64,73,114,4,4,0.08771929824561403,0.2,0.10052631578947369,0.02880388624052073,0.6965174129353234,False,0.14912280701754385,100,0.2,0.11192982456140349,0.031795178862715545,0.12437810945273632,False,0.06140350877192982
YFM,64,74,114,4,4,0.09649122807017543,0.2,0.1045175438596491,0.02832929282894342,0.6517412935323383,False,0.15789473684210525,180,0.8,0.11030701754385965,0.03232820497944549,0.1044776119402985,False,0.06140350877192982
YFM,64,75,114,4,4,0.14912280701754385,0.2,0.0894736842105263,0.03494416547807943,0.07462686567164178,False,0.18421052631578946,150,0.2,0.0907017543859649,0.036970553113350624,0.03482587064676617,True,0.03508771929824561
YFM,64,76,114,4,4,0.07894736842105263,0.2,0.15267543859649124,0.022473598562242205,0.9850746268656716,False,0.08771929824561403,60,0.2,0.15403508771929825,0.017336337654796134,0.9850746268656716,False,0.008771929824561403
YFM,64,77,114,4,4,0.14035087719298245,0.2,0.15346491228070178,0.02207257602386075,0.8059701492537313,False,0.14035087719298245,60,0.2,0.1543859649122807,0.017322057308340803,0.8905472636815921,False,0.0
YFM,64,78,114,4,4,0.05263157894736842,0.2,0.13710526315789473,0.037601790518919105,0.9950248756218906,False,0.06140350877192982,60,0.2,0.1366666666666667,0.03542070682310441,0.9800995024875622,False,0.008771929824561403
YFM,64,79,114,4,4,0.11403508771929824,0.2,0.10188596491228069,0.028464097399403955,0.373134328358209,False,0.14912280701754385,180,0.5,0.11166666666666668,0.031958570221130085,0.15422885572139303,False,0.03508771929824561
YFM,64,80,114,4,4,0.10526315789473684,0.2,0.09692982456140349,0.04324930167022753,0.39303482587064675,False,0.11403508771929824,100,0.2,0.09662280701754387,0.04239808895036465,0.3482587064676617,False,0.008771929824561403
YFM,64,81,114,4,4,0.19298245614035087,0.2,0.10298245614035087,0.029655801877585018,0.014925373134328358,True,0.21929824561403508,300,0.5,0.10592105263157894,0.031412196757521396,0.004975124378109453,True,0.02631578947368421
YFM,64,82,114,4,4,0.09649122807017543,0.2,0.10328947368421051,0.030972128455308598,0.6417910447761194,False,0.13157894736842105,90,0.2,0.10710526315789473,0.03331952645842591,0.25870646766169153,False,0.03508771929824561
YFM,64,83,114,4,4,0.13157894736842105,0.2,0.09850877192982456,0.03227161135990982,0.208955223880597,False,0.14912280701754385,100,0.2,0.11214912280701755,0.03502018427873042,0.20398009950248755,False,0.017543859649122806
YFM,64,84,114,4,4,0.09649122807017543,0.2,0.09087719298245613,0.027487787219924772,0.417910447761194,False,0.13157894736842105,60,0.2,0.10188596491228069,0.0324385333391651,0.21393034825870647,False,0.03508771929824561
YFM,64,85,114,4,4,0.11403508771929824,0.2,0.09596491228070175,0.028436405756201672,0.2935323383084577,False,0.16666666666666666,300,0.2,0.1007017543859649,0.03170652182028091,0.029850746268656716,True,0.05263157894736842
YFM,64,86,114,4,4,0.12280701754385964,0.2,0.10293859649122807,0.030367476563680242,0.2835820895522388,False,0.19298245614035087,60,0.8,0.11324561403508772,0.033557734248944426,0.024875621890547265,True,0.07017543859649122
YFM,64,87,114,4,4,0.10526315789473684,0.2,0.10285087719298244,0.03214227989893212,0.4925373134328358,False,0.14912280701754385,225,0.8,0.10741228070175439,0.03274486118807621,0.11940298507462686,False,0.043859649122807015
YFM,64,88,114,4,4,0.14912280701754385,0.2,0.0962280701754386,0.030550691950911445,0.06965174129353234,False,0.14912280701754385,150,0.5,0.10320175438596489,0.033091144229637715,0.0945273631840796,False,0.0
YFM,64,89,114,4,4,0.14912280701754385,0.2,0.10609649122807017,0.0295298105307875,0.1044776119402985,False,0.19298245614035087,180,0.2,0.11122807017543859,0.032427594901073276,0.014925373134328358,True,0.043859649122807015
YFM,64,90,114,4,4,0.03508771929824561,0.2,0.10271929824561403,0.02884077897015605,0.9950248756218906,False,0.14912280701754385,100,0.2,0.1137280701754386,0.03134368145231504,0.15422885572139303,False,0.11403508771929824
YFM,64,91,114,4,4,0.08771929824561403,0.2,0.10320175438596489,0.031314060179182694,0.7064676616915423,False,0.16666666666666666,450,0.8,0.10403508771929826,0.032857350407858504,0.04975124378109453,True,0.07894736842105263
YFM,64,92,114,4,4,0.16666666666666666,0.5,0.09745614035087719,0.029662972184396532,0.029850746268656716,True,0.17543859649122806,60,0.2,0.10464912280701753,0.03168883385911701,0.03980099502487562,True,0.008771929824561403
YFM,64,93,114,4,4,0.14035087719298245,0.2,0.10407894736842106,0.03229517664919196,0.1691542288557214,False,0.17543859649122806,90,0.2,0.11179824561403506,0.034722126715317235,0.06965174129353234,False,0.03508771929824561
YFM,64,94,114,4,4,0.06140350877192982,0.2,0.1031578947368421,0.030706350961306382,0.9402985074626866,False,0.16666666666666666,90,0.2,0.10868421052631579,0.033123991741073236,0.06965174129353234,False,0.10526315789473684
YFM,65,66,114,4,4,0.07894736842105263,0.2,0.1057456140350877,0.033649873722274425,0.8308457711442786,False,0.16666666666666666,150,0.2,0.11087719298245614,0.03610917326207309,0.08955223880597014,False,0.08771929824561403
YFM,65,67,114,4,4,0.13157894736842105,0.2,0.10543859649122808,0.030117936227563123,0.2537313432835821,False,0.16666666666666666,150,0.2,0.11267543859649123,0.032574375231983276,0.06467661691542288,False,0.03508771929824561
YFM,65,68,114,4,4,0.07894736842105263,0.2,0.10671052631578946,0.03088887073500231,0.8407960199004975,False,0.18421052631578946,150,0.2,0.10885964912280702,0.03474653391155554,0.01990049751243781,True,0.10526315789473684
YFM,65,69,114,4,4,0.12280701754385964,0.2,0.10359649122807017,0.029852681590177288,0.2835820895522388,False,0.20175438596491227,60,0.5,0.11763157894736842,0.03497944592265149,0.01990049751243781,True,0.07894736842105263
YFM,65,70,114,4,4,0.08771929824561403,0.2,0.10609649122807017,0.03112356799786398,0.7512437810945274,False,0.16666666666666666,150,0.2,0.11153508771929825,0.036844178016696226,0.0945273631840796,False,0.07894736842105263
YFM,65,71,114,4,4,0.09649122807017543,0.8,0.10482456140350876,0.03073794167148453,0.6318407960199005,False,0.19298245614035087,150,0.5,0.11096491228070175,0.03407865364198714,0.029850746268656716,True,0.09649122807017543
YFM,65,72,114,4,4,0.07894736842105263,0.2,0.10741228070175439,0.03156642492710493,0.8308457711442786,False,0.18421052631578946,150,0.8,0.10671052631578946,0.03369098600455482,0.029850746268656716,True,0.10526315789473684
YFM,65,73,114,4,4,0.13157894736842105,0.2,0.10434210526315787,0.030946649887915532,0.23383084577114427,False,0.17543859649122806,150,0.2,0.11092105263157893,0.03182748080742739,0.029850746268656716,True,0.043859649122807015
YFM,65,74,114,4,4,0.14035087719298245,0.5,0.10732456140350877,0.02861718919140626,0.14925373134328357,False,0.17543859649122806,90,0.2,0.11394736842105262,0.033300953570349845,0.05970149253731343,False,0.03508771929824561
YFM,65,75,114,4,4,0.12280701754385964,0.2,0.10179824561403511,0.029546827992925337,0.2736318407960199,False,0.24561403508771928,90,0.5,0.11298245614035085,0.03573804458098918,0.004975124378109453,True,0.12280701754385964
YFM,65,76,114,4,4,0.07894736842105263,0.5,0.10592105263157894,0.02959965058255529,0.8557213930348259,False,0.23684210526315788,75,0.5,0.11381578947368422,0.033166542861070805,0.004975124378109453,True,0.15789473684210525
YFM,65,77,114,4,4,0.10526315789473684,0.2,0.10508771929824562,0.028765198766259072,0.5373134328358209,False,0.21929824561403508,75,0.5,0.11293859649122806,0.03335835097312909,0.004975124378109453,True,0.11403508771929824
YFM,65,78,114,4,4,0.08771929824561403,0.2,0.1075,0.030690700898090985,0.7761194029850746,False,0.21929824561403508,75,0.2,0.11315789473684208,0.034330180890707204,0.004975124378109453,True,0.13157894736842105
YFM,65,79,114,4,4,0.11403508771929824,0.2,0.10732456140350877,0.03296235959746422,0.46766169154228854,False,0.17543859649122806,60,0.2,0.11938596491228068,0.03587012277275141,0.07960199004975124,False,0.06140350877192982
YFM,65,80,114,4,4,0.15789473684210525,0.2,0.10517543859649121,0.031190490371077725,0.07462686567164178,False,0.24561403508771928,150,0.8,0.10684210526315788,0.03433873984263653,0.004975124378109453,True,0.08771929824561403
YFM,65,81,114,4,4,0.14035087719298245,0.5,0.10508771929824562,0.03169432428275575,0.14925373134328357,False,0.24561403508771928,75,0.2,0.11508771929824561,0.031456756162560835,0.004975124378109453,True,0.10526315789473684
YFM,65,82,114,4,4,0.12280701754385964,0.2,0.10609649122807017,0.03088661741155509,0.34328358208955223,False,0.20175438596491227,150,0.2,0.11171052631578947,0.031590669261563564,0.004975124378109453,True,0.07894736842105263
YFM,65,83,114,4,4,0.16666666666666666,0.8,0.10092105263157894,0.028939920606110028,0.014925373134328358,True,0.21052631578947367,150,0.8,0.11399122807017542,0.03458264602573379,0.009950248756218905,True,0.043859649122807015
YFM,65,84,114,4,4,0.10526315789473684,0.2,0.10513157894736841,0.03119653330116237,0.5373134328358209,False,0.17543859649122806,75,0.8,0.11587719298245613,0.035727548142844706,0.07462686567164178,False,0.07017543859649122
YFM,65,85,114,4,4,0.09649122807017543,0.5,0.10179824561403507,0.034374051114628656,0.582089552238806,False,0.21929824561403508,150,0.8,0.11118421052631579,0.03760824267948239,0.014925373134328358,True,0.12280701754385964
YFM,65,86,114,4,4,0.12280701754385964,0.2,0.10657894736842105,0.029016678129489416,0.3333333333333333,False,0.2543859649122807,150,0.2,0.11355263157894736,0.032753126082345284,0.004975124378109453,True,0.13157894736842107
YFM,65,87,114,4,4,0.08771929824561403,0.2,0.10276315789473683,0.033628953794044555,0.6865671641791045,False,0.17543859649122806,225,0.8,0.10842105263157893,0.03320851550143168,0.04477611940298507,True,0.08771929824561403
YFM,65,88,114,4,4,0.14912280701754385,0.5,0.1037719298245614,0.032312323284518725,0.09950248756218906,False,0.24561403508771928,150,0.2,0.11236842105263158,0.03281436889529864,0.004975124378109453,True,0.09649122807017543
YFM,65,89,114,4,4,0.14912280701754385,0.8,0.10671052631578945,0.030586963146027733,0.10945273631840796,False,0.21052631578947367,75,0.8,0.11605263157894737,0.034146210710404606,0.014925373134328358,True,0.06140350877192982
YFM,65,90,114,4,4,0.07894736842105263,0.2,0.10486842105263157,0.03189301709190091,0.835820895522388,False,0.19298245614035087,90,0.2,0.11903508771929823,0.03165220669641088,0.009950248756218905,True,0.11403508771929824
YFM,65,91,114,4,4,0.11403508771929824,0.8,0.10614035087719298,0.033126443048485846,0.4577114427860697,False,0.20175438596491227,150,0.5,0.11771929824561403,0.03522366329980313,0.014925373134328358,True,0.08771929824561403
YFM,65,92,114,4,4,0.11403508771929824,0.8,0.10684210526315789,0.03349510894473503,0.4427860696517413,False,0.21929824561403508,150,0.5,0.11078947368421053,0.03591881370972395,0.009950248756218905,True,0.10526315789473684
YFM,65,93,114,4,4,0.09649122807017543,0.2,0.10640350877192983,0.033059960033998914,0.6268656716417911,False,0.17543859649122806,90,0.8,0.11504385964912281,0.033810134776921144,0.06467661691542288,False,0.07894736842105263
YFM,65,94,114,4,4,0.06140350877192982,0.5,0.10530701754385964,0.032028516703998665,0.9353233830845771,False,0.15789473684210525,90,0.8,0.1162280701754386,0.03325168524584662,0.13432835820895522,False,0.09649122807017543
YFM,66,67,114,4,4,0.06140350877192982,0.2,0.10434210526315789,0.0319305789994894,0.9303482587064676,False,0.20175438596491227,100,0.8,0.11118421052631579,0.034899183812434086,0.029850746268656716,True,0.14035087719298245
YFM,66,68,114,4,4,0.06140350877192982,0.8,0.1011842105263158,0.029897819337623158,0.9502487562189055,False,0.22807017543859648,100,0.2,0.10899122807017544,0.03388165116581894,0.014925373134328358,True,0.16666666666666666
YFM,66,69,114,4,4,0.08771929824561403,0.2,0.10236842105263158,0.033279117181794306,0.6865671641791045,False,0.21052631578947367,100,0.2,0.11526315789473685,0.031658680577023986,0.004975124378109453,True,0.12280701754385964
YFM,66,70,114,4,4,0.05263157894736842,0.2,0.10434210526315789,0.030353721879042176,0.9800995024875622,False,0.15789473684210525,75,0.2,0.11723684210526315,0.03579877142219101,0.1890547263681592,False,0.10526315789473684
YFM,66,71,114,4,4,0.06140350877192982,0.2,0.10127192982456139,0.033240607257748175,0.900497512437811,False,0.18421052631578946,75,0.2,0.11271929824561402,0.03274784269401185,0.024875621890547265,True,0.12280701754385964
YFM,66,72,114,4,4,0.03508771929824561,0.5,0.1011842105263158,0.03092765221128225,0.9850746268656716,False,0.21929824561403508,100,0.2,0.1094736842105263,0.032915198314550385,0.004975124378109453,True,0.18421052631578946
YFM,66,73,114,4,4,0.07017543859649122,0.2,0.10026315789473683,0.031134902478965262,0.8805970149253731,False,0.17543859649122806,100,0.2,0.11478070175438596,0.034226148561211034,0.05970149253731343,False,0.10526315789473684
YFM,66,74,114,4,4,0.12280701754385964,0.2,0.10714912280701754,0.030840011866174084,0.3283582089552239,False,0.19298245614035087,100,0.5,0.11526315789473683,0.034778234879524327,0.03482587064676617,True,0.07017543859649122
YFM,66,75,114,4,4,0.05263157894736842,0.2,0.10280701754385965,0.031155387235657958,0.9701492537313433,False,0.21052631578947367,100,0.2,0.1107456140350877,0.03130739153040001,0.004975124378109453,True,0.15789473684210525
YFM,66,76,114,4,4,0.03508771929824561,0.2,0.10328947368421051,0.031295038428452125,0.9950248756218906,False,0.21052631578947367,100,0.2,0.1094736842105263,0.030728002281014067,0.009950248756218905,True,0.17543859649122806
YFM,66,77,114,4,4,0.02631578947368421,0.2,0.10241228070175439,0.031925008089441084,1.0,False,0.20175438596491227,100,0.2,0.10907894736842104,0.030546483350103695,0.009950248756218905,True,0.17543859649122806
YFM,66,78,114,4,4,0.043859649122807015,0.2,0.10337719298245612,0.030550280609480538,0.9800995024875622,False,0.18421052631578946,100,0.2,0.10907894736842107,0.031061138859293867,0.029850746268656716,True,0.14035087719298245
YFM,66,79,114,4,4,0.043859649122807015,0.2,0.10140350877192982,0.0306735932104523,0.9900497512437811,False,0.18421052631578946,100,0.2,0.11578947368421051,0.032263103268028,0.029850746268656716,True,0.14035087719298245
YFM,66,80,114,4,4,0.05263157894736842,0.2,0.10144736842105262,0.030164343504776186,0.9651741293532339,False,0.19298245614035087,100,0.2,0.11026315789473685,0.031209328053828443,0.009950248756218905,True,0.14035087719298245
YFM,66,81,114,4,4,0.09649122807017543,0.8,0.1044736842105263,0.03042742135411182,0.6467661691542289,False,0.21052631578947367,100,0.2,0.11557017543859648,0.03498218171112357,0.014925373134328358,True,0.11403508771929824
YFM,66,82,114,4,4,0.07017543859649122,0.2,0.10285087719298244,0.031608534485558164,0.8855721393034826,False,0.19298245614035087,75,0.2,0.11385964912280702,0.03396739160191337,0.01990049751243781,True,0.12280701754385964
YFM,66,83,114,4,4,0.05263157894736842,0.2,0.1006140350877193,0.030398433648559486,0.9601990049751243,False,0.19298245614035087,75,0.2,0.11600877192982456,0.03383597122773883,0.03482587064676617,True,0.14035087719298245
YFM,66,84,114,4,4,0.09649122807017543,0.5,0.09964912280701753,0.030016083617750256,0.6069651741293532,False,0.17543859649122806,100,0.5,0.1119736842105263,0.033578324300124425,0.06965174129353234,False,0.07894736842105263
YFM,66,85,114,4,4,0.03508771929824561,0.2,0.09982456140350876,0.031147939791968875,0.9900497512437811,False,0.19298245614035087,100,0.2,0.11162280701754385,0.032738247770378266,0.009950248756218905,True,0.15789473684210525
YFM,66,86,114,4,4,0.09649122807017543,0.5,0.10355263157894737,0.031593361928059824,0.6169154228855721,False,0.21929824561403508,100,0.2,0.11083333333333333,0.02987582522719763,0.004975124378109453,True,0.12280701754385964
YFM,66,87,114,4,4,0.08771929824561403,0.8,0.10337719298245612,0.03328803350151054,0.7213930348258707,False,0.19298245614035087,60,0.2,0.1206578947368421,0.03274486118807621,0.014925373134328358,True,0.10526315789473684
YFM,66,88,114,4,4,0.07017543859649122,0.5,0.1025877192982456,0.03288273018409741,0.8606965174129353,False,0.17543859649122806,100,0.2,0.10864035087719298,0.031025016971113477,0.03980099502487562,True,0.10526315789473684
YFM,66,89,114,4,4,0.09649122807017543,0.8,0.1019298245614035,0.029424378266260567,0.6716417910447762,False,0.21052631578947367,100,0.2,0.11714912280701753,0.03607550680099431,0.01990049751243781,True,0.11403508771929824
YFM,66,90,114,4,4,0.07017543859649122,0.2,0.10245614035087719,0.032877585231398665,0.8855721393034826,False,0.19298245614035087,75,0.2,0.11675438596491228,0.03406321915995679,0.03482587064676617,True,0.12280701754385964
YFM,66,91,114,4,4,0.13157894736842105,0.2,0.10346491228070175,0.031527202750010266,0.21890547263681592,False,0.21052631578947367,100,0.5,0.12026315789473684,0.03728455207751635,0.01990049751243781,True,0.07894736842105263
YFM,66,92,114,4,4,0.10526315789473684,0.2,0.10271929824561404,0.03109861759808998,0.48258706467661694,False,0.19298245614035087,100,0.2,0.11539473684210526,0.033900590267624486,0.014925373134328358,True,0.08771929824561403
YFM,66,93,114,4,4,0.07894736842105263,0.2,0.10486842105263157,0.0338914643108524,0.8159203980099502,False,0.19298245614035087,90,0.2,0.11622807017543858,0.03599881643551482,0.04477611940298507,True,0.11403508771929824
YFM,66,94,114,4,4,0.05263157894736842,0.5,0.1064035087719298,0.03361667739417523,0.9751243781094527,False,0.16666666666666666,60,0.8,0.11754385964912281,0.03401334976746019,0.11442786069651742,False,0.11403508771929824
YFM,67,68,114,4,4,0.09649122807017543,0.2,0.1018421052631579,0.03259445949677099,0.6069651741293532,False,0.14912280701754385,60,0.2,0.11429824561403508,0.03549213731032309,0.19900497512437812,False,0.05263157894736842
YFM,67,69,114,4,4,0.10526315789473684,0.2,0.1037719298245614,0.03152490306214841,0.527363184079602,False,0.13157894736842105,450,0.2,0.10662280701754386,0.03075488783971367,0.29850746268656714,False,0.02631578947368421
YFM,67,70,114,4,4,0.09649122807017543,0.2,0.1064035087719298,0.03223084801066939,0.6616915422885572,False,0.14912280701754385,60,0.2,0.11978070175438596,0.03246141165844614,0.24378109452736318,False,0.05263157894736842
YFM,67,71,114,4,4,0.10526315789473684,0.2,0.10355263157894737,0.03266446481530043,0.5074626865671642,False,0.14912280701754385,60,0.2,0.11557017543859648,0.03562835605299042,0.20398009950248755,False,0.043859649122807015
YFM,67,72,114,4,4,0.07894736842105263,0.2,0.10342105263157894,0.032603948491650804,0.8009950248756219,False,0.14912280701754385,60,0.2,0.11140350877192982,0.032537586251459936,0.15920398009950248,False,0.07017543859649122
YFM,67,73,114,4,4,0.11403508771929824,0.2,0.10416666666666666,0.030271317992147002,0.43283582089552236,False,0.16666666666666666,150,0.8,0.11412280701754385,0.0342511349775509,0.06965174129353234,False,0.05263157894736842
YFM,67,74,114,4,4,0.07017543859649122,0.2,0.10258771929824562,0.02829405644218232,0.9054726368159204,False,0.16666666666666666,180,0.5,0.11754385964912281,0.034666429668668036,0.11442786069651742,False,0.09649122807017543
YFM,67,75,114,4,4,0.09649122807017543,0.8,0.10114035087719297,0.032262024617272345,0.5671641791044776,False,0.15789473684210525,60,0.2,0.11543859649122806,0.033961471676798874,0.12935323383084577,False,0.06140350877192982
YFM,67,76,114,4,4,0.07894736842105263,0.8,0.1031140350877193,0.03278026749166001,0.7960199004975125,False,0.14912280701754385,60,0.8,0.11460526315789472,0.03504446664104143,0.1791044776119403,False,0.07017543859649122
YFM,67,77,114,4,4,0.08771929824561403,0.2,0.10276315789473683,0.03235140036443572,0.7014925373134329,False,0.14912280701754385,60,0.8,0.11451754385964913,0.03538616682324462,0.18407960199004975,False,0.06140350877192982
YFM,67,78,114,4,4,0.07894736842105263,0.2,0.10399122807017544,0.03220789595472497,0.8208955223880597,False,0.14912280701754385,60,0.8,0.11504385964912281,0.035949669179713276,0.20398009950248755,False,0.07017543859649122
YFM,67,79,114,4,4,0.07894736842105263,0.2,0.10254385964912281,0.03245893990894825,0.7860696517412935,False,0.16666666666666666,90,0.8,0.12223684210526314,0.03158577291619931,0.1044776119402985,False,0.08771929824561403
YFM,67,80,114,4,4,0.08771929824561403,0.8,0.1037280701754386,0.031967371039999755,0.7114427860696517,False,0.14912280701754385,60,0.8,0.1162719298245614,0.035054616095723766,0.19900497512437812,False,0.06140350877192982
YFM,67,81,114,4,4,0.11403508771929824,0.5,0.10513157894736842,0.03489408684924003,0.4427860696517413,False,0.15789473684210525,75,0.5,0.11785087719298247,0.03235379069568054,0.13432835820895522,False,0.043859649122807015
YFM,67,82,114,4,4,0.10526315789473684,0.5,0.10307017543859648,0.0340559534538616,0.48756218905472637,False,0.15789473684210525,180,0.8,0.11315789473684208,0.031804420021494945,0.09950248756218906,False,0.05263157894736842
YFM,67,83,114,4,4,0.09649122807017543,0.2,0.10276315789473683,0.03579012947697598,0.6218905472636815,False,0.14912280701754385,60,0.8,0.1187719298245614,0.035239906226792225,0.23880597014925373,False,0.05263157894736842
YFM,67,84,114,4,4,0.09649122807017543,0.2,0.10219298245614034,0.02992202649276376,0.5970149253731343,False,0.14912280701754385,60,0.8,0.11780701754385964,0.03472783346844104,0.20398009950248755,False,0.05263157894736842
YFM,67,85,114,4,4,0.07017543859649122,0.2,0.10280701754385965,0.03095617558117147,0.8606965174129353,False,0.14912280701754385,180,0.2,0.11649122807017545,0.03396966822148295,0.21890547263681592,False,0.07894736842105263
YFM,67,86,114,4,4,0.12280701754385964,0.8,0.10350877192982455,0.03186515030407055,0.3283582089552239,False,0.18421052631578946,60,0.5,0.11649122807017542,0.03713460126516389,0.04975124378109453,True,0.06140350877192982
YFM,67,87,114,4,4,0.12280701754385964,0.8,0.10359649122807017,0.029277224823195485,0.30845771144278605,False,0.13157894736842105,60,0.5,0.11521929824561403,0.03744069314736971,0.36318407960199006,False,0.008771929824561403
YFM,67,88,114,4,4,0.17543859649122806,0.2,0.10460526315789473,0.03431821167254704,0.03980099502487562,True,0.17543859649122806,450,0.5,0.10929824561403506,0.03192382717385919,0.03482587064676617,True,0.0
YFM,67,89,114,4,4,0.12280701754385964,0.2,0.10346491228070175,0.031367358330710214,0.30845771144278605,False,0.18421052631578946,180,0.5,0.11342105263157894,0.03472783346844104,0.03482587064676617,True,0.06140350877192982
YFM,67,90,114,4,4,0.08771929824561403,0.2,0.10333333333333333,0.03201236554468497,0.7512437810945274,False,0.16666666666666666,100,0.2,0.11732456140350876,0.03195527307048944,0.07960199004975124,False,0.07894736842105263
YFM,67,91,114,4,4,0.17543859649122806,0.2,0.10504385964912279,0.03313154935641923,0.03980099502487562,True,0.18421052631578946,60,0.5,0.11758771929824562,0.03212013733118642,0.04477611940298507,True,0.008771929824561403
YFM,67,92,114,4,4,0.14035087719298245,0.5,0.10719298245614034,0.03451171396282826,0.19900497512437812,False,0.17543859649122806,60,0.2,0.11719298245614035,0.03456634593857843,0.06965174129353234,False,0.03508771929824561
YFM,67,93,114,4,4,0.07017543859649122,0.2,0.10324561403508771,0.03136011535063269,0.8805970149253731,False,0.20175438596491227,60,0.2,0.11583333333333332,0.03571355711556151,0.01990049751243781,True,0.13157894736842105
YFM,67,94,114,4,4,0.06140350877192982,0.8,0.10276315789473685,0.028500751623445255,0.9552238805970149,False,0.14912280701754385,60,0.2,0.11635964912280702,0.03371049103911428,0.19402985074626866,False,0.08771929824561403
YFM,68,69,114,4,4,0.09649122807017543,0.2,0.0994736842105263,0.03037972954146656,0.572139303482587,False,0.14035087719298245,450,0.5,0.09960526315789474,0.027570060778337818,0.11442786069651742,False,0.043859649122807015
YFM,68,70,114,4,4,0.12280701754385964,0.8,0.10767543859649123,0.028467629118959246,0.3333333333333333,False,0.14912280701754385,225,0.5,0.11153508771929825,0.03537720549165713,0.13930348258706468,False,0.02631578947368421
YFM,68,71,114,4,4,0.14035087719298245,0.2,0.10048245614035087,0.033633782624702804,0.14427860696517414,False,0.17543859649122806,100,0.2,0.10868421052631577,0.03247561312572818,0.04975124378109453,True,0.03508771929824561
YFM,68,72,114,4,4,0.08771929824561403,0.2,0.0869736842105263,0.030788563813337264,0.48258706467661694,False,0.09649122807017543,180,0.2,0.08925438596491228,0.03368708364241835,0.40298507462686567,False,0.008771929824561403
YFM,68,73,114,4,4,0.10526315789473684,0.2,0.09978070175438596,0.030213783097852515,0.4925373134328358,False,0.15789473684210525,225,0.5,0.10907894736842104,0.036029174112195334,0.11442786069651742,False,0.05263157894736842
YFM,68,74,114,4,4,0.10526315789473684,0.8,0.10166666666666666,0.02930098795103973,0.4975124378109453,False,0.15789473684210525,225,0.2,0.11175438596491227,0.03270637243828202,0.11940298507462686,False,0.05263157894736842
YFM,68,75,114,4,4,0.08771929824561403,0.2,0.08964912280701753,0.029758887611306288,0.4925373134328358,False,0.13157894736842105,180,0.2,0.0924561403508772,0.03460882750836056,0.15920398009950248,False,0.043859649122807015
YFM,68,76,114,4,4,0.06140350877192982,0.8,0.09811403508771929,0.04023242986554779,0.845771144278607,False,0.09649122807017543,300,0.2,0.09749999999999998,0.038434432320558494,0.4975124378109453,False,0.03508771929824561
YFM,68,77,114,4,4,0.06140350877192982,0.8,0.09706140350877192,0.039933382685451595,0.8308457711442786,False,0.08771929824561403,300,0.2,0.0962719298245614,0.03774678700408359,0.5771144278606966,False,0.02631578947368421
YFM,68,78,114,4,4,0.06140350877192982,0.8,0.0925,0.03923712261321761,0.8407960199004975,False,0.08771929824561403,300,0.2,0.09135964912280702,0.03808170458687703,0.472636815920398,False,0.02631578947368421
YFM,68,79,114,4,4,0.14035087719298245,0.2,0.10368421052631578,0.03314698021291893,0.15920398009950248,False,0.15789473684210525,300,0.2,0.10592105263157894,0.0362256787805158,0.09950248756218906,False,0.017543859649122806
YFM,68,80,114,4,4,0.08771929824561403,0.2,0.08609649122807017,0.0314631166402668,0.4577114427860697,False,0.14035087719298245,100,0.2,0.08350877192982456,0.033532029354901335,0.08955223880597014,False,0.05263157894736842
YFM,68,81,114,4,4,0.14035087719298245,0.5,0.10315789473684209,0.030567520559652485,0.14427860696517414,False,0.20175438596491227,150,0.8,0.10644736842105262,0.0319460755495562,0.014925373134328358,True,0.06140350877192982
YFM,68,82,114,4,4,0.09649122807017543,0.2,0.10381578947368421,0.031001328085727083,0.6368159203980099,False,0.12280701754385964,180,0.2,0.1082456140350877,0.029462200169886394,0.31840796019900497,False,0.02631578947368421
YFM,68,83,114,4,4,0.07017543859649122,0.2,0.10184210526315787,0.0307510215402193,0.8706467661691543,False,0.15789473684210525,100,0.5,0.11135964912280702,0.036249793632514786,0.12935323383084577,False,0.08771929824561403
YFM,68,84,114,4,4,0.11403508771929824,0.2,0.09754385964912281,0.03036852701263472,0.26865671641791045,False,0.15789473684210525,180,0.8,0.10065789473684211,0.02954735145172059,0.06965174129353234,False,0.043859649122807015
YFM,68,85,114,4,4,0.11403508771929824,0.2,0.09964912280701756,0.03042551511693335,0.34328358208955223,False,0.19298245614035087,450,0.2,0.10043859649122808,0.03187424986647698,0.009950248756218905,True,0.07894736842105263
YFM,68,86,114,4,4,0.13157894736842105,0.2,0.09912280701754388,0.028765736448600983,0.1691542288557214,False,0.19298245614035087,450,0.2,0.10377192982456139,0.032431768037495694,0.014925373134328358,True,0.06140350877192982
YFM,68,87,114,4,4,0.10526315789473684,0.2,0.10469298245614034,0.032716272181647896,0.5124378109452736,False,0.15789473684210525,100,0.2,0.11614035087719297,0.03261165626698332,0.12935323383084577,False,0.05263157894736842
YFM,68,88,114,4,4,0.16666666666666666,0.2,0.09666666666666666,0.028318132556366785,0.024875621890547265,True,0.17543859649122806,150,0.8,0.10434210526315789,0.03160192797689735,0.029850746268656716,True,0.008771929824561403
YFM,68,89,114,4,4,0.16666666666666666,0.5,0.10635964912280702,0.034609916809895724,0.05970149253731343,False,0.20175438596491227,180,0.8,0.1118859649122807,0.030444032333553712,0.004975124378109453,True,0.03508771929824561
YFM,68,90,114,4,4,0.10526315789473684,0.2,0.10083333333333332,0.030589744164022388,0.48756218905472637,False,0.17543859649122806,225,0.2,0.1069736842105263,0.03035754324990881,0.029850746268656716,True,0.07017543859649122
YFM,68,91,114,4,4,0.08771929824561403,0.2,0.10513157894736841,0.032968224358194895,0.7164179104477612,False,0.16666666666666666,60,0.2,0.11495614035087719,0.03370957340819143,0.09950248756218906,False,0.07894736842105263
YFM,68,92,114,4,4,0.16666666666666666,0.2,0.10096491228070174,0.0316458536773555,0.03482587064676617,True,0.18421052631578946,60,0.2,0.10736842105263157,0.03346600545384839,0.024875621890547265,True,0.017543859649122806
YFM,68,93,114,4,4,0.12280701754385964,0.5,0.10578947368421052,0.03552186669108726,0.3333333333333333,False,0.18421052631578946,90,0.2,0.11162280701754383,0.035219025008631666,0.029850746268656716,True,0.06140350877192982
YFM,68,94,114,4,4,0.12280701754385964,0.8,0.1020175438596491,0.029143793243455802,0.263681592039801,False,0.15789473684210525,300,0.2,0.10991228070175438,0.03290286126124503,0.10945273631840796,False,0.03508771929824561
YFM,69,70,114,4,4,0.09649122807017543,0.2,0.10539473684210526,0.031480317288716905,0.6417910447761194,False,0.10526315789473684,225,0.5,0.11197368421052632,0.03243018827044483,0.6766169154228856,False,0.008771929824561403
YFM,69,71,114,4,4,0.06140350877192982,0.5,0.10355263157894737,0.035761163743985344,0.9253731343283582,False,0.17543859649122806,75,0.5,0.11206140350877192,0.03566089956292552,0.06467661691542288,False,0.11403508771929824
YFM,69,72,114,4,4,0.08771929824561403,0.2,0.09894736842105262,0.030030507988563552,0.6865671641791045,False,0.13157894736842105,450,0.8,0.10210526315789473,0.03014462833976315,0.23383084577114427,False,0.043859649122807015
YFM,69,73,114,4,4,0.13157894736842105,0.5,0.1025,0.02889418975721196,0.21890547263681592,False,0.15789473684210525,225,0.2,0.108859649122807,0.03300002252042158,0.09950248756218906,False,0.02631578947368421
YFM,69,74,114,4,4,0.08771929824561403,0.2,0.10741228070175439,0.03314391794897337,0.7910447761194029,False,0.15789473684210525,180,0.8,0.11149122807017543,0.03324982463437873,0.13432835820895522,False,0.07017543859649122
YFM,69,75,114,4,4,0.12280701754385964,0.2,0.10021929824561403,0.030595305441654074,0.2835820895522388,False,0.14912280701754385,225,0.2,0.10736842105263157,0.03166112320682779,0.12935323383084577,False,0.02631578947368421
YFM,69,76,114,4,4,0.08771929824561403,0.5,0.09754385964912281,0.029906644775639576,0.6517412935323383,False,0.12280701754385964,450,0.8,0.09925438596491226,0.02839473254576401,0.24875621890547264,False,0.03508771929824561
YFM,69,77,114,4,4,0.08771929824561403,0.2,0.09850877192982456,0.029648890668570675,0.6567164179104478,False,0.11403508771929824,450,0.5,0.09969298245614035,0.0271642797274754,0.30845771144278605,False,0.02631578947368421
YFM,69,78,114,4,4,0.09649122807017543,0.5,0.10008771929824561,0.02810197770895059,0.6368159203980099,False,0.11403508771929824,450,0.8,0.10307017543859648,0.029857344128979692,0.3880597014925373,False,0.017543859649122806
YFM,69,79,114,4,4,0.07894736842105263,0.2,0.10307017543859648,0.0321279912652414,0.8109452736318408,False,0.12280701754385964,90,0.8,0.12241228070175439,0.03666449107241357,0.5074626865671642,False,0.043859649122807015
YFM,69,80,114,4,4,0.15789473684210525,0.2,0.10074561403508771,0.029258563853873376,0.04975124378109453,True,0.15789473684210525,450,0.2,0.10394736842105264,0.030573971178218015,0.06965174129353234,False,0.0
YFM,69,81,114,4,4,0.12280701754385964,0.2,0.10228070175438596,0.03293257983671174,0.27860696517412936,False,0.19298245614035087,90,0.5,0.1162280701754386,0.0326295549941624,0.014925373134328358,True,0.07017543859649122
YFM,69,82,114,4,4,0.10526315789473684,0.5,0.10017543859649121,0.032111257966672184,0.47761194029850745,False,0.14912280701754385,75,0.5,0.11223684210526315,0.030580894592550992,0.1691542288557214,False,0.043859649122807015
YFM,69,83,114,4,4,0.13157894736842105,0.2,0.10337719298245615,0.035924922344690614,0.24875621890547264,False,0.16666666666666666,180,0.8,0.10763157894736841,0.0336787322163584,0.05472636815920398,False,0.03508771929824561
YFM,69,84,114,4,4,0.14912280701754385,0.2,0.10232456140350876,0.03360479923259626,0.10945273631840796,False,0.14912280701754385,900,0.2,0.10232456140350876,0.03360479923259626,0.10945273631840796,False,0.0
YFM,69,85,114,4,4,0.08771929824561403,0.8,0.09728070175438595,0.030566888072795437,0.6865671641791045,False,0.16666666666666666,300,0.2,0.10460526315789473,0.03282081971052751,0.05472636815920398,False,0.07894736842105263
YFM,69,86,114,4,4,0.18421052631578946,0.2,0.10557017543859647,0.03244687626160263,0.029850746268656716,True,0.20175438596491227,150,0.5,0.11508771929824561,0.03600751568019461,0.024875621890547265,True,0.017543859649122806
YFM,69,87,114,4,4,0.12280701754385964,0.8,0.10412280701754385,0.03191740707358153,0.32338308457711445,False,0.14912280701754385,225,0.8,0.10890350877192984,0.033234557873998226,0.14427860696517414,False,0.02631578947368421
YFM,69,88,114,4,4,0.21052631578947367,0.5,0.10320175438596492,0.030462823889811596,0.004975124378109453,True,0.21052631578947367,900,0.5,0.10320175438596492,0.030462823889811596,0.004975124378109453,True,0.0
YFM,69,89,114,4,4,0.14912280701754385,0.2,0.10513157894736842,0.03102252425606249,0.12935323383084577,False,0.19298245614035087,75,0.8,0.1181140350877193,0.03076469285900564,0.014925373134328358,True,0.043859649122807015
YFM,69,90,114,4,4,0.09649122807017543,0.2,0.10228070175438596,0.030922181966830296,0.6069651741293532,False,0.16666666666666666,100,0.5,0.11557017543859649,0.03279135360079364,0.06965174129353234,False,0.07017543859649122
YFM,69,91,114,4,4,0.11403508771929824,0.2,0.10438596491228068,0.03278619430888579,0.43283582089552236,False,0.18421052631578946,450,0.5,0.10421052631578948,0.03287523298484728,0.014925373134328358,True,0.07017543859649122
YFM,69,92,114,4,4,0.15789473684210525,0.5,0.10460526315789473,0.02959965058255529,0.06467661691542288,False,0.20175438596491227,225,0.8,0.10929824561403509,0.031410996562490495,0.009950248756218905,True,0.043859649122807015
YFM,69,93,114,4,4,0.14035087719298245,0.2,0.10377192982456139,0.03382079756266218,0.18407960199004975,False,0.19298245614035087,90,0.5,0.11578947368421053,0.033301069683068604,0.029850746268656716,True,0.05263157894736842
YFM,69,94,114,4,4,0.09649122807017543,0.2,0.10228070175438596,0.02984037417049283,0.582089552238806,False,0.15789473684210525,90,0.2,0.11346491228070174,0.03494502302703286,0.13432835820895522,False,0.06140350877192982
YFM,70,71,114,4,4,0.08771929824561403,0.5,0.10504385964912281,0.029917987941977694,0.7761194029850746,False,0.13157894736842105,225,0.2,0.11114035087719298,0.03367184288365424,0.2885572139303483,False,0.043859649122807015
YFM,70,72,114,4,4,0.07894736842105263,0.5,0.10399122807017544,0.0270961538901571,0.8656716417910447,False,0.10526315789473684,450,0.2,0.10592105263157894,0.031078064317901322,0.5373134328358209,False,0.02631578947368421
YFM,70,73,114,4,4,0.09649122807017543,0.5,0.10535087719298247,0.030131156911625726,0.6417910447761194,False,0.12280701754385964,60,0.8,0.11912280701754387,0.032766847104548955,0.48258706467661694,False,0.02631578947368421
YFM,70,74,114,4,4,0.11403508771929824,0.2,0.10543859649122805,0.03132618977399665,0.417910447761194,False,0.15789473684210525,225,0.5,0.11552631578947366,0.03289345849583417,0.13432835820895522,False,0.043859649122807015
YFM,70,75,114,4,4,0.07017543859649122,0.5,0.10771929824561405,0.029022141145893618,0.9402985074626866,False,0.12280701754385964,225,0.2,0.11390350877192981,0.03452647199555544,0.43283582089552236,False,0.05263157894736842
YFM,70,76,114,4,4,0.08771929824561403,0.2,0.10438596491228071,0.02794758561060889,0.7711442786069652,False,0.11403508771929824,225,0.5,0.11166666666666666,0.034517875578630015,0.5074626865671642,False,0.02631578947368421
YFM,70,77,114,4,4,0.08771929824561403,0.2,0.10614035087719298,0.02743089820042374,0.7860696517412935,False,0.11403508771929824,225,0.2,0.11127192982456141,0.03456117191991938,0.5174129353233831,False,0.02631578947368421
YFM,70,78,114,4,4,0.08771929824561403,0.2,0.1055701754385965,0.028378386763628916,0.7910447761194029,False,0.11403508771929824,225,0.2,0.11171052631578947,0.03602810089065118,0.5074626865671642,False,0.02631578947368421
YFM,70,79,114,4,4,0.10526315789473684,0.8,0.10337719298245612,0.02969017099906417,0.5174129353233831,False,0.14035087719298245,225,0.2,0.11793859649122805,0.033838942297539844,0.24875621890547264,False,0.03508771929824561
YFM,70,80,114,4,4,0.10526315789473684,0.2,0.10649122807017544,0.030590281376996504,0.5771144278606966,False,0.13157894736842105,225,0.5,0.1119736842105263,0.03520848366128728,0.2935323383084577,False,0.02631578947368421
YFM,70,81,114,4,4,0.14035087719298245,0.2,0.10491228070175439,0.02987145682275536,0.15920398009950248,False,0.15789473684210525,150,0.8,0.111359649122807,0.03298839117258311,0.1044776119402985,False,0.017543859649122806
YFM,70,82,114,4,4,0.09649122807017543,0.2,0.10916666666666665,0.030825213665932414,0.6865671641791045,False,0.14912280701754385,225,0.2,0.11280701754385963,0.03568910702008634,0.1791044776119403,False,0.05263157894736842
YFM,70,83,114,4,4,0.13157894736842105,0.2,0.1055701754385965,0.030607182967656577,0.21393034825870647,False,0.13157894736842105,60,0.2,0.11736842105263158,0.031370594015328046,0.3482587064676617,False,0.0
YFM,70,84,114,4,4,0.07017543859649122,0.8,0.1056578947368421,0.031342694527564795,0.9054726368159204,False,0.10526315789473684,60,0.2,0.11517543859649121,0.03217080807952347,0.6716417910447762,False,0.03508771929824561
YFM,70,85,114,4,4,0.07017543859649122,0.8,0.1062719298245614,0.029888764899298294,0.9253731343283582,False,0.13157894736842105,225,0.2,0.11526315789473685,0.03529691670260082,0.3582089552238806,False,0.06140350877192982
YFM,70,86,114,4,4,0.08771929824561403,0.2,0.10697368421052632,0.03258149662421489,0.7512437810945274,False,0.16666666666666666,225,0.2,0.11592105263157894,0.03553533472884723,0.09950248756218906,False,0.07894736842105263
YFM,70,87,114,4,4,0.043859649122807015,0.2,0.10258771929824562,0.03174597920069131,0.9800995024875622,False,0.14912280701754385,60,0.2,0.11486842105263158,0.03246141165844614,0.15422885572139303,False,0.10526315789473684
YFM,70,88,114,4,4,0.07894736842105263,0.2,0.1031140350877193,0.031085030945767346,0.8258706467661692,False,0.13157894736842105,150,0.2,0.1126315789473684,0.0358879047753053,0.3283582089552239,False,0.05263157894736842
YFM,70,89,114,4,4,0.12280701754385964,0.5,0.1055701754385965,0.03203913882041546,0.3582089552238806,False,0.16666666666666666,450,0.2,0.10885964912280702,0.030274543099228567,0.04975124378109453,True,0.043859649122807015
YFM,70,90,114,4,4,0.07894736842105263,0.8,0.1062719298245614,0.03275288997145164,0.7960199004975125,False,0.14912280701754385,180,0.8,0.11333333333333333,0.03653838021304378,0.19900497512437812,False,0.07017543859649122
YFM,70,91,114,4,4,0.10526315789473684,0.8,0.10394736842105264,0.031013455315199452,0.527363184079602,False,0.14912280701754385,300,0.8,0.10912280701754387,0.03581456458767858,0.16417910447761194,False,0.043859649122807015
YFM,70,92,114,4,4,0.12280701754385964,0.2,0.10741228070175436,0.030985359047517463,0.34328358208955223,False,0.12280701754385964,60,0.2,0.11828947368421051,0.03339356997406603,0.472636815920398,False,0.0
YFM,70,93,114,4,4,0.08771929824561403,0.2,0.10328947368421051,0.03048135015501936,0.7412935323383084,False,0.15789473684210525,60,0.2,0.11885964912280703,0.03220012155157545,0.13930348258706468,False,0.07017543859649122
YFM,70,94,114,4,4,0.06140350877192982,0.2,0.10631578947368421,0.030634742550019006,0.9601990049751243,False,0.13157894736842105,225,0.5,0.1150877192982456,0.035422890038620626,0.3582089552238806,False,0.07017543859649122
YFM,71,72,114,4,4,0.11403508771929824,0.2,0.09864035087719297,0.03250783367493175,0.34328358208955223,False,0.14035087719298245,60,0.2,0.11280701754385966,0.03451036946409208,0.23880597014925373,False,0.02631578947368421
YFM,71,73,114,4,4,0.15789473684210525,0.2,0.09842105263157894,0.03198819906414861,0.05472636815920398,False,0.15789473684210525,100,0.5,0.11618421052631579,0.03328361920527711,0.13930348258706468,False,0.0
YFM,71,74,114,4,4,0.10526315789473684,0.5,0.10828947368421052,0.03336600036291601,0.5621890547263682,False,0.15789473684210525,180,0.8,0.11061403508771928,0.032983614393651224,0.11442786069651742,False,0.05263157894736842
YFM,71,75,114,4,4,0.14035087719298245,0.2,0.09846491228070174,0.031046944233675274,0.13432835820895522,False,0.20175438596491227,100,0.2,0.11035087719298246,0.03318894846712868,0.01990049751243781,True,0.06140350877192982
YFM,71,76,114,4,4,0.12280701754385964,0.5,0.10026315789473683,0.0318349211047292,0.263681592039801,False,0.14035087719298245,100,0.2,0.10767543859649123,0.035208044369989575,0.23383084577114427,False,0.017543859649122806
YFM,71,77,114,4,4,0.08771929824561403,0.8,0.09872807017543858,0.03304460555541259,0.6716417910447762,False,0.16666666666666666,100,0.2,0.10890350877192984,0.034209198237241494,0.07462686567164178,False,0.07894736842105263
YFM,71,78,114,4,4,0.09649122807017543,0.8,0.10096491228070174,0.031755630410429635,0.5920398009950248,False,0.14035087719298245,100,0.2,0.10916666666666668,0.03433803606196497,0.25870646766169153,False,0.043859649122807015
YFM,71,79,114,4,4,0.06140350877192982,0.2,0.10149122807017545,0.033618977763518416,0.945273631840796,False,0.14035087719298245,100,0.2,0.11495614035087719,0.03634779516057352,0.263681592039801,False,0.07894736842105263
YFM,71,80,114,4,4,0.11403508771929824,0.2,0.09885964912280702,0.031199414901755915,0.373134328358209,False,0.15789473684210525,100,0.2,0.10785087719298245,0.03271296275007534,0.05970149253731343,False,0.043859649122807015
YFM,71,81,114,4,4,0.14912280701754385,0.5,0.10342105263157894,0.030899039941732,0.0945273631840796,False,0.20175438596491227,150,0.5,0.1124561403508772,0.03249906023664253,0.014925373134328358,True,0.05263157894736842
YFM,71,82,114,4,4,0.14912280701754385,0.2,0.10293859649122805,0.034132251192655116,0.11442786069651742,False,0.16666666666666666,60,0.2,0.1137719298245614,0.034609609574472476,0.0845771144278607,False,0.017543859649122806
YFM,71,83,114,4,4,0.14035087719298245,0.5,0.10289473684210526,0.03340205057947722,0.13432835820895522,False,0.21052631578947367,150,0.5,0.10964912280701754,0.03499944816646023,0.004975124378109453,True,0.07017543859649122
YFM,71,84,114,4,4,0.11403508771929824,0.5,0.10153508771929821,0.03108428459603575,0.3880597014925373,False,0.16666666666666666,225,0.2,0.10767543859649122,0.03485483745445086,0.06467661691542288,False,0.05263157894736842
YFM,71,85,114,4,4,0.10526315789473684,0.2,0.09907894736842106,0.03148424754606846,0.4427860696517413,False,0.16666666666666666,180,0.2,0.11017543859649123,0.03499547073043779,0.05970149253731343,False,0.06140350877192982
YFM,71,86,114,4,4,0.10526315789473684,0.2,0.10337719298245612,0.03462041703583887,0.4975124378109453,False,0.15789473684210525,100,0.8,0.11596491228070174,0.037856465829306435,0.1691542288557214,False,0.05263157894736842
YFM,71,87,114,4,4,0.12280701754385964,0.2,0.10236842105263158,0.031303346426339744,0.3034825870646766,False,0.15789473684210525,60,0.2,0.11298245614035088,0.03545562213932526,0.12437810945273632,False,0.03508771929824561
YFM,71,88,114,4,4,0.08771929824561403,0.8,0.10289473684210523,0.030687078519040158,0.7661691542288557,False,0.15789473684210525,150,0.2,0.11421052631578947,0.03692366802328101,0.14925373134328357,False,0.07017543859649122
YFM,71,89,114,4,4,0.15789473684210525,0.8,0.1062719298245614,0.02991462745220908,0.07462686567164178,False,0.19298245614035087,100,0.5,0.115,0.03017988215336481,0.004975124378109453,True,0.03508771929824561
YFM,71,90,114,4,4,0.07894736842105263,0.2,0.09978070175438596,0.031773250762513,0.7761194029850746,False,0.17543859649122806,100,0.2,0.11416666666666664,0.03515902896596448,0.05472636815920398,False,0.09649122807017543
YFM,71,91,114,4,4,0.10526315789473684,0.8,0.10399122807017544,0.032743680318596334,0.5174129353233831,False,0.17543859649122806,60,0.2,0.11951754385964913,0.03400695461102602,0.06467661691542288,False,0.07017543859649122
YFM,71,92,114,4,4,0.17543859649122806,0.2,0.10109649122807017,0.033554824705806646,0.03980099502487562,True,0.19298245614035087,100,0.8,0.11280701754385963,0.036087750349273355,0.024875621890547265,True,0.017543859649122806
YFM,71,93,114,4,4,0.08771929824561403,0.8,0.1044298245614035,0.03230618984445587,0.736318407960199,False,0.18421052631578946,90,0.8,0.11574561403508771,0.0339644033071446,0.04975124378109453,True,0.09649122807017543
YFM,71,94,114,4,4,0.10526315789473684,0.5,0.10153508771929826,0.03189471438988299,0.4527363184079602,False,0.19298245614035087,75,0.2,0.11789473684210526,0.03782049535243185,0.04477611940298507,True,0.08771929824561403
YFM,72,73,114,4,4,0.11403508771929824,0.2,0.09916666666666667,0.02740547830612467,0.3582089552238806,False,0.14035087719298245,225,0.5,0.10881578947368421,0.033464358964629605,0.19402985074626866,False,0.02631578947368421
YFM,72,74,114,4,4,0.09649122807017543,0.2,0.10149122807017542,0.028946767323229358,0.5870646766169154,False,0.12280701754385964,180,0.5,0.10890350877192981,0.033754049772674405,0.373134328358209,False,0.02631578947368421
YFM,72,75,114,4,4,0.08771929824561403,0.2,0.08837719298245612,0.028345121270853785,0.527363184079602,False,0.13157894736842105,150,0.2,0.09530701754385965,0.03216320504253843,0.14427860696517414,False,0.043859649122807015
YFM,72,76,114,4,4,0.05263157894736842,0.2,0.09166666666666666,0.04018119553894033,0.8855721393034826,False,0.06140350877192982,180,0.2,0.0918859649122807,0.040240694331705615,0.8159203980099502,False,0.008771929824561403
YFM,72,77,114,4,4,0.07017543859649122,0.2,0.08921052631578946,0.038100306549458306,0.6766169154228856,False,0.07894736842105263,180,0.2,0.0906140350877193,0.03878427625631932,0.5870646766169154,False,0.008771929824561403
YFM,72,78,114,4,4,0.06140350877192982,0.2,0.09030701754385966,0.03609586577334827,0.8109452736318408,False,0.07017543859649122,60,0.2,0.091359649122807,0.03774514797506746,0.7014925373134329,False,0.008771929824561403
YFM,72,79,114,4,4,0.09649122807017543,0.8,0.10293859649122807,0.03228080596520404,0.5920398009950248,False,0.13157894736842105,180,0.2,0.11197368421052632,0.03505439548665169,0.3681592039800995,False,0.03508771929824561
YFM,72,80,114,4,4,0.10526315789473684,0.5,0.08671052631578947,0.03545145047745318,0.2537313432835821,False,0.11403508771929824,150,0.2,0.08653508771929824,0.03619086533393265,0.22885572139303484,False,0.008771929824561403
YFM,72,81,114,4,4,0.15789473684210525,0.2,0.09973684210526315,0.027673825017058905,0.014925373134328358,True,0.19298245614035087,150,0.5,0.10956140350877192,0.030891530696957527,0.014925373134328358,True,0.03508771929824561
YFM,72,82,114,4,4,0.10526315789473684,0.2,0.10188596491228069,0.03245045114317508,0.527363184079602,False,0.13157894736842105,90,0.2,0.1093421052631579,0.03215358597806465,0.2835820895522388,False,0.02631578947368421
YFM,72,83,114,4,4,0.10526315789473684,0.2,0.10057017543859649,0.03283189212668759,0.4527363184079602,False,0.13157894736842105,60,0.2,0.11728070175438596,0.032989709793400726,0.3283582089552239,False,0.02631578947368421
YFM,72,84,114,4,4,0.09649122807017543,0.2,0.09592105263157893,0.030691708788401474,0.5024875621890548,False,0.13157894736842105,60,0.2,0.10881578947368421,0.03704011703464279,0.29850746268656714,False,0.03508771929824561
YFM,72,85,114,4,4,0.08771929824561403,0.2,0.09728070175438595,0.027769788086464263,0.6716417910447762,False,0.18421052631578946,180,0.2,0.10692982456140349,0.03467077943038633,0.024875621890547265,True,0.09649122807017543
YFM,72,86,114,4,4,0.12280701754385964,0.2,0.10232456140350876,0.03174695358844188,0.30845771144278605,False,0.21052631578947367,60,0.8,0.11758771929824562,0.035417841148508114,0.014925373134328358,True,0.08771929824561403
YFM,72,87,114,4,4,0.10526315789473684,0.2,0.10149122807017545,0.031110054387219286,0.4975124378109453,False,0.14912280701754385,90,0.8,0.11236842105263158,0.030072068095085506,0.14925373134328357,False,0.043859649122807015
YFM,72,88,114,4,4,0.14912280701754385,0.2,0.09912280701754383,0.031584824161505966,0.0845771144278607,False,0.14912280701754385,450,0.2,0.1044736842105263,0.03318696782684151,0.11940298507462686,False,0.0
YFM,72,89,114,4,4,0.13157894736842105,0.5,0.10504385964912281,0.03234016344102967,0.26865671641791045,False,0.20175438596491227,180,0.8,0.11149122807017545,0.030635121203153894,0.004975124378109453,True,0.07017543859649122
YFM,72,90,114,4,4,0.06140350877192982,0.2,0.10219298245614034,0.03003810375554464,0.9353233830845771,False,0.14912280701754385,150,0.5,0.11517543859649124,0.03358215294506368,0.18407960199004975,False,0.08771929824561403
YFM,72,91,114,4,4,0.09649122807017543,0.5,0.10293859649122807,0.03143114760552688,0.5970149253731343,False,0.15789473684210525,60,0.5,0.11539473684210526,0.03327897194509025,0.1044776119402985,False,0.06140350877192982
YFM,72,92,114,4,4,0.17543859649122806,0.5,0.1045175438596491,0.033587535339228154,0.04975124378109453,True,0.17543859649122806,900,0.5,0.10478070175438596,0.033268513236130386,0.04477611940298507,True,0.0
YFM,72,93,114,4,4,0.12280701754385964,0.8,0.10271929824561403,0.032722328756384304,0.32338308457711445,False,0.17543859649122806,60,0.8,0.11657894736842105,0.03376908167529852,0.04975124378109453,True,0.05263157894736842
YFM,72,94,114,4,4,0.08771929824561403,0.5,0.10337719298245612,0.03113946615940905,0.7213930348258707,False,0.14035087719298245,60,0.5,0.1169736842105263,0.03726056210371443,0.2835820895522388,False,0.05263157894736842
YFM,73,74,114,4,4,0.13157894736842105,0.2,0.10381578947368421,0.030371296203907876,0.21890547263681592,False,0.14912280701754385,60,0.5,0.11894736842105263,0.03382685641469355,0.18407960199004975,False,0.017543859649122806
YFM,73,75,114,4,4,0.15789473684210525,0.2,0.10228070175438596,0.03195530332112412,0.06467661691542288,False,0.16666666666666666,225,0.2,0.10934210526315788,0.03448613149284492,0.06965174129353234,False,0.008771929824561403
YFM,73,76,114,4,4,0.09649122807017543,0.2,0.1007017543859649,0.03009224840733281,0.5621890547263682,False,0.14912280701754385,100,0.2,0.11171052631578947,0.031590669261563564,0.12935323383084577,False,0.05263157894736842
YFM,73,77,114,4,4,0.11403508771929824,0.2,0.09925438596491228,0.030266719225411173,0.36318407960199006,False,0.14912280701754385,225,0.2,0.10793859649122807,0.033901730839491113,0.13432835820895522,False,0.03508771929824561
YFM,73,78,114,4,4,0.10526315789473684,0.5,0.1012719298245614,0.031088762425660395,0.5024875621890548,False,0.14912280701754385,225,0.2,0.10986842105263157,0.03510906407986328,0.1691542288557214,False,0.043859649122807015
YFM,73,79,114,4,4,0.10526315789473684,0.2,0.10219298245614034,0.03459664734083397,0.5074626865671642,False,0.16666666666666666,60,0.2,0.12328947368421052,0.031928156984122026,0.11940298507462686,False,0.06140350877192982
YFM,73,80,114,4,4,0.12280701754385964,0.2,0.09973684210526315,0.030618961173701022,0.263681592039801,False,0.14912280701754385,225,0.2,0.10877192982456141,0.0333590754223484,0.13930348258706468,False,0.02631578947368421
YFM,73,81,114,4,4,0.15789473684210525,0.5,0.10140350877192983,0.033551396306459,0.08955223880597014,False,0.18421052631578946,75,0.2,0.12021929824561405,0.03613868927791164,0.06467661691542288,False,0.02631578947368421
YFM,73,82,114,4,4,0.14035087719298245,0.2,0.1045175438596491,0.032056030387948964,0.17412935323383086,False,0.15789473684210525,100,0.8,0.11486842105263158,0.032222299155549874,0.12437810945273632,False,0.017543859649122806
YFM,73,83,114,4,4,0.13157894736842105,0.5,0.10184210526315787,0.029793040476040013,0.20398009950248755,False,0.15789473684210525,100,0.5,0.1119736842105263,0.03234661917202823,0.1044776119402985,False,0.02631578947368421
YFM,73,84,114,4,4,0.11403508771929824,0.2,0.10144736842105263,0.031701856816417746,0.3781094527363184,False,0.14035087719298245,150,0.2,0.11364035087719299,0.035057925065217654,0.2537313432835821,False,0.02631578947368421
YFM,73,85,114,4,4,0.12280701754385964,0.8,0.10052631578947369,0.030486455587493022,0.25870646766169153,False,0.17543859649122806,100,0.2,0.11407894736842106,0.035378517047819726,0.05472636815920398,False,0.05263157894736842
YFM,73,86,114,4,4,0.19298245614035087,0.5,0.09995614035087719,0.02897864168428893,0.009950248756218905,True,0.19298245614035087,450,0.2,0.10429824561403507,0.03457473459327024,0.009950248756218905,True,0.0
YFM,73,87,114,4,4,0.07894736842105263,0.5,0.10271929824561403,0.029226994771785156,0.8258706467661692,False,0.13157894736842105,75,0.5,0.11679824561403507,0.03425776672657745,0.3781094527363184,False,0.05263157894736842
YFM,73,88,114,4,4,0.12280701754385964,0.2,0.10039473684210526,0.030825213665932414,0.2537313432835821,False,0.16666666666666666,450,0.8,0.10486842105263157,0.031219083238518776,0.03482587064676617,True,0.043859649122807015
YFM,73,89,114,4,4,0.12280701754385964,0.8,0.10504385964912281,0.031761078851608074,0.29850746268656714,False,0.15789473684210525,180,0.8,0.10872807017543858,0.030296343475948364,0.07960199004975124,False,0.03508771929824561
YFM,73,90,114,4,4,0.13157894736842105,0.8,0.10109649122807017,0.03193711752350775,0.20398009950248755,False,0.18421052631578946,225,0.2,0.10964912280701754,0.03534027068572386,0.04477611940298507,True,0.05263157894736842
YFM,73,91,114,4,4,0.11403508771929824,0.2,0.10285087719298247,0.031202234274844608,0.4129353233830846,False,0.16666666666666666,450,0.2,0.10692982456140349,0.032327636842469164,0.06467661691542288,False,0.05263157894736842
YFM,73,92,114,4,4,0.08771929824561403,0.2,0.10171052631578947,0.03221629860443338,0.7014925373134329,False,0.14912280701754385,75,0.2,0.1168421052631579,0.0341354513429932,0.19900497512437812,False,0.06140350877192982
YFM,73,93,114,4,4,0.15789473684210525,0.2,0.10662280701754386,0.03304577567152496,0.07960199004975124,False,0.16666666666666666,225,0.8,0.11236842105263158,0.034626140551794526,0.07960199004975124,False,0.008771929824561403
YFM,73,94,114,4,4,0.13157894736842105,0.2,0.10763157894736841,0.031873764622062276,0.24378109452736318,False,0.17543859649122806,150,0.8,0.11649122807017545,0.0320968049369841,0.05472636815920398,False,0.043859649122807015
YFM,74,75,114,4,4,0.15789473684210525,0.2,0.10355263157894737,0.029947182468257668,0.06965174129353234,False,0.15789473684210525,180,0.5,0.10991228070175438,0.03397820418631964,0.12437810945273632,False,0.0
YFM,74,76,114,4,4,0.10526315789473684,0.2,0.10192982456140351,0.027635374468717794,0.47761194029850745,False,0.15789473684210525,225,0.2,0.11258771929824561,0.03451863170115882,0.11940298507462686,False,0.05263157894736842
YFM,74,77,114,4,4,0.09649122807017543,0.2,0.10530701754385965,0.028893119163389318,0.6716417910447762,False,0.15789473684210525,180,0.8,0.10991228070175438,0.03240552796667721,0.1044776119402985,False,0.06140350877192982
YFM,74,78,114,4,4,0.10526315789473684,0.5,0.10342105263157894,0.02909439604795536,0.5422885572139303,False,0.15789473684210525,180,0.8,0.11096491228070175,0.0332284201142624,0.1044776119402985,False,0.05263157894736842
YFM,74,79,114,4,4,0.10526315789473684,0.2,0.1062280701754386,0.028910411090861836,0.5671641791044776,False,0.15789473684210525,60,0.5,0.12214912280701753,0.03718431410232906,0.20398009950248755,False,0.05263157894736842
YFM,74,80,114,4,4,0.11403508771929824,0.2,0.10232456140350876,0.027250971207083308,0.373134328358209,False,0.15789473684210525,180,0.8,0.11057017543859647,0.03283212766944049,0.10945273631840796,False,0.043859649122807015
YFM,74,81,114,4,4,0.14035087719298245,0.5,0.10535087719298247,0.03257309915141024,0.19402985074626866,False,0.18421052631578946,300,0.2,0.1088157894736842,0.032180271800772806,0.01990049751243781,True,0.043859649122807015
YFM,74,82,114,4,4,0.14035087719298245,0.8,0.10644736842105264,0.031861236693224555,0.1791044776119403,False,0.14035087719298245,75,0.5,0.11767543859649124,0.033879825150822794,0.29850746268656714,False,0.0
YFM,74,83,114,4,4,0.11403508771929824,0.2,0.10587719298245613,0.03160330444675758,0.4427860696517413,False,0.19298245614035087,225,0.2,0.11390350877192983,0.03021429500173812,0.01990049751243781,True,0.07894736842105263
YFM,74,84,114,4,4,0.11403508771929824,0.8,0.10521929824561405,0.032388669442296486,0.43781094527363185,False,0.15789473684210525,150,0.5,0.11315789473684211,0.034318915859758894,0.12437810945273632,False,0.043859649122807015
YFM,74,85,114,4,4,0.08771929824561403,0.2,0.10328947368421051,0.03202779234050254,0.7014925373134329,False,0.17543859649122806,180,0.2,0.11394736842105263,0.03485541986580656,0.05970149253731343,False,0.08771929824561403
YFM,74,86,114,4,4,0.11403508771929824,0.5,0.10666666666666666,0.028077888387578,0.4626865671641791,False,0.17543859649122806,150,0.2,0.11530701754385964,0.034726580846871954,0.0845771144278607,False,0.06140350877192982
YFM,74,87,114,4,4,0.06140350877192982,0.2,0.10609649122807017,0.03195720905338046,0.945273631840796,False,0.18421052631578946,60,0.2,0.11828947368421051,0.0365554933855445,0.04477611940298507,True,0.12280701754385964
YFM,74,88,114,4,4,0.13157894736842105,0.2,0.10504385964912281,0.03017536555678614,0.24378109452736318,False,0.14912280701754385,180,0.8,0.11587719298245613,0.03357386179458706,0.1890547263681592,False,0.017543859649122806
YFM,74,89,114,4,4,0.12280701754385964,0.2,0.10587719298245613,0.031184539265035612,0.3283582089552239,False,0.17543859649122806,180,0.5,0.11539473684210526,0.032288231617213455,0.04477611940298507,True,0.05263157894736842
YFM,74,90,114,4,4,0.09649122807017543,0.5,0.10548245614035087,0.03102202568901662,0.6666666666666666,False,0.17543859649122806,225,0.2,0.11434210526315787,0.03350223659829057,0.05472636815920398,False,0.07894736842105263
YFM,74,91,114,4,4,0.13157894736842105,0.8,0.10657894736842105,0.033344583447459566,0.21890547263681592,False,0.15789473684210525,150,0.2,0.11486842105263158,0.034370676306573644,0.13432835820895522,False,0.02631578947368421
YFM,74,92,114,4,4,0.14035087719298245,0.2,0.1064035087719298,0.03209861192158825,0.17412935323383086,False,0.16666666666666666,180,0.5,0.11381578947368422,0.03387023695699179,0.08955223880597014,False,0.02631578947368421
YFM,74,93,114,4,4,0.12280701754385964,0.2,0.10434210526315789,0.030582158973830823,0.3283582089552239,False,0.15789473684210525,90,0.8,0.1194736842105263,0.0334003141120564,0.12935323383084577,False,0.03508771929824561
YFM,74,94,114,4,4,0.08771929824561403,0.8,0.10956140350877192,0.02944316396485313,0.8159203980099502,False,0.16666666666666666,180,0.8,0.11587719298245613,0.036082928441047,0.1044776119402985,False,0.07894736842105263
YFM,75,76,114,4,4,0.07894736842105263,0.2,0.08688596491228068,0.030673057456615374,0.6069651741293532,False,0.12280701754385964,150,0.2,0.08833333333333332,0.034504430634665184,0.19402985074626866,False,0.043859649122807015
YFM,75,77,114,4,4,0.08771929824561403,0.2,0.09166666666666666,0.034852757334446156,0.5124378109452736,False,0.12280701754385964,150,0.2,0.0924561403508772,0.035946038917222936,0.23383084577114427,False,0.03508771929824561
YFM,75,78,114,4,4,0.07894736842105263,0.2,0.09135964912280702,0.03230235959372309,0.6517412935323383,False,0.11403508771929824,150,0.2,0.09092105263157894,0.0330350090399449,0.25870646766169153,False,0.03508771929824561
YFM,75,79,114,4,4,0.13157894736842105,0.2,0.10596491228070175,0.030161555312777706,0.23880597014925373,False,0.16666666666666666,180,0.2,0.11355263157894736,0.03140308643789065,0.03980099502487562,True,0.03508771929824561
YFM,75,80,114,4,4,0.10526315789473684,0.2,0.0907017543859649,0.031270348497815924,0.31840796019900497,False,0.14035087719298245,75,0.2,0.09258771929824562,0.03278262655225594,0.08955223880597014,False,0.03508771929824561
YFM,75,81,114,4,4,0.18421052631578946,0.2,0.10241228070175439,0.031140211186582365,0.01990049751243781,True,0.22807017543859648,75,0.5,0.11175438596491227,0.03576702903691252,0.004975124378109453,True,0.043859649122807015
YFM,75,82,114,4,4,0.15789473684210525,0.5,0.10508771929824562,0.033149313176528,0.0945273631840796,False,0.18421052631578946,75,0.2,0.10960526315789472,0.02973077625384191,0.014925373134328358,True,0.02631578947368421
YFM,75,83,114,4,4,0.15789473684210525,0.5,0.10241228070175439,0.03481043460197416,0.05472636815920398,False,0.17543859649122806,180,0.2,0.10605263157894736,0.03472427033744473,0.04975124378109453,True,0.017543859649122806
YFM,75,84,114,4,4,0.10526315789473684,0.8,0.09684210526315788,0.030726492218899143,0.4228855721393035,False,0.15789473684210525,60,0.8,0.11280701754385963,0.03448795343520986,0.11940298507462686,False,0.05263157894736842
YFM,75,85,114,4,4,0.12280701754385964,0.2,0.09907894736842104,0.03168013874233508,0.2537313432835821,False,0.22807017543859648,180,0.2,0.10631578947368421,0.03395145099047286,0.004975124378109453,True,0.10526315789473684
YFM,75,86,114,4,4,0.11403508771929824,0.5,0.10385964912280703,0.03222040910251349,0.4079601990049751,False,0.21929824561403508,60,0.8,0.11644736842105262,0.034374501064002104,0.009950248756218905,True,0.10526315789473684
YFM,75,87,114,4,4,0.11403508771929824,0.5,0.1020175438596491,0.030416236390538663,0.3880597014925373,False,0.15789473684210525,225,0.8,0.10763157894736843,0.0337704556868414,0.0945273631840796,False,0.043859649122807015
YFM,75,88,114,4,4,0.14912280701754385,0.8,0.10324561403508771,0.032127509853262036,0.10945273631840796,False,0.15789473684210525,450,0.8,0.1062280701754386,0.032748314986877164,0.07462686567164178,False,0.008771929824561403
YFM,75,89,114,4,4,0.15789473684210525,0.2,0.10605263157894736,0.029616007760908607,0.07462686567164178,False,0.21052631578947367,180,0.5,0.11223684210526315,0.03218267484239784,0.004975124378109453,True,0.05263157894736842
YFM,75,90,114,4,4,0.07894736842105263,0.2,0.10096491228070174,0.03264424594816687,0.7711442786069652,False,0.19298245614035087,150,0.5,0.11381578947368422,0.03594170901366851,0.01990049751243781,True,0.11403508771929824
YFM,75,91,114,4,4,0.10526315789473684,0.8,0.1038157894736842,0.030422178914459426,0.5323383084577115,False,0.18421052631578946,60,0.2,0.1168421052631579,0.03420334842653073,0.03980099502487562,True,0.07894736842105263
YFM,75,92,114,4,4,0.14035087719298245,0.2,0.10087719298245613,0.032715356211773225,0.14925373134328357,False,0.21052631578947367,60,0.2,0.11008771929824562,0.033667708607353845,0.014925373134328358,True,0.07017543859649122
YFM,75,93,114,4,4,0.13157894736842105,0.5,0.1018859649122807,0.029478436863617705,0.19900497512437812,False,0.18421052631578946,90,0.8,0.11482456140350877,0.03307025085397958,0.03980099502487562,True,0.05263157894736842
YFM,75,94,114,4,4,0.09649122807017543,0.2,0.10175438596491226,0.030703328633082262,0.6268656716417911,False,0.19298245614035087,90,0.2,0.11179824561403509,0.03244234751277957,0.024875621890547265,True,0.09649122807017543
YFM,76,77,114,4,4,0.16666666666666666,0.2,0.14087719298245616,0.03426975705603312,0.3681592039800995,False,0.16666666666666666,60,0.2,0.14267543859649126,0.027182778143005154,0.29850746268656714,False,0.0
YFM,76,78,114,4,4,0.06140350877192982,0.2,0.12210526315789473,0.042687864484623264,0.9651741293532339,False,0.06140350877192982,60,0.2,0.12188596491228068,0.038817037765744626,0.9552238805970149,False,0.0
YFM,76,79,114,4,4,0.09649122807017543,0.2,0.10236842105263158,0.029194166447687405,0.6119402985074627,False,0.15789473684210525,180,0.5,0.11166666666666666,0.03188589351707267,0.09950248756218906,False,0.06140350877192982
YFM,76,80,114,4,4,0.09649122807017543,0.2,0.09232456140350877,0.03986418751860529,0.4129353233830846,False,0.10526315789473684,60,0.2,0.09157894736842104,0.03927497075270874,0.3582089552238806,False,0.008771929824561403
YFM,76,81,114,4,4,0.20175438596491227,0.8,0.1019298245614035,0.029450648630461818,0.014925373134328358,True,0.21929824561403508,300,0.5,0.105,0.03229796022977132,0.004975124378109453,True,0.017543859649122806
YFM,76,82,114,4,4,0.14035087719298245,0.2,0.10298245614035087,0.030134364940759537,0.15422885572139303,False,0.14035087719298245,900,0.2,0.10298245614035087,0.030134364940759537,0.15422885572139303,False,0.0
YFM,76,83,114,4,4,0.10526315789473684,0.2,0.09894736842105263,0.03234880067872111,0.4577114427860697,False,0.15789473684210525,100,0.5,0.11210526315789475,0.0351665340689222,0.15422885572139303,False,0.05263157894736842
YFM,76,84,114,4,4,0.08771929824561403,0.2,0.09241228070175439,0.02888482071583871,0.572139303482587,False,0.14912280701754385,60,0.2,0.10342105263157894,0.031957118306802416,0.09950248756218906,False,0.06140350877192982
YFM,76,85,114,4,4,0.10526315789473684,0.5,0.09780701754385963,0.029597201125224078,0.4527363184079602,False,0.17543859649122806,180,0.2,0.10644736842105264,0.033724252506728225,0.04477611940298507,True,0.07017543859649122
YFM,76,86,114,4,4,0.13157894736842105,0.8,0.10157894736842105,0.029038124556030342,0.1890547263681592,False,0.21052631578947367,180,0.8,0.10925438596491227,0.035501804812669104,0.014925373134328358,True,0.07894736842105263
YFM,76,87,114,4,4,0.09649122807017543,0.2,0.10337719298245612,0.03215358597806464,0.6169154228855721,False,0.14912280701754385,225,0.2,0.11052631578947368,0.03435269987042668,0.14427860696517414,False,0.05263157894736842
YFM,76,88,114,4,4,0.14035087719298245,0.2,0.09596491228070175,0.030799393864733474,0.10945273631840796,False,0.16666666666666666,450,0.2,0.09850877192982456,0.029029467967943853,0.024875621890547265,True,0.02631578947368421
YFM,76,89,114,4,4,0.14035087719298245,0.8,0.10587719298245613,0.03057093576256104,0.15920398009950248,False,0.19298245614035087,180,0.5,0.10973684210526317,0.030475672924787683,0.009950248756218905,True,0.05263157894736842
YFM,76,90,114,4,4,0.07017543859649122,0.2,0.10271929824561404,0.028258399831347262,0.8955223880597015,False,0.15789473684210525,150,0.2,0.11254385964912281,0.03387791343592333,0.15920398009950248,False,0.08771929824561403
YFM,76,91,114,4,4,0.08771929824561403,0.2,0.10394736842105264,0.03059925459885324,0.7213930348258707,False,0.16666666666666666,60,0.2,0.1150438596491228,0.03427582115444859,0.0845771144278607,False,0.07894736842105263
YFM,76,92,114,4,4,0.17543859649122806,0.2,0.0993421052631579,0.03198550941454922,0.024875621890547265,True,0.18421052631578946,60,0.2,0.1075877192982456,0.032448067932554926,0.029850746268656716,True,0.008771929824561403
YFM,76,93,114,4,4,0.13157894736842105,0.2,0.10486842105263157,0.03142893316109399,0.23383084577114427,False,0.18421052631578946,90,0.2,0.11149122807017543,0.03404278040907067,0.04975124378109453,True,0.05263157894736842
YFM,76,94,114,4,4,0.06140350877192982,0.2,0.10368421052631578,0.03129902283646605,0.9402985074626866,False,0.16666666666666666,90,0.5,0.1119298245614035,0.03316424025740453,0.06965174129353234,False,0.10526315789473684
YFM,77,78,114,4,4,0.06140350877192982,0.2,0.12201754385964911,0.04108935982630722,0.945273631840796,False,0.06140350877192982,60,0.2,0.12197368421052632,0.038468823620768165,0.9402985074626866,False,0.0
YFM,77,79,114,4,4,0.11403508771929824,0.2,0.10328947368421053,0.029540807550095194,0.3781094527363184,False,0.14912280701754385,180,0.5,0.11175438596491226,0.03289498662810332,0.1691542288557214,False,0.03508771929824561
YFM,77,80,114,4,4,0.10526315789473684,0.2,0.09723684210526315,0.0438268192391169,0.4129353233830846,False,0.10526315789473684,60,0.2,0.0962719298245614,0.041232595166229014,0.4079601990049751,False,0.0
YFM,77,81,114,4,4,0.19298245614035087,0.8,0.10285087719298244,0.0289123837868317,0.014925373134328358,True,0.21929824561403508,300,0.5,0.10517543859649123,0.031621407093449516,0.004975124378109453,True,0.02631578947368421
YFM,77,82,114,4,4,0.13157894736842105,0.2,0.10421052631578945,0.0315671905000432,0.23383084577114427,False,0.13157894736842105,900,0.2,0.10421052631578945,0.0315671905000432,0.23383084577114427,False,0.0
YFM,77,83,114,4,4,0.13157894736842105,0.2,0.0994736842105263,0.032744182193328794,0.21393034825870647,False,0.15789473684210525,100,0.5,0.11328947368421051,0.03675381313021248,0.15920398009950248,False,0.02631578947368421
YFM,77,84,114,4,4,0.09649122807017543,0.8,0.09219298245614034,0.02699024050571834,0.46766169154228854,False,0.14912280701754385,60,0.2,0.10464912280701753,0.03222124913977261,0.11940298507462686,False,0.05263157894736842
YFM,77,85,114,4,4,0.10526315789473684,0.2,0.09570175438596493,0.02808821491221698,0.42786069651741293,False,0.17543859649122806,300,0.2,0.10144736842105263,0.03168965748330495,0.014925373134328358,True,0.07017543859649122
YFM,77,86,114,4,4,0.13157894736842105,0.2,0.10359649122807017,0.03223180774053525,0.24875621890547264,False,0.19298245614035087,60,0.8,0.11543859649122806,0.0334105000992138,0.024875621890547265,True,0.06140350877192982
YFM,77,87,114,4,4,0.10526315789473684,0.8,0.10302631578947369,0.03220309345622874,0.48258706467661694,False,0.14912280701754385,225,0.8,0.10732456140350877,0.032525432892618646,0.11940298507462686,False,0.043859649122807015
YFM,77,88,114,4,4,0.14912280701754385,0.8,0.09771929824561404,0.02949630328988821,0.06965174129353234,False,0.14912280701754385,150,0.5,0.10530701754385964,0.03383665688238626,0.12935323383084577,False,0.0
YFM,77,89,114,4,4,0.14912280701754385,0.2,0.10565789473684209,0.030019400548714135,0.09950248756218906,False,0.19298245614035087,180,0.2,0.11232456140350877,0.03221149735871075,0.01990049751243781,True,0.043859649122807015
YFM,77,90,114,4,4,0.02631578947368421,0.2,0.1031578947368421,0.030364452341073024,1.0,False,0.14912280701754385,90,0.2,0.11499999999999998,0.034135791164345966,0.19402985074626866,False,0.12280701754385964
YFM,77,91,114,4,4,0.08771929824561403,0.2,0.1037719298245614,0.031488085214560944,0.7114427860696517,False,0.15789473684210525,60,0.2,0.11460526315789472,0.03415037197744199,0.1044776119402985,False,0.07017543859649122
YFM,77,92,114,4,4,0.15789473684210525,0.2,0.09903508771929824,0.029777462278837624,0.05472636815920398,False,0.17543859649122806,60,0.2,0.10530701754385964,0.031159575640501255,0.03482587064676617,True,0.017543859649122806
YFM,77,93,114,4,4,0.14035087719298245,0.2,0.10521929824561402,0.031578671866910726,0.1890547263681592,False,0.17543859649122806,90,0.2,0.11298245614035085,0.034616870773180396,0.07462686567164178,False,0.03508771929824561
YFM,77,94,114,4,4,0.06140350877192982,0.2,0.10293859649122807,0.032088581872243435,0.9552238805970149,False,0.16666666666666666,90,0.5,0.11105263157894736,0.03226837615268554,0.06467661691542288,False,0.10526315789473684
YFM,78,79,114,4,4,0.09649122807017543,0.2,0.10482456140350876,0.03128654284155028,0.6169154228855721,False,0.14912280701754385,180,0.5,0.1125438596491228,0.03455594117861605,0.19402985074626866,False,0.05263157894736842
YFM,78,80,114,4,4,0.07017543859649122,0.8,0.08942982456140351,0.03568539607357411,0.7064676616915423,False,0.07017543859649122,100,0.2,0.08828947368421051,0.036820032388188165,0.681592039800995,False,0.0
YFM,78,81,114,4,4,0.18421052631578946,0.5,0.10271929824561403,0.029932879416474607,0.01990049751243781,True,0.21052631578947367,300,0.5,0.10688596491228068,0.03226403207728225,0.004975124378109453,True,0.02631578947368421
YFM,78,82,114,4,4,0.09649122807017543,0.2,0.10456140350877194,0.03290814913614103,0.6069651741293532,False,0.11403508771929824,90,0.2,0.10903508771929825,0.03328376442170242,0.4527363184079602,False,0.017543859649122806
YFM,78,83,114,4,4,0.10526315789473684,0.2,0.09842105263157894,0.030717933798067077,0.4626865671641791,False,0.14912280701754385,100,0.5,0.1119298245614035,0.03407286653055177,0.17412935323383086,False,0.043859649122807015
YFM,78,84,114,4,4,0.08771929824561403,0.2,0.09714912280701754,0.02780801801783381,0.6666666666666666,False,0.13157894736842105,60,0.8,0.10499999999999998,0.03343907373645763,0.24378109452736318,False,0.043859649122807015
YFM,78,85,114,4,4,0.09649122807017543,0.2,0.10030701754385964,0.02846273892904209,0.6169154228855721,False,0.16666666666666666,300,0.2,0.10346491228070175,0.034005362740727504,0.04975124378109453,True,0.07017543859649122
YFM,78,86,114,4,4,0.13157894736842105,0.8,0.1019298245614035,0.030151297675658585,0.19402985074626866,False,0.18421052631578946,60,0.8,0.11592105263157894,0.03435132100732341,0.05472636815920398,False,0.05263157894736842
YFM,78,87,114,4,4,0.09649122807017543,0.5,0.10346491228070175,0.03158846600007023,0.6318407960199005,False,0.14912280701754385,225,0.8,0.1074561403508772,0.0319953300740168,0.09950248756218906,False,0.05263157894736842
YFM,78,88,114,4,4,0.15789473684210525,0.5,0.09925438596491226,0.03086131883191082,0.05472636815920398,False,0.15789473684210525,900,0.5,0.09925438596491226,0.03086131883191082,0.05472636815920398,False,0.0
YFM,78,89,114,4,4,0.14912280701754385,0.2,0.10407894736842105,0.03029353552309067,0.08955223880597014,False,0.19298245614035087,180,0.5,0.11127192982456141,0.031920647568604715,0.009950248756218905,True,0.043859649122807015
YFM,78,90,114,4,4,0.05263157894736842,0.2,0.1064035087719298,0.03422086661082441,0.9502487562189055,False,0.14912280701754385,100,0.2,0.11635964912280702,0.032956493793072215,0.20398009950248755,False,0.09649122807017543
YFM,78,91,114,4,4,0.09649122807017543,0.2,0.1038157894736842,0.0326180286284761,0.6169154228855721,False,0.16666666666666666,450,0.8,0.1044298245614035,0.03224629019389185,0.05472636815920398,False,0.07017543859649122
YFM,78,92,114,4,4,0.14912280701754385,0.2,0.10315789473684209,0.032061608682353436,0.1044776119402985,False,0.19298245614035087,100,0.2,0.10837719298245613,0.0314731924463121,0.009950248756218905,True,0.043859649122807015
YFM,78,93,114,4,4,0.14035087719298245,0.8,0.10399122807017544,0.030884113526016645,0.15920398009950248,False,0.15789473684210525,90,0.5,0.1106140350877193,0.032807298052065524,0.11940298507462686,False,0.017543859649122806
YFM,78,94,114,4,4,0.06140350877192982,0.2,0.10359649122807017,0.029943211877164803,0.945273631840796,False,0.15789473684210525,90,0.5,0.10973684210526315,0.032227008805395536,0.0945273631840796,False,0.09649122807017543
YFM,79,80,114,4,4,0.11403508771929824,0.8,0.10359649122807017,0.03129445153479799,0.38308457711442784,False,0.14912280701754385,90,0.5,0.11855263157894737,0.03537283328656539,0.23383084577114427,False,0.03508771929824561
YFM,79,81,114,4,4,0.18421052631578946,0.2,0.10811403508771927,0.030500372269401898,0.009950248756218905,True,0.19298245614035087,90,0.8,0.11925438596491227,0.03398033784248811,0.03482587064676617,True,0.008771929824561403
YFM,79,82,114,4,4,0.07894736842105263,0.5,0.10219298245614034,0.03080077481487963,0.845771144278607,False,0.15789473684210525,150,0.2,0.11403508771929824,0.031853013510522665,0.11442786069651742,False,0.07894736842105263
YFM,79,83,114,4,4,0.08771929824561403,0.5,0.10846491228070176,0.034038094800134235,0.7711442786069652,False,0.14035087719298245,60,0.2,0.12210526315789473,0.034992376856525155,0.35323383084577115,False,0.05263157894736842
YFM,79,84,114,4,4,0.09649122807017543,0.2,0.1037280701754386,0.03427875410080721,0.5771144278606966,False,0.14912280701754385,60,0.2,0.12263157894736842,0.036934138604994324,0.2835820895522388,False,0.05263157894736842
YFM,79,85,114,4,4,0.10526315789473684,0.8,0.10495614035087719,0.02967062946171634,0.5621890547263682,False,0.16666666666666666,90,0.8,0.11991228070175439,0.034790129188159,0.11442786069651742,False,0.06140350877192982
YFM,79,86,114,4,4,0.10526315789473684,0.8,0.10381578947368421,0.031801714828673736,0.47761194029850745,False,0.18421052631578946,60,0.2,0.12236842105263157,0.03483056165804472,0.0845771144278607,False,0.07894736842105263
YFM,79,87,114,4,4,0.07894736842105263,0.5,0.10140350877192982,0.031702619118869645,0.8109452736318408,False,0.14912280701754385,60,0.2,0.11692982456140351,0.03497856158162801,0.208955223880597,False,0.07017543859649122
YFM,79,88,114,4,4,0.13157894736842105,0.5,0.10513157894736842,0.031084782164514584,0.2537313432835821,False,0.15789473684210525,90,0.2,0.12355263157894736,0.03654279813617489,0.23383084577114427,False,0.02631578947368421
YFM,79,89,114,4,4,0.14035087719298245,0.8,0.10763157894736843,0.03045942830132106,0.17412935323383086,False,0.15789473684210525,180,0.2,0.11890350877192982,0.03213939260305682,0.15920398009950248,False,0.017543859649122806
YFM,79,90,114,4,4,0.07017543859649122,0.8,0.10609649122807017,0.03259217579501631,0.900497512437811,False,0.21052631578947367,60,0.2,0.11899122807017543,0.03558643962282141,0.014925373134328358,True,0.14035087719298245
YFM,79,91,114,4,4,0.14035087719298245,0.2,0.10771929824561402,0.036024693200339804,0.19402985074626866,False,0.16666666666666666,60,0.2,0.12061403508771928,0.033976383360436034,0.12935323383084577,False,0.02631578947368421
YFM,79,92,114,4,4,0.12280701754385964,0.2,0.1045175438596491,0.03343754155991168,0.31343283582089554,False,0.14912280701754385,60,0.2,0.12241228070175439,0.03764277248488814,0.263681592039801,False,0.02631578947368421
YFM,79,93,114,4,4,0.10526315789473684,0.8,0.10662280701754387,0.03538507409943565,0.5422885572139303,False,0.16666666666666666,60,0.2,0.12039473684210523,0.034351996375758816,0.11940298507462686,False,0.06140350877192982
YFM,79,94,114,4,4,0.09649122807017543,0.2,0.10833333333333334,0.031789219322819716,0.681592039800995,False,0.18421052631578946,90,0.5,0.11978070175438596,0.03469538991791019,0.03980099502487562,True,0.08771929824561403
YFM,80,81,114,4,4,0.20175438596491227,0.8,0.10210526315789473,0.02943068529225461,0.009950248756218905,True,0.21929824561403508,150,0.5,0.10837719298245613,0.03164472343938471,0.004975124378109453,True,0.017543859649122806
YFM,80,82,114,4,4,0.18421052631578946,0.2,0.10359649122807017,0.03281436889529864,0.014925373134328358,True,0.18421052631578946,900,0.2,0.10359649122807017,0.03281436889529864,0.014925373134328358,True,0.0
YFM,80,83,114,4,4,0.11403508771929824,0.5,0.09938596491228069,0.033429821791219234,0.35323383084577115,False,0.14035087719298245,100,0.2,0.10978070175438596,0.03535096414979672,0.23383084577114427,False,0.02631578947368421
YFM,80,84,114,4,4,0.09649122807017543,0.2,0.09592105263157893,0.03090513985962513,0.4975124378109453,False,0.11403508771929824,225,0.2,0.10293859649122808,0.03596364898880722,0.373134328358209,False,0.017543859649122806
YFM,80,85,114,4,4,0.09649122807017543,0.8,0.09631578947368422,0.029178931101839375,0.5124378109452736,False,0.14912280701754385,300,0.2,0.10166666666666668,0.03208511731300547,0.09950248756218906,False,0.05263157894736842
YFM,80,86,114,4,4,0.13157894736842105,0.5,0.1025,0.031210164331992023,0.22885572139303484,False,0.19298245614035087,60,0.8,0.11732456140350876,0.03398420653064374,0.024875621890547265,True,0.06140350877192982
YFM,80,87,114,4,4,0.07894736842105263,0.2,0.10324561403508771,0.0328416951654373,0.8009950248756219,False,0.14912280701754385,75,0.2,0.11350877192982456,0.035017561880346035,0.1890547263681592,False,0.07017543859649122
YFM,80,88,114,4,4,0.15789473684210525,0.5,0.09811403508771929,0.031228742512774164,0.024875621890547265,True,0.15789473684210525,900,0.5,0.09811403508771929,0.031228742512774164,0.024875621890547265,True,0.0
YFM,80,89,114,4,4,0.14035087719298245,0.2,0.10495614035087719,0.03056925983103294,0.15920398009950248,False,0.20175438596491227,180,0.8,0.11100877192982456,0.030432599362311186,0.009950248756218905,True,0.06140350877192982
YFM,80,90,114,4,4,0.06140350877192982,0.2,0.10017543859649124,0.029526700511771288,0.9353233830845771,False,0.16666666666666666,90,0.5,0.11368421052631578,0.03596754623598114,0.08955223880597014,False,0.10526315789473684
YFM,80,91,114,4,4,0.11403508771929824,0.2,0.10605263157894736,0.03201272790301566,0.4427860696517413,False,0.16666666666666666,60,0.2,0.11605263157894737,0.03511757083331697,0.0945273631840796,False,0.05263157894736842
YFM,80,92,114,4,4,0.13157894736842105,0.5,0.09872807017543858,0.030399546625374647,0.15920398009950248,False,0.14912280701754385,60,0.2,0.11043859649122804,0.030465521050181677,0.11442786069651742,False,0.017543859649122806
YFM,80,93,114,4,4,0.13157894736842105,0.5,0.10298245614035086,0.03140360973724372,0.21393034825870647,False,0.14912280701754385,60,0.8,0.1156140350877193,0.035403236252201105,0.208955223880597,False,0.017543859649122806
YFM,80,94,114,4,4,0.07894736842105263,0.8,0.10350877192982455,0.03132668350024354,0.8208955223880597,False,0.17543859649122806,90,0.5,0.11223684210526315,0.03367399595153353,0.05472636815920398,False,0.09649122807017543
YFM,81,82,114,4,4,0.21052631578947367,0.2,0.10350877192982455,0.03249001665547933,0.004975124378109453,True,0.21052631578947367,150,0.8,0.10596491228070175,0.03072045122816924,0.004975124378109453,True,0.0
YFM,81,83,114,4,4,0.21052631578947367,0.8,0.10267543859649124,0.03175328638000177,0.004975124378109453,True,0.21052631578947367,150,0.5,0.10951754385964911,0.031314060179182694,0.009950248756218905,True,0.0
YFM,81,84,114,4,4,0.14912280701754385,0.2,0.10021929824561403,0.030544711134175697,0.0845771144278607,False,0.19298245614035087,75,0.5,0.11736842105263158,0.038788762356077505,0.03980099502487562,True,0.043859649122807015
YFM,81,85,114,4,4,0.15789473684210525,0.8,0.10249999999999998,0.0317871210556245,0.05970149253731343,False,0.21929824561403508,300,0.8,0.10469298245614034,0.032490938978025595,0.004975124378109453,True,0.06140350877192982
YFM,81,86,114,4,4,0.16666666666666666,0.2,0.10381578947368421,0.03172867883867025,0.024875621890547265,True,0.22807017543859648,150,0.5,0.1119736842105263,0.03425099386255699,0.009950248756218905,True,0.06140350877192982
YFM,81,87,114,4,4,0.13157894736842105,0.8,0.10469298245614034,0.033464127871940676,0.25870646766169153,False,0.18421052631578946,75,0.2,0.1156140350877193,0.03329828286606861,0.03980099502487562,True,0.05263157894736842
YFM,81,88,114,4,4,0.16666666666666666,0.5,0.10381578947368421,0.029189762262717283,0.03980099502487562,True,0.19298245614035087,90,0.5,0.11596491228070174,0.031043487980711673,0.009950248756218905,True,0.02631578947368421
YFM,81,89,114,4,4,0.15789473684210525,0.2,0.1045175438596491,0.027258064840135245,0.04477611940298507,True,0.20175438596491227,90,0.5,0.11758771929824562,0.03249117699249709,0.014925373134328358,True,0.043859649122807015
YFM,81,90,114,4,4,0.15789473684210525,0.2,0.10399122807017544,0.03524602282087034,0.07462686567164178,False,0.19298245614035087,100,0.8,0.11618421052631579,0.03161538422155299,0.024875621890547265,True,0.03508771929824561
YFM,81,91,114,4,4,0.14035087719298245,0.5,0.1062719298245614,0.033465283319427365,0.1890547263681592,False,0.20175438596491227,150,0.8,0.11421052631578947,0.03378476498432767,0.004975124378109453,True,0.06140350877192982
YFM,81,92,114,4,4,0.20175438596491227,0.2,0.10552631578947368,0.033462192408017524,0.004975124378109453,True,0.22807017543859648,150,0.5,0.11087719298245613,0.03225159580008329,0.004975124378109453,True,0.02631578947368421
YFM,81,93,114,4,4,0.10526315789473684,0.2,0.1037719298245614,0.03042640470914535,0.5223880597014925,False,0.19298245614035087,60,0.5,0.11995614035087719,0.035240976021636485,0.024875621890547265,True,0.08771929824561403
YFM,81,94,114,4,4,0.12280701754385964,0.8,0.10578947368421052,0.028490744271240268,0.32338308457711445,False,0.18421052631578946,75,0.8,0.11986842105263157,0.03612242232661391,0.04975124378109453,True,0.06140350877192982
YFM,82,83,114,4,4,0.14035087719298245,0.2,0.10469298245614034,0.033278739565045345,0.1691542288557214,False,0.14912280701754385,60,0.2,0.1119736842105263,0.03264409788686027,0.15422885572139303,False,0.008771929824561403
YFM,82,84,114,4,4,0.11403508771929824,0.2,0.10144736842105262,0.031061138859293867,0.39303482587064675,False,0.14035087719298245,90,0.8,0.11285087719298245,0.034662832338015585,0.24378109452736318,False,0.02631578947368421
YFM,82,85,114,4,4,0.13157894736842105,0.2,0.09855263157894736,0.03401309398428929,0.1890547263681592,False,0.14912280701754385,180,0.2,0.10921052631578945,0.032994866559823595,0.14925373134328357,False,0.017543859649122806
YFM,82,86,114,4,4,0.14035087719298245,0.8,0.10456140350877191,0.033153978611251474,0.16417910447761194,False,0.17543859649122806,180,0.2,0.11263157894736843,0.035952492463780406,0.05970149253731343,False,0.03508771929824561
YFM,82,87,114,4,4,0.10526315789473684,0.2,0.10706140350877191,0.03281327890631004,0.5572139303482587,False,0.15789473684210525,75,0.2,0.1163157894736842,0.03166112320682779,0.14427860696517414,False,0.05263157894736842
YFM,82,88,114,4,4,0.09649122807017543,0.2,0.10249999999999998,0.03407669634664011,0.5920398009950248,False,0.15789473684210525,450,0.2,0.10907894736842104,0.03407669634664011,0.11940298507462686,False,0.06140350877192982
YFM,82,89,114,4,4,0.11403508771929824,0.8,0.10464912280701753,0.03246036937739079,0.417910447761194,False,0.17543859649122806,60,0.2,0.11535087719298245,0.034033238124701756,0.07462686567164178,False,0.06140350877192982
YFM,82,90,114,4,4,0.08771929824561403,0.2,0.10285087719298247,0.03316071317471192,0.7213930348258707,False,0.17543859649122806,150,0.2,0.11228070175438595,0.031767926125343245,0.03980099502487562,True,0.08771929824561403
YFM,82,91,114,4,4,0.11403508771929824,0.2,0.1067982456140351,0.03427875410080721,0.4527363184079602,False,0.18421052631578946,90,0.2,0.11521929824561403,0.03668958218614416,0.06467661691542288,False,0.07017543859649122
YFM,82,92,114,4,4,0.15789473684210525,0.8,0.10504385964912281,0.03553054667808322,0.10945273631840796,False,0.15789473684210525,900,0.8,0.10504385964912281,0.03553054667808322,0.10945273631840796,False,0.0
YFM,82,93,114,4,4,0.17543859649122806,0.2,0.10872807017543859,0.030219669469003688,0.04975124378109453,True,0.17543859649122806,60,0.5,0.11403508771929824,0.034115509232587944,0.05970149253731343,False,0.0
YFM,82,94,114,4,4,0.09649122807017543,0.2,0.10859649122807018,0.032532357000737415,0.6716417910447762,False,0.16666666666666666,180,0.5,0.11442982456140349,0.03270705221795573,0.07960199004975124,False,0.07017543859649122
YFM,83,84,114,4,4,0.08771929824561403,0.5,0.10175438596491228,0.031351359899107506,0.6865671641791045,False,0.13157894736842105,60,0.2,0.11675438596491228,0.03770530279628197,0.3333333333333333,False,0.043859649122807015
YFM,83,85,114,4,4,0.13157894736842105,0.5,0.09758771929824561,0.032094124389106256,0.1691542288557214,False,0.20175438596491227,90,0.2,0.11486842105263158,0.035105319353854726,0.01990049751243781,True,0.07017543859649122
YFM,83,86,114,4,4,0.13157894736842105,0.8,0.10043859649122805,0.03082587221143724,0.1691542288557214,False,0.19298245614035087,180,0.2,0.10916666666666666,0.03621244080011417,0.01990049751243781,True,0.06140350877192982
YFM,83,87,114,4,4,0.12280701754385964,0.2,0.10403508771929823,0.033056801981071145,0.3383084577114428,False,0.20175438596491227,75,0.2,0.11868421052631578,0.0321299168410275,0.014925373134328358,True,0.07894736842105263
YFM,83,88,114,4,4,0.14035087719298245,0.5,0.1045175438596491,0.03450742819047486,0.18407960199004975,False,0.16666666666666666,450,0.5,0.10763157894736843,0.03507350060138229,0.06965174129353234,False,0.02631578947368421
YFM,83,89,114,4,4,0.14912280701754385,0.8,0.10552631578947368,0.03299674154780257,0.14427860696517414,False,0.20175438596491227,180,0.8,0.11131578947368422,0.03044266695445754,0.009950248756218905,True,0.05263157894736842
YFM,83,90,114,4,4,0.07894736842105263,0.2,0.10021929824561404,0.03115883107634417,0.7810945273631841,False,0.13157894736842105,90,0.8,0.11745614035087719,0.033472359564971174,0.3482587064676617,False,0.05263157894736842
YFM,83,91,114,4,4,0.13157894736842105,0.2,0.10241228070175439,0.03191289406041719,0.22388059701492538,False,0.15789473684210525,100,0.8,0.11723684210526315,0.03290600471152791,0.13930348258706468,False,0.02631578947368421
YFM,83,92,114,4,4,0.15789473684210525,0.2,0.10649122807017544,0.03498884066563577,0.09950248756218906,False,0.15789473684210525,900,0.2,0.10649122807017544,0.03498884066563577,0.09950248756218906,False,0.0
YFM,83,93,114,4,4,0.11403508771929824,0.8,0.1037280701754386,0.03183404050721289,0.43283582089552236,False,0.17543859649122806,180,0.2,0.10964912280701754,0.031240162607261784,0.029850746268656716,True,0.06140350877192982
YFM,83,94,114,4,4,0.08771929824561403,0.5,0.1057017543859649,0.03261770263089663,0.7412935323383084,False,0.14035087719298245,90,0.8,0.11241228070175438,0.03354491308120905,0.24378109452736318,False,0.05263157894736842
YFM,84,85,114,4,4,0.12280701754385964,0.5,0.10048245614035087,0.03003871519561614,0.23880597014925373,False,0.14912280701754385,180,0.2,0.10877192982456141,0.03260881053132727,0.13930348258706468,False,0.02631578947368421
YFM,84,86,114,4,4,0.14912280701754385,0.2,0.10135964912280702,0.029531119914492837,0.0845771144278607,False,0.21052631578947367,180,0.2,0.11114035087719298,0.03523189544869106,0.014925373134328358,True,0.06140350877192982
YFM,84,87,114,4,4,0.11403508771929824,0.5,0.1019736842105263,0.0326377009971475,0.38308457711442784,False,0.15789473684210525,75,0.2,0.1143421052631579,0.034199024010275,0.13930348258706468,False,0.043859649122807015
YFM,84,88,114,4,4,0.12280701754385964,0.2,0.10043859649122806,0.0329362193990632,0.29850746268656714,False,0.17543859649122806,450,0.2,0.10425438596491228,0.03344216678462399,0.03980099502487562,True,0.05263157894736842
YFM,84,89,114,4,4,0.15789473684210525,0.5,0.10578947368421053,0.03341281466323152,0.07462686567164178,False,0.18421052631578946,180,0.5,0.11302631578947367,0.033175168916869925,0.029850746268656716,True,0.02631578947368421
YFM,84,90,114,4,4,0.06140350877192982,0.5,0.10100877192982455,0.030891374234947457,0.9253731343283582,False,0.14912280701754385,60,0.8,0.11820175438596489,0.03696529719983119,0.23880597014925373,False,0.08771929824561403
YFM,84,91,114,4,4,0.09649122807017543,0.2,0.10473684210526316,0.030761707687262406,0.6915422885572139,False,0.16666666666666666,60,0.5,0.11868421052631578,0.031681511814164426,0.1044776119402985,False,0.07017543859649122
YFM,84,92,114,4,4,0.12280701754385964,0.5,0.10223684210526315,0.03363148326800153,0.2935323383084577,False,0.18421052631578946,60,0.2,0.12087719298245612,0.03473506995302338,0.05970149253731343,False,0.06140350877192982
YFM,84,93,114,4,4,0.14035087719298245,0.5,0.1037719298245614,0.03169615421262336,0.13930348258706468,False,0.18421052631578946,90,0.8,0.11723684210526315,0.036504685897883624,0.07462686567164178,False,0.043859649122807015
YFM,84,94,114,4,4,0.07894736842105263,0.2,0.1018421052631579,0.03154550228690233,0.8059701492537313,False,0.18421052631578946,75,0.2,0.11925438596491227,0.035242731512036246,0.05970149253731343,False,0.10526315789473684
YFM,85,86,114,4,4,0.14912280701754385,0.2,0.10464912280701753,0.029594065524004863,0.10945273631840796,False,0.19298245614035087,180,0.2,0.10846491228070175,0.033198471366341374,0.009950248756218905,True,0.043859649122807015
YFM,85,87,114,4,4,0.11403508771929824,0.5,0.10219298245614034,0.034304829369053505,0.40298507462686567,False,0.14912280701754385,90,0.5,0.11307017543859647,0.03126231002253679,0.1691542288557214,False,0.03508771929824561
YFM,85,88,114,4,4,0.13157894736842105,0.8,0.09885964912280701,0.02933422398990016,0.1890547263681592,False,0.17543859649122806,450,0.2,0.10342105263157894,0.03280494076564029,0.03482587064676617,True,0.043859649122807015
YFM,85,89,114,4,4,0.14912280701754385,0.8,0.10552631578947368,0.03235776423057112,0.11940298507462686,False,0.19298245614035087,180,0.8,0.11206140350877192,0.030821952090328817,0.009950248756218905,True,0.043859649122807015
YFM,85,90,114,4,4,0.06140350877192982,0.2,0.10065789473684211,0.033967135472663085,0.945273631840796,False,0.20175438596491227,300,0.2,0.1081140350877193,0.03285614416010123,0.004975124378109453,True,0.14035087719298245
YFM,85,91,114,4,4,0.14912280701754385,0.2,0.1031578947368421,0.030982145531696304,0.09950248756218906,False,0.17543859649122806,450,0.8,0.10464912280701753,0.03240075476156862,0.029850746268656716,True,0.02631578947368421
YFM,85,92,114,4,4,0.11403508771929824,0.2,0.10030701754385966,0.029371997427934782,0.35323383084577115,False,0.16666666666666666,225,0.8,0.1074561403508772,0.030976029571096908,0.06467661691542288,False,0.05263157894736842
YFM,85,93,114,4,4,0.11403508771929824,0.8,0.10307017543859649,0.031050835949878643,0.4427860696517413,False,0.18421052631578946,90,0.2,0.11820175438596489,0.037966387955930284,0.04975124378109453,True,0.07017543859649122
YFM,85,94,114,4,4,0.07894736842105263,0.5,0.10175438596491226,0.03051383909243533,0.8059701492537313,False,0.19298245614035087,90,0.8,0.11587719298245615,0.034381840031682924,0.014925373134328358,True,0.11403508771929824
YFM,86,87,114,4,4,0.12280701754385964,0.8,0.10144736842105263,0.03261565766266553,0.25870646766169153,False,0.16666666666666666,150,0.2,0.1119736842105263,0.03330080842888207,0.06467661691542288,False,0.043859649122807015
YFM,86,88,114,4,4,0.15789473684210525,0.8,0.1050877192982456,0.03248954060779169,0.11442786069651742,False,0.19298245614035087,75,0.8,0.11557017543859648,0.0326377009971475,0.029850746268656716,True,0.03508771929824561
YFM,86,89,114,4,4,0.14035087719298245,0.5,0.10609649122807017,0.031160816541227956,0.16417910447761194,False,0.21052631578947367,75,0.8,0.12153508771929823,0.030085019756041765,0.009950248756218905,True,0.07017543859649122
YFM,86,90,114,4,4,0.08771929824561403,0.2,0.10482456140350876,0.03243939752716728,0.7313432835820896,False,0.20175438596491227,60,0.5,0.118859649122807,0.03645775850672941,0.024875621890547265,True,0.11403508771929824
YFM,86,91,114,4,4,0.14912280701754385,0.2,0.10627192982456139,0.03319847136634137,0.14427860696517414,False,0.21052631578947367,60,0.2,0.11938596491228068,0.0336221980161886,0.004975124378109453,True,0.06140350877192982
YFM,86,92,114,4,4,0.14912280701754385,0.5,0.10578947368421052,0.029582696183504918,0.0945273631840796,False,0.22807017543859648,60,0.2,0.11714912280701753,0.035720052664660995,0.009950248756218905,True,0.07894736842105263
YFM,86,93,114,4,4,0.17543859649122806,0.5,0.10394736842105264,0.031789219322819716,0.024875621890547265,True,0.21929824561403508,225,0.2,0.11368421052631579,0.030952178270171663,0.004975124378109453,True,0.043859649122807015
YFM,86,94,114,4,4,0.09649122807017543,0.2,0.10521929824561405,0.033526695715365554,0.6666666666666666,False,0.18421052631578946,180,0.5,0.11456140350877192,0.033378079350391866,0.03482587064676617,True,0.08771929824561403
YFM,87,88,114,4,4,0.14035087719298245,0.2,0.10289473684210527,0.03315806032814848,0.17412935323383086,False,0.14912280701754385,75,0.2,0.1162280701754386,0.03412400871598168,0.208955223880597,False,0.008771929824561403
YFM,87,89,114,4,4,0.12280701754385964,0.8,0.10355263157894737,0.029082532225070352,0.31840796019900497,False,0.17543859649122806,60,0.2,0.11587719298245613,0.0329225983274687,0.05472636815920398,False,0.05263157894736842
YFM,87,90,114,4,4,0.07894736842105263,0.8,0.10206140350877192,0.03297643327092702,0.7810945273631841,False,0.16666666666666666,90,0.2,0.11732456140350876,0.03231624209269352,0.08955223880597014,False,0.08771929824561403
YFM,87,91,114,4,4,0.10526315789473684,0.2,0.10543859649122807,0.029363867235744617,0.5373134328358209,False,0.18421052631578946,60,0.5,0.1169298245614035,0.035253838447840455,0.05472636815920398,False,0.07894736842105263
YFM,87,92,114,4,4,0.10526315789473684,0.2,0.10307017543859648,0.03266508628054534,0.5422885572139303,False,0.15789473684210525,225,0.2,0.11179824561403509,0.03282152657209776,0.12935323383084577,False,0.05263157894736842
YFM,87,93,114,4,4,0.09649122807017543,0.5,0.10517543859649121,0.03090404509122611,0.6368159203980099,False,0.20175438596491227,90,0.2,0.11302631578947367,0.034038094800134235,0.009950248756218905,True,0.10526315789473684
YFM,87,94,114,4,4,0.07894736842105263,0.2,0.10552631578947368,0.03304358166982434,0.8557213930348259,False,0.17543859649122806,225,0.2,0.11473684210526315,0.034491540978811505,0.05970149253731343,False,0.09649122807017543
YFM,88,89,114,4,4,0.17543859649122806,0.5,0.10605263157894736,0.033718662587880394,0.03980099502487562,True,0.17543859649122806,100,0.8,0.11671052631578947,0.030931652691795524,0.029850746268656716,True,0.0
YFM,88,90,114,4,4,0.11403508771929824,0.5,0.10223684210526315,0.03192088983538929,0.38308457711442784,False,0.18421052631578946,90,0.8,0.11811403508771928,0.03448613149284492,0.04477611940298507,True,0.07017543859649122
YFM,88,91,114,4,4,0.13157894736842105,0.5,0.10491228070175439,0.032008500133912925,0.208955223880597,False,0.17543859649122806,60,0.5,0.11741228070175438,0.033850138601366306,0.04975124378109453,True,0.043859649122807015
YFM,88,92,114,4,4,0.20175438596491227,0.2,0.10175438596491226,0.031140987237600806,0.009950248756218905,True,0.20175438596491227,900,0.2,0.10175438596491226,0.031140987237600806,0.009950248756218905,True,0.0
YFM,88,93,114,4,4,0.10526315789473684,0.5,0.10263157894736842,0.03187728247671803,0.527363184079602,False,0.17543859649122806,90,0.8,0.11425438596491226,0.036273679259302014,0.0845771144278607,False,0.07017543859649122
YFM,88,94,114,4,4,0.11403508771929824,0.2,0.10390350877192983,0.03303407264527466,0.42786069651741293,False,0.15789473684210525,90,0.5,0.1169736842105263,0.036410292749823936,0.1890547263681592,False,0.043859649122807015
YFM,89,90,114,4,4,0.15789473684210525,0.8,0.10723684210526314,0.03521353511732227,0.11442786069651742,False,0.19298245614035087,90,0.8,0.11798245614035086,0.033309776983435235,0.03482587064676617,True,0.03508771929824561
YFM,89,91,114,4,4,0.15789473684210525,0.8,0.10675438596491228,0.03310437474726841,0.0845771144278607,False,0.17543859649122806,100,0.8,0.11732456140350876,0.03150438241942294,0.04975124378109453,True,0.017543859649122806
YFM,89,92,114,4,4,0.16666666666666666,0.5,0.10469298245614034,0.03077977140506917,0.03980099502487562,True,0.18421052631578946,60,0.2,0.12013157894736842,0.034668632500822735,0.05970149253731343,False,0.017543859649122806
YFM,89,93,114,4,4,0.13157894736842105,0.8,0.10618421052631578,0.031121083176486153,0.22885572139303484,False,0.19298245614035087,60,0.5,0.11885964912280703,0.035642597494787896,0.04477611940298507,True,0.06140350877192982
YFM,89,94,114,4,4,0.14035087719298245,0.8,0.10688596491228068,0.029939176184114513,0.17412935323383086,False,0.21929824561403508,90,0.5,0.11653508771929824,0.03368639494334949,0.009950248756218905,True,0.07894736842105263
YFM,90,91,114,4,4,0.13157894736842105,0.5,0.10653508771929823,0.034435863981148715,0.2935323383084577,False,0.21052631578947367,150,0.2,0.11921052631578948,0.03729077398151867,0.014925373134328358,True,0.07894736842105263
YFM,90,92,114,4,4,0.07894736842105263,0.2,0.10416666666666666,0.03137524665297207,0.8109452736318408,False,0.18421052631578946,225,0.5,0.11390350877192981,0.031664023584982104,0.029850746268656716,True,0.10526315789473684
YFM,90,93,114,4,4,0.07894736842105263,0.5,0.10561403508771929,0.032416622951883856,0.8159203980099502,False,0.19298245614035087,90,0.2,0.11662280701754385,0.03680658796047125,0.04477611940298507,True,0.11403508771929824
YFM,90,94,114,4,4,0.07017543859649122,0.8,0.10355263157894737,0.03093790240700871,0.8905472636815921,False,0.16666666666666666,90,0.2,0.1156140350877193,0.0322122476005276,0.10945273631840796,False,0.09649122807017543
YFM,91,92,114,4,4,0.12280701754385964,0.2,0.10600877192982455,0.03441766881595902,0.3283582089552239,False,0.16666666666666666,450,0.8,0.10486842105263157,0.033048115779460784,0.04975124378109453,True,0.043859649122807015
YFM,91,93,114,4,4,0.10526315789473684,0.5,0.10513157894736842,0.03286249852852133,0.527363184079602,False,0.19298245614035087,60,0.2,0.1168859649122807,0.033577863681841756,0.01990049751243781,True,0.08771929824561403
YFM,91,94,114,4,4,0.08771929824561403,0.8,0.10530701754385964,0.030922900968476972,0.7910447761194029,False,0.18421052631578946,100,0.8,0.1169298245614035,0.03371774517934684,0.03980099502487562,True,0.09649122807017543
YFM,92,93,114,4,4,0.20175438596491227,0.2,0.1044736842105263,0.03215734376757709,0.004975124378109453,True,0.20175438596491227,900,0.2,0.1044736842105263,0.03215734376757709,0.004975124378109453,True,0.0
YFM,92,94,114,4,4,0.08771929824561403,0.8,0.10478070175438596,0.03333817598698808,0.7114427860696517,False,0.16666666666666666,90,0.8,0.11403508771929824,0.03448750496601958,0.09950248756218906,False,0.07894736842105263
YFM,93,94,114,4,4,0.10526315789473684,0.2,0.10592105263157894,0.03282081971052751,0.5522388059701493,False,0.19298245614035087,60,0.8,0.12035087719298244,0.03460122937480425,0.04477611940298507,True,0.08771929824561403
