subject,neuron_1,neuron_2,n_presentations,min_class_count,n_splits,FR_accuracy,FR_best_gamma,FR_null_mean,FR_null_sd,FR_p,FR_coding,TC_accuracy,TC_best_bin_ms,TC_best_gamma,TC_null_mean,TC_null_sd,TC_p,TC_coding,TC_minus_FR
YFJ,10,11,114,4,4,0.11403508771929824,0.2,0.10421052631578948,0.029725085751663407,0.4129353233830846,False,0.17543859649122806,90,0.2,0.11758771929824562,0.03604548314546606,0.05472636815920398,False,0.06140350877192982
YFJ,10,12,114,4,4,0.16666666666666666,0.2,0.10552631578947366,0.032021423272804946,0.03980099502487562,True,0.20175438596491227,450,0.5,0.10951754385964912,0.03147417527908483,0.009950248756218905,True,0.03508771929824561
YFJ,10,13,114,4,4,0.15789473684210525,0.5,0.09973684210526315,0.028540508853929995,0.05970149253731343,False,0.16666666666666666,90,0.2,0.11758771929824562,0.03247927413225709,0.09950248756218906,False,0.008771929824561403
YFJ,10,14,114,4,4,0.14035087719298245,0.5,0.10315789473684209,0.02858017695616485,0.12437810945273632,False,0.21052631578947367,180,0.2,0.1100438596491228,0.03238031152263244,0.009950248756218905,True,0.07017543859649122
YFJ,10,15,114,4,4,0.14035087719298245,0.8,0.10078947368421051,0.031375893653891464,0.14427860696517414,False,0.19298245614035087,100,0.2,0.10964912280701754,0.03634356631772291,0.029850746268656716,True,0.05263157894736842
YFJ,10,16,114,4,4,0.12280701754385964,0.5,0.10460526315789473,0.030398783445663727,0.373134328358209,False,0.17543859649122806,100,0.2,0.11785087719298247,0.03670960059674874,0.09950248756218906,False,0.05263157894736842
YFJ,10,17,114,4,4,0.10526315789473684,0.5,0.10548245614035086,0.02961923894884146,0.5771144278606966,False,0.19298245614035087,75,0.5,0.11583333333333332,0.033524389013833165,0.029850746268656716,True,0.08771929824561403
YFJ,10,18,114,4,4,0.13157894736842105,0.2,0.10530701754385964,0.028051125015279184,0.22885572139303484,False,0.20175438596491227,225,0.2,0.11127192982456141,0.03549940860680601,0.01990049751243781,True,0.07017543859649122
YFJ,10,19,114,4,4,0.11403508771929824,0.5,0.10649122807017544,0.03162201848838295,0.4527363184079602,False,0.17543859649122806,150,0.2,0.11535087719298245,0.035435877389808974,0.06965174129353234,False,0.06140350877192982
YFJ,10,20,114,4,4,0.14912280701754385,0.8,0.1062719298245614,0.03202465324268933,0.11940298507462686,False,0.23684210526315788,100,0.2,0.11592105263157894,0.034898519033364335,0.004975124378109453,True,0.08771929824561403
YFJ,10,21,114,4,4,0.16666666666666666,0.8,0.10135964912280702,0.031812898854203735,0.04975124378109453,True,0.20175438596491227,90,0.2,0.1143859649122807,0.03134938650199476,0.014925373134328358,True,0.03508771929824561
YFJ,10,22,114,4,4,0.10526315789473684,0.2,0.10587719298245615,0.03352683987894183,0.5223880597014925,False,0.23684210526315788,60,0.8,0.11885964912280703,0.036223677380226214,0.009950248756218905,True,0.13157894736842105
YFJ,10,23,114,4,4,0.15789473684210525,0.2,0.10464912280701753,0.03205280357994836,0.06965174129353234,False,0.21052631578947367,150,0.2,0.11109649122807017,0.03802073406768161,0.01990049751243781,True,0.05263157894736842
YFJ,10,24,114,4,4,0.12280701754385964,0.2,0.10381578947368421,0.031422535000550006,0.2736318407960199,False,0.18421052631578946,180,0.5,0.11021929824561402,0.033527618351542186,0.024875621890547265,True,0.06140350877192982
YFJ,10,25,114,4,4,0.10526315789473684,0.5,0.10403508771929823,0.03191413595989802,0.572139303482587,False,0.16666666666666666,90,0.2,0.11785087719298244,0.03612563348928425,0.11940298507462686,False,0.06140350877192982
YFJ,10,26,114,4,4,0.11403508771929824,0.5,0.10364035087719298,0.03125349624167005,0.36318407960199006,False,0.22807017543859648,100,0.8,0.11530701754385964,0.031906350572318644,0.004975124378109453,True,0.11403508771929824
YFJ,10,27,114,4,4,0.15789473684210525,0.8,0.10837719298245613,0.031201738579353384,0.06467661691542288,False,0.19298245614035087,225,0.2,0.116359649122807,0.03302681468639707,0.01990049751243781,True,0.03508771929824561
YFJ,10,28,114,4,4,0.08771929824561403,0.2,0.10793859649122807,0.032539933198695865,0.7661691542288557,False,0.23684210526315788,75,0.5,0.11710526315789473,0.033965000987131545,0.004975124378109453,True,0.14912280701754385
YFJ,10,29,114,4,4,0.14035087719298245,0.8,0.10600877192982455,0.031533089186694015,0.18407960199004975,False,0.22807017543859648,180,0.5,0.10973684210526315,0.03485541986580656,0.004975124378109453,True,0.08771929824561403
YFJ,10,38,114,4,4,0.14035087719298245,0.2,0.10578947368421052,0.02983000608909495,0.1691542288557214,False,0.23684210526315788,75,0.2,0.11934210526315789,0.0337038376488867,0.004975124378109453,True,0.09649122807017543
YFJ,10,39,114,4,4,0.14912280701754385,0.8,0.10219298245614034,0.030750518571221734,0.0945273631840796,False,0.21052631578947367,100,0.2,0.11149122807017543,0.03528102881324627,0.014925373134328358,True,0.06140350877192982
YFJ,10,40,114,4,4,0.11403508771929824,0.8,0.10065789473684211,0.031412196757521396,0.373134328358209,False,0.14035087719298245,300,0.5,0.1094736842105263,0.03353202935490134,0.19900497512437812,False,0.02631578947368421
YFJ,10,41,114,4,4,0.16666666666666666,0.2,0.10280701754385964,0.03234880067872111,0.04477611940298507,True,0.19298245614035087,150,0.5,0.11153508771929824,0.03586567589457891,0.04477611940298507,True,0.02631578947368421
YFJ,10,42,114,4,4,0.11403508771929824,0.2,0.10092105263157894,0.03167037295918736,0.3880597014925373,False,0.20175438596491227,90,0.2,0.11368421052631579,0.03364576547722915,0.009950248756218905,True,0.08771929824561403
YFJ,10,43,114,4,4,0.14035087719298245,0.8,0.1011842105263158,0.03130047439394587,0.13432835820895522,False,0.21929824561403508,100,0.5,0.11732456140350876,0.038326230945676214,0.014925373134328358,True,0.07894736842105263
YFJ,10,44,114,4,4,0.14912280701754385,0.2,0.10285087719298244,0.031078064317901322,0.09950248756218906,False,0.21929824561403508,180,0.8,0.11166666666666666,0.036372387168995116,0.004975124378109453,True,0.07017543859649122
YFJ,10,45,114,4,4,0.17543859649122806,0.2,0.10478070175438596,0.028606648117896552,0.014925373134328358,True,0.21929824561403508,75,0.8,0.11995614035087719,0.0337730604302793,0.004975124378109453,True,0.043859649122807015
YFJ,10,46,114,4,4,0.14912280701754385,0.2,0.10267543859649124,0.029335377342589057,0.07462686567164178,False,0.18421052631578946,75,0.8,0.11587719298245613,0.033997316970348336,0.04975124378109453,True,0.03508771929824561
YFJ,10,47,114,4,4,0.14912280701754385,0.2,0.10460526315789473,0.02976898821260885,0.09950248756218906,False,0.21052631578947367,300,0.8,0.10890350877192984,0.03444574374612496,0.014925373134328358,True,0.06140350877192982
YFJ,10,48,114,4,4,0.10526315789473684,0.2,0.10526315789473684,0.03282155602433282,0.5422885572139303,False,0.18421052631578946,100,0.2,0.1143859649122807,0.03484266005477014,0.04975124378109453,True,0.07894736842105263
YFJ,10,49,114,4,4,0.11403508771929824,0.2,0.10149122807017545,0.03224524095934518,0.38308457711442784,False,0.20175438596491227,90,0.2,0.11508771929824561,0.033940060255677404,0.004975124378109453,True,0.08771929824561403
YFJ,10,50,114,4,4,0.15789473684210525,0.2,0.1044736842105263,0.030146552338076272,0.04477611940298507,True,0.22807017543859648,75,0.2,0.11793859649122808,0.03132294950238709,0.004975124378109453,True,0.07017543859649122
YFJ,10,51,114,4,4,0.14035087719298245,0.2,0.10342105263157894,0.03102392643292312,0.15422885572139303,False,0.21929824561403508,150,0.2,0.11399122807017542,0.037158932705528114,0.009950248756218905,True,0.07894736842105263
YFJ,10,52,114,4,4,0.11403508771929824,0.2,0.1044736842105263,0.030312834946033193,0.4228855721393035,False,0.15789473684210525,150,0.2,0.11495614035087719,0.03376687741499922,0.12935323383084577,False,0.043859649122807015
YFJ,10,53,114,4,4,0.09649122807017543,0.2,0.1045175438596491,0.031801714828673736,0.6368159203980099,False,0.19298245614035087,100,0.2,0.11517543859649124,0.03350145753589499,0.01990049751243781,True,0.09649122807017543
YFJ,10,54,114,4,4,0.14035087719298245,0.5,0.10214912280701753,0.03227385784078905,0.1691542288557214,False,0.19298245614035087,225,0.8,0.11096491228070175,0.03576173139502063,0.03482587064676617,True,0.05263157894736842
YFJ,10,55,114,4,4,0.10526315789473684,0.5,0.10701754385964912,0.03388806996878755,0.5472636815920398,False,0.16666666666666666,75,0.2,0.11565789473684208,0.030375115363819597,0.06965174129353234,False,0.06140350877192982
YFJ,10,56,114,4,4,0.18421052631578946,0.2,0.10438596491228071,0.03513177169387203,0.029850746268656716,True,0.20175438596491227,225,0.8,0.11219298245614034,0.03530294127293148,0.01990049751243781,True,0.017543859649122806
YFJ,10,57,114,4,4,0.13157894736842105,0.8,0.1037280701754386,0.031034487462329303,0.23880597014925373,False,0.20175438596491227,100,0.2,0.11175438596491226,0.03528815185513074,0.024875621890547265,True,0.07017543859649122
YFJ,10,58,114,4,4,0.21052631578947367,0.5,0.10570175438596491,0.030332727602650916,0.004975124378109453,True,0.22807017543859648,450,0.5,0.10833333333333332,0.03251083691820917,0.004975124378109453,True,0.017543859649122806
YFJ,10,59,114,4,4,0.13157894736842105,0.5,0.10429824561403508,0.029584656726341724,0.24875621890547264,False,0.22807017543859648,150,0.2,0.11640350877192981,0.03272374671923787,0.004975124378109453,True,0.09649122807017543
YFJ,10,60,114,4,4,0.07894736842105263,0.8,0.1055701754385965,0.03467064002341183,0.8009950248756219,False,0.18421052631578946,225,0.5,0.11385964912280702,0.03413771675478238,0.03482587064676617,True,0.10526315789473684
YFJ,10,61,114,4,4,0.17543859649122806,0.5,0.10464912280701753,0.03248418459059093,0.029850746268656716,True,0.22807017543859648,100,0.2,0.11416666666666667,0.03502680841064337,0.009950248756218905,True,0.05263157894736842
YFJ,10,62,114,4,4,0.17543859649122806,0.2,0.10460526315789473,0.02993736801717085,0.014925373134328358,True,0.24561403508771928,150,0.2,0.11271929824561402,0.032284069869403194,0.004975124378109453,True,0.07017543859649122
YFJ,11,12,114,4,4,0.11403508771929824,0.2,0.10267543859649124,0.030115849909975075,0.417910447761194,False,0.13157894736842105,300,0.8,0.10973684210526315,0.030665398305103612,0.27860696517412936,False,0.017543859649122806
YFJ,11,13,114,4,4,0.07894736842105263,0.2,0.10320175438596489,0.03126462902558744,0.835820895522388,False,0.14035087719298245,90,0.2,0.11644736842105263,0.03548154088178592,0.29850746268656714,False,0.06140350877192982
YFJ,11,14,114,4,4,0.07017543859649122,0.2,0.10083333333333334,0.028590423492872455,0.900497512437811,False,0.14035087719298245,300,0.8,0.10710526315789473,0.029437910431643056,0.18407960199004975,False,0.07017543859649122
YFJ,11,15,114,4,4,0.07894736842105263,0.8,0.1,0.02927207360284101,0.8159203980099502,False,0.12280701754385964,90,0.5,0.11258771929824561,0.030536355016579635,0.43781094527363185,False,0.043859649122807015
YFJ,11,16,114,4,4,0.11403508771929824,0.8,0.10271929824561404,0.027439213604979577,0.39800995024875624,False,0.15789473684210525,450,0.8,0.10605263157894736,0.030592177347383093,0.06467661691542288,False,0.043859649122807015
YFJ,11,17,114,4,4,0.07017543859649122,0.2,0.10030701754385966,0.030735771635834637,0.8905472636815921,False,0.13157894736842105,60,0.5,0.12004385964912281,0.03548851472284385,0.38308457711442784,False,0.06140350877192982
YFJ,11,18,114,4,4,0.10526315789473684,0.5,0.1013157894736842,0.03087600580375851,0.5422885572139303,False,0.13157894736842105,90,0.5,0.11434210526315787,0.02996886616544285,0.3333333333333333,False,0.02631578947368421
YFJ,11,19,114,4,4,0.10526315789473684,0.2,0.10846491228070175,0.032121100368920005,0.5970149253731343,False,0.12280701754385964,150,0.5,0.11421052631578946,0.03550357463360935,0.4079601990049751,False,0.017543859649122806
YFJ,11,20,114,4,4,0.13157894736842105,0.2,0.1075438596491228,0.031831641514544554,0.24875621890547264,False,0.16666666666666666,90,0.5,0.11600877192982456,0.037064536581033765,0.09950248756218906,False,0.03508771929824561
YFJ,11,21,114,4,4,0.10526315789473684,0.2,0.0994736842105263,0.02930428686142767,0.4577114427860697,False,0.12280701754385964,60,0.2,0.11780701754385965,0.03447079533204911,0.4577114427860697,False,0.017543859649122806
YFJ,11,22,114,4,4,0.12280701754385964,0.2,0.10254385964912281,0.030996494577235616,0.31343283582089554,False,0.16666666666666666,60,0.5,0.12285087719298245,0.034960731813323084,0.12935323383084577,False,0.043859649122807015
YFJ,11,23,114,4,4,0.14035087719298245,0.2,0.10004385964912281,0.029536356868847966,0.12437810945273632,False,0.15789473684210525,60,0.5,0.12429824561403509,0.03376358506997203,0.18407960199004975,False,0.017543859649122806
YFJ,11,24,114,4,4,0.11403508771929824,0.5,0.10109649122807017,0.03331195345290624,0.43283582089552236,False,0.14035087719298245,180,0.2,0.11201754385964911,0.03209138337269128,0.23383084577114427,False,0.02631578947368421
YFJ,11,25,114,4,4,0.07894736842105263,0.8,0.10517543859649123,0.030753536261817517,0.8308457711442786,False,0.10526315789473684,90,0.8,0.11605263157894737,0.031519996500603664,0.6517412935323383,False,0.02631578947368421
YFJ,11,26,114,4,4,0.10526315789473684,0.2,0.10241228070175439,0.033967135472663085,0.4626865671641791,False,0.15789473684210525,90,0.2,0.11535087719298247,0.03181353695446751,0.12437810945273632,False,0.05263157894736842
YFJ,11,27,114,4,4,0.11403508771929824,0.2,0.1074561403508772,0.029844390833737088,0.48756218905472637,False,0.15789473684210525,450,0.2,0.10912280701754386,0.028381963207880265,0.06965174129353234,False,0.043859649122807015
YFJ,11,28,114,4,4,0.05263157894736842,0.8,0.1031140350877193,0.03236478394556984,0.9552238805970149,False,0.13157894736842105,60,0.2,0.11956140350877192,0.034412416261965485,0.3880597014925373,False,0.07894736842105263
YFJ,11,29,114,4,4,0.12280701754385964,0.2,0.09925438596491226,0.03160413029989769,0.25870646766169153,False,0.17543859649122806,450,0.8,0.10342105263157896,0.028571381618956452,0.01990049751243781,True,0.05263157894736842
YFJ,11,38,114,4,4,0.09649122807017543,0.5,0.10644736842105264,0.03207894043156812,0.6716417910447762,False,0.14035087719298245,90,0.5,0.12013157894736841,0.035100913282368314,0.31840796019900497,False,0.043859649122807015
YFJ,11,39,114,4,4,0.07894736842105263,0.8,0.09982456140350876,0.029040787602463983,0.8407960199004975,False,0.14035087719298245,90,0.2,0.11508771929824561,0.03319127848085422,0.24875621890547264,False,0.06140350877192982
YFJ,11,40,114,4,4,0.10526315789473684,0.8,0.10135964912280702,0.03259336215356117,0.48756218905472637,False,0.10526315789473684,450,0.8,0.10609649122807017,0.03265144091844317,0.5572139303482587,False,0.0
YFJ,11,41,114,4,4,0.11403508771929824,0.2,0.09969298245614035,0.032800078327343794,0.3482587064676617,False,0.16666666666666666,300,0.5,0.10864035087719298,0.034984834392604185,0.07960199004975124,False,0.05263157894736842
YFJ,11,42,114,4,4,0.12280701754385964,0.2,0.10293859649122807,0.031979948073385944,0.2935323383084577,False,0.14912280701754385,60,0.2,0.1212280701754386,0.03541415636900919,0.24875621890547264,False,0.02631578947368421
YFJ,11,43,114,4,4,0.14912280701754385,0.2,0.10429824561403507,0.032032047741467694,0.10945273631840796,False,0.14912280701754385,900,0.2,0.10429824561403507,0.032032047741467694,0.10945273631840796,False,0.0
YFJ,11,44,114,4,4,0.14035087719298245,0.2,0.1057456140350877,0.029550753707872773,0.15920398009950248,False,0.20175438596491227,90,0.8,0.11675438596491228,0.03248275617018434,0.004975124378109453,True,0.06140350877192982
YFJ,11,45,114,4,4,0.12280701754385964,0.5,0.105,0.03175465628892629,0.32338308457711445,False,0.21052631578947367,180,0.2,0.11013157894736843,0.030825213665932414,0.009950248756218905,True,0.08771929824561403
YFJ,11,46,114,4,4,0.08771929824561403,0.8,0.10030701754385966,0.028679275697518762,0.7014925373134329,False,0.12280701754385964,90,0.5,0.1137719298245614,0.029546991574795053,0.4527363184079602,False,0.03508771929824561
YFJ,11,47,114,4,4,0.11403508771929824,0.2,0.10561403508771929,0.03534946014959473,0.47761194029850745,False,0.15789473684210525,90,0.2,0.11719298245614035,0.034454302047071,0.15920398009950248,False,0.043859649122807015
YFJ,11,48,114,4,4,0.09649122807017543,0.5,0.10342105263157894,0.031787273108626654,0.5970149253731343,False,0.14912280701754385,60,0.5,0.1187280701754386,0.03289072531300866,0.24378109452736318,False,0.05263157894736842
YFJ,11,49,114,4,4,0.10526315789473684,0.5,0.10346491228070175,0.03270705221795573,0.5024875621890548,False,0.15789473684210525,225,0.8,0.11258771929824561,0.03033307815746872,0.0945273631840796,False,0.05263157894736842
YFJ,11,50,114,4,4,0.10526315789473684,0.2,0.10276315789473683,0.03178468810866378,0.5323383084577115,False,0.17543859649122806,450,0.2,0.1062719298245614,0.03472413114522019,0.05472636815920398,False,0.07017543859649122
YFJ,11,51,114,4,4,0.09649122807017543,0.2,0.09982456140350876,0.03220984676520214,0.5472636815920398,False,0.13157894736842105,60,0.5,0.12039473684210526,0.03436325056218655,0.39800995024875624,False,0.03508771929824561
YFJ,11,52,114,4,4,0.11403508771929824,0.5,0.10399122807017543,0.031991069788926595,0.3880597014925373,False,0.11403508771929824,900,0.5,0.10399122807017543,0.031991069788926595,0.3880597014925373,False,0.0
YFJ,11,53,114,4,4,0.11403508771929824,0.5,0.10381578947368421,0.031249784432348385,0.417910447761194,False,0.13157894736842105,90,0.8,0.11732456140350876,0.03382454160406171,0.39800995024875624,False,0.017543859649122806
YFJ,11,54,114,4,4,0.07894736842105263,0.8,0.1007017543859649,0.029086022087071582,0.8208955223880597,False,0.12280701754385964,90,0.5,0.11460526315789472,0.029391737515938196,0.44776119402985076,False,0.043859649122807015
YFJ,11,55,114,4,4,0.07894736842105263,0.2,0.10776315789473685,0.030846280148593155,0.8557213930348259,False,0.13157894736842105,75,0.2,0.12140350877192983,0.03272055621640584,0.472636815920398,False,0.05263157894736842
YFJ,11,56,114,4,4,0.12280701754385964,0.2,0.10706140350877191,0.03128094994163224,0.3582089552238806,False,0.15789473684210525,450,0.2,0.10675438596491228,0.03181791215439941,0.07960199004975124,False,0.03508771929824561
YFJ,11,57,114,4,4,0.08771929824561403,0.2,0.10157894736842105,0.030795878439478404,0.7164179104477612,False,0.14035087719298245,60,0.2,0.11907894736842105,0.034109133230142225,0.2935323383084577,False,0.05263157894736842
YFJ,11,58,114,4,4,0.18421052631578946,0.5,0.10728070175438596,0.032331464098651626,0.024875621890547265,True,0.19298245614035087,300,0.8,0.10706140350877191,0.031917255640534305,0.009950248756218905,True,0.008771929824561403
YFJ,11,59,114,4,4,0.11403508771929824,0.2,0.10293859649122805,0.029905578102836162,0.39303482587064675,False,0.13157894736842105,450,0.2,0.10412280701754385,0.029064078850369476,0.21890547263681592,False,0.017543859649122806
YFJ,11,60,114,4,4,0.08771929824561403,0.2,0.10508771929824562,0.035197307484794556,0.7263681592039801,False,0.10526315789473684,90,0.8,0.11710526315789473,0.03416930358737597,0.6915422885572139,False,0.017543859649122806
YFJ,11,61,114,4,4,0.12280701754385964,0.2,0.10434210526315789,0.03008501975604176,0.30845771144278605,False,0.14912280701754385,60,0.5,0.12166666666666665,0.03468103824532954,0.22885572139303484,False,0.02631578947368421
YFJ,11,62,114,4,4,0.07894736842105263,0.2,0.10276315789473683,0.030264164053050942,0.8159203980099502,False,0.14035087719298245,90,0.2,0.11736842105263158,0.034839552610738615,0.263681592039801,False,0.06140350877192982
YFJ,12,13,114,4,4,0.05263157894736842,0.2,0.10513157894736842,0.03210062960085266,0.9651741293532339,False,0.13157894736842105,60,0.8,0.12228070175438596,0.03495124654210573,0.4129353233830846,False,0.07894736842105263
YFJ,12,14,114,4,4,0.15789473684210525,0.5,0.10057017543859649,0.030321603350211963,0.05472636815920398,False,0.15789473684210525,900,0.5,0.10057017543859649,0.030321603350211963,0.05472636815920398,False,0.0
YFJ,12,15,114,4,4,0.08771929824561403,0.2,0.10416666666666666,0.03120223427484461,0.7114427860696517,False,0.17543859649122806,450,0.2,0.10153508771929824,0.03183404050721289,0.01990049751243781,True,0.08771929824561403
YFJ,12,16,114,4,4,0.09649122807017543,0.5,0.10600877192982457,0.029295543936743947,0.6766169154228856,False,0.13157894736842105,60,0.2,0.12206140350877191,0.035966874326941095,0.4228855721393035,False,0.03508771929824561
YFJ,12,17,114,4,4,0.11403508771929824,0.2,0.10618421052631578,0.03160192797689735,0.48756218905472637,False,0.17543859649122806,450,0.8,0.10263157894736841,0.03085408238053209,0.01990049751243781,True,0.06140350877192982
YFJ,12,18,114,4,4,0.11403508771929824,0.2,0.10719298245614034,0.030591798162706213,0.472636815920398,False,0.17543859649122806,450,0.2,0.10271929824561403,0.030164503737864255,0.009950248756218905,True,0.06140350877192982
YFJ,12,19,114,4,4,0.043859649122807015,0.2,0.10824561403508773,0.031773281186447073,0.9950248756218906,False,0.13157894736842105,60,0.5,0.12039473684210528,0.035806979338250174,0.4228855721393035,False,0.08771929824561403
YFJ,12,20,114,4,4,0.15789473684210525,0.8,0.10842105263157893,0.035154217159784146,0.1044776119402985,False,0.17543859649122806,75,0.2,0.11925438596491228,0.03483441917197946,0.07462686567164178,False,0.017543859649122806
YFJ,12,21,114,4,4,0.09649122807017543,0.2,0.10403508771929826,0.03125303228961318,0.5970149253731343,False,0.18421052631578946,450,0.5,0.10157894736842106,0.030493050160190726,0.009950248756218905,True,0.08771929824561403
YFJ,12,22,114,4,4,0.13157894736842105,0.2,0.10592105263157894,0.031840113098332505,0.24875621890547264,False,0.20175438596491227,60,0.8,0.12425438596491228,0.03483086694449824,0.01990049751243781,True,0.07017543859649122
YFJ,12,23,114,4,4,0.10526315789473684,0.8,0.10596491228070175,0.0339377816499417,0.572139303482587,False,0.16666666666666666,60,0.5,0.12135964912280701,0.03692175682171776,0.12935323383084577,False,0.06140350877192982
YFJ,12,24,114,4,4,0.12280701754385964,0.2,0.10333333333333332,0.030868616218030297,0.2935323383084577,False,0.17543859649122806,60,0.2,0.11855263157894737,0.03313785091439329,0.06965174129353234,False,0.05263157894736842
YFJ,12,25,114,4,4,0.08771929824561403,0.2,0.10504385964912281,0.03027770400940957,0.7661691542288557,False,0.12280701754385964,90,0.5,0.11385964912280702,0.03347432331893547,0.417910447761194,False,0.03508771929824561
YFJ,12,26,114,4,4,0.10526315789473684,0.8,0.10548245614035087,0.032364067108313924,0.5422885572139303,False,0.18421052631578946,100,0.2,0.11425438596491226,0.034413848856197686,0.03482587064676617,True,0.07894736842105263
YFJ,12,27,114,4,4,0.11403508771929824,0.2,0.10859649122807018,0.030393981333745337,0.4626865671641791,False,0.19298245614035087,450,0.2,0.10749999999999998,0.03232294185474581,0.004975124378109453,True,0.07894736842105263
YFJ,12,28,114,4,4,0.05263157894736842,0.2,0.10921052631578947,0.031483664179501776,0.9800995024875622,False,0.15789473684210525,180,0.2,0.11219298245614034,0.03482878539287496,0.13432835820895522,False,0.10526315789473684
YFJ,12,29,114,4,4,0.10526315789473684,0.2,0.10543859649122807,0.033520496095053504,0.5174129353233831,False,0.18421052631578946,300,0.2,0.10583333333333332,0.030514821145789028,0.009950248756218905,True,0.07894736842105263
YFJ,12,38,114,4,4,0.09649122807017543,0.2,0.10679824561403509,0.032483321594106156,0.681592039800995,False,0.14912280701754385,60,0.5,0.12223684210526314,0.03535205792793624,0.263681592039801,False,0.05263157894736842
YFJ,12,39,114,4,4,0.11403508771929824,0.5,0.10355263157894737,0.031421550552524186,0.4079601990049751,False,0.18421052631578946,450,0.2,0.1056578947368421,0.032576749202367306,0.024875621890547265,True,0.07017543859649122
YFJ,12,40,114,4,4,0.14912280701754385,0.5,0.10293859649122807,0.032827180916713876,0.12437810945273632,False,0.14912280701754385,900,0.5,0.10293859649122807,0.032827180916713876,0.12437810945273632,False,0.0
YFJ,12,41,114,4,4,0.14912280701754385,0.2,0.10421052631578949,0.030622118099610247,0.09950248756218906,False,0.22807017543859648,450,0.5,0.1044736842105263,0.03085646339168764,0.004975124378109453,True,0.07894736842105263
YFJ,12,42,114,4,4,0.13157894736842105,0.5,0.10241228070175439,0.03363539208086752,0.21890547263681592,False,0.16666666666666666,100,0.8,0.11517543859649121,0.03640001672101123,0.12935323383084577,False,0.03508771929824561
YFJ,12,43,114,4,4,0.14035087719298245,0.2,0.10324561403508771,0.03124894921449007,0.18407960199004975,False,0.18421052631578946,300,0.8,0.10714912280701754,0.032069296092251884,0.009950248756218905,True,0.043859649122807015
YFJ,12,44,114,4,4,0.10526315789473684,0.2,0.10710526315789473,0.03138328700279796,0.5970149253731343,False,0.21929824561403508,180,0.8,0.11166666666666664,0.0342027831744244,0.004975124378109453,True,0.11403508771929824
YFJ,12,45,114,4,4,0.14912280701754385,0.2,0.10271929824561403,0.03281672550448378,0.08955223880597014,False,0.21052631578947367,180,0.8,0.11328947368421051,0.03373686225417206,0.01990049751243781,True,0.06140350877192982
YFJ,12,46,114,4,4,0.09649122807017543,0.2,0.10293859649122808,0.030227089781378634,0.6019900497512438,False,0.19298245614035087,450,0.5,0.10289473684210526,0.030975530255695244,0.009950248756218905,True,0.09649122807017543
YFJ,12,47,114,4,4,0.14035087719298245,0.2,0.10342105263157894,0.031135895990169204,0.15422885572139303,False,0.17543859649122806,180,0.8,0.11258771929824561,0.03178955381638471,0.04975124378109453,True,0.03508771929824561
YFJ,12,48,114,4,4,0.12280701754385964,0.5,0.10429824561403507,0.03239216121989539,0.2885572139303483,False,0.14035087719298245,300,0.2,0.10956140350877192,0.033126326323674675,0.23383084577114427,False,0.017543859649122806
YFJ,12,49,114,4,4,0.14035087719298245,0.5,0.10342105263157894,0.034076838183414386,0.17412935323383086,False,0.15789473684210525,60,0.8,0.12109649122807017,0.032426849641626405,0.14427860696517414,False,0.017543859649122806
YFJ,12,50,114,4,4,0.14035087719298245,0.8,0.10407894736842106,0.030824962787753648,0.14925373134328357,False,0.17543859649122806,75,0.8,0.11833333333333332,0.03445374091213939,0.07462686567164178,False,0.03508771929824561
YFJ,12,51,114,4,4,0.09649122807017543,0.8,0.10758771929824562,0.031846670196149514,0.6915422885572139,False,0.16666666666666666,450,0.5,0.10342105263157894,0.029595110761324255,0.03980099502487562,True,0.07017543859649122
YFJ,12,52,114,4,4,0.11403508771929824,0.5,0.10877192982456138,0.03425124786912741,0.47761194029850745,False,0.14035087719298245,60,0.8,0.12078947368421053,0.034963081992874824,0.30845771144278605,False,0.02631578947368421
YFJ,12,53,114,4,4,0.11403508771929824,0.8,0.10776315789473681,0.035876455253751674,0.4925373134328358,False,0.14912280701754385,75,0.8,0.11679824561403507,0.03360825094709545,0.19402985074626866,False,0.03508771929824561
YFJ,12,54,114,4,4,0.08771929824561403,0.5,0.10280701754385964,0.03410598729653256,0.6766169154228856,False,0.15789473684210525,60,0.5,0.1143859649122807,0.03495345908042509,0.12437810945273632,False,0.07017543859649122
YFJ,12,55,114,4,4,0.11403508771929824,0.2,0.10837719298245613,0.034620640410301357,0.4925373134328358,False,0.16666666666666666,60,0.5,0.12241228070175439,0.03643173826776326,0.14925373134328357,False,0.05263157894736842
YFJ,12,56,114,4,4,0.13157894736842105,0.5,0.10504385964912281,0.03135675527275795,0.1890547263681592,False,0.14912280701754385,75,0.8,0.12074561403508771,0.038952076957923756,0.24875621890547264,False,0.017543859649122806
YFJ,12,57,114,4,4,0.11403508771929824,0.2,0.10092105263157894,0.031227751955483298,0.373134328358209,False,0.17543859649122806,450,0.5,0.10184210526315787,0.027258242157309237,0.009950248756218905,True,0.06140350877192982
YFJ,12,58,114,4,4,0.13157894736842105,0.8,0.10859649122807018,0.03408784291726439,0.24875621890547264,False,0.17543859649122806,180,0.2,0.1107017543859649,0.033109630438851824,0.04477611940298507,True,0.043859649122807015
YFJ,12,59,114,4,4,0.06140350877192982,0.5,0.10618421052631578,0.03359467215746524,0.9552238805970149,False,0.16666666666666666,450,0.8,0.10223684210526315,0.028974638455148458,0.029850746268656716,True,0.10526315789473684
YFJ,12,60,114,4,4,0.08771929824561403,0.2,0.10530701754385964,0.030405905711359118,0.7810945273631841,False,0.12280701754385964,300,0.5,0.1151754385964912,0.03263619043743878,0.4527363184079602,False,0.03508771929824561
YFJ,12,61,114,4,4,0.12280701754385964,0.2,0.10482456140350876,0.03290098092314003,0.3333333333333333,False,0.21052631578947367,60,0.8,0.125,0.03416930358737597,0.01990049751243781,True,0.08771929824561403
YFJ,12,62,114,4,4,0.10526315789473684,0.8,0.10631578947368421,0.03324947575813722,0.5572139303482587,False,0.15789473684210525,225,0.2,0.10526315789473684,0.03520873076023363,0.08955223880597014,False,0.05263157894736842
YFJ,13,14,114,4,4,0.11403508771929824,0.2,0.09978070175438596,0.031797580606336515,0.3333333333333333,False,0.14912280701754385,75,0.2,0.11824561403508771,0.03373895387009476,0.23383084577114427,False,0.03508771929824561
YFJ,13,15,114,4,4,0.08771929824561403,0.2,0.10429824561403508,0.030447747124866368,0.7213930348258707,False,0.13157894736842105,100,0.8,0.11105263157894736,0.033790258144352756,0.31343283582089554,False,0.043859649122807015
YFJ,13,16,114,4,4,0.12280701754385964,0.8,0.10096491228070174,0.03311465176478705,0.30845771144278605,False,0.15789473684210525,225,0.5,0.1143421052631579,0.03364044987037854,0.11940298507462686,False,0.03508771929824561
YFJ,13,17,114,4,4,0.05263157894736842,0.2,0.10166666666666666,0.032670294286449846,0.9552238805970149,False,0.13157894736842105,90,0.8,0.11307017543859649,0.03371407529557258,0.29850746268656714,False,0.07894736842105263
YFJ,13,18,114,4,4,0.09649122807017543,0.5,0.10267543859649124,0.03127476877854044,0.6119402985074627,False,0.12280701754385964,60,0.8,0.11684210526315787,0.03438375184266755,0.5024875621890548,False,0.02631578947368421
YFJ,13,19,114,4,4,0.043859649122807015,0.2,0.10609649122807017,0.030723440408500783,1.0,False,0.12280701754385964,60,0.2,0.12390350877192981,0.03361239253660397,0.5472636815920398,False,0.07894736842105263
YFJ,13,20,114,4,4,0.11403508771929824,0.2,0.10798245614035087,0.031577355548740554,0.4577114427860697,False,0.17543859649122806,100,0.2,0.11263157894736843,0.03418842263754449,0.05970149253731343,False,0.06140350877192982
YFJ,13,21,114,4,4,0.07017543859649122,0.8,0.10359649122807017,0.032279757852572234,0.8855721393034826,False,0.11403508771929824,60,0.5,0.11723684210526315,0.03435469771673183,0.572139303482587,False,0.043859649122807015
YFJ,13,22,114,4,4,0.07894736842105263,0.2,0.10276315789473685,0.033983523852971466,0.8009950248756219,False,0.17543859649122806,60,0.5,0.12482456140350877,0.03762646212849936,0.11442786069651742,False,0.09649122807017543
YFJ,13,23,114,4,4,0.06140350877192982,0.8,0.10337719298245612,0.029936593055048134,0.9502487562189055,False,0.11403508771929824,90,0.2,0.11504385964912281,0.037145194556909636,0.5074626865671642,False,0.05263157894736842
YFJ,13,24,114,4,4,0.10526315789473684,0.8,0.1012280701754386,0.030827001113858134,0.4975124378109453,False,0.14912280701754385,180,0.8,0.11096491228070175,0.0340559534538616,0.17412935323383086,False,0.043859649122807015
YFJ,13,25,114,4,4,0.05263157894736842,0.2,0.10587719298245613,0.03120932805382844,0.9751243781094527,False,0.13157894736842105,100,0.8,0.11986842105263157,0.033845569128793246,0.4129353233830846,False,0.07894736842105263
YFJ,13,26,114,4,4,0.08771929824561403,0.8,0.1031578947368421,0.02764488721774602,0.746268656716418,False,0.16666666666666666,60,0.8,0.11890350877192982,0.034055357370113094,0.10945273631840796,False,0.07894736842105263
YFJ,13,27,114,4,4,0.07017543859649122,0.2,0.10460526315789474,0.029924449361618276,0.900497512437811,False,0.14035087719298245,75,0.8,0.12118421052631578,0.033945955438126015,0.36318407960199006,False,0.07017543859649122
YFJ,13,28,114,4,4,0.043859649122807015,0.2,0.10543859649122805,0.0305766269197306,0.9950248756218906,False,0.14912280701754385,90,0.5,0.1169298245614035,0.03213232364848886,0.20398009950248755,False,0.10526315789473684
YFJ,13,29,114,4,4,0.07017543859649122,0.2,0.10324561403508771,0.03163021004029654,0.8905472636815921,False,0.14912280701754385,90,0.2,0.11736842105263158,0.034223691284630646,0.208955223880597,False,0.07894736842105263
YFJ,13,38,114,4,4,0.09649122807017543,0.5,0.1031140350877193,0.02907987300148269,0.6517412935323383,False,0.17543859649122806,100,0.2,0.11789473684210526,0.03460659293636923,0.07462686567164178,False,0.07894736842105263
YFJ,13,39,114,4,4,0.07894736842105263,0.2,0.1044736842105263,0.033349685340829834,0.8208955223880597,False,0.15789473684210525,100,0.8,0.11289473684210526,0.03398275582419731,0.12437810945273632,False,0.07894736842105263
YFJ,13,40,114,4,4,0.05263157894736842,0.2,0.10346491228070175,0.03241015133876101,0.9701492537313433,False,0.13157894736842105,75,0.5,0.12039473684210523,0.03369282225387218,0.39800995024875624,False,0.07894736842105263
YFJ,13,41,114,4,4,0.09649122807017543,0.2,0.10206140350877192,0.031915801846722935,0.5970149253731343,False,0.13157894736842105,300,0.2,0.10583333333333332,0.032728088848314005,0.24875621890547264,False,0.03508771929824561
YFJ,13,42,114,4,4,0.08771929824561403,0.2,0.10412280701754385,0.03178386694703098,0.7313432835820896,False,0.16666666666666666,90,0.2,0.11714912280701753,0.03469873314424699,0.0945273631840796,False,0.07894736842105263
YFJ,13,43,114,4,4,0.11403508771929824,0.2,0.10293859649122807,0.03155392815158034,0.373134328358209,False,0.14035087719298245,75,0.2,0.11925438596491227,0.03539599981949965,0.3482587064676617,False,0.02631578947368421
YFJ,13,44,114,4,4,0.08771929824561403,0.2,0.10478070175438596,0.031623944305162965,0.7611940298507462,False,0.17543859649122806,90,0.2,0.11254385964912281,0.034071391227287216,0.06467661691542288,False,0.08771929824561403
YFJ,13,45,114,4,4,0.13157894736842105,0.2,0.1062719298245614,0.033268280783031054,0.24378109452736318,False,0.19298245614035087,180,0.8,0.11508771929824561,0.034817348516472196,0.03482587064676617,True,0.06140350877192982
YFJ,13,46,114,4,4,0.07017543859649122,0.8,0.10346491228070175,0.029617411249476915,0.9402985074626866,False,0.13157894736842105,90,0.5,0.11289473684210526,0.032766257071306065,0.32338308457711445,False,0.06140350877192982
YFJ,13,47,114,4,4,0.07894736842105263,0.5,0.10350877192982455,0.034588264000617805,0.7910447761194029,False,0.19298245614035087,225,0.8,0.11464912280701753,0.034805685696564684,0.029850746268656716,True,0.11403508771929824
YFJ,13,48,114,4,4,0.06140350877192982,0.8,0.10521929824561402,0.03436955129691565,0.9154228855721394,False,0.14035087719298245,300,0.5,0.10789473684210524,0.03369353951158131,0.19900497512437812,False,0.07894736842105263
YFJ,13,49,114,4,4,0.08771929824561403,0.8,0.10267543859649121,0.033240607257748175,0.6865671641791045,False,0.15789473684210525,60,0.8,0.11903508771929823,0.03328376442170242,0.14427860696517414,False,0.07017543859649122
YFJ,13,50,114,4,4,0.06140350877192982,0.8,0.10175438596491228,0.02880603402116949,0.9552238805970149,False,0.14035087719298245,150,0.2,0.11298245614035085,0.036929950728550195,0.2537313432835821,False,0.07894736842105263
YFJ,13,51,114,4,4,0.07017543859649122,0.2,0.10517543859649123,0.03371636901974219,0.8656716417910447,False,0.14912280701754385,90,0.2,0.11535087719298247,0.03313519623744784,0.17412935323383086,False,0.07894736842105263
YFJ,13,52,114,4,4,0.07017543859649122,0.8,0.10596491228070175,0.03042958161188828,0.900497512437811,False,0.16666666666666666,100,0.2,0.1200877192982456,0.03674973622501645,0.14427860696517414,False,0.09649122807017543
YFJ,13,53,114,4,4,0.06140350877192982,0.2,0.10513157894736842,0.0334571943490472,0.9203980099502488,False,0.11403508771929824,60,0.2,0.1213157894736842,0.03438768758942593,0.5920398009950248,False,0.05263157894736842
YFJ,13,54,114,4,4,0.05263157894736842,0.2,0.10381578947368421,0.033065427430896105,0.9701492537313433,False,0.14035087719298245,90,0.2,0.11425438596491229,0.032003637508999164,0.24378109452736318,False,0.08771929824561403
YFJ,13,55,114,4,4,0.07894736842105263,0.2,0.1037280701754386,0.03277955974037501,0.8308457711442786,False,0.16666666666666666,60,0.8,0.12021929824561405,0.03177763150911882,0.09950248756218906,False,0.08771929824561403
YFJ,13,56,114,4,4,0.12280701754385964,0.8,0.10565789473684209,0.031844484646896286,0.3582089552238806,False,0.16666666666666666,90,0.2,0.1157017543859649,0.03331720541362752,0.07960199004975124,False,0.043859649122807015
YFJ,13,57,114,4,4,0.10526315789473684,0.2,0.1031140350877193,0.03281563559377123,0.5124378109452736,False,0.13157894736842105,90,0.5,0.11285087719298245,0.03285308421103706,0.3034825870646766,False,0.02631578947368421
YFJ,13,58,114,4,4,0.09649122807017543,0.5,0.10666666666666666,0.03250714972926044,0.6567164179104478,False,0.20175438596491227,180,0.8,0.11087719298245614,0.03339429365925129,0.004975124378109453,True,0.10526315789473684
YFJ,13,59,114,4,4,0.02631578947368421,0.2,0.1044298245614035,0.032401798960270164,1.0,False,0.14035087719298245,90,0.8,0.11535087719298247,0.03201949117247523,0.263681592039801,False,0.11403508771929824
YFJ,13,60,114,4,4,0.07017543859649122,0.8,0.10372807017543857,0.03388165116581894,0.8557213930348259,False,0.11403508771929824,300,0.2,0.10767543859649123,0.03210617003790538,0.4527363184079602,False,0.043859649122807015
YFJ,13,61,114,4,4,0.07017543859649122,0.2,0.10302631578947369,0.03217907021266567,0.8855721393034826,False,0.18421052631578946,75,0.8,0.11956140350877192,0.034141680863712075,0.05472636815920398,False,0.11403508771929824
YFJ,13,62,114,4,4,0.05263157894736842,0.2,0.10407894736842105,0.032876614950089186,0.9651741293532339,False,0.15789473684210525,60,0.2,0.11837719298245614,0.034420140328722086,0.1691542288557214,False,0.10526315789473684
YFJ,14,15,114,4,4,0.14035087719298245,0.8,0.10219298245614034,0.030076696624251605,0.14427860696517414,False,0.15789473684210525,180,0.8,0.10587719298245615,0.033341800267482895,0.10945273631840796,False,0.017543859649122806
YFJ,14,16,114,4,4,0.09649122807017543,0.8,0.10140350877192983,0.033122240696136,0.6368159203980099,False,0.15789473684210525,450,0.2,0.10539473684210526,0.0308725930369377,0.04975124378109453,True,0.06140350877192982
YFJ,14,17,114,4,4,0.13157894736842105,0.5,0.1019298245614035,0.030546261828735634,0.1890547263681592,False,0.16666666666666666,180,0.5,0.1064035087719298,0.03381165006939179,0.07462686567164178,False,0.03508771929824561
YFJ,14,18,114,4,4,0.16666666666666666,0.2,0.10241228070175439,0.03028408868005029,0.01990049751243781,True,0.16666666666666666,900,0.2,0.10241228070175439,0.03028408868005029,0.01990049751243781,True,0.0
YFJ,14,19,114,4,4,0.05263157894736842,0.2,0.10271929824561403,0.03198130827333212,0.9850746268656716,False,0.14035087719298245,75,0.2,0.11587719298245613,0.03386056040275653,0.27860696517412936,False,0.08771929824561403
YFJ,14,20,114,4,4,0.13157894736842105,0.2,0.10162280701754385,0.034714107838326055,0.24378109452736318,False,0.16666666666666666,100,0.2,0.11530701754385966,0.032861557218140304,0.07462686567164178,False,0.03508771929824561
YFJ,14,21,114,4,4,0.13157894736842105,0.8,0.1013157894736842,0.02942687495902149,0.208955223880597,False,0.14035087719298245,180,0.8,0.10644736842105264,0.03294710633383808,0.19900497512437812,False,0.008771929824561403
YFJ,14,22,114,4,4,0.11403508771929824,0.8,0.10513157894736842,0.03575878491783871,0.43781094527363185,False,0.15789473684210525,180,0.8,0.11109649122807017,0.03464721168888089,0.11940298507462686,False,0.043859649122807015
YFJ,14,23,114,4,4,0.10526315789473684,0.2,0.1057017543859649,0.03333298533112699,0.5223880597014925,False,0.15789473684210525,180,0.8,0.11100877192982456,0.03579250621991408,0.11940298507462686,False,0.05263157894736842
YFJ,14,24,114,4,4,0.14035087719298245,0.2,0.1025877192982456,0.029432754490671575,0.14925373134328357,False,0.16666666666666666,450,0.2,0.10061403508771928,0.03417111413340483,0.04477611940298507,True,0.02631578947368421
YFJ,14,25,114,4,4,0.08771929824561403,0.2,0.10179824561403508,0.03339264363414323,0.7064676616915423,False,0.12280701754385964,180,0.5,0.10982456140350877,0.03423950515157832,0.38308457711442784,False,0.03508771929824561
YFJ,14,26,114,4,4,0.09649122807017543,0.2,0.10131578947368419,0.028990014509679952,0.5970149253731343,False,0.12280701754385964,60,0.2,0.1187719298245614,0.03815841406722304,0.472636815920398,False,0.02631578947368421
YFJ,14,27,114,4,4,0.13157894736842105,0.2,0.10421052631578948,0.03322620907946044,0.22388059701492538,False,0.13157894736842105,60,0.2,0.11991228070175439,0.035991941471254826,0.42786069651741293,False,0.0
YFJ,14,28,114,4,4,0.11403508771929824,0.2,0.1037280701754386,0.03379022953645771,0.4427860696517413,False,0.16666666666666666,75,0.8,0.11627192982456139,0.036955463235147624,0.11940298507462686,False,0.05263157894736842
YFJ,14,29,114,4,4,0.08771929824561403,0.2,0.10385964912280703,0.031171269168564785,0.7263681592039801,False,0.16666666666666666,300,0.8,0.1045175438596491,0.033030326801130105,0.05472636815920398,False,0.07894736842105263
YFJ,14,38,114,4,4,0.11403508771929824,0.2,0.10412280701754387,0.031157248818432588,0.417910447761194,False,0.16666666666666666,75,0.2,0.11596491228070174,0.0314886991981159,0.06965174129353234,False,0.05263157894736842
YFJ,14,39,114,4,4,0.15789473684210525,0.8,0.10192982456140351,0.03132125208347625,0.06467661691542288,False,0.15789473684210525,900,0.8,0.10192982456140351,0.03132125208347625,0.06467661691542288,False,0.0
YFJ,14,40,114,4,4,0.10526315789473684,0.2,0.10153508771929824,0.032873792150717195,0.5074626865671642,False,0.14912280701754385,180,0.8,0.10754385964912279,0.033385029304176694,0.11940298507462686,False,0.043859649122807015
YFJ,14,41,114,4,4,0.14035087719298245,0.8,0.10057017543859648,0.033473370335076365,0.1691542288557214,False,0.14912280701754385,75,0.2,0.11973684210526316,0.033402513622210125,0.21393034825870647,False,0.008771929824561403
YFJ,14,42,114,4,4,0.12280701754385964,0.2,0.09960526315789472,0.03242923441156976,0.25870646766169153,False,0.17543859649122806,60,0.8,0.11605263157894737,0.03640426556009176,0.08955223880597014,False,0.05263157894736842
YFJ,14,43,114,4,4,0.17543859649122806,0.8,0.10043859649122806,0.029986569334136817,0.009950248756218905,True,0.17543859649122806,900,0.8,0.10043859649122806,0.029986569334136817,0.009950248756218905,True,0.0
YFJ,14,44,114,4,4,0.15789473684210525,0.5,0.10245614035087719,0.03028182227609073,0.06467661691542288,False,0.21052631578947367,300,0.8,0.10771929824561402,0.03398104903143951,0.004975124378109453,True,0.05263157894736842
YFJ,14,45,114,4,4,0.15789473684210525,0.8,0.10346491228070175,0.0323743402589611,0.08955223880597014,False,0.20175438596491227,150,0.2,0.11140350877192981,0.033933679774043234,0.01990049751243781,True,0.043859649122807015
YFJ,14,46,114,4,4,0.14912280701754385,0.5,0.1012719298245614,0.028261238965669507,0.07960199004975124,False,0.15789473684210525,180,0.8,0.10583333333333332,0.03347568055214209,0.12935323383084577,False,0.008771929824561403
YFJ,14,47,114,4,4,0.17543859649122806,0.5,0.10337719298245612,0.03390948571077038,0.04975124378109453,True,0.18421052631578946,300,0.8,0.10934210526315788,0.03233346724743281,0.024875621890547265,True,0.008771929824561403
YFJ,14,48,114,4,4,0.11403508771929824,0.2,0.10293859649122807,0.03343407222147761,0.40298507462686567,False,0.12280701754385964,180,0.8,0.10964912280701754,0.03148673440859674,0.36318407960199006,False,0.008771929824561403
YFJ,14,49,114,4,4,0.13157894736842105,0.2,0.0993859649122807,0.032491325750656365,0.20398009950248755,False,0.17543859649122806,180,0.5,0.1068859649122807,0.03368295123678271,0.03980099502487562,True,0.043859649122807015
YFJ,14,50,114,4,4,0.18421052631578946,0.2,0.10092105263157894,0.028468444068943853,0.004975124378109453,True,0.18421052631578946,900,0.2,0.10092105263157894,0.028468444068943853,0.004975124378109453,True,0.0
YFJ,14,51,114,4,4,0.11403508771929824,0.5,0.10390350877192983,0.031914832614057774,0.4079601990049751,False,0.14912280701754385,180,0.8,0.10785087719298245,0.03280738644701157,0.17412935323383086,False,0.03508771929824561
YFJ,14,52,114,4,4,0.09649122807017543,0.2,0.10675438596491225,0.03131569625103208,0.6616915422885572,False,0.10526315789473684,300,0.5,0.10929824561403506,0.03228514778362428,0.5920398009950248,False,0.008771929824561403
YFJ,14,53,114,4,4,0.10526315789473684,0.2,0.1000877192982456,0.03485763848658649,0.48258706467661694,False,0.16666666666666666,180,0.8,0.11043859649122806,0.0351888474782222,0.06965174129353234,False,0.06140350877192982
YFJ,14,54,114,4,4,0.12280701754385964,0.2,0.09789473684210526,0.032979511086419444,0.2736318407960199,False,0.15789473684210525,180,0.2,0.10578947368421053,0.03337807935039187,0.0945273631840796,False,0.03508771929824561
YFJ,14,55,114,4,4,0.13157894736842105,0.2,0.10482456140350876,0.03395361479807974,0.25870646766169153,False,0.14912280701754385,90,0.5,0.11758771929824562,0.03371760183200866,0.22885572139303484,False,0.017543859649122806
YFJ,14,56,114,4,4,0.14035087719298245,0.5,0.1037280701754386,0.03288555221625483,0.14925373134328357,False,0.14912280701754385,60,0.5,0.11789473684210526,0.03332010669436276,0.21393034825870647,False,0.008771929824561403
YFJ,14,57,114,4,4,0.13157894736842105,0.2,0.0993421052631579,0.030702541519613363,0.1691542288557214,False,0.17543859649122806,180,0.8,0.1075438596491228,0.03522234597743259,0.03980099502487562,True,0.043859649122807015
YFJ,14,58,114,4,4,0.17543859649122806,0.8,0.10171052631578949,0.0336946584031199,0.029850746268656716,True,0.21052631578947367,180,0.2,0.10960526315789472,0.034966261396134915,0.01990049751243781,True,0.03508771929824561
YFJ,14,59,114,4,4,0.07017543859649122,0.8,0.10114035087719297,0.030575994621245287,0.8706467661691543,False,0.14035087719298245,180,0.5,0.10978070175438596,0.035142528601828406,0.1890547263681592,False,0.07017543859649122
YFJ,14,60,114,4,4,0.11403508771929824,0.2,0.10364035087719298,0.03355643794900373,0.4228855721393035,False,0.12280701754385964,75,0.5,0.1187280701754386,0.03160780049723093,0.48756218905472637,False,0.008771929824561403
YFJ,14,61,114,4,4,0.15789473684210525,0.2,0.10206140350877192,0.03035091923461892,0.05472636815920398,False,0.20175438596491227,180,0.2,0.11184210526315788,0.033041709339839485,0.004975124378109453,True,0.043859649122807015
YFJ,14,62,114,4,4,0.19298245614035087,0.8,0.10109649122807017,0.03115262568298886,0.009950248756218905,True,0.19298245614035087,900,0.8,0.10109649122807017,0.03115262568298886,0.009950248756218905,True,0.0
YFJ,15,16,114,4,4,0.11403508771929824,0.2,0.10241228070175439,0.030487692178527266,0.3681592039800995,False,0.15789473684210525,90,0.2,0.1137280701754386,0.03435694867196318,0.16417910447761194,False,0.043859649122807015
YFJ,15,17,114,4,4,0.07894736842105263,0.5,0.10175438596491228,0.029756808605602248,0.8208955223880597,False,0.14912280701754385,100,0.2,0.10701754385964911,0.03370501355908284,0.13432835820895522,False,0.07017543859649122
YFJ,15,18,114,4,4,0.11403508771929824,0.8,0.0925438596491228,0.03291273127384435,0.26865671641791045,False,0.11403508771929824,450,0.8,0.09267543859649123,0.03254444836790735,0.25870646766169153,False,0.0
YFJ,15,19,114,4,4,0.07017543859649122,0.2,0.11070175438596491,0.030873626299737292,0.9203980099502488,False,0.10526315789473684,60,0.8,0.11614035087719297,0.03351218969024377,0.6766169154228856,False,0.03508771929824561
YFJ,15,20,114,4,4,0.18421052631578946,0.2,0.10688596491228068,0.03473415155966778,0.03482587064676617,True,0.18421052631578946,900,0.2,0.10688596491228068,0.03473415155966778,0.03482587064676617,True,0.0
YFJ,15,21,114,4,4,0.06140350877192982,0.2,0.09096491228070176,0.03432240841478123,0.8606965174129353,False,0.11403508771929824,150,0.2,0.08846491228070176,0.03344910342251775,0.23383084577114427,False,0.05263157894736842
YFJ,15,22,114,4,4,0.09649122807017543,0.5,0.1062280701754386,0.03192322155917941,0.6417910447761194,False,0.16666666666666666,60,0.5,0.11754385964912281,0.035656155484359145,0.12935323383084577,False,0.07017543859649122
YFJ,15,23,114,4,4,0.11403508771929824,0.2,0.10293859649122807,0.03165180967007787,0.38308457711442784,False,0.16666666666666666,300,0.2,0.10793859649122807,0.03221749880406552,0.07462686567164178,False,0.05263157894736842
YFJ,15,24,114,4,4,0.12280701754385964,0.2,0.10135964912280702,0.028801973238537584,0.2537313432835821,False,0.17543859649122806,90,0.2,0.10942982456140349,0.030752876167302674,0.01990049751243781,True,0.05263157894736842
YFJ,15,25,114,4,4,0.07017543859649122,0.5,0.10399122807017543,0.03214781315786582,0.8656716417910447,False,0.14035087719298245,180,0.2,0.11166666666666668,0.03494095639849534,0.24378109452736318,False,0.07017543859649122
YFJ,15,26,114,4,4,0.08771929824561403,0.2,0.10381578947368421,0.03166768684084998,0.7313432835820896,False,0.19298245614035087,90,0.8,0.11565789473684208,0.03378610974667978,0.029850746268656716,True,0.10526315789473684
YFJ,15,27,114,4,4,0.09649122807017543,0.8,0.10802631578947368,0.028271908823959184,0.7313432835820896,False,0.14912280701754385,75,0.5,0.1151315789473684,0.0321182111690916,0.19402985074626866,False,0.05263157894736842
YFJ,15,28,114,4,4,0.017543859649122806,0.2,0.10776315789473685,0.03314251796264646,1.0,False,0.12280701754385964,60,0.5,0.1132456140350877,0.03173370544397174,0.4228855721393035,False,0.10526315789473684
YFJ,15,29,114,4,4,0.11403508771929824,0.5,0.10346491228070175,0.03415286283346592,0.39800995024875624,False,0.19298245614035087,180,0.8,0.1062719298245614,0.031291825823151216,0.004975124378109453,True,0.07894736842105263
YFJ,15,38,114,4,4,0.08771929824561403,0.2,0.10701754385964911,0.030539172296543498,0.7761194029850746,False,0.14912280701754385,60,0.8,0.1162719298245614,0.03468870249859663,0.1791044776119403,False,0.06140350877192982
YFJ,15,39,114,4,4,0.10526315789473684,0.2,0.08798245614035087,0.03377274558185656,0.31840796019900497,False,0.12280701754385964,300,0.2,0.0875,0.034131798049773586,0.1890547263681592,False,0.017543859649122806
YFJ,15,40,114,4,4,0.10526315789473684,0.5,0.10092105263157895,0.03339380155503164,0.4925373134328358,False,0.11403508771929824,60,0.5,0.11600877192982456,0.034682459743859605,0.5522388059701493,False,0.008771929824561403
YFJ,15,41,114,4,4,0.13157894736842105,0.2,0.09903508771929825,0.03127220323713663,0.1791044776119403,False,0.14912280701754385,300,0.2,0.1020175438596491,0.03036534372219847,0.07462686567164178,False,0.017543859649122806
YFJ,15,42,114,4,4,0.06140350877192982,0.2,0.10057017543859648,0.032141558099279,0.9303482587064676,False,0.16666666666666666,225,0.5,0.10587719298245613,0.03447079533204911,0.05472636815920398,False,0.10526315789473684
YFJ,15,43,114,4,4,0.12280701754385964,0.2,0.10179824561403511,0.0297554766662374,0.29850746268656714,False,0.20175438596491227,75,0.2,0.1132456140350877,0.03410632741145291,0.024875621890547265,True,0.07894736842105263
YFJ,15,44,114,4,4,0.09649122807017543,0.5,0.1082456140350877,0.03293257983671173,0.6965174129353234,False,0.18421052631578946,90,0.8,0.11109649122807017,0.03564831959525833,0.024875621890547265,True,0.08771929824561403
YFJ,15,45,114,4,4,0.13157894736842105,0.2,0.1069736842105263,0.032498316616056476,0.25870646766169153,False,0.19298245614035087,75,0.8,0.11491228070175438,0.032442377309245596,0.01990049751243781,True,0.06140350877192982
YFJ,15,46,114,4,4,0.08771929824561403,0.5,0.08548245614035087,0.028819420481556234,0.48756218905472637,False,0.10526315789473684,450,0.2,0.08535087719298246,0.030850447851316763,0.26865671641791045,False,0.017543859649122806
YFJ,15,47,114,4,4,0.11403508771929824,0.2,0.10350877192982455,0.0315725796081629,0.40298507462686567,False,0.16666666666666666,225,0.2,0.11307017543859649,0.03209234727328314,0.07462686567164178,False,0.05263157894736842
YFJ,15,48,114,4,4,0.08771929824561403,0.2,0.10526315789473681,0.033750870741594635,0.746268656716418,False,0.14912280701754385,225,0.2,0.10899122807017544,0.035026366840823484,0.1691542288557214,False,0.06140350877192982
YFJ,15,49,114,4,4,0.08771929824561403,0.2,0.10043859649122806,0.03175270795626621,0.6666666666666666,False,0.15789473684210525,225,0.5,0.10552631578947368,0.03287934930587593,0.07960199004975124,False,0.07017543859649122
YFJ,15,50,114,4,4,0.14035087719298245,0.2,0.10307017543859648,0.030050973552088668,0.13432835820895522,False,0.20175438596491227,225,0.8,0.11048245614035088,0.036956509525986,0.009950248756218905,True,0.06140350877192982
YFJ,15,51,114,4,4,0.10526315789473684,0.5,0.10337719298245612,0.029962414324324588,0.5174129353233831,False,0.14035087719298245,75,0.2,0.11473684210526315,0.03688594931915649,0.263681592039801,False,0.03508771929824561
YFJ,15,52,114,4,4,0.09649122807017543,0.5,0.10855263157894736,0.029449040244386368,0.7114427860696517,False,0.14035087719298245,100,0.2,0.11741228070175438,0.034929528575126836,0.2736318407960199,False,0.043859649122807015
YFJ,15,53,114,4,4,0.06140350877192982,0.2,0.10640350877192983,0.03126874096808069,0.9601990049751243,False,0.15789473684210525,180,0.2,0.11043859649122806,0.0317824070517422,0.0945273631840796,False,0.09649122807017543
YFJ,15,54,114,4,4,0.03508771929824561,0.2,0.08868421052631578,0.031200406358697738,1.0,False,0.07017543859649122,180,0.5,0.09460526315789472,0.03154657479466532,0.7910447761194029,False,0.03508771929824561
YFJ,15,55,114,4,4,0.11403508771929824,0.8,0.1056140350877193,0.031398684221624985,0.40298507462686567,False,0.18421052631578946,60,0.8,0.11565789473684211,0.034195631928588856,0.03980099502487562,True,0.07017543859649122
YFJ,15,56,114,4,4,0.14912280701754385,0.8,0.10504385964912281,0.030366967242016284,0.08955223880597014,False,0.15789473684210525,90,0.8,0.11364035087719299,0.0348255379239086,0.13432835820895522,False,0.008771929824561403
YFJ,15,57,114,4,4,0.07017543859649122,0.2,0.09706140350877192,0.031327640072704006,0.8407960199004975,False,0.13157894736842105,60,0.2,0.11039473684210527,0.03289542742229649,0.2885572139303483,False,0.06140350877192982
YFJ,15,58,114,4,4,0.17543859649122806,0.5,0.10491228070175439,0.032416622951883856,0.029850746268656716,True,0.23684210526315788,180,0.2,0.10574561403508773,0.033649873722274425,0.004975124378109453,True,0.06140350877192982
YFJ,15,59,114,4,4,0.07894736842105263,0.5,0.10359649122807017,0.02986563128956054,0.8109452736318408,False,0.08771929824561403,150,0.8,0.10978070175438596,0.030538887414876165,0.8308457711442786,False,0.008771929824561403
YFJ,15,60,114,4,4,0.07017543859649122,0.5,0.10824561403508773,0.030582696320045726,0.9303482587064676,False,0.11403508771929824,75,0.5,0.11140350877192982,0.03186515030407054,0.5074626865671642,False,0.043859649122807015
YFJ,15,61,114,4,4,0.09649122807017543,0.2,0.10228070175438596,0.03035426326916404,0.6318407960199005,False,0.20175438596491227,100,0.8,0.10916666666666668,0.03149529876539734,0.009950248756218905,True,0.10526315789473684
YFJ,15,62,114,4,4,0.10526315789473684,0.8,0.105,0.03304358166982434,0.5373134328358209,False,0.16666666666666666,180,0.2,0.10464912280701753,0.031047847155292487,0.03980099502487562,True,0.06140350877192982
YFJ,16,17,114,4,4,0.09649122807017543,0.5,0.10166666666666666,0.030705721334125143,0.5771144278606966,False,0.16666666666666666,150,0.5,0.11219298245614034,0.03291085149965551,0.06467661691542288,False,0.07017543859649122
YFJ,16,18,114,4,4,0.11403508771929824,0.2,0.10201754385964913,0.03214676070913829,0.39800995024875624,False,0.17543859649122806,150,0.2,0.1137719298245614,0.03514178590327851,0.05970149253731343,False,0.06140350877192982
YFJ,16,19,114,4,4,0.05263157894736842,0.8,0.10337719298245612,0.031729897482775264,0.9701492537313433,False,0.14912280701754385,75,0.5,0.12109649122807017,0.03484107862235109,0.24875621890547264,False,0.09649122807017543
YFJ,16,20,114,4,4,0.14912280701754385,0.2,0.10442982456140351,0.029411727290130373,0.07960199004975124,False,0.20175438596491227,60,0.2,0.12543859649122804,0.037773027387512766,0.04477611940298507,True,0.05263157894736842
YFJ,16,21,114,4,4,0.11403508771929824,0.2,0.10337719298245612,0.029820120656166828,0.4129353233830846,False,0.16666666666666666,450,0.5,0.10728070175438596,0.03323958940963933,0.05970149253731343,False,0.05263157894736842
YFJ,16,22,114,4,4,0.08771929824561403,0.2,0.10478070175438597,0.03331497125528481,0.7711442786069652,False,0.17543859649122806,60,0.8,0.12653508771929822,0.03940076232820647,0.12935323383084577,False,0.08771929824561403
YFJ,16,23,114,4,4,0.12280701754385964,0.2,0.10175438596491228,0.034521123987779255,0.27860696517412936,False,0.14912280701754385,90,0.2,0.11385964912280702,0.035753188645937926,0.20398009950248755,False,0.02631578947368421
YFJ,16,24,114,4,4,0.10526315789473684,0.2,0.1012719298245614,0.029414356512235538,0.5024875621890548,False,0.17543859649122806,60,0.2,0.1212280701754386,0.037369184685120974,0.0945273631840796,False,0.07017543859649122
YFJ,16,25,114,4,4,0.09649122807017543,0.2,0.1025,0.03280479342961445,0.5870646766169154,False,0.14912280701754385,90,0.2,0.11741228070175438,0.038640120844695584,0.263681592039801,False,0.05263157894736842
YFJ,16,26,114,4,4,0.12280701754385964,0.5,0.10486842105263157,0.03119430220175839,0.34328358208955223,False,0.17543859649122806,150,0.2,0.11416666666666667,0.03492731452088335,0.06965174129353234,False,0.05263157894736842
YFJ,16,27,114,4,4,0.07894736842105263,0.5,0.1056140350877193,0.031101725837356656,0.8507462686567164,False,0.14035087719298245,60,0.2,0.12328947368421052,0.0329414725742109,0.36318407960199006,False,0.06140350877192982
YFJ,16,28,114,4,4,0.06140350877192982,0.2,0.10359649122807017,0.03102143363024237,0.945273631840796,False,0.15789473684210525,75,0.8,0.11885964912280703,0.036447151070221284,0.1791044776119403,False,0.09649122807017543
YFJ,16,29,114,4,4,0.13157894736842105,0.2,0.09995614035087719,0.03212976640957493,0.1791044776119403,False,0.21052631578947367,225,0.2,0.11140350877192981,0.035818451068085136,0.01990049751243781,True,0.07894736842105263
YFJ,16,38,114,4,4,0.10526315789473684,0.8,0.10333333333333332,0.03201236554468497,0.5124378109452736,False,0.16666666666666666,150,0.8,0.11429824561403507,0.03515278723901323,0.09950248756218906,False,0.06140350877192982
YFJ,16,39,114,4,4,0.13157894736842105,0.2,0.10263157894736842,0.03132668350024354,0.21393034825870647,False,0.15789473684210525,450,0.8,0.1062280701754386,0.03296016004315121,0.11442786069651742,False,0.02631578947368421
YFJ,16,40,114,4,4,0.08771929824561403,0.5,0.10407894736842105,0.032139151983358774,0.746268656716418,False,0.14912280701754385,225,0.8,0.1106140350877193,0.0366169237060542,0.1691542288557214,False,0.06140350877192982
YFJ,16,41,114,4,4,0.16666666666666666,0.2,0.10061403508771928,0.03206968795005659,0.03980099502487562,True,0.17543859649122806,225,0.2,0.11043859649122806,0.03307025085397958,0.05970149253731343,False,0.008771929824561403
YFJ,16,42,114,4,4,0.11403508771929824,0.8,0.10135964912280702,0.031970515762196845,0.3681592039800995,False,0.18421052631578946,90,0.2,0.11526315789473685,0.03601266979654807,0.04477611940298507,True,0.07017543859649122
YFJ,16,43,114,4,4,0.11403508771929824,0.2,0.10140350877192983,0.032651944210935785,0.40298507462686567,False,0.18421052631578946,225,0.2,0.11276315789473683,0.034547967669934676,0.03482587064676617,True,0.07017543859649122
YFJ,16,44,114,4,4,0.12280701754385964,0.5,0.10456140350877191,0.02940860478357697,0.29850746268656714,False,0.19298245614035087,180,0.8,0.11228070175438595,0.03626901533395206,0.01990049751243781,True,0.07017543859649122
YFJ,16,45,114,4,4,0.13157894736842105,0.5,0.10315789473684209,0.03296543872694404,0.23383084577114427,False,0.21929824561403508,225,0.5,0.11364035087719299,0.031219083238518776,0.009950248756218905,True,0.08771929824561403
YFJ,16,46,114,4,4,0.09649122807017543,0.8,0.10285087719298244,0.031065620025168397,0.6019900497512438,False,0.16666666666666666,450,0.2,0.10793859649122807,0.03190392671762842,0.07960199004975124,False,0.07017543859649122
YFJ,16,47,114,4,4,0.08771929824561403,0.5,0.10289473684210526,0.029648890668570675,0.7661691542288557,False,0.18421052631578946,225,0.5,0.11543859649122806,0.033073173798336984,0.03980099502487562,True,0.09649122807017543
YFJ,16,48,114,4,4,0.14912280701754385,0.2,0.10307017543859649,0.0326295549941624,0.0945273631840796,False,0.14912280701754385,900,0.2,0.10307017543859649,0.0326295549941624,0.0945273631840796,False,0.0
YFJ,16,49,114,4,4,0.12280701754385964,0.8,0.1020175438596491,0.03103289886457665,0.2736318407960199,False,0.17543859649122806,90,0.2,0.11754385964912281,0.036279674853751345,0.0845771144278607,False,0.05263157894736842
YFJ,16,50,114,4,4,0.12280701754385964,0.5,0.10649122807017544,0.03370547243973798,0.31343283582089554,False,0.23684210526315788,75,0.2,0.1212719298245614,0.03304975375642866,0.009950248756218905,True,0.11403508771929824
YFJ,16,51,114,4,4,0.11403508771929824,0.2,0.10289473684210526,0.03080027265835393,0.4129353233830846,False,0.19298245614035087,450,0.5,0.10925438596491226,0.03287802625889157,0.014925373134328358,True,0.07894736842105263
YFJ,16,52,114,4,4,0.13157894736842105,0.2,0.10416666666666666,0.030965885647796395,0.21393034825870647,False,0.14035087719298245,225,0.8,0.11407894736842104,0.03365332081362633,0.22388059701492538,False,0.008771929824561403
YFJ,16,53,114,4,4,0.12280701754385964,0.2,0.10276315789473685,0.035497230097474915,0.32338308457711445,False,0.17543859649122806,75,0.5,0.12469298245614034,0.03724603093492655,0.1044776119402985,False,0.05263157894736842
YFJ,16,54,114,4,4,0.09649122807017543,0.8,0.10223684210526315,0.030698259268821144,0.6019900497512438,False,0.15789473684210525,150,0.5,0.1119736842105263,0.03365883542549563,0.13930348258706468,False,0.06140350877192982
YFJ,16,55,114,4,4,0.05263157894736842,0.2,0.10789473684210525,0.03368206155535945,0.9751243781094527,False,0.18421052631578946,60,0.2,0.12521929824561404,0.036565646411516876,0.0845771144278607,False,0.13157894736842105
YFJ,16,56,114,4,4,0.15789473684210525,0.2,0.10894736842105264,0.032766847104548955,0.09950248756218906,False,0.15789473684210525,450,0.5,0.10868421052631579,0.031434991756603844,0.0845771144278607,False,0.0
YFJ,16,57,114,4,4,0.13157894736842105,0.2,0.10149122807017545,0.03373379622661259,0.23383084577114427,False,0.17543859649122806,450,0.2,0.1081140350877193,0.032997063800631804,0.03980099502487562,True,0.043859649122807015
YFJ,16,58,114,4,4,0.16666666666666666,0.8,0.10364035087719298,0.033728838414883965,0.04975124378109453,True,0.18421052631578946,180,0.8,0.11526315789473683,0.03402517053551724,0.04477611940298507,True,0.017543859649122806
YFJ,16,59,114,4,4,0.10526315789473684,0.2,0.10403508771929823,0.031524044469006376,0.5174129353233831,False,0.16666666666666666,150,0.2,0.11478070175438596,0.03300690564397878,0.0845771144278607,False,0.06140350877192982
YFJ,16,60,114,4,4,0.12280701754385964,0.8,0.10390350877192983,0.034127946092355296,0.31840796019900497,False,0.14035087719298245,225,0.8,0.11337719298245613,0.03481043460197416,0.2935323383084577,False,0.017543859649122806
YFJ,16,61,114,4,4,0.11403508771929824,0.8,0.10416666666666664,0.03271461750770965,0.4228855721393035,False,0.18421052631578946,60,0.2,0.1207017543859649,0.03617550366901771,0.06965174129353234,False,0.07017543859649122
YFJ,16,62,114,4,4,0.16666666666666666,0.2,0.10157894736842106,0.03235119120204882,0.03482587064676617,True,0.20175438596491227,450,0.2,0.10662280701754387,0.034700961782860695,0.01990049751243781,True,0.03508771929824561
YFJ,17,18,114,4,4,0.16666666666666666,0.2,0.10526315789473685,0.02984762968456151,0.04975124378109453,True,0.16666666666666666,900,0.2,0.10526315789473685,0.02984762968456151,0.04975124378109453,True,0.0
YFJ,17,19,114,4,4,0.05263157894736842,0.5,0.10732456140350877,0.032262833608719975,0.9751243781094527,False,0.09649122807017543,60,0.8,0.11710526315789473,0.032865704664686884,0.7960199004975125,False,0.043859649122807015
YFJ,17,20,114,4,4,0.17543859649122806,0.8,0.10789473684210525,0.03288040770513279,0.03482587064676617,True,0.18421052631578946,300,0.2,0.10662280701754386,0.030515074573782098,0.01990049751243781,True,0.008771929824561403
YFJ,17,21,114,4,4,0.07017543859649122,0.2,0.10587719298245613,0.033202343813097154,0.8756218905472637,False,0.13157894736842105,100,0.2,0.11412280701754385,0.03194985774546243,0.3383084577114428,False,0.06140350877192982
YFJ,17,22,114,4,4,0.14035087719298245,0.5,0.10548245614035087,0.03189471438988299,0.15422885572139303,False,0.17543859649122806,60,0.8,0.11833333333333332,0.03566688975481697,0.06467661691542288,False,0.03508771929824561
YFJ,17,23,114,4,4,0.14912280701754385,0.2,0.10671052631578946,0.032212457665105075,0.11940298507462686,False,0.17543859649122806,300,0.5,0.11008771929824562,0.031100606907006598,0.04975124378109453,True,0.02631578947368421
YFJ,17,24,114,4,4,0.07894736842105263,0.5,0.10188596491228069,0.030062905363559572,0.8407960199004975,False,0.16666666666666666,90,0.8,0.10960526315789472,0.031103683868611363,0.04975124378109453,True,0.08771929824561403
YFJ,17,25,114,4,4,0.06140350877192982,0.8,0.10346491228070175,0.031625166985108484,0.945273631840796,False,0.14912280701754385,300,0.2,0.11328947368421051,0.034112987311864254,0.18407960199004975,False,0.08771929824561403
YFJ,17,26,114,4,4,0.08771929824561403,0.5,0.10249999999999998,0.030811161342068606,0.7114427860696517,False,0.17543859649122806,90,0.8,0.1162719298245614,0.033865213486334415,0.07462686567164178,False,0.08771929824561403
YFJ,17,27,114,4,4,0.08771929824561403,0.2,0.10469298245614034,0.03032415368262532,0.746268656716418,False,0.15789473684210525,75,0.8,0.11833333333333335,0.03203446190201357,0.14427860696517414,False,0.07017543859649122
YFJ,17,28,114,4,4,0.03508771929824561,0.2,0.10969298245614034,0.03310306069399237,0.9950248756218906,False,0.14035087719298245,75,0.5,0.11399122807017545,0.03702341063733712,0.26865671641791045,False,0.10526315789473684
YFJ,17,29,114,4,4,0.14035087719298245,0.8,0.1057456140350877,0.034242187136591204,0.21393034825870647,False,0.17543859649122806,180,0.8,0.10807017543859647,0.031063410642228877,0.01990049751243781,True,0.03508771929824561
YFJ,17,38,114,4,4,0.11403508771929824,0.2,0.1064035087719298,0.02913052265953758,0.4079601990049751,False,0.16666666666666666,75,0.2,0.11679824561403508,0.0321138768819735,0.10945273631840796,False,0.05263157894736842
YFJ,17,39,114,4,4,0.10526315789473684,0.2,0.10048245614035087,0.03006444875600208,0.46766169154228854,False,0.14912280701754385,100,0.2,0.11057017543859651,0.032572001088575324,0.15422885572139303,False,0.043859649122807015
YFJ,17,40,114,4,4,0.08771929824561403,0.2,0.10087719298245613,0.031609299038608665,0.6915422885572139,False,0.11403508771929824,60,0.2,0.11736842105263158,0.0352258587276136,0.5422885572139303,False,0.02631578947368421
YFJ,17,41,114,4,4,0.08771929824561403,0.8,0.10017543859649121,0.028350884175959712,0.7164179104477612,False,0.13157894736842105,150,0.2,0.11087719298245613,0.033956917185961166,0.2885572139303483,False,0.043859649122807015
YFJ,17,42,114,4,4,0.07017543859649122,0.2,0.10263157894736841,0.03437520409810753,0.8656716417910447,False,0.16666666666666666,225,0.8,0.10600877192982455,0.0344064324294974,0.06467661691542288,False,0.09649122807017543
YFJ,17,43,114,4,4,0.12280701754385964,0.8,0.10364035087719298,0.03220405401322261,0.35323383084577115,False,0.20175438596491227,75,0.5,0.11557017543859649,0.03297948177524571,0.024875621890547265,True,0.07894736842105263
YFJ,17,44,114,4,4,0.09649122807017543,0.8,0.10714912280701754,0.031729897482775264,0.6865671641791045,False,0.18421052631578946,90,0.8,0.11175438596491227,0.03543031196509349,0.04477611940298507,True,0.08771929824561403
YFJ,17,45,114,4,4,0.14035087719298245,0.2,0.10692982456140351,0.032660824567111946,0.21393034825870647,False,0.21052631578947367,180,0.8,0.11030701754385966,0.03307314457017212,0.004975124378109453,True,0.07017543859649122
YFJ,17,46,114,4,4,0.08771929824561403,0.2,0.10412280701754385,0.030378074882499145,0.746268656716418,False,0.12280701754385964,60,0.2,0.11767543859649121,0.03432204227649577,0.4975124378109453,False,0.03508771929824561
YFJ,17,47,114,4,4,0.14912280701754385,0.2,0.1045175438596491,0.03435019536375641,0.12437810945273632,False,0.16666666666666666,225,0.8,0.11337719298245613,0.03392157065084659,0.08955223880597014,False,0.017543859649122806
YFJ,17,48,114,4,4,0.10526315789473684,0.5,0.10732456140350877,0.03239439934090606,0.5621890547263682,False,0.14912280701754385,225,0.2,0.11074561403508772,0.03443631312286718,0.15920398009950248,False,0.043859649122807015
YFJ,17,49,114,4,4,0.06140350877192982,0.2,0.10364035087719298,0.03456676541966224,0.9303482587064676,False,0.15789473684210525,225,0.8,0.10561403508771929,0.03321782908572447,0.08955223880597014,False,0.09649122807017543
YFJ,17,50,114,4,4,0.12280701754385964,0.8,0.10434210526315789,0.029395947019098374,0.31343283582089554,False,0.19298245614035087,225,0.8,0.1100438596491228,0.0370891485569234,0.024875621890547265,True,0.07017543859649122
YFJ,17,51,114,4,4,0.043859649122807015,0.2,0.1062280701754386,0.03394268046317041,0.9850746268656716,False,0.14912280701754385,150,0.5,0.1169298245614035,0.03201176160501887,0.1890547263681592,False,0.10526315789473684
YFJ,17,52,114,4,4,0.10526315789473684,0.2,0.10736842105263157,0.032730008653688886,0.5621890547263682,False,0.14035087719298245,100,0.2,0.11732456140350876,0.036443835613148616,0.2736318407960199,False,0.03508771929824561
YFJ,17,53,114,4,4,0.06140350877192982,0.2,0.10412280701754385,0.03188104251278978,0.945273631840796,False,0.15789473684210525,180,0.5,0.11030701754385965,0.033652631423603224,0.10945273631840796,False,0.09649122807017543
YFJ,17,54,114,4,4,0.06140350877192982,0.2,0.1019298245614035,0.031222334289430127,0.945273631840796,False,0.12280701754385964,60,0.5,0.11789473684210523,0.0328173146303382,0.5024875621890548,False,0.06140350877192982
YFJ,17,55,114,4,4,0.08771929824561403,0.8,0.10850877192982455,0.030365343722198467,0.8009950248756219,False,0.19298245614035087,60,0.8,0.1162719298245614,0.033865213486334415,0.01990049751243781,True,0.10526315789473684
YFJ,17,56,114,4,4,0.15789473684210525,0.2,0.10640350877192983,0.033130061313653064,0.07462686567164178,False,0.15789473684210525,60,0.5,0.1195175438596491,0.03604913020889542,0.18407960199004975,False,0.0
YFJ,17,57,114,4,4,0.13157894736842105,0.2,0.10166666666666666,0.03258734093734811,0.22885572139303484,False,0.18421052631578946,60,0.2,0.11583333333333332,0.038516036419954595,0.05970149253731343,False,0.05263157894736842
YFJ,17,58,114,4,4,0.13157894736842105,0.5,0.10557017543859647,0.03392658577676425,0.23880597014925373,False,0.24561403508771928,180,0.8,0.10728070175438596,0.03254602258883283,0.004975124378109453,True,0.11403508771929824
YFJ,17,59,114,4,4,0.09649122807017543,0.2,0.10346491228070175,0.03284861146504818,0.6318407960199005,False,0.09649122807017543,60,0.5,0.11785087719298244,0.033330984247929414,0.7512437810945274,False,0.0
YFJ,17,60,114,4,4,0.09649122807017543,0.2,0.10925438596491226,0.034406657193188056,0.6616915422885572,False,0.10526315789473684,75,0.8,0.11333333333333333,0.03299029583017971,0.6567164179104478,False,0.008771929824561403
YFJ,17,61,114,4,4,0.08771929824561403,0.2,0.10609649122807017,0.033470135763293815,0.7213930348258707,False,0.16666666666666666,75,0.2,0.11456140350877192,0.031136516918573408,0.06965174129353234,False,0.07894736842105263
YFJ,17,62,114,4,4,0.10526315789473684,0.5,0.10723684210526314,0.03170014919240487,0.5870646766169154,False,0.14912280701754385,150,0.8,0.11390350877192981,0.03579120983424076,0.1791044776119403,False,0.043859649122807015
YFJ,18,19,114,4,4,0.07894736842105263,0.2,0.10912280701754386,0.0322108071208059,0.8805970149253731,False,0.11403508771929824,60,0.2,0.1181140350877193,0.032201652567013794,0.5920398009950248,False,0.03508771929824561
YFJ,18,20,114,4,4,0.17543859649122806,0.8,0.10807017543859648,0.0353813859074264,0.05472636815920398,False,0.17543859649122806,900,0.8,0.10807017543859648,0.0353813859074264,0.05472636815920398,False,0.0
YFJ,18,21,114,4,4,0.09649122807017543,0.2,0.10030701754385966,0.03345835003597552,0.5572139303482587,False,0.14035087719298245,450,0.8,0.1037719298245614,0.033220971831092766,0.15920398009950248,False,0.043859649122807015
YFJ,18,22,114,4,4,0.11403508771929824,0.2,0.10473684210526316,0.03192140464620153,0.4129353233830846,False,0.17543859649122806,60,0.8,0.11859649122807017,0.03676625147198787,0.06965174129353234,False,0.06140350877192982
YFJ,18,23,114,4,4,0.12280701754385964,0.2,0.10403508771929826,0.03182921197061879,0.2885572139303483,False,0.17543859649122806,300,0.5,0.10614035087719298,0.030335914315650477,0.03482587064676617,True,0.05263157894736842
YFJ,18,24,114,4,4,0.14035087719298245,0.5,0.09934210526315787,0.029138850657292548,0.1044776119402985,False,0.16666666666666666,90,0.2,0.11122807017543859,0.03240373809715753,0.05970149253731343,False,0.02631578947368421
YFJ,18,25,114,4,4,0.09649122807017543,0.2,0.106359649122807,0.03163299101766469,0.6567164179104478,False,0.14035087719298245,180,0.2,0.1126315789473684,0.03706456266168925,0.29850746268656714,False,0.043859649122807015
YFJ,18,26,114,4,4,0.13157894736842105,0.2,0.10548245614035087,0.03362964366944663,0.2537313432835821,False,0.16666666666666666,90,0.8,0.11649122807017545,0.03311663673015458,0.11940298507462686,False,0.03508771929824561
YFJ,18,27,114,4,4,0.11403508771929824,0.5,0.10767543859649122,0.02919188165271072,0.47761194029850745,False,0.14912280701754385,75,0.2,0.11583333333333334,0.03445719174725596,0.24875621890547264,False,0.03508771929824561
YFJ,18,28,114,4,4,0.07017543859649122,0.2,0.10899122807017543,0.03185832392662562,0.9203980099502488,False,0.15789473684210525,75,0.2,0.11359649122807017,0.03491925971452711,0.16417910447761194,False,0.08771929824561403
YFJ,18,29,114,4,4,0.12280701754385964,0.5,0.10307017543859648,0.03248704124298575,0.3283582089552239,False,0.19298245614035087,225,0.5,0.10741228070175436,0.033190550369135936,0.024875621890547265,True,0.07017543859649122
YFJ,18,38,114,4,4,0.14912280701754385,0.2,0.10548245614035086,0.03036696724201628,0.10945273631840796,False,0.18421052631578946,150,0.2,0.11307017543859647,0.032044116725401146,0.029850746268656716,True,0.03508771929824561
YFJ,18,39,114,4,4,0.17543859649122806,0.2,0.1012280701754386,0.029832598447257906,0.024875621890547265,True,0.17543859649122806,450,0.2,0.0993859649122807,0.032023838234290836,0.01990049751243781,True,0.0
YFJ,18,40,114,4,4,0.12280701754385964,0.5,0.10333333333333333,0.03220504455761575,0.3034825870646766,False,0.12280701754385964,900,0.5,0.10333333333333333,0.03220504455761575,0.3034825870646766,False,0.0
YFJ,18,41,114,4,4,0.17543859649122806,0.2,0.10171052631578945,0.032035759438134165,0.024875621890547265,True,0.17543859649122806,900,0.2,0.10171052631578945,0.032035759438134165,0.024875621890547265,True,0.0
YFJ,18,42,114,4,4,0.07894736842105263,0.2,0.1013157894736842,0.031655138429016384,0.7960199004975125,False,0.16666666666666666,225,0.8,0.10535087719298245,0.03457697122413951,0.06467661691542288,False,0.08771929824561403
YFJ,18,43,114,4,4,0.14912280701754385,0.2,0.10241228070175439,0.032572475931100645,0.0845771144278607,False,0.18421052631578946,100,0.2,0.11232456140350877,0.034752181024694115,0.04477611940298507,True,0.03508771929824561
YFJ,18,44,114,4,4,0.09649122807017543,0.2,0.1055701754385965,0.030821199370020577,0.6268656716417911,False,0.18421052631578946,90,0.8,0.11219298245614034,0.0361899304624421,0.05472636815920398,False,0.08771929824561403
YFJ,18,45,114,4,4,0.16666666666666666,0.2,0.1062280701754386,0.033345047288204185,0.05970149253731343,False,0.19298245614035087,75,0.2,0.11385964912280702,0.03331221461968688,0.014925373134328358,True,0.02631578947368421
YFJ,18,46,114,4,4,0.14035087719298245,0.2,0.09701754385964911,0.030521948005438542,0.11940298507462686,False,0.14035087719298245,900,0.2,0.09701754385964911,0.030521948005438542,0.11940298507462686,False,0.0
YFJ,18,47,114,4,4,0.14035087719298245,0.2,0.10307017543859648,0.029701531745731674,0.13930348258706468,False,0.15789473684210525,225,0.5,0.11381578947368422,0.032076047434249494,0.11442786069651742,False,0.017543859649122806
YFJ,18,48,114,4,4,0.10526315789473684,0.2,0.10596491228070175,0.033478943462128756,0.5223880597014925,False,0.17543859649122806,450,0.2,0.10872807017543859,0.03526247475700641,0.06467661691542288,False,0.07017543859649122
YFJ,18,49,114,4,4,0.07017543859649122,0.2,0.10153508771929824,0.03191895164962572,0.8656716417910447,False,0.15789473684210525,225,0.8,0.10539473684210526,0.03293302012773612,0.06965174129353234,False,0.08771929824561403
YFJ,18,50,114,4,4,0.12280701754385964,0.8,0.10429824561403507,0.030064352296295675,0.25870646766169153,False,0.19298245614035087,225,0.8,0.1100877192982456,0.037503354187082574,0.029850746268656716,True,0.07017543859649122
YFJ,18,51,114,4,4,0.14912280701754385,0.5,0.10390350877192983,0.030892876237532688,0.0845771144278607,False,0.14912280701754385,75,0.5,0.11464912280701753,0.033411310214858804,0.20398009950248755,False,0.0
YFJ,18,52,114,4,4,0.13157894736842105,0.8,0.10859649122807018,0.02839449423738657,0.2736318407960199,False,0.13157894736842105,100,0.5,0.11736842105263158,0.03513793462202994,0.35323383084577115,False,0.0
YFJ,18,53,114,4,4,0.13157894736842105,0.2,0.10815789473684209,0.03131569625103208,0.263681592039801,False,0.16666666666666666,225,0.2,0.1074561403508772,0.03519500041195179,0.07960199004975124,False,0.03508771929824561
YFJ,18,54,114,4,4,0.12280701754385964,0.5,0.09653508771929824,0.03351516062010212,0.2736318407960199,False,0.12280701754385964,900,0.5,0.09653508771929824,0.03351516062010212,0.2736318407960199,False,0.0
YFJ,18,55,114,4,4,0.10526315789473684,0.2,0.10649122807017543,0.03193835848107713,0.5522388059701493,False,0.19298245614035087,90,0.5,0.11552631578947366,0.03430888687135863,0.03482587064676617,True,0.08771929824561403
YFJ,18,56,114,4,4,0.15789473684210525,0.8,0.10543859649122807,0.030715416161636783,0.06965174129353234,False,0.16666666666666666,450,0.2,0.10491228070175439,0.031509322091161064,0.06467661691542288,False,0.008771929824561403
YFJ,18,57,114,4,4,0.14912280701754385,0.5,0.10350877192982455,0.033636110563219884,0.11940298507462686,False,0.14912280701754385,900,0.5,0.10350877192982455,0.033636110563219884,0.11940298507462686,False,0.0
YFJ,18,58,114,4,4,0.19298245614035087,0.8,0.1075,0.032974322602837475,0.014925373134328358,True,0.2543859649122807,180,0.5,0.10736842105263157,0.031940779722882236,0.004975124378109453,True,0.06140350877192985
YFJ,18,59,114,4,4,0.12280701754385964,0.8,0.10271929824561404,0.03101146041572306,0.2885572139303483,False,0.12280701754385964,900,0.8,0.10271929824561404,0.03101146041572306,0.2885572139303483,False,0.0
YFJ,18,60,114,4,4,0.07017543859649122,0.2,0.1037280701754386,0.030859564696491232,0.8805970149253731,False,0.09649122807017543,90,0.8,0.11473684210526315,0.033212241248561626,0.7761194029850746,False,0.02631578947368421
YFJ,18,61,114,4,4,0.11403508771929824,0.8,0.10478070175438596,0.029049274433685716,0.4228855721393035,False,0.19298245614035087,100,0.8,0.11035087719298246,0.03268413881038652,0.009950248756218905,True,0.07894736842105263
YFJ,18,62,114,4,4,0.13157894736842105,0.8,0.10719298245614034,0.032372697968358496,0.23383084577114427,False,0.22807017543859648,225,0.5,0.10732456140350877,0.03391062598344194,0.004975124378109453,True,0.09649122807017543
YFJ,19,20,114,4,4,0.10526315789473684,0.5,0.10776315789473684,0.03258956565419926,0.5870646766169154,False,0.16666666666666666,100,0.2,0.11776315789473683,0.03563920719149244,0.11442786069651742,False,0.06140350877192982
YFJ,19,21,114,4,4,0.07017543859649122,0.2,0.1082456140350877,0.031663565648199235,0.9203980099502488,False,0.10526315789473684,180,0.2,0.10885964912280702,0.032024804167894376,0.5870646766169154,False,0.03508771929824561
YFJ,19,22,114,4,4,0.05263157894736842,0.2,0.10723684210526314,0.03161465039225412,0.9900497512437811,False,0.14912280701754385,300,0.2,0.1106140350877193,0.03325215038244643,0.15920398009950248,False,0.09649122807017543
YFJ,19,23,114,4,4,0.08771929824561403,0.8,0.10912280701754386,0.0313098924401403,0.8059701492537313,False,0.14035087719298245,60,0.8,0.11780701754385965,0.03219723944266591,0.2885572139303483,False,0.05263157894736842
YFJ,19,24,114,4,4,0.09649122807017543,0.8,0.10293859649122807,0.03096014115311246,0.6069651741293532,False,0.16666666666666666,90,0.5,0.11416666666666667,0.03558535304881444,0.10945273631840796,False,0.07017543859649122
YFJ,19,25,114,4,4,0.11403508771929824,0.2,0.10662280701754387,0.033809219850472964,0.417910447761194,False,0.11403508771929824,300,0.8,0.11153508771929824,0.030946399994203417,0.48258706467661694,False,0.0
YFJ,19,26,114,4,4,0.07017543859649122,0.2,0.10846491228070175,0.03270563353130691,0.8756218905472637,False,0.14035087719298245,60,0.2,0.11842105263157894,0.032251116233147206,0.29850746268656714,False,0.07017543859649122
YFJ,19,27,114,4,4,0.07894736842105263,0.2,0.10872807017543858,0.0334966962053289,0.8507462686567164,False,0.11403508771929824,180,0.2,0.11135964912280702,0.03234924891530107,0.5373134328358209,False,0.03508771929824561
YFJ,19,28,114,4,4,0.017543859649122806,0.2,0.10921052631578947,0.0332284201142624,1.0,False,0.12280701754385964,75,0.2,0.11631578947368419,0.03456858311220422,0.4527363184079602,False,0.10526315789473684
YFJ,19,29,114,4,4,0.08771929824561403,0.8,0.1082017543859649,0.029734417603710702,0.8109452736318408,False,0.14035087719298245,300,0.8,0.11035087719298245,0.0347595514913564,0.23383084577114427,False,0.05263157894736842
YFJ,19,38,114,4,4,0.06140350877192982,0.5,0.10969298245614034,0.03171917180778679,0.9751243781094527,False,0.15789473684210525,75,0.2,0.11964912280701753,0.03151177629846379,0.14427860696517414,False,0.09649122807017543
YFJ,19,39,114,4,4,0.08771929824561403,0.2,0.1081578947368421,0.03080529385525695,0.7512437810945274,False,0.10526315789473684,180,0.8,0.10916666666666666,0.030101723342372464,0.5771144278606966,False,0.017543859649122806
YFJ,19,40,114,4,4,0.09649122807017543,0.2,0.10723684210526314,0.029892128296549705,0.6865671641791045,False,0.14912280701754385,100,0.2,0.11907894736842106,0.03529031587922049,0.26865671641791045,False,0.05263157894736842
YFJ,19,41,114,4,4,0.07017543859649122,0.2,0.10210526315789474,0.03180490632389361,0.8656716417910447,False,0.15789473684210525,180,0.2,0.10776315789473685,0.03254207204115149,0.09950248756218906,False,0.08771929824561403
YFJ,19,42,114,4,4,0.08771929824561403,0.8,0.10438596491228071,0.03037412879351259,0.7412935323383084,False,0.16666666666666666,90,0.8,0.11442982456140349,0.03456922627282595,0.09950248756218906,False,0.07894736842105263
YFJ,19,43,114,4,4,0.10526315789473684,0.2,0.1057017543859649,0.031050835949878643,0.5771144278606966,False,0.14912280701754385,90,0.2,0.11614035087719297,0.032001251230272594,0.1890547263681592,False,0.043859649122807015
YFJ,19,44,114,4,4,0.07894736842105263,0.2,0.10855263157894736,0.031906835321160835,0.8557213930348259,False,0.15789473684210525,90,0.8,0.1169298245614035,0.037753675269843544,0.1691542288557214,False,0.07894736842105263
YFJ,19,45,114,4,4,0.11403508771929824,0.5,0.10614035087719298,0.031828726039579466,0.4228855721393035,False,0.16666666666666666,100,0.2,0.11811403508771928,0.031349849028088336,0.0945273631840796,False,0.05263157894736842
YFJ,19,46,114,4,4,0.06140350877192982,0.8,0.1075438596491228,0.030542210868989856,0.9601990049751243,False,0.10526315789473684,60,0.5,0.11679824561403507,0.031383132992460996,0.6666666666666666,False,0.043859649122807015
YFJ,19,47,114,4,4,0.07017543859649122,0.5,0.10662280701754386,0.03354514361736821,0.8855721393034826,False,0.15789473684210525,100,0.5,0.12008771929824562,0.033119322082175856,0.14925373134328357,False,0.08771929824561403
YFJ,19,48,114,4,4,0.08771929824561403,0.2,0.10964912280701754,0.03352095750163584,0.7661691542288557,False,0.09649122807017543,900,0.2,0.10960526315789472,0.03338222053874436,0.6567164179104478,False,0.008771929824561403
YFJ,19,49,114,4,4,0.07894736842105263,0.8,0.10473684210526316,0.031506867692689434,0.845771144278607,False,0.15789473684210525,90,0.5,0.11618421052631579,0.03413247776183991,0.12437810945273632,False,0.07894736842105263
YFJ,19,50,114,4,4,0.07894736842105263,0.2,0.10776315789473684,0.027492534378266768,0.8805970149253731,False,0.14912280701754385,225,0.8,0.11464912280701753,0.0351483871179254,0.21393034825870647,False,0.07017543859649122
YFJ,19,51,114,4,4,0.08771929824561403,0.2,0.1100438596491228,0.03503034076882135,0.7611940298507462,False,0.10526315789473684,90,0.2,0.1176315789473684,0.032634768670312876,0.6616915422885572,False,0.017543859649122806
YFJ,19,52,114,4,4,0.07894736842105263,0.2,0.11328947368421051,0.032523055176479736,0.8955223880597015,False,0.09649122807017543,60,0.5,0.12368421052631579,0.03861331812436745,0.7960199004975125,False,0.017543859649122806
YFJ,19,53,114,4,4,0.07017543859649122,0.2,0.10776315789473681,0.03258956565419926,0.900497512437811,False,0.12280701754385964,100,0.2,0.11649122807017545,0.03481290599817403,0.472636815920398,False,0.05263157894736842
YFJ,19,54,114,4,4,0.05263157894736842,0.5,0.10837719298245613,0.03234566284873858,0.9800995024875622,False,0.10526315789473684,60,0.8,0.11719298245614035,0.033968302268051205,0.6616915422885572,False,0.05263157894736842
YFJ,19,55,114,4,4,0.03508771929824561,0.2,0.10877192982456141,0.03534027068572386,0.9950248756218906,False,0.14912280701754385,100,0.5,0.118859649122807,0.03539220351415979,0.20398009950248755,False,0.11403508771929824
YFJ,19,56,114,4,4,0.09649122807017543,0.8,0.10684210526315788,0.03240373809715753,0.6616915422885572,False,0.14035087719298245,60,0.5,0.12153508771929822,0.03380121318766514,0.2835820895522388,False,0.043859649122807015
YFJ,19,57,114,4,4,0.07894736842105263,0.2,0.1056140350877193,0.03106440643990636,0.8308457711442786,False,0.12280701754385964,60,0.8,0.11644736842105262,0.03260806941357512,0.4427860696517413,False,0.043859649122807015
YFJ,19,58,114,4,4,0.13157894736842105,0.8,0.10894736842105264,0.03190589611359032,0.2736318407960199,False,0.15789473684210525,450,0.2,0.10763157894736841,0.03408954436307432,0.09950248756218906,False,0.02631578947368421
YFJ,19,59,114,4,4,0.02631578947368421,0.2,0.10907894736842107,0.034156032751146446,1.0,False,0.08771929824561403,90,0.2,0.11587719298245613,0.03284028229530878,0.8606965174129353,False,0.06140350877192982
YFJ,19,60,114,4,4,0.02631578947368421,0.2,0.10789473684210524,0.03405879180478155,0.9950248756218906,False,0.12280701754385964,75,0.8,0.11925438596491228,0.0351768406658794,0.47761194029850745,False,0.09649122807017543
YFJ,19,61,114,4,4,0.08771929824561403,0.2,0.10807017543859648,0.034067418939406756,0.7512437810945274,False,0.14912280701754385,100,0.8,0.1168421052631579,0.03551228631225879,0.21890547263681592,False,0.06140350877192982
YFJ,19,62,114,4,4,0.07017543859649122,0.2,0.10907894736842104,0.029529548647079233,0.9104477611940298,False,0.11403508771929824,60,0.5,0.12052631578947366,0.03352372580776708,0.6019900497512438,False,0.043859649122807015
YFJ,20,21,114,4,4,0.15789473684210525,0.5,0.10828947368421052,0.03407692328519558,0.10945273631840796,False,0.18421052631578946,300,0.2,0.10649122807017543,0.03062817848521557,0.014925373134328358,True,0.02631578947368421
YFJ,20,22,114,4,4,0.14912280701754385,0.2,0.10456140350877191,0.031466588242616694,0.1044776119402985,False,0.17543859649122806,60,0.2,0.12276315789473685,0.036529251673773834,0.09950248756218906,False,0.02631578947368421
YFJ,20,23,114,4,4,0.10526315789473684,0.2,0.10574561403508773,0.03461282144639128,0.5373134328358209,False,0.20175438596491227,75,0.2,0.11710526315789473,0.03733802656930709,0.009950248756218905,True,0.09649122807017543
YFJ,20,24,114,4,4,0.19298245614035087,0.2,0.10460526315789473,0.030576342387030303,0.004975124378109453,True,0.19298245614035087,900,0.2,0.10460526315789473,0.030576342387030303,0.004975124378109453,True,0.0
YFJ,20,25,114,4,4,0.12280701754385964,0.8,0.11078947368421051,0.033246568313753645,0.4079601990049751,False,0.14912280701754385,300,0.5,0.11289473684210526,0.03502495929986938,0.1691542288557214,False,0.02631578947368421
YFJ,20,26,114,4,4,0.10526315789473684,0.2,0.10368421052631578,0.02886985740903893,0.5174129353233831,False,0.17543859649122806,100,0.8,0.11517543859649124,0.03443488146321578,0.06965174129353234,False,0.07017543859649122
YFJ,20,27,114,4,4,0.12280701754385964,0.2,0.10951754385964911,0.03502128838772474,0.39303482587064675,False,0.15789473684210525,75,0.5,0.12214912280701753,0.03683956007715395,0.22885572139303484,False,0.03508771929824561
YFJ,20,28,114,4,4,0.12280701754385964,0.2,0.10561403508771929,0.03280788734720715,0.34328358208955223,False,0.17543859649122806,60,0.2,0.12087719298245612,0.034365754117420384,0.06965174129353234,False,0.05263157894736842
YFJ,20,29,114,4,4,0.13157894736842105,0.2,0.10723684210526314,0.035584918409921756,0.2736318407960199,False,0.17543859649122806,300,0.8,0.11179824561403509,0.0316092684568417,0.04477611940298507,True,0.043859649122807015
YFJ,20,38,114,4,4,0.15789473684210525,0.2,0.10631578947368421,0.03485064935285843,0.0845771144278607,False,0.19298245614035087,100,0.8,0.11807017543859649,0.037904237350709934,0.05970149253731343,False,0.03508771929824561
YFJ,20,39,114,4,4,0.21052631578947367,0.5,0.1075,0.032762569122789825,0.004975124378109453,True,0.21052631578947367,900,0.5,0.1075,0.032762569122789825,0.004975124378109453,True,0.0
YFJ,20,40,114,4,4,0.16666666666666666,0.5,0.10469298245614037,0.033441010538419164,0.06467661691542288,False,0.16666666666666666,900,0.5,0.10469298245614037,0.033441010538419164,0.06467661691542288,False,0.0
YFJ,20,41,114,4,4,0.17543859649122806,0.8,0.1037280701754386,0.03297948177524571,0.03482587064676617,True,0.17543859649122806,900,0.8,0.1037280701754386,0.03297948177524571,0.03482587064676617,True,0.0
YFJ,20,42,114,4,4,0.11403508771929824,0.2,0.10412280701754387,0.03432240841478123,0.42786069651741293,False,0.17543859649122806,180,0.2,0.11293859649122809,0.03340468404946128,0.04477611940298507,True,0.06140350877192982
YFJ,20,43,114,4,4,0.18421052631578946,0.2,0.10539473684210526,0.03467175526351317,0.03980099502487562,True,0.21052631578947367,75,0.5,0.11820175438596492,0.03061425675020233,0.009950248756218905,True,0.02631578947368421
YFJ,20,44,114,4,4,0.12280701754385964,0.2,0.10504385964912281,0.032530900980206404,0.3582089552238806,False,0.19298245614035087,150,0.2,0.11407894736842106,0.034683128664184985,0.024875621890547265,True,0.07017543859649122
YFJ,20,45,114,4,4,0.16666666666666666,0.5,0.10697368421052632,0.03344817862058159,0.05472636815920398,False,0.21929824561403508,180,0.8,0.11421052631578946,0.03346277017016312,0.009950248756218905,True,0.05263157894736842
YFJ,20,46,114,4,4,0.17543859649122806,0.8,0.10635964912280702,0.033195675936090165,0.04975124378109453,True,0.17543859649122806,900,0.8,0.10635964912280702,0.033195675936090165,0.04975124378109453,True,0.0
YFJ,20,47,114,4,4,0.14912280701754385,0.2,0.10662280701754386,0.03355666840598642,0.15422885572139303,False,0.17543859649122806,300,0.8,0.1081578947368421,0.03065430017330554,0.03482587064676617,True,0.02631578947368421
YFJ,20,48,114,4,4,0.14035087719298245,0.2,0.10482456140350876,0.03177705352852694,0.16417910447761194,False,0.18421052631578946,100,0.8,0.11596491228070174,0.03465705909688753,0.024875621890547265,True,0.043859649122807015
YFJ,20,49,114,4,4,0.11403508771929824,0.2,0.10429824561403508,0.033679650687575946,0.42786069651741293,False,0.17543859649122806,225,0.2,0.10916666666666666,0.033632632966002135,0.05970149253731343,False,0.06140350877192982
YFJ,20,50,114,4,4,0.12280701754385964,0.2,0.10508771929824562,0.03101607342604414,0.31840796019900497,False,0.22807017543859648,225,0.2,0.11026315789473685,0.0346721177088224,0.004975124378109453,True,0.10526315789473684
YFJ,20,51,114,4,4,0.17543859649122806,0.8,0.11,0.033334029326846745,0.03482587064676617,True,0.18421052631578946,60,0.2,0.1176315789473684,0.03606792282627964,0.04975124378109453,True,0.008771929824561403
YFJ,20,52,114,4,4,0.12280701754385964,0.2,0.10771929824561405,0.03164793076620499,0.3283582089552239,False,0.14912280701754385,75,0.5,0.12377192982456141,0.04065037249620784,0.3482587064676617,False,0.02631578947368421
YFJ,20,53,114,4,4,0.16666666666666666,0.2,0.10859649122807018,0.032269814062605644,0.04975124378109453,True,0.19298245614035087,225,0.2,0.11171052631578947,0.03392772547472184,0.03482587064676617,True,0.02631578947368421
YFJ,20,54,114,4,4,0.19298245614035087,0.5,0.10609649122807017,0.03496183779985039,0.009950248756218905,True,0.19298245614035087,900,0.5,0.10609649122807017,0.03496183779985039,0.009950248756218905,True,0.0
YFJ,20,55,114,4,4,0.14035087719298245,0.2,0.10789473684210528,0.03045041387504768,0.1691542288557214,False,0.17543859649122806,100,0.8,0.11767543859649121,0.0352666413624024,0.06467661691542288,False,0.03508771929824561
YFJ,20,56,114,4,4,0.14035087719298245,0.8,0.10635964912280702,0.03146139605820295,0.17412935323383086,False,0.21052631578947367,225,0.2,0.11192982456140349,0.0317708471796573,0.009950248756218905,True,0.07017543859649122
YFJ,20,57,114,4,4,0.18421052631578946,0.5,0.1057456140350877,0.0332801338209757,0.01990049751243781,True,0.19298245614035087,60,0.5,0.11736842105263158,0.033619552831260544,0.01990049751243781,True,0.008771929824561403
YFJ,20,58,114,4,4,0.19298245614035087,0.8,0.10495614035087719,0.034848624461009774,0.01990049751243781,True,0.21929824561403508,100,0.2,0.11214912280701754,0.03498704480686864,0.009950248756218905,True,0.02631578947368421
YFJ,20,59,114,4,4,0.13157894736842105,0.8,0.106359649122807,0.032130247787743996,0.263681592039801,False,0.17543859649122806,300,0.2,0.10877192982456141,0.029338046356352353,0.03980099502487562,True,0.043859649122807015
YFJ,20,60,114,4,4,0.13157894736842105,0.2,0.1107456140350877,0.03574753741494374,0.31840796019900497,False,0.14035087719298245,450,0.2,0.10929824561403506,0.03306615829780235,0.19900497512437812,False,0.008771929824561403
YFJ,20,61,114,4,4,0.16666666666666666,0.5,0.10732456140350877,0.03207050179327522,0.05970149253731343,False,0.21052631578947367,60,0.8,0.11618421052631579,0.03542220779822655,0.024875621890547265,True,0.043859649122807015
YFJ,20,62,114,4,4,0.18421052631578946,0.2,0.10855263157894736,0.032625851593172786,0.029850746268656716,True,0.18421052631578946,900,0.2,0.10855263157894736,0.032625851593172786,0.029850746268656716,True,0.0
YFJ,21,22,114,4,4,0.07894736842105263,0.2,0.10587719298245613,0.03472783346844104,0.8109452736318408,False,0.15789473684210525,60,0.8,0.11736842105263158,0.03645574333129283,0.17412935323383086,False,0.07894736842105263
YFJ,21,23,114,4,4,0.13157894736842105,0.2,0.10504385964912281,0.03203986292738814,0.23383084577114427,False,0.17543859649122806,300,0.5,0.10653508771929823,0.032979012792923104,0.05970149253731343,False,0.043859649122807015
YFJ,21,24,114,4,4,0.12280701754385964,0.8,0.10166666666666666,0.028225540897378113,0.24875621890547264,False,0.17543859649122806,90,0.8,0.10991228070175438,0.031189498598924843,0.029850746268656716,True,0.05263157894736842
YFJ,21,25,114,4,4,0.08771929824561403,0.2,0.10460526315789473,0.03392157065084658,0.7263681592039801,False,0.14035087719298245,90,0.8,0.11166666666666666,0.038187485296600994,0.22885572139303484,False,0.05263157894736842
YFJ,21,26,114,4,4,0.08771929824561403,0.8,0.10583333333333333,0.03220405401322261,0.7313432835820896,False,0.17543859649122806,60,0.2,0.11539473684210524,0.032963767235200496,0.06965174129353234,False,0.08771929824561403
YFJ,21,27,114,4,4,0.09649122807017543,0.2,0.10802631578947368,0.029660202044067326,0.7014925373134329,False,0.14912280701754385,75,0.8,0.11662280701754386,0.03296024802814198,0.20398009950248755,False,0.05263157894736842
YFJ,21,28,114,4,4,0.043859649122807015,0.2,0.1057456140350877,0.03139077099445255,0.9950248756218906,False,0.14912280701754385,100,0.5,0.11249999999999999,0.034570792179089066,0.14925373134328357,False,0.10526315789473684
YFJ,21,29,114,4,4,0.13157894736842105,0.8,0.10425438596491228,0.03351146855104106,0.23383084577114427,False,0.19298245614035087,180,0.8,0.10491228070175439,0.030713905480719995,0.004975124378109453,True,0.06140350877192982
YFJ,21,38,114,4,4,0.07894736842105263,0.2,0.1074561403508772,0.029675483477843646,0.8756218905472637,False,0.14912280701754385,60,0.8,0.1163157894736842,0.035473938923408506,0.18407960199004975,False,0.07017543859649122
YFJ,21,39,114,4,4,0.07894736842105263,0.2,0.09394736842105264,0.028598435551879017,0.7213930348258707,False,0.15789473684210525,150,0.2,0.09188596491228068,0.031803660159110646,0.04477611940298507,True,0.07894736842105263
YFJ,21,40,114,4,4,0.10526315789473684,0.8,0.10105263157894737,0.03184038633770157,0.48258706467661694,False,0.12280701754385964,60,0.5,0.11657894736842106,0.035521322420616626,0.4527363184079602,False,0.017543859649122806
YFJ,21,41,114,4,4,0.07894736842105263,0.5,0.09881578947368422,0.03163959104020416,0.7910447761194029,False,0.14035087719298245,180,0.2,0.10460526315789473,0.034754851261097085,0.17412935323383086,False,0.06140350877192982
YFJ,21,42,114,4,4,0.06140350877192982,0.2,0.1012280701754386,0.033380396162432664,0.9104477611940298,False,0.16666666666666666,225,0.8,0.10513157894736841,0.0344367622587277,0.06467661691542288,False,0.10526315789473684
YFJ,21,43,114,4,4,0.12280701754385964,0.2,0.10166666666666666,0.031056314659567087,0.263681592039801,False,0.19298245614035087,100,0.2,0.11140350877192982,0.03288040770513279,0.014925373134328358,True,0.07017543859649122
YFJ,21,44,114,4,4,0.11403508771929824,0.2,0.10820175438596491,0.03290717975602047,0.4527363184079602,False,0.19298245614035087,180,0.2,0.11057017543859649,0.033519775134553495,0.014925373134328358,True,0.07894736842105263
YFJ,21,45,114,4,4,0.13157894736842105,0.2,0.10561403508771929,0.03267798641276557,0.25870646766169153,False,0.19298245614035087,75,0.8,0.11517543859649124,0.03295452851512819,0.03482587064676617,True,0.06140350877192982
YFJ,21,46,114,4,4,0.14035087719298245,0.2,0.09811403508771929,0.028712962056063798,0.09950248756218906,False,0.14912280701754385,180,0.2,0.09956140350877193,0.030586615500999344,0.06965174129353234,False,0.008771929824561403
YFJ,21,47,114,4,4,0.11403508771929824,0.8,0.10328947368421051,0.030821952090328817,0.3880597014925373,False,0.16666666666666666,225,0.8,0.11350877192982456,0.03400925700587674,0.07960199004975124,False,0.05263157894736842
YFJ,21,48,114,4,4,0.07017543859649122,0.8,0.10403508771929826,0.034070596806761416,0.8656716417910447,False,0.13157894736842105,225,0.5,0.10942982456140349,0.034665732540727315,0.31343283582089554,False,0.06140350877192982
YFJ,21,49,114,4,4,0.07017543859649122,0.2,0.09925438596491228,0.03411072025770664,0.8258706467661692,False,0.15789473684210525,225,0.8,0.10473684210526316,0.033849710239516516,0.07462686567164178,False,0.08771929824561403
YFJ,21,50,114,4,4,0.14035087719298245,0.5,0.10153508771929824,0.031121580156633244,0.12437810945273632,False,0.20175438596491227,225,0.8,0.1092543859649123,0.03616008201213572,0.009950248756218905,True,0.06140350877192982
YFJ,21,51,114,4,4,0.08771929824561403,0.5,0.10798245614035087,0.030896537062927554,0.7860696517412935,False,0.14035087719298245,150,0.8,0.11,0.031002107613295547,0.19900497512437812,False,0.05263157894736842
YFJ,21,52,114,4,4,0.09649122807017543,0.2,0.10912280701754387,0.03228275236981143,0.6915422885572139,False,0.13157894736842105,100,0.5,0.11785087719298247,0.03648773434709252,0.373134328358209,False,0.03508771929824561
YFJ,21,53,114,4,4,0.05263157894736842,0.5,0.10675438596491225,0.03247942294493235,0.9800995024875622,False,0.14912280701754385,90,0.2,0.11267543859649122,0.03253874489213809,0.19402985074626866,False,0.09649122807017543
YFJ,21,54,114,4,4,0.043859649122807015,0.2,0.09723684210526315,0.03341440583299194,0.9850746268656716,False,0.07894736842105263,450,0.5,0.10057017543859648,0.03044885829915896,0.8109452736318408,False,0.03508771929824561
YFJ,21,55,114,4,4,0.09649122807017543,0.2,0.10342105263157894,0.030723346017779426,0.6069651741293532,False,0.19298245614035087,60,0.8,0.11618421052631579,0.034738826763921496,0.029850746268656716,True,0.09649122807017543
YFJ,21,56,114,4,4,0.14035087719298245,0.5,0.10324561403508771,0.03128604848184223,0.13930348258706468,False,0.15789473684210525,90,0.8,0.11412280701754385,0.03437509161361689,0.12935323383084577,False,0.017543859649122806
YFJ,21,57,114,4,4,0.07894736842105263,0.8,0.1012719298245614,0.028695719580760486,0.7711442786069652,False,0.16666666666666666,75,0.8,0.11214912280701754,0.03420467673221163,0.07462686567164178,False,0.08771929824561403
YFJ,21,58,114,4,4,0.17543859649122806,0.8,0.10644736842105262,0.03398693710420698,0.03980099502487562,True,0.21052631578947367,180,0.5,0.10535087719298245,0.03377366149639049,0.004975124378109453,True,0.03508771929824561
YFJ,21,59,114,4,4,0.05263157894736842,0.2,0.10535087719298247,0.029963866109698385,1.0,False,0.12280701754385964,150,0.5,0.1124561403508772,0.03310028641020752,0.43283582089552236,False,0.07017543859649122
YFJ,21,60,114,4,4,0.08771929824561403,0.2,0.10403508771929823,0.03234736627992596,0.7213930348258707,False,0.11403508771929824,75,0.5,0.11030701754385965,0.03257841087870715,0.5124378109452736,False,0.02631578947368421
YFJ,21,61,114,4,4,0.11403508771929824,0.2,0.105,0.03240552796667721,0.43781094527363185,False,0.18421052631578946,100,0.8,0.10868421052631579,0.03105133405434064,0.01990049751243781,True,0.07017543859649122
YFJ,21,62,114,4,4,0.12280701754385964,0.5,0.10267543859649121,0.03175328638000177,0.34328358208955223,False,0.17543859649122806,150,0.5,0.10921052631578947,0.039147861369364594,0.08955223880597014,False,0.05263157894736842
YFJ,22,23,114,4,4,0.11403508771929824,0.8,0.10609649122807017,0.03308670366523217,0.42786069651741293,False,0.21052631578947367,60,0.2,0.12035087719298244,0.03413998201624663,0.01990049751243781,True,0.09649122807017543
YFJ,22,24,114,4,4,0.16666666666666666,0.2,0.10267543859649121,0.03211652568249616,0.05472636815920398,False,0.20175438596491227,100,0.2,0.11675438596491228,0.03154059892984236,0.004975124378109453,True,0.03508771929824561
YFJ,22,25,114,4,4,0.11403508771929824,0.8,0.10482456140350876,0.03483056165804472,0.42786069651741293,False,0.17543859649122806,60,0.5,0.12342105263157893,0.033950881544497595,0.06467661691542288,False,0.06140350877192982
YFJ,22,26,114,4,4,0.08771929824561403,0.2,0.10276315789473683,0.03352531171349157,0.7014925373134329,False,0.16666666666666666,100,0.8,0.11535087719298247,0.03385096675223871,0.11442786069651742,False,0.07894736842105263
YFJ,22,27,114,4,4,0.14035087719298245,0.2,0.10583333333333332,0.031866090712565694,0.21393034825870647,False,0.19298245614035087,60,0.2,0.12035087719298244,0.034489298807791675,0.04975124378109453,True,0.05263157894736842
YFJ,22,28,114,4,4,0.08771929824561403,0.2,0.10657894736842105,0.03181353695446751,0.7562189054726368,False,0.17543859649122806,60,0.8,0.12105263157894736,0.03263251741234402,0.07462686567164178,False,0.08771929824561403
YFJ,22,29,114,4,4,0.13157894736842105,0.2,0.10166666666666664,0.03245655732163872,0.19900497512437812,False,0.18421052631578946,300,0.2,0.11149122807017543,0.033133329084507376,0.03482587064676617,True,0.05263157894736842
YFJ,22,38,114,4,4,0.07017543859649122,0.2,0.10578947368421052,0.02914817121026848,0.9253731343283582,False,0.17543859649122806,60,0.2,0.12118421052631578,0.03666217085873682,0.1044776119402985,False,0.10526315789473684
YFJ,22,39,114,4,4,0.11403508771929824,0.8,0.10679824561403509,0.032814928605304286,0.4427860696517413,False,0.16666666666666666,60,0.8,0.11912280701754385,0.03642178678207324,0.13930348258706468,False,0.05263157894736842
YFJ,22,40,114,4,4,0.13157894736842105,0.5,0.10206140350877192,0.030159215596469783,0.22885572139303484,False,0.19298245614035087,60,0.2,0.12377192982456138,0.035599611693747,0.04477611940298507,True,0.06140350877192982
YFJ,22,41,114,4,4,0.12280701754385964,0.2,0.10434210526315787,0.034029232976183,0.3383084577114428,False,0.16666666666666666,75,0.8,0.12478070175438596,0.03638012024446034,0.15422885572139303,False,0.043859649122807015
YFJ,22,42,114,4,4,0.09649122807017543,0.2,0.10245614035087719,0.033041826363571836,0.5920398009950248,False,0.16666666666666666,60,0.8,0.12219298245614034,0.0341552686014753,0.12935323383084577,False,0.07017543859649122
YFJ,22,43,114,4,4,0.14035087719298245,0.2,0.10236842105263155,0.030553223160893823,0.11442786069651742,False,0.21052631578947367,60,0.8,0.12083333333333332,0.035779972524181816,0.014925373134328358,True,0.07017543859649122
YFJ,22,44,114,4,4,0.11403508771929824,0.2,0.10618421052631578,0.03338685342731706,0.43781094527363185,False,0.21929824561403508,90,0.5,0.11776315789473685,0.035671740801880264,0.009950248756218905,True,0.10526315789473684
YFJ,22,45,114,4,4,0.10526315789473684,0.2,0.10543859649122807,0.0319010481509845,0.527363184079602,False,0.21052631578947367,60,0.8,0.12473684210526315,0.035418523473013684,0.029850746268656716,True,0.10526315789473684
YFJ,22,46,114,4,4,0.08771929824561403,0.5,0.10429824561403508,0.03228454894683347,0.6915422885572139,False,0.16666666666666666,60,0.2,0.11771929824561404,0.03601610546434796,0.11940298507462686,False,0.07894736842105263
YFJ,22,47,114,4,4,0.12280701754385964,0.5,0.10486842105263157,0.03213457986676715,0.3034825870646766,False,0.17543859649122806,60,0.5,0.127719298245614,0.03665755636104164,0.13930348258706468,False,0.05263157894736842
YFJ,22,48,114,4,4,0.06140350877192982,0.2,0.10491228070175439,0.03354217534319288,0.9402985074626866,False,0.13157894736842105,150,0.8,0.11236842105263158,0.03383542840795569,0.3283582089552239,False,0.07017543859649122
YFJ,22,49,114,4,4,0.09649122807017543,0.2,0.1020175438596491,0.03326982075455206,0.5522388059701493,False,0.16666666666666666,60,0.8,0.12276315789473684,0.03509320132613599,0.12935323383084577,False,0.07017543859649122
YFJ,22,50,114,4,4,0.09649122807017543,0.2,0.10464912280701753,0.033399735269520635,0.6567164179104478,False,0.18421052631578946,180,0.8,0.11302631578947368,0.03414018021947356,0.03482587064676617,True,0.08771929824561403
YFJ,22,51,114,4,4,0.13157894736842105,0.2,0.10543859649122807,0.03400152488986543,0.263681592039801,False,0.16666666666666666,60,0.8,0.1195175438596491,0.03638012024446035,0.13432835820895522,False,0.03508771929824561
YFJ,22,52,114,4,4,0.11403508771929824,0.2,0.10732456140350877,0.03316117958733512,0.43283582089552236,False,0.17543859649122806,75,0.8,0.1225,0.036283698008254574,0.0945273631840796,False,0.06140350877192982
YFJ,22,53,114,4,4,0.08771929824561403,0.2,0.10456140350877191,0.03235119120204882,0.736318407960199,False,0.17543859649122806,60,0.8,0.12372807017543859,0.03643279959913529,0.09950248756218906,False,0.08771929824561403
YFJ,22,54,114,4,4,0.07894736842105263,0.2,0.1045175438596491,0.034192239510387225,0.8258706467661692,False,0.16666666666666666,60,0.8,0.11894736842105262,0.036414142194691176,0.12935323383084577,False,0.08771929824561403
YFJ,22,55,114,4,4,0.07017543859649122,0.2,0.10771929824561402,0.03340725944018328,0.8855721393034826,False,0.17543859649122806,60,0.8,0.12311403508771929,0.036570298939711206,0.10945273631840796,False,0.10526315789473684
YFJ,22,56,114,4,4,0.10526315789473684,0.2,0.10355263157894737,0.03264078113757488,0.5074626865671642,False,0.18421052631578946,60,0.8,0.1249561403508772,0.03588852429228388,0.07960199004975124,False,0.07894736842105263
YFJ,22,57,114,4,4,0.08771929824561403,0.2,0.09956140350877192,0.03103838074041248,0.6766169154228856,False,0.19298245614035087,60,0.2,0.11868421052631578,0.03474341787002293,0.029850746268656716,True,0.10526315789473684
YFJ,22,58,114,4,4,0.16666666666666666,0.8,0.10565789473684209,0.03362803393815979,0.04477611940298507,True,0.19298245614035087,60,0.5,0.12175438596491228,0.03756320868856482,0.04975124378109453,True,0.02631578947368421
YFJ,22,59,114,4,4,0.10526315789473684,0.8,0.10780701754385966,0.03258022082256785,0.5472636815920398,False,0.17543859649122806,60,0.8,0.12157894736842106,0.03637589515952982,0.1044776119402985,False,0.07017543859649122
YFJ,22,60,114,4,4,0.05263157894736842,0.2,0.10460526315789473,0.03283259874987691,0.9701492537313433,False,0.13157894736842105,60,0.8,0.12385964912280702,0.035770488297913586,0.4228855721393035,False,0.07894736842105263
YFJ,22,61,114,4,4,0.13157894736842105,0.2,0.10548245614035087,0.031602417395271934,0.24378109452736318,False,0.19298245614035087,60,0.2,0.11618421052631576,0.03652925167377384,0.024875621890547265,True,0.06140350877192982
YFJ,22,62,114,4,4,0.12280701754385964,0.8,0.10478070175438597,0.03539709220602684,0.2885572139303483,False,0.16666666666666666,60,0.5,0.1212280701754386,0.035934419612720626,0.13432835820895522,False,0.043859649122807015
YFJ,23,24,114,4,4,0.07894736842105263,0.2,0.10320175438596489,0.032833069823554384,0.7960199004975125,False,0.14912280701754385,90,0.8,0.10978070175438596,0.032046379153869056,0.14427860696517414,False,0.07017543859649122
YFJ,23,25,114,4,4,0.07894736842105263,0.2,0.10307017543859648,0.031777053528526944,0.7860696517412935,False,0.13157894736842105,60,0.5,0.11758771929824562,0.036998336896976396,0.39303482587064675,False,0.05263157894736842
YFJ,23,26,114,4,4,0.09649122807017543,0.2,0.10653508771929823,0.03414267181903046,0.6666666666666666,False,0.15789473684210525,60,0.2,0.11890350877192983,0.03567455898435734,0.1691542288557214,False,0.06140350877192982
YFJ,23,27,114,4,4,0.11403508771929824,0.5,0.10600877192982455,0.033158847458613486,0.43781094527363185,False,0.15789473684210525,60,0.5,0.12385964912280702,0.03560797410804437,0.20398009950248755,False,0.043859649122807015
YFJ,23,28,114,4,4,0.09649122807017543,0.8,0.10473684210526316,0.031136516918573408,0.6417910447761194,False,0.15789473684210525,60,0.2,0.11934210526315789,0.03500936216786531,0.19402985074626866,False,0.06140350877192982
YFJ,23,29,114,4,4,0.14035087719298245,0.2,0.105,0.03485453237795202,0.1791044776119403,False,0.18421052631578946,300,0.2,0.10653508771929826,0.03317773298745313,0.029850746268656716,True,0.043859649122807015
YFJ,23,38,114,4,4,0.09649122807017543,0.8,0.105,0.034385438646439635,0.6218905472636815,False,0.16666666666666666,75,0.8,0.11811403508771928,0.03440755623326825,0.11442786069651742,False,0.07017543859649122
YFJ,23,39,114,4,4,0.16666666666666666,0.2,0.10407894736842105,0.032042759191644114,0.04477611940298507,True,0.17543859649122806,225,0.2,0.10657894736842105,0.03343722355220804,0.04477611940298507,True,0.008771929824561403
YFJ,23,40,114,4,4,0.14912280701754385,0.5,0.10425438596491228,0.03421936943917008,0.12935323383084577,False,0.14912280701754385,900,0.5,0.10425438596491228,0.03421936943917008,0.12935323383084577,False,0.0
YFJ,23,41,114,4,4,0.10526315789473684,0.5,0.10407894736842106,0.03485195298809421,0.5124378109452736,False,0.17543859649122806,225,0.2,0.10982456140350877,0.03238225194624575,0.03980099502487562,True,0.07017543859649122
YFJ,23,42,114,4,4,0.12280701754385964,0.8,0.10074561403508771,0.032346619172028225,0.3034825870646766,False,0.18421052631578946,60,0.8,0.1200877192982456,0.03545376812798186,0.05472636815920398,False,0.06140350877192982
YFJ,23,43,114,4,4,0.13157894736842105,0.2,0.10298245614035087,0.03121837105835432,0.2537313432835821,False,0.20175438596491227,450,0.5,0.10565789473684209,0.03305981383450476,0.004975124378109453,True,0.07017543859649122
YFJ,23,44,114,4,4,0.13157894736842105,0.2,0.10583333333333332,0.032526621685508406,0.26865671641791045,False,0.18421052631578946,90,0.5,0.11135964912280702,0.035342431518567426,0.03482587064676617,True,0.05263157894736842
YFJ,23,45,114,4,4,0.15789473684210525,0.8,0.10701754385964911,0.03240660184093745,0.08955223880597014,False,0.21052631578947367,180,0.8,0.11144736842105261,0.03477553864129198,0.004975124378109453,True,0.05263157894736842
YFJ,23,46,114,4,4,0.13157894736842105,0.2,0.10504385964912281,0.033847396991849125,0.2935323383084577,False,0.17543859649122806,300,0.5,0.1062280701754386,0.031063784070098775,0.04975124378109453,True,0.043859649122807015
YFJ,23,47,114,4,4,0.12280701754385964,0.8,0.10456140350877191,0.03516873306305701,0.3333333333333333,False,0.19298245614035087,300,0.8,0.10710526315789473,0.03248513683596765,0.014925373134328358,True,0.07017543859649122
YFJ,23,48,114,4,4,0.08771929824561403,0.8,0.10385964912280703,0.03559580994689901,0.7313432835820896,False,0.16666666666666666,300,0.8,0.10675438596491228,0.033522226336990466,0.04975124378109453,True,0.07894736842105263
YFJ,23,49,114,4,4,0.13157894736842105,0.8,0.10035087719298245,0.03247382711911314,0.21890547263681592,False,0.17543859649122806,60,0.8,0.12206140350877191,0.03564289582604008,0.0945273631840796,False,0.043859649122807015
YFJ,23,50,114,4,4,0.09649122807017543,0.5,0.10460526315789473,0.03125176411884869,0.6268656716417911,False,0.15789473684210525,60,0.8,0.12574561403508772,0.03778610237187225,0.23880597014925373,False,0.06140350877192982
YFJ,23,51,114,4,4,0.14035087719298245,0.2,0.1044736842105263,0.03264661483774853,0.17412935323383086,False,0.18421052631578946,300,0.8,0.10530701754385965,0.03202851670399866,0.004975124378109453,True,0.043859649122807015
YFJ,23,52,114,4,4,0.13157894736842105,0.5,0.1069736842105263,0.033076184160984574,0.29850746268656714,False,0.13157894736842105,900,0.5,0.1069736842105263,0.033076184160984574,0.29850746268656714,False,0.0
YFJ,23,53,114,4,4,0.08771929824561403,0.2,0.10548245614035089,0.032530900980206404,0.7313432835820896,False,0.15789473684210525,100,0.5,0.11666666666666665,0.03421736369146521,0.14925373134328357,False,0.07017543859649122
YFJ,23,54,114,4,4,0.12280701754385964,0.8,0.1019298245614035,0.0331213067676505,0.31343283582089554,False,0.14912280701754385,90,0.5,0.10653508771929823,0.03388119467129607,0.11442786069651742,False,0.02631578947368421
YFJ,23,55,114,4,4,0.09649122807017543,0.2,0.10701754385964911,0.03238272957114819,0.6417910447761194,False,0.18421052631578946,60,0.8,0.12035087719298247,0.03565789053486913,0.06467661691542288,False,0.08771929824561403
YFJ,23,56,114,4,4,0.09649122807017543,0.2,0.10868421052631579,0.0350412943335819,0.6865671641791045,False,0.16666666666666666,300,0.8,0.10561403508771929,0.034418370968314356,0.05472636815920398,False,0.07017543859649122
YFJ,23,57,114,4,4,0.12280701754385964,0.2,0.10315789473684209,0.033117570790336975,0.3383084577114428,False,0.18421052631578946,300,0.2,0.1062280701754386,0.03019269151616754,0.014925373134328358,True,0.06140350877192982
YFJ,23,58,114,4,4,0.16666666666666666,0.2,0.10785087719298246,0.03429409157879654,0.06467661691542288,False,0.20175438596491227,180,0.8,0.11285087719298247,0.03478532193163551,0.014925373134328358,True,0.03508771929824561
YFJ,23,59,114,4,4,0.11403508771929824,0.8,0.10271929824561404,0.03139560538195521,0.3482587064676617,False,0.15789473684210525,60,0.5,0.1187719298245614,0.03531662965614617,0.15920398009950248,False,0.043859649122807015
YFJ,23,60,114,4,4,0.09649122807017543,0.2,0.10105263157894737,0.03276212654107027,0.5920398009950248,False,0.12280701754385964,450,0.5,0.10723684210526314,0.03433510817954336,0.3880597014925373,False,0.02631578947368421
YFJ,23,61,114,4,4,0.09649122807017543,0.8,0.10767543859649122,0.03276186098916869,0.6467661691542289,False,0.16666666666666666,90,0.8,0.1119736842105263,0.03163347995544648,0.07960199004975124,False,0.07017543859649122
YFJ,23,62,114,4,4,0.15789473684210525,0.2,0.10504385964912281,0.033537535087394404,0.06965174129353234,False,0.17543859649122806,100,0.2,0.11223684210526315,0.03350131326309287,0.05472636815920398,False,0.017543859649122806
YFJ,24,25,114,4,4,0.09649122807017543,0.2,0.10008771929824561,0.032373056293413915,0.5621890547263682,False,0.15789473684210525,180,0.5,0.11228070175438595,0.03580765424762339,0.15422885572139303,False,0.06140350877192982
YFJ,24,26,114,4,4,0.14912280701754385,0.2,0.10258771929824562,0.03129207295834558,0.0845771144278607,False,0.17543859649122806,100,0.2,0.11333333333333333,0.032766847104548955,0.06467661691542288,False,0.02631578947368421
YFJ,24,27,114,4,4,0.14035087719298245,0.2,0.105,0.03113986971800724,0.20398009950248755,False,0.16666666666666666,450,0.5,0.10767543859649123,0.03306729841791996,0.06467661691542288,False,0.02631578947368421
YFJ,24,28,114,4,4,0.07894736842105263,0.8,0.10263157894736842,0.028711918372559167,0.835820895522388,False,0.15789473684210525,180,0.5,0.11486842105263158,0.03225827902210769,0.14427860696517414,False,0.07894736842105263
YFJ,24,29,114,4,4,0.15789473684210525,0.8,0.10315789473684209,0.03027518169354268,0.05472636815920398,False,0.21052631578947367,180,0.5,0.11052631578947367,0.033068029243473795,0.014925373134328358,True,0.05263157894736842
YFJ,24,38,114,4,4,0.16666666666666666,0.2,0.10491228070175439,0.030852077175981943,0.029850746268656716,True,0.16666666666666666,900,0.2,0.10491228070175439,0.030852077175981943,0.029850746268656716,True,0.0
YFJ,24,39,114,4,4,0.14035087719298245,0.5,0.10179824561403508,0.03006573485584914,0.12935323383084577,False,0.17543859649122806,90,0.8,0.10872807017543859,0.030865327909949104,0.01990049751243781,True,0.03508771929824561
YFJ,24,40,114,4,4,0.13157894736842105,0.2,0.10065789473684209,0.0334971579397428,0.19900497512437812,False,0.14035087719298245,180,0.8,0.1106140350877193,0.03483100571018347,0.22885572139303484,False,0.008771929824561403
YFJ,24,41,114,4,4,0.14035087719298245,0.2,0.0993859649122807,0.030235179684147535,0.12935323383084577,False,0.16666666666666666,180,0.2,0.11118421052631579,0.032797248940605,0.06467661691542288,False,0.02631578947368421
YFJ,24,42,114,4,4,0.09649122807017543,0.2,0.10008771929824561,0.031018940627230304,0.5671641791044776,False,0.18421052631578946,180,0.2,0.10907894736842107,0.03348145539741064,0.029850746268656716,True,0.08771929824561403
YFJ,24,43,114,4,4,0.14912280701754385,0.2,0.09960526315789472,0.02877779805465306,0.05472636815920398,False,0.17543859649122806,100,0.5,0.11535087719298245,0.03301829625676499,0.04975124378109453,True,0.02631578947368421
YFJ,24,44,114,4,4,0.14035087719298245,0.8,0.10333333333333332,0.029966059785261075,0.14925373134328357,False,0.23684210526315788,90,0.5,0.11052631578947368,0.030753661992499685,0.004975124378109453,True,0.09649122807017543
YFJ,24,45,114,4,4,0.15789473684210525,0.5,0.10350877192982455,0.031828726039579466,0.05970149253731343,False,0.17543859649122806,180,0.2,0.11399122807017542,0.03416644612424445,0.04477611940298507,True,0.017543859649122806
YFJ,24,46,114,4,4,0.14035087719298245,0.2,0.09960526315789472,0.028194118008855764,0.11442786069651742,False,0.17543859649122806,90,0.8,0.10964912280701754,0.031694812274384275,0.024875621890547265,True,0.03508771929824561
YFJ,24,47,114,4,4,0.09649122807017543,0.5,0.10346491228070175,0.029903250684648476,0.6517412935323383,False,0.14912280701754385,60,0.8,0.12416666666666666,0.03468981715800892,0.2736318407960199,False,0.05263157894736842
YFJ,24,48,114,4,4,0.07894736842105263,0.2,0.10464912280701753,0.03350376581623728,0.8109452736318408,False,0.15789473684210525,450,0.2,0.10776315789473684,0.029487617297128683,0.05472636815920398,False,0.07894736842105263
YFJ,24,49,114,4,4,0.09649122807017543,0.2,0.10140350877192982,0.031049466121405928,0.6069651741293532,False,0.21052631578947367,180,0.8,0.10671052631578946,0.032523055176479736,0.009950248756218905,True,0.11403508771929824
YFJ,24,50,114,4,4,0.09649122807017543,0.2,0.10171052631578949,0.031104926999085878,0.5970149253731343,False,0.15789473684210525,75,0.5,0.11991228070175439,0.03359136293432024,0.15422885572139303,False,0.06140350877192982
YFJ,24,51,114,4,4,0.15789473684210525,0.8,0.10302631578947366,0.029535047717313672,0.04477611940298507,True,0.16666666666666666,90,0.8,0.10942982456140349,0.031584059015993884,0.05970149253731343,False,0.008771929824561403
YFJ,24,52,114,4,4,0.08771929824561403,0.2,0.10298245614035087,0.030160016889614186,0.736318407960199,False,0.12280701754385964,100,0.2,0.11666666666666665,0.033277839077044284,0.43781094527363185,False,0.03508771929824561
YFJ,24,53,114,4,4,0.10526315789473684,0.2,0.10407894736842105,0.030812416274400317,0.5124378109452736,False,0.18421052631578946,180,0.2,0.11118421052631579,0.032773661218623115,0.01990049751243781,True,0.07894736842105263
YFJ,24,54,114,4,4,0.10526315789473684,0.8,0.10030701754385964,0.028867413000247134,0.48258706467661694,False,0.17543859649122806,90,0.8,0.1100438596491228,0.031545594217567946,0.01990049751243781,True,0.07017543859649122
YFJ,24,55,114,4,4,0.12280701754385964,0.2,0.10105263157894737,0.03101607342604414,0.26865671641791045,False,0.15789473684210525,60,0.5,0.12039473684210528,0.03111536733426129,0.12935323383084577,False,0.03508771929824561
YFJ,24,56,114,4,4,0.08771929824561403,0.2,0.1019736842105263,0.030721426676877876,0.7164179104477612,False,0.15789473684210525,180,0.8,0.11368421052631579,0.0344857110309373,0.14925373134328357,False,0.07017543859649122
YFJ,24,57,114,4,4,0.08771929824561403,0.8,0.09899122807017542,0.027238198012162304,0.7114427860696517,False,0.17543859649122806,90,0.8,0.10929824561403506,0.03188746993456877,0.024875621890547265,True,0.08771929824561403
YFJ,24,58,114,4,4,0.11403508771929824,0.2,0.1019298245614035,0.032053406746315176,0.3681592039800995,False,0.21052631578947367,180,0.2,0.11149122807017543,0.034828785392874956,0.004975124378109453,True,0.09649122807017543
YFJ,24,59,114,4,4,0.08771929824561403,0.2,0.10065789473684209,0.03146139605820295,0.6965174129353234,False,0.17543859649122806,90,0.8,0.11144736842105264,0.03149652643930098,0.03980099502487562,True,0.08771929824561403
YFJ,24,60,114,4,4,0.05263157894736842,0.2,0.10517543859649121,0.03211884320376175,0.9701492537313433,False,0.14035087719298245,100,0.2,0.11530701754385964,0.03337527000007169,0.2537313432835821,False,0.08771929824561403
YFJ,24,61,114,4,4,0.07017543859649122,0.8,0.1012280701754386,0.0308771328732394,0.8855721393034826,False,0.18421052631578946,180,0.2,0.10890350877192984,0.03584302868838091,0.03980099502487562,True,0.11403508771929824
YFJ,24,62,114,4,4,0.12280701754385964,0.2,0.10021929824561404,0.02995673555470832,0.26865671641791045,False,0.20175438596491227,180,0.2,0.10780701754385966,0.030394362986284878,0.004975124378109453,True,0.07894736842105263
YFJ,25,26,114,4,4,0.06140350877192982,0.2,0.10223684210526315,0.029971704535546654,0.9601990049751243,False,0.14912280701754385,100,0.5,0.11684210526315787,0.03553405616479462,0.21890547263681592,False,0.08771929824561403
YFJ,25,27,114,4,4,0.11403508771929824,0.8,0.10675438596491228,0.03230035451576009,0.48258706467661694,False,0.14912280701754385,75,0.2,0.11828947368421051,0.03452087196697297,0.22388059701492538,False,0.03508771929824561
YFJ,25,28,114,4,4,0.043859649122807015,0.2,0.10403508771929823,0.032466682110162834,0.9900497512437811,False,0.13157894736842105,90,0.2,0.11745614035087719,0.036669684654934406,0.373134328358209,False,0.08771929824561403
YFJ,25,29,114,4,4,0.09649122807017543,0.5,0.10368421052631578,0.034090111492806614,0.6218905472636815,False,0.16666666666666666,180,0.2,0.1100877192982456,0.03180138046302081,0.06467661691542288,False,0.07017543859649122
YFJ,25,38,114,4,4,0.10526315789473684,0.5,0.10907894736842104,0.03302798543280471,0.5422885572139303,False,0.18421052631578946,75,0.2,0.11732456140350879,0.03431257765458623,0.03482587064676617,True,0.07894736842105263
YFJ,25,39,114,4,4,0.11403508771929824,0.2,0.10320175438596489,0.029521691055570284,0.39800995024875624,False,0.13157894736842105,90,0.8,0.11118421052631579,0.03783375833600369,0.3034825870646766,False,0.017543859649122806
YFJ,25,40,114,4,4,0.11403508771929824,0.8,0.10048245614035087,0.03358776558284116,0.3482587064676617,False,0.11403508771929824,60,0.5,0.11899122807017544,0.03807459639054029,0.582089552238806,False,0.0
YFJ,25,41,114,4,4,0.10526315789473684,0.8,0.10346491228070175,0.03171063743024207,0.5373134328358209,False,0.14912280701754385,180,0.8,0.11035087719298246,0.03439049856134431,0.19402985074626866,False,0.043859649122807015
YFJ,25,42,114,4,4,0.10526315789473684,0.2,0.10114035087719297,0.031276159646743844,0.5174129353233831,False,0.17543859649122806,60,0.2,0.12074561403508771,0.039611585309103026,0.1044776119402985,False,0.07017543859649122
YFJ,25,43,114,4,4,0.09649122807017543,0.2,0.10245614035087719,0.030498121938107838,0.6368159203980099,False,0.17543859649122806,100,0.2,0.11228070175438595,0.03413816981910027,0.06965174129353234,False,0.07894736842105263
YFJ,25,44,114,4,4,0.11403508771929824,0.2,0.10802631578947368,0.03328454857945122,0.4427860696517413,False,0.21052631578947367,90,0.2,0.11276315789473684,0.03414267181903046,0.009950248756218905,True,0.09649122807017543
YFJ,25,45,114,4,4,0.09649122807017543,0.5,0.10504385964912281,0.03228032683222358,0.6218905472636815,False,0.17543859649122806,150,0.5,0.11026315789473683,0.03445957626878994,0.05970149253731343,False,0.07894736842105263
YFJ,25,46,114,4,4,0.07894736842105263,0.2,0.10350877192982455,0.03144987187762626,0.7960199004975125,False,0.13157894736842105,90,0.8,0.11135964912280702,0.037713582782936156,0.29850746268656714,False,0.05263157894736842
YFJ,25,47,114,4,4,0.08771929824561403,0.2,0.10482456140350876,0.031063286165274654,0.7611940298507462,False,0.14912280701754385,60,0.2,0.12,0.036084750126551074,0.24378109452736318,False,0.06140350877192982
YFJ,25,48,114,4,4,0.11403508771929824,0.2,0.10684210526315789,0.03320525512976791,0.44776119402985076,False,0.14035087719298245,300,0.2,0.11311403508771928,0.034626224303540884,0.263681592039801,False,0.02631578947368421
YFJ,25,49,114,4,4,0.08771929824561403,0.2,0.10241228070175439,0.032310258988343665,0.7164179104477612,False,0.16666666666666666,60,0.2,0.12074561403508771,0.040927062880536796,0.16417910447761194,False,0.07894736842105263
YFJ,25,50,114,4,4,0.09649122807017543,0.2,0.10491228070175439,0.031114155689357315,0.6218905472636815,False,0.14912280701754385,225,0.2,0.11210526315789472,0.03489056840227707,0.1691542288557214,False,0.05263157894736842
YFJ,25,51,114,4,4,0.07894736842105263,0.2,0.10478070175438596,0.03257556223880092,0.7960199004975125,False,0.11403508771929824,90,0.2,0.11662280701754386,0.034842188406998736,0.582089552238806,False,0.03508771929824561
YFJ,25,52,114,4,4,0.07894736842105263,0.2,0.10723684210526314,0.033572105420074765,0.8507462686567164,False,0.13157894736842105,300,0.5,0.10907894736842104,0.03384899629105363,0.32338308457711445,False,0.05263157894736842
YFJ,25,53,114,4,4,0.10526315789473684,0.5,0.10758771929824562,0.03183452635713071,0.5870646766169154,False,0.13157894736842105,90,0.5,0.11956140350877192,0.036058487529386646,0.38308457711442784,False,0.02631578947368421
YFJ,25,54,114,4,4,0.07017543859649122,0.5,0.10214912280701753,0.03196083870522334,0.8756218905472637,False,0.13157894736842105,90,0.2,0.11298245614035088,0.03781967744398889,0.30845771144278605,False,0.06140350877192982
YFJ,25,55,114,4,4,0.06140350877192982,0.2,0.10710526315789473,0.03187230884449216,0.9303482587064676,False,0.14035087719298245,60,0.8,0.11785087719298244,0.03662523859822724,0.24875621890547264,False,0.07894736842105263
YFJ,25,56,114,4,4,0.11403508771929824,0.2,0.10885964912280702,0.03452325209011351,0.4577114427860697,False,0.17543859649122806,150,0.8,0.11438596491228069,0.03651170259533634,0.07462686567164178,False,0.06140350877192982
YFJ,25,57,114,4,4,0.05263157894736842,0.5,0.10302631578947366,0.031658161493911145,0.9701492537313433,False,0.12280701754385964,300,0.5,0.1093421052631579,0.03347337033507637,0.373134328358209,False,0.07017543859649122
YFJ,25,58,114,4,4,0.10526315789473684,0.2,0.10706140350877191,0.03353592093487646,0.5472636815920398,False,0.16666666666666666,225,0.2,0.11,0.03786341073306898,0.10945273631840796,False,0.06140350877192982
YFJ,25,59,114,4,4,0.07017543859649122,0.8,0.10692982456140349,0.031748323770620125,0.9154228855721394,False,0.13157894736842105,300,0.2,0.11232456140350877,0.034685358305433484,0.31343283582089554,False,0.06140350877192982
YFJ,25,60,114,4,4,0.043859649122807015,0.2,0.10587719298245613,0.031085186433039237,0.9950248756218906,False,0.10526315789473684,90,0.5,0.11719298245614035,0.03754755889531942,0.6616915422885572,False,0.06140350877192982
YFJ,25,61,114,4,4,0.12280701754385964,0.2,0.1069736842105263,0.03557687663262729,0.35323383084577115,False,0.16666666666666666,90,0.5,0.11394736842105263,0.035153667197140165,0.08955223880597014,False,0.043859649122807015
YFJ,25,62,114,4,4,0.08771929824561403,0.2,0.10600877192982455,0.03246355567424812,0.7213930348258707,False,0.17543859649122806,450,0.2,0.1082456140350877,0.03325970794048688,0.04477611940298507,True,0.08771929824561403
YFJ,26,27,114,4,4,0.08771929824561403,0.5,0.10912280701754386,0.031629354305760235,0.8208955223880597,False,0.16666666666666666,100,0.5,0.11557017543859648,0.032803143220913294,0.07960199004975124,False,0.07894736842105263
YFJ,26,28,114,4,4,0.05263157894736842,0.5,0.10425438596491227,0.03387868384147144,0.9800995024875622,False,0.18421052631578946,100,0.2,0.11421052631578948,0.033044166751188084,0.03980099502487562,True,0.13157894736842105
YFJ,26,29,114,4,4,0.14035087719298245,0.2,0.10692982456140351,0.031269730226928485,0.14427860696517414,False,0.15789473684210525,75,0.2,0.11710526315789473,0.03428227894468133,0.11940298507462686,False,0.017543859649122806
YFJ,26,38,114,4,4,0.10526315789473684,0.2,0.10543859649122807,0.0308786355685548,0.5472636815920398,False,0.19298245614035087,60,0.5,0.12228070175438596,0.031897169250383356,0.024875621890547265,True,0.08771929824561403
YFJ,26,39,114,4,4,0.08771929824561403,0.2,0.10469298245614034,0.03154902610407027,0.736318407960199,False,0.16666666666666666,90,0.8,0.11692982456140351,0.033279117181794306,0.1044776119402985,False,0.07894736842105263
YFJ,26,40,114,4,4,0.09649122807017543,0.2,0.10271929824561404,0.032710510008885946,0.582089552238806,False,0.14035087719298245,60,0.2,0.121359649122807,0.031813871192354994,0.2935323383084577,False,0.043859649122807015
YFJ,26,41,114,4,4,0.09649122807017543,0.2,0.10105263157894737,0.03151079463848011,0.6019900497512438,False,0.15789473684210525,100,0.2,0.11254385964912281,0.03281106935808236,0.0945273631840796,False,0.06140350877192982
YFJ,26,42,114,4,4,0.09649122807017543,0.2,0.10175438596491228,0.030929183706355175,0.6169154228855721,False,0.17543859649122806,90,0.2,0.11407894736842106,0.03350362155337503,0.04477611940298507,True,0.07894736842105263
YFJ,26,43,114,4,4,0.08771929824561403,0.2,0.1074561403508772,0.029623318228144204,0.8009950248756219,False,0.17543859649122806,75,0.2,0.11719298245614035,0.03588359479597319,0.06467661691542288,False,0.08771929824561403
YFJ,26,44,114,4,4,0.12280701754385964,0.2,0.10381578947368421,0.032212457665105075,0.3034825870646766,False,0.20175438596491227,100,0.2,0.11609649122807017,0.035904466442116395,0.024875621890547265,True,0.07894736842105263
YFJ,26,45,114,4,4,0.11403508771929824,0.5,0.10337719298245612,0.030013990220234994,0.39800995024875624,False,0.19298245614035087,60,0.2,0.12307017543859647,0.03652303237689501,0.05472636815920398,False,0.07894736842105263
YFJ,26,46,114,4,4,0.07894736842105263,0.2,0.10429824561403507,0.03239216121989539,0.8258706467661692,False,0.16666666666666666,90,0.8,0.11662280701754386,0.03436167519798313,0.12437810945273632,False,0.08771929824561403
YFJ,26,47,114,4,4,0.08771929824561403,0.8,0.10451754385964912,0.03480865730973266,0.7313432835820896,False,0.14912280701754385,90,0.2,0.12258771929824562,0.032352117482353136,0.208955223880597,False,0.06140350877192982
YFJ,26,48,114,4,4,0.08771929824561403,0.2,0.10675438596491225,0.037876377952153865,0.7164179104477612,False,0.11403508771929824,300,0.2,0.1100877192982456,0.033529607699406154,0.4626865671641791,False,0.02631578947368421
YFJ,26,49,114,4,4,0.09649122807017543,0.2,0.10078947368421053,0.03070320269628324,0.6069651741293532,False,0.16666666666666666,90,0.2,0.11565789473684208,0.03428597259217341,0.11442786069651742,False,0.07017543859649122
YFJ,26,50,114,4,4,0.10526315789473684,0.2,0.10478070175438596,0.033221990249602935,0.5223880597014925,False,0.16666666666666666,450,0.8,0.10767543859649123,0.03276186098916869,0.05970149253731343,False,0.06140350877192982
YFJ,26,51,114,4,4,0.07894736842105263,0.2,0.1045175438596491,0.03429386607734529,0.8059701492537313,False,0.17543859649122806,90,0.8,0.11679824561403507,0.0347508458295503,0.07960199004975124,False,0.09649122807017543
YFJ,26,52,114,4,4,0.05263157894736842,0.5,0.10714912280701754,0.03312501314120708,0.9751243781094527,False,0.12280701754385964,100,0.2,0.11574561403508771,0.034157391197240525,0.4129353233830846,False,0.07017543859649122
YFJ,26,53,114,4,4,0.07894736842105263,0.5,0.10486842105263157,0.03200194598800974,0.8109452736318408,False,0.14035087719298245,100,0.2,0.11368421052631579,0.034384651481643685,0.25870646766169153,False,0.06140350877192982
YFJ,26,54,114,4,4,0.07894736842105263,0.2,0.10214912280701753,0.032057477822452655,0.8258706467661692,False,0.17543859649122806,90,0.8,0.11657894736842103,0.032174173277108205,0.05472636815920398,False,0.09649122807017543
YFJ,26,55,114,4,4,0.07894736842105263,0.8,0.10688596491228068,0.03363700146002332,0.835820895522388,False,0.17543859649122806,100,0.2,0.11723684210526315,0.03297643327092702,0.07462686567164178,False,0.09649122807017543
YFJ,26,56,114,4,4,0.10526315789473684,0.2,0.10614035087719298,0.03260881053132727,0.5472636815920398,False,0.20175438596491227,60,0.2,0.12236842105263157,0.03464132422445634,0.01990049751243781,True,0.09649122807017543
YFJ,26,57,114,4,4,0.10526315789473684,0.2,0.10399122807017544,0.03282623859358099,0.5373134328358209,False,0.18421052631578946,60,0.2,0.11675438596491226,0.03397228614537894,0.05472636815920398,False,0.07894736842105263
YFJ,26,58,114,4,4,0.11403508771929824,0.2,0.10495614035087719,0.03439069532077413,0.4427860696517413,False,0.18421052631578946,90,0.8,0.11671052631578945,0.03287096910893689,0.04477611940298507,True,0.07017543859649122
YFJ,26,59,114,4,4,0.05263157894736842,0.2,0.10236842105263158,0.030426404709145354,0.9701492537313433,False,0.15789473684210525,100,0.2,0.11258771929824561,0.030838758056799427,0.1044776119402985,False,0.10526315789473684
YFJ,26,60,114,4,4,0.05263157894736842,0.2,0.10416666666666666,0.028724541031050464,0.9800995024875622,False,0.13157894736842105,75,0.2,0.11535087719298247,0.02996076888252468,0.3283582089552239,False,0.07894736842105263
YFJ,26,61,114,4,4,0.08771929824561403,0.8,0.10368421052631578,0.031237191927577054,0.7412935323383084,False,0.20175438596491227,100,0.2,0.11385964912280702,0.030778295290348298,0.009950248756218905,True,0.11403508771929824
YFJ,26,62,114,4,4,0.07017543859649122,0.2,0.10403508771929822,0.03275126666297947,0.900497512437811,False,0.17543859649122806,100,0.5,0.11307017543859649,0.03304217743228213,0.05472636815920398,False,0.10526315789473684
YFJ,27,28,114,4,4,0.05263157894736842,0.2,0.11008771929824562,0.033344583447459566,0.9850746268656716,False,0.16666666666666666,450,0.8,0.1100438596491228,0.03272478061175177,0.0845771144278607,False,0.11403508771929824
YFJ,27,29,114,4,4,0.15789473684210525,0.2,0.10837719298245614,0.03439654137308051,0.10945273631840796,False,0.19298245614035087,300,0.5,0.11228070175438595,0.03512076377516412,0.03482587064676617,True,0.03508771929824561
YFJ,27,38,114,4,4,0.14912280701754385,0.2,0.11021929824561402,0.03083625028510954,0.15920398009950248,False,0.16666666666666666,60,0.8,0.12285087719298245,0.033813794235155015,0.13930348258706468,False,0.017543859649122806
YFJ,27,39,114,4,4,0.14035087719298245,0.8,0.10688596491228068,0.02814168000769177,0.14427860696517414,False,0.16666666666666666,75,0.2,0.1170175438596491,0.03570427184204197,0.13930348258706468,False,0.02631578947368421
YFJ,27,40,114,4,4,0.12280701754385964,0.2,0.10596491228070175,0.03307223848424909,0.3582089552238806,False,0.12280701754385964,300,0.5,0.11539473684210526,0.03436505088998893,0.46766169154228854,False,0.0
YFJ,27,41,114,4,4,0.09649122807017543,0.2,0.10486842105263157,0.03164961066482384,0.6417910447761194,False,0.16666666666666666,450,0.5,0.1075438596491228,0.03374216267260048,0.06965174129353234,False,0.07017543859649122
YFJ,27,42,114,4,4,0.08771929824561403,0.2,0.10460526315789473,0.03457638412254092,0.7114427860696517,False,0.16666666666666666,60,0.8,0.1206140350877193,0.03666926286857091,0.14925373134328357,False,0.07894736842105263
YFJ,27,43,114,4,4,0.17543859649122806,0.8,0.1069736842105263,0.03150757335183251,0.04477611940298507,True,0.22807017543859648,75,0.8,0.11934210526315789,0.03223789536134545,0.004975124378109453,True,0.05263157894736842
YFJ,27,44,114,4,4,0.14912280701754385,0.5,0.10780701754385964,0.03392900758916372,0.14925373134328357,False,0.14912280701754385,60,0.8,0.1205701754385965,0.034239928636862524,0.22388059701492538,False,0.0
YFJ,27,45,114,4,4,0.14035087719298245,0.8,0.10697368421052632,0.03321617029467694,0.1791044776119403,False,0.21929824561403508,450,0.2,0.11109649122807017,0.03414131278726817,0.004975124378109453,True,0.07894736842105263
YFJ,27,46,114,4,4,0.08771929824561403,0.5,0.10600877192982455,0.03034582285433324,0.7761194029850746,False,0.14912280701754385,75,0.2,0.11456140350877192,0.035738910128999844,0.1890547263681592,False,0.06140350877192982
YFJ,27,47,114,4,4,0.12280701754385964,0.2,0.1055701754385965,0.033869551982138826,0.31343283582089554,False,0.18421052631578946,300,0.5,0.11416666666666667,0.03438057480419422,0.04477611940298507,True,0.06140350877192982
YFJ,27,48,114,4,4,0.08771929824561403,0.8,0.10710526315789473,0.032698686989571304,0.7761194029850746,False,0.13157894736842105,300,0.2,0.1099561403508772,0.03158332445886304,0.2835820895522388,False,0.043859649122807015
YFJ,27,49,114,4,4,0.07894736842105263,0.2,0.10526315789473684,0.03304463480882037,0.8208955223880597,False,0.15789473684210525,225,0.8,0.11153508771929825,0.03515792918261231,0.11442786069651742,False,0.07894736842105263
YFJ,27,50,114,4,4,0.07894736842105263,0.2,0.10802631578947366,0.03167745345209613,0.8557213930348259,False,0.16666666666666666,450,0.8,0.10833333333333334,0.03337935361691412,0.07462686567164178,False,0.08771929824561403
YFJ,27,51,114,4,4,0.11403508771929824,0.2,0.10504385964912279,0.029593118245795455,0.42786069651741293,False,0.14912280701754385,75,0.5,0.11894736842105263,0.03278194833972207,0.22388059701492538,False,0.03508771929824561
YFJ,27,52,114,4,4,0.13157894736842105,0.2,0.10877192982456141,0.030208183582794437,0.24875621890547264,False,0.14912280701754385,300,0.2,0.11394736842105262,0.033990492209773224,0.18407960199004975,False,0.017543859649122806
YFJ,27,53,114,4,4,0.12280701754385964,0.2,0.10526315789473684,0.0325850864026638,0.31343283582089554,False,0.12280701754385964,225,0.2,0.11232456140350877,0.03496294375139191,0.43283582089552236,False,0.0
YFJ,27,54,114,4,4,0.10526315789473684,0.8,0.10649122807017544,0.028509738283759547,0.572139303482587,False,0.14035087719298245,75,0.2,0.11530701754385964,0.03570381157617424,0.31840796019900497,False,0.03508771929824561
YFJ,27,55,114,4,4,0.09649122807017543,0.5,0.10885964912280702,0.032468468509806364,0.6666666666666666,False,0.14912280701754385,75,0.8,0.11995614035087719,0.035317697126990476,0.23383084577114427,False,0.05263157894736842
YFJ,27,56,114,4,4,0.14035087719298245,0.2,0.10850877192982455,0.033281440882862785,0.24378109452736318,False,0.17543859649122806,225,0.2,0.1144736842105263,0.034270998168151934,0.06467661691542288,False,0.03508771929824561
YFJ,27,57,114,4,4,0.11403508771929824,0.2,0.10346491228070175,0.031977771633129114,0.42786069651741293,False,0.15789473684210525,75,0.8,0.11706140350877192,0.03258030983360624,0.14427860696517414,False,0.043859649122807015
YFJ,27,58,114,4,4,0.15789473684210525,0.5,0.10890350877192981,0.0327422632190033,0.08955223880597014,False,0.18421052631578946,150,0.5,0.11328947368421051,0.028110060209763744,0.009950248756218905,True,0.02631578947368421
YFJ,27,59,114,4,4,0.07017543859649122,0.5,0.10714912280701754,0.030877602473381272,0.9303482587064676,False,0.14912280701754385,90,0.5,0.11526315789473685,0.03461106193608263,0.1890547263681592,False,0.07894736842105263
YFJ,27,60,114,4,4,0.07894736842105263,0.2,0.10644736842105262,0.032139151983358774,0.8656716417910447,False,0.10526315789473684,90,0.8,0.1207017543859649,0.035101381453723685,0.6666666666666666,False,0.02631578947368421
YFJ,27,61,114,4,4,0.15789473684210525,0.5,0.10649122807017543,0.031054447026217062,0.05472636815920398,False,0.17543859649122806,60,0.8,0.1213157894736842,0.03216840415142845,0.06965174129353234,False,0.017543859649122806
YFJ,27,62,114,4,4,0.13157894736842105,0.8,0.10706140350877191,0.028062150344946763,0.24875621890547264,False,0.14912280701754385,75,0.8,0.11679824561403507,0.031210164331992023,0.20398009950248755,False,0.017543859649122806
YFJ,28,29,114,4,4,0.07894736842105263,0.2,0.10438596491228071,0.03365909390075864,0.8059701492537313,False,0.19298245614035087,75,0.2,0.11539473684210524,0.034823317257976764,0.024875621890547265,True,0.11403508771929824
YFJ,28,38,114,4,4,0.07894736842105263,0.8,0.10833333333333332,0.03086348004023949,0.8955223880597015,False,0.18421052631578946,75,0.8,0.11736842105263158,0.033261102994194616,0.03980099502487562,True,0.10526315789473684
YFJ,28,39,114,4,4,0.08771929824561403,0.2,0.10578947368421053,0.031309892440140305,0.7164179104477612,False,0.16666666666666666,75,0.2,0.1137280701754386,0.03534440077014367,0.0845771144278607,False,0.07894736842105263
YFJ,28,40,114,4,4,0.06140350877192982,0.2,0.10535087719298245,0.03210680230960979,0.9502487562189055,False,0.16666666666666666,75,0.5,0.11798245614035087,0.032736033157856455,0.0845771144278607,False,0.10526315789473684
YFJ,28,41,114,4,4,0.08771929824561403,0.2,0.1069736842105263,0.03542439092123724,0.746268656716418,False,0.14912280701754385,75,0.2,0.11605263157894737,0.03623392338373256,0.24875621890547264,False,0.06140350877192982
YFJ,28,42,114,4,4,0.09649122807017543,0.2,0.10482456140350876,0.03321678143785835,0.6318407960199005,False,0.18421052631578946,450,0.2,0.10464912280701753,0.032626710819651995,0.014925373134328358,True,0.08771929824561403
YFJ,28,43,114,4,4,0.07894736842105263,0.2,0.1056140350877193,0.03326435789198814,0.8407960199004975,False,0.21052631578947367,75,0.5,0.11894736842105262,0.03678391562567199,0.024875621890547265,True,0.13157894736842105
YFJ,28,44,114,4,4,0.07894736842105263,0.2,0.10442982456140351,0.032485226107540614,0.8308457711442786,False,0.20175438596491227,90,0.8,0.11828947368421051,0.03537283328656539,0.024875621890547265,True,0.12280701754385964
YFJ,28,45,114,4,4,0.09649122807017543,0.2,0.10872807017543858,0.03230978029213235,0.6865671641791045,False,0.17543859649122806,225,0.8,0.11153508771929824,0.033709343996557645,0.04975124378109453,True,0.07894736842105263
YFJ,28,46,114,4,4,0.03508771929824561,0.8,0.10929824561403506,0.03377194413626271,0.9950248756218906,False,0.13157894736842105,60,0.5,0.11403508771929825,0.031240162607261784,0.34328358208955223,False,0.09649122807017543
YFJ,28,47,114,4,4,0.06140350877192982,0.5,0.1045175438596491,0.03435019536375641,0.9303482587064676,False,0.16666666666666666,60,0.2,0.1195175438596491,0.035235489550420954,0.13930348258706468,False,0.10526315789473684
YFJ,28,48,114,4,4,0.043859649122807015,0.2,0.10706140350877191,0.03166182542801976,0.9900497512437811,False,0.15789473684210525,100,0.5,0.1187280701754386,0.03170551570103367,0.1791044776119403,False,0.11403508771929824
YFJ,28,49,114,4,4,0.09649122807017543,0.5,0.10280701754385965,0.032108849580174535,0.6019900497512438,False,0.17543859649122806,450,0.2,0.1037719298245614,0.03325587124104046,0.03482587064676617,True,0.07894736842105263
YFJ,28,50,114,4,4,0.09649122807017543,0.2,0.1045175438596491,0.029083595846425402,0.6666666666666666,False,0.15789473684210525,75,0.8,0.118859649122807,0.0367745588868042,0.21890547263681592,False,0.06140350877192982
YFJ,28,51,114,4,4,0.07017543859649122,0.5,0.10728070175438598,0.03222364912555979,0.9353233830845771,False,0.14912280701754385,75,0.5,0.11407894736842106,0.03744916070353327,0.20398009950248755,False,0.07894736842105263
YFJ,28,52,114,4,4,0.08771929824561403,0.2,0.11008771929824562,0.03239168373406538,0.7960199004975125,False,0.13157894736842105,100,0.5,0.1192543859649123,0.03612049549198282,0.4228855721393035,False,0.043859649122807015
YFJ,28,53,114,4,4,0.06140350877192982,0.2,0.11074561403508772,0.03508151999365588,0.9552238805970149,False,0.17543859649122806,90,0.8,0.1173684210526316,0.033985600288311574,0.07462686567164178,False,0.11403508771929824
YFJ,28,54,114,4,4,0.043859649122807015,0.5,0.10635964912280702,0.03210617003790538,0.9900497512437811,False,0.13157894736842105,60,0.5,0.11390350877192983,0.03251948827630141,0.3333333333333333,False,0.08771929824561403
YFJ,28,55,114,4,4,0.06140350877192982,0.8,0.10942982456140349,0.03117743984587818,0.9601990049751243,False,0.17543859649122806,100,0.2,0.11640350877192981,0.03533709757779192,0.07462686567164178,False,0.11403508771929824
YFJ,28,56,114,4,4,0.07894736842105263,0.2,0.10513157894736841,0.031246072182090395,0.835820895522388,False,0.18421052631578946,75,0.5,0.1214035087719298,0.03544340569109023,0.06467661691542288,False,0.10526315789473684
YFJ,28,57,114,4,4,0.07894736842105263,0.8,0.10706140350877191,0.03245783798405653,0.845771144278607,False,0.14035087719298245,75,0.2,0.11267543859649122,0.035077772327179756,0.23880597014925373,False,0.06140350877192982
YFJ,28,58,114,4,4,0.11403508771929824,0.2,0.1067982456140351,0.03330614921825785,0.46766169154228854,False,0.19298245614035087,450,0.5,0.10574561403508773,0.033523235603546246,0.014925373134328358,True,0.07894736842105263
YFJ,28,59,114,4,4,0.03508771929824561,0.2,0.10666666666666666,0.03168797970771816,0.9950248756218906,False,0.18421052631578946,90,0.2,0.11793859649122808,0.03467420866547405,0.03980099502487562,True,0.14912280701754385
YFJ,28,60,114,4,4,0.02631578947368421,0.2,0.1068859649122807,0.032846021702145484,0.9950248756218906,False,0.14035087719298245,100,0.2,0.11228070175438595,0.03384239869470795,0.22885572139303484,False,0.11403508771929824
YFJ,28,61,114,4,4,0.043859649122807015,0.2,0.10394736842105262,0.033725083748851185,0.9900497512437811,False,0.21929824561403508,75,0.5,0.11855263157894737,0.034610363692915466,0.014925373134328358,True,0.17543859649122806
YFJ,28,62,114,4,4,0.09649122807017543,0.5,0.10605263157894736,0.031230135430807673,0.6616915422885572,False,0.19298245614035087,75,0.2,0.1137280701754386,0.03504777656877688,0.024875621890547265,True,0.09649122807017543
YFJ,29,38,114,4,4,0.13157894736842105,0.2,0.1075,0.030169726870455917,0.263681592039801,False,0.21052631578947367,300,0.2,0.10951754385964911,0.030526223322563405,0.009950248756218905,True,0.07894736842105263
YFJ,29,39,114,4,4,0.14912280701754385,0.8,0.10267543859649124,0.03319404515972692,0.12935323383084577,False,0.21052631578947367,180,0.5,0.1069736842105263,0.03061122532927156,0.004975124378109453,True,0.06140350877192982
YFJ,29,40,114,4,4,0.13157894736842105,0.2,0.10026315789473683,0.033038900645913805,0.20398009950248755,False,0.14912280701754385,225,0.5,0.10969298245614034,0.03265617748191561,0.11940298507462686,False,0.017543859649122806
YFJ,29,41,114,4,4,0.13157894736842105,0.2,0.10210526315789473,0.03223960448660129,0.1890547263681592,False,0.22807017543859648,180,0.8,0.11232456140350877,0.03243877173815486,0.009950248756218905,True,0.09649122807017543
YFJ,29,42,114,4,4,0.12280701754385964,0.2,0.10254385964912281,0.034893117233916665,0.31343283582089554,False,0.21929824561403508,90,0.8,0.11399122807017545,0.0317008810425309,0.009950248756218905,True,0.09649122807017543
YFJ,29,43,114,4,4,0.14912280701754385,0.5,0.10285087719298244,0.03051304709090142,0.0945273631840796,False,0.20175438596491227,180,0.5,0.11048245614035088,0.03294029875300985,0.01990049751243781,True,0.05263157894736842
YFJ,29,44,114,4,4,0.15789473684210525,0.5,0.10381578947368421,0.03317050646256499,0.06965174129353234,False,0.24561403508771928,180,0.2,0.11078947368421051,0.03264803608899375,0.004975124378109453,True,0.08771929824561403
YFJ,29,45,114,4,4,0.13157894736842105,0.2,0.10600877192982455,0.03393114433890978,0.26865671641791045,False,0.21929824561403508,180,0.8,0.11293859649122806,0.03324223574989784,0.004975124378109453,True,0.08771929824561403
YFJ,29,46,114,4,4,0.12280701754385964,0.5,0.10057017543859648,0.03236932354620981,0.2537313432835821,False,0.18421052631578946,180,0.5,0.10671052631578946,0.03015408681612758,0.009950248756218905,True,0.06140350877192982
YFJ,29,47,114,4,4,0.12280701754385964,0.5,0.10232456140350876,0.033234557873998226,0.2835820895522388,False,0.17543859649122806,75,0.2,0.11842105263157894,0.032299037680430076,0.07960199004975124,False,0.05263157894736842
YFJ,29,48,114,4,4,0.06140350877192982,0.2,0.10385964912280703,0.03398423497524915,0.9203980099502488,False,0.14912280701754385,180,0.8,0.11039473684210524,0.03237410138550567,0.13432835820895522,False,0.08771929824561403
YFJ,29,49,114,4,4,0.12280701754385964,0.2,0.10346491228070175,0.03473660055465783,0.3333333333333333,False,0.21929824561403508,180,0.2,0.11346491228070174,0.030093758173034175,0.004975124378109453,True,0.09649122807017543
YFJ,29,50,114,4,4,0.14035087719298245,0.8,0.10285087719298244,0.02919188165271072,0.14925373134328357,False,0.19298245614035087,75,0.5,0.1195175438596491,0.03486038383431721,0.029850746268656716,True,0.05263157894736842
YFJ,29,51,114,4,4,0.15789473684210525,0.2,0.10197368421052631,0.03087209204858646,0.05970149253731343,False,0.19298245614035087,300,0.8,0.10679824561403507,0.031516653468106545,0.014925373134328358,True,0.03508771929824561
YFJ,29,52,114,4,4,0.15789473684210525,0.2,0.10776315789473685,0.033812421984730195,0.11442786069651742,False,0.16666666666666666,90,0.2,0.1212719298245614,0.03419970238623918,0.0945273631840796,False,0.008771929824561403
YFJ,29,53,114,4,4,0.10526315789473684,0.5,0.10276315789473683,0.03258956565419926,0.48756218905472637,False,0.14912280701754385,180,0.2,0.11083333333333334,0.03367261800395034,0.14925373134328357,False,0.043859649122807015
YFJ,29,54,114,4,4,0.11403508771929824,0.5,0.10429824561403508,0.034181070422292376,0.40298507462686567,False,0.18421052631578946,180,0.5,0.10758771929824562,0.029344338995583554,0.004975124378109453,True,0.07017543859649122
YFJ,29,55,114,4,4,0.10526315789473684,0.2,0.1044298245614035,0.032604037437911196,0.5174129353233831,False,0.18421052631578946,75,0.5,0.11964912280701753,0.034555157897859616,0.05970149253731343,False,0.07894736842105263
YFJ,29,56,114,4,4,0.15789473684210525,0.8,0.10596491228070175,0.03214736211263019,0.06965174129353234,False,0.21052631578947367,150,0.2,0.11460526315789472,0.03519859828100563,0.014925373134328358,True,0.05263157894736842
YFJ,29,57,114,4,4,0.15789473684210525,0.2,0.10346491228070175,0.03473660055465783,0.09950248756218906,False,0.21052631578947367,225,0.8,0.10798245614035086,0.03404050867922382,0.014925373134328358,True,0.05263157894736842
YFJ,29,58,114,4,4,0.21052631578947367,0.8,0.10293859649122805,0.03409824876559064,0.009950248756218905,True,0.22807017543859648,180,0.8,0.10828947368421053,0.03358546307568196,0.004975124378109453,True,0.017543859649122806
YFJ,29,59,114,4,4,0.13157894736842105,0.5,0.10293859649122807,0.03358408149561426,0.23383084577114427,False,0.20175438596491227,300,0.2,0.10763157894736843,0.03133544584661359,0.004975124378109453,True,0.07017543859649122
YFJ,29,60,114,4,4,0.09649122807017543,0.2,0.10767543859649123,0.032513066869872376,0.6666666666666666,False,0.18421052631578946,300,0.8,0.10837719298245613,0.03250069614204204,0.014925373134328358,True,0.08771929824561403
YFJ,29,61,114,4,4,0.08771929824561403,0.2,0.10153508771929826,0.029930909386381672,0.7412935323383084,False,0.18421052631578946,75,0.8,0.1188157894736842,0.033403063477118494,0.03482587064676617,True,0.09649122807017543
YFJ,29,62,114,4,4,0.14035087719298245,0.5,0.10504385964912281,0.03171234448949171,0.15422885572139303,False,0.21929824561403508,300,0.8,0.1075438596491228,0.02894316047413141,0.009950248756218905,True,0.07894736842105263
YFJ,38,39,114,4,4,0.12280701754385964,0.2,0.10798245614035087,0.0315283372009008,0.31343283582089554,False,0.20175438596491227,300,0.2,0.10929824561403506,0.03397740758700208,0.009950248756218905,True,0.07894736842105263
YFJ,38,40,114,4,4,0.07894736842105263,0.2,0.1044736842105263,0.032717601769706596,0.8407960199004975,False,0.12280701754385964,75,0.2,0.12026315789473685,0.03368883402251715,0.4975124378109453,False,0.043859649122807015
YFJ,38,41,114,4,4,0.14035087719298245,0.5,0.10627192982456139,0.030806141101527074,0.17412935323383086,False,0.14912280701754385,225,0.2,0.11298245614035085,0.034178468490379046,0.12437810945273632,False,0.008771929824561403
YFJ,38,42,114,4,4,0.13157894736842105,0.5,0.10539473684210526,0.032979950750899295,0.25870646766169153,False,0.16666666666666666,225,0.2,0.11017543859649123,0.0354673983007217,0.06965174129353234,False,0.03508771929824561
YFJ,38,43,114,4,4,0.10526315789473684,0.8,0.10631578947368421,0.02986783218008778,0.5223880597014925,False,0.22807017543859648,75,0.2,0.11592105263157894,0.03483197705450104,0.004975124378109453,True,0.12280701754385964
YFJ,38,44,114,4,4,0.13157894736842105,0.2,0.10644736842105264,0.031982366166629306,0.22885572139303484,False,0.17543859649122806,90,0.2,0.11482456140350877,0.0348243443335715,0.07960199004975124,False,0.043859649122807015
YFJ,38,45,114,4,4,0.13157894736842105,0.2,0.10706140350877191,0.030732248932909642,0.23880597014925373,False,0.19298245614035087,180,0.5,0.11092105263157893,0.031730141205979806,0.01990049751243781,True,0.06140350877192982
YFJ,38,46,114,4,4,0.09649122807017543,0.2,0.1056140350877193,0.03063827646395593,0.6467661691542289,False,0.14912280701754385,100,0.8,0.1144736842105263,0.035490394156488504,0.1890547263681592,False,0.05263157894736842
YFJ,38,47,114,4,4,0.14912280701754385,0.5,0.10355263157894734,0.0295965152408437,0.1044776119402985,False,0.17543859649122806,300,0.2,0.10679824561403509,0.03016254883603519,0.029850746268656716,True,0.02631578947368421
YFJ,38,48,114,4,4,0.12280701754385964,0.2,0.10732456140350877,0.034171877928739054,0.3482587064676617,False,0.16666666666666666,300,0.2,0.11210526315789472,0.03302309729146075,0.0845771144278607,False,0.043859649122807015
YFJ,38,49,114,4,4,0.14035087719298245,0.5,0.10710526315789473,0.03395179265347361,0.208955223880597,False,0.17543859649122806,100,0.8,0.11407894736842104,0.03201644183944952,0.04477611940298507,True,0.03508771929824561
YFJ,38,50,114,4,4,0.15789473684210525,0.5,0.1100438596491228,0.03255894020533742,0.10945273631840796,False,0.15789473684210525,75,0.5,0.1187719298245614,0.033426698681724765,0.12935323383084577,False,0.0
YFJ,38,51,114,4,4,0.09649122807017543,0.2,0.10723684210526314,0.031602417395271934,0.6517412935323383,False,0.18421052631578946,300,0.5,0.11153508771929825,0.033743738312117404,0.024875621890547265,True,0.08771929824561403
YFJ,38,52,114,4,4,0.06140350877192982,0.8,0.10991228070175438,0.03245322140553953,0.9552238805970149,False,0.14912280701754385,60,0.5,0.12464912280701754,0.03680440803009223,0.2537313432835821,False,0.08771929824561403
YFJ,38,53,114,4,4,0.08771929824561403,0.2,0.10798245614035087,0.03179700298836344,0.7910447761194029,False,0.15789473684210525,100,0.5,0.11535087719298247,0.035772542075858574,0.12437810945273632,False,0.07017543859649122
YFJ,38,54,114,4,4,0.08771929824561403,0.8,0.1075438596491228,0.0284988861124236,0.8059701492537313,False,0.14912280701754385,60,0.5,0.1162719298245614,0.03404740858959003,0.17412935323383086,False,0.06140350877192982
YFJ,38,55,114,4,4,0.09649122807017543,0.2,0.11087719298245613,0.02892712459253359,0.7562189054726368,False,0.16666666666666666,75,0.2,0.11552631578947366,0.034767893530236446,0.09950248756218906,False,0.07017543859649122
YFJ,38,56,114,4,4,0.14912280701754385,0.2,0.10539473684210526,0.0334571943490472,0.10945273631840796,False,0.19298245614035087,75,0.2,0.11859649122807017,0.03449826661750868,0.029850746268656716,True,0.043859649122807015
YFJ,38,57,114,4,4,0.11403508771929824,0.2,0.1056578947368421,0.03471433060992131,0.44776119402985076,False,0.15789473684210525,60,0.8,0.11714912280701753,0.03575251270840356,0.13432835820895522,False,0.043859649122807015
YFJ,38,58,114,4,4,0.11403508771929824,0.5,0.1081140350877193,0.03449801442972082,0.43781094527363185,False,0.18421052631578946,100,0.5,0.11728070175438596,0.033570636905280504,0.04975124378109453,True,0.07017543859649122
YFJ,38,59,114,4,4,0.07894736842105263,0.5,0.10763157894736841,0.03267644813236226,0.8507462686567164,False,0.15789473684210525,60,0.8,0.1194736842105263,0.03681459743931748,0.1890547263681592,False,0.07894736842105263
YFJ,38,60,114,4,4,0.11403508771929824,0.5,0.10776315789473685,0.03324735334879382,0.44776119402985076,False,0.14912280701754385,150,0.5,0.11592105263157894,0.03241707025067323,0.16417910447761194,False,0.03508771929824561
YFJ,38,61,114,4,4,0.08771929824561403,0.2,0.10789473684210524,0.03149901233240461,0.7263681592039801,False,0.20175438596491227,75,0.5,0.11719298245614035,0.03325505733879735,0.014925373134328358,True,0.11403508771929824
YFJ,38,62,114,4,4,0.11403508771929824,0.2,0.1082017543859649,0.03179563490393852,0.472636815920398,False,0.16666666666666666,100,0.5,0.11574561403508771,0.03509540491512537,0.11442786069651742,False,0.05263157894736842
YFJ,39,40,114,4,4,0.16666666666666666,0.2,0.10162280701754384,0.03172258491591988,0.04477611940298507,True,0.16666666666666666,900,0.2,0.10162280701754384,0.03172258491591988,0.04477611940298507,True,0.0
YFJ,39,41,114,4,4,0.14912280701754385,0.5,0.10171052631578947,0.03164716714644515,0.11940298507462686,False,0.14912280701754385,450,0.2,0.10315789473684209,0.032013331824452304,0.10945273631840796,False,0.0
YFJ,39,42,114,4,4,0.07894736842105263,0.5,0.10048245614035087,0.032284638773060204,0.7960199004975125,False,0.16666666666666666,225,0.8,0.10548245614035087,0.03526839557530548,0.06467661691542288,False,0.08771929824561403
YFJ,39,43,114,4,4,0.13157894736842105,0.8,0.10149122807017542,0.028893286446289013,0.15422885572139303,False,0.18421052631578946,75,0.8,0.11337719298245615,0.03265546704119242,0.03980099502487562,True,0.05263157894736842
YFJ,39,44,114,4,4,0.10526315789473684,0.2,0.10706140350877191,0.030669275398629615,0.5621890547263682,False,0.19298245614035087,180,0.2,0.1100438596491228,0.033541685408607885,0.029850746268656716,True,0.08771929824561403
YFJ,39,45,114,4,4,0.14912280701754385,0.2,0.10666666666666666,0.03280317268965379,0.11940298507462686,False,0.20175438596491227,75,0.8,0.11543859649122806,0.03195530332112412,0.024875621890547265,True,0.05263157894736842
YFJ,39,46,114,4,4,0.15789473684210525,0.2,0.09337719298245613,0.026974584611140922,0.029850746268656716,True,0.17543859649122806,450,0.2,0.09513157894736843,0.028954614007224586,0.01990049751243781,True,0.017543859649122806
YFJ,39,47,114,4,4,0.15789473684210525,0.2,0.10429824561403508,0.03134876978992123,0.06467661691542288,False,0.17543859649122806,225,0.8,0.11293859649122806,0.03343939172656608,0.04975124378109453,True,0.017543859649122806
YFJ,39,48,114,4,4,0.09649122807017543,0.2,0.10723684210526314,0.0337215006624808,0.6567164179104478,False,0.15789473684210525,225,0.8,0.10973684210526315,0.03498828810352508,0.12437810945273632,False,0.06140350877192982
YFJ,39,49,114,4,4,0.08771929824561403,0.5,0.10030701754385964,0.03248498804946754,0.6865671641791045,False,0.15789473684210525,225,0.8,0.10535087719298245,0.03388795586734977,0.0845771144278607,False,0.07017543859649122
YFJ,39,50,114,4,4,0.12280701754385964,0.5,0.10399122807017543,0.028104832644951745,0.3283582089552239,False,0.19298245614035087,225,0.8,0.11017543859649123,0.03657307431386105,0.029850746268656716,True,0.07017543859649122
YFJ,39,51,114,4,4,0.13157894736842105,0.2,0.10491228070175439,0.03072649221889914,0.24378109452736318,False,0.19298245614035087,75,0.2,0.11166666666666664,0.035007291229661834,0.029850746268656716,True,0.06140350877192982
YFJ,39,52,114,4,4,0.14912280701754385,0.2,0.10807017543859648,0.031508340354715184,0.11442786069651742,False,0.14912280701754385,100,0.5,0.1169736842105263,0.03512381881844901,0.208955223880597,False,0.0
YFJ,39,53,114,4,4,0.07894736842105263,0.2,0.10407894736842106,0.032006537051285165,0.835820895522388,False,0.16666666666666666,225,0.2,0.10815789473684209,0.03567902968251339,0.06965174129353234,False,0.08771929824561403
YFJ,39,54,114,4,4,0.09649122807017543,0.2,0.09359649122807018,0.029628016861708937,0.4925373134328358,False,0.12280701754385964,90,0.8,0.10004385964912281,0.0326928625811311,0.2835820895522388,False,0.02631578947368421
YFJ,39,55,114,4,4,0.08771929824561403,0.5,0.10776315789473685,0.03014895716330454,0.7960199004975125,False,0.18421052631578946,60,0.2,0.11561403508771928,0.032936336797604285,0.024875621890547265,True,0.09649122807017543
YFJ,39,56,114,4,4,0.16666666666666666,0.5,0.10451754385964912,0.03132393704924477,0.05472636815920398,False,0.16666666666666666,900,0.5,0.10451754385964912,0.03132393704924477,0.05472636815920398,False,0.0
YFJ,39,57,114,4,4,0.16666666666666666,0.2,0.10004385964912281,0.02879391709916792,0.029850746268656716,True,0.17543859649122806,225,0.2,0.10916666666666666,0.03335556894191119,0.03980099502487562,True,0.008771929824561403
YFJ,39,58,114,4,4,0.17543859649122806,0.8,0.10561403508771929,0.03397740758700209,0.03482587064676617,True,0.23684210526315788,180,0.2,0.10771929824561402,0.0317455224461379,0.004975124378109453,True,0.06140350877192982
YFJ,39,59,114,4,4,0.11403508771929824,0.2,0.1018421052631579,0.032019974208487394,0.4129353233830846,False,0.12280701754385964,60,0.2,0.1162280701754386,0.034540719972645274,0.4527363184079602,False,0.008771929824561403
YFJ,39,60,114,4,4,0.08771929824561403,0.2,0.10482456140350876,0.030485314074324907,0.7611940298507462,False,0.12280701754385964,90,0.2,0.11385964912280702,0.03429592372312338,0.43781094527363185,False,0.03508771929824561
YFJ,39,61,114,4,4,0.09649122807017543,0.2,0.10460526315789473,0.030027642984286954,0.6716417910447762,False,0.19298245614035087,100,0.5,0.10929824561403506,0.034079674794934234,0.014925373134328358,True,0.09649122807017543
YFJ,39,62,114,4,4,0.11403508771929824,0.2,0.10245614035087719,0.034808462912888215,0.39303482587064675,False,0.19298245614035087,150,0.2,0.10973684210526315,0.03829143388342417,0.03482587064676617,True,0.07894736842105263
YFJ,40,41,114,4,4,0.16666666666666666,0.8,0.10109649122807017,0.03389876527281549,0.04477611940298507,True,0.16666666666666666,900,0.8,0.10109649122807017,0.03389876527281549,0.04477611940298507,True,0.0
YFJ,40,42,114,4,4,0.12280701754385964,0.2,0.09964912280701753,0.0317927465323803,0.3034825870646766,False,0.16666666666666666,60,0.5,0.11964912280701753,0.03539537168198054,0.11940298507462686,False,0.043859649122807015
YFJ,40,43,114,4,4,0.15789473684210525,0.5,0.1007017543859649,0.03022046915921889,0.06467661691542288,False,0.15789473684210525,300,0.2,0.10850877192982455,0.03533272040959485,0.13432835820895522,False,0.0
YFJ,40,44,114,4,4,0.12280701754385964,0.8,0.1057017543859649,0.0331934918424006,0.35323383084577115,False,0.19298245614035087,60,0.8,0.12285087719298245,0.03314391794897337,0.029850746268656716,True,0.07017543859649122
YFJ,40,45,114,4,4,0.18421052631578946,0.8,0.10592105263157894,0.03253684351137534,0.01990049751243781,True,0.18421052631578946,900,0.8,0.10592105263157894,0.03253684351137534,0.01990049751243781,True,0.0
YFJ,40,46,114,4,4,0.10526315789473684,0.2,0.10074561403508771,0.03280950785427088,0.47761194029850745,False,0.12280701754385964,60,0.2,0.11688596491228069,0.035208044369989575,0.4626865671641791,False,0.017543859649122806
YFJ,40,47,114,4,4,0.16666666666666666,0.5,0.10337719298245612,0.030461554555237805,0.024875621890547265,True,0.19298245614035087,225,0.8,0.11381578947368422,0.03505946914410345,0.029850746268656716,True,0.02631578947368421
YFJ,40,48,114,4,4,0.08771929824561403,0.2,0.10364035087719298,0.03085505360463857,0.7263681592039801,False,0.12280701754385964,450,0.2,0.105,0.035174779588083654,0.3681592039800995,False,0.03508771929824561
YFJ,40,49,114,4,4,0.10526315789473684,0.2,0.0993421052631579,0.031399884887269414,0.472636815920398,False,0.15789473684210525,60,0.2,0.11758771929824562,0.03483441917197946,0.14427860696517414,False,0.05263157894736842
YFJ,40,50,114,4,4,0.09649122807017543,0.2,0.10035087719298247,0.03134691958090233,0.5771144278606966,False,0.17543859649122806,450,0.5,0.10535087719298243,0.03304451779503384,0.029850746268656716,True,0.07894736842105263
YFJ,40,51,114,4,4,0.13157894736842105,0.2,0.10105263157894737,0.030462601760079283,0.208955223880597,False,0.13157894736842105,900,0.2,0.10105263157894737,0.030462601760079283,0.208955223880597,False,0.0
YFJ,40,52,114,4,4,0.09649122807017543,0.8,0.10280701754385964,0.03200028458571995,0.5771144278606966,False,0.13157894736842105,100,0.2,0.12017543859649123,0.03416081537370945,0.38308457711442784,False,0.03508771929824561
YFJ,40,53,114,4,4,0.11403508771929824,0.2,0.10320175438596489,0.03422840797019314,0.44776119402985076,False,0.14912280701754385,225,0.2,0.1100877192982456,0.037790937178996474,0.1791044776119403,False,0.03508771929824561
YFJ,40,54,114,4,4,0.09649122807017543,0.8,0.10171052631578947,0.03197535319243032,0.6268656716417911,False,0.11403508771929824,60,0.5,0.11561403508771928,0.03459675910498018,0.5621890547263682,False,0.017543859649122806
YFJ,40,55,114,4,4,0.05263157894736842,0.2,0.1045175438596491,0.03396531405340354,0.9751243781094527,False,0.16666666666666666,60,0.2,0.11956140350877192,0.03533272040959485,0.12935323383084577,False,0.11403508771929824
YFJ,40,56,114,4,4,0.16666666666666666,0.5,0.10614035087719298,0.03345167539346378,0.05472636815920398,False,0.16666666666666666,900,0.5,0.10614035087719298,0.03345167539346378,0.05472636815920398,False,0.0
YFJ,40,57,114,4,4,0.18421052631578946,0.2,0.10114035087719297,0.03067699660452701,0.004975124378109453,True,0.18421052631578946,900,0.2,0.10114035087719297,0.03067699660452701,0.004975124378109453,True,0.0
YFJ,40,58,114,4,4,0.15789473684210525,0.2,0.10583333333333332,0.033103995137235324,0.07960199004975124,False,0.19298245614035087,450,0.8,0.10903508771929823,0.03246036937739079,0.014925373134328358,True,0.03508771929824561
YFJ,40,59,114,4,4,0.10526315789473684,0.2,0.10048245614035087,0.02922973982498555,0.48756218905472637,False,0.11403508771929824,60,0.5,0.118859649122807,0.03431609902420937,0.6218905472636815,False,0.008771929824561403
YFJ,40,60,114,4,4,0.05263157894736842,0.2,0.10473684210526316,0.03230669851547046,0.9651741293532339,False,0.08771929824561403,300,0.2,0.11192982456140349,0.030044410644687377,0.835820895522388,False,0.03508771929824561
YFJ,40,61,114,4,4,0.14035087719298245,0.2,0.10350877192982455,0.033865242030886256,0.14925373134328357,False,0.15789473684210525,60,0.8,0.11842105263157894,0.03326621769059699,0.15920398009950248,False,0.017543859649122806
YFJ,40,62,114,4,4,0.10526315789473684,0.2,0.10324561403508772,0.03370168648747585,0.47761194029850745,False,0.13157894736842105,60,0.8,0.11539473684210527,0.034823317257976764,0.34328358208955223,False,0.02631578947368421
YFJ,41,42,114,4,4,0.08771929824561403,0.2,0.10144736842105262,0.033238048037452166,0.681592039800995,False,0.17543859649122806,180,0.2,0.10802631578947368,0.032816578221367666,0.04975124378109453,True,0.08771929824561403
YFJ,41,43,114,4,4,0.11403508771929824,0.8,0.09929824561403507,0.030281822276090734,0.3283582089552239,False,0.15789473684210525,150,0.2,0.11254385964912281,0.03317438217366509,0.10945273631840796,False,0.043859649122807015
YFJ,41,44,114,4,4,0.12280701754385964,0.2,0.10416666666666664,0.03438574788482213,0.34328358208955223,False,0.17543859649122806,300,0.5,0.10692982456140351,0.033823998600851835,0.029850746268656716,True,0.05263157894736842
YFJ,41,45,114,4,4,0.10526315789473684,0.2,0.1044298245614035,0.030899133795743296,0.48258706467661694,False,0.16666666666666666,60,0.2,0.12434210526315789,0.03505946914410345,0.15422885572139303,False,0.06140350877192982
YFJ,41,46,114,4,4,0.15789473684210525,0.2,0.09859649122807017,0.03100709612566363,0.05472636815920398,False,0.15789473684210525,300,0.8,0.10192982456140351,0.03103601368553812,0.04477611940298507,True,0.0
YFJ,41,47,114,4,4,0.11403508771929824,0.2,0.10368421052631578,0.03268887063598866,0.4228855721393035,False,0.16666666666666666,300,0.8,0.10982456140350877,0.03436350373898306,0.0845771144278607,False,0.05263157894736842
YFJ,41,48,114,4,4,0.16666666666666666,0.2,0.10359649122807017,0.03003346927874062,0.029850746268656716,True,0.18421052631578946,300,0.2,0.10543859649122805,0.03287993730966921,0.029850746268656716,True,0.017543859649122806
YFJ,41,49,114,4,4,0.11403508771929824,0.2,0.10096491228070174,0.03296250622919979,0.3781094527363184,False,0.16666666666666666,180,0.2,0.10921052631578947,0.031532751972600075,0.05472636815920398,False,0.05263157894736842
YFJ,41,50,114,4,4,0.11403508771929824,0.2,0.10346491228070175,0.03360502935792634,0.4228855721393035,False,0.19298245614035087,180,0.8,0.11118421052631579,0.035219025008631666,0.01990049751243781,True,0.07894736842105263
YFJ,41,51,114,4,4,0.13157894736842105,0.8,0.10043859649122806,0.031088171637854146,0.22388059701492538,False,0.15789473684210525,225,0.8,0.10714912280701754,0.03257176366471675,0.07960199004975124,False,0.02631578947368421
YFJ,41,52,114,4,4,0.13157894736842105,0.2,0.10315789473684209,0.03105693717905897,0.21890547263681592,False,0.13157894736842105,900,0.2,0.10315789473684209,0.03105693717905897,0.21890547263681592,False,0.0
YFJ,41,53,114,4,4,0.08771929824561403,0.2,0.10653508771929826,0.03283801568916998,0.7412935323383084,False,0.14035087719298245,100,0.2,0.11811403508771928,0.03326479379161628,0.30845771144278605,False,0.05263157894736842
YFJ,41,54,114,4,4,0.09649122807017543,0.8,0.1005263157894737,0.030308370056729175,0.5671641791044776,False,0.14912280701754385,225,0.8,0.10710526315789473,0.03167760603150451,0.12437810945273632,False,0.05263157894736842
YFJ,41,55,114,4,4,0.07017543859649122,0.2,0.103859649122807,0.0331315785330603,0.9054726368159204,False,0.15789473684210525,180,0.2,0.11210526315789472,0.03523244419022716,0.11940298507462686,False,0.08771929824561403
YFJ,41,56,114,4,4,0.16666666666666666,0.5,0.10469298245614034,0.03536299384864957,0.07462686567164178,False,0.19298245614035087,225,0.5,0.1082017543859649,0.031844241798831135,0.014925373134328358,True,0.02631578947368421
YFJ,41,57,114,4,4,0.14912280701754385,0.2,0.09771929824561403,0.030310921502579413,0.06467661691542288,False,0.15789473684210525,300,0.8,0.10548245614035087,0.033108199805454666,0.06965174129353234,False,0.008771929824561403
YFJ,41,58,114,4,4,0.14912280701754385,0.8,0.10333333333333332,0.031180199200818683,0.11940298507462686,False,0.17543859649122806,180,0.8,0.11078947368421053,0.035091135335784056,0.05970149253731343,False,0.02631578947368421
YFJ,41,59,114,4,4,0.07017543859649122,0.2,0.10241228070175439,0.031424503804081065,0.8507462686567164,False,0.15789473684210525,225,0.5,0.10916666666666666,0.03285331960185274,0.1044776119402985,False,0.08771929824561403
YFJ,41,60,114,4,4,0.07894736842105263,0.8,0.10315789473684209,0.03281260132733799,0.7910447761194029,False,0.11403508771929824,180,0.2,0.11442982456140349,0.03952676498081987,0.4925373134328358,False,0.03508771929824561
YFJ,41,61,114,4,4,0.12280701754385964,0.5,0.10219298245614034,0.03283039050191177,0.3383084577114428,False,0.19298245614035087,300,0.8,0.10828947368421052,0.033389169630541074,0.014925373134328358,True,0.07017543859649122
YFJ,41,62,114,4,4,0.14035087719298245,0.2,0.09986842105263158,0.029985634455544426,0.10945273631840796,False,0.16666666666666666,450,0.2,0.10605263157894736,0.03191595328666803,0.03980099502487562,True,0.02631578947368421
YFJ,42,43,114,4,4,0.09649122807017543,0.5,0.1006140350877193,0.03236971177197436,0.5771144278606966,False,0.16666666666666666,180,0.2,0.1107017543859649,0.032544240446243274,0.07960199004975124,False,0.07017543859649122
YFJ,42,44,114,4,4,0.08771929824561403,0.5,0.1013157894736842,0.03176488307479502,0.6965174129353234,False,0.18421052631578946,180,0.2,0.11030701754385965,0.03292080720709056,0.03980099502487562,True,0.09649122807017543
YFJ,42,45,114,4,4,0.12280701754385964,0.2,0.10482456140350876,0.03268875234869644,0.3383084577114428,False,0.19298245614035087,300,0.2,0.10960526315789472,0.033865213486334415,0.024875621890547265,True,0.07017543859649122
YFJ,42,46,114,4,4,0.07017543859649122,0.8,0.09964912280701753,0.034274269975585456,0.8258706467661692,False,0.16666666666666666,225,0.8,0.10557017543859647,0.03448052491250759,0.06467661691542288,False,0.09649122807017543
YFJ,42,47,114,4,4,0.11403508771929824,0.5,0.10337719298245612,0.0318272378296196,0.4079601990049751,False,0.18421052631578946,225,0.8,0.11425438596491228,0.03247141585435806,0.029850746268656716,True,0.07017543859649122
YFJ,42,48,114,4,4,0.12280701754385964,0.2,0.10600877192982455,0.03409030998598394,0.3333333333333333,False,0.15789473684210525,300,0.8,0.10921052631578945,0.032959690785900324,0.09950248756218906,False,0.03508771929824561
YFJ,42,49,114,4,4,0.07894736842105263,0.5,0.10096491228070174,0.03247799431510298,0.7711442786069652,False,0.15789473684210525,225,0.8,0.10508771929824562,0.033853365419749024,0.07960199004975124,False,0.07894736842105263
YFJ,42,50,114,4,4,0.11403508771929824,0.2,0.10320175438596489,0.030475514327754073,0.4228855721393035,False,0.16666666666666666,180,0.5,0.11013157894736843,0.033930232675476485,0.0845771144278607,False,0.05263157894736842
YFJ,42,51,114,4,4,0.08771929824561403,0.5,0.10149122807017542,0.03260299971644114,0.6915422885572139,False,0.16666666666666666,225,0.8,0.1062719298245614,0.03399262509464449,0.05970149253731343,False,0.07894736842105263
YFJ,42,52,114,4,4,0.07894736842105263,0.2,0.10403508771929823,0.031658680577023986,0.8258706467661692,False,0.14035087719298245,90,0.2,0.11578947368421051,0.03600150161184612,0.27860696517412936,False,0.06140350877192982
YFJ,42,53,114,4,4,0.08771929824561403,0.2,0.10399122807017543,0.03360617996093929,0.7064676616915423,False,0.17543859649122806,60,0.5,0.12214912280701753,0.03532864368403206,0.0945273631840796,False,0.08771929824561403
YFJ,42,54,114,4,4,0.08771929824561403,0.8,0.10004385964912281,0.034274918658923,0.6417910447761194,False,0.16666666666666666,225,0.8,0.10565789473684209,0.034344791761087845,0.06467661691542288,False,0.07894736842105263
YFJ,42,55,114,4,4,0.10526315789473684,0.2,0.10679824561403509,0.03242374917847696,0.5522388059701493,False,0.15789473684210525,90,0.8,0.11640350877192983,0.03295922152196838,0.13432835820895522,False,0.05263157894736842
YFJ,42,56,114,4,4,0.14035087719298245,0.2,0.10657894736842105,0.0340445976838047,0.1890547263681592,False,0.16666666666666666,225,0.5,0.11267543859649122,0.03396895679425793,0.0845771144278607,False,0.02631578947368421
YFJ,42,57,114,4,4,0.08771929824561403,0.5,0.1006140350877193,0.03343907373645763,0.6865671641791045,False,0.16666666666666666,225,0.8,0.10557017543859647,0.03483752707390438,0.06467661691542288,False,0.07894736842105263
YFJ,42,58,114,4,4,0.14912280701754385,0.2,0.10328947368421051,0.03208809986901205,0.11940298507462686,False,0.23684210526315788,180,0.5,0.11223684210526315,0.03213457986676715,0.009950248756218905,True,0.08771929824561403
YFJ,42,59,114,4,4,0.08771929824561403,0.2,0.09767543859649122,0.02955703376726259,0.6666666666666666,False,0.16666666666666666,225,0.8,0.10578947368421052,0.03289968812835287,0.05472636815920398,False,0.07894736842105263
YFJ,42,60,114,4,4,0.08771929824561403,0.5,0.102719298245614,0.033331129257995626,0.681592039800995,False,0.14035087719298245,225,0.8,0.10903508771929825,0.03268591332526192,0.18407960199004975,False,0.05263157894736842
YFJ,42,61,114,4,4,0.08771929824561403,0.2,0.10421052631578948,0.03123471614534686,0.746268656716418,False,0.17543859649122806,90,0.2,0.11399122807017545,0.031184384273143094,0.03980099502487562,True,0.08771929824561403
YFJ,42,62,114,4,4,0.13157894736842105,0.5,0.09912280701754388,0.03513177169387203,0.21890547263681592,False,0.17543859649122806,225,0.8,0.10565789473684209,0.03464743489059636,0.04477611940298507,True,0.043859649122807015
YFJ,43,44,114,4,4,0.14035087719298245,0.8,0.10289473684210526,0.029661929338401522,0.13930348258706468,False,0.18421052631578946,90,0.8,0.11785087719298247,0.03544490570499002,0.04975124378109453,True,0.043859649122807015
YFJ,43,45,114,4,4,0.17543859649122806,0.2,0.10307017543859649,0.030319977401329856,0.009950248756218905,True,0.21052631578947367,180,0.8,0.11377192982456139,0.032891107384478126,0.004975124378109453,True,0.03508771929824561
YFJ,43,46,114,4,4,0.11403508771929824,0.5,0.1018421052631579,0.030901542617815105,0.39303482587064675,False,0.18421052631578946,100,0.2,0.11276315789473684,0.03380121318766514,0.05472636815920398,False,0.07017543859649122
YFJ,43,47,114,4,4,0.15789473684210525,0.2,0.10438596491228071,0.02973080876786753,0.04975124378109453,True,0.20175438596491227,100,0.2,0.11921052631578945,0.03344231131258874,0.029850746268656716,True,0.043859649122807015
YFJ,43,48,114,4,4,0.16666666666666666,0.2,0.10258771929824562,0.031366125601151776,0.04477611940298507,True,0.18421052631578946,300,0.5,0.10846491228070175,0.033465283319427365,0.03980099502487562,True,0.017543859649122806
YFJ,43,49,114,4,4,0.08771929824561403,0.8,0.10166666666666666,0.03285911556866252,0.681592039800995,False,0.16666666666666666,180,0.2,0.11157894736842104,0.032120889706882996,0.06965174129353234,False,0.07894736842105263
YFJ,43,50,114,4,4,0.12280701754385964,0.2,0.10026315789473683,0.029384270742143847,0.2935323383084577,False,0.21929824561403508,225,0.2,0.10837719298245613,0.034976212442206424,0.009950248756218905,True,0.09649122807017543
YFJ,43,51,114,4,4,0.14035087719298245,0.2,0.10385964912280703,0.029079108429693863,0.17412935323383086,False,0.19298245614035087,75,0.2,0.11833333333333332,0.035351100873914895,0.03980099502487562,True,0.05263157894736842
YFJ,43,52,114,4,4,0.12280701754385964,0.8,0.10596491228070175,0.03184524353516362,0.31840796019900497,False,0.14912280701754385,75,0.2,0.12210526315789473,0.035146736930497885,0.26865671641791045,False,0.02631578947368421
YFJ,43,53,114,4,4,0.10526315789473684,0.2,0.1019298245614035,0.03047021671260094,0.4925373134328358,False,0.17543859649122806,450,0.5,0.10390350877192983,0.032371951445087394,0.029850746268656716,True,0.07017543859649122
YFJ,43,54,114,4,4,0.09649122807017543,0.2,0.10052631578947369,0.03299592125367191,0.582089552238806,False,0.20175438596491227,75,0.5,0.11293859649122809,0.032738247770378266,0.01990049751243781,True,0.10526315789473684
YFJ,43,55,114,4,4,0.13157894736842105,0.2,0.10631578947368421,0.03321456962829041,0.26865671641791045,False,0.21052631578947367,75,0.2,0.11956140350877192,0.03452459608715883,0.024875621890547265,True,0.07894736842105263
YFJ,43,56,114,4,4,0.14035087719298245,0.2,0.10280701754385964,0.03290579907442769,0.14925373134328357,False,0.17543859649122806,75,0.8,0.12149122807017543,0.03763714813684538,0.0945273631840796,False,0.03508771929824561
YFJ,43,57,114,4,4,0.11403508771929824,0.2,0.0982017543859649,0.030749858411927376,0.3383084577114428,False,0.17543859649122806,75,0.8,0.11416666666666667,0.03313201617959315,0.04975124378109453,True,0.06140350877192982
YFJ,43,58,114,4,4,0.16666666666666666,0.2,0.1057456140350877,0.03184327038805007,0.05970149253731343,False,0.21052631578947367,60,0.2,0.11899122807017543,0.0347508458295503,0.009950248756218905,True,0.043859649122807015
YFJ,43,59,114,4,4,0.08771929824561403,0.2,0.10280701754385964,0.030197429603266872,0.7562189054726368,False,0.16666666666666666,75,0.8,0.11565789473684208,0.034933956262644936,0.10945273631840796,False,0.07894736842105263
YFJ,43,60,114,4,4,0.06140350877192982,0.5,0.1045175438596491,0.030141261047193953,0.9502487562189055,False,0.12280701754385964,75,0.5,0.11793859649122808,0.03457370010255812,0.4626865671641791,False,0.06140350877192982
YFJ,43,61,114,4,4,0.14912280701754385,0.2,0.10157894736842105,0.02938229682849336,0.07462686567164178,False,0.20175438596491227,300,0.5,0.10236842105263158,0.030817843268278838,0.014925373134328358,True,0.05263157894736842
YFJ,43,62,114,4,4,0.17543859649122806,0.2,0.10162280701754385,0.0312064473686145,0.01990049751243781,True,0.21052631578947367,300,0.8,0.10644736842105264,0.031642035143638614,0.009950248756218905,True,0.03508771929824561
YFJ,44,45,114,4,4,0.14035087719298245,0.5,0.10635964912280702,0.030271317992147002,0.16417910447761194,False,0.19298245614035087,90,0.8,0.11916666666666666,0.03573498794684868,0.029850746268656716,True,0.05263157894736842
YFJ,44,46,114,4,4,0.08771929824561403,0.5,0.1069736842105263,0.03230738670468366,0.7562189054726368,False,0.18421052631578946,90,0.8,0.11166666666666666,0.03544635111287287,0.029850746268656716,True,0.09649122807017543
YFJ,44,47,114,4,4,0.16666666666666666,0.5,0.10513157894736842,0.031529410292553184,0.04477611940298507,True,0.21052631578947367,180,0.2,0.11491228070175438,0.0326917094026035,0.009950248756218905,True,0.043859649122807015
YFJ,44,48,114,4,4,0.09649122807017543,0.2,0.10526315789473685,0.0319378742106893,0.6467661691542289,False,0.16666666666666666,225,0.2,0.11333333333333333,0.032279398491835545,0.07462686567164178,False,0.07017543859649122
YFJ,44,49,114,4,4,0.07894736842105263,0.2,0.10359649122807017,0.03330559776335479,0.8208955223880597,False,0.18421052631578946,180,0.8,0.11070175438596491,0.031932546751708465,0.024875621890547265,True,0.10526315789473684
YFJ,44,50,114,4,4,0.13157894736842105,0.8,0.10719298245614035,0.0355384085350282,0.263681592039801,False,0.20175438596491227,300,0.5,0.10907894736842104,0.0320294824965106,0.009950248756218905,True,0.07017543859649122
YFJ,44,51,114,4,4,0.11403508771929824,0.2,0.10552631578947368,0.032021423272804946,0.42786069651741293,False,0.19298245614035087,150,0.2,0.10942982456140349,0.03540517481879693,0.024875621890547265,True,0.07894736842105263
YFJ,44,52,114,4,4,0.12280701754385964,0.8,0.10679824561403509,0.03228032683222358,0.36318407960199006,False,0.17543859649122806,90,0.5,0.11763157894736842,0.037682735088107384,0.0845771144278607,False,0.05263157894736842
YFJ,44,53,114,4,4,0.10526315789473684,0.8,0.10828947368421052,0.033677440573828314,0.5522388059701493,False,0.19298245614035087,300,0.5,0.10956140350877192,0.03709115538118125,0.029850746268656716,True,0.08771929824561403
YFJ,44,54,114,4,4,0.09649122807017543,0.8,0.10640350877192983,0.032966259779566506,0.6716417910447762,False,0.19298245614035087,180,0.2,0.11254385964912281,0.03416206044369404,0.029850746268656716,True,0.09649122807017543
YFJ,44,55,114,4,4,0.13157894736842105,0.2,0.10907894736842104,0.03027949185289182,0.24875621890547264,False,0.18421052631578946,90,0.2,0.11899122807017543,0.03321477335375093,0.024875621890547265,True,0.05263157894736842
YFJ,44,56,114,4,4,0.14035087719298245,0.2,0.10850877192982455,0.03422086661082441,0.19402985074626866,False,0.17543859649122806,75,0.2,0.11973684210526316,0.035869691584459996,0.0945273631840796,False,0.03508771929824561
YFJ,44,57,114,4,4,0.08771929824561403,0.5,0.10723684210526314,0.03400695461102602,0.7810945273631841,False,0.18421052631578946,180,0.5,0.11118421052631579,0.03282081971052751,0.03980099502487562,True,0.09649122807017543
YFJ,44,58,114,4,4,0.14912280701754385,0.2,0.10710526315789473,0.03416749294540572,0.15920398009950248,False,0.2719298245614035,180,0.8,0.11412280701754385,0.03310297308858596,0.004975124378109453,True,0.12280701754385967
YFJ,44,59,114,4,4,0.07894736842105263,0.8,0.10776315789473685,0.032565827505691126,0.8308457711442786,False,0.19298245614035087,90,0.8,0.11495614035087719,0.03457034478453732,0.03482587064676617,True,0.11403508771929824
YFJ,44,60,114,4,4,0.08771929824561403,0.8,0.10767543859649123,0.0321182111690916,0.7761194029850746,False,0.14912280701754385,150,0.5,0.11201754385964913,0.030988010727069252,0.14925373134328357,False,0.06140350877192982
YFJ,44,61,114,4,4,0.12280701754385964,0.2,0.105,0.03137490774240379,0.2835820895522388,False,0.20175438596491227,60,0.5,0.11776315789473685,0.03247141585435806,0.009950248756218905,True,0.07894736842105263
YFJ,44,62,114,4,4,0.10526315789473684,0.2,0.10785087719298246,0.03082646802620004,0.5920398009950248,False,0.21052631578947367,180,0.5,0.11162280701754385,0.03228631548341972,0.004975124378109453,True,0.10526315789473684
YFJ,45,46,114,4,4,0.13157894736842105,0.8,0.10587719298245613,0.032792208490764134,0.25870646766169153,False,0.18421052631578946,75,0.5,0.11473684210526315,0.03303714509095245,0.04975124378109453,True,0.05263157894736842
YFJ,45,47,114,4,4,0.14035087719298245,0.2,0.10539473684210528,0.0334571943490472,0.15422885572139303,False,0.20175438596491227,300,0.8,0.10877192982456141,0.03379666570260592,0.014925373134328358,True,0.06140350877192982
YFJ,45,48,114,4,4,0.12280701754385964,0.8,0.105,0.03447528193508801,0.3034825870646766,False,0.18421052631578946,300,0.8,0.10846491228070175,0.03692594562745616,0.03980099502487562,True,0.06140350877192982
YFJ,45,49,114,4,4,0.14035087719298245,0.2,0.10495614035087719,0.03302564389848693,0.20398009950248755,False,0.19298245614035087,300,0.2,0.10868421052631579,0.03292494719011313,0.01990049751243781,True,0.05263157894736842
YFJ,45,50,114,4,4,0.13157894736842105,0.2,0.10614035087719297,0.032358839689939134,0.24875621890547264,False,0.21929824561403508,180,0.5,0.11131578947368422,0.0332009462904173,0.009950248756218905,True,0.08771929824561403
YFJ,45,51,114,4,4,0.12280701754385964,0.5,0.10798245614035089,0.03238738604481547,0.3582089552238806,False,0.20175438596491227,180,0.5,0.11258771929824561,0.03339125407607433,0.009950248756218905,True,0.07894736842105263
YFJ,45,52,114,4,4,0.11403508771929824,0.2,0.10859649122807018,0.03479513025293271,0.472636815920398,False,0.18421052631578946,150,0.8,0.11561403508771928,0.03307691479021031,0.024875621890547265,True,0.07017543859649122
YFJ,45,53,114,4,4,0.09649122807017543,0.2,0.10530701754385965,0.029357776345819896,0.6666666666666666,False,0.20175438596491227,225,0.2,0.11526315789473683,0.033278303848087484,0.014925373134328358,True,0.10526315789473684
YFJ,45,54,114,4,4,0.10526315789473684,0.8,0.10657894736842105,0.03422583788081166,0.5422885572139303,False,0.19298245614035087,75,0.5,0.11385964912280702,0.03316097553261967,0.029850746268656716,True,0.08771929824561403
YFJ,45,55,114,4,4,0.09649122807017543,0.2,0.10732456140350877,0.03318449186024138,0.681592039800995,False,0.19298245614035087,60,0.8,0.12135964912280701,0.04081163803125167,0.06467661691542288,False,0.09649122807017543
YFJ,45,56,114,4,4,0.17543859649122806,0.5,0.10583333333333332,0.03561359319876868,0.03980099502487562,True,0.21929824561403508,60,0.8,0.1244736842105263,0.037970996143707726,0.024875621890547265,True,0.043859649122807015
YFJ,45,57,114,4,4,0.14035087719298245,0.5,0.10719298245614034,0.03099362529957926,0.20398009950248755,False,0.20175438596491227,180,0.8,0.11122807017543859,0.033263427953689854,0.014925373134328358,True,0.06140350877192982
YFJ,45,58,114,4,4,0.21929824561403508,0.2,0.10684210526315789,0.03199545092489366,0.004975124378109453,True,0.24561403508771928,180,0.8,0.1150438596491228,0.03599266662708804,0.014925373134328358,True,0.02631578947368421
YFJ,45,59,114,4,4,0.10526315789473684,0.2,0.10482456140350876,0.0326295549941624,0.5522388059701493,False,0.21052631578947367,180,0.5,0.11407894736842103,0.03449308238684186,0.014925373134328358,True,0.10526315789473684
YFJ,45,60,114,4,4,0.15789473684210525,0.5,0.10438596491228068,0.0327389859412619,0.06467661691542288,False,0.17543859649122806,225,0.2,0.11078947368421051,0.03498077239226767,0.05970149253731343,False,0.017543859649122806
YFJ,45,61,114,4,4,0.14912280701754385,0.2,0.10530701754385964,0.03250783367493175,0.13930348258706468,False,0.24561403508771928,60,0.8,0.12100877192982455,0.036685577193197184,0.004975124378109453,True,0.09649122807017543
YFJ,45,62,114,4,4,0.17543859649122806,0.8,0.10662280701754386,0.03215623150763594,0.03980099502487562,True,0.21929824561403508,150,0.5,0.10903508771929825,0.035313016438468674,0.004975124378109453,True,0.043859649122807015
YFJ,46,47,114,4,4,0.11403508771929824,0.2,0.10328947368421053,0.031171238157051424,0.4079601990049751,False,0.16666666666666666,300,0.8,0.10627192982456139,0.033175168916869925,0.05472636815920398,False,0.05263157894736842
YFJ,46,48,114,4,4,0.08771929824561403,0.5,0.10741228070175436,0.03357279646363379,0.7512437810945274,False,0.16666666666666666,225,0.2,0.10969298245614034,0.03429634651176094,0.07960199004975124,False,0.07894736842105263
YFJ,46,49,114,4,4,0.09649122807017543,0.5,0.10043859649122806,0.03273603315785646,0.5920398009950248,False,0.15789473684210525,225,0.8,0.10552631578947366,0.033195355611341626,0.07960199004975124,False,0.06140350877192982
YFJ,46,50,114,4,4,0.14035087719298245,0.5,0.10364035087719298,0.029575342990375543,0.14925373134328357,False,0.19298245614035087,225,0.8,0.11043859649122806,0.03678969669032707,0.024875621890547265,True,0.05263157894736842
YFJ,46,51,114,4,4,0.09649122807017543,0.2,0.10539473684210526,0.03234064168751898,0.6467661691542289,False,0.15789473684210525,75,0.8,0.11618421052631579,0.0355203154982603,0.15422885572139303,False,0.06140350877192982
YFJ,46,52,114,4,4,0.10526315789473684,0.5,0.11078947368421053,0.030782692019212514,0.5870646766169154,False,0.14912280701754385,75,0.2,0.11868421052631578,0.035741831198787,0.24875621890547264,False,0.043859649122807015
YFJ,46,53,114,4,4,0.11403508771929824,0.2,0.10671052631578945,0.029986923935633677,0.43781094527363185,False,0.17543859649122806,180,0.2,0.11043859649122806,0.03385599233679226,0.03980099502487562,True,0.06140350877192982
YFJ,46,54,114,4,4,0.07894736842105263,0.2,0.09219298245614034,0.03058964936075348,0.7064676616915423,False,0.12280701754385964,180,0.2,0.09973684210526315,0.03168639336546252,0.23383084577114427,False,0.043859649122807015
YFJ,46,55,114,4,4,0.10526315789473684,0.2,0.1081140350877193,0.029099013987240106,0.6069651741293532,False,0.18421052631578946,60,0.8,0.11565789473684213,0.034488373869779425,0.03482587064676617,True,0.07894736842105263
YFJ,46,56,114,4,4,0.14912280701754385,0.2,0.10640350877192983,0.03195373025014631,0.12935323383084577,False,0.15789473684210525,75,0.8,0.11513157894736842,0.0362256787805158,0.15920398009950248,False,0.008771929824561403
YFJ,46,57,114,4,4,0.12280701754385964,0.2,0.10017543859649121,0.03088364402487835,0.2835820895522388,False,0.17543859649122806,75,0.8,0.11802631578947366,0.0348754655250249,0.11442786069651742,False,0.05263157894736842
YFJ,46,58,114,4,4,0.18421052631578946,0.5,0.10539473684210524,0.031967854863549944,0.01990049751243781,True,0.2543859649122807,180,0.2,0.10714912280701754,0.033194977041744546,0.004975124378109453,True,0.07017543859649125
YFJ,46,59,114,4,4,0.07894736842105263,0.2,0.10219298245614034,0.03245131501380266,0.7810945273631841,False,0.08771929824561403,60,0.2,0.11666666666666668,0.036396723529571476,0.8109452736318408,False,0.008771929824561403
YFJ,46,60,114,4,4,0.08771929824561403,0.5,0.10662280701754386,0.029167499369998254,0.7761194029850746,False,0.11403508771929824,75,0.5,0.11192982456140349,0.032421393820815145,0.5124378109452736,False,0.02631578947368421
YFJ,46,61,114,4,4,0.09649122807017543,0.5,0.1045175438596491,0.031026263253537738,0.6517412935323383,False,0.20175438596491227,100,0.8,0.10960526315789472,0.03253755654218208,0.009950248756218905,True,0.10526315789473684
YFJ,46,62,114,4,4,0.14912280701754385,0.5,0.10241228070175439,0.029442474492062554,0.09950248756218906,False,0.21929824561403508,180,0.5,0.10807017543859647,0.034169416749313404,0.004975124378109453,True,0.07017543859649122
YFJ,47,48,114,4,4,0.14035087719298245,0.5,0.1045175438596491,0.0326061720753697,0.1691542288557214,False,0.16666666666666666,225,0.8,0.11570175438596492,0.035421034314010356,0.09950248756218906,False,0.02631578947368421
YFJ,47,49,114,4,4,0.11403508771929824,0.2,0.10390350877192983,0.03180560537056506,0.40298507462686567,False,0.20175438596491227,300,0.8,0.11026315789473683,0.033699391763950565,0.009950248756218905,True,0.08771929824561403
YFJ,47,50,114,4,4,0.13157894736842105,0.2,0.1025,0.02878693328803941,0.19402985074626866,False,0.21052631578947367,225,0.8,0.11451754385964912,0.034879900075358405,0.004975124378109453,True,0.07894736842105263
YFJ,47,51,114,4,4,0.13157894736842105,0.2,0.1045175438596491,0.03279536254716665,0.23383084577114427,False,0.17543859649122806,225,0.8,0.11289473684210527,0.03291930963820466,0.03980099502487562,True,0.043859649122807015
YFJ,47,52,114,4,4,0.14035087719298245,0.2,0.10719298245614034,0.03170896076474034,0.17412935323383086,False,0.16666666666666666,100,0.2,0.12100877192982455,0.03432226759282597,0.11940298507462686,False,0.02631578947368421
YFJ,47,53,114,4,4,0.14912280701754385,0.5,0.10578947368421052,0.0323306269250758,0.12437810945273632,False,0.18421052631578946,180,0.8,0.11478070175438596,0.03420354626256103,0.04975124378109453,True,0.03508771929824561
YFJ,47,54,114,4,4,0.12280701754385964,0.2,0.10307017543859648,0.029701531745731674,0.3034825870646766,False,0.15789473684210525,225,0.8,0.11307017543859649,0.03361069569705943,0.11442786069651742,False,0.03508771929824561
YFJ,47,55,114,4,4,0.16666666666666666,0.2,0.10478070175438596,0.03139077099445255,0.04975124378109453,True,0.16666666666666666,900,0.2,0.10478070175438596,0.03139077099445255,0.04975124378109453,True,0.0
YFJ,47,56,114,4,4,0.18421052631578946,0.8,0.10706140350877191,0.03191725564053431,0.01990049751243781,True,0.18421052631578946,90,0.8,0.11982456140350876,0.03268508523030913,0.03482587064676617,True,0.0
YFJ,47,57,114,4,4,0.13157894736842105,0.2,0.10311403508771928,0.02951540347623244,0.20398009950248755,False,0.17543859649122806,225,0.8,0.11311403508771928,0.03336368255121454,0.05472636815920398,False,0.043859649122807015
YFJ,47,58,114,4,4,0.16666666666666666,0.5,0.10614035087719298,0.032299037680430076,0.04975124378109453,True,0.20175438596491227,225,0.8,0.11333333333333333,0.030745614192291888,0.009950248756218905,True,0.03508771929824561
YFJ,47,59,114,4,4,0.09649122807017543,0.2,0.10337719298245615,0.031766435066998486,0.6616915422885572,False,0.16666666666666666,60,0.8,0.11951754385964913,0.034838193016816885,0.11442786069651742,False,0.07017543859649122
YFJ,47,60,114,4,4,0.11403508771929824,0.2,0.10618421052631578,0.03401786828635611,0.44776119402985076,False,0.15789473684210525,300,0.8,0.11127192982456141,0.03260380024734425,0.1044776119402985,False,0.043859649122807015
YFJ,47,61,114,4,4,0.14912280701754385,0.2,0.103859649122807,0.03098464149521667,0.1044776119402985,False,0.17543859649122806,60,0.8,0.12157894736842105,0.03661956355890742,0.10945273631840796,False,0.02631578947368421
YFJ,47,62,114,4,4,0.13157894736842105,0.2,0.10364035087719296,0.03295180039774793,0.21393034825870647,False,0.17543859649122806,225,0.5,0.11337719298245613,0.03404672717919478,0.06467661691542288,False,0.043859649122807015
YFJ,48,49,114,4,4,0.13157894736842105,0.2,0.10578947368421052,0.03424718353792902,0.263681592039801,False,0.14912280701754385,225,0.8,0.10969298245614034,0.032750764896809864,0.16417910447761194,False,0.017543859649122806
YFJ,48,50,114,4,4,0.07017543859649122,0.2,0.10188596491228069,0.02942592229862005,0.9054726368159204,False,0.15789473684210525,225,0.5,0.11276315789473684,0.03555187030627794,0.13432835820895522,False,0.08771929824561403
YFJ,48,51,114,4,4,0.07894736842105263,0.5,0.10421052631578945,0.03617892387358893,0.7860696517412935,False,0.13157894736842105,225,0.5,0.11092105263157893,0.03607550680099431,0.32338308457711445,False,0.05263157894736842
YFJ,48,52,114,4,4,0.09649122807017543,0.5,0.10728070175438596,0.03136011535063269,0.7064676616915423,False,0.09649122807017543,900,0.5,0.10728070175438596,0.03136011535063269,0.7064676616915423,False,0.0
YFJ,48,53,114,4,4,0.14035087719298245,0.2,0.10381578947368421,0.031643257124563014,0.14427860696517414,False,0.14912280701754385,225,0.2,0.11026315789473683,0.033630477250009595,0.12437810945273632,False,0.008771929824561403
YFJ,48,54,114,4,4,0.09649122807017543,0.2,0.10337719298245612,0.0318272378296196,0.6368159203980099,False,0.14912280701754385,225,0.8,0.11087719298245613,0.03309187452856293,0.17412935323383086,False,0.05263157894736842
YFJ,48,55,114,4,4,0.09649122807017543,0.2,0.10899122807017543,0.0325071199921657,0.681592039800995,False,0.12280701754385964,90,0.2,0.11916666666666666,0.03830443285874964,0.47761194029850745,False,0.02631578947368421
YFJ,48,56,114,4,4,0.09649122807017543,0.2,0.10767543859649122,0.03336994027333477,0.6616915422885572,False,0.13157894736842105,75,0.2,0.11881578947368421,0.03206833149879433,0.4228855721393035,False,0.03508771929824561
YFJ,48,57,114,4,4,0.10526315789473684,0.2,0.10438596491228071,0.033056334095718634,0.527363184079602,False,0.14912280701754385,300,0.2,0.10754385964912279,0.03452381209524088,0.14427860696517414,False,0.043859649122807015
YFJ,48,58,114,4,4,0.09649122807017543,0.5,0.10552631578947368,0.03531739604873703,0.6368159203980099,False,0.18421052631578946,450,0.8,0.1082456140350877,0.029982571718069142,0.024875621890547265,True,0.08771929824561403
YFJ,48,59,114,4,4,0.08771929824561403,0.8,0.1045175438596491,0.03313551714376377,0.7064676616915423,False,0.11403508771929824,225,0.8,0.11201754385964911,0.03286523405878076,0.5174129353233831,False,0.02631578947368421
YFJ,48,60,114,4,4,0.043859649122807015,0.2,0.10736842105263157,0.03494682104522914,0.9701492537313433,False,0.08771929824561403,180,0.8,0.11263157894736839,0.03526842298418977,0.7810945273631841,False,0.043859649122807015
YFJ,48,61,114,4,4,0.09649122807017543,0.5,0.10469298245614034,0.03224005424134647,0.6616915422885572,False,0.16666666666666666,180,0.8,0.11232456140350877,0.03412341382105433,0.1044776119402985,False,0.07017543859649122
YFJ,48,62,114,4,4,0.07894736842105263,0.5,0.10644736842105264,0.03337851376489876,0.8258706467661692,False,0.14912280701754385,225,0.8,0.1106140350877193,0.03377137166347964,0.16417910447761194,False,0.07017543859649122
YFJ,49,50,114,4,4,0.12280701754385964,0.5,0.10350877192982455,0.02984762968456151,0.32338308457711445,False,0.16666666666666666,180,0.8,0.1107456140350877,0.033282922157615955,0.05970149253731343,False,0.043859649122807015
YFJ,49,51,114,4,4,0.08771929824561403,0.8,0.10087719298245613,0.03167040348195022,0.6666666666666666,False,0.15789473684210525,225,0.8,0.10671052631578945,0.03292480039110708,0.08955223880597014,False,0.07017543859649122
YFJ,49,52,114,4,4,0.09649122807017543,0.2,0.105,0.03168151181416443,0.6169154228855721,False,0.14912280701754385,90,0.5,0.11649122807017542,0.035852547649882945,0.22388059701492538,False,0.05263157894736842
YFJ,49,53,114,4,4,0.08771929824561403,0.2,0.10390350877192983,0.034105278712888036,0.6915422885572139,False,0.17543859649122806,90,0.2,0.1143421052631579,0.031454512788778116,0.05472636815920398,False,0.08771929824561403
YFJ,49,54,114,4,4,0.07894736842105263,0.2,0.10048245614035087,0.0323683678937208,0.7860696517412935,False,0.15789473684210525,225,0.8,0.10535087719298245,0.032950773628407676,0.06965174129353234,False,0.07894736842105263
YFJ,49,55,114,4,4,0.10526315789473684,0.5,0.10460526315789473,0.03283259874987691,0.5174129353233831,False,0.16666666666666666,90,0.8,0.11666666666666665,0.03350942043108189,0.1044776119402985,False,0.06140350877192982
YFJ,49,56,114,4,4,0.14912280701754385,0.8,0.10578947368421052,0.032923185558840114,0.13930348258706468,False,0.17543859649122806,90,0.5,0.11789473684210523,0.03343595149114788,0.05472636815920398,False,0.02631578947368421
YFJ,49,57,114,4,4,0.07017543859649122,0.2,0.1025,0.033435228707621056,0.8805970149253731,False,0.15789473684210525,225,0.8,0.1057456140350877,0.03302353637564824,0.0845771144278607,False,0.08771929824561403
YFJ,49,58,114,4,4,0.14035087719298245,0.8,0.10263157894736842,0.03168261022878311,0.14427860696517414,False,0.23684210526315788,180,0.8,0.11171052631578945,0.03136957712184019,0.009950248756218905,True,0.09649122807017543
YFJ,49,59,114,4,4,0.09649122807017543,0.2,0.09846491228070174,0.029593118245795455,0.5771144278606966,False,0.15789473684210525,225,0.8,0.10530701754385964,0.03127105949422449,0.06467661691542288,False,0.06140350877192982
YFJ,49,60,114,4,4,0.07894736842105263,0.5,0.10324561403508771,0.03325122010274021,0.7761194029850746,False,0.15789473684210525,225,0.8,0.1093859649122807,0.033066976849559226,0.12437810945273632,False,0.07894736842105263
YFJ,49,61,114,4,4,0.08771929824561403,0.5,0.10307017543859649,0.030712772421268807,0.7313432835820896,False,0.16666666666666666,90,0.2,0.11447368421052632,0.03156951772776893,0.06467661691542288,False,0.07894736842105263
YFJ,49,62,114,4,4,0.13157894736842105,0.5,0.09969298245614035,0.03506762957449431,0.21393034825870647,False,0.16666666666666666,180,0.2,0.10460526315789473,0.0318279667574782,0.04975124378109453,True,0.03508771929824561
YFJ,50,51,114,4,4,0.10526315789473684,0.5,0.10434210526315789,0.030984111119792115,0.5771144278606966,False,0.19298245614035087,225,0.8,0.11052631578947368,0.03690313706532967,0.01990049751243781,True,0.08771929824561403
YFJ,50,52,114,4,4,0.12280701754385964,0.5,0.10605263157894736,0.03294138453907172,0.3383084577114428,False,0.20175438596491227,225,0.5,0.11416666666666664,0.037054520252397014,0.009950248756218905,True,0.07894736842105263
YFJ,50,53,114,4,4,0.11403508771929824,0.5,0.10491228070175439,0.031960143053885615,0.4427860696517413,False,0.17543859649122806,75,0.8,0.11846491228070175,0.035710308897944784,0.07960199004975124,False,0.06140350877192982
YFJ,50,54,114,4,4,0.14912280701754385,0.8,0.10324561403508772,0.029701011004252497,0.07960199004975124,False,0.20175438596491227,225,0.8,0.11021929824561402,0.03693013395807868,0.014925373134328358,True,0.05263157894736842
YFJ,50,55,114,4,4,0.08771929824561403,0.2,0.10526315789473684,0.034386450688985284,0.7213930348258707,False,0.19298245614035087,75,0.2,0.11793859649122806,0.03768794224717913,0.03980099502487562,True,0.10526315789473684
YFJ,50,56,114,4,4,0.13157894736842105,0.8,0.10657894736842106,0.032712401295431404,0.2736318407960199,False,0.18421052631578946,75,0.8,0.12223684210526314,0.03561359319876868,0.04477611940298507,True,0.05263157894736842
YFJ,50,57,114,4,4,0.13157894736842105,0.8,0.10258771929824562,0.029221801616544207,0.22388059701492538,False,0.20175438596491227,225,0.2,0.11140350877192982,0.03693455736652209,0.009950248756218905,True,0.07017543859649122
YFJ,50,58,114,4,4,0.19298245614035087,0.2,0.10421052631578945,0.030609488442425982,0.009950248756218905,True,0.21929824561403508,225,0.5,0.1132456140350877,0.033592283794365345,0.004975124378109453,True,0.02631578947368421
YFJ,50,59,114,4,4,0.11403508771929824,0.2,0.10263157894736842,0.029364393956055265,0.39303482587064675,False,0.18421052631578946,75,0.8,0.11399122807017542,0.03542220779822655,0.03482587064676617,True,0.07017543859649122
YFJ,50,60,114,4,4,0.05263157894736842,0.2,0.10508771929824562,0.02933751916300185,0.9850746268656716,False,0.14035087719298245,450,0.2,0.10921052631578948,0.0319953300740168,0.22388059701492538,False,0.08771929824561403
YFJ,50,61,114,4,4,0.08771929824561403,0.2,0.10368421052631578,0.0333910514273579,0.7114427860696517,False,0.21929824561403508,75,0.2,0.11837719298245614,0.03282152657209776,0.009950248756218905,True,0.13157894736842105
YFJ,50,62,114,4,4,0.15789473684210525,0.2,0.1031578947368421,0.03170993628999907,0.08955223880597014,False,0.19298245614035087,225,0.8,0.11043859649122806,0.034612737662214295,0.014925373134328358,True,0.03508771929824561
YFJ,51,52,114,4,4,0.14035087719298245,0.5,0.1057017543859649,0.03142219660001995,0.15920398009950248,False,0.14035087719298245,900,0.5,0.1057017543859649,0.03142219660001995,0.15920398009950248,False,0.0
YFJ,51,53,114,4,4,0.07017543859649122,0.2,0.10846491228070175,0.03178225497545979,0.9253731343283582,False,0.14035087719298245,60,0.2,0.12013157894736842,0.035669139205041896,0.30845771144278605,False,0.07017543859649122
YFJ,51,54,114,4,4,0.08771929824561403,0.2,0.10364035087719298,0.030209175572535406,0.7562189054726368,False,0.12280701754385964,75,0.5,0.11653508771929824,0.037168088650205,0.43781094527363185,False,0.03508771929824561
YFJ,51,55,114,4,4,0.07894736842105263,0.5,0.10631578947368421,0.03027926837822954,0.8507462686567164,False,0.17543859649122806,60,0.8,0.11543859649122806,0.03417711088204936,0.05970149253731343,False,0.09649122807017543
YFJ,51,56,114,4,4,0.14035087719298245,0.8,0.10535087719298243,0.029950958883489257,0.14925373134328357,False,0.15789473684210525,75,0.8,0.11640350877192981,0.03624459322406128,0.15920398009950248,False,0.017543859649122806
YFJ,51,57,114,4,4,0.05263157894736842,0.2,0.10131578947368419,0.03285393749471978,0.9502487562189055,False,0.14035087719298245,75,0.5,0.11671052631578945,0.035712474409182675,0.29850746268656714,False,0.08771929824561403
YFJ,51,58,114,4,4,0.20175438596491227,0.8,0.1055701754385965,0.033317060342958796,0.014925373134328358,True,0.21929824561403508,180,0.5,0.11048245614035088,0.03175693933914675,0.004975124378109453,True,0.017543859649122806
YFJ,51,59,114,4,4,0.09649122807017543,0.2,0.10364035087719298,0.03187822252731374,0.6119402985074627,False,0.13157894736842105,75,0.2,0.11526315789473683,0.03300998061825967,0.36318407960199006,False,0.03508771929824561
YFJ,51,60,114,4,4,0.06140350877192982,0.2,0.10640350877192983,0.03363967400886916,0.945273631840796,False,0.11403508771929824,90,0.5,0.11421052631578946,0.03367012033022122,0.5373134328358209,False,0.05263157894736842
YFJ,51,61,114,4,4,0.09649122807017543,0.2,0.1074561403508772,0.03129889929655081,0.6616915422885572,False,0.18421052631578946,100,0.8,0.10969298245614034,0.03338222053874436,0.03980099502487562,True,0.08771929824561403
YFJ,51,62,114,4,4,0.12280701754385964,0.2,0.1025,0.030330528575466875,0.2935323383084577,False,0.19298245614035087,180,0.2,0.11157894736842104,0.030717933798067077,0.009950248756218905,True,0.07017543859649122
YFJ,52,53,114,4,4,0.11403508771929824,0.8,0.10710526315789473,0.03015168240002801,0.46766169154228854,False,0.15789473684210525,100,0.2,0.11837719298245614,0.03711207722448802,0.1791044776119403,False,0.043859649122807015
YFJ,52,54,114,4,4,0.10526315789473684,0.2,0.10763157894736843,0.03344832312256961,0.5920398009950248,False,0.13157894736842105,60,0.8,0.12114035087719296,0.035047914475648895,0.373134328358209,False,0.02631578947368421
YFJ,52,55,114,4,4,0.07017543859649122,0.2,0.10706140350877191,0.034243316330596234,0.8805970149253731,False,0.14912280701754385,100,0.2,0.11850877192982455,0.035883056012157334,0.19900497512437812,False,0.07894736842105263
YFJ,52,56,114,4,4,0.12280701754385964,0.8,0.10557017543859647,0.03444686626739294,0.3482587064676617,False,0.12280701754385964,225,0.2,0.11350877192982456,0.03413409202375128,0.40298507462686567,False,0.0
YFJ,52,57,114,4,4,0.12280701754385964,0.2,0.10706140350877191,0.0317715469757078,0.3383084577114428,False,0.14912280701754385,100,0.5,0.11666666666666665,0.03566699816531049,0.21393034825870647,False,0.02631578947368421
YFJ,52,58,114,4,4,0.18421052631578946,0.8,0.10951754385964911,0.030310124198822813,0.024875621890547265,True,0.18421052631578946,900,0.8,0.10951754385964911,0.030310124198822813,0.024875621890547265,True,0.0
YFJ,52,59,114,4,4,0.11403508771929824,0.5,0.10635964912280702,0.029781974303291454,0.43283582089552236,False,0.14912280701754385,100,0.2,0.12004385964912281,0.03681478124296669,0.23880597014925373,False,0.03508771929824561
YFJ,52,60,114,4,4,0.10526315789473684,0.2,0.11153508771929824,0.03443563940809269,0.6069651741293532,False,0.12280701754385964,100,0.2,0.11991228070175439,0.037866167915105164,0.5024875621890548,False,0.017543859649122806
YFJ,52,61,114,4,4,0.06140350877192982,0.5,0.10982456140350877,0.03313764671602474,0.9303482587064676,False,0.17543859649122806,75,0.2,0.11890350877192983,0.035890679050663614,0.0945273631840796,False,0.11403508771929824
YFJ,52,62,114,4,4,0.10526315789473684,0.8,0.10767543859649122,0.031028257201295418,0.5522388059701493,False,0.16666666666666666,225,0.5,0.11285087719298245,0.031690877627941004,0.04975124378109453,True,0.06140350877192982
YFJ,53,54,114,4,4,0.06140350877192982,0.5,0.10412280701754387,0.03215878664206822,0.9502487562189055,False,0.15789473684210525,180,0.5,0.11144736842105264,0.03134886229750569,0.0945273631840796,False,0.09649122807017543
YFJ,53,55,114,4,4,0.07017543859649122,0.5,0.10543859649122807,0.030991130059596507,0.8805970149253731,False,0.14912280701754385,150,0.5,0.11105263157894736,0.033096548060091394,0.15422885572139303,False,0.07894736842105263
YFJ,53,56,114,4,4,0.07894736842105263,0.2,0.10802631578947368,0.030521156214324958,0.8656716417910447,False,0.19298245614035087,90,0.2,0.11881578947368421,0.03389716832175685,0.04477611940298507,True,0.11403508771929824
YFJ,53,57,114,4,4,0.09649122807017543,0.2,0.10548245614035087,0.03029047200492069,0.6567164179104478,False,0.16666666666666666,90,0.5,0.11355263157894736,0.033245259880825835,0.0845771144278607,False,0.07017543859649122
YFJ,53,58,114,4,4,0.14035087719298245,0.8,0.10478070175438596,0.03214540751014299,0.15920398009950248,False,0.21052631578947367,180,0.5,0.11114035087719298,0.033464503396749806,0.009950248756218905,True,0.07017543859649122
YFJ,53,59,114,4,4,0.07017543859649122,0.5,0.10390350877192983,0.030754887839713668,0.8905472636815921,False,0.15789473684210525,180,0.5,0.10986842105263157,0.03336994027333477,0.09950248756218906,False,0.08771929824561403
YFJ,53,60,114,4,4,0.07017543859649122,0.8,0.10548245614035086,0.031171238157051424,0.9054726368159204,False,0.07017543859649122,75,0.2,0.11807017543859648,0.03501977022888295,0.9303482587064676,False,0.0
YFJ,53,61,114,4,4,0.09649122807017543,0.5,0.1057017543859649,0.027777584443555103,0.6616915422885572,False,0.20175438596491227,180,0.5,0.11192982456140349,0.0332573827209327,0.014925373134328358,True,0.10526315789473684
YFJ,53,62,114,4,4,0.11403508771929824,0.2,0.10982456140350877,0.029730288539190634,0.5174129353233831,False,0.15789473684210525,90,0.2,0.11486842105263158,0.03321500618131858,0.11940298507462686,False,0.043859649122807015
YFJ,54,55,114,4,4,0.06140350877192982,0.5,0.10649122807017543,0.0311290649602735,0.945273631840796,False,0.18421052631578946,60,0.8,0.11605263157894737,0.034304378505839415,0.04477611940298507,True,0.12280701754385964
YFJ,54,56,114,4,4,0.13157894736842105,0.2,0.1037719298245614,0.033395104168040465,0.22885572139303484,False,0.14912280701754385,60,0.5,0.11921052631578945,0.03523277343104649,0.23880597014925373,False,0.017543859649122806
YFJ,54,57,114,4,4,0.07017543859649122,0.5,0.09842105263157894,0.032324885722190756,0.8756218905472637,False,0.12280701754385964,60,0.2,0.1118859649122807,0.03453789323834519,0.40298507462686567,False,0.05263157894736842
YFJ,54,58,114,4,4,0.19298245614035087,0.8,0.10421052631578948,0.032305741010438746,0.009950248756218905,True,0.24561403508771928,180,0.5,0.10657894736842105,0.03344878552473622,0.004975124378109453,True,0.05263157894736842
YFJ,54,59,114,4,4,0.043859649122807015,0.2,0.10105263157894737,0.03238225194624575,0.9950248756218906,False,0.08771929824561403,60,0.2,0.11337719298245613,0.032738247770378266,0.8208955223880597,False,0.043859649122807015
YFJ,54,60,114,4,4,0.07894736842105263,0.5,0.1062719298245614,0.029615844560246893,0.8805970149253731,False,0.10526315789473684,75,0.5,0.11214912280701754,0.03246474673295564,0.6119402985074627,False,0.02631578947368421
YFJ,54,61,114,4,4,0.09649122807017543,0.5,0.10337719298245612,0.029807151184722092,0.6318407960199005,False,0.19298245614035087,100,0.5,0.10960526315789475,0.034126813080959696,0.01990049751243781,True,0.09649122807017543
YFJ,54,62,114,4,4,0.08771929824561403,0.2,0.1011842105263158,0.03126339224536675,0.6915422885572139,False,0.18421052631578946,225,0.8,0.10552631578947366,0.03434042885740063,0.01990049751243781,True,0.09649122807017543
YFJ,55,56,114,4,4,0.07894736842105263,0.2,0.10570175438596491,0.031532751972600075,0.8507462686567164,False,0.15789473684210525,90,0.5,0.11956140350877192,0.033570636905280504,0.16417910447761194,False,0.07894736842105263
YFJ,55,57,114,4,4,0.09649122807017543,0.2,0.10478070175438596,0.03240895827362313,0.6666666666666666,False,0.18421052631578946,60,0.8,0.11583333333333332,0.03492532175205841,0.05472636815920398,False,0.08771929824561403
YFJ,55,58,114,4,4,0.12280701754385964,0.2,0.1062280701754386,0.03292494719011312,0.3681592039800995,False,0.21052631578947367,75,0.8,0.1143859649122807,0.03711043621112457,0.014925373134328358,True,0.08771929824561403
YFJ,55,59,114,4,4,0.07894736842105263,0.8,0.10666666666666667,0.030746620282515895,0.8706467661691543,False,0.19298245614035087,90,0.5,0.11912280701754384,0.03483733283815697,0.03980099502487562,True,0.11403508771929824
YFJ,55,60,114,4,4,0.07894736842105263,0.2,0.10732456140350877,0.03151100937921471,0.8656716417910447,False,0.13157894736842105,100,0.8,0.12026315789473685,0.03573836916394975,0.4527363184079602,False,0.05263157894736842
YFJ,55,61,114,4,4,0.11403508771929824,0.5,0.10666666666666667,0.032566569584742806,0.472636815920398,False,0.19298245614035087,100,0.8,0.11828947368421051,0.035579919681036846,0.029850746268656716,True,0.07894736842105263
YFJ,55,62,114,4,4,0.13157894736842105,0.5,0.10868421052631579,0.033135663009243616,0.27860696517412936,False,0.18421052631578946,90,0.8,0.11732456140350876,0.03438012493431075,0.05472636815920398,False,0.05263157894736842
YFJ,56,57,114,4,4,0.14035087719298245,0.8,0.10210526315789473,0.032786666049295005,0.15422885572139303,False,0.14912280701754385,75,0.8,0.11578947368421051,0.035351210252828696,0.20398009950248755,False,0.008771929824561403
YFJ,56,58,114,4,4,0.17543859649122806,0.5,0.1062280701754386,0.034518771722031764,0.03980099502487562,True,0.18421052631578946,225,0.2,0.11092105263157893,0.033955294501017086,0.029850746268656716,True,0.008771929824561403
YFJ,56,59,114,4,4,0.13157894736842105,0.8,0.10666666666666666,0.0328385161221644,0.263681592039801,False,0.14912280701754385,75,0.8,0.11745614035087719,0.036277436614403025,0.22885572139303484,False,0.017543859649122806
YFJ,56,60,114,4,4,0.08771929824561403,0.5,0.10605263157894736,0.03521081730440974,0.7412935323383084,False,0.12280701754385964,90,0.8,0.11960526315789474,0.03545145047745318,0.5323383084577115,False,0.03508771929824561
YFJ,56,61,114,4,4,0.08771929824561403,0.2,0.10464912280701753,0.034109955092920516,0.7213930348258707,False,0.19298245614035087,225,0.2,0.11021929824561404,0.03361975410264641,0.01990049751243781,True,0.10526315789473684
YFJ,56,62,114,4,4,0.14912280701754385,0.2,0.10859649122807018,0.033940060255677404,0.12437810945273632,False,0.14912280701754385,75,0.8,0.11600877192982456,0.03629499242878626,0.21393034825870647,False,0.0
YFJ,57,58,114,4,4,0.16666666666666666,0.5,0.10530701754385964,0.03520321180391626,0.06467661691542288,False,0.24561403508771928,180,0.5,0.10609649122807017,0.03098660692498485,0.004975124378109453,True,0.07894736842105263
YFJ,57,59,114,4,4,0.07894736842105263,0.2,0.1013157894736842,0.03329816674363206,0.7711442786069652,False,0.13157894736842105,100,0.2,0.11583333333333332,0.030782535003995307,0.3333333333333333,False,0.05263157894736842
YFJ,57,60,114,4,4,0.11403508771929824,0.2,0.10381578947368421,0.03228439923590019,0.40298507462686567,False,0.11403508771929824,900,0.2,0.10381578947368421,0.03228439923590019,0.40298507462686567,False,0.0
YFJ,57,61,114,4,4,0.14035087719298245,0.2,0.10403508771929826,0.03227556506168227,0.13930348258706468,False,0.18421052631578946,100,0.8,0.11096491228070175,0.03233194247381957,0.03980099502487562,True,0.043859649122807015
YFJ,57,62,114,4,4,0.09649122807017543,0.5,0.10583333333333332,0.033648494786856054,0.5920398009950248,False,0.17543859649122806,225,0.2,0.11210526315789472,0.03304650697305568,0.04477611940298507,True,0.07894736842105263
YFJ,58,59,114,4,4,0.14912280701754385,0.8,0.10486842105263157,0.031698441476400725,0.12935323383084577,False,0.20175438596491227,180,0.8,0.11092105263157893,0.03060111842400311,0.009950248756218905,True,0.05263157894736842
YFJ,58,60,114,4,4,0.14912280701754385,0.2,0.1045175438596491,0.03320545891237567,0.09950248756218906,False,0.17543859649122806,180,0.2,0.11109649122807017,0.03215839586995257,0.029850746268656716,True,0.02631578947368421
YFJ,58,61,114,4,4,0.15789473684210525,0.8,0.10815789473684209,0.032276403663432644,0.09950248756218906,False,0.19298245614035087,100,0.2,0.11412280701754388,0.034013236086288375,0.024875621890547265,True,0.03508771929824561
YFJ,58,62,114,4,4,0.15789473684210525,0.8,0.1037719298245614,0.033220971831092766,0.08955223880597014,False,0.2631578947368421,180,0.5,0.11092105263157893,0.03230978029213235,0.004975124378109453,True,0.10526315789473684
YFJ,59,60,114,4,4,0.09649122807017543,0.2,0.10399122807017544,0.03241134435998203,0.6119402985074627,False,0.12280701754385964,90,0.5,0.11758771929824562,0.03578710430312649,0.4427860696517413,False,0.02631578947368421
YFJ,59,61,114,4,4,0.06140350877192982,0.2,0.10482456140350876,0.0321279912652414,0.9303482587064676,False,0.18421052631578946,100,0.8,0.11201754385964911,0.03329770224983618,0.03980099502487562,True,0.12280701754385964
YFJ,59,62,114,4,4,0.09649122807017543,0.2,0.10578947368421053,0.030293056868798768,0.6567164179104478,False,0.13157894736842105,150,0.5,0.11592105263157894,0.03570900952816667,0.373134328358209,False,0.03508771929824561
YFJ,60,61,114,4,4,0.05263157894736842,0.2,0.10679824561403507,0.033259678876245743,0.9651741293532339,False,0.13157894736842105,90,0.8,0.11820175438596489,0.0318401130983325,0.36318407960199006,False,0.07894736842105263
YFJ,60,62,114,4,4,0.12280701754385964,0.2,0.10657894736842105,0.03240361876900763,0.3283582089552239,False,0.12280701754385964,180,0.2,0.11394736842105263,0.03535110087391489,0.4079601990049751,False,0.0
YFJ,61,62,114,4,4,0.14912280701754385,0.2,0.10469298245614034,0.032751709391451174,0.1044776119402985,False,0.20175438596491227,180,0.2,0.10842105263157893,0.030766735178051733,0.009950248756218905,True,0.05263157894736842
