subject,neuron_1,neuron_2,n_presentations,min_class_count,n_splits,FR_accuracy,FR_best_gamma,FR_null_mean,FR_null_sd,FR_p,FR_coding,TC_accuracy,TC_best_bin_ms,TC_best_gamma,TC_null_mean,TC_null_sd,TC_p,TC_coding,TC_minus_FR
YFK,25,26,114,4,4,0.06140350877192982,0.2,0.10464912280701753,0.03290991157229718,0.9402985074626866,False,0.14035087719298245,90,0.2,0.11486842105263158,0.03686746879904857,0.29850746268656714,False,0.07894736842105263
YFK,25,27,114,4,4,0.14035087719298245,0.2,0.10763157894736843,0.03347143540559264,0.1791044776119403,False,0.24561403508771928,75,0.8,0.1187280701754386,0.032165609359193915,0.004975124378109453,True,0.10526315789473684
YFK,25,28,114,4,4,0.10526315789473684,0.2,0.10600877192982455,0.03298346785575439,0.5223880597014925,False,0.21929824561403508,60,0.2,0.11162280701754387,0.03738136654873057,0.014925373134328358,True,0.11403508771929824
YFK,25,29,114,4,4,0.11403508771929824,0.5,0.10486842105263157,0.03171063743024207,0.39303482587064675,False,0.16666666666666666,225,0.2,0.11442982456140349,0.033937069554274314,0.09950248756218906,False,0.05263157894736842
YFK,25,30,114,4,4,0.09649122807017543,0.2,0.10254385964912281,0.033072589230131816,0.5920398009950248,False,0.20175438596491227,100,0.2,0.11934210526315787,0.03797616377744989,0.04477611940298507,True,0.10526315789473684
YFK,25,31,114,4,4,0.09649122807017543,0.8,0.10421052631578945,0.03249668059086998,0.6417910447761194,False,0.21929824561403508,60,0.5,0.12043859649122805,0.03548995835465202,0.004975124378109453,True,0.12280701754385964
YFK,25,32,114,4,4,0.12280701754385964,0.2,0.10188596491228069,0.032794183496165204,0.29850746268656714,False,0.20175438596491227,60,0.2,0.11565789473684208,0.03413904761410586,0.01990049751243781,True,0.07894736842105263
YFK,25,33,114,4,4,0.14035087719298245,0.8,0.10587719298245613,0.029944761438767873,0.1691542288557214,False,0.17543859649122806,60,0.2,0.11802631578947369,0.03550180481266911,0.0945273631840796,False,0.03508771929824561
YFK,25,34,114,4,4,0.07894736842105263,0.2,0.10412280701754387,0.02974784122911798,0.8109452736318408,False,0.16666666666666666,180,0.2,0.11394736842105262,0.03307960336679857,0.08955223880597014,False,0.08771929824561403
YFK,25,35,114,4,4,0.08771929824561403,0.2,0.10495614035087719,0.03063243897593762,0.7263681592039801,False,0.14912280701754385,75,0.2,0.11486842105263158,0.03280502916693818,0.1791044776119403,False,0.06140350877192982
YFK,25,36,114,4,4,0.08771929824561403,0.2,0.10486842105263157,0.03201402632002042,0.746268656716418,False,0.17543859649122806,225,0.2,0.11447368421052632,0.03720315690230068,0.0945273631840796,False,0.08771929824561403
YFK,25,37,114,4,4,0.13157894736842105,0.2,0.1030263157894737,0.03130195676615117,0.22388059701492538,False,0.19298245614035087,300,0.8,0.10535087719298247,0.03185289211923376,0.004975124378109453,True,0.06140350877192982
YFK,25,38,114,4,4,0.09649122807017543,0.5,0.1062719298245614,0.030107888477880273,0.6666666666666666,False,0.14035087719298245,90,0.2,0.11780701754385965,0.03155432640948903,0.25870646766169153,False,0.043859649122807015
YFK,25,39,114,4,4,0.11403508771929824,0.2,0.10504385964912281,0.03237601232380101,0.42786069651741293,False,0.15789473684210525,90,0.8,0.1144298245614035,0.03474773017469375,0.15920398009950248,False,0.043859649122807015
YFK,25,40,114,4,4,0.10526315789473684,0.2,0.10416666666666664,0.03271461750770965,0.5074626865671642,False,0.18421052631578946,60,0.8,0.11890350877192983,0.035194423620110826,0.04477611940298507,True,0.07894736842105263
YFK,25,41,114,4,4,0.11403508771929824,0.5,0.10429824561403507,0.032044116725401146,0.38308457711442784,False,0.14035087719298245,300,0.2,0.11105263157894736,0.03352603255493023,0.21890547263681592,False,0.02631578947368421
YFK,25,42,114,4,4,0.07017543859649122,0.5,0.10460526315789473,0.03190077543120141,0.8805970149253731,False,0.16666666666666666,75,0.5,0.11942982456140351,0.03776972594206187,0.15422885572139303,False,0.09649122807017543
YFK,25,43,114,4,4,0.08771929824561403,0.5,0.10267543859649124,0.030460539049494376,0.7313432835820896,False,0.21052631578947367,75,0.2,0.11815789473684209,0.032045564698021306,0.009950248756218905,True,0.12280701754385964
YFK,25,44,114,4,4,0.11403508771929824,0.2,0.10464912280701753,0.034605140387197246,0.4079601990049751,False,0.21929824561403508,100,0.2,0.11574561403508772,0.0348410786223511,0.004975124378109453,True,0.10526315789473684
YFK,25,45,114,4,4,0.05263157894736842,0.5,0.10421052631578949,0.03321456962829041,0.9701492537313433,False,0.14035087719298245,60,0.2,0.11921052631578948,0.03289439889332411,0.3333333333333333,False,0.08771929824561403
YFK,25,46,114,4,4,0.13157894736842105,0.8,0.1042982456140351,0.03385142365439228,0.22885572139303484,False,0.21929824561403508,60,0.2,0.12364035087719298,0.0329461674408007,0.009950248756218905,True,0.08771929824561403
YFK,25,47,114,4,4,0.05263157894736842,0.2,0.10346491228070175,0.03420942429680564,0.9651741293532339,False,0.15789473684210525,60,0.2,0.12342105263157893,0.03986974015901937,0.208955223880597,False,0.10526315789473684
YFK,25,48,114,4,4,0.07894736842105263,0.5,0.10600877192982455,0.030662718726382772,0.8507462686567164,False,0.19298245614035087,60,0.2,0.12109649122807017,0.03347129100338478,0.024875621890547265,True,0.11403508771929824
YFK,25,49,114,4,4,0.07894736842105263,0.2,0.10350877192982455,0.033032931378381106,0.7860696517412935,False,0.20175438596491227,60,0.8,0.12043859649122807,0.03832898005518362,0.03980099502487562,True,0.12280701754385964
YFK,25,50,114,4,4,0.09649122807017543,0.5,0.10605263157894736,0.033592283794365345,0.6368159203980099,False,0.15789473684210525,90,0.2,0.11850877192982455,0.033416864764505845,0.1791044776119403,False,0.06140350877192982
YFK,25,51,114,4,4,0.043859649122807015,0.2,0.10767543859649123,0.03321896400029433,0.9950248756218906,False,0.19298245614035087,60,0.2,0.11530701754385966,0.03739646551456134,0.04975124378109453,True,0.14912280701754385
YFK,25,52,114,4,4,0.07894736842105263,0.2,0.1069736842105263,0.035029236945154835,0.7910447761194029,False,0.22807017543859648,90,0.2,0.11557017543859648,0.03673971300627283,0.014925373134328358,True,0.14912280701754385
YFK,25,53,114,4,4,0.10526315789473684,0.5,0.10464912280701753,0.030482269830220322,0.5124378109452736,False,0.21052631578947367,60,0.2,0.12021929824561405,0.03342620705457535,0.009950248756218905,True,0.10526315789473684
YFK,25,54,114,4,4,0.11403508771929824,0.5,0.10495614035087719,0.03361745378642642,0.43781094527363185,False,0.15789473684210525,100,0.2,0.11833333333333335,0.031215274433956646,0.15422885572139303,False,0.043859649122807015
YFK,25,55,114,4,4,0.09649122807017543,0.2,0.10736842105263157,0.031783015349595226,0.6766169154228856,False,0.21929824561403508,60,0.2,0.1150877192982456,0.036919478959130475,0.009950248756218905,True,0.12280701754385964
YFK,25,56,114,4,4,0.10526315789473684,0.2,0.10798245614035086,0.03459262359108118,0.5522388059701493,False,0.24561403508771928,100,0.2,0.1200877192982456,0.03500375654546992,0.004975124378109453,True,0.14035087719298245
YFK,25,57,114,4,4,0.08771929824561403,0.2,0.10486842105263157,0.03082019571434613,0.746268656716418,False,0.21929824561403508,60,0.2,0.11166666666666666,0.03701518518849806,0.014925373134328358,True,0.13157894736842105
YFK,25,58,114,4,4,0.10526315789473684,0.5,0.10162280701754385,0.031734771591224904,0.4626865671641791,False,0.17543859649122806,300,0.2,0.1099561403508772,0.032393205695610744,0.03482587064676617,True,0.07017543859649122
YFK,25,59,114,4,4,0.07894736842105263,0.2,0.10504385964912281,0.03185832392662562,0.8407960199004975,False,0.16666666666666666,180,0.8,0.11140350877192982,0.034262535148349316,0.09950248756218906,False,0.08771929824561403
YFK,25,60,114,4,4,0.17543859649122806,0.8,0.10662280701754386,0.03203575943813416,0.03482587064676617,True,0.24561403508771928,100,0.8,0.11969298245614034,0.03797616377744989,0.014925373134328358,True,0.07017543859649122
YFK,25,61,114,4,4,0.11403508771929824,0.8,0.10267543859649124,0.028883749774746833,0.417910447761194,False,0.18421052631578946,60,0.2,0.11469298245614035,0.03971842687628139,0.06965174129353234,False,0.07017543859649122
YFK,25,62,114,4,4,0.13157894736842105,0.8,0.10649122807017543,0.03311523559048142,0.25870646766169153,False,0.14912280701754385,75,0.2,0.1175,0.035317259194136974,0.21890547263681592,False,0.017543859649122806
YFK,25,63,114,4,4,0.09649122807017543,0.2,0.10478070175438596,0.03381036350466469,0.6318407960199005,False,0.16666666666666666,75,0.8,0.11732456140350876,0.03880747376570338,0.09950248756218906,False,0.07017543859649122
YFK,25,64,114,4,4,0.09649122807017543,0.5,0.10271929824561404,0.03084894378293816,0.6616915422885572,False,0.21052631578947367,60,0.5,0.11535087719298245,0.038208135717999005,0.029850746268656716,True,0.11403508771929824
YFK,25,65,114,4,4,0.07017543859649122,0.5,0.10061403508771928,0.030500023637394364,0.8656716417910447,False,0.21929824561403508,60,0.2,0.11206140350877192,0.03604913020889542,0.014925373134328358,True,0.14912280701754385
YFK,25,66,114,4,4,0.05263157894736842,0.2,0.10114035087719297,0.032737922969916594,0.9651741293532339,False,0.16666666666666666,60,0.5,0.11688596491228069,0.037464025926831374,0.11940298507462686,False,0.11403508771929824
YFK,25,67,114,4,4,0.11403508771929824,0.2,0.10140350877192983,0.031592658185105454,0.4129353233830846,False,0.19298245614035087,60,0.5,0.11535087719298245,0.03528278231082447,0.03482587064676617,True,0.07894736842105263
YFK,25,68,114,4,4,0.08771929824561403,0.2,0.10219298245614034,0.03539220351415979,0.6915422885572139,False,0.18421052631578946,60,0.2,0.11771929824561404,0.03686497780789304,0.05472636815920398,False,0.09649122807017543
YFK,26,27,114,4,4,0.13157894736842105,0.8,0.1057017543859649,0.03171615455816686,0.24875621890547264,False,0.17543859649122806,225,0.5,0.11100877192982456,0.03121041211381126,0.04975124378109453,True,0.043859649122807015
YFK,26,28,114,4,4,0.03508771929824561,0.2,0.10438596491228068,0.033474785361949755,1.0,False,0.11403508771929824,180,0.2,0.10662280701754386,0.03344124179085835,0.4129353233830846,False,0.07894736842105263
YFK,26,29,114,4,4,0.14912280701754385,0.2,0.10662280701754386,0.03214420461876776,0.1044776119402985,False,0.14912280701754385,900,0.2,0.10662280701754386,0.03214420461876776,0.1044776119402985,False,0.0
YFK,26,30,114,4,4,0.07894736842105263,0.5,0.10434210526315789,0.03281445727119738,0.8109452736318408,False,0.14912280701754385,100,0.2,0.11675438596491226,0.03611292096522002,0.22388059701492538,False,0.07017543859649122
YFK,26,31,114,4,4,0.10526315789473684,0.2,0.1056140350877193,0.032213207884556505,0.5472636815920398,False,0.22807017543859648,150,0.2,0.1132017543859649,0.032757847942833394,0.004975124378109453,True,0.12280701754385964
YFK,26,32,114,4,4,0.10526315789473684,0.5,0.0994736842105263,0.03290908911383688,0.43283582089552236,False,0.14035087719298245,180,0.2,0.10982456140350877,0.03729875723766543,0.23383084577114427,False,0.03508771929824561
YFK,26,33,114,4,4,0.07017543859649122,0.2,0.10153508771929826,0.03085956469649123,0.8855721393034826,False,0.11403508771929824,60,0.5,0.11934210526315789,0.03906032653209906,0.527363184079602,False,0.043859649122807015
YFK,26,34,114,4,4,0.08771929824561403,0.2,0.10149122807017542,0.03201659280336287,0.7064676616915423,False,0.11403508771929824,75,0.2,0.12057017543859647,0.03515374969208526,0.6119402985074627,False,0.02631578947368421
YFK,26,35,114,4,4,0.10526315789473684,0.8,0.10210526315789473,0.03087963732480637,0.4925373134328358,False,0.11403508771929824,60,0.2,0.11587719298245613,0.03308661601651629,0.5621890547263682,False,0.008771929824561403
YFK,26,36,114,4,4,0.08771929824561403,0.8,0.10657894736842105,0.032747842694011854,0.7562189054726368,False,0.13157894736842105,150,0.2,0.11355263157894736,0.032717690406989366,0.29850746268656714,False,0.043859649122807015
YFK,26,37,114,4,4,0.12280701754385964,0.5,0.10434210526315787,0.03343314700375996,0.3582089552238806,False,0.16666666666666666,150,0.8,0.11092105263157893,0.03084026262193219,0.05472636815920398,False,0.043859649122807015
YFK,26,38,114,4,4,0.08771929824561403,0.2,0.10692982456140349,0.0317117653189746,0.7512437810945274,False,0.14035087719298245,100,0.8,0.1119298245614035,0.035145416724769216,0.22885572139303484,False,0.05263157894736842
YFK,26,39,114,4,4,0.06140350877192982,0.2,0.10530701754385964,0.0314805629441768,0.9601990049751243,False,0.08771929824561403,60,0.2,0.11587719298245613,0.03402005628421667,0.8308457711442786,False,0.02631578947368421
YFK,26,40,114,4,4,0.10526315789473684,0.2,0.10583333333333332,0.03392316645315266,0.5671641791044776,False,0.16666666666666666,60,0.5,0.11710526315789473,0.03531564426980529,0.09950248756218906,False,0.06140350877192982
YFK,26,41,114,4,4,0.10526315789473684,0.8,0.10381578947368421,0.031001328085727083,0.527363184079602,False,0.14035087719298245,75,0.8,0.11508771929824561,0.035005634390886824,0.2736318407960199,False,0.03508771929824561
YFK,26,42,114,4,4,0.08771929824561403,0.2,0.10508771929824562,0.03265573345827486,0.7412935323383084,False,0.10526315789473684,60,0.5,0.11736842105263158,0.03341188885686503,0.6865671641791045,False,0.017543859649122806
YFK,26,43,114,4,4,0.10526315789473684,0.5,0.1018421052631579,0.03200789612131248,0.48258706467661694,False,0.21052631578947367,75,0.8,0.115,0.03009006393138297,0.014925373134328358,True,0.10526315789473684
YFK,26,44,114,4,4,0.10526315789473684,0.5,0.10552631578947368,0.03282049572721999,0.5223880597014925,False,0.15789473684210525,150,0.8,0.11368421052631579,0.03414768278119734,0.12935323383084577,False,0.05263157894736842
YFK,26,45,114,4,4,0.05263157894736842,0.2,0.10460526315789473,0.03354329928373094,0.9850746268656716,False,0.10526315789473684,300,0.5,0.10706140350877191,0.03735404881353503,0.5572139303482587,False,0.05263157894736842
YFK,26,46,114,4,4,0.07894736842105263,0.2,0.10416666666666666,0.0328679105400514,0.8208955223880597,False,0.15789473684210525,60,0.5,0.11956140350877192,0.035102152545873594,0.1691542288557214,False,0.07894736842105263
YFK,26,47,114,4,4,0.06140350877192982,0.5,0.10342105263157894,0.03138328700279796,0.9502487562189055,False,0.14035087719298245,60,0.2,0.11956140350877192,0.03537646771994727,0.3034825870646766,False,0.07894736842105263
YFK,26,48,114,4,4,0.07017543859649122,0.2,0.10328947368421051,0.0316635351188449,0.8805970149253731,False,0.13157894736842105,60,0.2,0.11850877192982455,0.033242846413886674,0.3781094527363184,False,0.06140350877192982
YFK,26,49,114,4,4,0.06140350877192982,0.2,0.10495614035087719,0.03191822479962156,0.9402985074626866,False,0.15789473684210525,60,0.5,0.11719298245614035,0.035231127196181725,0.15920398009950248,False,0.09649122807017543
YFK,26,50,114,4,4,0.11403508771929824,0.8,0.10280701754385965,0.030604435120211302,0.4079601990049751,False,0.11403508771929824,900,0.8,0.10280701754385965,0.030604435120211302,0.4079601990049751,False,0.0
YFK,26,51,114,4,4,0.05263157894736842,0.2,0.10328947368421051,0.03433510817954336,0.9651741293532339,False,0.11403508771929824,60,0.5,0.11561403508771928,0.03717206766162994,0.5074626865671642,False,0.06140350877192982
YFK,26,52,114,4,4,0.12280701754385964,0.2,0.10486842105263157,0.03386863866078539,0.32338308457711445,False,0.16666666666666666,75,0.5,0.11587719298245613,0.033985941608007095,0.09950248756218906,False,0.043859649122807015
YFK,26,53,114,4,4,0.10526315789473684,0.8,0.10271929824561404,0.03289910047756488,0.527363184079602,False,0.11403508771929824,225,0.2,0.11043859649122806,0.0333032757478073,0.4925373134328358,False,0.008771929824561403
YFK,26,54,114,4,4,0.07894736842105263,0.5,0.10149122807017545,0.033802500100664566,0.7860696517412935,False,0.15789473684210525,100,0.2,0.11359649122807017,0.033667708607353845,0.15920398009950248,False,0.07894736842105263
YFK,26,55,114,4,4,0.07894736842105263,0.2,0.10307017543859648,0.03019217924599807,0.8557213930348259,False,0.12280701754385964,60,0.2,0.11649122807017545,0.03475732660951304,0.4626865671641791,False,0.043859649122807015
YFK,26,56,114,4,4,0.10526315789473684,0.2,0.10916666666666666,0.03215142129195677,0.6218905472636815,False,0.12280701754385964,60,0.2,0.11907894736842105,0.03335255481288845,0.4427860696517413,False,0.017543859649122806
YFK,26,57,114,4,4,0.02631578947368421,0.2,0.10429824561403508,0.03287793805386627,1.0,False,0.10526315789473684,180,0.8,0.10899122807017543,0.0337215006624808,0.5970149253731343,False,0.07894736842105263
YFK,26,58,114,4,4,0.09649122807017543,0.2,0.10399122807017543,0.03338685342731706,0.6119402985074627,False,0.13157894736842105,75,0.8,0.11688596491228069,0.034799325036253964,0.3582089552238806,False,0.03508771929824561
YFK,26,59,114,4,4,0.05263157894736842,0.2,0.1037280701754386,0.032399889542864956,0.9601990049751243,False,0.12280701754385964,180,0.8,0.11412280701754385,0.03270341671021159,0.4527363184079602,False,0.07017543859649122
YFK,26,60,114,4,4,0.13157894736842105,0.2,0.1069736842105263,0.03638288355660193,0.2736318407960199,False,0.16666666666666666,150,0.8,0.11254385964912281,0.035657348340653934,0.09950248756218906,False,0.03508771929824561
YFK,26,61,114,4,4,0.08771929824561403,0.2,0.10355263157894737,0.0340780579553039,0.7014925373134329,False,0.11403508771929824,60,0.8,0.1162719298245614,0.03646038337085018,0.582089552238806,False,0.02631578947368421
YFK,26,62,114,4,4,0.12280701754385964,0.8,0.1081140350877193,0.03362389427526529,0.373134328358209,False,0.14912280701754385,75,0.2,0.11508771929824561,0.03784011985137332,0.22885572139303484,False,0.02631578947368421
YFK,26,63,114,4,4,0.09649122807017543,0.2,0.10328947368421051,0.03135675527275795,0.5771144278606966,False,0.10526315789473684,60,0.8,0.1169298245614035,0.036830873633789576,0.6069651741293532,False,0.008771929824561403
YFK,26,64,114,4,4,0.05263157894736842,0.2,0.10596491228070175,0.03386935219519726,0.9502487562189055,False,0.13157894736842105,450,0.2,0.10583333333333332,0.03448837386977942,0.24875621890547264,False,0.07894736842105263
YFK,26,65,114,4,4,0.043859649122807015,0.5,0.10021929824561404,0.03213626440645462,0.9900497512437811,False,0.12280701754385964,180,0.2,0.11307017543859647,0.033426120296092494,0.40298507462686567,False,0.07894736842105263
YFK,26,66,114,4,4,0.08771929824561403,0.2,0.10214912280701753,0.032512591159684794,0.6915422885572139,False,0.10526315789473684,180,0.8,0.11052631578947368,0.03304463480882037,0.5771144278606966,False,0.017543859649122806
YFK,26,67,114,4,4,0.05263157894736842,0.2,0.10219298245614034,0.031237068143125896,0.9502487562189055,False,0.13157894736842105,180,0.5,0.10912280701754387,0.033769654186902115,0.26865671641791045,False,0.07894736842105263
YFK,26,68,114,4,4,0.07017543859649122,0.2,0.10192982456140351,0.03260359270418269,0.8606965174129353,False,0.11403508771929824,180,0.2,0.11083333333333333,0.03441092742437142,0.4626865671641791,False,0.043859649122807015
YFK,27,28,114,4,4,0.14912280701754385,0.2,0.10749999999999998,0.030054157975939053,0.12437810945273632,False,0.2719298245614035,225,0.8,0.10855263157894736,0.035639207191492446,0.004975124378109453,True,0.12280701754385967
YFK,27,29,114,4,4,0.14035087719298245,0.5,0.1074561403508772,0.031557267235368294,0.18407960199004975,False,0.24561403508771928,225,0.8,0.10991228070175438,0.031239048635485128,0.004975124378109453,True,0.10526315789473684
YFK,27,30,114,4,4,0.15789473684210525,0.2,0.10719298245614034,0.034912725929564854,0.10945273631840796,False,0.23684210526315788,75,0.8,0.11846491228070175,0.03293912488997842,0.004975124378109453,True,0.07894736842105263
YFK,27,31,114,4,4,0.15789473684210525,0.2,0.10469298245614034,0.03353338425250876,0.07960199004975124,False,0.21052631578947367,60,0.8,0.12184210526315788,0.0359992460771871,0.014925373134328358,True,0.05263157894736842
YFK,27,32,114,4,4,0.14035087719298245,0.2,0.1057017543859649,0.03474163714937904,0.20398009950248755,False,0.2631578947368421,225,0.8,0.111359649122807,0.034913141248896384,0.004975124378109453,True,0.12280701754385964
YFK,27,33,114,4,4,0.18421052631578946,0.2,0.10434210526315787,0.03441339942128996,0.03482587064676617,True,0.24561403508771928,225,0.8,0.11035087719298245,0.03318894846712868,0.004975124378109453,True,0.06140350877192982
YFK,27,34,114,4,4,0.14912280701754385,0.2,0.10390350877192982,0.03130319202269864,0.0945273631840796,False,0.21929824561403508,75,0.8,0.12004385964912279,0.033039690615213516,0.009950248756218905,True,0.07017543859649122
YFK,27,35,114,4,4,0.11403508771929824,0.8,0.10543859649122807,0.03309093974305043,0.417910447761194,False,0.14912280701754385,450,0.2,0.10890350877192984,0.0337998404264584,0.15422885572139303,False,0.03508771929824561
YFK,27,36,114,4,4,0.09649122807017543,0.2,0.10929824561403506,0.031163825520295754,0.6666666666666666,False,0.23684210526315788,225,0.8,0.1132017543859649,0.03353937973800538,0.004975124378109453,True,0.14035087719298245
YFK,27,37,114,4,4,0.16666666666666666,0.8,0.10605263157894736,0.03202480416789438,0.04975124378109453,True,0.20175438596491227,150,0.2,0.11157894736842106,0.03385564970699798,0.014925373134328358,True,0.03508771929824561
YFK,27,38,114,4,4,0.15789473684210525,0.2,0.10942982456140352,0.03228631548341972,0.0945273631840796,False,0.19298245614035087,300,0.5,0.10820175438596491,0.033118008621978785,0.01990049751243781,True,0.03508771929824561
YFK,27,39,114,4,4,0.14912280701754385,0.8,0.10960526315789472,0.03138830732591789,0.13432835820895522,False,0.19298245614035087,300,0.8,0.11289473684210526,0.031082698543352265,0.014925373134328358,True,0.043859649122807015
YFK,27,40,114,4,4,0.14912280701754385,0.2,0.1057017543859649,0.03301829625676499,0.1044776119402985,False,0.21929824561403508,150,0.5,0.11600877192982456,0.03763393751572521,0.024875621890547265,True,0.07017543859649122
YFK,27,41,114,4,4,0.17543859649122806,0.8,0.10710526315789473,0.031185531194906805,0.01990049751243781,True,0.17543859649122806,75,0.8,0.11868421052631577,0.03392125718085772,0.07960199004975124,False,0.0
YFK,27,42,114,4,4,0.14035087719298245,0.8,0.10925438596491226,0.0342037723594802,0.19900497512437812,False,0.23684210526315788,225,0.8,0.1132456140350877,0.03576648849715848,0.009950248756218905,True,0.09649122807017543
YFK,27,43,114,4,4,0.15789473684210525,0.5,0.10241228070175439,0.031214624103803577,0.06965174129353234,False,0.22807017543859648,100,0.2,0.11706140350877192,0.032757847942833394,0.009950248756218905,True,0.07017543859649122
YFK,27,44,114,4,4,0.08771929824561403,0.5,0.10929824561403509,0.03417032203132151,0.7661691542288557,False,0.24561403508771928,100,0.8,0.11578947368421051,0.034565898486477946,0.004975124378109453,True,0.15789473684210525
YFK,27,45,114,4,4,0.08771929824561403,0.2,0.10662280701754386,0.031204216978065684,0.7860696517412935,False,0.17543859649122806,100,0.8,0.11600877192982456,0.033687083642418354,0.07960199004975124,False,0.08771929824561403
YFK,27,46,114,4,4,0.14912280701754385,0.5,0.10390350877192982,0.0340939393717462,0.11442786069651742,False,0.21052631578947367,450,0.2,0.10649122807017544,0.03363657038387135,0.009950248756218905,True,0.06140350877192982
YFK,27,47,114,4,4,0.09649122807017543,0.8,0.10723684210526314,0.03256653990190541,0.6865671641791045,False,0.21052631578947367,100,0.5,0.1175,0.036533485482851145,0.014925373134328358,True,0.11403508771929824
YFK,27,48,114,4,4,0.13157894736842105,0.2,0.1081578947368421,0.03154942442385899,0.24875621890547264,False,0.16666666666666666,180,0.5,0.11587719298245613,0.033791974573734486,0.06965174129353234,False,0.03508771929824561
YFK,27,49,114,4,4,0.13157894736842105,0.2,0.10881578947368421,0.034308745993903524,0.2736318407960199,False,0.23684210526315788,225,0.8,0.11065789473684211,0.035029016176247534,0.004975124378109453,True,0.10526315789473684
YFK,27,50,114,4,4,0.16666666666666666,0.2,0.10482456140350876,0.035631747388754215,0.05970149253731343,False,0.16666666666666666,900,0.2,0.10482456140350876,0.035631747388754215,0.05970149253731343,False,0.0
YFK,27,51,114,4,4,0.12280701754385964,0.5,0.1074561403508772,0.03044723914596904,0.3482587064676617,False,0.20175438596491227,225,0.8,0.11035087719298246,0.03452515607048629,0.024875621890547265,True,0.07894736842105263
YFK,27,52,114,4,4,0.20175438596491227,0.2,0.10723684210526314,0.03289730807782744,0.014925373134328358,True,0.2543859649122807,225,0.8,0.11043859649122806,0.033023448559277795,0.004975124378109453,True,0.052631578947368446
YFK,27,53,114,4,4,0.17543859649122806,0.8,0.10837719298245613,0.031411704375363954,0.04975124378109453,True,0.20175438596491227,75,0.8,0.12035087719298244,0.033946895155208136,0.014925373134328358,True,0.02631578947368421
YFK,27,54,114,4,4,0.11403508771929824,0.2,0.10478070175438596,0.033557820667160045,0.4577114427860697,False,0.14035087719298245,225,0.2,0.1125877192982456,0.03611706975437683,0.2736318407960199,False,0.02631578947368421
YFK,27,55,114,4,4,0.19298245614035087,0.8,0.10679824561403509,0.03026493062741015,0.014925373134328358,True,0.24561403508771928,225,0.8,0.10951754385964911,0.03430739354090099,0.004975124378109453,True,0.05263157894736842
YFK,27,56,114,4,4,0.20175438596491227,0.2,0.11114035087719298,0.03329073406518794,0.004975124378109453,True,0.22807017543859648,300,0.8,0.11315789473684208,0.03391088253950899,0.004975124378109453,True,0.02631578947368421
YFK,27,57,114,4,4,0.14035087719298245,0.2,0.10710526315789473,0.031185531194906798,0.1791044776119403,False,0.2719298245614035,225,0.8,0.10842105263157893,0.03471146231633805,0.004975124378109453,True,0.13157894736842107
YFK,27,58,114,4,4,0.14912280701754385,0.2,0.10236842105263158,0.03201176160501887,0.1044776119402985,False,0.16666666666666666,225,0.2,0.11118421052631579,0.03335835097312909,0.07960199004975124,False,0.017543859649122806
YFK,27,59,114,4,4,0.16666666666666666,0.2,0.10548245614035086,0.03262585159317278,0.06965174129353234,False,0.17543859649122806,100,0.5,0.11728070175438596,0.03598334591878107,0.07462686567164178,False,0.008771929824561403
YFK,27,60,114,4,4,0.23684210526315788,0.2,0.11451754385964912,0.033361364578480955,0.009950248756218905,True,0.24561403508771928,225,0.8,0.11236842105263158,0.036027161795574275,0.009950248756218905,True,0.008771929824561403
YFK,27,61,114,4,4,0.15789473684210525,0.2,0.10662280701754387,0.033092546389340026,0.09950248756218906,False,0.20175438596491227,225,0.8,0.1119736842105263,0.03350916080130209,0.014925373134328358,True,0.043859649122807015
YFK,27,62,114,4,4,0.14912280701754385,0.5,0.10618421052631577,0.03112108317648615,0.13432835820895522,False,0.15789473684210525,60,0.2,0.11894736842105262,0.035401925611825556,0.1691542288557214,False,0.008771929824561403
YFK,27,63,114,4,4,0.13157894736842105,0.2,0.10631578947368421,0.03223384707162237,0.2736318407960199,False,0.19298245614035087,75,0.8,0.11728070175438596,0.03546380044406144,0.04477611940298507,True,0.06140350877192982
YFK,27,64,114,4,4,0.14035087719298245,0.8,0.10925438596491227,0.0319111977293784,0.19402985074626866,False,0.2543859649122807,225,0.8,0.10890350877192984,0.03573498794684868,0.009950248756218905,True,0.11403508771929827
YFK,27,65,114,4,4,0.13157894736842105,0.8,0.10574561403508773,0.031464591350007544,0.25870646766169153,False,0.2543859649122807,225,0.8,0.10956140350877192,0.033922169085508797,0.009950248756218905,True,0.12280701754385967
YFK,27,66,114,4,4,0.15789473684210525,0.5,0.10504385964912281,0.03113400208205196,0.07462686567164178,False,0.2631578947368421,225,0.8,0.10864035087719298,0.03476308319882728,0.004975124378109453,True,0.10526315789473684
YFK,27,67,114,4,4,0.13157894736842105,0.8,0.10565789473684209,0.031710637430242064,0.24875621890547264,False,0.24561403508771928,225,0.8,0.10973684210526315,0.034341329631307975,0.009950248756218905,True,0.11403508771929824
YFK,27,68,114,4,4,0.14912280701754385,0.2,0.10434210526315789,0.034199250137091526,0.09950248756218906,False,0.2719298245614035,225,0.8,0.11144736842105261,0.03381722461760046,0.004975124378109453,True,0.12280701754385967
YFK,28,29,114,4,4,0.17543859649122806,0.5,0.10245614035087719,0.030813451555098226,0.014925373134328358,True,0.17543859649122806,900,0.5,0.10245614035087719,0.030813451555098226,0.014925373134328358,True,0.0
YFK,28,30,114,4,4,0.13157894736842105,0.2,0.10285087719298247,0.032465461347205925,0.21393034825870647,False,0.19298245614035087,180,0.8,0.11263157894736843,0.03141838165100918,0.014925373134328358,True,0.06140350877192982
YFK,28,31,114,4,4,0.12280701754385964,0.2,0.10671052631578946,0.03026927418207724,0.3383084577114428,False,0.21929824561403508,60,0.2,0.11978070175438596,0.0362647239928717,0.009950248756218905,True,0.09649122807017543
YFK,28,32,114,4,4,0.17543859649122806,0.5,0.08644736842105263,0.03176059187814494,0.01990049751243781,True,0.19298245614035087,300,0.8,0.08596491228070174,0.03245429370168023,0.009950248756218905,True,0.017543859649122806
YFK,28,33,114,4,4,0.14912280701754385,0.2,0.10017543859649124,0.0316747984527342,0.1044776119402985,False,0.15789473684210525,75,0.5,0.11236842105263158,0.03109613078298228,0.0945273631840796,False,0.008771929824561403
YFK,28,34,114,4,4,0.11403508771929824,0.2,0.10114035087719297,0.03177900036858902,0.39303482587064675,False,0.14035087719298245,180,0.2,0.10758771929824562,0.031097218789062017,0.16417910447761194,False,0.02631578947368421
YFK,28,35,114,4,4,0.09649122807017543,0.2,0.10460526315789473,0.03126413431937027,0.6318407960199005,False,0.13157894736842105,75,0.2,0.11596491228070174,0.033233190793417654,0.373134328358209,False,0.03508771929824561
YFK,28,36,114,4,4,0.06140350877192982,0.2,0.10491228070175439,0.03056246029829716,0.9751243781094527,False,0.15789473684210525,225,0.2,0.11087719298245613,0.0357756765622527,0.14427860696517414,False,0.09649122807017543
YFK,28,37,114,4,4,0.15789473684210525,0.2,0.10583333333333333,0.028237696312758805,0.03980099502487562,True,0.19298245614035087,150,0.2,0.10872807017543859,0.031027758726368912,0.004975124378109453,True,0.03508771929824561
YFK,28,38,114,4,4,0.08771929824561403,0.2,0.10732456140350877,0.03135108239764423,0.7562189054726368,False,0.16666666666666666,60,0.5,0.11495614035087719,0.03171185676765421,0.05970149253731343,False,0.07894736842105263
YFK,28,39,114,4,4,0.14912280701754385,0.2,0.10526315789473685,0.03015693980784424,0.0945273631840796,False,0.14912280701754385,900,0.2,0.10526315789473685,0.03015693980784424,0.0945273631840796,False,0.0
YFK,28,40,114,4,4,0.14912280701754385,0.2,0.1050877192982456,0.03328899179111835,0.11442786069651742,False,0.19298245614035087,60,0.2,0.1124561403508772,0.03297153748680253,0.009950248756218905,True,0.043859649122807015
YFK,28,41,114,4,4,0.16666666666666666,0.2,0.10478070175438596,0.0310439550644094,0.029850746268656716,True,0.16666666666666666,900,0.2,0.10478070175438596,0.0310439550644094,0.029850746268656716,True,0.0
YFK,28,42,114,4,4,0.12280701754385964,0.2,0.1082017543859649,0.03156372996264333,0.373134328358209,False,0.14035087719298245,60,0.2,0.11754385964912278,0.03495522901024775,0.30845771144278605,False,0.017543859649122806
YFK,28,43,114,4,4,0.07017543859649122,0.5,0.10100877192982455,0.029429864141451028,0.8756218905472637,False,0.22807017543859648,75,0.8,0.11385964912280702,0.03053866583840871,0.004975124378109453,True,0.15789473684210525
YFK,28,44,114,4,4,0.14035087719298245,0.2,0.10144736842105262,0.032125915124553574,0.14925373134328357,False,0.21052631578947367,300,0.8,0.10662280701754387,0.03232413809469984,0.004975124378109453,True,0.07017543859649122
YFK,28,45,114,4,4,0.12280701754385964,0.2,0.10399122807017544,0.03203938019122471,0.31343283582089554,False,0.13157894736842105,225,0.2,0.10815789473684209,0.036683600884259294,0.29850746268656714,False,0.008771929824561403
YFK,28,46,114,4,4,0.12280701754385964,0.5,0.10149122807017542,0.0355639679531308,0.27860696517412936,False,0.18421052631578946,90,0.5,0.11162280701754383,0.03418273894830741,0.03482587064676617,True,0.06140350877192982
YFK,28,47,114,4,4,0.05263157894736842,0.2,0.10219298245614034,0.030115240035996242,0.9850746268656716,False,0.13157894736842105,300,0.2,0.10719298245614034,0.03490164892427638,0.2736318407960199,False,0.07894736842105263
YFK,28,48,114,4,4,0.11403508771929824,0.2,0.10425438596491227,0.029733117172807737,0.43283582089552236,False,0.15789473684210525,60,0.5,0.11649122807017545,0.036567999184416125,0.14427860696517414,False,0.043859649122807015
YFK,28,49,114,4,4,0.07894736842105263,0.2,0.1025,0.0320294824965106,0.8208955223880597,False,0.15789473684210525,60,0.8,0.11416666666666667,0.03430175774607653,0.14925373134328357,False,0.07894736842105263
YFK,28,50,114,4,4,0.08771929824561403,0.2,0.10342105263157894,0.031592046221967596,0.7412935323383084,False,0.12280701754385964,100,0.5,0.1137719298245614,0.03280871234262323,0.42786069651741293,False,0.03508771929824561
YFK,28,51,114,4,4,0.11403508771929824,0.2,0.09258771929824562,0.028653917467587067,0.2736318407960199,False,0.11403508771929824,60,0.2,0.09969298245614035,0.031291825823151216,0.3482587064676617,False,0.0
YFK,28,52,114,4,4,0.13157894736842105,0.2,0.10482456140350876,0.031199910634165086,0.21393034825870647,False,0.21929824561403508,90,0.5,0.10780701754385966,0.03622196943120015,0.014925373134328358,True,0.08771929824561403
YFK,28,53,114,4,4,0.15789473684210525,0.2,0.10399122807017544,0.03214781315786583,0.0945273631840796,False,0.15789473684210525,900,0.2,0.10399122807017544,0.03214781315786583,0.0945273631840796,False,0.0
YFK,28,54,114,4,4,0.08771929824561403,0.2,0.10346491228070175,0.03427717485318301,0.6766169154228856,False,0.12280701754385964,150,0.2,0.11302631578947367,0.032952973809247735,0.4577114427860697,False,0.03508771929824561
YFK,28,55,114,4,4,0.12280701754385964,0.2,0.09960526315789472,0.030245249068486257,0.2537313432835821,False,0.15789473684210525,90,0.2,0.10219298245614034,0.036404690416726004,0.1044776119402985,False,0.03508771929824561
YFK,28,56,114,4,4,0.11403508771929824,0.2,0.10749999999999998,0.031901502678775354,0.44776119402985076,False,0.19298245614035087,180,0.5,0.11188596491228069,0.03447065511629457,0.01990049751243781,True,0.07894736842105263
YFK,28,57,114,4,4,0.14912280701754385,0.2,0.135,0.038741183267742285,0.5422885572139303,False,0.15789473684210525,60,0.2,0.13697368421052633,0.03459583703997597,0.4228855721393035,False,0.008771929824561403
YFK,28,58,114,4,4,0.19298245614035087,0.2,0.09714912280701754,0.03082822404483039,0.014925373134328358,True,0.19298245614035087,300,0.2,0.10728070175438596,0.03215157162209002,0.014925373134328358,True,0.0
YFK,28,59,114,4,4,0.12280701754385964,0.2,0.10425438596491227,0.030604656220511832,0.31343283582089554,False,0.15789473684210525,90,0.5,0.11521929824561403,0.037316557892735566,0.1691542288557214,False,0.03508771929824561
YFK,28,60,114,4,4,0.12280701754385964,0.2,0.10491228070175436,0.03222520902047218,0.3333333333333333,False,0.21052631578947367,75,0.2,0.11478070175438596,0.0295583419450254,0.004975124378109453,True,0.08771929824561403
YFK,28,61,114,4,4,0.16666666666666666,0.2,0.09144736842105264,0.03560664385532177,0.04477611940298507,True,0.17543859649122806,75,0.5,0.09241228070175439,0.03621436274266989,0.03482587064676617,True,0.008771929824561403
YFK,28,62,114,4,4,0.12280701754385964,0.2,0.10710526315789473,0.03227017353007456,0.3582089552238806,False,0.17543859649122806,75,0.2,0.1132456140350877,0.03549518762354524,0.06467661691542288,False,0.05263157894736842
YFK,28,63,114,4,4,0.12280701754385964,0.2,0.09934210526315787,0.031053170745491937,0.2935323383084577,False,0.14035087719298245,75,0.2,0.11065789473684211,0.033895799446680405,0.208955223880597,False,0.017543859649122806
YFK,28,64,114,4,4,0.09649122807017543,0.2,0.08583333333333332,0.03542635561692085,0.3681592039800995,False,0.09649122807017543,450,0.2,0.0861842105263158,0.03493794070165266,0.3681592039800995,False,0.0
YFK,28,65,114,4,4,0.08771929824561403,0.2,0.09241228070175439,0.025921664412185064,0.5970149253731343,False,0.16666666666666666,180,0.5,0.09828947368421051,0.03118190429808867,0.03482587064676617,True,0.07894736842105263
YFK,28,66,114,4,4,0.14912280701754385,0.2,0.09807017543859649,0.03335629345155209,0.11442786069651742,False,0.14912280701754385,300,0.5,0.09789473684210526,0.03179761100699181,0.09950248756218906,False,0.0
YFK,28,67,114,4,4,0.08771929824561403,0.2,0.09346491228070175,0.02806628372696029,0.6268656716417911,False,0.14912280701754385,60,0.5,0.10228070175438596,0.030136931118194023,0.07960199004975124,False,0.06140350877192982
YFK,28,68,114,4,4,0.14912280701754385,0.2,0.09491228070175438,0.03113800709622477,0.07960199004975124,False,0.15789473684210525,60,0.5,0.10802631578947366,0.03467287046774322,0.09950248756218906,False,0.008771929824561403
YFK,29,30,114,4,4,0.17543859649122806,0.8,0.10701754385964912,0.031400654520586616,0.014925373134328358,True,0.24561403508771928,100,0.2,0.11434210526315787,0.03238723680924963,0.009950248756218905,True,0.07017543859649122
YFK,29,31,114,4,4,0.16666666666666666,0.2,0.1031140350877193,0.031786147899186656,0.05970149253731343,False,0.20175438596491227,60,0.8,0.12017543859649123,0.031719202283591486,0.01990049751243781,True,0.03508771929824561
YFK,29,32,114,4,4,0.21052631578947367,0.5,0.10105263157894737,0.0316699151142144,0.004975124378109453,True,0.21052631578947367,900,0.5,0.10105263157894737,0.0316699151142144,0.004975124378109453,True,0.0
YFK,29,33,114,4,4,0.16666666666666666,0.2,0.10434210526315787,0.031894229456819155,0.04975124378109453,True,0.16666666666666666,75,0.2,0.11478070175438596,0.03224844851189883,0.07960199004975124,False,0.0
YFK,29,34,114,4,4,0.14035087719298245,0.2,0.1045175438596491,0.03254682452116152,0.16417910447761194,False,0.14035087719298245,900,0.2,0.1045175438596491,0.03254682452116152,0.16417910447761194,False,0.0
YFK,29,35,114,4,4,0.13157894736842105,0.2,0.10460526315789473,0.031214624103803577,0.25870646766169153,False,0.13157894736842105,100,0.5,0.11508771929824561,0.034817348516472196,0.3681592039800995,False,0.0
YFK,29,36,114,4,4,0.14035087719298245,0.8,0.10263157894736842,0.031974174136265285,0.13432835820895522,False,0.16666666666666666,100,0.8,0.11653508771929826,0.03676012486554228,0.12437810945273632,False,0.02631578947368421
YFK,29,37,114,4,4,0.16666666666666666,0.2,0.10337719298245612,0.032843667195030436,0.05472636815920398,False,0.21929824561403508,300,0.2,0.105,0.03126379420430509,0.004975124378109453,True,0.05263157894736842
YFK,29,38,114,4,4,0.14912280701754385,0.5,0.10894736842105263,0.033025439006335346,0.13432835820895522,False,0.16666666666666666,300,0.2,0.10517543859649121,0.032525581494106025,0.06467661691542288,False,0.017543859649122806
YFK,29,39,114,4,4,0.11403508771929824,0.2,0.10267543859649124,0.03133652554366081,0.38308457711442784,False,0.14035087719298245,60,0.2,0.11723684210526315,0.03668431236774234,0.2736318407960199,False,0.02631578947368421
YFK,29,40,114,4,4,0.15789473684210525,0.2,0.10741228070175439,0.033167242354576514,0.08955223880597014,False,0.22807017543859648,90,0.2,0.1143859649122807,0.03549137469105508,0.009950248756218905,True,0.07017543859649122
YFK,29,41,114,4,4,0.14912280701754385,0.2,0.10390350877192982,0.02948394546674633,0.06965174129353234,False,0.20175438596491227,450,0.5,0.10767543859649122,0.032844373564887584,0.014925373134328358,True,0.05263157894736842
YFK,29,42,114,4,4,0.15789473684210525,0.5,0.10609649122807017,0.030572042459428305,0.06467661691542288,False,0.20175438596491227,450,0.8,0.10614035087719298,0.03512076377516413,0.009950248756218905,True,0.043859649122807015
YFK,29,43,114,4,4,0.10526315789473684,0.2,0.10486842105263157,0.032302598997699605,0.5174129353233831,False,0.20175438596491227,75,0.8,0.11671052631578947,0.030427516662835892,0.009950248756218905,True,0.09649122807017543
YFK,29,44,114,4,4,0.16666666666666666,0.5,0.10048245614035087,0.030473230438948205,0.024875621890547265,True,0.20175438596491227,450,0.2,0.10793859649122808,0.03221749880406552,0.009950248756218905,True,0.03508771929824561
YFK,29,45,114,4,4,0.15789473684210525,0.2,0.10228070175438596,0.03392729809247429,0.07462686567164178,False,0.15789473684210525,900,0.2,0.10228070175438596,0.03392729809247429,0.07462686567164178,False,0.0
YFK,29,46,114,4,4,0.15789473684210525,0.2,0.10521929824561402,0.03152965556551718,0.05970149253731343,False,0.18421052631578946,60,0.8,0.1212719298245614,0.03504843851681376,0.06467661691542288,False,0.02631578947368421
YFK,29,47,114,4,4,0.14912280701754385,0.2,0.10719298245614034,0.028211427201120343,0.09950248756218906,False,0.15789473684210525,225,0.5,0.10960526315789472,0.033021194525847626,0.12437810945273632,False,0.008771929824561403
YFK,29,48,114,4,4,0.14912280701754385,0.2,0.10890350877192984,0.032098220416889846,0.10945273631840796,False,0.17543859649122806,150,0.2,0.11504385964912281,0.03448949500357508,0.06467661691542288,False,0.02631578947368421
YFK,29,49,114,4,4,0.15789473684210525,0.5,0.10592105263157894,0.032891430672255,0.06467661691542288,False,0.15789473684210525,225,0.5,0.10951754385964911,0.03445360062697851,0.12437810945273632,False,0.0
YFK,29,50,114,4,4,0.14035087719298245,0.2,0.10456140350877191,0.03386935219519726,0.1791044776119403,False,0.14035087719298245,150,0.2,0.11521929824561404,0.03458465853954764,0.29850746268656714,False,0.0
YFK,29,51,114,4,4,0.14912280701754385,0.8,0.10614035087719298,0.030891655865995005,0.12437810945273632,False,0.14912280701754385,900,0.8,0.10614035087719298,0.030891655865995005,0.12437810945273632,False,0.0
YFK,29,52,114,4,4,0.15789473684210525,0.2,0.10885964912280702,0.031093643768983468,0.0945273631840796,False,0.20175438596491227,90,0.2,0.11583333333333332,0.03584324444355011,0.024875621890547265,True,0.043859649122807015
YFK,29,53,114,4,4,0.14912280701754385,0.2,0.10495614035087719,0.030933902734730477,0.11442786069651742,False,0.18421052631578946,100,0.2,0.1169298245614035,0.030273521320307136,0.029850746268656716,True,0.03508771929824561
YFK,29,54,114,4,4,0.07894736842105263,0.2,0.10956140350877193,0.03213087958564627,0.845771144278607,False,0.12280701754385964,100,0.2,0.11530701754385964,0.03302587805938937,0.4129353233830846,False,0.043859649122807015
YFK,29,55,114,4,4,0.21052631578947367,0.8,0.10543859649122807,0.02822238990737119,0.004975124378109453,True,0.21052631578947367,900,0.8,0.10543859649122807,0.02822238990737119,0.004975124378109453,True,0.0
YFK,29,56,114,4,4,0.20175438596491227,0.8,0.10960526315789472,0.030105576700016422,0.009950248756218905,True,0.20175438596491227,900,0.8,0.10960526315789472,0.030105576700016422,0.009950248756218905,True,0.0
YFK,29,57,114,4,4,0.16666666666666666,0.2,0.10271929824561403,0.03036890898506413,0.024875621890547265,True,0.16666666666666666,900,0.2,0.10271929824561403,0.03036890898506413,0.024875621890547265,True,0.0
YFK,29,58,114,4,4,0.21929824561403508,0.2,0.10114035087719297,0.03071478672028449,0.004975124378109453,True,0.21929824561403508,900,0.2,0.10114035087719297,0.03071478672028449,0.004975124378109453,True,0.0
YFK,29,59,114,4,4,0.16666666666666666,0.2,0.10723684210526314,0.029671411370314652,0.04975124378109453,True,0.19298245614035087,150,0.5,0.11399122807017542,0.03343430352190651,0.03482587064676617,True,0.02631578947368421
YFK,29,60,114,4,4,0.20175438596491227,0.8,0.11004385964912279,0.0348754655250249,0.01990049751243781,True,0.21052631578947367,100,0.5,0.11535087719298245,0.033367767586153105,0.009950248756218905,True,0.008771929824561403
YFK,29,61,114,4,4,0.17543859649122806,0.8,0.1069736842105263,0.033343974646690255,0.03980099502487562,True,0.20175438596491227,100,0.8,0.10921052631578947,0.03478612781867198,0.014925373134328358,True,0.02631578947368421
YFK,29,62,114,4,4,0.15789473684210525,0.2,0.10644736842105262,0.031037477543404635,0.05472636815920398,False,0.17543859649122806,60,0.8,0.11793859649122806,0.03351746795674066,0.06965174129353234,False,0.017543859649122806
YFK,29,63,114,4,4,0.10526315789473684,0.2,0.10491228070175439,0.030864607567118254,0.5323383084577115,False,0.14035087719298245,75,0.2,0.1157017543859649,0.03325912665083845,0.25870646766169153,False,0.03508771929824561
YFK,29,64,114,4,4,0.16666666666666666,0.2,0.10456140350877194,0.032707791092881064,0.03482587064676617,True,0.16666666666666666,900,0.2,0.10456140350877194,0.032707791092881064,0.03482587064676617,True,0.0
YFK,29,65,114,4,4,0.17543859649122806,0.8,0.10416666666666666,0.029846820004805385,0.029850746268656716,True,0.17543859649122806,900,0.8,0.10416666666666666,0.029846820004805385,0.029850746268656716,True,0.0
YFK,29,66,114,4,4,0.19298245614035087,0.8,0.10640350877192983,0.03217080807952347,0.024875621890547265,True,0.19298245614035087,900,0.8,0.10640350877192983,0.03217080807952347,0.024875621890547265,True,0.0
YFK,29,67,114,4,4,0.15789473684210525,0.8,0.10311403508771928,0.029685221692921097,0.05472636815920398,False,0.15789473684210525,900,0.8,0.10311403508771928,0.029685221692921097,0.05472636815920398,False,0.0
YFK,29,68,114,4,4,0.17543859649122806,0.2,0.10078947368421051,0.030916554419922092,0.029850746268656716,True,0.17543859649122806,900,0.2,0.10078947368421051,0.030916554419922092,0.029850746268656716,True,0.0
YFK,30,31,114,4,4,0.14912280701754385,0.5,0.10499999999999998,0.0285486365026587,0.07462686567164178,False,0.22807017543859648,150,0.5,0.11429824561403508,0.03227400760062119,0.004975124378109453,True,0.07894736842105263
YFK,30,32,114,4,4,0.19298245614035087,0.2,0.1012719298245614,0.03291328931113946,0.01990049751243781,True,0.21929824561403508,100,0.8,0.11596491228070174,0.03636653976613081,0.014925373134328358,True,0.02631578947368421
YFK,30,33,114,4,4,0.21052631578947367,0.2,0.10153508771929826,0.031146419053314674,0.004975124378109453,True,0.21929824561403508,100,0.8,0.11978070175438596,0.03360848104879082,0.009950248756218905,True,0.008771929824561403
YFK,30,34,114,4,4,0.13157894736842105,0.2,0.10171052631578947,0.03241969427926436,0.23383084577114427,False,0.16666666666666666,150,0.2,0.11578947368421051,0.03752654496793658,0.11442786069651742,False,0.03508771929824561
YFK,30,35,114,4,4,0.08771929824561403,0.2,0.10377192982456139,0.031866485069159234,0.736318407960199,False,0.17543859649122806,225,0.2,0.11096491228070175,0.03595582634233319,0.05970149253731343,False,0.08771929824561403
YFK,30,36,114,4,4,0.11403508771929824,0.2,0.10491228070175439,0.031089291015760252,0.43283582089552236,False,0.21052631578947367,150,0.5,0.12118421052631578,0.03692489847056999,0.014925373134328358,True,0.09649122807017543
YFK,30,37,114,4,4,0.15789473684210525,0.2,0.10671052631578945,0.030472976662959103,0.04477611940298507,True,0.21052631578947367,150,0.2,0.11403508771929824,0.03373941228913689,0.01990049751243781,True,0.05263157894736842
YFK,30,38,114,4,4,0.14912280701754385,0.2,0.10706140350877191,0.03617611826085799,0.12437810945273632,False,0.18421052631578946,60,0.2,0.11899122807017543,0.035335647700883564,0.07462686567164178,False,0.03508771929824561
YFK,30,39,114,4,4,0.14035087719298245,0.2,0.1056578947368421,0.0311695014630599,0.14925373134328357,False,0.14035087719298245,90,0.2,0.12280701754385964,0.03816003534586361,0.31343283582089554,False,0.0
YFK,30,40,114,4,4,0.13157894736842105,0.5,0.1012719298245614,0.033112403939758235,0.21393034825870647,False,0.21052631578947367,60,0.8,0.12153508771929823,0.03660221624194681,0.009950248756218905,True,0.07894736842105263
YFK,30,41,114,4,4,0.14912280701754385,0.2,0.1031578947368421,0.03167333353023324,0.12437810945273632,False,0.16666666666666666,450,0.8,0.10592105263157894,0.03360088686084465,0.06467661691542288,False,0.017543859649122806
YFK,30,42,114,4,4,0.17543859649122806,0.2,0.10609649122807017,0.03416757782139152,0.04477611940298507,True,0.17543859649122806,300,0.2,0.11394736842105263,0.03211884320376175,0.05970149253731343,False,0.0
YFK,30,43,114,4,4,0.06140350877192982,0.5,0.10192982456140351,0.03011280041656325,0.9402985074626866,False,0.22807017543859648,60,0.2,0.12280701754385966,0.03125253739982763,0.009950248756218905,True,0.16666666666666666
YFK,30,44,114,4,4,0.14912280701754385,0.5,0.10723684210526314,0.03120842980417345,0.11940298507462686,False,0.17543859649122806,100,0.2,0.11754385964912281,0.03388806996878755,0.05970149253731343,False,0.02631578947368421
YFK,30,45,114,4,4,0.11403508771929824,0.2,0.10780701754385964,0.03525910273563662,0.43781094527363185,False,0.19298245614035087,300,0.2,0.11131578947368422,0.03446944923726056,0.014925373134328358,True,0.07894736842105263
YFK,30,46,114,4,4,0.13157894736842105,0.2,0.10368421052631578,0.034630272063130435,0.21393034825870647,False,0.21929824561403508,90,0.2,0.11802631578947369,0.03519552226309139,0.009950248756218905,True,0.08771929824561403
YFK,30,47,114,4,4,0.11403508771929824,0.2,0.10162280701754385,0.031771303570134135,0.40298507462686567,False,0.18421052631578946,75,0.2,0.12100877192982455,0.034947457244894654,0.04975124378109453,True,0.07017543859649122
YFK,30,48,114,4,4,0.08771929824561403,0.8,0.10618421052631578,0.028473876472766602,0.7562189054726368,False,0.20175438596491227,150,0.2,0.11399122807017545,0.034290708901319654,0.014925373134328358,True,0.11403508771929824
YFK,30,49,114,4,4,0.10526315789473684,0.2,0.10473684210526316,0.03291143894062292,0.5124378109452736,False,0.21929824561403508,60,0.8,0.121359649122807,0.03543617746140321,0.004975124378109453,True,0.11403508771929824
YFK,30,50,114,4,4,0.10526315789473684,0.8,0.10578947368421052,0.03387254864485642,0.5422885572139303,False,0.17543859649122806,100,0.5,0.11973684210526316,0.033030004872826896,0.07960199004975124,False,0.07017543859649122
YFK,30,51,114,4,4,0.11403508771929824,0.2,0.10324561403508771,0.030268411908312996,0.40298507462686567,False,0.18421052631578946,60,0.5,0.12267543859649122,0.03810403599989114,0.07462686567164178,False,0.07017543859649122
YFK,30,52,114,4,4,0.18421052631578946,0.5,0.10328947368421051,0.03051938252768725,0.004975124378109453,True,0.21052631578947367,150,0.2,0.11530701754385964,0.03140554894704955,0.004975124378109453,True,0.02631578947368421
YFK,30,53,114,4,4,0.10526315789473684,0.2,0.10307017543859648,0.032091865326606135,0.5373134328358209,False,0.20175438596491227,60,0.5,0.12280701754385964,0.037598602588751084,0.03980099502487562,True,0.09649122807017543
YFK,30,54,114,4,4,0.07894736842105263,0.2,0.1062719298245614,0.035906620243806794,0.835820895522388,False,0.16666666666666666,100,0.2,0.12368421052631579,0.03738201303351679,0.15422885572139303,False,0.08771929824561403
YFK,30,55,114,4,4,0.14035087719298245,0.8,0.10320175438596489,0.03177982165596978,0.1691542288557214,False,0.22807017543859648,180,0.2,0.11846491228070175,0.03291563883807605,0.004975124378109453,True,0.08771929824561403
YFK,30,56,114,4,4,0.13157894736842105,0.8,0.10872807017543859,0.03517464217860322,0.2736318407960199,False,0.22807017543859648,180,0.5,0.11903508771929826,0.03723183162144637,0.009950248756218905,True,0.09649122807017543
YFK,30,57,114,4,4,0.15789473684210525,0.8,0.10460526315789473,0.03427311359657703,0.08955223880597014,False,0.20175438596491227,180,0.5,0.11162280701754385,0.03380738992329488,0.014925373134328358,True,0.043859649122807015
YFK,30,58,114,4,4,0.12280701754385964,0.2,0.10364035087719298,0.03158577291619931,0.2935323383084577,False,0.21052631578947367,225,0.8,0.11228070175438595,0.03132668350024354,0.009950248756218905,True,0.08771929824561403
YFK,30,59,114,4,4,0.11403508771929824,0.8,0.10460526315789473,0.03117743984587818,0.373134328358209,False,0.15789473684210525,90,0.2,0.11754385964912278,0.03692408690355719,0.13432835820895522,False,0.043859649122807015
YFK,30,60,114,4,4,0.17543859649122806,0.2,0.10714912280701754,0.03221365800784092,0.029850746268656716,True,0.21052631578947367,150,0.5,0.11793859649122805,0.037892580735759636,0.024875621890547265,True,0.03508771929824561
YFK,30,61,114,4,4,0.18421052631578946,0.5,0.10293859649122807,0.03091014402138523,0.01990049751243781,True,0.24561403508771928,100,0.2,0.11127192982456141,0.03446033367051188,0.004975124378109453,True,0.06140350877192982
YFK,30,62,114,4,4,0.14912280701754385,0.5,0.10535087719298247,0.03203446190201357,0.12935323383084577,False,0.16666666666666666,75,0.5,0.11732456140350876,0.03641199186531542,0.12437810945273632,False,0.017543859649122806
YFK,30,63,114,4,4,0.09649122807017543,0.2,0.1037719298245614,0.031216760852003263,0.6218905472636815,False,0.20175438596491227,100,0.2,0.11741228070175438,0.03566350176083294,0.009950248756218905,True,0.10526315789473684
YFK,30,64,114,4,4,0.20175438596491227,0.8,0.10412280701754385,0.03286052762903626,0.01990049751243781,True,0.21052631578947367,100,0.5,0.11570175438596492,0.036612699545584,0.01990049751243781,True,0.008771929824561403
YFK,30,65,114,4,4,0.14035087719298245,0.5,0.10184210526315787,0.03171664221391519,0.12935323383084577,False,0.21929824561403508,180,0.5,0.11285087719298247,0.0374200325354824,0.009950248756218905,True,0.07894736842105263
YFK,30,66,114,4,4,0.16666666666666666,0.8,0.10421052631578948,0.03224584052612376,0.04975124378109453,True,0.21929824561403508,180,0.5,0.11429824561403508,0.03568769853107994,0.009950248756218905,True,0.05263157894736842
YFK,30,67,114,4,4,0.14912280701754385,0.2,0.10061403508771928,0.03135024987851635,0.06467661691542288,False,0.22807017543859648,100,0.5,0.11925438596491227,0.036630728032088,0.004975124378109453,True,0.07894736842105263
YFK,30,68,114,4,4,0.13157894736842105,0.5,0.10241228070175439,0.03271461750770965,0.22388059701492538,False,0.17543859649122806,100,0.5,0.11850877192982455,0.03613004837194902,0.08955223880597014,False,0.043859649122807015
YFK,31,32,114,4,4,0.13157894736842105,0.2,0.10412280701754385,0.029955089800971946,0.21890547263681592,False,0.21929824561403508,60,0.2,0.1169298245614035,0.03612062930326442,0.009950248756218905,True,0.08771929824561403
YFK,31,33,114,4,4,0.16666666666666666,0.2,0.10333333333333333,0.03033795363630188,0.04975124378109453,True,0.21052631578947367,60,0.5,0.12109649122807017,0.03534790139095052,0.01990049751243781,True,0.043859649122807015
YFK,31,34,114,4,4,0.11403508771929824,0.5,0.10434210526315789,0.031170741968641683,0.4427860696517413,False,0.21052631578947367,150,0.8,0.11600877192982456,0.03497112670576401,0.009950248756218905,True,0.09649122807017543
YFK,31,35,114,4,4,0.13157894736842105,0.2,0.10837719298245613,0.03148547565087853,0.2736318407960199,False,0.15789473684210525,60,0.2,0.12100877192982455,0.034947457244894654,0.18407960199004975,False,0.02631578947368421
YFK,31,36,114,4,4,0.13157894736842105,0.2,0.10412280701754387,0.03065682282877685,0.21890547263681592,False,0.21929824561403508,150,0.8,0.11596491228070174,0.03368389829118563,0.009950248756218905,True,0.08771929824561403
YFK,31,37,114,4,4,0.11403508771929824,0.2,0.10855263157894736,0.03289730807782744,0.5074626865671642,False,0.20175438596491227,150,0.2,0.11355263157894736,0.031378450717438174,0.014925373134328358,True,0.08771929824561403
YFK,31,38,114,4,4,0.13157894736842105,0.2,0.10587719298245613,0.032851112746740886,0.2537313432835821,False,0.22807017543859648,60,0.5,0.125,0.03553394734870844,0.004975124378109453,True,0.09649122807017543
YFK,31,39,114,4,4,0.10526315789473684,0.5,0.10789473684210528,0.030539172296543498,0.582089552238806,False,0.17543859649122806,225,0.8,0.11210526315789472,0.03190347222437277,0.04477611940298507,True,0.07017543859649122
YFK,31,40,114,4,4,0.12280701754385964,0.2,0.10741228070175439,0.03188331651294623,0.373134328358209,False,0.21052631578947367,60,0.5,0.12464912280701754,0.035005965764915305,0.01990049751243781,True,0.08771929824561403
YFK,31,41,114,4,4,0.14035087719298245,0.2,0.10723684210526314,0.03085956469649123,0.16417910447761194,False,0.17543859649122806,100,0.5,0.11960526315789473,0.0346014249359229,0.09950248756218906,False,0.03508771929824561
YFK,31,42,114,4,4,0.15789473684210525,0.2,0.10833333333333332,0.03207981430653172,0.0945273631840796,False,0.22807017543859648,60,0.5,0.11960526315789473,0.03550594333280913,0.004975124378109453,True,0.07017543859649122
YFK,31,43,114,4,4,0.13157894736842105,0.2,0.10192982456140351,0.03195675531791334,0.1890547263681592,False,0.23684210526315788,60,0.2,0.1232017543859649,0.03488100862485106,0.004975124378109453,True,0.10526315789473684
YFK,31,44,114,4,4,0.13157894736842105,0.2,0.1069736842105263,0.028842220182084426,0.22388059701492538,False,0.21929824561403508,60,0.5,0.12289473684210525,0.034877599722753255,0.004975124378109453,True,0.08771929824561403
YFK,31,45,114,4,4,0.13157894736842105,0.2,0.10614035087719298,0.032155059083886474,0.2537313432835821,False,0.19298245614035087,150,0.2,0.11614035087719297,0.03225399352780743,0.014925373134328358,True,0.06140350877192982
YFK,31,46,114,4,4,0.12280701754385964,0.8,0.10434210526315787,0.031368591011824584,0.2885572139303483,False,0.20175438596491227,100,0.8,0.11793859649122806,0.03400991074390295,0.014925373134328358,True,0.07894736842105263
YFK,31,47,114,4,4,0.10526315789473684,0.8,0.10495614035087719,0.03126957565729653,0.5422885572139303,False,0.22807017543859648,60,0.5,0.1212280701754386,0.03673258196564943,0.009950248756218905,True,0.12280701754385964
YFK,31,48,114,4,4,0.12280701754385964,0.2,0.10499999999999998,0.029018810160692396,0.3333333333333333,False,0.2631578947368421,150,0.2,0.11517543859649124,0.03418695232098694,0.004975124378109453,True,0.14035087719298245
YFK,31,49,114,4,4,0.11403508771929824,0.2,0.10758771929824562,0.03220885636849509,0.4427860696517413,False,0.2543859649122807,60,0.5,0.12087719298245612,0.03445564873362185,0.004975124378109453,True,0.14035087719298248
YFK,31,50,114,4,4,0.13157894736842105,0.2,0.10614035087719298,0.033486334365350784,0.2736318407960199,False,0.15789473684210525,180,0.5,0.11649122807017545,0.032964500356048844,0.12935323383084577,False,0.02631578947368421
YFK,31,51,114,4,4,0.13157894736842105,0.2,0.10425438596491227,0.0317579133906213,0.2736318407960199,False,0.20175438596491227,60,0.8,0.11894736842105263,0.03559798242338529,0.014925373134328358,True,0.07017543859649122
YFK,31,52,114,4,4,0.16666666666666666,0.5,0.10293859649122805,0.03250759578241734,0.05472636815920398,False,0.21929824561403508,60,0.8,0.1187719298245614,0.03517401008807929,0.009950248756218905,True,0.05263157894736842
YFK,31,53,114,4,4,0.12280701754385964,0.5,0.1045175438596491,0.030064191529430587,0.31343283582089554,False,0.2543859649122807,150,0.5,0.11451754385964912,0.036068003230134045,0.004975124378109453,True,0.13157894736842107
YFK,31,54,114,4,4,0.07017543859649122,0.2,0.10592105263157894,0.03332355888929121,0.8756218905472637,False,0.18421052631578946,60,0.2,0.12429824561403507,0.03923034697402686,0.09950248756218906,False,0.11403508771929824
YFK,31,55,114,4,4,0.14912280701754385,0.2,0.10491228070175439,0.033054462488079514,0.11940298507462686,False,0.22807017543859648,60,0.2,0.11785087719298244,0.03446033367051188,0.009950248756218905,True,0.07894736842105263
YFK,31,56,114,4,4,0.13157894736842105,0.8,0.1099561403508772,0.031436068034666885,0.3034825870646766,False,0.21929824561403508,180,0.8,0.11596491228070174,0.03218102277055657,0.004975124378109453,True,0.08771929824561403
YFK,31,57,114,4,4,0.11403508771929824,0.2,0.10508771929824562,0.029311147405732273,0.39800995024875624,False,0.21052631578947367,60,0.2,0.11828947368421051,0.03618338568568758,0.014925373134328358,True,0.09649122807017543
YFK,31,58,114,4,4,0.14035087719298245,0.2,0.10776315789473685,0.033467594094727465,0.19402985074626866,False,0.21929824561403508,60,0.8,0.12135964912280701,0.0354361774614032,0.014925373134328358,True,0.07894736842105263
YFK,31,59,114,4,4,0.07017543859649122,0.2,0.10785087719298246,0.03563226284353082,0.8855721393034826,False,0.19298245614035087,150,0.2,0.11535087719298245,0.030548666831918713,0.01990049751243781,True,0.12280701754385964
YFK,31,60,114,4,4,0.15789473684210525,0.2,0.10820175438596491,0.03168599676748934,0.08955223880597014,False,0.2631578947368421,60,0.2,0.12188596491228068,0.035768731683745225,0.004975124378109453,True,0.10526315789473684
YFK,31,61,114,4,4,0.14912280701754385,0.5,0.11026315789473683,0.03046958220591304,0.11442786069651742,False,0.20175438596491227,150,0.2,0.1117982456140351,0.03428507036386697,0.01990049751243781,True,0.05263157894736842
YFK,31,62,114,4,4,0.16666666666666666,0.8,0.10390350877192983,0.03209605199670732,0.04975124378109453,True,0.20175438596491227,180,0.2,0.11469298245614035,0.030752876167302677,0.004975124378109453,True,0.03508771929824561
YFK,31,63,114,4,4,0.10526315789473684,0.2,0.1042982456140351,0.03142268881776803,0.5124378109452736,False,0.17543859649122806,60,0.8,0.12333333333333332,0.03725394593506304,0.10945273631840796,False,0.07017543859649122
YFK,31,64,114,4,4,0.13157894736842105,0.2,0.10399122807017543,0.028063528206594808,0.208955223880597,False,0.21052631578947367,60,0.5,0.11995614035087719,0.03503188606352322,0.004975124378109453,True,0.07894736842105263
YFK,31,65,114,4,4,0.15789473684210525,0.5,0.10412280701754387,0.029929262212513,0.07960199004975124,False,0.21929824561403508,60,0.2,0.11842105263157894,0.03520873076023363,0.009950248756218905,True,0.06140350877192982
YFK,31,66,114,4,4,0.14912280701754385,0.2,0.10517543859649123,0.03117809095164142,0.11940298507462686,False,0.20175438596491227,60,0.8,0.11798245614035087,0.035051885960732665,0.024875621890547265,True,0.05263157894736842
YFK,31,67,114,4,4,0.13157894736842105,0.5,0.10442982456140351,0.03112356799786398,0.19402985074626866,False,0.23684210526315788,60,0.5,0.11903508771929823,0.034805685696564684,0.004975124378109453,True,0.10526315789473684
YFK,31,68,114,4,4,0.10526315789473684,0.5,0.10649122807017544,0.030272627235460224,0.5920398009950248,False,0.21929824561403508,60,0.2,0.12083333333333332,0.03698098428072256,0.014925373134328358,True,0.11403508771929824
YFK,32,33,114,4,4,0.16666666666666666,0.2,0.09780701754385966,0.03039639838556468,0.024875621890547265,True,0.16666666666666666,900,0.2,0.09780701754385966,0.03039639838556468,0.024875621890547265,True,0.0
YFK,32,34,114,4,4,0.12280701754385964,0.2,0.1013157894736842,0.03159400446228448,0.27860696517412936,False,0.16666666666666666,180,0.2,0.1106578947368421,0.029843451501248796,0.04975124378109453,True,0.043859649122807015
YFK,32,35,114,4,4,0.08771929824561403,0.2,0.1045175438596491,0.03278357012896298,0.7512437810945274,False,0.14035087719298245,75,0.2,0.11429824561403508,0.032297960229771314,0.24378109452736318,False,0.05263157894736842
YFK,32,36,114,4,4,0.09649122807017543,0.2,0.10368421052631578,0.031385381468350786,0.5870646766169154,False,0.18421052631578946,150,0.8,0.11771929824561404,0.03376644799689634,0.03482587064676617,True,0.08771929824561403
YFK,32,37,114,4,4,0.16666666666666666,0.8,0.1056578947368421,0.02878317207248326,0.04477611940298507,True,0.19298245614035087,150,0.5,0.10907894736842104,0.03049580804406225,0.014925373134328358,True,0.02631578947368421
YFK,32,38,114,4,4,0.13157894736842105,0.2,0.103859649122807,0.03293257983671173,0.21393034825870647,False,0.15789473684210525,60,0.5,0.11421052631578946,0.03160880972678674,0.09950248756218906,False,0.02631578947368421
YFK,32,39,114,4,4,0.14912280701754385,0.5,0.1007017543859649,0.030475292290520414,0.07462686567164178,False,0.14912280701754385,75,0.8,0.11846491228070175,0.031116112938443685,0.19402985074626866,False,0.0
YFK,32,40,114,4,4,0.16666666666666666,0.5,0.10385964912280703,0.03135678610079694,0.05970149253731343,False,0.17543859649122806,90,0.5,0.11692982456140351,0.0339235368965234,0.06467661691542288,False,0.008771929824561403
YFK,32,41,114,4,4,0.16666666666666666,0.8,0.10438596491228068,0.032239124741290724,0.04477611940298507,True,0.16666666666666666,900,0.8,0.10438596491228068,0.032239124741290724,0.04477611940298507,True,0.0
YFK,32,42,114,4,4,0.13157894736842105,0.2,0.10789473684210525,0.031178214970245158,0.2736318407960199,False,0.15789473684210525,300,0.2,0.10850877192982455,0.034947595547637225,0.0945273631840796,False,0.02631578947368421
YFK,32,43,114,4,4,0.07017543859649122,0.2,0.10105263157894737,0.029547645893217667,0.8955223880597015,False,0.20175438596491227,75,0.8,0.11399122807017545,0.030659187629769543,0.014925373134328358,True,0.13157894736842105
YFK,32,44,114,4,4,0.16666666666666666,0.2,0.10135964912280702,0.031025266231603375,0.04477611940298507,True,0.19298245614035087,300,0.2,0.10679824561403507,0.031418350883408434,0.01990049751243781,True,0.02631578947368421
YFK,32,45,114,4,4,0.11403508771929824,0.2,0.10491228070175439,0.03404561985821484,0.43781094527363185,False,0.13157894736842105,60,0.5,0.12263157894736841,0.03565572170853951,0.39303482587064675,False,0.017543859649122806
YFK,32,46,114,4,4,0.14035087719298245,0.2,0.0982456140350877,0.03472215455541383,0.15422885572139303,False,0.20175438596491227,300,0.2,0.10592105263157894,0.035579484975770154,0.01990049751243781,True,0.06140350877192982
YFK,32,47,114,4,4,0.08771929824561403,0.2,0.09978070175438596,0.030847032256887535,0.6915422885572139,False,0.14035087719298245,60,0.2,0.11964912280701753,0.0352091700429675,0.2935323383084577,False,0.05263157894736842
YFK,32,48,114,4,4,0.11403508771929824,0.2,0.10412280701754385,0.02965671455836836,0.417910447761194,False,0.17543859649122806,60,0.5,0.11679824561403508,0.03664634730469068,0.06965174129353234,False,0.06140350877192982
YFK,32,49,114,4,4,0.12280701754385964,0.2,0.09850877192982456,0.03061138322318889,0.2537313432835821,False,0.18421052631578946,75,0.8,0.11771929824561404,0.037776712381169406,0.05970149253731343,False,0.06140350877192982
YFK,32,50,114,4,4,0.14035087719298245,0.2,0.10307017543859649,0.03115029834178185,0.14925373134328357,False,0.14035087719298245,225,0.8,0.10969298245614034,0.03339380155503164,0.24378109452736318,False,0.0
YFK,32,51,114,4,4,0.11403508771929824,0.2,0.10057017543859648,0.03183938444855109,0.38308457711442784,False,0.13157894736842105,100,0.8,0.1117543859649123,0.034490195693690946,0.2835820895522388,False,0.017543859649122806
YFK,32,52,114,4,4,0.15789473684210525,0.8,0.10302631578947366,0.030374096968130457,0.05970149253731343,False,0.21929824561403508,90,0.2,0.11127192982456141,0.037107701027584365,0.009950248756218905,True,0.06140350877192982
YFK,32,53,114,4,4,0.10526315789473684,0.8,0.10078947368421051,0.03215493883287971,0.472636815920398,False,0.14035087719298245,100,0.2,0.11842105263157894,0.03531838138620311,0.2885572139303483,False,0.03508771929824561
YFK,32,54,114,4,4,0.09649122807017543,0.2,0.10223684210526315,0.03327316195708442,0.6069651741293532,False,0.14035087719298245,100,0.2,0.11526315789473683,0.03617336587694349,0.263681592039801,False,0.043859649122807015
YFK,32,55,114,4,4,0.16666666666666666,0.2,0.10021929824561404,0.02902583809181956,0.029850746268656716,True,0.20175438596491227,300,0.5,0.10649122807017544,0.03168309840083465,0.01990049751243781,True,0.03508771929824561
YFK,32,56,114,4,4,0.13157894736842105,0.8,0.10855263157894736,0.033664119414182736,0.24875621890547264,False,0.20175438596491227,180,0.8,0.11307017543859649,0.03514046551154278,0.01990049751243781,True,0.07017543859649122
YFK,32,57,114,4,4,0.10526315789473684,0.2,0.08614035087719298,0.030115368431544474,0.2885572139303483,False,0.12280701754385964,300,0.8,0.08793859649122807,0.033491385802028865,0.1890547263681592,False,0.017543859649122806
YFK,32,58,114,4,4,0.24561403508771928,0.2,0.09890350877192983,0.03209412438910626,0.004975124378109453,True,0.24561403508771928,900,0.2,0.09890350877192983,0.03209412438910626,0.004975124378109453,True,0.0
YFK,32,59,114,4,4,0.16666666666666666,0.2,0.10482456140350876,0.030637140607501934,0.04477611940298507,True,0.17543859649122806,450,0.2,0.1057456140350877,0.02826671119098335,0.01990049751243781,True,0.008771929824561403
YFK,32,60,114,4,4,0.18421052631578946,0.2,0.10399122807017543,0.032231897713745065,0.014925373134328358,True,0.21929824561403508,100,0.2,0.11399122807017545,0.03113474723997585,0.004975124378109453,True,0.03508771929824561
YFK,32,61,114,4,4,0.16666666666666666,0.2,0.0931578947368421,0.028038199189869894,0.01990049751243781,True,0.17543859649122806,100,0.8,0.10100877192982455,0.03055154625772564,0.014925373134328358,True,0.008771929824561403
YFK,32,62,114,4,4,0.14035087719298245,0.2,0.10276315789473685,0.03227960811941814,0.14925373134328357,False,0.16666666666666666,60,0.5,0.11486842105263158,0.034370676306573644,0.09950248756218906,False,0.02631578947368421
YFK,32,63,114,4,4,0.16666666666666666,0.2,0.10026315789473683,0.033213987548660555,0.04975124378109453,True,0.16666666666666666,900,0.2,0.10026315789473683,0.033213987548660555,0.04975124378109453,True,0.0
YFK,32,64,114,4,4,0.13157894736842105,0.2,0.09425438596491227,0.031277241390363406,0.1691542288557214,False,0.14912280701754385,300,0.8,0.09903508771929824,0.03316832071149616,0.11442786069651742,False,0.017543859649122806
YFK,32,65,114,4,4,0.13157894736842105,0.2,0.09771929824561403,0.02973132898744164,0.17412935323383086,False,0.16666666666666666,180,0.2,0.10596491228070175,0.03450274964828892,0.0845771144278607,False,0.03508771929824561
YFK,32,66,114,4,4,0.14912280701754385,0.2,0.09995614035087719,0.03117694375616978,0.0945273631840796,False,0.15789473684210525,300,0.8,0.10517543859649123,0.03387654378280019,0.08955223880597014,False,0.008771929824561403
YFK,32,67,114,4,4,0.14035087719298245,0.2,0.09728070175438595,0.031106076850543406,0.11442786069651742,False,0.17543859649122806,300,0.8,0.10644736842105264,0.03495166140370923,0.04975124378109453,True,0.03508771929824561
YFK,32,68,114,4,4,0.13157894736842105,0.5,0.10017543859649124,0.03468159570267757,0.19900497512437812,False,0.20175438596491227,300,0.2,0.10504385964912281,0.03464899726234569,0.009950248756218905,True,0.07017543859649122
YFK,33,34,114,4,4,0.14035087719298245,0.5,0.10254385964912281,0.030657831832844457,0.12437810945273632,False,0.14912280701754385,450,0.8,0.10434210526315789,0.03248284544830001,0.11442786069651742,False,0.008771929824561403
YFK,33,35,114,4,4,0.14035087719298245,0.5,0.10285087719298247,0.03423925105789363,0.15920398009950248,False,0.14035087719298245,75,0.2,0.1169736842105263,0.03328106329247922,0.26865671641791045,False,0.0
YFK,33,36,114,4,4,0.09649122807017543,0.8,0.10311403508771928,0.031761809297803444,0.6019900497512438,False,0.14912280701754385,75,0.2,0.12153508771929823,0.03336368255121454,0.24378109452736318,False,0.05263157894736842
YFK,33,37,114,4,4,0.17543859649122806,0.8,0.10701754385964911,0.03095417699019636,0.03980099502487562,True,0.17543859649122806,75,0.8,0.11293859649122806,0.03474372392219225,0.05970149253731343,False,0.0
YFK,33,38,114,4,4,0.14035087719298245,0.8,0.10618421052631578,0.03177276397560581,0.1791044776119403,False,0.14912280701754385,60,0.5,0.116359649122807,0.032578885627808744,0.1890547263681592,False,0.008771929824561403
YFK,33,39,114,4,4,0.08771929824561403,0.5,0.10307017543859649,0.02917614813617454,0.7412935323383084,False,0.10526315789473684,75,0.5,0.11798245614035087,0.031691762203427454,0.6716417910447762,False,0.017543859649122806
YFK,33,40,114,4,4,0.12280701754385964,0.8,0.1042543859649123,0.03186730410187552,0.3034825870646766,False,0.19298245614035087,60,0.8,0.11596491228070174,0.03442196576397598,0.029850746268656716,True,0.07017543859649122
YFK,33,41,114,4,4,0.17543859649122806,0.2,0.10324561403508771,0.030472120153392443,0.024875621890547265,True,0.17543859649122806,900,0.2,0.10324561403508771,0.030472120153392443,0.024875621890547265,True,0.0
YFK,33,42,114,4,4,0.14912280701754385,0.2,0.10438596491228071,0.0335785833951317,0.11940298507462686,False,0.14912280701754385,900,0.2,0.10438596491228071,0.0335785833951317,0.11940298507462686,False,0.0
YFK,33,43,114,4,4,0.07894736842105263,0.2,0.10166666666666664,0.029914789022855475,0.7761194029850746,False,0.21052631578947367,75,0.8,0.11394736842105263,0.031535694810379336,0.014925373134328358,True,0.13157894736842105
YFK,33,44,114,4,4,0.15789473684210525,0.5,0.10210526315789474,0.03075416491008817,0.04975124378109453,True,0.15789473684210525,60,0.8,0.12359649122807018,0.04013729027960141,0.23383084577114427,False,0.0
YFK,33,45,114,4,4,0.10526315789473684,0.5,0.10368421052631578,0.033414203324685074,0.5323383084577115,False,0.12280701754385964,300,0.5,0.1081140350877193,0.03570965921896575,0.3582089552238806,False,0.017543859649122806
YFK,33,46,114,4,4,0.14912280701754385,0.5,0.10333333333333332,0.033912706882233544,0.11940298507462686,False,0.17543859649122806,90,0.8,0.11289473684210526,0.03367413948449745,0.07462686567164178,False,0.02631578947368421
YFK,33,47,114,4,4,0.09649122807017543,0.2,0.10096491228070174,0.031437451766605465,0.5671641791044776,False,0.14035087719298245,60,0.2,0.12271929824561405,0.03711199908263992,0.36318407960199006,False,0.043859649122807015
YFK,33,48,114,4,4,0.13157894736842105,0.2,0.10298245614035087,0.032109812956450434,0.23383084577114427,False,0.16666666666666666,60,0.8,0.11741228070175438,0.03638267100158076,0.10945273631840796,False,0.03508771929824561
YFK,33,49,114,4,4,0.06140350877192982,0.8,0.1007017543859649,0.029717279862464908,0.9353233830845771,False,0.21052631578947367,75,0.8,0.12083333333333332,0.0357042447677434,0.024875621890547265,True,0.14912280701754385
YFK,33,50,114,4,4,0.14035087719298245,0.2,0.10543859649122807,0.03276212654107027,0.19900497512437812,False,0.14912280701754385,450,0.2,0.10460526315789473,0.03219036337010141,0.09950248756218906,False,0.008771929824561403
YFK,33,51,114,4,4,0.07017543859649122,0.2,0.1012719298245614,0.029741178927802845,0.8855721393034826,False,0.12280701754385964,60,0.8,0.1164473684210526,0.03410346467167022,0.4427860696517413,False,0.05263157894736842
YFK,33,52,114,4,4,0.16666666666666666,0.5,0.10127192982456139,0.034675323790799455,0.04477611940298507,True,0.21052631578947367,90,0.2,0.1157017543859649,0.03641148744867918,0.024875621890547265,True,0.043859649122807015
YFK,33,53,114,4,4,0.09649122807017543,0.5,0.10258771929824562,0.03392453422395418,0.6019900497512438,False,0.14912280701754385,150,0.8,0.11087719298245613,0.035580598897383665,0.17412935323383086,False,0.05263157894736842
YFK,33,54,114,4,4,0.07017543859649122,0.5,0.10394736842105264,0.035685964929833836,0.8606965174129353,False,0.13157894736842105,100,0.2,0.1162280701754386,0.03298314547008969,0.3333333333333333,False,0.06140350877192982
YFK,33,55,114,4,4,0.15789473684210525,0.2,0.10460526315789473,0.031949222367841965,0.06467661691542288,False,0.16666666666666666,90,0.2,0.11728070175438596,0.03881616614459485,0.10945273631840796,False,0.008771929824561403
YFK,33,56,114,4,4,0.11403508771929824,0.2,0.10758771929824562,0.03316700919171376,0.4577114427860697,False,0.18421052631578946,180,0.8,0.11368421052631579,0.03487593672277029,0.03980099502487562,True,0.07017543859649122
YFK,33,57,114,4,4,0.09649122807017543,0.2,0.09885964912280702,0.029082698418471227,0.5323383084577115,False,0.12280701754385964,75,0.2,0.1118421052631579,0.03241554940960667,0.4228855721393035,False,0.02631578947368421
YFK,33,58,114,4,4,0.15789473684210525,0.5,0.1012280701754386,0.028777025457088577,0.05472636815920398,False,0.17543859649122806,450,0.8,0.10592105263157894,0.03168184744489383,0.03980099502487562,True,0.017543859649122806
YFK,33,59,114,4,4,0.12280701754385964,0.5,0.10315789473684209,0.03408421288233399,0.3383084577114428,False,0.16666666666666666,150,0.2,0.11671052631578945,0.034332405297227184,0.11940298507462686,False,0.043859649122807015
YFK,33,60,114,4,4,0.17543859649122806,0.2,0.10162280701754385,0.03355874244761313,0.04975124378109453,True,0.20175438596491227,75,0.2,0.11978070175438596,0.03399740227118583,0.024875621890547265,True,0.02631578947368421
YFK,33,61,114,4,4,0.14912280701754385,0.2,0.10157894736842105,0.03283757412431213,0.12437810945273632,False,0.16666666666666666,75,0.2,0.11649122807017542,0.03294103239616222,0.09950248756218906,False,0.017543859649122806
YFK,33,62,114,4,4,0.14912280701754385,0.5,0.10653508771929826,0.03563877320938738,0.14427860696517414,False,0.15789473684210525,60,0.5,0.11728070175438596,0.03311838807138632,0.12437810945273632,False,0.008771929824561403
YFK,33,63,114,4,4,0.08771929824561403,0.5,0.10517543859649123,0.03302110670324926,0.6915422885572139,False,0.14912280701754385,75,0.2,0.11679824561403508,0.036982448068766,0.23880597014925373,False,0.06140350877192982
YFK,33,64,114,4,4,0.11403508771929824,0.5,0.10245614035087719,0.03158188590165855,0.3781094527363184,False,0.12280701754385964,75,0.5,0.11649122807017545,0.034241763679239014,0.4427860696517413,False,0.008771929824561403
YFK,33,65,114,4,4,0.13157894736842105,0.2,0.09885964912280702,0.030370436826740652,0.13930348258706468,False,0.18421052631578946,75,0.5,0.1163157894736842,0.031280239170032455,0.029850746268656716,True,0.05263157894736842
YFK,33,66,114,4,4,0.14912280701754385,0.2,0.09842105263157894,0.030818470604787845,0.07960199004975124,False,0.15789473684210525,450,0.2,0.10092105263157894,0.032430426730779956,0.0945273631840796,False,0.008771929824561403
YFK,33,67,114,4,4,0.14912280701754385,0.5,0.10175438596491228,0.032892165405385275,0.09950248756218906,False,0.17543859649122806,150,0.2,0.11364035087719299,0.03258861646025199,0.05472636815920398,False,0.02631578947368421
YFK,33,68,114,4,4,0.09649122807017543,0.2,0.09964912280701753,0.0317927465323803,0.5870646766169154,False,0.13157894736842105,75,0.2,0.11815789473684209,0.034508912864681905,0.417910447761194,False,0.03508771929824561
YFK,34,35,114,4,4,0.08771929824561403,0.2,0.10267543859649124,0.02928260621997668,0.746268656716418,False,0.14912280701754385,90,0.5,0.11671052631578947,0.03321034931983168,0.21890547263681592,False,0.06140350877192982
YFK,34,36,114,4,4,0.07894736842105263,0.2,0.1081140350877193,0.032465461347205925,0.8706467661691543,False,0.14035087719298245,150,0.2,0.12043859649122808,0.03272374671923787,0.3383084577114428,False,0.06140350877192982
YFK,34,37,114,4,4,0.14912280701754385,0.8,0.1037280701754386,0.029943825254887826,0.0945273631840796,False,0.18421052631578946,300,0.5,0.10978070175438596,0.03331241774798957,0.024875621890547265,True,0.03508771929824561
YFK,34,38,114,4,4,0.14035087719298245,0.5,0.10728070175438596,0.034473038706558955,0.208955223880597,False,0.16666666666666666,60,0.8,0.1194298245614035,0.03448388897009583,0.10945273631840796,False,0.02631578947368421
YFK,34,39,114,4,4,0.13157894736842105,0.2,0.10328947368421053,0.03471588997106145,0.24875621890547264,False,0.13157894736842105,900,0.2,0.10328947368421053,0.03471588997106145,0.24875621890547264,False,0.0
YFK,34,40,114,4,4,0.12280701754385964,0.8,0.10337719298245612,0.02924402317007308,0.31343283582089554,False,0.14035087719298245,90,0.2,0.11969298245614034,0.034687587803365595,0.31343283582089554,False,0.017543859649122806
YFK,34,41,114,4,4,0.17543859649122806,0.8,0.10350877192982455,0.03247811336998897,0.01990049751243781,True,0.17543859649122806,900,0.8,0.10350877192982455,0.03247811336998897,0.01990049751243781,True,0.0
YFK,34,42,114,4,4,0.14912280701754385,0.8,0.10684210526315788,0.03176500480241415,0.13930348258706468,False,0.14912280701754385,450,0.8,0.1075,0.035307404268882916,0.15920398009950248,False,0.0
YFK,34,43,114,4,4,0.07894736842105263,0.2,0.10254385964912281,0.03251844785671745,0.8308457711442786,False,0.18421052631578946,75,0.5,0.11679824561403507,0.030445048389884703,0.04477611940298507,True,0.10526315789473684
YFK,34,44,114,4,4,0.12280701754385964,0.2,0.10280701754385964,0.030081967137290902,0.31840796019900497,False,0.17543859649122806,180,0.8,0.1125,0.03431257765458623,0.05472636815920398,False,0.05263157894736842
YFK,34,45,114,4,4,0.13157894736842105,0.2,0.10526315789473684,0.03037412879351259,0.23383084577114427,False,0.14035087719298245,90,0.8,0.11714912280701753,0.034272662316136085,0.2885572139303483,False,0.008771929824561403
YFK,34,46,114,4,4,0.08771929824561403,0.2,0.10285087719298247,0.03317237152292522,0.7164179104477612,False,0.18421052631578946,90,0.2,0.11201754385964913,0.03334411960026259,0.04477611940298507,True,0.09649122807017543
YFK,34,47,114,4,4,0.10526315789473684,0.8,0.10412280701754385,0.03297798687084056,0.5174129353233831,False,0.12280701754385964,60,0.8,0.12359649122807018,0.03620702144053751,0.5174129353233831,False,0.017543859649122806
YFK,34,48,114,4,4,0.16666666666666666,0.2,0.10736842105263157,0.03155101765272747,0.05472636815920398,False,0.16666666666666666,900,0.2,0.10736842105263157,0.03155101765272747,0.05472636815920398,False,0.0
YFK,34,49,114,4,4,0.14912280701754385,0.2,0.10359649122807017,0.03226777700464089,0.1044776119402985,False,0.14912280701754385,900,0.2,0.10359649122807017,0.03226777700464089,0.1044776119402985,False,0.0
YFK,34,50,114,4,4,0.10526315789473684,0.8,0.10723684210526314,0.03667651164691767,0.5373134328358209,False,0.15789473684210525,60,0.5,0.12070175438596492,0.035310059894450796,0.1691542288557214,False,0.05263157894736842
YFK,34,51,114,4,4,0.10526315789473684,0.2,0.10407894736842105,0.03172746014775741,0.5124378109452736,False,0.10526315789473684,90,0.8,0.1125,0.031821891848465005,0.6517412935323383,False,0.0
YFK,34,52,114,4,4,0.10526315789473684,0.5,0.10548245614035087,0.03070883786246748,0.5572139303482587,False,0.20175438596491227,90,0.2,0.11460526315789472,0.03332518332786761,0.01990049751243781,True,0.09649122807017543
YFK,34,53,114,4,4,0.12280701754385964,0.2,0.10434210526315787,0.03347937656786479,0.29850746268656714,False,0.16666666666666666,180,0.5,0.11412280701754385,0.031755630410429635,0.07960199004975124,False,0.043859649122807015
YFK,34,54,114,4,4,0.07017543859649122,0.2,0.10583333333333333,0.03502239246191114,0.8905472636815921,False,0.11403508771929824,100,0.5,0.11973684210526316,0.032031564887524414,0.6368159203980099,False,0.043859649122807015
YFK,34,55,114,4,4,0.09649122807017543,0.8,0.10539473684210528,0.029251955348172057,0.6417910447761194,False,0.14912280701754385,300,0.2,0.10978070175438596,0.03210665176985716,0.13930348258706468,False,0.05263157894736842
YFK,34,56,114,4,4,0.10526315789473684,0.2,0.10833333333333332,0.03317018589475464,0.582089552238806,False,0.17543859649122806,225,0.8,0.11491228070175438,0.03492202789874126,0.07462686567164178,False,0.07017543859649122
YFK,34,57,114,4,4,0.10526315789473684,0.2,0.10364035087719298,0.03085505360463857,0.5373134328358209,False,0.12280701754385964,90,0.8,0.11223684210526315,0.03391427459835633,0.4129353233830846,False,0.017543859649122806
YFK,34,58,114,4,4,0.12280701754385964,0.2,0.10052631578947369,0.032056784268241476,0.3034825870646766,False,0.14912280701754385,60,0.8,0.11824561403508771,0.03355508398226564,0.19402985074626866,False,0.02631578947368421
YFK,34,59,114,4,4,0.11403508771929824,0.5,0.10609649122807017,0.03366595712889015,0.44776119402985076,False,0.14035087719298245,90,0.2,0.11649122807017545,0.032491920776482865,0.30845771144278605,False,0.02631578947368421
YFK,34,60,114,4,4,0.13157894736842105,0.5,0.10719298245614034,0.03106838931144525,0.22388059701492538,False,0.17543859649122806,180,0.2,0.11456140350877192,0.0331339125811039,0.07960199004975124,False,0.043859649122807015
YFK,34,61,114,4,4,0.13157894736842105,0.8,0.10315789473684209,0.03151423031464227,0.23383084577114427,False,0.14035087719298245,100,0.2,0.11337719298245613,0.034464372865247714,0.263681592039801,False,0.008771929824561403
YFK,34,62,114,4,4,0.14912280701754385,0.2,0.1069736842105263,0.03335556894191118,0.12935323383084577,False,0.15789473684210525,180,0.2,0.1126315789473684,0.03274418219332879,0.10945273631840796,False,0.008771929824561403
YFK,34,63,114,4,4,0.12280701754385964,0.2,0.10438596491228068,0.03240660184093745,0.36318407960199006,False,0.14035087719298245,90,0.5,0.11719298245614036,0.03397968353550634,0.31840796019900497,False,0.017543859649122806
YFK,34,64,114,4,4,0.10526315789473684,0.2,0.10157894736842106,0.030007322581199033,0.4577114427860697,False,0.12280701754385964,90,0.8,0.11328947368421054,0.033953927969336106,0.43283582089552236,False,0.017543859649122806
YFK,34,65,114,4,4,0.14035087719298245,0.5,0.1025,0.030672805333924687,0.13930348258706468,False,0.14035087719298245,900,0.5,0.1025,0.030672805333924687,0.13930348258706468,False,0.0
YFK,34,66,114,4,4,0.14035087719298245,0.2,0.10232456140350876,0.031305415361656645,0.15920398009950248,False,0.14035087719298245,900,0.2,0.10232456140350876,0.031305415361656645,0.15920398009950248,False,0.0
YFK,34,67,114,4,4,0.11403508771929824,0.8,0.10438596491228068,0.029626581247180168,0.4129353233830846,False,0.11403508771929824,75,0.2,0.11859649122807017,0.03332381996511726,0.5771144278606966,False,0.0
YFK,34,68,114,4,4,0.09649122807017543,0.2,0.10293859649122807,0.03369901885661861,0.6119402985074627,False,0.16666666666666666,180,0.2,0.11179824561403509,0.033405378556398684,0.08955223880597014,False,0.07017543859649122
YFK,35,36,114,4,4,0.08771929824561403,0.2,0.10675438596491228,0.03137737246303844,0.7611940298507462,False,0.11403508771929824,75,0.2,0.11991228070175439,0.03560308722132672,0.5970149253731343,False,0.02631578947368421
YFK,35,37,114,4,4,0.17543859649122806,0.2,0.10570175438596491,0.03001234760610922,0.014925373134328358,True,0.17543859649122806,900,0.2,0.10570175438596491,0.03001234760610922,0.014925373134328358,True,0.0
YFK,35,38,114,4,4,0.09649122807017543,0.2,0.10657894736842105,0.031946953058897706,0.6616915422885572,False,0.14912280701754385,300,0.2,0.10798245614035087,0.033293986066178914,0.16417910447761194,False,0.05263157894736842
YFK,35,39,114,4,4,0.08771929824561403,0.8,0.10412280701754385,0.03302485359318346,0.7064676616915423,False,0.11403508771929824,60,0.5,0.11644736842105263,0.03556861561744549,0.5472636815920398,False,0.02631578947368421
YFK,35,40,114,4,4,0.08771929824561403,0.8,0.10486842105263157,0.03163739118567559,0.736318407960199,False,0.14912280701754385,75,0.2,0.11982456140350876,0.033468316179289685,0.22885572139303484,False,0.06140350877192982
YFK,35,41,114,4,4,0.12280701754385964,0.2,0.10877192982456141,0.0316581920284475,0.3781094527363184,False,0.16666666666666666,100,0.2,0.11644736842105263,0.03333516028531327,0.0945273631840796,False,0.043859649122807015
YFK,35,42,114,4,4,0.08771929824561403,0.5,0.1055701754385965,0.029774702790291808,0.7412935323383084,False,0.13157894736842105,100,0.2,0.11798245614035087,0.033782361445943425,0.36318407960199006,False,0.043859649122807015
YFK,35,43,114,4,4,0.06140350877192982,0.8,0.10135964912280702,0.030024552336111947,0.9502487562189055,False,0.15789473684210525,75,0.8,0.11912280701754385,0.032861115969617175,0.13930348258706468,False,0.09649122807017543
YFK,35,44,114,4,4,0.11403508771929824,0.2,0.10530701754385965,0.030329508682655167,0.43283582089552236,False,0.12280701754385964,100,0.2,0.11741228070175437,0.034874135049965956,0.4427860696517413,False,0.008771929824561403
YFK,35,45,114,4,4,0.10526315789473684,0.2,0.10719298245614033,0.03324482372507286,0.5522388059701493,False,0.13157894736842105,100,0.2,0.12048245614035087,0.03385927569649539,0.43781094527363185,False,0.02631578947368421
YFK,35,46,114,4,4,0.12280701754385964,0.2,0.10258771929824562,0.03216945589207397,0.3333333333333333,False,0.17543859649122806,90,0.2,0.11407894736842104,0.03294499378687647,0.06467661691542288,False,0.05263157894736842
YFK,35,47,114,4,4,0.09649122807017543,0.5,0.1019736842105263,0.030315991863698266,0.6019900497512438,False,0.13157894736842105,75,0.5,0.11596491228070174,0.032882289219695014,0.35323383084577115,False,0.03508771929824561
YFK,35,48,114,4,4,0.10526315789473684,0.2,0.10635964912280702,0.03128886004856299,0.5373134328358209,False,0.14912280701754385,90,0.5,0.11741228070175438,0.035630960627613326,0.21393034825870647,False,0.043859649122807015
YFK,35,49,114,4,4,0.07894736842105263,0.5,0.10425438596491228,0.031952126848109594,0.8407960199004975,False,0.13157894736842105,100,0.8,0.11464912280701753,0.036950362143044105,0.3333333333333333,False,0.05263157894736842
YFK,35,50,114,4,4,0.15789473684210525,0.2,0.10447368421052632,0.03089403398135249,0.05472636815920398,False,0.15789473684210525,900,0.2,0.10447368421052632,0.03089403398135249,0.05472636815920398,False,0.0
YFK,35,51,114,4,4,0.08771929824561403,0.5,0.10350877192982455,0.031889410033739136,0.7213930348258707,False,0.13157894736842105,100,0.8,0.11399122807017542,0.03712770228839328,0.3681592039800995,False,0.043859649122807015
YFK,35,52,114,4,4,0.13157894736842105,0.2,0.10552631578947368,0.03227400760062119,0.22885572139303484,False,0.14912280701754385,100,0.5,0.11881578947368421,0.03703698515916482,0.2537313432835821,False,0.017543859649122806
YFK,35,53,114,4,4,0.13157894736842105,0.2,0.10473684210526316,0.03348217718303672,0.27860696517412936,False,0.13157894736842105,90,0.8,0.11530701754385964,0.03598428615733695,0.3880597014925373,False,0.0
YFK,35,54,114,4,4,0.08771929824561403,0.2,0.10807017543859647,0.03329828286606862,0.746268656716418,False,0.14035087719298245,90,0.2,0.11833333333333332,0.03174345174306562,0.29850746268656714,False,0.05263157894736842
YFK,35,55,114,4,4,0.09649122807017543,0.2,0.10697368421052632,0.034236540607917705,0.6368159203980099,False,0.13157894736842105,100,0.2,0.1168859649122807,0.0348326431035208,0.40298507462686567,False,0.03508771929824561
YFK,35,56,114,4,4,0.13157894736842105,0.2,0.10688596491228068,0.032787108299764306,0.25870646766169153,False,0.15789473684210525,100,0.2,0.11824561403508771,0.03943531592064958,0.1791044776119403,False,0.02631578947368421
YFK,35,57,114,4,4,0.07894736842105263,0.2,0.10464912280701753,0.03224524095934518,0.8159203980099502,False,0.12280701754385964,75,0.2,0.11530701754385966,0.03284978856251044,0.5024875621890548,False,0.043859649122807015
YFK,35,58,114,4,4,0.10526315789473684,0.8,0.10293859649122807,0.032292781979300265,0.5174129353233831,False,0.15789473684210525,75,0.2,0.11789473684210527,0.03250952860870872,0.15422885572139303,False,0.05263157894736842
YFK,35,59,114,4,4,0.06140350877192982,0.5,0.10767543859649123,0.03303219977629962,0.945273631840796,False,0.14912280701754385,100,0.2,0.11934210526315789,0.03440778098961783,0.24875621890547264,False,0.08771929824561403
YFK,35,60,114,4,4,0.15789473684210525,0.2,0.10798245614035087,0.03140545660644069,0.07462686567164178,False,0.19298245614035087,100,0.2,0.11850877192982455,0.034487392847810786,0.03482587064676617,True,0.03508771929824561
YFK,35,61,114,4,4,0.08771929824561403,0.2,0.10421052631578945,0.034817348516472196,0.736318407960199,False,0.14035087719298245,75,0.2,0.11421052631578947,0.03367012033022123,0.25870646766169153,False,0.05263157894736842
YFK,35,62,114,4,4,0.13157894736842105,0.2,0.10785087719298245,0.030333333103882525,0.2537313432835821,False,0.15789473684210525,75,0.5,0.11714912280701753,0.035141648364787476,0.15920398009950248,False,0.02631578947368421
YFK,35,63,114,4,4,0.11403508771929824,0.2,0.10618421052631578,0.03250664419495005,0.40298507462686567,False,0.12280701754385964,75,0.2,0.11583333333333334,0.03435604830756813,0.44776119402985076,False,0.008771929824561403
YFK,35,64,114,4,4,0.11403508771929824,0.5,0.10328947368421051,0.032172340489929625,0.40298507462686567,False,0.13157894736842105,100,0.5,0.11381578947368422,0.037127077412093666,0.30845771144278605,False,0.017543859649122806
YFK,35,65,114,4,4,0.09649122807017543,0.2,0.10333333333333332,0.03281165858549161,0.6417910447761194,False,0.14035087719298245,100,0.5,0.11442982456140349,0.036569453069520814,0.2537313432835821,False,0.043859649122807015
YFK,35,66,114,4,4,0.09649122807017543,0.5,0.10526315789473684,0.03181657535158579,0.6218905472636815,False,0.13157894736842105,100,0.5,0.11517543859649124,0.03722975448546283,0.3582089552238806,False,0.03508771929824561
YFK,35,67,114,4,4,0.07017543859649122,0.2,0.10438596491228071,0.031767926125343245,0.9203980099502488,False,0.13157894736842105,100,0.5,0.115,0.03626677643674113,0.3283582089552239,False,0.06140350877192982
YFK,35,68,114,4,4,0.07894736842105263,0.2,0.10293859649122807,0.030431074641606187,0.8009950248756219,False,0.12280701754385964,100,0.5,0.1151315789473684,0.036353539215635174,0.4626865671641791,False,0.043859649122807015
YFK,36,37,114,4,4,0.14912280701754385,0.5,0.10543859649122807,0.02948214216833039,0.07462686567164178,False,0.19298245614035087,150,0.8,0.10991228070175438,0.031742477247820124,0.014925373134328358,True,0.043859649122807015
YFK,36,38,114,4,4,0.11403508771929824,0.2,0.1107456140350877,0.03343360961581927,0.4925373134328358,False,0.15789473684210525,100,0.5,0.1170175438596491,0.03649687327061095,0.18407960199004975,False,0.043859649122807015
YFK,36,39,114,4,4,0.11403508771929824,0.2,0.10596491228070175,0.029210717593455515,0.43781094527363185,False,0.14035087719298245,180,0.5,0.11539473684210526,0.034421263684950146,0.2736318407960199,False,0.02631578947368421
YFK,36,40,114,4,4,0.10526315789473684,0.2,0.10701754385964912,0.032915668206101464,0.582089552238806,False,0.17543859649122806,90,0.2,0.1205701754385965,0.03567781045675633,0.0945273631840796,False,0.07017543859649122
YFK,36,41,114,4,4,0.15789473684210525,0.5,0.10828947368421052,0.03192088983538929,0.07960199004975124,False,0.15789473684210525,900,0.5,0.10828947368421052,0.03192088983538929,0.07960199004975124,False,0.0
YFK,36,42,114,4,4,0.13157894736842105,0.5,0.1056140350877193,0.0299361086935339,0.22388059701492538,False,0.14035087719298245,150,0.8,0.11517543859649121,0.03405095738160415,0.27860696517412936,False,0.008771929824561403
YFK,36,43,114,4,4,0.08771929824561403,0.2,0.10429824561403508,0.0332405200148458,0.7263681592039801,False,0.21052631578947367,75,0.8,0.11614035087719296,0.030643324205470644,0.009950248756218905,True,0.12280701754385964
YFK,36,44,114,4,4,0.10526315789473684,0.8,0.10671052631578946,0.03238007269322807,0.5422885572139303,False,0.19298245614035087,180,0.5,0.11460526315789472,0.033648494786856054,0.024875621890547265,True,0.08771929824561403
YFK,36,45,114,4,4,0.09649122807017543,0.2,0.10951754385964911,0.03176765226273068,0.7064676616915423,False,0.14035087719298245,225,0.2,0.11552631578947366,0.033116052929161865,0.263681592039801,False,0.043859649122807015
YFK,36,46,114,4,4,0.08771929824561403,0.2,0.10460526315789474,0.03397851713094194,0.7114427860696517,False,0.17543859649122806,90,0.8,0.11451754385964913,0.03637756930848351,0.0945273631840796,False,0.08771929824561403
YFK,36,47,114,4,4,0.07017543859649122,0.2,0.10508771929824562,0.033887613560731326,0.8905472636815921,False,0.15789473684210525,180,0.2,0.11364035087719299,0.03744709562248008,0.13432835820895522,False,0.08771929824561403
YFK,36,48,114,4,4,0.10526315789473684,0.5,0.10671052631578949,0.03204396589115711,0.5422885572139303,False,0.18421052631578946,150,0.2,0.11675438596491228,0.03522399262269798,0.05970149253731343,False,0.07894736842105263
YFK,36,49,114,4,4,0.10526315789473684,0.8,0.10675438596491225,0.032621969977752865,0.5422885572139303,False,0.16666666666666666,150,0.8,0.11732456140350876,0.0341544478290817,0.08955223880597014,False,0.06140350877192982
YFK,36,50,114,4,4,0.10526315789473684,0.2,0.10521929824561405,0.0306339536742889,0.5771144278606966,False,0.12280701754385964,225,0.2,0.11614035087719297,0.03556103227322652,0.43781094527363185,False,0.017543859649122806
YFK,36,51,114,4,4,0.06140350877192982,0.2,0.10732456140350877,0.03199807931854134,0.9552238805970149,False,0.12280701754385964,90,0.5,0.11964912280701753,0.034149947381587206,0.5074626865671642,False,0.06140350877192982
YFK,36,52,114,4,4,0.14912280701754385,0.5,0.10903508771929823,0.03099799148623235,0.13432835820895522,False,0.18421052631578946,225,0.8,0.11289473684210526,0.030770128269966997,0.024875621890547265,True,0.03508771929824561
YFK,36,53,114,4,4,0.10526315789473684,0.2,0.10412280701754385,0.032446071858967585,0.4975124378109453,False,0.14912280701754385,75,0.5,0.12267543859649123,0.03438057480419422,0.24378109452736318,False,0.043859649122807015
YFK,36,54,114,4,4,0.08771929824561403,0.2,0.10679824561403509,0.034256186511412386,0.7164179104477612,False,0.13157894736842105,60,0.8,0.1224561403508772,0.03398878580550847,0.4079601990049751,False,0.043859649122807015
YFK,36,55,114,4,4,0.14035087719298245,0.8,0.10763157894736843,0.030548160531193882,0.1890547263681592,False,0.14912280701754385,150,0.8,0.11899122807017543,0.033894658675219506,0.20398009950248755,False,0.008771929824561403
YFK,36,56,114,4,4,0.12280701754385964,0.2,0.11052631578947368,0.03355554491324614,0.39800995024875624,False,0.17543859649122806,90,0.5,0.11969298245614034,0.036459322842442125,0.08955223880597014,False,0.05263157894736842
YFK,36,57,114,4,4,0.11403508771929824,0.2,0.10491228070175439,0.03175380390809711,0.36318407960199006,False,0.15789473684210525,225,0.2,0.11302631578947368,0.03534221270606354,0.12935323383084577,False,0.043859649122807015
YFK,36,58,114,4,4,0.09649122807017543,0.2,0.10105263157894737,0.030715416161636783,0.6069651741293532,False,0.13157894736842105,75,0.2,0.12421052631578945,0.03544340569109023,0.4626865671641791,False,0.03508771929824561
YFK,36,59,114,4,4,0.11403508771929824,0.2,0.10649122807017544,0.03129012671585091,0.43781094527363185,False,0.15789473684210525,225,0.5,0.11403508771929825,0.03492202789874126,0.16417910447761194,False,0.043859649122807015
YFK,36,60,114,4,4,0.12280701754385964,0.5,0.10890350877192984,0.0336967239514295,0.36318407960199006,False,0.18421052631578946,100,0.5,0.11982456140350876,0.033549091303240644,0.04477611940298507,True,0.06140350877192982
YFK,36,61,114,4,4,0.10526315789473684,0.5,0.1045175438596491,0.030460285167768577,0.5621890547263682,False,0.18421052631578946,225,0.2,0.11530701754385962,0.03360617996093929,0.029850746268656716,True,0.07894736842105263
YFK,36,62,114,4,4,0.15789473684210525,0.5,0.10815789473684209,0.03282285189651197,0.10945273631840796,False,0.17543859649122806,75,0.2,0.11899122807017543,0.03646653382740207,0.0845771144278607,False,0.017543859649122806
YFK,36,63,114,4,4,0.11403508771929824,0.2,0.10307017543859649,0.030737941671484525,0.3880597014925373,False,0.12280701754385964,150,0.2,0.1169298245614035,0.031939205936587625,0.4577114427860697,False,0.008771929824561403
YFK,36,64,114,4,4,0.13157894736842105,0.5,0.10596491228070175,0.029955735205370385,0.23383084577114427,False,0.15789473684210525,225,0.2,0.11543859649122806,0.03365266014846948,0.14925373134328357,False,0.02631578947368421
YFK,36,65,114,4,4,0.11403508771929824,0.5,0.10535087719298247,0.03028475899238134,0.417910447761194,False,0.15789473684210525,225,0.2,0.11456140350877192,0.034281038240972214,0.15422885572139303,False,0.043859649122807015
YFK,36,66,114,4,4,0.10526315789473684,0.2,0.10539473684210528,0.030329253704093444,0.5572139303482587,False,0.16666666666666666,150,0.8,0.11596491228070174,0.03399242603105233,0.10945273631840796,False,0.06140350877192982
YFK,36,67,114,4,4,0.08771929824561403,0.5,0.10587719298245613,0.029685384512169732,0.736318407960199,False,0.14912280701754385,225,0.2,0.11574561403508772,0.03311123617821857,0.19900497512437812,False,0.06140350877192982
YFK,36,68,114,4,4,0.10526315789473684,0.2,0.10631578947368421,0.0324252100105492,0.5174129353233831,False,0.15789473684210525,225,0.8,0.11473684210526315,0.03293164052951864,0.14925373134328357,False,0.05263157894736842
YFK,37,38,114,4,4,0.14035087719298245,0.5,0.10789473684210524,0.032251116233147206,0.1890547263681592,False,0.19298245614035087,100,0.5,0.11618421052631579,0.034087133956445,0.024875621890547265,True,0.05263157894736842
YFK,37,39,114,4,4,0.17543859649122806,0.8,0.10460526315789473,0.03085329911301535,0.029850746268656716,True,0.17543859649122806,900,0.8,0.10460526315789473,0.03085329911301535,0.029850746268656716,True,0.0
YFK,37,40,114,4,4,0.17543859649122806,0.5,0.10359649122807017,0.03158959825086485,0.024875621890547265,True,0.20175438596491227,225,0.5,0.11100877192982456,0.03256843954896076,0.014925373134328358,True,0.02631578947368421
YFK,37,41,114,4,4,0.14912280701754385,0.8,0.1068859649122807,0.029770806606310995,0.11442786069651742,False,0.15789473684210525,300,0.8,0.1118421052631579,0.034563101779609307,0.10945273631840796,False,0.008771929824561403
YFK,37,42,114,4,4,0.15789473684210525,0.8,0.10644736842105262,0.029320611001967267,0.05970149253731343,False,0.16666666666666666,150,0.5,0.11026315789473685,0.033120723048973996,0.06467661691542288,False,0.008771929824561403
YFK,37,43,114,4,4,0.14912280701754385,0.2,0.10359649122807017,0.030695645542802547,0.08955223880597014,False,0.18421052631578946,100,0.2,0.11543859649122806,0.031022056849691733,0.03482587064676617,True,0.03508771929824561
YFK,37,44,114,4,4,0.14912280701754385,0.8,0.10473684210526316,0.0311116701162389,0.12437810945273632,False,0.24561403508771928,300,0.2,0.10947368421052632,0.035925810297660746,0.004975124378109453,True,0.09649122807017543
YFK,37,45,114,4,4,0.14035087719298245,0.8,0.10578947368421053,0.028988547299054375,0.1791044776119403,False,0.17543859649122806,300,0.5,0.10846491228070175,0.034455845121012886,0.024875621890547265,True,0.03508771929824561
YFK,37,46,114,4,4,0.13157894736842105,0.2,0.10140350877192983,0.03347062674520448,0.208955223880597,False,0.20175438596491227,150,0.8,0.10942982456140349,0.034012639253902625,0.014925373134328358,True,0.07017543859649122
YFK,37,47,114,4,4,0.14035087719298245,0.2,0.10513157894736842,0.03178590460542187,0.14427860696517414,False,0.20175438596491227,300,0.5,0.10798245614035087,0.035278836818710725,0.009950248756218905,True,0.06140350877192982
YFK,37,48,114,4,4,0.14035087719298245,0.5,0.10934210526315788,0.03209340150640715,0.22885572139303484,False,0.19298245614035087,150,0.8,0.11131578947368422,0.034603799518458864,0.01990049751243781,True,0.05263157894736842
YFK,37,49,114,4,4,0.18421052631578946,0.5,0.1031578947368421,0.028782399619171974,0.009950248756218905,True,0.21052631578947367,300,0.8,0.10552631578947368,0.033218643900110756,0.004975124378109453,True,0.02631578947368421
YFK,37,50,114,4,4,0.14912280701754385,0.5,0.10513157894736842,0.029801961815778044,0.0945273631840796,False,0.21052631578947367,100,0.2,0.11552631578947366,0.03344138632282077,0.014925373134328358,True,0.06140350877192982
YFK,37,51,114,4,4,0.15789473684210525,0.2,0.10671052631578949,0.03297174271390755,0.10945273631840796,False,0.18421052631578946,300,0.2,0.10824561403508773,0.03646507583884384,0.03980099502487562,True,0.02631578947368421
YFK,37,52,114,4,4,0.15789473684210525,0.2,0.1062280701754386,0.0307510215402193,0.06965174129353234,False,0.21052631578947367,150,0.5,0.10859649122807018,0.03047021671260094,0.004975124378109453,True,0.05263157894736842
YFK,37,53,114,4,4,0.15789473684210525,0.5,0.10732456140350877,0.031115864405701365,0.08955223880597014,False,0.18421052631578946,150,0.8,0.11021929824561404,0.03165303127365185,0.01990049751243781,True,0.02631578947368421
YFK,37,54,114,4,4,0.16666666666666666,0.2,0.10535087719298245,0.035525676350904124,0.0845771144278607,False,0.17543859649122806,100,0.2,0.11657894736842105,0.033746173246666754,0.05970149253731343,False,0.008771929824561403
YFK,37,55,114,4,4,0.19298245614035087,0.5,0.10719298245614034,0.03059179816270621,0.004975124378109453,True,0.20175438596491227,300,0.5,0.10578947368421052,0.03487371926610043,0.009950248756218905,True,0.008771929824561403
YFK,37,56,114,4,4,0.13157894736842105,0.5,0.11135964912280702,0.033488614822540334,0.29850746268656714,False,0.21052631578947367,225,0.8,0.11276315789473683,0.03457034478453732,0.004975124378109453,True,0.07894736842105263
YFK,37,57,114,4,4,0.15789473684210525,0.2,0.10508771929824562,0.030424498408269322,0.05472636815920398,False,0.18421052631578946,150,0.2,0.10850877192982455,0.031661978082739746,0.029850746268656716,True,0.02631578947368421
YFK,37,58,114,4,4,0.15789473684210525,0.5,0.10337719298245612,0.029936593055048134,0.05472636815920398,False,0.18421052631578946,150,0.2,0.11451754385964912,0.033523235603546246,0.03482587064676617,True,0.02631578947368421
YFK,37,59,114,4,4,0.14035087719298245,0.2,0.10657894736842105,0.03214002422119336,0.16417910447761194,False,0.21929824561403508,150,0.2,0.11236842105263158,0.032884993708278985,0.009950248756218905,True,0.07894736842105263
YFK,37,60,114,4,4,0.21052631578947367,0.2,0.10723684210526314,0.03078429352868313,0.004975124378109453,True,0.21929824561403508,150,0.2,0.11390350877192983,0.030608446263009723,0.004975124378109453,True,0.008771929824561403
YFK,37,61,114,4,4,0.17543859649122806,0.5,0.1062719298245614,0.028875448634549692,0.014925373134328358,True,0.19298245614035087,300,0.8,0.1067982456140351,0.03349138580202886,0.009950248756218905,True,0.017543859649122806
YFK,37,62,114,4,4,0.14912280701754385,0.2,0.10653508771929826,0.03290858975402896,0.14925373134328357,False,0.18421052631578946,450,0.2,0.10942982456140352,0.035350526629065,0.03482587064676617,True,0.03508771929824561
YFK,37,63,114,4,4,0.14912280701754385,0.2,0.1062280701754386,0.03171664221391519,0.09950248756218906,False,0.16666666666666666,100,0.2,0.11561403508771928,0.035686073282379015,0.10945273631840796,False,0.017543859649122806
YFK,37,64,114,4,4,0.16666666666666666,0.5,0.10657894736842105,0.02994786032144186,0.04477611940298507,True,0.18421052631578946,150,0.5,0.10925438596491227,0.030889121094127482,0.01990049751243781,True,0.017543859649122806
YFK,37,65,114,4,4,0.14035087719298245,0.5,0.10460526315789473,0.029494959586573846,0.12935323383084577,False,0.18421052631578946,300,0.2,0.1062719298245614,0.03239678649955869,0.024875621890547265,True,0.043859649122807015
YFK,37,66,114,4,4,0.15789473684210525,0.2,0.10482456140350876,0.030624517145652702,0.05472636815920398,False,0.20175438596491227,300,0.2,0.10438596491228071,0.033933679774043234,0.009950248756218905,True,0.043859649122807015
YFK,37,67,114,4,4,0.16666666666666666,0.5,0.10539473684210526,0.028270541118456054,0.029850746268656716,True,0.19298245614035087,300,0.5,0.10513157894736842,0.03322524897906054,0.014925373134328358,True,0.02631578947368421
YFK,37,68,114,4,4,0.16666666666666666,0.5,0.10412280701754385,0.03185677641104596,0.03482587064676617,True,0.19298245614035087,300,0.2,0.1057456140350877,0.03471321673764868,0.014925373134328358,True,0.02631578947368421
YFK,38,39,114,4,4,0.12280701754385964,0.2,0.10491228070175439,0.033415129066926445,0.3383084577114428,False,0.14912280701754385,300,0.8,0.10789473684210525,0.03510975240515679,0.15920398009950248,False,0.02631578947368421
YFK,38,40,114,4,4,0.15789473684210525,0.2,0.10864035087719298,0.033250842169175086,0.13432835820895522,False,0.19298245614035087,300,0.2,0.11175438596491226,0.03330385626687191,0.014925373134328358,True,0.03508771929824561
YFK,38,41,114,4,4,0.13157894736842105,0.5,0.10714912280701754,0.030739545512417994,0.24378109452736318,False,0.14035087719298245,100,0.8,0.1169298245614035,0.034945382638073084,0.2736318407960199,False,0.008771929824561403
YFK,38,42,114,4,4,0.11403508771929824,0.2,0.10728070175438596,0.03636175482800318,0.43283582089552236,False,0.16666666666666666,300,0.8,0.10793859649122807,0.03544076005731024,0.08955223880597014,False,0.05263157894736842
YFK,38,43,114,4,4,0.11403508771929824,0.5,0.10368421052631578,0.034180731051101386,0.39303482587064675,False,0.21929824561403508,75,0.8,0.1170175438596491,0.0336756321910565,0.009950248756218905,True,0.10526315789473684
YFK,38,44,114,4,4,0.12280701754385964,0.2,0.1082017543859649,0.03239798001292573,0.36318407960199006,False,0.17543859649122806,100,0.5,0.11675438596491228,0.03347928994716581,0.06467661691542288,False,0.05263157894736842
YFK,38,45,114,4,4,0.09649122807017543,0.2,0.10907894736842107,0.03459471935247671,0.6567164179104478,False,0.11403508771929824,60,0.2,0.12219298245614034,0.03283934034811927,0.6417910447761194,False,0.017543859649122806
YFK,38,46,114,4,4,0.09649122807017543,0.2,0.10741228070175439,0.03418907294969892,0.6368159203980099,False,0.18421052631578946,60,0.8,0.12052631578947366,0.03288322993660489,0.03980099502487562,True,0.08771929824561403
YFK,38,47,114,4,4,0.08771929824561403,0.2,0.1074561403508772,0.03446226917706411,0.736318407960199,False,0.14912280701754385,60,0.2,0.11938596491228068,0.03377137166347964,0.21393034825870647,False,0.06140350877192982
YFK,38,48,114,4,4,0.14912280701754385,0.2,0.11070175438596491,0.032839929068278866,0.15422885572139303,False,0.14912280701754385,60,0.2,0.1194298245614035,0.0347296983990674,0.22388059701492538,False,0.0
YFK,38,49,114,4,4,0.08771929824561403,0.2,0.10833333333333332,0.034112675600851454,0.7611940298507462,False,0.15789473684210525,60,0.2,0.11828947368421051,0.03354376037664715,0.14925373134328357,False,0.07017543859649122
YFK,38,50,114,4,4,0.09649122807017543,0.5,0.10736842105263157,0.031880193511149624,0.6368159203980099,False,0.15789473684210525,300,0.8,0.10956140350877193,0.033532375291409774,0.10945273631840796,False,0.06140350877192982
YFK,38,51,114,4,4,0.09649122807017543,0.2,0.10684210526315789,0.03461910468176444,0.6368159203980099,False,0.15789473684210525,100,0.2,0.11605263157894737,0.035150587247319745,0.14925373134328357,False,0.06140350877192982
YFK,38,52,114,4,4,0.10526315789473684,0.2,0.10714912280701754,0.03211748882852445,0.5771144278606966,False,0.16666666666666666,75,0.2,0.11355263157894736,0.034208293984046165,0.08955223880597014,False,0.06140350877192982
YFK,38,53,114,4,4,0.12280701754385964,0.2,0.10934210526315788,0.03298464014070079,0.39800995024875624,False,0.17543859649122806,300,0.8,0.10929824561403506,0.035404109985496375,0.06467661691542288,False,0.05263157894736842
YFK,38,54,114,4,4,0.08771929824561403,0.8,0.1094736842105263,0.03257274302697915,0.7860696517412935,False,0.15789473684210525,90,0.5,0.11934210526315789,0.034125680031946846,0.17412935323383086,False,0.07017543859649122
YFK,38,55,114,4,4,0.10526315789473684,0.5,0.1094736842105263,0.034766225282591975,0.5572139303482587,False,0.16666666666666666,300,0.8,0.10719298245614034,0.033256452587590205,0.05472636815920398,False,0.06140350877192982
YFK,38,56,114,4,4,0.09649122807017543,0.5,0.10850877192982455,0.03406231103145073,0.6716417910447762,False,0.16666666666666666,100,0.5,0.1168421052631579,0.035490503106111466,0.11940298507462686,False,0.07017543859649122
YFK,38,57,114,4,4,0.07894736842105263,0.2,0.10679824561403509,0.03238795313369436,0.835820895522388,False,0.17543859649122806,100,0.5,0.1119736842105263,0.03703886431623005,0.06467661691542288,False,0.09649122807017543
YFK,38,58,114,4,4,0.10526315789473684,0.2,0.10583333333333332,0.03477865180491967,0.5572139303482587,False,0.18421052631578946,300,0.8,0.10578947368421052,0.03404334831784587,0.01990049751243781,True,0.07894736842105263
YFK,38,59,114,4,4,0.14035087719298245,0.2,0.1074561403508772,0.03268875234869644,0.208955223880597,False,0.14035087719298245,100,0.2,0.11929824561403507,0.0335440197386272,0.2736318407960199,False,0.0
YFK,38,60,114,4,4,0.14035087719298245,0.5,0.10991228070175438,0.03483233783263434,0.23383084577114427,False,0.21052631578947367,300,0.8,0.11017543859649123,0.03439364657714671,0.014925373134328358,True,0.07017543859649122
YFK,38,61,114,4,4,0.12280701754385964,0.2,0.10842105263157893,0.032442854048980216,0.373134328358209,False,0.15789473684210525,100,0.8,0.11206140350877193,0.03761338305096438,0.14427860696517414,False,0.03508771929824561
YFK,38,62,114,4,4,0.11403508771929824,0.2,0.10679824561403507,0.03592018622479963,0.4427860696517413,False,0.15789473684210525,90,0.2,0.11942982456140351,0.03507314230395791,0.17412935323383086,False,0.043859649122807015
YFK,38,63,114,4,4,0.14035087719298245,0.2,0.10513157894736842,0.030671544689384198,0.15920398009950248,False,0.16666666666666666,75,0.2,0.11451754385964912,0.03578818475171381,0.09950248756218906,False,0.02631578947368421
YFK,38,64,114,4,4,0.09649122807017543,0.2,0.10614035087719298,0.032797985783573395,0.6268656716417911,False,0.16666666666666666,60,0.5,0.11403508771929825,0.032022510028011326,0.05970149253731343,False,0.07017543859649122
YFK,38,65,114,4,4,0.09649122807017543,0.2,0.10513157894736841,0.03093515268786809,0.6616915422885572,False,0.17543859649122806,100,0.2,0.1137280701754386,0.03590877391631256,0.07462686567164178,False,0.07894736842105263
YFK,38,66,114,4,4,0.12280701754385964,0.2,0.10657894736842105,0.033965000987131545,0.31343283582089554,False,0.15789473684210525,100,0.5,0.11328947368421051,0.03643683237640932,0.13930348258706468,False,0.03508771929824561
YFK,38,67,114,4,4,0.12280701754385964,0.2,0.10732456140350877,0.03273872020166116,0.3333333333333333,False,0.16666666666666666,100,0.5,0.11307017543859649,0.037130748409760175,0.0845771144278607,False,0.043859649122807015
YFK,38,68,114,4,4,0.09649122807017543,0.8,0.10767543859649122,0.032773661218623115,0.6965174129353234,False,0.17543859649122806,60,0.2,0.11460526315789472,0.03352185145881616,0.06467661691542288,False,0.07894736842105263
YFK,39,40,114,4,4,0.13157894736842105,0.5,0.10592105263157894,0.031498245102378496,0.25870646766169153,False,0.19298245614035087,60,0.5,0.11574561403508771,0.034729921070658566,0.024875621890547265,True,0.06140350877192982
YFK,39,41,114,4,4,0.09649122807017543,0.2,0.1029824561403509,0.03140360973724372,0.6616915422885572,False,0.14035087719298245,90,0.5,0.1162719298245614,0.032868616388901886,0.29850746268656714,False,0.043859649122807015
YFK,39,42,114,4,4,0.13157894736842105,0.2,0.10815789473684209,0.033209330544333344,0.263681592039801,False,0.13157894736842105,900,0.2,0.10815789473684209,0.033209330544333344,0.263681592039801,False,0.0
YFK,39,43,114,4,4,0.11403508771929824,0.5,0.1020175438596491,0.029695803087219932,0.3482587064676617,False,0.20175438596491227,75,0.8,0.11574561403508772,0.03135996122649859,0.01990049751243781,True,0.08771929824561403
YFK,39,44,114,4,4,0.12280701754385964,0.8,0.10320175438596489,0.030589491354652377,0.26865671641791045,False,0.16666666666666666,225,0.8,0.11359649122807017,0.03478612781867198,0.06965174129353234,False,0.043859649122807015
YFK,39,45,114,4,4,0.08771929824561403,0.2,0.10684210526315789,0.03240373809715753,0.7810945273631841,False,0.12280701754385964,90,0.8,0.1212719298245614,0.03620966448076965,0.5074626865671642,False,0.03508771929824561
YFK,39,46,114,4,4,0.12280701754385964,0.2,0.10184210526315787,0.034384089210042025,0.30845771144278605,False,0.18421052631578946,90,0.5,0.11342105263157894,0.03098551503494924,0.03482587064676617,True,0.06140350877192982
YFK,39,47,114,4,4,0.03508771929824561,0.2,0.10653508771929823,0.03235163940550773,0.9950248756218906,False,0.13157894736842105,60,0.2,0.12210526315789473,0.033536641548278984,0.4427860696517413,False,0.09649122807017543
YFK,39,48,114,4,4,0.13157894736842105,0.2,0.10692982456140349,0.030846436839333413,0.22885572139303484,False,0.18421052631578946,150,0.2,0.11346491228070174,0.034622650715612394,0.029850746268656716,True,0.05263157894736842
YFK,39,49,114,4,4,0.13157894736842105,0.2,0.10504385964912281,0.029866246260594122,0.21393034825870647,False,0.13157894736842105,75,0.2,0.12201754385964912,0.03546249204204741,0.40298507462686567,False,0.0
YFK,39,50,114,4,4,0.14035087719298245,0.5,0.10622807017543857,0.03284263704508919,0.19900497512437812,False,0.14035087719298245,900,0.5,0.10622807017543857,0.03284263704508919,0.19900497512437812,False,0.0
YFK,39,51,114,4,4,0.14035087719298245,0.2,0.10337719298245612,0.031362180540954084,0.17412935323383086,False,0.14035087719298245,900,0.2,0.10337719298245612,0.031362180540954084,0.17412935323383086,False,0.0
YFK,39,52,114,4,4,0.14912280701754385,0.2,0.10385964912280703,0.030784324929996772,0.10945273631840796,False,0.17543859649122806,90,0.2,0.11530701754385964,0.03648582680477573,0.0945273631840796,False,0.02631578947368421
YFK,39,53,114,4,4,0.14035087719298245,0.2,0.10434210526315787,0.031577447386672536,0.16417910447761194,False,0.19298245614035087,150,0.8,0.11298245614035088,0.03434774696162542,0.01990049751243781,True,0.05263157894736842
YFK,39,54,114,4,4,0.11403508771929824,0.2,0.1057456140350877,0.03311707457414534,0.4626865671641791,False,0.14035087719298245,60,0.8,0.12149122807017544,0.034540719972645274,0.3383084577114428,False,0.02631578947368421
YFK,39,55,114,4,4,0.16666666666666666,0.2,0.10592105263157894,0.03070254151961336,0.04975124378109453,True,0.19298245614035087,225,0.5,0.11263157894736843,0.03691822214719639,0.04477611940298507,True,0.02631578947368421
YFK,39,56,114,4,4,0.20175438596491227,0.2,0.10789473684210525,0.03277439859189711,0.009950248756218905,True,0.20175438596491227,900,0.2,0.10789473684210525,0.03277439859189711,0.009950248756218905,True,0.0
YFK,39,57,114,4,4,0.12280701754385964,0.8,0.10587719298245613,0.030009255382665818,0.31343283582089554,False,0.12280701754385964,75,0.8,0.11662280701754385,0.03106387742636483,0.4527363184079602,False,0.0
YFK,39,58,114,4,4,0.12280701754385964,0.2,0.10434210526315789,0.031954789056439864,0.29850746268656714,False,0.16666666666666666,225,0.8,0.11140350877192982,0.03476667015645755,0.0845771144278607,False,0.043859649122807015
YFK,39,59,114,4,4,0.14035087719298245,0.2,0.10649122807017543,0.03323179456797005,0.22388059701492538,False,0.17543859649122806,180,0.5,0.11289473684210526,0.03415300435392223,0.07960199004975124,False,0.03508771929824561
YFK,39,60,114,4,4,0.21929824561403508,0.5,0.1100877192982456,0.03243939752716728,0.004975124378109453,True,0.21929824561403508,900,0.5,0.1100877192982456,0.03243939752716728,0.004975124378109453,True,0.0
YFK,39,61,114,4,4,0.18421052631578946,0.5,0.10539473684210526,0.032979950750899295,0.01990049751243781,True,0.18421052631578946,900,0.5,0.10539473684210526,0.032979950750899295,0.01990049751243781,True,0.0
YFK,39,62,114,4,4,0.14035087719298245,0.5,0.10684210526315788,0.03120003456603666,0.1691542288557214,False,0.14912280701754385,60,0.8,0.11609649122807017,0.033876401107415244,0.20398009950248755,False,0.008771929824561403
YFK,39,63,114,4,4,0.09649122807017543,0.8,0.10385964912280703,0.02976252552184054,0.6368159203980099,False,0.10526315789473684,75,0.5,0.1194298245614035,0.03431528209864932,0.7014925373134329,False,0.008771929824561403
YFK,39,64,114,4,4,0.16666666666666666,0.2,0.1044298245614035,0.02989419789138525,0.024875621890547265,True,0.16666666666666666,900,0.2,0.1044298245614035,0.02989419789138525,0.024875621890547265,True,0.0
YFK,39,65,114,4,4,0.11403508771929824,0.8,0.10486842105263156,0.03175937441181957,0.4079601990049751,False,0.16666666666666666,75,0.8,0.11916666666666666,0.03318798728881079,0.09950248756218906,False,0.05263157894736842
YFK,39,66,114,4,4,0.11403508771929824,0.8,0.1044736842105263,0.028862222130746334,0.42786069651741293,False,0.14035087719298245,75,0.8,0.12109649122807017,0.032770829551068865,0.2935323383084577,False,0.02631578947368421
YFK,39,67,114,4,4,0.11403508771929824,0.2,0.10228070175438596,0.030671071934322936,0.3781094527363184,False,0.15789473684210525,75,0.8,0.1194298245614035,0.03365538889896772,0.16417910447761194,False,0.043859649122807015
YFK,39,68,114,4,4,0.10526315789473684,0.5,0.10166666666666666,0.033569254715025254,0.48756218905472637,False,0.10526315789473684,75,0.8,0.11609649122807016,0.029691473310929146,0.6965174129353234,False,0.0
YFK,40,41,114,4,4,0.14912280701754385,0.8,0.105,0.03146105807566908,0.09950248756218906,False,0.18421052631578946,450,0.8,0.10644736842105264,0.03123617069118475,0.029850746268656716,True,0.03508771929824561
YFK,40,42,114,4,4,0.14035087719298245,0.2,0.11078947368421051,0.028796770572950388,0.19402985074626866,False,0.14912280701754385,60,0.5,0.12135964912280701,0.031813871192354994,0.22885572139303484,False,0.008771929824561403
YFK,40,43,114,4,4,0.11403508771929824,0.2,0.10052631578947369,0.03238081902926794,0.3681592039800995,False,0.18421052631578946,75,0.8,0.11491228070175438,0.03173139025802152,0.03482587064676617,True,0.07017543859649122
YFK,40,44,114,4,4,0.11403508771929824,0.8,0.10771929824561402,0.02991440125183806,0.4427860696517413,False,0.19298245614035087,300,0.8,0.11407894736842106,0.03078504715137026,0.009950248756218905,True,0.07894736842105263
YFK,40,45,114,4,4,0.07894736842105263,0.8,0.10706140350877191,0.031132263310869164,0.835820895522388,False,0.19298245614035087,60,0.8,0.12179824561403509,0.034230667230042054,0.03980099502487562,True,0.11403508771929824
YFK,40,46,114,4,4,0.14035087719298245,0.2,0.10631578947368421,0.03476177623079912,0.1691542288557214,False,0.18421052631578946,60,0.2,0.12232456140350877,0.03157499828373991,0.04975124378109453,True,0.043859649122807015
YFK,40,47,114,4,4,0.07894736842105263,0.2,0.10662280701754386,0.03482331725797677,0.8059701492537313,False,0.18421052631578946,60,0.2,0.12039473684210526,0.03378450747053692,0.05472636815920398,False,0.10526315789473684
YFK,40,48,114,4,4,0.12280701754385964,0.2,0.10692982456140349,0.03209957560511796,0.35323383084577115,False,0.21052631578947367,90,0.2,0.11964912280701753,0.03483378090780127,0.004975124378109453,True,0.08771929824561403
YFK,40,49,114,4,4,0.11403508771929824,0.2,0.10793859649122808,0.033557820667160045,0.4527363184079602,False,0.20175438596491227,75,0.8,0.11425438596491226,0.035026366840823484,0.014925373134328358,True,0.08771929824561403
YFK,40,50,114,4,4,0.11403508771929824,0.5,0.10605263157894736,0.032917900099369304,0.4079601990049751,False,0.13157894736842105,100,0.2,0.11942982456140351,0.03312267846604873,0.40298507462686567,False,0.017543859649122806
YFK,40,51,114,4,4,0.08771929824561403,0.8,0.10736842105263157,0.032037479346874745,0.7761194029850746,False,0.15789473684210525,60,0.2,0.11526315789473683,0.034476739955363184,0.15422885572139303,False,0.07017543859649122
YFK,40,52,114,4,4,0.10526315789473684,0.2,0.10771929824561405,0.03198819906414861,0.5572139303482587,False,0.22807017543859648,90,0.5,0.11679824561403508,0.03509408277833558,0.004975124378109453,True,0.12280701754385964
YFK,40,53,114,4,4,0.13157894736842105,0.2,0.10868421052631579,0.036063634360983046,0.2835820895522388,False,0.17543859649122806,150,0.2,0.1170175438596491,0.03523551698490207,0.06467661691542288,False,0.043859649122807015
YFK,40,54,114,4,4,0.07894736842105263,0.2,0.10714912280701754,0.03451975185223951,0.845771144278607,False,0.14035087719298245,75,0.2,0.11969298245614034,0.03338106221613415,0.30845771144278605,False,0.06140350877192982
YFK,40,55,114,4,4,0.15789473684210525,0.2,0.10864035087719298,0.03322757644728933,0.11442786069651742,False,0.17543859649122806,60,0.2,0.11741228070175438,0.03586891004247019,0.05970149253731343,False,0.017543859649122806
YFK,40,56,114,4,4,0.11403508771929824,0.2,0.11206140350877192,0.03494900620434958,0.5074626865671642,False,0.20175438596491227,100,0.2,0.11956140350877192,0.03493652959814076,0.029850746268656716,True,0.08771929824561403
YFK,40,57,114,4,4,0.13157894736842105,0.5,0.10403508771929823,0.03147494309583452,0.23880597014925373,False,0.19298245614035087,60,0.8,0.11285087719298247,0.03190974365957128,0.014925373134328358,True,0.06140350877192982
YFK,40,58,114,4,4,0.14035087719298245,0.5,0.10640350877192983,0.032182825026541725,0.1890547263681592,False,0.15789473684210525,75,0.2,0.1181578947368421,0.033125392510378264,0.12437810945273632,False,0.017543859649122806
YFK,40,59,114,4,4,0.11403508771929824,0.5,0.10644736842105264,0.03122378941207107,0.4577114427860697,False,0.17543859649122806,75,0.5,0.1212280701754386,0.03698435613405183,0.1044776119402985,False,0.06140350877192982
YFK,40,60,114,4,4,0.16666666666666666,0.2,0.10973684210526315,0.034058678275286317,0.07960199004975124,False,0.2543859649122807,100,0.5,0.12289473684210525,0.037080729136729,0.004975124378109453,True,0.08771929824561406
YFK,40,61,114,4,4,0.14912280701754385,0.2,0.10679824561403509,0.034815988055461725,0.14925373134328357,False,0.20175438596491227,75,0.8,0.11631578947368419,0.03290673911925281,0.009950248756218905,True,0.05263157894736842
YFK,40,62,114,4,4,0.14912280701754385,0.2,0.10807017543859648,0.03394233870844651,0.15920398009950248,False,0.19298245614035087,60,0.2,0.11578947368421051,0.03345167539346378,0.029850746268656716,True,0.043859649122807015
YFK,40,63,114,4,4,0.12280701754385964,0.8,0.1019298245614035,0.03112310210896695,0.29850746268656714,False,0.18421052631578946,60,0.8,0.11986842105263157,0.032588379157445335,0.03482587064676617,True,0.06140350877192982
YFK,40,64,114,4,4,0.12280701754385964,0.2,0.1062280701754386,0.03377137166347964,0.3333333333333333,False,0.18421052631578946,60,0.8,0.11552631578947366,0.03361437686740836,0.03980099502487562,True,0.06140350877192982
YFK,40,65,114,4,4,0.12280701754385964,0.8,0.10346491228070175,0.03056824790335957,0.2885572139303483,False,0.20175438596491227,60,0.8,0.11491228070175438,0.03216708191439966,0.004975124378109453,True,0.07894736842105263
YFK,40,66,114,4,4,0.14035087719298245,0.5,0.1062280701754386,0.03555613893475637,0.208955223880597,False,0.19298245614035087,60,0.8,0.11885964912280703,0.03154501198549434,0.014925373134328358,True,0.05263157894736842
YFK,40,67,114,4,4,0.11403508771929824,0.5,0.10535087719298247,0.031091156556045822,0.43283582089552236,False,0.20175438596491227,60,0.5,0.11583333333333332,0.03293090667713187,0.024875621890547265,True,0.08771929824561403
YFK,40,68,114,4,4,0.12280701754385964,0.2,0.1037280701754386,0.030959641581463263,0.3034825870646766,False,0.20175438596491227,60,0.8,0.1156140350877193,0.03612758680694711,0.01990049751243781,True,0.07894736842105263
YFK,41,42,114,4,4,0.10526315789473684,0.8,0.10592105263157894,0.030765446961825864,0.582089552238806,False,0.14035087719298245,450,0.2,0.10605263157894736,0.03139067861037203,0.14925373134328357,False,0.03508771929824561
YFK,41,43,114,4,4,0.15789473684210525,0.2,0.10478070175438596,0.031131021271994012,0.07462686567164178,False,0.19298245614035087,75,0.8,0.11903508771929823,0.03157882492360208,0.01990049751243781,True,0.03508771929824561
YFK,41,44,114,4,4,0.12280701754385964,0.5,0.10543859649122805,0.029873010106409997,0.3383084577114428,False,0.14912280701754385,75,0.2,0.11807017543859648,0.03321782908572447,0.20398009950248755,False,0.02631578947368421
YFK,41,45,114,4,4,0.08771929824561403,0.2,0.10802631578947368,0.0311481570342871,0.8009950248756219,False,0.14035087719298245,90,0.8,0.1170175438596491,0.03508154754854432,0.3034825870646766,False,0.05263157894736842
YFK,41,46,114,4,4,0.11403508771929824,0.2,0.10807017543859648,0.0328187284892414,0.5024875621890548,False,0.16666666666666666,60,0.2,0.1187719298245614,0.033322427537074956,0.09950248756218906,False,0.05263157894736842
YFK,41,47,114,4,4,0.12280701754385964,0.2,0.10535087719298245,0.03159694159520387,0.3383084577114428,False,0.14035087719298245,60,0.2,0.1207017543859649,0.032670886052771984,0.31840796019900497,False,0.017543859649122806
YFK,41,48,114,4,4,0.14912280701754385,0.8,0.10728070175438596,0.03020447133213832,0.09950248756218906,False,0.14912280701754385,900,0.8,0.10728070175438596,0.03020447133213832,0.09950248756218906,False,0.0
YFK,41,49,114,4,4,0.14035087719298245,0.5,0.10513157894736842,0.029554417238023954,0.14925373134328357,False,0.16666666666666666,450,0.8,0.10653508771929826,0.031195541721127,0.03980099502487562,True,0.02631578947368421
YFK,41,50,114,4,4,0.14035087719298245,0.2,0.10469298245614037,0.03175669582160992,0.19402985074626866,False,0.14035087719298245,900,0.2,0.10469298245614037,0.03175669582160992,0.19402985074626866,False,0.0
YFK,41,51,114,4,4,0.14035087719298245,0.2,0.10521929824561405,0.03218507770460405,0.17412935323383086,False,0.16666666666666666,450,0.8,0.10600877192982455,0.03248736855169933,0.05472636815920398,False,0.02631578947368421
YFK,41,52,114,4,4,0.15789473684210525,0.2,0.10899122807017543,0.031590179661178226,0.0845771144278607,False,0.18421052631578946,90,0.8,0.11697368421052631,0.03690604456593609,0.05472636815920398,False,0.02631578947368421
YFK,41,53,114,4,4,0.14912280701754385,0.2,0.10412280701754385,0.03035260722191407,0.10945273631840796,False,0.16666666666666666,450,0.8,0.10780701754385964,0.03219820017430041,0.04477611940298507,True,0.017543859649122806
YFK,41,54,114,4,4,0.12280701754385964,0.2,0.1056140350877193,0.029637542359705206,0.3034825870646766,False,0.15789473684210525,450,0.5,0.10842105263157893,0.0335675268971714,0.07462686567164178,False,0.03508771929824561
YFK,41,55,114,4,4,0.13157894736842105,0.5,0.10543859649122805,0.031103217681873924,0.25870646766169153,False,0.16666666666666666,450,0.5,0.10600877192982455,0.03377122854376759,0.05472636815920398,False,0.03508771929824561
YFK,41,56,114,4,4,0.14035087719298245,0.8,0.10907894736842103,0.03313318320875266,0.208955223880597,False,0.20175438596491227,450,0.5,0.10903508771929825,0.032472279167254606,0.01990049751243781,True,0.06140350877192982
YFK,41,57,114,4,4,0.14912280701754385,0.8,0.10548245614035089,0.030796851499132014,0.11442786069651742,False,0.15789473684210525,450,0.2,0.10469298245614034,0.03203551804004444,0.05970149253731343,False,0.008771929824561403
YFK,41,58,114,4,4,0.14912280701754385,0.2,0.1031140350877193,0.031134747239975853,0.0845771144278607,False,0.17543859649122806,450,0.5,0.10701754385964911,0.03285687968229516,0.029850746268656716,True,0.02631578947368421
YFK,41,59,114,4,4,0.12280701754385964,0.2,0.1057017543859649,0.03205569867500352,0.34328358208955223,False,0.16666666666666666,225,0.8,0.11557017543859648,0.03371003222677524,0.09950248756218906,False,0.043859649122807015
YFK,41,60,114,4,4,0.16666666666666666,0.2,0.10837719298245613,0.03246498493945351,0.06965174129353234,False,0.21052631578947367,450,0.5,0.10894736842105263,0.03179663817160565,0.004975124378109453,True,0.043859649122807015
YFK,41,61,114,4,4,0.14912280701754385,0.2,0.1045175438596491,0.028110060209763747,0.06467661691542288,False,0.16666666666666666,450,0.8,0.10719298245614034,0.03140262469592552,0.03980099502487562,True,0.017543859649122806
YFK,41,62,114,4,4,0.14035087719298245,0.2,0.10618421052631577,0.033072676916021275,0.1791044776119403,False,0.14912280701754385,450,0.8,0.11017543859649123,0.029293729040483534,0.14427860696517414,False,0.008771929824561403
YFK,41,63,114,4,4,0.14912280701754385,0.5,0.10478070175438596,0.030095299983236543,0.12437810945273632,False,0.14912280701754385,75,0.5,0.1168421052631579,0.0333910514273579,0.1791044776119403,False,0.0
YFK,41,64,114,4,4,0.13157894736842105,0.2,0.10666666666666666,0.029853329208557013,0.2736318407960199,False,0.15789473684210525,450,0.8,0.10561403508771929,0.03247620843943981,0.08955223880597014,False,0.02631578947368421
YFK,41,65,114,4,4,0.14912280701754385,0.5,0.1050877192982456,0.03004080687016834,0.09950248756218906,False,0.16666666666666666,90,0.5,0.11482456140350877,0.034049594689216,0.06467661691542288,False,0.017543859649122806
YFK,41,66,114,4,4,0.13157894736842105,0.2,0.10337719298245612,0.030877602473381272,0.24378109452736318,False,0.16666666666666666,90,0.2,0.1176315789473684,0.03593904626737961,0.12437810945273632,False,0.03508771929824561
YFK,41,67,114,4,4,0.14035087719298245,0.5,0.10495614035087719,0.028049470842047723,0.16417910447761194,False,0.16666666666666666,450,0.2,0.10614035087719298,0.031153401424754312,0.03980099502487562,True,0.02631578947368421
YFK,41,68,114,4,4,0.13157894736842105,0.2,0.10416666666666666,0.03074030023213803,0.23880597014925373,False,0.14912280701754385,90,0.8,0.11719298245614035,0.03535164776509971,0.19402985074626866,False,0.017543859649122806
YFK,42,43,114,4,4,0.11403508771929824,0.2,0.10219298245614036,0.030599254598853237,0.38308457711442784,False,0.21929824561403508,75,0.8,0.1143421052631579,0.030302469015385258,0.009950248756218905,True,0.10526315789473684
YFK,42,44,114,4,4,0.08771929824561403,0.2,0.10671052631578946,0.0311630500380173,0.7661691542288557,False,0.17543859649122806,60,0.2,0.12337719298245613,0.03504446664104143,0.09950248756218906,False,0.08771929824561403
YFK,42,45,114,4,4,0.11403508771929824,0.2,0.1062719298245614,0.03213313590531899,0.4527363184079602,False,0.12280701754385964,100,0.2,0.1187719298245614,0.03191171269654706,0.47761194029850745,False,0.008771929824561403
YFK,42,46,114,4,4,0.12280701754385964,0.2,0.10592105263157894,0.03128886004856299,0.3034825870646766,False,0.16666666666666666,90,0.8,0.11289473684210526,0.03431114083197436,0.0845771144278607,False,0.043859649122807015
YFK,42,47,114,4,4,0.09649122807017543,0.2,0.10285087719298244,0.032738247770378266,0.6169154228855721,False,0.13157894736842105,75,0.2,0.12210526315789473,0.03546434559732049,0.43283582089552236,False,0.03508771929824561
YFK,42,48,114,4,4,0.08771929824561403,0.5,0.10600877192982455,0.032818934671909085,0.746268656716418,False,0.15789473684210525,60,0.8,0.12092105263157894,0.035967949375380316,0.21393034825870647,False,0.07017543859649122
YFK,42,49,114,4,4,0.08771929824561403,0.2,0.10478070175438596,0.03159948077132144,0.7860696517412935,False,0.13157894736842105,300,0.5,0.10872807017543859,0.03484329815629893,0.29850746268656714,False,0.043859649122807015
YFK,42,50,114,4,4,0.13157894736842105,0.2,0.10793859649122804,0.03106885602078077,0.23880597014925373,False,0.14035087719298245,100,0.8,0.11635964912280702,0.03255513969177383,0.2736318407960199,False,0.008771929824561403
YFK,42,51,114,4,4,0.07017543859649122,0.2,0.10491228070175439,0.029949022319777713,0.8955223880597015,False,0.11403508771929824,300,0.8,0.10881578947368421,0.03435379729334243,0.4626865671641791,False,0.043859649122807015
YFK,42,52,114,4,4,0.14912280701754385,0.2,0.10807017543859647,0.03471948180434399,0.1691542288557214,False,0.18421052631578946,100,0.2,0.1169736842105263,0.03485860908877474,0.04477611940298507,True,0.03508771929824561
YFK,42,53,114,4,4,0.09649122807017543,0.8,0.10614035087719298,0.030715919705431527,0.6666666666666666,False,0.12280701754385964,75,0.2,0.11925438596491228,0.03247927413225709,0.46766169154228854,False,0.02631578947368421
YFK,42,54,114,4,4,0.10526315789473684,0.5,0.10565789473684209,0.03469204636939113,0.5422885572139303,False,0.15789473684210525,100,0.2,0.11855263157894734,0.030866330098096213,0.12437810945273632,False,0.05263157894736842
YFK,42,55,114,4,4,0.11403508771929824,0.5,0.10964912280701754,0.031066397939503873,0.48756218905472637,False,0.16666666666666666,300,0.2,0.11048245614035085,0.03505571912025943,0.07960199004975124,False,0.05263157894736842
YFK,42,56,114,4,4,0.09649122807017543,0.8,0.10855263157894736,0.03369855988808361,0.6766169154228856,False,0.17543859649122806,180,0.8,0.1170175438596491,0.03718953906269746,0.09950248756218906,False,0.07894736842105263
YFK,42,57,114,4,4,0.14035087719298245,0.8,0.1069736842105263,0.03034480347556425,0.1691542288557214,False,0.14035087719298245,900,0.8,0.1069736842105263,0.03034480347556425,0.1691542288557214,False,0.0
YFK,42,58,114,4,4,0.20175438596491227,0.2,0.10315789473684209,0.03447898294308621,0.014925373134328358,True,0.20175438596491227,900,0.2,0.10315789473684209,0.03447898294308621,0.014925373134328358,True,0.0
YFK,42,59,114,4,4,0.14035087719298245,0.2,0.1075438596491228,0.03361587222771543,0.15920398009950248,False,0.15789473684210525,225,0.2,0.11289473684210526,0.03217080807952347,0.1044776119402985,False,0.017543859649122806
YFK,42,60,114,4,4,0.11403508771929824,0.8,0.10815789473684209,0.030578523736739062,0.472636815920398,False,0.16666666666666666,100,0.5,0.11929824561403508,0.034610615062078416,0.11442786069651742,False,0.05263157894736842
YFK,42,61,114,4,4,0.10526315789473684,0.2,0.10846491228070175,0.03274108225582273,0.5970149253731343,False,0.11403508771929824,60,0.8,0.12021929824561402,0.034090536833914276,0.6368159203980099,False,0.008771929824561403
YFK,42,62,114,4,4,0.13157894736842105,0.8,0.10951754385964911,0.034115254215369775,0.2935323383084577,False,0.19298245614035087,60,0.2,0.11701754385964913,0.03687630390524342,0.024875621890547265,True,0.06140350877192982
YFK,42,63,114,4,4,0.11403508771929824,0.2,0.10666666666666665,0.030721458142449594,0.42786069651741293,False,0.12280701754385964,75,0.2,0.12210526315789473,0.034130920068320296,0.527363184079602,False,0.008771929824561403
YFK,42,64,114,4,4,0.11403508771929824,0.2,0.10653508771929826,0.029878672435868718,0.4228855721393035,False,0.12280701754385964,450,0.5,0.1068421052631579,0.033702260143944146,0.3383084577114428,False,0.008771929824561403
YFK,42,65,114,4,4,0.07017543859649122,0.2,0.10407894736842105,0.030497075952953895,0.9104477611940298,False,0.10526315789473684,300,0.5,0.1107017543859649,0.03387163540430558,0.6268656716417911,False,0.03508771929824561
YFK,42,66,114,4,4,0.14912280701754385,0.2,0.10706140350877191,0.0316007043977988,0.1044776119402985,False,0.14912280701754385,900,0.2,0.10706140350877191,0.0316007043977988,0.1044776119402985,False,0.0
YFK,42,67,114,4,4,0.08771929824561403,0.2,0.10526315789473685,0.03095417699019636,0.7611940298507462,False,0.11403508771929824,75,0.8,0.12285087719298245,0.03459382517647722,0.6119402985074627,False,0.02631578947368421
YFK,42,68,114,4,4,0.14035087719298245,0.5,0.10688596491228068,0.034622650715612394,0.1890547263681592,False,0.14912280701754385,60,0.2,0.11925438596491227,0.037743303982346786,0.2537313432835821,False,0.008771929824561403
YFK,43,44,114,4,4,0.07894736842105263,0.2,0.10364035087719298,0.02880707429485391,0.845771144278607,False,0.22807017543859648,75,0.5,0.11631578947368419,0.030134364940759537,0.009950248756218905,True,0.14912280701754385
YFK,43,45,114,4,4,0.09649122807017543,0.2,0.10561403508771929,0.031374045044437394,0.6567164179104478,False,0.21052631578947367,75,0.8,0.11771929824561403,0.03293164052951864,0.009950248756218905,True,0.11403508771929824
YFK,43,46,114,4,4,0.08771929824561403,0.2,0.10074561403508771,0.03296235959746422,0.7014925373134329,False,0.18421052631578946,75,0.8,0.11662280701754385,0.03314741765610286,0.03482587064676617,True,0.09649122807017543
YFK,43,47,114,4,4,0.06140350877192982,0.8,0.10337719298245612,0.03171770893472542,0.9402985074626866,False,0.18421052631578946,90,0.8,0.11728070175438596,0.034714469841442386,0.05472636815920398,False,0.12280701754385964
YFK,43,48,114,4,4,0.14035087719298245,0.5,0.10241228070175439,0.029820898645083038,0.12935323383084577,False,0.18421052631578946,60,0.5,0.12285087719298245,0.036049773770023365,0.06467661691542288,False,0.043859649122807015
YFK,43,49,114,4,4,0.10526315789473684,0.2,0.10114035087719297,0.032262024617272345,0.5074626865671642,False,0.21052631578947367,75,0.8,0.11381578947368422,0.030809404350929236,0.014925373134328358,True,0.10526315789473684
YFK,43,50,114,4,4,0.07894736842105263,0.2,0.1044298245614035,0.03256843954896076,0.7960199004975125,False,0.16666666666666666,75,0.8,0.11798245614035086,0.030548666831918713,0.09950248756218906,False,0.08771929824561403
YFK,43,51,114,4,4,0.07894736842105263,0.5,0.10179824561403508,0.03060111842400311,0.8208955223880597,False,0.20175438596491227,75,0.8,0.11425438596491226,0.030922150705509893,0.009950248756218905,True,0.12280701754385964
YFK,43,52,114,4,4,0.05263157894736842,0.2,0.10438596491228071,0.031609299038608665,0.9651741293532339,False,0.21052631578947367,75,0.8,0.11478070175438596,0.03163103519095985,0.014925373134328358,True,0.15789473684210525
YFK,43,53,114,4,4,0.13157894736842105,0.2,0.10333333333333332,0.032193035904657205,0.21393034825870647,False,0.21929824561403508,75,0.8,0.1162719298245614,0.03116577965005613,0.009950248756218905,True,0.08771929824561403
YFK,43,54,114,4,4,0.11403508771929824,0.2,0.10412280701754385,0.032505603364260546,0.4228855721393035,False,0.19298245614035087,75,0.8,0.11776315789473683,0.034018322946845155,0.03482587064676617,True,0.07894736842105263
YFK,43,55,114,4,4,0.08771929824561403,0.5,0.10188596491228069,0.0300757645471866,0.7014925373134329,False,0.20175438596491227,180,0.2,0.10864035087719298,0.03085004050670489,0.014925373134328358,True,0.11403508771929824
YFK,43,56,114,4,4,0.14912280701754385,0.5,0.10706140350877191,0.03214661035650733,0.14427860696517414,False,0.20175438596491227,90,0.2,0.11728070175438596,0.03444610856954947,0.024875621890547265,True,0.05263157894736842
YFK,43,57,114,4,4,0.07017543859649122,0.2,0.10083333333333332,0.029743779027814835,0.8706467661691543,False,0.21929824561403508,75,0.8,0.11337719298245613,0.03010480606794542,0.004975124378109453,True,0.14912280701754385
YFK,43,58,114,4,4,0.14912280701754385,0.2,0.10179824561403508,0.029363044216343944,0.07960199004975124,False,0.18421052631578946,75,0.5,0.11653508771929824,0.03117049387147484,0.03482587064676617,True,0.03508771929824561
YFK,43,59,114,4,4,0.13157894736842105,0.2,0.10394736842105264,0.031934847354386175,0.23383084577114427,False,0.21929824561403508,75,0.8,0.11754385964912278,0.03174357355286784,0.009950248756218905,True,0.08771929824561403
YFK,43,60,114,4,4,0.14035087719298245,0.2,0.10460526315789473,0.03323060191227836,0.17412935323383086,False,0.21929824561403508,75,0.8,0.11495614035087719,0.027994552048657688,0.004975124378109453,True,0.07894736842105263
YFK,43,61,114,4,4,0.08771929824561403,0.2,0.10263157894736842,0.028291357274775702,0.7562189054726368,False,0.20175438596491227,75,0.8,0.11359649122807017,0.030624517145652702,0.009950248756218905,True,0.11403508771929824
YFK,43,62,114,4,4,0.08771929824561403,0.5,0.10219298245614034,0.031385258268363865,0.7313432835820896,False,0.17543859649122806,75,0.5,0.11960526315789473,0.03258719261749116,0.05472636815920398,False,0.08771929824561403
YFK,43,63,114,4,4,0.07894736842105263,0.8,0.10245614035087719,0.03188649984071739,0.8308457711442786,False,0.20175438596491227,75,0.8,0.11469298245614035,0.031239389019964692,0.009950248756218905,True,0.12280701754385964
YFK,43,64,114,4,4,0.07017543859649122,0.2,0.10228070175438596,0.029105690430993522,0.8855721393034826,False,0.20175438596491227,75,0.8,0.11302631578947368,0.03038911484371935,0.014925373134328358,True,0.13157894736842105
YFK,43,65,114,4,4,0.07017543859649122,0.8,0.10083333333333332,0.02856336197128864,0.8855721393034826,False,0.20175438596491227,75,0.8,0.1132017543859649,0.03034352920394511,0.014925373134328358,True,0.13157894736842105
YFK,43,66,114,4,4,0.09649122807017543,0.2,0.10105263157894737,0.03240612456788179,0.582089552238806,False,0.19298245614035087,75,0.8,0.11350877192982456,0.030686196483757533,0.024875621890547265,True,0.09649122807017543
YFK,43,67,114,4,4,0.07894736842105263,0.8,0.10013157894736842,0.028715655257591684,0.8159203980099502,False,0.20175438596491227,75,0.8,0.11328947368421051,0.030574318967018562,0.014925373134328358,True,0.12280701754385964
YFK,43,68,114,4,4,0.07017543859649122,0.2,0.1012719298245614,0.031250031900019445,0.8905472636815921,False,0.19298245614035087,75,0.8,0.11355263157894736,0.030465616239714548,0.01990049751243781,True,0.12280701754385964
YFK,44,45,114,4,4,0.08771929824561403,0.2,0.10736842105263157,0.0324809705563385,0.7661691542288557,False,0.14912280701754385,75,0.5,0.11991228070175439,0.03606706517401307,0.22885572139303484,False,0.06140350877192982
YFK,44,46,114,4,4,0.10526315789473684,0.8,0.10276315789473683,0.03433443247891215,0.5024875621890548,False,0.17543859649122806,90,0.2,0.1137280701754386,0.03448052491250759,0.03482587064676617,True,0.07017543859649122
YFK,44,47,114,4,4,0.09649122807017543,0.2,0.10491228070175439,0.03508595605196704,0.6318407960199005,False,0.16666666666666666,300,0.5,0.11153508771929824,0.033789542939710364,0.07462686567164178,False,0.07017543859649122
YFK,44,48,114,4,4,0.14912280701754385,0.8,0.10552631578947368,0.03058863810760277,0.11442786069651742,False,0.18421052631578946,150,0.2,0.11688596491228069,0.03488810250751097,0.04477611940298507,True,0.03508771929824561
YFK,44,49,114,4,4,0.14912280701754385,0.2,0.10359649122807017,0.029735880520497474,0.0945273631840796,False,0.18421052631578946,300,0.2,0.11298245614035085,0.03320292609685303,0.04477611940298507,True,0.03508771929824561
YFK,44,50,114,4,4,0.13157894736842105,0.5,0.1057017543859649,0.03222412910126772,0.27860696517412936,False,0.13157894736842105,150,0.2,0.116359649122807,0.03531266057127495,0.3482587064676617,False,0.0
YFK,44,51,114,4,4,0.11403508771929824,0.5,0.10324561403508772,0.03211547220845401,0.3880597014925373,False,0.14912280701754385,300,0.5,0.11118421052631579,0.032572475931100645,0.16417910447761194,False,0.03508771929824561
YFK,44,52,114,4,4,0.09649122807017543,0.8,0.10719298245614034,0.0306044351202113,0.681592039800995,False,0.16666666666666666,225,0.8,0.11311403508771929,0.03432339415229064,0.07462686567164178,False,0.07017543859649122
YFK,44,53,114,4,4,0.15789473684210525,0.5,0.10495614035087719,0.032159598230520996,0.07960199004975124,False,0.20175438596491227,180,0.2,0.11307017543859649,0.03534891322456481,0.009950248756218905,True,0.043859649122807015
YFK,44,54,114,4,4,0.09649122807017543,0.2,0.10662280701754387,0.03311590697730559,0.6318407960199005,False,0.14035087719298245,150,0.2,0.11982456140350876,0.03276779113563875,0.31840796019900497,False,0.043859649122807015
YFK,44,55,114,4,4,0.18421052631578946,0.8,0.10399122807017543,0.03260166545458715,0.009950248756218905,True,0.21929824561403508,300,0.8,0.11004385964912279,0.03407919258763326,0.004975124378109453,True,0.03508771929824561
YFK,44,56,114,4,4,0.16666666666666666,0.2,0.10877192982456138,0.031029036052336652,0.05472636815920398,False,0.19298245614035087,100,0.2,0.12109649122807017,0.033529002258203336,0.029850746268656716,True,0.02631578947368421
YFK,44,57,114,4,4,0.14912280701754385,0.2,0.10114035087719297,0.031888318742479826,0.11442786069651742,False,0.21052631578947367,300,0.2,0.1075,0.031178183965640472,0.004975124378109453,True,0.06140350877192982
YFK,44,58,114,4,4,0.12280701754385964,0.2,0.09978070175438596,0.032720526673259344,0.23880597014925373,False,0.20175438596491227,180,0.8,0.11578947368421051,0.03257321785868871,0.009950248756218905,True,0.07894736842105263
YFK,44,59,114,4,4,0.15789473684210525,0.2,0.10684210526315789,0.030307349418246397,0.05970149253731343,False,0.16666666666666666,225,0.5,0.11451754385964912,0.03317540202238462,0.0845771144278607,False,0.008771929824561403
YFK,44,60,114,4,4,0.20175438596491227,0.2,0.10482456140350876,0.032475136866901566,0.009950248756218905,True,0.23684210526315788,300,0.5,0.11192982456140349,0.032085719871919605,0.004975124378109453,True,0.03508771929824561
YFK,44,61,114,4,4,0.14912280701754385,0.5,0.10407894736842105,0.03005004067715835,0.10945273631840796,False,0.19298245614035087,300,0.5,0.10785087719298243,0.03158234502277909,0.009950248756218905,True,0.043859649122807015
YFK,44,62,114,4,4,0.13157894736842105,0.8,0.10802631578947368,0.033469904710490744,0.2736318407960199,False,0.19298245614035087,75,0.2,0.11640350877192981,0.0358045225606975,0.014925373134328358,True,0.06140350877192982
YFK,44,63,114,4,4,0.07894736842105263,0.2,0.1025,0.03145697127218861,0.8208955223880597,False,0.16666666666666666,75,0.2,0.11842105263157894,0.033956461703278894,0.11940298507462686,False,0.08771929824561403
YFK,44,64,114,4,4,0.15789473684210525,0.5,0.10530701754385964,0.03143139364527776,0.08955223880597014,False,0.22807017543859648,300,0.2,0.11131578947368422,0.033456183090237034,0.004975124378109453,True,0.07017543859649122
YFK,44,65,114,4,4,0.14035087719298245,0.8,0.10223684210526315,0.030736023242022806,0.15920398009950248,False,0.18421052631578946,60,0.5,0.11960526315789473,0.03631352471067393,0.05970149253731343,False,0.043859649122807015
YFK,44,66,114,4,4,0.12280701754385964,0.2,0.1044298245614035,0.0301132819360536,0.31840796019900497,False,0.16666666666666666,300,0.5,0.11035087719298245,0.032446667714686225,0.06467661691542288,False,0.043859649122807015
YFK,44,67,114,4,4,0.15789473684210525,0.2,0.10478070175438596,0.030718405831926105,0.07462686567164178,False,0.18421052631578946,300,0.8,0.11021929824561402,0.03265120407223287,0.03482587064676617,True,0.02631578947368421
YFK,44,68,114,4,4,0.11403508771929824,0.5,0.10561403508771929,0.031851071194382526,0.38308457711442784,False,0.16666666666666666,300,0.5,0.10780701754385964,0.03417880788403565,0.05970149253731343,False,0.05263157894736842
YFK,45,46,114,4,4,0.07894736842105263,0.2,0.10495614035087719,0.03182116278144838,0.845771144278607,False,0.15789473684210525,90,0.2,0.11574561403508771,0.033274324035843565,0.15920398009950248,False,0.07894736842105263
YFK,45,47,114,4,4,0.07017543859649122,0.2,0.10583333333333332,0.03297526069422281,0.8905472636815921,False,0.15789473684210525,180,0.8,0.11355263157894736,0.037415072291000814,0.15422885572139303,False,0.08771929824561403
YFK,45,48,114,4,4,0.09649122807017543,0.5,0.10736842105263157,0.02927524369186384,0.6915422885572139,False,0.18421052631578946,300,0.2,0.11105263157894736,0.033744454487576576,0.024875621890547265,True,0.08771929824561403
YFK,45,49,114,4,4,0.08771929824561403,0.2,0.10859649122807018,0.031920435583659874,0.7761194029850746,False,0.16666666666666666,60,0.8,0.12017543859649123,0.039091026823915104,0.13930348258706468,False,0.07894736842105263
YFK,45,50,114,4,4,0.15789473684210525,0.2,0.10530701754385965,0.03313224958871358,0.0945273631840796,False,0.15789473684210525,900,0.2,0.10530701754385965,0.03313224958871358,0.0945273631840796,False,0.0
YFK,45,51,114,4,4,0.07017543859649122,0.8,0.10907894736842107,0.03282835878259238,0.9154228855721394,False,0.09649122807017543,60,0.8,0.12153508771929826,0.035822741900378,0.7661691542288557,False,0.02631578947368421
YFK,45,52,114,4,4,0.08771929824561403,0.2,0.10442982456140351,0.03133405761002894,0.7412935323383084,False,0.16666666666666666,150,0.5,0.11214912280701754,0.033299647274365476,0.08955223880597014,False,0.07894736842105263
YFK,45,53,114,4,4,0.10526315789473684,0.8,0.10442982456140351,0.03546693496086967,0.5174129353233831,False,0.14912280701754385,100,0.8,0.11885964912280703,0.033725083748851185,0.23383084577114427,False,0.043859649122807015
YFK,45,54,114,4,4,0.12280701754385964,0.2,0.10692982456140351,0.037272105153608744,0.3582089552238806,False,0.12280701754385964,900,0.2,0.10692982456140351,0.037272105153608744,0.3582089552238806,False,0.0
YFK,45,55,114,4,4,0.09649122807017543,0.2,0.10614035087719298,0.030028447788376683,0.6567164179104478,False,0.13157894736842105,450,0.2,0.11061403508771928,0.03327539892256391,0.31840796019900497,False,0.03508771929824561
YFK,45,56,114,4,4,0.13157894736842105,0.2,0.11206140350877192,0.030997087112357376,0.31343283582089554,False,0.17543859649122806,300,0.2,0.11228070175438595,0.034228662144370606,0.06467661691542288,False,0.043859649122807015
YFK,45,57,114,4,4,0.09649122807017543,0.8,0.10473684210526316,0.031897169250383356,0.6417910447761194,False,0.10526315789473684,60,0.5,0.1205701754385965,0.036407319106905284,0.7114427860696517,False,0.008771929824561403
YFK,45,58,114,4,4,0.10526315789473684,0.2,0.10328947368421051,0.035465190568311405,0.5024875621890548,False,0.12280701754385964,300,0.2,0.10767543859649122,0.03696529719983119,0.3781094527363184,False,0.017543859649122806
YFK,45,59,114,4,4,0.09649122807017543,0.2,0.10600877192982455,0.03312384582419733,0.6268656716417911,False,0.13157894736842105,150,0.8,0.11614035087719297,0.03511239544889076,0.3582089552238806,False,0.03508771929824561
YFK,45,60,114,4,4,0.13157894736842105,0.2,0.10714912280701754,0.030499611612611267,0.24378109452736318,False,0.20175438596491227,300,0.2,0.11114035087719298,0.032047977840340615,0.01990049751243781,True,0.07017543859649122
YFK,45,61,114,4,4,0.11403508771929824,0.2,0.10578947368421052,0.03237843069338455,0.39303482587064675,False,0.14035087719298245,60,0.8,0.11855263157894737,0.03478865651541265,0.32338308457711445,False,0.02631578947368421
YFK,45,62,114,4,4,0.07894736842105263,0.8,0.10780701754385964,0.03310998078862818,0.8507462686567164,False,0.14035087719298245,100,0.5,0.1144298245614035,0.037083935519006066,0.263681592039801,False,0.06140350877192982
YFK,45,63,114,4,4,0.08771929824561403,0.5,0.10618421052631578,0.034603883324277204,0.7313432835820896,False,0.14035087719298245,150,0.8,0.115,0.03325215038244643,0.25870646766169153,False,0.05263157894736842
YFK,45,64,114,4,4,0.08771929824561403,0.2,0.10535087719298247,0.030156811589290174,0.7761194029850746,False,0.11403508771929824,60,0.8,0.11850877192982455,0.03516466481578854,0.5671641791044776,False,0.02631578947368421
YFK,45,65,114,4,4,0.09649122807017543,0.2,0.10236842105263158,0.029536520508709817,0.6169154228855721,False,0.14912280701754385,60,0.5,0.11960526315789474,0.035100692964275655,0.26865671641791045,False,0.05263157894736842
YFK,45,66,114,4,4,0.07894736842105263,0.2,0.10320175438596492,0.029860290219063463,0.8308457711442786,False,0.11403508771929824,60,0.8,0.11973684210526316,0.03422583788081166,0.582089552238806,False,0.03508771929824561
YFK,45,67,114,4,4,0.08771929824561403,0.2,0.10412280701754387,0.03241030046881525,0.7114427860696517,False,0.14912280701754385,60,0.5,0.12035087719298247,0.03515553703502761,0.26865671641791045,False,0.06140350877192982
YFK,45,68,114,4,4,0.09649122807017543,0.8,0.10495614035087719,0.03372081266633005,0.6218905472636815,False,0.13157894736842105,60,0.5,0.12228070175438596,0.03541284613279055,0.417910447761194,False,0.03508771929824561
YFK,46,47,114,4,4,0.11403508771929824,0.8,0.10578947368421052,0.0359653960828676,0.4626865671641791,False,0.16666666666666666,90,0.8,0.11236842105263158,0.030366362411444924,0.06467661691542288,False,0.05263157894736842
YFK,46,48,114,4,4,0.13157894736842105,0.5,0.10605263157894736,0.033707193186556746,0.22885572139303484,False,0.18421052631578946,90,0.2,0.11675438596491228,0.03382399860085184,0.03482587064676617,True,0.05263157894736842
YFK,46,49,114,4,4,0.12280701754385964,0.5,0.10333333333333332,0.0314886991981159,0.27860696517412936,False,0.17543859649122806,60,0.8,0.12008771929824562,0.034312042374763055,0.07960199004975124,False,0.05263157894736842
YFK,46,50,114,4,4,0.10526315789473684,0.2,0.10210526315789473,0.03079186031917041,0.5174129353233831,False,0.16666666666666666,90,0.2,0.11618421052631579,0.03286273385190368,0.0845771144278607,False,0.06140350877192982
YFK,46,51,114,4,4,0.09649122807017543,0.2,0.10302631578947366,0.03298604682764314,0.6019900497512438,False,0.15789473684210525,60,0.8,0.11916666666666666,0.03411865428822106,0.15920398009950248,False,0.06140350877192982
YFK,46,52,114,4,4,0.12280701754385964,0.2,0.10508771929824562,0.034721709111189596,0.3283582089552239,False,0.20175438596491227,90,0.2,0.11451754385964912,0.03285920382421363,0.009950248756218905,True,0.07894736842105263
YFK,46,53,114,4,4,0.14035087719298245,0.8,0.10557017543859647,0.03270799797486909,0.1791044776119403,False,0.18421052631578946,90,0.8,0.11456140350877192,0.034673567452172656,0.05472636815920398,False,0.043859649122807015
YFK,46,54,114,4,4,0.10526315789473684,0.5,0.10570175438596491,0.03822837040005716,0.5522388059701493,False,0.15789473684210525,60,0.8,0.1267543859649123,0.031679558983027614,0.21890547263681592,False,0.05263157894736842
YFK,46,55,114,4,4,0.15789473684210525,0.5,0.10228070175438596,0.03445879079756845,0.09950248756218906,False,0.17543859649122806,90,0.5,0.11162280701754383,0.033427826504923534,0.05472636815920398,False,0.017543859649122806
YFK,46,56,114,4,4,0.13157894736842105,0.2,0.10609649122807017,0.0342579924656508,0.24875621890547264,False,0.24561403508771928,90,0.5,0.11899122807017543,0.035542950753009284,0.009950248756218905,True,0.11403508771929824
YFK,46,57,114,4,4,0.11403508771929824,0.2,0.10307017543859649,0.03380524535132529,0.40298507462686567,False,0.17543859649122806,90,0.5,0.11188596491228069,0.034301983195647895,0.04477611940298507,True,0.06140350877192982
YFK,46,58,114,4,4,0.09649122807017543,0.2,0.10078947368421051,0.0362262391527824,0.5572139303482587,False,0.17543859649122806,60,0.2,0.12035087719298244,0.033372518345268935,0.06965174129353234,False,0.07894736842105263
YFK,46,59,114,4,4,0.14912280701754385,0.5,0.10359649122807017,0.03061997142540417,0.0945273631840796,False,0.17543859649122806,90,0.2,0.11815789473684209,0.03354298227867432,0.06467661691542288,False,0.02631578947368421
YFK,46,60,114,4,4,0.16666666666666666,0.2,0.10714912280701754,0.03335765548707664,0.04975124378109453,True,0.21929824561403508,300,0.5,0.1075438596491228,0.03694753661975654,0.009950248756218905,True,0.05263157894736842
YFK,46,61,114,4,4,0.15789473684210525,0.2,0.10394736842105264,0.03393083095736743,0.08955223880597014,False,0.16666666666666666,90,0.2,0.11140350877192981,0.03314977974954753,0.07960199004975124,False,0.008771929824561403
YFK,46,62,114,4,4,0.14035087719298245,0.2,0.10618421052631578,0.03391541471002034,0.20398009950248755,False,0.16666666666666666,75,0.2,0.11526315789473683,0.035602326978660184,0.11442786069651742,False,0.02631578947368421
YFK,46,63,114,4,4,0.11403508771929824,0.2,0.10535087719298245,0.0316458536773555,0.42786069651741293,False,0.18421052631578946,90,0.2,0.11403508771929824,0.036151553176873415,0.04477611940298507,True,0.07017543859649122
YFK,46,64,114,4,4,0.13157894736842105,0.8,0.10407894736842105,0.034551101338433525,0.20398009950248755,False,0.17543859649122806,90,0.5,0.11219298245614034,0.03440432519848587,0.06965174129353234,False,0.043859649122807015
YFK,46,65,114,4,4,0.11403508771929824,0.5,0.1031578947368421,0.03485819311971763,0.40298507462686567,False,0.17543859649122806,90,0.8,0.11127192982456141,0.033906064662669134,0.04975124378109453,True,0.06140350877192982
YFK,46,66,114,4,4,0.12280701754385964,0.2,0.10416666666666666,0.03333516028531327,0.32338308457711445,False,0.17543859649122806,90,0.5,0.11149122807017545,0.034550122097559206,0.05970149253731343,False,0.05263157894736842
YFK,46,67,114,4,4,0.11403508771929824,0.2,0.10214912280701753,0.03245307247271783,0.3880597014925373,False,0.18421052631578946,90,0.5,0.1118421052631579,0.033356177531067045,0.024875621890547265,True,0.07017543859649122
YFK,46,68,114,4,4,0.11403508771929824,0.5,0.10245614035087719,0.031088296015167403,0.36318407960199006,False,0.19298245614035087,90,0.2,0.11328947368421051,0.035523363391883396,0.029850746268656716,True,0.07894736842105263
YFK,47,48,114,4,4,0.12280701754385964,0.5,0.10456140350877191,0.026837521122789604,0.3283582089552239,False,0.14912280701754385,75,0.8,0.11925438596491227,0.03712353624771995,0.22388059701492538,False,0.02631578947368421
YFK,47,49,114,4,4,0.09649122807017543,0.2,0.10184210526315787,0.030422337789539986,0.5870646766169154,False,0.19298245614035087,60,0.2,0.12162280701754385,0.03383871376297039,0.01990049751243781,True,0.09649122807017543
YFK,47,50,114,4,4,0.10526315789473684,0.8,0.10666666666666666,0.031809768938982165,0.5621890547263682,False,0.13157894736842105,60,0.8,0.12385964912280702,0.03458334482852502,0.43781094527363185,False,0.02631578947368421
YFK,47,51,114,4,4,0.09649122807017543,0.2,0.10109649122807017,0.030626884441071974,0.5671641791044776,False,0.14912280701754385,180,0.2,0.11039473684210525,0.03688508448009744,0.1691542288557214,False,0.05263157894736842
YFK,47,52,114,4,4,0.10526315789473684,0.5,0.10530701754385963,0.03220909646746298,0.5074626865671642,False,0.18421052631578946,75,0.2,0.1163157894736842,0.033845140709109815,0.04975124378109453,True,0.07894736842105263
YFK,47,53,114,4,4,0.09649122807017543,0.2,0.10311403508771928,0.03281563559377123,0.6268656716417911,False,0.14912280701754385,60,0.2,0.12258771929824562,0.03649684678428449,0.263681592039801,False,0.05263157894736842
YFK,47,54,114,4,4,0.043859649122807015,0.2,0.10666666666666666,0.033422071316407564,0.9850746268656716,False,0.13157894736842105,75,0.2,0.12381578947368421,0.035723083516712356,0.43283582089552236,False,0.08771929824561403
YFK,47,55,114,4,4,0.10526315789473684,0.5,0.10364035087719298,0.02991333485562107,0.5024875621890548,False,0.16666666666666666,300,0.5,0.11030701754385965,0.03405240518251618,0.07462686567164178,False,0.06140350877192982
YFK,47,56,114,4,4,0.13157894736842105,0.5,0.10771929824561402,0.033946895155208136,0.2537313432835821,False,0.16666666666666666,100,0.5,0.11605263157894737,0.033941769109593165,0.08955223880597014,False,0.03508771929824561
YFK,47,57,114,4,4,0.06140350877192982,0.2,0.10320175438596489,0.03162125424286909,0.9402985074626866,False,0.13157894736842105,180,0.2,0.11035087719298245,0.03789934047873669,0.2935323383084577,False,0.07017543859649122
YFK,47,58,114,4,4,0.13157894736842105,0.2,0.10144736842105263,0.030748349423174646,0.21393034825870647,False,0.16666666666666666,60,0.2,0.11706140350877192,0.03049606163005776,0.07462686567164178,False,0.03508771929824561
YFK,47,59,114,4,4,0.07894736842105263,0.5,0.10557017543859647,0.03090889305689918,0.8407960199004975,False,0.16666666666666666,150,0.5,0.11671052631578947,0.035831375980007685,0.11442786069651742,False,0.08771929824561403
YFK,47,60,114,4,4,0.14035087719298245,0.2,0.10478070175438596,0.030338431582250303,0.15422885572139303,False,0.17543859649122806,75,0.2,0.1192543859649123,0.03460053093321473,0.0845771144278607,False,0.03508771929824561
YFK,47,61,114,4,4,0.11403508771929824,0.2,0.10276315789473683,0.03353684331725696,0.40298507462686567,False,0.14912280701754385,180,0.5,0.11135964912280702,0.03446728976706298,0.17412935323383086,False,0.03508771929824561
YFK,47,62,114,4,4,0.12280701754385964,0.8,0.1045175438596491,0.03319381218513476,0.30845771144278605,False,0.18421052631578946,60,0.2,0.11855263157894737,0.032094606301860194,0.03482587064676617,True,0.06140350877192982
YFK,47,63,114,4,4,0.06140350877192982,0.2,0.10065789473684209,0.030765446961825867,0.9353233830845771,False,0.14912280701754385,60,0.5,0.1224561403508772,0.035096974887873604,0.23880597014925373,False,0.08771929824561403
YFK,47,64,114,4,4,0.07894736842105263,0.5,0.10552631578947366,0.033485295118157773,0.8009950248756219,False,0.12280701754385964,225,0.2,0.11021929824561404,0.033871835177780044,0.39303482587064675,False,0.043859649122807015
YFK,47,65,114,4,4,0.07894736842105263,0.2,0.10166666666666668,0.03196437721893932,0.8258706467661692,False,0.16666666666666666,180,0.2,0.11157894736842104,0.03477956902319663,0.07462686567164178,False,0.08771929824561403
YFK,47,66,114,4,4,0.07894736842105263,0.8,0.10526315789473684,0.0327389859412619,0.8258706467661692,False,0.14912280701754385,75,0.2,0.12026315789473685,0.034008688527813045,0.23880597014925373,False,0.07017543859649122
YFK,47,67,114,4,4,0.08771929824561403,0.2,0.10074561403508771,0.03055154625772564,0.6965174129353234,False,0.14035087719298245,180,0.5,0.1132017543859649,0.036275384773681335,0.2736318407960199,False,0.05263157894736842
YFK,47,68,114,4,4,0.05263157894736842,0.5,0.10057017543859649,0.03274934810377418,0.9800995024875622,False,0.14035087719298245,180,0.2,0.1107017543859649,0.03722196419317819,0.24378109452736318,False,0.08771929824561403
YFK,48,49,114,4,4,0.11403508771929824,0.8,0.10850877192982455,0.031551875511872246,0.48756218905472637,False,0.17543859649122806,150,0.5,0.11565789473684208,0.03622717308729786,0.07462686567164178,False,0.06140350877192982
YFK,48,50,114,4,4,0.14035087719298245,0.5,0.105,0.03511977289324247,0.20398009950248755,False,0.14035087719298245,60,0.8,0.12399122807017543,0.03482975679911351,0.39303482587064675,False,0.0
YFK,48,51,114,4,4,0.12280701754385964,0.8,0.10850877192982455,0.03203832418050902,0.42786069651741293,False,0.13157894736842105,60,0.8,0.11890350877192983,0.03782108321319987,0.417910447761194,False,0.008771929824561403
YFK,48,52,114,4,4,0.14912280701754385,0.2,0.10653508771929826,0.031033989087474654,0.12437810945273632,False,0.16666666666666666,90,0.5,0.11907894736842105,0.035026366840823484,0.1044776119402985,False,0.017543859649122806
YFK,48,53,114,4,4,0.20175438596491227,0.8,0.10543859649122807,0.03058927014473967,0.004975124378109453,True,0.20175438596491227,900,0.8,0.10543859649122807,0.03058927014473967,0.004975124378109453,True,0.0
YFK,48,54,114,4,4,0.15789473684210525,0.5,0.10543859649122807,0.032762126541070274,0.05970149253731343,False,0.15789473684210525,900,0.5,0.10543859649122807,0.032762126541070274,0.05970149253731343,False,0.0
YFK,48,55,114,4,4,0.14912280701754385,0.2,0.10785087719298245,0.031545594217567946,0.14925373134328357,False,0.14912280701754385,150,0.2,0.1119736842105263,0.03346297238455738,0.15920398009950248,False,0.0
YFK,48,56,114,4,4,0.17543859649122806,0.5,0.11096491228070175,0.03422583788081166,0.04477611940298507,True,0.20175438596491227,150,0.8,0.12017543859649123,0.03401334976746019,0.024875621890547265,True,0.02631578947368421
YFK,48,57,114,4,4,0.11403508771929824,0.2,0.10649122807017543,0.028712457052653635,0.4577114427860697,False,0.14912280701754385,60,0.5,0.11574561403508771,0.0366265054636804,0.21393034825870647,False,0.03508771929824561
YFK,48,58,114,4,4,0.14035087719298245,0.2,0.10416666666666666,0.03196132262765859,0.16417910447761194,False,0.19298245614035087,150,0.2,0.11618421052631579,0.032579122999765245,0.024875621890547265,True,0.05263157894736842
YFK,48,59,114,4,4,0.14912280701754385,0.2,0.10929824561403506,0.033943250046730405,0.14925373134328357,False,0.17543859649122806,225,0.5,0.11464912280701753,0.03443712717730118,0.07462686567164178,False,0.02631578947368421
YFK,48,60,114,4,4,0.19298245614035087,0.2,0.10868421052631579,0.03268922549529716,0.004975124378109453,True,0.21052631578947367,150,0.8,0.1162280701754386,0.03474163714937904,0.009950248756218905,True,0.017543859649122806
YFK,48,61,114,4,4,0.13157894736842105,0.2,0.10706140350877194,0.029890317283519454,0.24378109452736318,False,0.17543859649122806,60,0.8,0.11942982456140351,0.03725433515398013,0.08955223880597014,False,0.043859649122807015
YFK,48,62,114,4,4,0.14912280701754385,0.2,0.11087719298245613,0.03292788303279768,0.14925373134328357,False,0.16666666666666666,75,0.2,0.11697368421052631,0.035321419337020564,0.11442786069651742,False,0.017543859649122806
YFK,48,63,114,4,4,0.12280701754385964,0.8,0.10359649122807017,0.0310588046626707,0.29850746268656714,False,0.14035087719298245,225,0.8,0.11328947368421051,0.03138559706716422,0.23880597014925373,False,0.017543859649122806
YFK,48,64,114,4,4,0.10526315789473684,0.5,0.10447368421052632,0.03159938899742553,0.527363184079602,False,0.14912280701754385,450,0.2,0.10907894736842107,0.031160568365035907,0.13432835820895522,False,0.043859649122807015
YFK,48,65,114,4,4,0.08771929824561403,0.8,0.10460526315789473,0.027891322508568423,0.7810945273631841,False,0.14912280701754385,150,0.2,0.11482456140350877,0.03534234946403722,0.20398009950248755,False,0.06140350877192982
YFK,48,66,114,4,4,0.08771929824561403,0.2,0.10776315789473685,0.03451415073329285,0.7412935323383084,False,0.16666666666666666,150,0.5,0.11346491228070174,0.03605599426871426,0.09950248756218906,False,0.07894736842105263
YFK,48,67,114,4,4,0.07894736842105263,0.2,0.10368421052631578,0.029688640709625517,0.8059701492537313,False,0.15789473684210525,150,0.2,0.11324561403508772,0.03467970031113409,0.10945273631840796,False,0.07894736842105263
YFK,48,68,114,4,4,0.09649122807017543,0.2,0.10429824561403507,0.033472359564971174,0.6417910447761194,False,0.14912280701754385,150,0.2,0.11469298245614035,0.03513108380000368,0.19900497512437812,False,0.05263157894736842
YFK,49,50,114,4,4,0.12280701754385964,0.8,0.10464912280701753,0.03423442291955858,0.34328358208955223,False,0.14912280701754385,100,0.2,0.1157017543859649,0.03241125488491371,0.1890547263681592,False,0.02631578947368421
YFK,49,51,114,4,4,0.08771929824561403,0.5,0.10276315789473683,0.03171161290392254,0.6915422885572139,False,0.14035087719298245,60,0.8,0.11469298245614035,0.03469917888342091,0.2736318407960199,False,0.05263157894736842
YFK,49,52,114,4,4,0.11403508771929824,0.2,0.10583333333333332,0.03320895213404525,0.44776119402985076,False,0.2543859649122807,75,0.8,0.11710526315789473,0.03399913667513117,0.004975124378109453,True,0.14035087719298248
YFK,49,53,114,4,4,0.14912280701754385,0.2,0.10245614035087719,0.031224811053404588,0.10945273631840796,False,0.17543859649122806,180,0.2,0.11342105263157894,0.034302124100877546,0.05970149253731343,False,0.02631578947368421
YFK,49,54,114,4,4,0.07894736842105263,0.2,0.10526315789473684,0.033347482346265084,0.8258706467661692,False,0.15789473684210525,100,0.2,0.11473684210526315,0.033502034620890554,0.13432835820895522,False,0.07894736842105263
YFK,49,55,114,4,4,0.13157894736842105,0.2,0.10635964912280702,0.0316696404040535,0.263681592039801,False,0.19298245614035087,300,0.5,0.10635964912280702,0.03085329911301535,0.004975124378109453,True,0.06140350877192982
YFK,49,56,114,4,4,0.12280701754385964,0.5,0.10763157894736843,0.035880038673275834,0.36318407960199006,False,0.18421052631578946,180,0.8,0.11491228070175438,0.03325459224285753,0.029850746268656716,True,0.06140350877192982
YFK,49,57,114,4,4,0.07894736842105263,0.2,0.09916666666666667,0.03050366822964021,0.7910447761194029,False,0.15789473684210525,75,0.8,0.11478070175438596,0.03399944942708242,0.11442786069651742,False,0.07894736842105263
YFK,49,58,114,4,4,0.14912280701754385,0.8,0.10162280701754384,0.03212230412548545,0.10945273631840796,False,0.18421052631578946,225,0.8,0.1067543859649123,0.032419843365421426,0.024875621890547265,True,0.03508771929824561
YFK,49,59,114,4,4,0.14035087719298245,0.2,0.10521929824561402,0.03405308647929321,0.19900497512437812,False,0.17543859649122806,180,0.2,0.11219298245614034,0.03482878539287496,0.07960199004975124,False,0.03508771929824561
YFK,49,60,114,4,4,0.14912280701754385,0.8,0.10482456140350876,0.03159400446228448,0.1044776119402985,False,0.23684210526315788,75,0.2,0.11934210526315789,0.03545930260987844,0.009950248756218905,True,0.08771929824561403
YFK,49,61,114,4,4,0.11403508771929824,0.2,0.10657894736842105,0.034270998168151934,0.4626865671641791,False,0.17543859649122806,60,0.8,0.1132456140350877,0.03419690399865119,0.05970149253731343,False,0.06140350877192982
YFK,49,62,114,4,4,0.14035087719298245,0.2,0.10627192982456139,0.0343884465744881,0.17412935323383086,False,0.20175438596491227,60,0.2,0.11530701754385964,0.0343909201873155,0.024875621890547265,True,0.06140350877192982
YFK,49,63,114,4,4,0.10526315789473684,0.8,0.09938596491228069,0.031204371871449293,0.4577114427860697,False,0.18421052631578946,75,0.2,0.12057017543859647,0.036258326019819,0.06467661691542288,False,0.07894736842105263
YFK,49,64,114,4,4,0.08771929824561403,0.2,0.10153508771929824,0.03237601232380101,0.7164179104477612,False,0.15789473684210525,75,0.8,0.11684210526315787,0.03441747221073255,0.13930348258706468,False,0.07017543859649122
YFK,49,65,114,4,4,0.11403508771929824,0.2,0.10429824561403507,0.031101104214354275,0.38308457711442784,False,0.19298245614035087,180,0.8,0.11381578947368422,0.03396144321312793,0.029850746268656716,True,0.07894736842105263
YFK,49,66,114,4,4,0.09649122807017543,0.8,0.1037719298245614,0.032633820791149744,0.6069651741293532,False,0.14035087719298245,60,0.2,0.1168421052631579,0.03732777286730095,0.2835820895522388,False,0.043859649122807015
YFK,49,67,114,4,4,0.13157894736842105,0.2,0.1044736842105263,0.03177023864882297,0.2537313432835821,False,0.17543859649122806,180,0.5,0.11416666666666667,0.03561793584989408,0.06467661691542288,False,0.043859649122807015
YFK,49,68,114,4,4,0.08771929824561403,0.8,0.10039473684210526,0.031199259983762682,0.7064676616915423,False,0.14912280701754385,60,0.8,0.11600877192982456,0.037127077412093666,0.1890547263681592,False,0.06140350877192982
YFK,50,51,114,4,4,0.14912280701754385,0.8,0.10442982456140351,0.03170210075519668,0.10945273631840796,False,0.14912280701754385,900,0.8,0.10442982456140351,0.03170210075519668,0.10945273631840796,False,0.0
YFK,50,52,114,4,4,0.14912280701754385,0.5,0.10539473684210524,0.03122131256705054,0.0845771144278607,False,0.17543859649122806,225,0.2,0.11030701754385966,0.03327130254664604,0.024875621890547265,True,0.02631578947368421
YFK,50,53,114,4,4,0.09649122807017543,0.2,0.10684210526315789,0.031862237895244186,0.6766169154228856,False,0.13157894736842105,180,0.5,0.11333333333333333,0.032861115969617175,0.3283582089552239,False,0.03508771929824561
YFK,50,54,114,4,4,0.08771929824561403,0.2,0.10399122807017543,0.03588744686457791,0.6716417910447762,False,0.12280701754385964,100,0.2,0.11771929824561403,0.03351357423401474,0.44776119402985076,False,0.03508771929824561
YFK,50,55,114,4,4,0.12280701754385964,0.2,0.10517543859649123,0.03137589365389147,0.3034825870646766,False,0.14035087719298245,180,0.2,0.11175438596491226,0.03238559517263791,0.25870646766169153,False,0.017543859649122806
YFK,50,56,114,4,4,0.08771929824561403,0.2,0.1117543859649123,0.03427652621254394,0.7910447761194029,False,0.15789473684210525,60,0.8,0.12385964912280702,0.03119755583506485,0.1890547263681592,False,0.07017543859649122
YFK,50,57,114,4,4,0.09649122807017543,0.2,0.1044298245614035,0.032126155843393546,0.6567164179104478,False,0.12280701754385964,225,0.5,0.10921052631578947,0.03393083095736743,0.417910447761194,False,0.02631578947368421
YFK,50,58,114,4,4,0.15789473684210525,0.2,0.10236842105263158,0.031769264975243086,0.06467661691542288,False,0.16666666666666666,225,0.5,0.11118421052631579,0.03085329911301535,0.06467661691542288,False,0.008771929824561403
YFK,50,59,114,4,4,0.12280701754385964,0.2,0.10570175438596491,0.03332138317785832,0.34328358208955223,False,0.14035087719298245,100,0.2,0.11780701754385965,0.034905526275981806,0.2885572139303483,False,0.017543859649122806
YFK,50,60,114,4,4,0.13157894736842105,0.5,0.10793859649122804,0.031180664236594033,0.27860696517412936,False,0.17543859649122806,100,0.5,0.11903508771929826,0.03458278578742168,0.06965174129353234,False,0.043859649122807015
YFK,50,61,114,4,4,0.13157894736842105,0.2,0.10780701754385966,0.03268685969380498,0.2885572139303483,False,0.14035087719298245,225,0.2,0.11035087719298244,0.03465929041519818,0.21890547263681592,False,0.008771929824561403
YFK,50,62,114,4,4,0.13157894736842105,0.5,0.10868421052631579,0.033112316359071296,0.30845771144278605,False,0.14035087719298245,75,0.2,0.11706140350877192,0.03774842596193342,0.27860696517412936,False,0.008771929824561403
YFK,50,63,114,4,4,0.13157894736842105,0.2,0.10258771929824562,0.030427516662835892,0.19402985074626866,False,0.14912280701754385,100,0.5,0.11644736842105262,0.03436325056218655,0.18407960199004975,False,0.017543859649122806
YFK,50,64,114,4,4,0.11403508771929824,0.2,0.10364035087719298,0.03299870431169823,0.417910447761194,False,0.12280701754385964,100,0.2,0.11385964912280702,0.03267940629963812,0.4527363184079602,False,0.008771929824561403
YFK,50,65,114,4,4,0.10526315789473684,0.5,0.10236842105263158,0.03174491342984372,0.5024875621890548,False,0.13157894736842105,100,0.2,0.11473684210526315,0.033743537780264975,0.3482587064676617,False,0.02631578947368421
YFK,50,66,114,4,4,0.13157894736842105,0.2,0.10337719298245612,0.03254801253273735,0.22388059701492538,False,0.13157894736842105,225,0.2,0.11,0.03148476949646599,0.3034825870646766,False,0.0
YFK,50,67,114,4,4,0.10526315789473684,0.2,0.10280701754385965,0.03075567361351129,0.5174129353233831,False,0.14035087719298245,100,0.2,0.11469298245614035,0.0339329675922965,0.26865671641791045,False,0.03508771929824561
YFK,50,68,114,4,4,0.12280701754385964,0.5,0.10223684210526315,0.03371186743866528,0.29850746268656714,False,0.13157894736842105,225,0.5,0.10986842105263157,0.0344194662973869,0.3333333333333333,False,0.008771929824561403
YFK,51,52,114,4,4,0.12280701754385964,0.2,0.10561403508771929,0.030764221535356174,0.34328358208955223,False,0.18421052631578946,90,0.8,0.11526315789473685,0.03471146231633805,0.04975124378109453,True,0.06140350877192982
YFK,51,53,114,4,4,0.10526315789473684,0.2,0.10078947368421053,0.030450286892239647,0.472636815920398,False,0.11403508771929824,300,0.2,0.10714912280701754,0.03343869792606716,0.46766169154228854,False,0.008771929824561403
YFK,51,54,114,4,4,0.08771929824561403,0.8,0.10535087719298247,0.03605505590015224,0.6915422885572139,False,0.10526315789473684,60,0.5,0.11811403508771928,0.03271390833611561,0.6965174129353234,False,0.017543859649122806
YFK,51,55,114,4,4,0.09649122807017543,0.5,0.10171052631578947,0.030980367035007596,0.6169154228855721,False,0.11403508771929824,300,0.2,0.11100877192982456,0.032828594350696766,0.472636815920398,False,0.017543859649122806
YFK,51,56,114,4,4,0.14035087719298245,0.2,0.10798245614035089,0.029852681590177288,0.19402985074626866,False,0.17543859649122806,180,0.8,0.11355263157894736,0.0352328557407706,0.05970149253731343,False,0.03508771929824561
YFK,51,57,114,4,4,0.07894736842105263,0.2,0.09530701754385965,0.028504821405529943,0.7611940298507462,False,0.08771929824561403,60,0.2,0.10017543859649124,0.03267230624821497,0.6865671641791045,False,0.008771929824561403
YFK,51,58,114,4,4,0.12280701754385964,0.2,0.1007017543859649,0.03144938008532328,0.2885572139303483,False,0.18421052631578946,300,0.8,0.10912280701754387,0.03539100172114041,0.029850746268656716,True,0.06140350877192982
YFK,51,59,114,4,4,0.11403508771929824,0.2,0.10894736842105263,0.0327786455390145,0.4925373134328358,False,0.14912280701754385,75,0.8,0.11903508771929826,0.03869844196619643,0.2537313432835821,False,0.03508771929824561
YFK,51,60,114,4,4,0.14035087719298245,0.2,0.10188596491228069,0.030573054261506888,0.13930348258706468,False,0.18421052631578946,75,0.2,0.11456140350877192,0.030521948005438542,0.01990049751243781,True,0.043859649122807015
YFK,51,61,114,4,4,0.11403508771929824,0.2,0.09719298245614034,0.030404157095299224,0.35323383084577115,False,0.14035087719298245,100,0.8,0.1068859649122807,0.03111710704956262,0.1791044776119403,False,0.02631578947368421
YFK,51,62,114,4,4,0.12280701754385964,0.5,0.10793859649122808,0.03170941804594216,0.3283582089552239,False,0.14912280701754385,60,0.5,0.11592105263157894,0.0342385734655155,0.21890547263681592,False,0.02631578947368421
YFK,51,63,114,4,4,0.11403508771929824,0.8,0.10359649122807017,0.032943732062273794,0.4527363184079602,False,0.11403508771929824,900,0.8,0.10359649122807017,0.032943732062273794,0.4527363184079602,False,0.0
YFK,51,64,114,4,4,0.07894736842105263,0.2,0.09964912280701753,0.034822678790311826,0.7711442786069652,False,0.10526315789473684,100,0.8,0.11188596491228069,0.03303875435322994,0.6218905472636815,False,0.02631578947368421
YFK,51,65,114,4,4,0.08771929824561403,0.5,0.10008771929824561,0.030944057142508526,0.7213930348258707,False,0.11403508771929824,100,0.5,0.11342105263157894,0.03123409716912622,0.5323383084577115,False,0.02631578947368421
YFK,51,66,114,4,4,0.14035087719298245,0.5,0.10039473684210526,0.03269995816921487,0.13930348258706468,False,0.14035087719298245,900,0.5,0.10039473684210526,0.03269995816921487,0.13930348258706468,False,0.0
YFK,51,67,114,4,4,0.08771929824561403,0.5,0.09921052631578947,0.029774865120226892,0.6965174129353234,False,0.13157894736842105,100,0.2,0.11109649122807017,0.03353569033531732,0.2885572139303483,False,0.043859649122807015
YFK,51,68,114,4,4,0.09649122807017543,0.8,0.09964912280701756,0.03277487050208629,0.5572139303482587,False,0.13157894736842105,60,0.2,0.1126315789473684,0.03417711088204936,0.3383084577114428,False,0.03508771929824561
YFK,52,53,114,4,4,0.14035087719298245,0.2,0.10381578947368421,0.03253494201949364,0.1791044776119403,False,0.19298245614035087,225,0.2,0.10938596491228068,0.032417457904631665,0.029850746268656716,True,0.05263157894736842
YFK,52,54,114,4,4,0.12280701754385964,0.5,0.10587719298245613,0.03594248897270028,0.31840796019900497,False,0.19298245614035087,90,0.2,0.11767543859649121,0.0346025424068269,0.01990049751243781,True,0.07017543859649122
YFK,52,55,114,4,4,0.14912280701754385,0.5,0.10855263157894736,0.03292080720709056,0.13432835820895522,False,0.21052631578947367,90,0.5,0.1175,0.03478776732432546,0.01990049751243781,True,0.06140350877192982
YFK,52,56,114,4,4,0.14035087719298245,0.2,0.10942982456140353,0.03353176990017791,0.21393034825870647,False,0.21052631578947367,180,0.2,0.11776315789473683,0.03718951306968675,0.029850746268656716,True,0.07017543859649122
YFK,52,57,114,4,4,0.12280701754385964,0.8,0.10609649122807017,0.0301132819360536,0.3781094527363184,False,0.21052631578947367,90,0.5,0.10929824561403509,0.036277969541058976,0.014925373134328358,True,0.08771929824561403
YFK,52,58,114,4,4,0.14912280701754385,0.2,0.10662280701754386,0.03247927413225709,0.0945273631840796,False,0.23684210526315788,75,0.5,0.11732456140350876,0.03607057605884375,0.009950248756218905,True,0.08771929824561403
YFK,52,59,114,4,4,0.14035087719298245,0.8,0.10671052631578946,0.03319381218513476,0.20398009950248755,False,0.2631578947368421,150,0.2,0.11460526315789472,0.034622650715612394,0.004975124378109453,True,0.12280701754385964
YFK,52,60,114,4,4,0.19298245614035087,0.5,0.11039473684210527,0.0304920040010566,0.01990049751243781,True,0.23684210526315788,150,0.2,0.11429824561403508,0.033519919327894034,0.004975124378109453,True,0.043859649122807015
YFK,52,61,114,4,4,0.16666666666666666,0.8,0.10596491228070175,0.0321834257561089,0.05472636815920398,False,0.21929824561403508,75,0.8,0.11328947368421051,0.03669063605899704,0.01990049751243781,True,0.05263157894736842
YFK,52,62,114,4,4,0.16666666666666666,0.8,0.10592105263157894,0.03214227989893212,0.04975124378109453,True,0.18421052631578946,60,0.8,0.11675438596491228,0.033617597560801536,0.03482587064676617,True,0.017543859649122806
YFK,52,63,114,4,4,0.13157894736842105,0.2,0.10219298245614034,0.032463228125442514,0.22885572139303484,False,0.19298245614035087,75,0.2,0.11921052631578945,0.036684444122428606,0.04477611940298507,True,0.06140350877192982
YFK,52,64,114,4,4,0.16666666666666666,0.8,0.10504385964912281,0.03269688360343445,0.04477611940298507,True,0.21929824561403508,90,0.8,0.11228070175438595,0.03762944218594321,0.01990049751243781,True,0.05263157894736842
YFK,52,65,114,4,4,0.13157894736842105,0.2,0.10438596491228068,0.028765736448600983,0.208955223880597,False,0.19298245614035087,90,0.8,0.11175438596491227,0.036505347908088896,0.03980099502487562,True,0.06140350877192982
YFK,52,66,114,4,4,0.14912280701754385,0.5,0.10578947368421053,0.03101208383559434,0.11940298507462686,False,0.21052631578947367,90,0.8,0.11390350877192981,0.03393912034934843,0.024875621890547265,True,0.06140350877192982
YFK,52,67,114,4,4,0.13157894736842105,0.5,0.10486842105263157,0.030250362392780616,0.21393034825870647,False,0.19298245614035087,90,0.8,0.11166666666666666,0.036795161588855485,0.029850746268656716,True,0.06140350877192982
YFK,52,68,114,4,4,0.15789473684210525,0.2,0.10324561403508772,0.031224191880829266,0.06965174129353234,False,0.17543859649122806,150,0.8,0.11008771929824562,0.03145909155981317,0.04477611940298507,True,0.017543859649122806
YFK,53,54,114,4,4,0.07017543859649122,0.2,0.10263157894736841,0.03416081537370945,0.8557213930348259,False,0.15789473684210525,180,0.2,0.11732456140350876,0.03183404050721289,0.12935323383084577,False,0.08771929824561403
YFK,53,55,114,4,4,0.11403508771929824,0.5,0.10495614035087719,0.03193033680621994,0.4427860696517413,False,0.16666666666666666,450,0.5,0.10298245614035086,0.03196498205387609,0.04975124378109453,True,0.05263157894736842
YFK,53,56,114,4,4,0.12280701754385964,0.2,0.10903508771929823,0.030201910893419844,0.3582089552238806,False,0.17543859649122806,225,0.8,0.11473684210526315,0.03448032866568365,0.07462686567164178,False,0.05263157894736842
YFK,53,57,114,4,4,0.16666666666666666,0.2,0.103859649122807,0.03163913274979084,0.04477611940298507,True,0.16666666666666666,900,0.2,0.103859649122807,0.03163913274979084,0.04477611940298507,True,0.0
YFK,53,58,114,4,4,0.07894736842105263,0.8,0.10285087719298244,0.031040716472871703,0.8109452736318408,False,0.18421052631578946,75,0.8,0.12074561403508771,0.03595827278235707,0.06467661691542288,False,0.10526315789473684
YFK,53,59,114,4,4,0.14912280701754385,0.8,0.10583333333333332,0.032645282358510275,0.10945273631840796,False,0.24561403508771928,150,0.8,0.1137719298245614,0.03456489169807345,0.004975124378109453,True,0.09649122807017543
YFK,53,60,114,4,4,0.11403508771929824,0.5,0.10723684210526314,0.033317756676407934,0.4527363184079602,False,0.19298245614035087,150,0.2,0.11412280701754385,0.03465516236336579,0.024875621890547265,True,0.07894736842105263
YFK,53,61,114,4,4,0.14035087719298245,0.2,0.10456140350877191,0.029722484016378066,0.13930348258706468,False,0.14035087719298245,900,0.2,0.10456140350877191,0.029722484016378066,0.13930348258706468,False,0.0
YFK,53,62,114,4,4,0.14912280701754385,0.8,0.10789473684210528,0.03457708305188519,0.14925373134328357,False,0.15789473684210525,60,0.8,0.11583333333333332,0.033455114011971494,0.14925373134328357,False,0.008771929824561403
YFK,53,63,114,4,4,0.13157894736842105,0.8,0.10521929824561402,0.03353822684326318,0.23383084577114427,False,0.14035087719298245,60,0.8,0.1212280701754386,0.034010621314461635,0.31343283582089554,False,0.008771929824561403
YFK,53,64,114,4,4,0.12280701754385964,0.2,0.10407894736842106,0.03207894043156812,0.32338308457711445,False,0.15789473684210525,100,0.2,0.1188157894736842,0.03267748352137009,0.14925373134328357,False,0.03508771929824561
YFK,53,65,114,4,4,0.16666666666666666,0.5,0.10530701754385965,0.03288625768645607,0.04975124378109453,True,0.16666666666666666,900,0.5,0.10530701754385965,0.03288625768645607,0.04975124378109453,True,0.0
YFK,53,66,114,4,4,0.12280701754385964,0.2,0.1031578947368421,0.03297716611019463,0.34328358208955223,False,0.17543859649122806,100,0.2,0.11960526315789473,0.03353453731373596,0.06467661691542288,False,0.05263157894736842
YFK,53,67,114,4,4,0.15789473684210525,0.2,0.10302631578947366,0.031974143903484215,0.06965174129353234,False,0.16666666666666666,100,0.2,0.11728070175438596,0.03600483095238185,0.13432835820895522,False,0.008771929824561403
YFK,53,68,114,4,4,0.12280701754385964,0.2,0.10096491228070174,0.03289204784918733,0.30845771144278605,False,0.14912280701754385,100,0.2,0.11714912280701753,0.03347360136395784,0.21890547263681592,False,0.02631578947368421
YFK,54,55,114,4,4,0.10526315789473684,0.2,0.10592105263157894,0.033043903465856395,0.5223880597014925,False,0.13157894736842105,180,0.2,0.11403508771929825,0.03263251741234402,0.31840796019900497,False,0.02631578947368421
YFK,54,56,114,4,4,0.09649122807017543,0.2,0.10574561403508773,0.033465514404137475,0.6517412935323383,False,0.18421052631578946,100,0.5,0.125,0.034763889601396,0.06965174129353234,False,0.08771929824561403
YFK,54,57,114,4,4,0.07017543859649122,0.2,0.10333333333333333,0.03473506995302338,0.8855721393034826,False,0.11403508771929824,100,0.2,0.11140350877192982,0.032501915581589824,0.5124378109452736,False,0.043859649122807015
YFK,54,58,114,4,4,0.13157894736842105,0.5,0.1057456140350877,0.033638380866586715,0.263681592039801,False,0.15789473684210525,90,0.2,0.11539473684210526,0.03534133744250041,0.15422885572139303,False,0.02631578947368421
YFK,54,59,114,4,4,0.12280701754385964,0.5,0.10929824561403509,0.03359976484665979,0.35323383084577115,False,0.18421052631578946,60,0.2,0.12785087719298247,0.03994654912772819,0.0945273631840796,False,0.06140350877192982
YFK,54,60,114,4,4,0.11403508771929824,0.2,0.1056140350877193,0.036277969541058976,0.44776119402985076,False,0.16666666666666666,75,0.2,0.12285087719298245,0.032519726081818315,0.11940298507462686,False,0.05263157894736842
YFK,54,61,114,4,4,0.07894736842105263,0.2,0.10096491228070174,0.033032814323136934,0.7910447761194029,False,0.14035087719298245,180,0.2,0.1125,0.03243567241461556,0.23383084577114427,False,0.06140350877192982
YFK,54,62,114,4,4,0.12280701754385964,0.2,0.10807017543859648,0.0352390284221508,0.3333333333333333,False,0.15789473684210525,60,0.5,0.11982456140350876,0.035432494588777404,0.15920398009950248,False,0.03508771929824561
YFK,54,63,114,4,4,0.07894736842105263,0.2,0.10855263157894736,0.03396144321312793,0.835820895522388,False,0.11403508771929824,60,0.8,0.1207017543859649,0.03605773688839844,0.5920398009950248,False,0.03508771929824561
YFK,54,64,114,4,4,0.07894736842105263,0.2,0.1025,0.0359862202851177,0.7611940298507462,False,0.11403508771929824,100,0.2,0.11429824561403508,0.03278513286814715,0.582089552238806,False,0.03508771929824561
YFK,54,65,114,4,4,0.07894736842105263,0.5,0.1044736842105263,0.034253392738388753,0.8208955223880597,False,0.12280701754385964,100,0.2,0.11342105263157894,0.03371086381954171,0.4129353233830846,False,0.043859649122807015
YFK,54,66,114,4,4,0.09649122807017543,0.2,0.10381578947368421,0.036020587444506126,0.572139303482587,False,0.12280701754385964,75,0.2,0.1170175438596491,0.03580160660592817,0.44776119402985076,False,0.02631578947368421
YFK,54,67,114,4,4,0.09649122807017543,0.2,0.10403508771929823,0.03372840851248206,0.6169154228855721,False,0.13157894736842105,150,0.2,0.11771929824561404,0.03510270331561023,0.38308457711442784,False,0.03508771929824561
YFK,54,68,114,4,4,0.09649122807017543,0.2,0.10324561403508772,0.03522750520868191,0.6019900497512438,False,0.10526315789473684,60,0.5,0.12087719298245612,0.03202444194620729,0.7263681592039801,False,0.008771929824561403
YFK,55,56,114,4,4,0.13157894736842105,0.2,0.10925438596491227,0.02994847360395962,0.26865671641791045,False,0.20175438596491227,180,0.8,0.11263157894736843,0.03553057388473973,0.029850746268656716,True,0.07017543859649122
YFK,55,57,114,4,4,0.11403508771929824,0.2,0.10004385964912281,0.030235019825612726,0.3283582089552239,False,0.14912280701754385,90,0.2,0.10289473684210526,0.03594464049608196,0.13432835820895522,False,0.03508771929824561
YFK,55,58,114,4,4,0.16666666666666666,0.8,0.1012719298245614,0.03157009950789499,0.029850746268656716,True,0.18421052631578946,300,0.5,0.1094736842105263,0.03209439546592074,0.014925373134328358,True,0.017543859649122806
YFK,55,59,114,4,4,0.09649122807017543,0.2,0.10684210526315788,0.030447366141487905,0.7114427860696517,False,0.16666666666666666,180,0.2,0.11153508771929825,0.03357141436229111,0.0845771144278607,False,0.07017543859649122
YFK,55,60,114,4,4,0.14035087719298245,0.2,0.10793859649122807,0.032870969108936894,0.18407960199004975,False,0.21929824561403508,75,0.8,0.11482456140350877,0.03234915926848194,0.004975124378109453,True,0.07894736842105263
YFK,55,61,114,4,4,0.12280701754385964,0.5,0.10236842105263158,0.02952342645361422,0.27860696517412936,False,0.21052631578947367,90,0.2,0.11350877192982456,0.03350526611318287,0.009950248756218905,True,0.08771929824561403
YFK,55,62,114,4,4,0.14035087719298245,0.2,0.10833333333333332,0.03385096675223871,0.21890547263681592,False,0.17543859649122806,60,0.5,0.11666666666666665,0.0350766975548299,0.05970149253731343,False,0.03508771929824561
YFK,55,63,114,4,4,0.12280701754385964,0.8,0.1019298245614035,0.0315671905000432,0.2736318407960199,False,0.14035087719298245,225,0.2,0.11320175438596491,0.03406557450543932,0.208955223880597,False,0.017543859649122806
YFK,55,64,114,4,4,0.14035087719298245,0.2,0.09986842105263158,0.02963542222266973,0.10945273631840796,False,0.17543859649122806,90,0.2,0.10912280701754387,0.03278194833972207,0.04975124378109453,True,0.03508771929824561
YFK,55,65,114,4,4,0.13157894736842105,0.5,0.10460526315789473,0.029337222612578935,0.20398009950248755,False,0.16666666666666666,150,0.5,0.115,0.037078643536024476,0.11940298507462686,False,0.03508771929824561
YFK,55,66,114,4,4,0.14912280701754385,0.8,0.10513157894736841,0.032979950750899295,0.1044776119402985,False,0.14912280701754385,900,0.8,0.10513157894736841,0.032979950750899295,0.1044776119402985,False,0.0
YFK,55,67,114,4,4,0.13157894736842105,0.2,0.10285087719298247,0.0321182111690916,0.23383084577114427,False,0.15789473684210525,60,0.8,0.11640350877192983,0.03666884107735578,0.1691542288557214,False,0.02631578947368421
YFK,55,68,114,4,4,0.12280701754385964,0.2,0.10030701754385964,0.0347619708887261,0.29850746268656714,False,0.18421052631578946,180,0.8,0.11307017543859647,0.03328701710359814,0.024875621890547265,True,0.06140350877192982
YFK,56,57,114,4,4,0.10526315789473684,0.5,0.10842105263157893,0.03110421220513376,0.572139303482587,False,0.18421052631578946,180,0.8,0.11210526315789472,0.035451259605362745,0.03482587064676617,True,0.07894736842105263
YFK,56,58,114,4,4,0.15789473684210525,0.5,0.1074561403508772,0.03357570444940727,0.0945273631840796,False,0.19298245614035087,90,0.8,0.11833333333333335,0.035274452421000566,0.03980099502487562,True,0.03508771929824561
YFK,56,59,114,4,4,0.13157894736842105,0.2,0.11026315789473683,0.030671954404543164,0.25870646766169153,False,0.21052631578947367,150,0.2,0.1188157894736842,0.03422637450882108,0.014925373134328358,True,0.07894736842105263
YFK,56,60,114,4,4,0.18421052631578946,0.5,0.10789473684210525,0.032727173209164837,0.014925373134328358,True,0.21052631578947367,180,0.5,0.11425438596491229,0.03547609161458055,0.014925373134328358,True,0.02631578947368421
YFK,56,61,114,4,4,0.14035087719298245,0.2,0.10780701754385966,0.03353929327227438,0.19402985074626866,False,0.17543859649122806,180,0.8,0.11140350877192981,0.03505464367176016,0.06467661691542288,False,0.03508771929824561
YFK,56,62,114,4,4,0.14035087719298245,0.8,0.10885964912280702,0.03341917888771605,0.19900497512437812,False,0.15789473684210525,90,0.8,0.11789473684210526,0.03495124654210573,0.19402985074626866,False,0.017543859649122806
YFK,56,63,114,4,4,0.11403508771929824,0.2,0.11114035087719298,0.03417337718104655,0.48258706467661694,False,0.19298245614035087,90,0.2,0.12043859649122807,0.03743070000036751,0.04477611940298507,True,0.07894736842105263
YFK,56,64,114,4,4,0.13157894736842105,0.8,0.10850877192982455,0.03190529015854965,0.2736318407960199,False,0.20175438596491227,180,0.8,0.11289473684210527,0.036948269183579005,0.029850746268656716,True,0.07017543859649122
YFK,56,65,114,4,4,0.09649122807017543,0.2,0.10767543859649123,0.036129486507752974,0.6467661691542289,False,0.17543859649122806,180,0.8,0.11276315789473683,0.0365281931448294,0.06965174129353234,False,0.07894736842105263
YFK,56,66,114,4,4,0.15789473684210525,0.8,0.10706140350877194,0.032302598997699605,0.0945273631840796,False,0.18421052631578946,180,0.8,0.11289473684210526,0.03531082642963295,0.03980099502487562,True,0.02631578947368421
YFK,56,67,114,4,4,0.09649122807017543,0.2,0.10741228070175439,0.03580222761619881,0.6417910447761194,False,0.17543859649122806,180,0.8,0.1125,0.036886761725256394,0.05472636815920398,False,0.07894736842105263
YFK,56,68,114,4,4,0.11403508771929824,0.2,0.10894736842105264,0.036591254414002905,0.44776119402985076,False,0.18421052631578946,180,0.8,0.11307017543859649,0.03616000181302381,0.04477611940298507,True,0.07017543859649122
YFK,57,58,114,4,4,0.19298245614035087,0.5,0.09973684210526315,0.0314044716230519,0.014925373134328358,True,0.19298245614035087,300,0.5,0.10780701754385964,0.032698686989571304,0.009950248756218905,True,0.0
YFK,57,59,114,4,4,0.09649122807017543,0.5,0.10407894736842105,0.03085004050670489,0.6417910447761194,False,0.15789473684210525,180,0.5,0.1093421052631579,0.03583871331223137,0.11940298507462686,False,0.06140350877192982
YFK,57,60,114,4,4,0.11403508771929824,0.2,0.10548245614035087,0.0316635351188449,0.43283582089552236,False,0.21052631578947367,75,0.2,0.11438596491228069,0.0308771328732394,0.009950248756218905,True,0.09649122807017543
YFK,57,61,114,4,4,0.13157894736842105,0.2,0.08837719298245612,0.03320732200966201,0.15422885572139303,False,0.17543859649122806,75,0.5,0.09061403508771929,0.036131332600158994,0.024875621890547265,True,0.043859649122807015
YFK,57,62,114,4,4,0.13157894736842105,0.2,0.10679824561403507,0.03232820497944549,0.263681592039801,False,0.16666666666666666,60,0.5,0.11526315789473683,0.03346369456884754,0.1044776119402985,False,0.03508771929824561
YFK,57,63,114,4,4,0.12280701754385964,0.5,0.09973684210526315,0.03087049509395603,0.24378109452736318,False,0.12280701754385964,75,0.2,0.11100877192982456,0.03541238207917142,0.39303482587064675,False,0.0
YFK,57,64,114,4,4,0.07017543859649122,0.2,0.08280701754385963,0.03165379475194481,0.6318407960199005,False,0.07017543859649122,450,0.2,0.08548245614035087,0.03149898164356237,0.6865671641791045,False,0.0
YFK,57,65,114,4,4,0.11403508771929824,0.2,0.09206140350877191,0.024732679160240644,0.22885572139303484,False,0.19298245614035087,180,0.8,0.09741228070175438,0.03072092322334739,0.004975124378109453,True,0.07894736842105263
YFK,57,66,114,4,4,0.10526315789473684,0.8,0.09802631578947368,0.032051928968554896,0.4427860696517413,False,0.11403508771929824,180,0.8,0.10421052631578948,0.032437132709715384,0.417910447761194,False,0.008771929824561403
YFK,57,67,114,4,4,0.14035087719298245,0.2,0.09719298245614034,0.028418995488159342,0.1044776119402985,False,0.16666666666666666,100,0.2,0.10289473684210526,0.030938058633713406,0.03482587064676617,True,0.02631578947368421
YFK,57,68,114,4,4,0.13157894736842105,0.2,0.09671052631578947,0.03290905973994029,0.17412935323383086,False,0.13157894736842105,900,0.2,0.09671052631578947,0.03290905973994029,0.17412935323383086,False,0.0
YFK,58,59,114,4,4,0.15789473684210525,0.2,0.10627192982456139,0.03236096063004906,0.08955223880597014,False,0.18421052631578946,225,0.8,0.10969298245614034,0.030577101135013992,0.024875621890547265,True,0.02631578947368421
YFK,58,60,114,4,4,0.14912280701754385,0.2,0.1018859649122807,0.03420241575554578,0.14427860696517414,False,0.21929824561403508,75,0.2,0.11679824561403508,0.031061138859293867,0.004975124378109453,True,0.07017543859649122
YFK,58,61,114,4,4,0.18421052631578946,0.8,0.0994298245614035,0.030492004001056595,0.014925373134328358,True,0.18421052631578946,300,0.2,0.10982456140350877,0.032501439708185434,0.029850746268656716,True,0.0
YFK,58,62,114,4,4,0.12280701754385964,0.2,0.1037280701754386,0.031602417395271934,0.29850746268656714,False,0.15789473684210525,75,0.5,0.11390350877192983,0.03417753514044536,0.16417910447761194,False,0.03508771929824561
YFK,58,63,114,4,4,0.14912280701754385,0.8,0.10263157894736841,0.030741086378809908,0.0945273631840796,False,0.16666666666666666,60,0.8,0.1157017543859649,0.03426693617949619,0.11442786069651742,False,0.017543859649122806
YFK,58,64,114,4,4,0.16666666666666666,0.2,0.09868421052631579,0.032427475660712766,0.03482587064676617,True,0.19298245614035087,300,0.5,0.10942982456140349,0.03170624742728885,0.014925373134328358,True,0.02631578947368421
YFK,58,65,114,4,4,0.14035087719298245,0.8,0.10017543859649124,0.03274323748156179,0.14427860696517414,False,0.17543859649122806,300,0.8,0.10964912280701754,0.033032931378381106,0.04477611940298507,True,0.03508771929824561
YFK,58,66,114,4,4,0.15789473684210525,0.2,0.10232456140350876,0.033234557873998226,0.05970149253731343,False,0.15789473684210525,225,0.8,0.1069736842105263,0.03222349913168489,0.0845771144278607,False,0.0
YFK,58,67,114,4,4,0.14912280701754385,0.8,0.09991228070175437,0.0307384448462762,0.09950248756218906,False,0.17543859649122806,300,0.5,0.11135964912280702,0.033523235603546246,0.04975124378109453,True,0.02631578947368421
YFK,58,68,114,4,4,0.11403508771929824,0.8,0.09907894736842103,0.032356419856093284,0.36318407960199006,False,0.15789473684210525,225,0.2,0.1093421052631579,0.03222565897612648,0.1044776119402985,False,0.043859649122807015
YFK,59,60,114,4,4,0.16666666666666666,0.2,0.10728070175438596,0.03203108202630233,0.05970149253731343,False,0.24561403508771928,150,0.2,0.1181578947368421,0.03456489169807345,0.004975124378109453,True,0.07894736842105263
YFK,59,61,114,4,4,0.15789473684210525,0.2,0.10736842105263157,0.02942017283110617,0.07462686567164178,False,0.19298245614035087,225,0.2,0.11114035087719298,0.033957714265954175,0.01990049751243781,True,0.03508771929824561
YFK,59,62,114,4,4,0.12280701754385964,0.5,0.108859649122807,0.03411766263530801,0.36318407960199006,False,0.15789473684210525,60,0.2,0.12149122807017543,0.03563174738875421,0.18407960199004975,False,0.03508771929824561
YFK,59,63,114,4,4,0.14912280701754385,0.2,0.10302631578947366,0.03370498487883446,0.0945273631840796,False,0.17543859649122806,225,0.2,0.11070175438596491,0.03319127848085422,0.04477611940298507,True,0.02631578947368421
YFK,59,64,114,4,4,0.11403508771929824,0.5,0.1055263157894737,0.03157147736542957,0.4228855721393035,False,0.15789473684210525,450,0.2,0.105,0.030053032208085886,0.05970149253731343,False,0.043859649122807015
YFK,59,65,114,4,4,0.11403508771929824,0.2,0.10460526315789473,0.0335893772439415,0.42786069651741293,False,0.15789473684210525,180,0.2,0.11061403508771928,0.032332420841909695,0.1044776119402985,False,0.043859649122807015
YFK,59,66,114,4,4,0.13157894736842105,0.5,0.10596491228070175,0.03255374407932935,0.22885572139303484,False,0.16666666666666666,225,0.2,0.10842105263157893,0.03048899213040795,0.04975124378109453,True,0.03508771929824561
YFK,59,67,114,4,4,0.12280701754385964,0.2,0.10368421052631578,0.03090116722932419,0.30845771144278605,False,0.14912280701754385,90,0.2,0.11635964912280702,0.0376856850448924,0.21890547263681592,False,0.02631578947368421
YFK,59,68,114,4,4,0.10526315789473684,0.2,0.10399122807017544,0.031906350572318644,0.5124378109452736,False,0.15789473684210525,180,0.8,0.10991228070175438,0.0359467918906885,0.12437810945273632,False,0.05263157894736842
YFK,60,61,114,4,4,0.16666666666666666,0.2,0.10214912280701753,0.031876039141415125,0.03980099502487562,True,0.23684210526315788,150,0.2,0.10982456140350876,0.03406968887490674,0.004975124378109453,True,0.07017543859649122
YFK,60,62,114,4,4,0.16666666666666666,0.5,0.10864035087719298,0.03513922759923,0.07462686567164178,False,0.20175438596491227,150,0.2,0.11311403508771928,0.033904011868113725,0.009950248756218905,True,0.03508771929824561
YFK,60,63,114,4,4,0.14912280701754385,0.2,0.10666666666666666,0.03141838165100918,0.12935323383084577,False,0.19298245614035087,75,0.2,0.12026315789473685,0.03492855994366428,0.04477611940298507,True,0.043859649122807015
YFK,60,64,114,4,4,0.14035087719298245,0.2,0.10587719298245613,0.03179846221353998,0.16417910447761194,False,0.22807017543859648,75,0.2,0.11855263157894737,0.034205807164501265,0.009950248756218905,True,0.08771929824561403
YFK,60,65,114,4,4,0.13157894736842105,0.5,0.1082017543859649,0.03121883552552168,0.27860696517412936,False,0.22807017543859648,150,0.2,0.11627192982456139,0.03665077858845275,0.009950248756218905,True,0.09649122807017543
YFK,60,66,114,4,4,0.17543859649122806,0.2,0.10789473684210528,0.03534027068572386,0.05472636815920398,False,0.20175438596491227,75,0.2,0.12236842105263157,0.03479724159781134,0.024875621890547265,True,0.02631578947368421
YFK,60,67,114,4,4,0.14035087719298245,0.5,0.10811403508771927,0.031973418308162624,0.22885572139303484,False,0.21052631578947367,75,0.2,0.12118421052631578,0.03257413782542918,0.014925373134328358,True,0.07017543859649122
YFK,60,68,114,4,4,0.14912280701754385,0.8,0.10495614035087718,0.03045520708880495,0.0945273631840796,False,0.17543859649122806,60,0.2,0.11802631578947369,0.03552358108856412,0.0945273631840796,False,0.02631578947368421
YFK,61,62,114,4,4,0.13157894736842105,0.2,0.10592105263157894,0.03302049193852055,0.26865671641791045,False,0.17543859649122806,75,0.2,0.11421052631578947,0.03594732971922174,0.06965174129353234,False,0.043859649122807015
YFK,61,63,114,4,4,0.15789473684210525,0.5,0.10429824561403508,0.034417809247576044,0.0845771144278607,False,0.16666666666666666,75,0.2,0.11364035087719299,0.035961713647075136,0.11442786069651742,False,0.008771929824561403
YFK,61,64,114,4,4,0.14912280701754385,0.8,0.09521929824561402,0.03079634927863384,0.0845771144278607,False,0.16666666666666666,150,0.2,0.10021929824561404,0.03304975375642866,0.05970149253731343,False,0.017543859649122806
YFK,61,65,114,4,4,0.11403508771929824,0.8,0.10017543859649124,0.03113303956000373,0.34328358208955223,False,0.20175438596491227,150,0.8,0.10877192982456141,0.03302122379999518,0.01990049751243781,True,0.08771929824561403
YFK,61,66,114,4,4,0.16666666666666666,0.8,0.1,0.03397922835800103,0.029850746268656716,True,0.16666666666666666,900,0.8,0.1,0.03397922835800103,0.029850746268656716,True,0.0
YFK,61,67,114,4,4,0.14912280701754385,0.8,0.09942982456140351,0.03070682317322001,0.07462686567164178,False,0.17543859649122806,60,0.8,0.10951754385964911,0.03244210914006618,0.03482587064676617,True,0.02631578947368421
YFK,61,68,114,4,4,0.07017543859649122,0.2,0.10087719298245613,0.02992525694097752,0.900497512437811,False,0.14912280701754385,60,0.8,0.11184210526315788,0.03344878552473622,0.17412935323383086,False,0.07894736842105263
YFK,62,63,114,4,4,0.11403508771929824,0.2,0.10416666666666666,0.034396991028257363,0.43781094527363185,False,0.15789473684210525,60,0.2,0.11767543859649124,0.03515682936485649,0.15920398009950248,False,0.043859649122807015
YFK,62,64,114,4,4,0.13157894736842105,0.8,0.10662280701754386,0.03292855823959007,0.27860696517412936,False,0.17543859649122806,60,0.5,0.11508771929824561,0.03401971530679359,0.04975124378109453,True,0.043859649122807015
YFK,62,65,114,4,4,0.13157894736842105,0.2,0.10539473684210526,0.03328338685767873,0.25870646766169153,False,0.17543859649122806,60,0.5,0.11600877192982456,0.033422042393359726,0.04975124378109453,True,0.043859649122807015
YFK,62,66,114,4,4,0.14912280701754385,0.5,0.10543859649122808,0.03346277017016312,0.10945273631840796,False,0.17543859649122806,60,0.2,0.11530701754385964,0.03343314700375996,0.05970149253731343,False,0.02631578947368421
YFK,62,67,114,4,4,0.14912280701754385,0.2,0.10688596491228068,0.034477160526676445,0.13432835820895522,False,0.16666666666666666,60,0.5,0.11605263157894737,0.034032783663471816,0.10945273631840796,False,0.017543859649122806
YFK,62,68,114,4,4,0.13157894736842105,0.2,0.1062719298245614,0.03562553421559875,0.2736318407960199,False,0.15789473684210525,60,0.2,0.11407894736842104,0.03238866944229649,0.11940298507462686,False,0.02631578947368421
YFK,63,64,114,4,4,0.11403508771929824,0.8,0.10061403508771928,0.03211788009834826,0.3781094527363184,False,0.14035087719298245,450,0.2,0.10513157894736842,0.031578426974661504,0.14925373134328357,False,0.02631578947368421
YFK,63,65,114,4,4,0.14035087719298245,0.8,0.10039473684210526,0.031812898854203735,0.11442786069651742,False,0.14912280701754385,75,0.5,0.11328947368421051,0.03691128272767819,0.1791044776119403,False,0.008771929824561403
YFK,63,66,114,4,4,0.13157894736842105,0.5,0.09986842105263158,0.03066145766713184,0.1791044776119403,False,0.14912280701754385,75,0.2,0.11526315789473685,0.035818882873210715,0.21393034825870647,False,0.017543859649122806
YFK,63,67,114,4,4,0.14035087719298245,0.2,0.10434210526315787,0.032625377527497765,0.14427860696517414,False,0.14035087719298245,75,0.2,0.11495614035087719,0.03548655346856892,0.2736318407960199,False,0.0
YFK,63,68,114,4,4,0.07894736842105263,0.2,0.1018859649122807,0.03067406592665513,0.845771144278607,False,0.11403508771929824,75,0.2,0.11671052631578947,0.03953556817131238,0.5074626865671642,False,0.03508771929824561
YFK,64,65,114,4,4,0.10526315789473684,0.2,0.09903508771929824,0.025797745613131653,0.42786069651741293,False,0.18421052631578946,180,0.2,0.10328947368421051,0.029762493042463884,0.01990049751243781,True,0.07894736842105263
YFK,64,66,114,4,4,0.08771929824561403,0.2,0.09675438596491226,0.03393265422759261,0.6417910447761194,False,0.14035087719298245,100,0.2,0.11403508771929825,0.03252570037480711,0.263681592039801,False,0.05263157894736842
YFK,64,67,114,4,4,0.10526315789473684,0.2,0.09947368421052633,0.028160394555156596,0.46766169154228854,False,0.14912280701754385,100,0.2,0.10600877192982455,0.030926401954997688,0.12935323383084577,False,0.043859649122807015
YFK,64,68,114,4,4,0.09649122807017543,0.2,0.09855263157894736,0.033335624257174276,0.572139303482587,False,0.11403508771929824,60,0.5,0.11078947368421051,0.031551875511872246,0.47761194029850745,False,0.017543859649122806
YFK,65,66,114,4,4,0.11403508771929824,0.8,0.10280701754385962,0.03225303445810775,0.39303482587064675,False,0.14035087719298245,180,0.2,0.1137719298245614,0.03707989491052403,0.24378109452736318,False,0.02631578947368421
YFK,65,67,114,4,4,0.12280701754385964,0.2,0.09807017543859649,0.027101326338140403,0.20398009950248755,False,0.19298245614035087,180,0.2,0.10223684210526317,0.03451661533760723,0.01990049751243781,True,0.07017543859649122
YFK,65,68,114,4,4,0.08771929824561403,0.2,0.09706140350877192,0.031042460371838023,0.6865671641791045,False,0.12280701754385964,150,0.2,0.10877192982456141,0.03319640393538707,0.39800995024875624,False,0.03508771929824561
YFK,66,67,114,4,4,0.09649122807017543,0.5,0.10254385964912281,0.03463730566473231,0.6218905472636815,False,0.13157894736842105,75,0.2,0.11403508771929824,0.036692980817496355,0.373134328358209,False,0.03508771929824561
YFK,66,68,114,4,4,0.12280701754385964,0.2,0.10206140350877192,0.032253244257041444,0.31840796019900497,False,0.12280701754385964,900,0.2,0.10206140350877192,0.032253244257041444,0.31840796019900497,False,0.0
YFK,67,68,114,4,4,0.11403508771929824,0.2,0.0982017543859649,0.03151984315824833,0.3781094527363184,False,0.15789473684210525,150,0.5,0.1106140350877193,0.035162465567233236,0.13432835820895522,False,0.043859649122807015
