subject,neuron_1,neuron_2,n_presentations,min_class_count,n_splits,FR_accuracy,FR_best_gamma,FR_null_mean,FR_null_sd,FR_p,FR_coding,TC_accuracy,TC_best_bin_ms,TC_best_gamma,TC_null_mean,TC_null_sd,TC_p,TC_coding,TC_minus_FR
YFU,1,2,494,47,10,0.08502024291497975,0.2,0.11155870445344129,0.01767976103013907,0.9203980099502488,False,0.12955465587044535,90,0.2,0.11194331983805668,0.015673526939914115,0.16417910447761194,False,0.04453441295546559
YFU,1,3,494,47,10,0.09109311740890688,0.2,0.1104251012145749,0.017671559591534467,0.8855721393034826,False,0.12550607287449392,180,0.8,0.10989878542510122,0.016600691252867224,0.19900497512437812,False,0.034412955465587036
YFU,1,4,494,47,10,0.0951417004048583,0.8,0.10888663967611337,0.016879917049463376,0.8308457711442786,False,0.1194331983805668,450,0.2,0.10940283400809717,0.015490229028909733,0.23880597014925373,False,0.02429149797570851
YFU,1,5,494,47,10,0.13360323886639677,0.2,0.11097165991902834,0.015389486618882025,0.10945273631840796,False,0.13360323886639677,900,0.2,0.11097165991902834,0.015389486618882025,0.10945273631840796,False,0.0
YFU,1,6,494,47,10,0.09109311740890688,0.2,0.11102226720647775,0.016255374826148288,0.8805970149253731,False,0.11538461538461539,75,0.2,0.11,0.016936972738500998,0.3582089552238806,False,0.02429149797570851
YFU,1,7,494,47,10,0.09109311740890688,0.2,0.11134615384615383,0.01589594686672814,0.9054726368159204,False,0.10323886639676114,450,0.5,0.10800607287449393,0.015360205877632798,0.6368159203980099,False,0.012145748987854255
YFU,1,8,494,47,10,0.10526315789473684,0.2,0.11053643724696355,0.01692536712172487,0.6169154228855721,False,0.11133603238866396,450,0.8,0.11100202429149796,0.016752797968661103,0.4975124378109453,False,0.006072874493927127
YFU,1,9,494,47,10,0.11133603238866396,0.8,0.11087044534412956,0.015785730348713438,0.5323383084577115,False,0.11538461538461539,225,0.2,0.11118421052631579,0.01609476632773011,0.38308457711442784,False,0.0040485829959514275
YFU,1,10,494,47,10,0.09716599190283401,0.2,0.10981781376518217,0.014658959469972956,0.845771144278607,False,0.10121457489878542,300,0.8,0.11165991902834009,0.015721328591355808,0.7611940298507462,False,0.004048582995951414
YFU,1,11,494,47,10,0.10323886639676114,0.8,0.10984817813765183,0.016412178762794927,0.6915422885572139,False,0.10323886639676114,90,0.5,0.11215587044534413,0.01567496875924811,0.7562189054726368,False,0.0
YFU,1,12,494,47,10,0.05263157894736842,0.2,0.10906882591093117,0.016726698100122818,1.0,False,0.10931174089068826,100,0.2,0.11075910931174089,0.015850386841958757,0.5920398009950248,False,0.056680161943319846
YFU,1,21,494,47,10,0.11740890688259109,0.5,0.11015182186234818,0.015730281774613605,0.3482587064676617,False,0.13562753036437247,100,0.8,0.11106275303643724,0.015754349897897375,0.0845771144278607,False,0.018218623481781382
YFU,1,22,494,47,10,0.1214574898785425,0.2,0.11198380566801619,0.016349681103024177,0.30845771144278605,False,0.1214574898785425,900,0.2,0.11198380566801619,0.016349681103024177,0.30845771144278605,False,0.0
YFU,1,23,494,47,10,0.1194331983805668,0.2,0.11003036437246964,0.0157703139730157,0.30845771144278605,False,0.12348178137651822,225,0.8,0.10915991902834009,0.015693139422690603,0.19402985074626866,False,0.004048582995951414
YFU,1,24,494,47,10,0.0951417004048583,0.2,0.11076923076923077,0.01531356632315037,0.8706467661691543,False,0.12550607287449392,90,0.8,0.10983805668016194,0.01566858630695953,0.16417910447761194,False,0.030364372469635623
YFU,1,25,494,47,10,0.12753036437246965,0.2,0.11013157894736843,0.017016610995043716,0.13930348258706468,False,0.12753036437246965,900,0.2,0.11013157894736843,0.017016610995043716,0.13930348258706468,False,0.0
YFU,1,26,494,47,10,0.10526315789473684,0.5,0.11011133603238868,0.016733267647022633,0.6218905472636815,False,0.12955465587044535,100,0.8,0.11017206477732795,0.015657013741223347,0.15920398009950248,False,0.02429149797570851
YFU,1,27,494,47,10,0.10931174089068826,0.8,0.10998987854251013,0.015993811639462528,0.5373134328358209,False,0.1214574898785425,450,0.8,0.10859311740890687,0.015699646333318266,0.22885572139303484,False,0.01214574898785424
YFU,1,28,494,47,10,0.0931174089068826,0.8,0.10839068825910932,0.016823962231795168,0.8159203980099502,False,0.11336032388663968,75,0.2,0.11142712550607287,0.014917324965992289,0.48756218905472637,False,0.020242914979757082
YFU,1,29,494,47,10,0.10526315789473684,0.2,0.11073886639676114,0.01632830356845699,0.6218905472636815,False,0.1214574898785425,180,0.2,0.10948380566801619,0.016243564286291572,0.2736318407960199,False,0.016194331983805668
YFU,1,30,494,47,10,0.1194331983805668,0.2,0.10904858299595142,0.016555627849415645,0.27860696517412936,False,0.13562753036437247,225,0.2,0.10923076923076923,0.014784969133629297,0.04477611940298507,True,0.016194331983805668
YFU,1,31,494,47,10,0.12348178137651822,0.2,0.11256072874493928,0.015785974931705426,0.2736318407960199,False,0.12348178137651822,900,0.2,0.11256072874493928,0.015785974931705426,0.2736318407960199,False,0.0
YFU,1,32,494,47,10,0.11740890688259109,0.8,0.11089068825910932,0.016742202398622383,0.35323383084577115,False,0.1194331983805668,90,0.5,0.11212550607287448,0.0158626102053587,0.3582089552238806,False,0.0020242914979757137
YFU,1,33,494,47,10,0.12348178137651822,0.2,0.11063765182186235,0.016462438849770483,0.23880597014925373,False,0.14777327935222673,225,0.8,0.10975708502024291,0.0167286676964299,0.014925373134328358,True,0.02429149797570851
YFU,1,34,494,47,10,0.12753036437246965,0.2,0.11030364372469634,0.01383398752328555,0.13432835820895522,False,0.1396761133603239,75,0.2,0.11125506072874494,0.01737198716325368,0.05472636815920398,False,0.012145748987854255
YFU,1,35,494,47,10,0.13765182186234817,0.2,0.10915991902834009,0.01660236262734111,0.05970149253731343,False,0.13765182186234817,900,0.2,0.10915991902834009,0.01660236262734111,0.05970149253731343,False,0.0
YFU,1,36,494,47,10,0.10526315789473684,0.2,0.10806680161943319,0.01739311784271209,0.572139303482587,False,0.1194331983805668,75,0.5,0.11029352226720647,0.01712142138760895,0.3034825870646766,False,0.014170040485829968
YFU,1,37,494,47,10,0.10931174089068826,0.8,0.11044534412955467,0.017393073446347593,0.5621890547263682,False,0.11538461538461539,450,0.8,0.11200404858299595,0.018297131564262645,0.4228855721393035,False,0.006072874493927127
YFU,1,38,494,47,10,0.11133603238866396,0.2,0.11177125506072874,0.016592362881049306,0.5174129353233831,False,0.1214574898785425,75,0.8,0.11208502024291497,0.017515378816411718,0.29850746268656714,False,0.010121457489878541
YFU,1,39,494,47,10,0.1194331983805668,0.2,0.10867408906882592,0.015506544698251688,0.24875621890547264,False,0.1417004048582996,90,0.8,0.1115080971659919,0.01679944082241268,0.04477611940298507,True,0.022267206477732795
YFU,1,40,494,47,10,0.11538461538461539,0.8,0.10968623481781377,0.016686661949173013,0.3681592039800995,False,0.1194331983805668,225,0.2,0.11064777327935221,0.015734421103369617,0.29850746268656714,False,0.004048582995951414
YFU,1,41,494,47,10,0.10728744939271255,0.8,0.1103744939271255,0.01574815325742319,0.572139303482587,False,0.12348178137651822,225,0.8,0.11153846153846153,0.017151489262226875,0.2835820895522388,False,0.016194331983805668
YFU,1,42,494,47,10,0.11336032388663968,0.5,0.11051619433198379,0.016818208668877403,0.48258706467661694,False,0.11336032388663968,100,0.2,0.1111336032388664,0.015310661553991594,0.48756218905472637,False,0.0
YFU,1,43,494,47,10,0.10931174089068826,0.2,0.11016194331983808,0.015939752266464678,0.5422885572139303,False,0.1417004048582996,75,0.2,0.1132995951417004,0.01821343486019419,0.07462686567164178,False,0.032388663967611336
YFU,1,44,494,47,10,0.10323886639676114,0.2,0.1107995951417004,0.016878559860882752,0.6965174129353234,False,0.11336032388663968,450,0.2,0.11215587044534413,0.015144464493879455,0.5024875621890548,False,0.010121457489878541
YFU,1,45,494,47,10,0.10931174089068826,0.5,0.11074898785425102,0.015982622728851578,0.5522388059701493,False,0.1194331983805668,225,0.8,0.11015182186234819,0.015484884170900458,0.2885572139303483,False,0.010121457489878541
YFU,1,46,494,47,10,0.1214574898785425,0.2,0.10924089068825911,0.01612217345503486,0.25870646766169153,False,0.13562753036437247,450,0.8,0.10960526315789475,0.0170882190413945,0.07960199004975124,False,0.014170040485829968
YFU,1,47,494,47,10,0.1194331983805668,0.8,0.11020242914979757,0.017351587310021704,0.3582089552238806,False,0.12550607287449392,60,0.8,0.10996963562753036,0.01683759154756585,0.208955223880597,False,0.006072874493927113
YFU,1,48,494,47,10,0.09919028340080972,0.2,0.11360323886639677,0.017023219863047195,0.8308457711442786,False,0.11538461538461539,75,0.2,0.11270242914979757,0.01635494164313213,0.4228855721393035,False,0.016194331983805668
YFU,1,49,494,47,10,0.10526315789473684,0.8,0.11011133603238868,0.0171717640833174,0.5771144278606966,False,0.11538461538461539,90,0.8,0.11021255060728745,0.014565878657209536,0.43283582089552236,False,0.010121457489878555
YFU,1,50,494,47,10,0.11538461538461539,0.8,0.11178137651821862,0.015016195651176383,0.44776119402985076,False,0.12550607287449392,100,0.2,0.11239878542510122,0.015557401026455406,0.22388059701492538,False,0.010121457489878527
YFU,1,51,494,47,10,0.11133603238866396,0.2,0.11036437246963562,0.017910233482890472,0.5174129353233831,False,0.1194331983805668,75,0.2,0.11198380566801619,0.014997808947581683,0.35323383084577115,False,0.008097165991902841
YFU,1,52,494,47,10,0.11336032388663968,0.8,0.1105668016194332,0.01626862295579955,0.417910447761194,False,0.12753036437246965,225,0.2,0.11036437246963562,0.015133395992093596,0.17412935323383086,False,0.014170040485829968
YFU,1,53,494,47,10,0.1194331983805668,0.2,0.10854251012145749,0.016695892979433545,0.2835820895522388,False,0.12550607287449392,150,0.8,0.10974696356275303,0.015405691778961469,0.15920398009950248,False,0.006072874493927113
YFU,1,54,494,47,10,0.11538461538461539,0.5,0.10822874493927126,0.015862723791375866,0.3482587064676617,False,0.13360323886639677,450,0.5,0.10690283400809715,0.016568160517914314,0.05970149253731343,False,0.018218623481781382
YFU,1,55,494,47,10,0.1214574898785425,0.8,0.11189271255060727,0.01620442168850702,0.2736318407960199,False,0.1437246963562753,450,0.8,0.11049595141700404,0.015874921441551025,0.024875621890547265,True,0.022267206477732795
YFU,1,56,494,47,10,0.10931174089068826,0.5,0.110334008097166,0.015966390523380787,0.5472636815920398,False,0.11740890688259109,225,0.8,0.1102327935222672,0.01588596909252446,0.3383084577114428,False,0.008097165991902827
YFU,1,57,494,47,10,0.14777327935222673,0.5,0.1097672064777328,0.015688546228594044,0.01990049751243781,True,0.14777327935222673,900,0.5,0.1097672064777328,0.015688546228594044,0.01990049751243781,True,0.0
YFU,1,58,494,47,10,0.1194331983805668,0.8,0.11004048582995953,0.017382888885296644,0.3034825870646766,False,0.1194331983805668,75,0.2,0.10972672064777328,0.015872352928561716,0.30845771144278605,False,0.0
YFU,1,59,494,47,10,0.11133603238866396,0.5,0.11151821862348177,0.016314920891011733,0.5323383084577115,False,0.11133603238866396,900,0.5,0.11151821862348177,0.016314920891011733,0.5323383084577115,False,0.0
YFU,1,60,494,47,10,0.10526315789473684,0.2,0.11097165991902834,0.01681289711780034,0.6766169154228856,False,0.10931174089068826,450,0.8,0.10931174089068825,0.017374547312459666,0.5373134328358209,False,0.0040485829959514275
YFU,1,61,494,47,10,0.11538461538461539,0.8,0.11133603238866396,0.015997316424253005,0.417910447761194,False,0.12348178137651822,75,0.5,0.10941295546558705,0.01572566341970412,0.20398009950248755,False,0.008097165991902827
YFU,1,62,494,47,10,0.12955465587044535,0.5,0.11114372469635628,0.017061929263262512,0.15920398009950248,False,0.12955465587044535,100,0.5,0.11077935222672064,0.014471192489219898,0.14427860696517414,False,0.0
YFU,1,63,494,47,10,0.12753036437246965,0.8,0.11052631578947368,0.016375152694460222,0.16417910447761194,False,0.13157894736842105,180,0.8,0.10972672064777328,0.014873086863274744,0.06965174129353234,False,0.0040485829959514
YFU,1,64,494,47,10,0.09919028340080972,0.5,0.11097165991902834,0.017478248091529043,0.7412935323383084,False,0.11740890688259109,75,0.2,0.11231781376518218,0.017702094736738044,0.38308457711442784,False,0.018218623481781368
YFU,1,65,494,47,10,0.12955465587044535,0.2,0.11018218623481783,0.017856749168169452,0.16417910447761194,False,0.12955465587044535,900,0.2,0.11018218623481783,0.017856749168169452,0.16417910447761194,False,0.0
YFU,1,66,494,47,10,0.1194331983805668,0.8,0.10974696356275304,0.015542755142844245,0.30845771144278605,False,0.13765182186234817,75,0.8,0.11070850202429149,0.01652211107148487,0.06467661691542288,False,0.018218623481781368
YFU,1,67,494,47,10,0.12753036437246965,0.5,0.11052631578947368,0.01670260101006557,0.16417910447761194,False,0.12753036437246965,900,0.5,0.11052631578947368,0.01670260101006557,0.16417910447761194,False,0.0
YFU,1,68,494,47,10,0.09716599190283401,0.2,0.11076923076923077,0.016781514009616,0.8109452736318408,False,0.1396761133603239,60,0.8,0.10923076923076923,0.015288912067741554,0.03980099502487562,True,0.04251012145748989
YFU,1,69,494,47,10,0.11740890688259109,0.5,0.10987854251012145,0.016226292389518858,0.2885572139303483,False,0.12348178137651822,75,0.5,0.1109412955465587,0.0167244050747622,0.263681592039801,False,0.006072874493927127
YFU,1,70,494,47,10,0.11133603238866396,0.5,0.11017206477732794,0.01615159954675428,0.5074626865671642,False,0.12348178137651822,150,0.5,0.11339068825910932,0.014945155292891208,0.3034825870646766,False,0.012145748987854255
YFU,2,3,494,47,10,0.10526315789473684,0.8,0.10896761133603239,0.017168421091875823,0.6318407960199005,False,0.1214574898785425,90,0.2,0.10841093117408906,0.016050899689887755,0.23383084577114427,False,0.016194331983805668
YFU,2,4,494,47,10,0.10323886639676114,0.8,0.10912955465587044,0.017472863184212865,0.6318407960199005,False,0.12753036437246965,60,0.8,0.11034412955465588,0.017884956315246447,0.15920398009950248,False,0.02429149797570851
YFU,2,5,494,47,10,0.10931174089068826,0.2,0.10914979757085021,0.01551952982062205,0.527363184079602,False,0.13360323886639677,90,0.2,0.10987854251012145,0.016190720407812904,0.09950248756218906,False,0.02429149797570851
YFU,2,6,494,47,10,0.10728744939271255,0.2,0.10867408906882592,0.016779572092305555,0.5621890547263682,False,0.1417004048582996,60,0.5,0.10967611336032389,0.016248612061475688,0.024875621890547265,True,0.03441295546558705
YFU,2,7,494,47,10,0.10526315789473684,0.2,0.10884615384615383,0.01614557131309074,0.6318407960199005,False,0.11740890688259109,150,0.2,0.10996963562753034,0.015619486232511913,0.35323383084577115,False,0.012145748987854255
YFU,2,8,494,47,10,0.09919028340080972,0.5,0.10909919028340082,0.016413333011359048,0.7164179104477612,False,0.13765182186234817,150,0.8,0.10912955465587044,0.015879995627625258,0.04477611940298507,True,0.03846153846153845
YFU,2,9,494,47,10,0.09716599190283401,0.8,0.10852226720647774,0.015133164674391181,0.7860696517412935,False,0.11740890688259109,150,0.2,0.10883603238866396,0.0154044887632823,0.31343283582089554,False,0.020242914979757082
YFU,2,10,494,47,10,0.10121457489878542,0.2,0.10968623481781377,0.017397142642282825,0.6716417910447762,False,0.1214574898785425,150,0.2,0.11037449392712549,0.015715430126704604,0.29850746268656714,False,0.020242914979757082
YFU,2,11,494,47,10,0.12550607287449392,0.5,0.10846153846153847,0.01565954196422941,0.15422885572139303,False,0.12753036437246965,90,0.8,0.11015182186234818,0.01662633252631994,0.16417910447761194,False,0.0020242914979757276
YFU,2,12,494,47,10,0.11538461538461539,0.2,0.10810728744939273,0.016407937456793056,0.38308457711442784,False,0.12955465587044535,60,0.5,0.11118421052631579,0.017630947750094376,0.1890547263681592,False,0.014170040485829954
YFU,2,21,494,47,10,0.11538461538461539,0.8,0.11048582995951417,0.016871094897790696,0.42786069651741293,False,0.145748987854251,60,0.2,0.11132591093117408,0.016175880965526506,0.01990049751243781,True,0.03036437246963561
YFU,2,22,494,47,10,0.10728744939271255,0.2,0.10949392712550607,0.015811120668543864,0.5771144278606966,False,0.1396761133603239,90,0.8,0.11095141700404859,0.015289652812542092,0.04477611940298507,True,0.03238866396761135
YFU,2,23,494,47,10,0.145748987854251,0.2,0.11036437246963562,0.01633859411220862,0.01990049751243781,True,0.145748987854251,900,0.2,0.11036437246963562,0.01633859411220862,0.01990049751243781,True,0.0
YFU,2,24,494,47,10,0.08906882591093117,0.8,0.11041497975708502,0.016669030773833922,0.9104477611940298,False,0.15182186234817813,75,0.5,0.11012145748987855,0.01759945847535735,0.014925373134328358,True,0.06275303643724696
YFU,2,25,494,47,10,0.10728744939271255,0.2,0.10829959514170043,0.01692184159828456,0.5174129353233831,False,0.13360323886639677,90,0.8,0.11071862348178137,0.016544289922639763,0.09950248756218906,False,0.026315789473684223
YFU,2,26,494,47,10,0.10728744939271255,0.2,0.11064777327935223,0.015434485995148049,0.6268656716417911,False,0.12753036437246965,90,0.8,0.10983805668016196,0.015197592871802095,0.16417910447761194,False,0.020242914979757096
YFU,2,27,494,47,10,0.10728744939271255,0.8,0.10925101214574898,0.016646919158658135,0.6119402985074627,False,0.13157894736842105,90,0.2,0.11032388663967611,0.016570161385667928,0.14427860696517414,False,0.024291497975708495
YFU,2,28,494,47,10,0.10121457489878542,0.2,0.10959514170040485,0.01772541682436246,0.7064676616915423,False,0.1417004048582996,90,0.8,0.11109311740890689,0.015801180552652342,0.03980099502487562,True,0.04048582995951418
YFU,2,29,494,47,10,0.14979757085020243,0.5,0.10927125506072873,0.016124194546342133,0.014925373134328358,True,0.14979757085020243,900,0.5,0.10927125506072873,0.016124194546342133,0.014925373134328358,True,0.0
YFU,2,30,494,47,10,0.1437246963562753,0.8,0.1073178137651822,0.01675734521479058,0.01990049751243781,True,0.145748987854251,450,0.8,0.10770242914979758,0.016714059467671974,0.01990049751243781,True,0.0020242914979757
YFU,2,31,494,47,10,0.13157894736842105,0.2,0.11058704453441294,0.016895426997797912,0.11940298507462686,False,0.1437246963562753,150,0.5,0.1095748987854251,0.016853937675904145,0.029850746268656716,True,0.012145748987854255
YFU,2,32,494,47,10,0.10526315789473684,0.8,0.10948380566801619,0.01621311127603247,0.6616915422885572,False,0.15789473684210525,150,0.2,0.1084008097165992,0.015736135415483864,0.004975124378109453,True,0.05263157894736842
YFU,2,33,494,47,10,0.11336032388663968,0.2,0.1100506072874494,0.015003872874780413,0.4129353233830846,False,0.1396761133603239,225,0.5,0.10903846153846156,0.0151927651517555,0.03482587064676617,True,0.026315789473684223
YFU,2,34,494,47,10,0.13562753036437247,0.2,0.10972672064777328,0.015335250630850849,0.06467661691542288,False,0.15587044534412955,60,0.5,0.1106174089068826,0.015888690925076446,0.01990049751243781,True,0.020242914979757082
YFU,2,35,494,47,10,0.11336032388663968,0.2,0.10954453441295545,0.015085993832931952,0.4129353233830846,False,0.1396761133603239,90,0.2,0.11015182186234818,0.016611463858998893,0.03980099502487562,True,0.026315789473684223
YFU,2,36,494,47,10,0.1214574898785425,0.2,0.10944331983805668,0.01637273497404397,0.263681592039801,False,0.1417004048582996,75,0.2,0.1087246963562753,0.014326254552936308,0.009950248756218905,True,0.020242914979757096
YFU,2,37,494,47,10,0.10728744939271255,0.8,0.10856275303643724,0.015749947788578567,0.5970149253731343,False,0.1417004048582996,450,0.2,0.10884615384615383,0.01570857910301505,0.029850746268656716,True,0.03441295546558705
YFU,2,38,494,47,10,0.11336032388663968,0.2,0.10949392712550608,0.017084353485009078,0.39800995024875624,False,0.13562753036437247,90,0.5,0.11105263157894736,0.01681936259963473,0.0945273631840796,False,0.022267206477732795
YFU,2,39,494,47,10,0.13157894736842105,0.8,0.10846153846153847,0.016410776617978334,0.09950248756218906,False,0.1437246963562753,60,0.8,0.10922064777327936,0.017010801540840677,0.04975124378109453,True,0.012145748987854255
YFU,2,40,494,47,10,0.11740890688259109,0.8,0.10965587044534413,0.016595133265244734,0.34328358208955223,False,0.13157894736842105,90,0.8,0.11041497975708502,0.016284105001225877,0.14925373134328357,False,0.014170040485829954
YFU,2,41,494,47,10,0.12348178137651822,0.2,0.10946356275303643,0.015744230072793467,0.208955223880597,False,0.13360323886639677,90,0.8,0.11010121457489878,0.015396215485874509,0.07960199004975124,False,0.010121457489878555
YFU,2,42,494,47,10,0.11538461538461539,0.8,0.10901821862348178,0.01680387741375152,0.3383084577114428,False,0.13562753036437247,90,0.8,0.11078947368421053,0.016496317162682905,0.10945273631840796,False,0.020242914979757082
YFU,2,43,494,47,10,0.10526315789473684,0.8,0.11040485829959515,0.01677252960633565,0.6218905472636815,False,0.1437246963562753,75,0.2,0.11086032388663968,0.015509731423408502,0.029850746268656716,True,0.038461538461538464
YFU,2,44,494,47,10,0.13360323886639677,0.8,0.10869433198380567,0.015302855618783306,0.05970149253731343,False,0.13360323886639677,90,0.8,0.11080971659919028,0.01614114513772698,0.09950248756218906,False,0.0
YFU,2,45,494,47,10,0.10121457489878542,0.5,0.11027327935222671,0.016124165812222122,0.7313432835820896,False,0.13360323886639677,150,0.8,0.10823886639676113,0.016280453261442045,0.09950248756218906,False,0.03238866396761135
YFU,2,46,494,47,10,0.12753036437246965,0.8,0.1084008097165992,0.01572042480588574,0.13432835820895522,False,0.1437246963562753,90,0.2,0.11073886639676113,0.016063851779178875,0.024875621890547265,True,0.016194331983805654
YFU,2,47,494,47,10,0.1214574898785425,0.8,0.10828947368421052,0.015461888218617187,0.208955223880597,False,0.1214574898785425,75,0.2,0.10892712550607288,0.015242442763393954,0.22388059701492538,False,0.0
YFU,2,48,494,47,10,0.13157894736842105,0.8,0.11078947368421053,0.01660952065644698,0.13432835820895522,False,0.13360323886639677,90,0.5,0.11117408906882592,0.015347414674175412,0.1044776119402985,False,0.0020242914979757276
YFU,2,49,494,47,10,0.12550607287449392,0.2,0.10892712550607289,0.01797957677454934,0.1890547263681592,False,0.13360323886639677,90,0.2,0.1095344129554656,0.015090923935989415,0.06965174129353234,False,0.008097165991902855
YFU,2,50,494,47,10,0.12753036437246965,0.2,0.10889676113360325,0.016270822018912535,0.15422885572139303,False,0.13765182186234817,90,0.8,0.1100101214574899,0.016253474567656547,0.06965174129353234,False,0.010121457489878527
YFU,2,51,494,47,10,0.12753036437246965,0.5,0.11069838056680162,0.016835928236734517,0.1791044776119403,False,0.12753036437246965,60,0.2,0.11072874493927126,0.015719442371437638,0.16417910447761194,False,0.0
YFU,2,52,494,47,10,0.11538461538461539,0.5,0.10857287449392712,0.01608227447838745,0.3482587064676617,False,0.13157894736842105,90,0.8,0.1098582995951417,0.016916620405875358,0.13930348258706468,False,0.016194331983805654
YFU,2,53,494,47,10,0.12550607287449392,0.2,0.10945344129554656,0.016656317477410584,0.14427860696517414,False,0.15991902834008098,90,0.5,0.1097165991902834,0.015237862363358444,0.004975124378109453,True,0.034412955465587064
YFU,2,54,494,47,10,0.13157894736842105,0.2,0.11056680161943319,0.015142373830044955,0.0845771144278607,False,0.15384615384615385,90,0.8,0.10932186234817813,0.015866124504555188,0.009950248756218905,True,0.02226720647773281
YFU,2,55,494,47,10,0.1214574898785425,0.5,0.1098582995951417,0.015574297501708028,0.22388059701492538,False,0.1396761133603239,450,0.2,0.1090080971659919,0.01610603714589032,0.01990049751243781,True,0.018218623481781396
YFU,2,56,494,47,10,0.1194331983805668,0.8,0.10982793522267206,0.016645790385294203,0.31840796019900497,False,0.13562753036437247,60,0.2,0.11058704453441295,0.015232875052679562,0.07462686567164178,False,0.016194331983805668
YFU,2,57,494,47,10,0.1194331983805668,0.5,0.11017206477732794,0.015620145386860783,0.27860696517412936,False,0.12550607287449392,90,0.2,0.11053643724696358,0.016037038357863798,0.18407960199004975,False,0.006072874493927113
YFU,2,58,494,47,10,0.11740890688259109,0.2,0.10918016194331984,0.016687895927409678,0.3333333333333333,False,0.13562753036437247,60,0.5,0.11064777327935221,0.016643863562407806,0.08955223880597014,False,0.018218623481781382
YFU,2,59,494,47,10,0.1214574898785425,0.8,0.10975708502024294,0.01535787642579873,0.20398009950248755,False,0.13157894736842105,450,0.5,0.10847165991902834,0.01674972480620443,0.10945273631840796,False,0.010121457489878541
YFU,2,60,494,47,10,0.11538461538461539,0.5,0.10986842105263157,0.015076108302409314,0.35323383084577115,False,0.13562753036437247,450,0.8,0.10827935222672064,0.01566694346421924,0.04975124378109453,True,0.020242914979757082
YFU,2,61,494,47,10,0.11133603238866396,0.8,0.11055668016194332,0.015126206481817131,0.4925373134328358,False,0.13360323886639677,90,0.8,0.11098178137651821,0.01598886694555893,0.0945273631840796,False,0.02226720647773281
YFU,2,62,494,47,10,0.11133603238866396,0.5,0.10900809716599191,0.016792051051959956,0.43781094527363185,False,0.15587044534412955,450,0.2,0.10893724696356276,0.014864472799560356,0.009950248756218905,True,0.04453441295546559
YFU,2,63,494,47,10,0.11336032388663968,0.5,0.10988866396761132,0.016715389975863547,0.43781094527363185,False,0.1417004048582996,90,0.2,0.10942307692307693,0.015651436398803953,0.014925373134328358,True,0.028340080971659923
YFU,2,64,494,47,10,0.12955465587044535,0.8,0.10826923076923077,0.016152287980248346,0.06467661691542288,False,0.13562753036437247,90,0.2,0.10939271255060729,0.01643018896561553,0.07462686567164178,False,0.006072874493927127
YFU,2,65,494,47,10,0.10728744939271255,0.2,0.10982793522267206,0.01635123960819814,0.5870646766169154,False,0.13562753036437247,60,0.8,0.11129554655870445,0.0168913436051238,0.0845771144278607,False,0.028340080971659923
YFU,2,66,494,47,10,0.11538461538461539,0.2,0.10976720647773279,0.01652092391470929,0.4079601990049751,False,0.1396761133603239,150,0.5,0.11099190283400809,0.016727375175011626,0.06965174129353234,False,0.02429149797570851
YFU,2,67,494,47,10,0.1214574898785425,0.2,0.10973684210526317,0.01704622351412394,0.26865671641791045,False,0.1214574898785425,900,0.2,0.10973684210526317,0.01704622351412394,0.26865671641791045,False,0.0
YFU,2,68,494,47,10,0.10728744939271255,0.5,0.11016194331983806,0.016689478370958508,0.582089552238806,False,0.13765182186234817,60,0.8,0.11021255060728745,0.015551787959939022,0.05472636815920398,False,0.030364372469635623
YFU,2,69,494,47,10,0.10931174089068826,0.2,0.10847165991902834,0.0155114572928454,0.5124378109452736,False,0.1417004048582996,90,0.2,0.11007085020242915,0.016439708054601612,0.03980099502487562,True,0.032388663967611336
YFU,2,70,494,47,10,0.10931174089068826,0.5,0.10863360323886638,0.016460787669226807,0.4975124378109453,False,0.13765182186234817,90,0.8,0.11139676113360324,0.01654766567309863,0.07960199004975124,False,0.02834008097165991
YFU,3,4,494,47,10,0.09919028340080972,0.2,0.10945344129554656,0.01587262860958806,0.7611940298507462,False,0.1437246963562753,450,0.2,0.11047570850202428,0.01620886869686562,0.01990049751243781,True,0.04453441295546558
YFU,3,5,494,47,10,0.08299595141700405,0.2,0.10996963562753036,0.016666732903295626,0.9651741293532339,False,0.13562753036437247,450,0.5,0.11098178137651821,0.01722867796091578,0.08955223880597014,False,0.05263157894736842
YFU,3,6,494,47,10,0.0951417004048583,0.8,0.1104251012145749,0.017093463110060894,0.8258706467661692,False,0.12955465587044535,450,0.5,0.11007085020242915,0.016759753526370783,0.16417910447761194,False,0.03441295546558705
YFU,3,7,494,47,10,0.08502024291497975,0.8,0.11043522267206476,0.01508806842554539,0.9502487562189055,False,0.11740890688259109,450,0.5,0.10905870445344129,0.016467866564230223,0.35323383084577115,False,0.032388663967611336
YFU,3,8,494,47,10,0.10931174089068826,0.8,0.11063765182186236,0.017105321844250326,0.5771144278606966,False,0.12753036437246965,150,0.5,0.108582995951417,0.015758744244082933,0.14925373134328357,False,0.018218623481781382
YFU,3,9,494,47,10,0.0931174089068826,0.2,0.10917004048582996,0.01668966344227479,0.8706467661691543,False,0.12955465587044535,450,0.8,0.10950404858299595,0.01640228904557778,0.09950248756218906,False,0.03643724696356275
YFU,3,10,494,47,10,0.08502024291497975,0.2,0.10987854251012147,0.01572620027901948,0.9552238805970149,False,0.12550607287449392,100,0.2,0.10923076923076923,0.015619357694172846,0.1691542288557214,False,0.040485829959514164
YFU,3,11,494,47,10,0.09109311740890688,0.2,0.10899797570850202,0.01651676040205319,0.8557213930348259,False,0.13562753036437247,450,0.8,0.11034412955465588,0.0174466809061462,0.07960199004975124,False,0.04453441295546559
YFU,3,12,494,47,10,0.0931174089068826,0.5,0.10876518218623481,0.01737420361064808,0.8208955223880597,False,0.11740890688259109,300,0.2,0.10856275303643725,0.01758109125892876,0.31343283582089554,False,0.024291497975708495
YFU,3,21,494,47,10,0.12348178137651822,0.8,0.11101214574898786,0.017026703231175135,0.22885572139303484,False,0.12753036437246965,300,0.2,0.10932186234817813,0.01660553746536416,0.17412935323383086,False,0.0040485829959514275
YFU,3,22,494,47,10,0.11538461538461539,0.8,0.10996963562753038,0.016886439181952696,0.3582089552238806,False,0.13765182186234817,450,0.2,0.10924089068825911,0.016083810884609594,0.06467661691542288,False,0.02226720647773278
YFU,3,23,494,47,10,0.11133603238866396,0.5,0.11256072874493928,0.016592387701774097,0.5223880597014925,False,0.12550607287449392,450,0.8,0.11133603238866396,0.016848670997818917,0.19402985074626866,False,0.014170040485829954
YFU,3,24,494,47,10,0.08502024291497975,0.2,0.10853238866396761,0.015090770427666524,0.9502487562189055,False,0.12955465587044535,180,0.2,0.10932186234817813,0.0156057167299837,0.10945273631840796,False,0.04453441295546559
YFU,3,25,494,47,10,0.0951417004048583,0.8,0.11059716599190285,0.016940300626493175,0.8706467661691543,False,0.1437246963562753,300,0.2,0.10991902834008098,0.01689992368243203,0.024875621890547265,True,0.048582995951417005
YFU,3,26,494,47,10,0.07489878542510121,0.5,0.11186234817813766,0.01623273780909415,0.9950248756218906,False,0.13765182186234817,225,0.2,0.11084008097165991,0.01634053172822241,0.07960199004975124,False,0.06275303643724696
YFU,3,27,494,47,10,0.09716599190283401,0.8,0.11097165991902834,0.016451380911489368,0.8407960199004975,False,0.12955465587044535,75,0.2,0.10831983805668016,0.015756065308964565,0.09950248756218906,False,0.032388663967611336
YFU,3,28,494,47,10,0.10121457489878542,0.2,0.10895748987854251,0.017789656076614483,0.681592039800995,False,0.13157894736842105,450,0.2,0.10853238866396761,0.017816536345619003,0.13432835820895522,False,0.030364372469635623
YFU,3,29,494,47,10,0.08906882591093117,0.5,0.1097165991902834,0.016930357569288988,0.9154228855721394,False,0.1417004048582996,300,0.8,0.10847165991902834,0.016070874881079018,0.029850746268656716,True,0.05263157894736843
YFU,3,30,494,47,10,0.1214574898785425,0.8,0.11015182186234818,0.01688319520097127,0.2835820895522388,False,0.1417004048582996,75,0.2,0.10751012145748988,0.015165786380406294,0.024875621890547265,True,0.020242914979757096
YFU,3,31,494,47,10,0.10323886639676114,0.2,0.11073886639676114,0.01823364688894298,0.7014925373134329,False,0.12348178137651822,450,0.5,0.11044534412955466,0.016940862807855336,0.2537313432835821,False,0.020242914979757082
YFU,3,32,494,47,10,0.10931174089068826,0.8,0.10998987854251013,0.017314328325005277,0.5373134328358209,False,0.12753036437246965,450,0.5,0.11093117408906883,0.016500423436224407,0.17412935323383086,False,0.018218623481781382
YFU,3,33,494,47,10,0.10728744939271255,0.2,0.11133603238866396,0.015775669812287205,0.6218905472636815,False,0.145748987854251,225,0.8,0.11003036437246964,0.016157284618120136,0.01990049751243781,True,0.03846153846153845
YFU,3,34,494,47,10,0.11740890688259109,0.5,0.11013157894736843,0.01638156154175759,0.3333333333333333,False,0.145748987854251,75,0.2,0.10886639676113362,0.016702798264300982,0.01990049751243781,True,0.02834008097165991
YFU,3,35,494,47,10,0.10931174089068826,0.2,0.1095242914979757,0.015997828077905167,0.5522388059701493,False,0.12955465587044535,450,0.8,0.11008097165991902,0.017006276659297014,0.12935323383084577,False,0.020242914979757082
YFU,3,36,494,47,10,0.10728744939271255,0.5,0.10691295546558705,0.01640665732068519,0.48756218905472637,False,0.145748987854251,225,0.2,0.10989878542510122,0.01684694766682244,0.01990049751243781,True,0.03846153846153845
YFU,3,37,494,47,10,0.0931174089068826,0.2,0.10953441295546558,0.017136823907741756,0.8507462686567164,False,0.13157894736842105,180,0.8,0.10942307692307691,0.01640555280926809,0.0845771144278607,False,0.03846153846153845
YFU,3,38,494,47,10,0.1214574898785425,0.2,0.11144736842105264,0.017318989710146098,0.2885572139303483,False,0.12348178137651822,60,0.8,0.1099089068825911,0.014772369839732869,0.23383084577114427,False,0.0020242914979757137
YFU,3,39,494,47,10,0.12753036437246965,0.8,0.11021255060728745,0.017099422105814114,0.1691542288557214,False,0.15182186234817813,450,0.5,0.11122469635627531,0.016052823928267453,0.01990049751243781,True,0.02429149797570848
YFU,3,40,494,47,10,0.10121457489878542,0.2,0.11151821862348178,0.016464430678625724,0.7064676616915423,False,0.12753036437246965,225,0.2,0.11003036437246964,0.015946904270927435,0.17412935323383086,False,0.026315789473684223
YFU,3,41,494,47,10,0.09919028340080972,0.8,0.10934210526315788,0.016837028975527274,0.7611940298507462,False,0.13765182186234817,225,0.2,0.1101417004048583,0.016515628966905147,0.06467661691542288,False,0.03846153846153845
YFU,3,42,494,47,10,0.10121457489878542,0.5,0.10873481781376518,0.017458936623386406,0.6965174129353234,False,0.12753036437246965,60,0.2,0.10845141700404858,0.014689392752021094,0.09950248756218906,False,0.026315789473684223
YFU,3,43,494,47,10,0.09919028340080972,0.5,0.10953441295546558,0.016243580132358847,0.736318407960199,False,0.1396761133603239,300,0.5,0.1097165991902834,0.01580566284665428,0.04975124378109453,True,0.04048582995951418
YFU,3,44,494,47,10,0.10323886639676114,0.2,0.11051619433198381,0.016908569431140136,0.6766169154228856,False,0.12753036437246965,180,0.2,0.10955465587044534,0.01652979904046704,0.1691542288557214,False,0.02429149797570851
YFU,3,45,494,47,10,0.08097165991902834,0.5,0.11034412955465588,0.015959931080008698,0.9800995024875622,False,0.13765182186234817,450,0.5,0.11053643724696355,0.01721248732716358,0.0945273631840796,False,0.05668016194331983
YFU,3,46,494,47,10,0.11336032388663968,0.8,0.10998987854251013,0.017163823790409646,0.4527363184079602,False,0.13562753036437247,450,0.2,0.10837044534412957,0.015805503251907004,0.06467661691542288,False,0.022267206477732795
YFU,3,47,494,47,10,0.09109311740890688,0.2,0.10924089068825911,0.016514615908235282,0.8606965174129353,False,0.13765182186234817,300,0.2,0.10924089068825911,0.016415816879715838,0.03980099502487562,True,0.04655870445344129
YFU,3,48,494,47,10,0.0931174089068826,0.2,0.1114271255060729,0.018380433149408088,0.8507462686567164,False,0.1214574898785425,225,0.2,0.11086032388663968,0.01591728087672553,0.26865671641791045,False,0.02834008097165991
YFU,3,49,494,47,10,0.13360323886639677,0.2,0.10930161943319838,0.017056980328430154,0.10945273631840796,False,0.13360323886639677,900,0.2,0.10930161943319838,0.017056980328430154,0.10945273631840796,False,0.0
YFU,3,50,494,47,10,0.11133603238866396,0.2,0.10844129554655871,0.016893233058753964,0.4577114427860697,False,0.12955465587044535,300,0.5,0.1097570850202429,0.015310876740976294,0.09950248756218906,False,0.018218623481781382
YFU,3,51,494,47,10,0.1194331983805668,0.2,0.11064777327935221,0.016257075369139905,0.3333333333333333,False,0.12955465587044535,450,0.2,0.11025303643724697,0.01613430258660018,0.14427860696517414,False,0.010121457489878541
YFU,3,52,494,47,10,0.1214574898785425,0.2,0.11041497975708502,0.015840536363264563,0.2885572139303483,False,0.1437246963562753,450,0.2,0.1103744939271255,0.016031952866647447,0.03980099502487562,True,0.022267206477732795
YFU,3,53,494,47,10,0.11133603238866396,0.2,0.11062753036437246,0.01766573239372665,0.5174129353233831,False,0.13765182186234817,60,0.2,0.10880566801619435,0.016344629895580155,0.06965174129353234,False,0.02631578947368421
YFU,3,54,494,47,10,0.09919028340080972,0.5,0.1098178137651822,0.017176383236362818,0.7562189054726368,False,0.15182186234817813,225,0.5,0.10765182186234817,0.016451380911489368,0.004975124378109453,True,0.052631578947368404
YFU,3,55,494,47,10,0.10526315789473684,0.2,0.11056680161943319,0.016967485804150518,0.6567164179104478,False,0.14979757085020243,225,0.2,0.10969635627530364,0.016420849324384902,0.01990049751243781,True,0.04453441295546559
YFU,3,56,494,47,10,0.10121457489878542,0.2,0.10963562753036438,0.01606082949084072,0.6965174129353234,False,0.1396761133603239,450,0.2,0.10953441295546558,0.014957980741672218,0.03482587064676617,True,0.03846153846153848
YFU,3,57,494,47,10,0.10121457489878542,0.2,0.10955465587044536,0.01693103866192812,0.681592039800995,False,0.13765182186234817,150,0.5,0.10780364372469636,0.015042005371715095,0.03482587064676617,True,0.03643724696356275
YFU,3,58,494,47,10,0.11336032388663968,0.2,0.10949392712550608,0.01761722213227258,0.39303482587064675,False,0.13360323886639677,450,0.2,0.1107995951417004,0.017702676345894366,0.11940298507462686,False,0.020242914979757096
YFU,3,59,494,47,10,0.0951417004048583,0.8,0.10855263157894736,0.015443818806314492,0.8805970149253731,False,0.12955465587044535,450,0.8,0.11065789473684212,0.016582928316284457,0.11940298507462686,False,0.03441295546558705
YFU,3,60,494,47,10,0.08704453441295547,0.8,0.11062753036437246,0.015957040737170924,0.9601990049751243,False,0.12753036437246965,75,0.2,0.10788461538461538,0.016641831342172137,0.12935323383084577,False,0.04048582995951418
YFU,3,61,494,47,10,0.0728744939271255,0.8,0.11069838056680163,0.016158151224568817,0.9950248756218906,False,0.13562753036437247,450,0.8,0.10949392712550608,0.01758329305885471,0.07960199004975124,False,0.06275303643724697
YFU,3,62,494,47,10,0.12348178137651822,0.2,0.11100202429149798,0.01854936106767937,0.29850746268656714,False,0.16396761133603238,300,0.2,0.10963562753036438,0.01551167301302327,0.004975124378109453,True,0.040485829959514164
YFU,3,63,494,47,10,0.09919028340080972,0.2,0.11007085020242915,0.017616342557142246,0.7661691542288557,False,0.13157894736842105,450,0.5,0.10860323886639676,0.015598131061644498,0.09950248756218906,False,0.03238866396761132
YFU,3,64,494,47,10,0.0931174089068826,0.2,0.10861336032388663,0.01690065169158215,0.8507462686567164,False,0.145748987854251,300,0.8,0.10996963562753038,0.01592110968505913,0.01990049751243781,True,0.052631578947368404
YFU,3,65,494,47,10,0.0951417004048583,0.5,0.10893724696356274,0.016237605068972445,0.7960199004975125,False,0.13765182186234817,300,0.2,0.10882591093117411,0.016237811142241657,0.05970149253731343,False,0.04251012145748988
YFU,3,66,494,47,10,0.09109311740890688,0.2,0.1110425101214575,0.01673388292913314,0.8955223880597015,False,0.13562753036437247,60,0.8,0.10968623481781377,0.016348821500242687,0.0845771144278607,False,0.04453441295546559
YFU,3,67,494,47,10,0.11538461538461539,0.5,0.10923076923076923,0.016017692688724956,0.4079601990049751,False,0.15384615384615385,450,0.8,0.11055668016194332,0.015709847308319765,0.009950248756218905,True,0.038461538461538464
YFU,3,68,494,47,10,0.07894736842105263,0.2,0.11037449392712549,0.017137001143956488,0.9701492537313433,False,0.145748987854251,60,0.5,0.11017206477732792,0.015426475751358673,0.024875621890547265,True,0.06680161943319837
YFU,3,69,494,47,10,0.10121457489878542,0.8,0.10925101214574898,0.01602806381752093,0.736318407960199,False,0.13562753036437247,300,0.2,0.10911943319838055,0.015254876540626128,0.05472636815920398,False,0.03441295546558705
YFU,3,70,494,47,10,0.09109311740890688,0.2,0.11144736842105264,0.016132158309191052,0.9154228855721394,False,0.15789473684210525,150,0.8,0.11109311740890687,0.015910270865578745,0.004975124378109453,True,0.06680161943319837
YFU,4,5,494,47,10,0.10121457489878542,0.2,0.10816801619433197,0.016889658156040745,0.6517412935323383,False,0.13360323886639677,450,0.2,0.10908906882591093,0.01578322560075672,0.05472636815920398,False,0.03238866396761135
YFU,4,6,494,47,10,0.11336032388663968,0.5,0.1098582995951417,0.01691905472869672,0.44776119402985076,False,0.1417004048582996,450,0.5,0.10869433198380567,0.015807222881869733,0.01990049751243781,True,0.028340080971659923
YFU,4,7,494,47,10,0.06477732793522267,0.5,0.10942307692307693,0.016750855795553018,1.0,False,0.1194331983805668,450,0.2,0.10958502024291496,0.01630417337134363,0.30845771144278605,False,0.05465587044534413
YFU,4,8,494,47,10,0.0951417004048583,0.8,0.10807692307692307,0.01765411888384987,0.7860696517412935,False,0.11740890688259109,450,0.8,0.1097165991902834,0.017368620466879592,0.34328358208955223,False,0.022267206477732795
YFU,4,9,494,47,10,0.08906882591093117,0.5,0.10978744939271255,0.01695463801905801,0.9054726368159204,False,0.13157894736842105,450,0.8,0.11021255060728745,0.015417476364989517,0.1044776119402985,False,0.04251012145748988
YFU,4,10,494,47,10,0.07894736842105263,0.2,0.109665991902834,0.017371510056708485,0.9601990049751243,False,0.10931174089068826,180,0.8,0.10914979757085021,0.01583736744374176,0.5373134328358209,False,0.030364372469635637
YFU,4,11,494,47,10,0.10323886639676114,0.5,0.10882591093117408,0.017568120808796144,0.6467661691542289,False,0.13360323886639677,450,0.8,0.10906882591093117,0.01663287362420313,0.1044776119402985,False,0.030364372469635637
YFU,4,12,494,47,10,0.0951417004048583,0.2,0.10934210526315788,0.016525958618096838,0.8109452736318408,False,0.12550607287449392,150,0.8,0.1101417004048583,0.01614108135111348,0.17412935323383086,False,0.030364372469635623
YFU,4,21,494,47,10,0.11740890688259109,0.5,0.11046558704453441,0.01751091082341828,0.3333333333333333,False,0.13360323886639677,60,0.5,0.11081983805668016,0.015405852173954232,0.0845771144278607,False,0.016194331983805682
YFU,4,22,494,47,10,0.10526315789473684,0.2,0.10893724696356276,0.0163702194113007,0.6218905472636815,False,0.12348178137651822,450,0.2,0.10998987854251013,0.01580602437165254,0.20398009950248755,False,0.018218623481781382
YFU,4,23,494,47,10,0.1194331983805668,0.2,0.11010121457489878,0.017388514816379257,0.3034825870646766,False,0.13562753036437247,450,0.2,0.10964574898785426,0.016223268631001476,0.05970149253731343,False,0.016194331983805668
YFU,4,24,494,47,10,0.09109311740890688,0.8,0.10860323886639676,0.015767509673005477,0.8955223880597015,False,0.12348178137651822,75,0.2,0.10973684210526315,0.016086643248892352,0.22388059701492538,False,0.032388663967611336
YFU,4,25,494,47,10,0.09716599190283401,0.5,0.10847165991902834,0.017326217132624812,0.7313432835820896,False,0.12550607287449392,450,0.8,0.1095748987854251,0.01580085475498079,0.18407960199004975,False,0.02834008097165991
YFU,4,26,494,47,10,0.08704453441295547,0.2,0.1089068825910931,0.017046718784548658,0.9303482587064676,False,0.12955465587044535,300,0.5,0.11030364372469634,0.014842170070622667,0.11940298507462686,False,0.04251012145748988
YFU,4,27,494,47,10,0.0951417004048583,0.5,0.10895748987854251,0.017115960310236707,0.7860696517412935,False,0.1417004048582996,450,0.8,0.11010121457489878,0.016944691222637323,0.05472636815920398,False,0.046558704453441305
YFU,4,28,494,47,10,0.09109311740890688,0.5,0.10903846153846153,0.01680667112983433,0.8706467661691543,False,0.13765182186234817,450,0.2,0.10740890688259111,0.016700924255000294,0.04975124378109453,True,0.04655870445344129
YFU,4,29,494,47,10,0.08906882591093117,0.5,0.10827935222672064,0.016272963842145542,0.8756218905472637,False,0.1396761133603239,450,0.8,0.10887651821862349,0.016714774013014966,0.04477611940298507,True,0.05060728744939273
YFU,4,30,494,47,10,0.09919028340080972,0.2,0.10907894736842107,0.014834103728872802,0.7761194029850746,False,0.13765182186234817,450,0.5,0.10993927125506073,0.01701091351261271,0.04975124378109453,True,0.03846153846153845
YFU,4,31,494,47,10,0.11336032388663968,0.2,0.10919028340080972,0.016353307940213533,0.42786069651741293,False,0.14979757085020243,450,0.2,0.10914979757085021,0.016523319951880694,0.009950248756218905,True,0.03643724696356275
YFU,4,32,494,47,10,0.08502024291497975,0.2,0.10866396761133602,0.015006044585320615,0.9552238805970149,False,0.13360323886639677,150,0.2,0.11024291497975708,0.016395059379570597,0.07960199004975124,False,0.04858299595141702
YFU,4,33,494,47,10,0.0951417004048583,0.5,0.1077327935222672,0.017532828343763168,0.7910447761194029,False,0.1659919028340081,180,0.8,0.10915991902834009,0.016469116936113175,0.004975124378109453,True,0.07085020242914981
YFU,4,34,494,47,10,0.11740890688259109,0.2,0.10962550607287447,0.015357792625983867,0.32338308457711445,False,0.145748987854251,450,0.5,0.10885627530364372,0.014946477941896182,0.024875621890547265,True,0.02834008097165991
YFU,4,35,494,47,10,0.10931174089068826,0.2,0.11001012145748987,0.015730700665314498,0.527363184079602,False,0.13157894736842105,450,0.2,0.11015182186234819,0.014873059173315833,0.08955223880597014,False,0.02226720647773278
YFU,4,36,494,47,10,0.10728744939271255,0.2,0.10814777327935221,0.017183200287314793,0.5621890547263682,False,0.1214574898785425,90,0.8,0.10796558704453442,0.016465790737273504,0.23880597014925373,False,0.014170040485829954
YFU,4,37,494,47,10,0.10728744939271255,0.2,0.1085931174089069,0.01629560816114148,0.5472636815920398,False,0.13157894736842105,150,0.2,0.11235829959514171,0.01635123960819814,0.1044776119402985,False,0.024291497975708495
YFU,4,38,494,47,10,0.09716599190283401,0.2,0.11173076923076923,0.01727196159085757,0.835820895522388,False,0.12550607287449392,180,0.5,0.10892712550607288,0.015684545773381173,0.14925373134328357,False,0.02834008097165991
YFU,4,39,494,47,10,0.12753036437246965,0.2,0.10924089068825911,0.016058184922659313,0.15920398009950248,False,0.1437246963562753,450,0.2,0.11134615384615384,0.017351418199434886,0.05970149253731343,False,0.016194331983805654
YFU,4,40,494,47,10,0.10526315789473684,0.2,0.10904858299595141,0.016754681538570952,0.6019900497512438,False,0.13157894736842105,450,0.2,0.1083502024291498,0.016039657527106812,0.0945273631840796,False,0.02631578947368421
YFU,4,41,494,47,10,0.12753036437246965,0.2,0.11013157894736843,0.0165242390156794,0.15920398009950248,False,0.13765182186234817,450,0.2,0.10932186234817813,0.015418544816145033,0.024875621890547265,True,0.010121457489878527
YFU,4,42,494,47,10,0.10121457489878542,0.2,0.108582995951417,0.016847497685228786,0.6616915422885572,False,0.13562753036437247,450,0.8,0.10922064777327936,0.016322627600124113,0.06965174129353234,False,0.03441295546558705
YFU,4,43,494,47,10,0.1194331983805668,0.2,0.10989878542510122,0.016797985193633423,0.3283582089552239,False,0.14777327935222673,450,0.2,0.10998987854251013,0.016500769739314296,0.024875621890547265,True,0.028340080971659923
YFU,4,44,494,47,10,0.11336032388663968,0.2,0.10991902834008098,0.01719944542813547,0.4228855721393035,False,0.13765182186234817,450,0.2,0.1101417004048583,0.016289658502203413,0.05472636815920398,False,0.024291497975708495
YFU,4,45,494,47,10,0.0931174089068826,0.5,0.10973684210526315,0.016842057824872275,0.845771144278607,False,0.13157894736842105,450,0.2,0.10910931174089068,0.01628183184992107,0.1044776119402985,False,0.03846153846153845
YFU,4,46,494,47,10,0.11336032388663968,0.2,0.10794534412955466,0.016381360419388213,0.4129353233830846,False,0.1437246963562753,450,0.2,0.10896761133603239,0.015010640850682957,0.024875621890547265,True,0.030364372469635623
YFU,4,47,494,47,10,0.10323886639676114,0.8,0.1103744939271255,0.016820461361971222,0.6716417910447762,False,0.12348178137651822,300,0.5,0.10876518218623482,0.01593891254306626,0.19402985074626866,False,0.020242914979757082
YFU,4,48,494,47,10,0.0931174089068826,0.2,0.11039473684210525,0.017493695453583525,0.845771144278607,False,0.13562753036437247,180,0.8,0.10983805668016196,0.01692943318545076,0.07462686567164178,False,0.04251012145748988
YFU,4,49,494,47,10,0.11740890688259109,0.2,0.10715587044534412,0.016459286452263827,0.2736318407960199,False,0.12955465587044535,450,0.5,0.10846153846153847,0.016354214523836577,0.12437810945273632,False,0.012145748987854255
YFU,4,50,494,47,10,0.09919028340080972,0.2,0.10701417004048583,0.015558380457866864,0.7512437810945274,False,0.14979757085020243,450,0.8,0.10939271255060729,0.01570219391987758,0.004975124378109453,True,0.050607287449392704
YFU,4,51,494,47,10,0.09716599190283401,0.8,0.11111336032388663,0.016939829595312043,0.7611940298507462,False,0.1194331983805668,450,0.8,0.10896761133603239,0.014788130334075654,0.26865671641791045,False,0.022267206477732795
YFU,4,52,494,47,10,0.11538461538461539,0.2,0.10812753036437246,0.017684986879856594,0.3582089552238806,False,0.14777327935222673,450,0.2,0.10926113360323887,0.015340808698052882,0.014925373134328358,True,0.032388663967611336
YFU,4,53,494,47,10,0.0951417004048583,0.2,0.10808704453441295,0.016372508589224455,0.8109452736318408,False,0.13562753036437247,150,0.2,0.11035425101214576,0.016983761474748844,0.08955223880597014,False,0.04048582995951418
YFU,4,54,494,47,10,0.10526315789473684,0.5,0.10789473684210528,0.016748154202488562,0.5621890547263682,False,0.13360323886639677,450,0.8,0.10955465587044534,0.016181051662069908,0.0845771144278607,False,0.028340080971659937
YFU,4,55,494,47,10,0.10728744939271255,0.2,0.10949392712550607,0.017746489278854857,0.5621890547263682,False,0.1396761133603239,450,0.8,0.11009109311740892,0.0162040912906172,0.05970149253731343,False,0.03238866396761135
YFU,4,56,494,47,10,0.09716599190283401,0.2,0.1093421052631579,0.0162241570970048,0.7761194029850746,False,0.13157894736842105,450,0.8,0.10926113360323886,0.016100522624920805,0.1044776119402985,False,0.034412955465587036
YFU,4,57,494,47,10,0.1214574898785425,0.2,0.10888663967611337,0.01766438020911553,0.23383084577114427,False,0.12550607287449392,60,0.5,0.11089068825910932,0.016790101155189183,0.23383084577114427,False,0.004048582995951414
YFU,4,58,494,47,10,0.10121457489878542,0.2,0.10980769230769231,0.01656829412375541,0.7313432835820896,False,0.13157894736842105,450,0.5,0.11055668016194332,0.01582217057060893,0.09950248756218906,False,0.030364372469635623
YFU,4,59,494,47,10,0.09109311740890688,0.2,0.10992914979757085,0.016463189331635573,0.8955223880597015,False,0.12550607287449392,150,0.5,0.11204453441295546,0.01655741881142044,0.24378109452736318,False,0.034412955465587036
YFU,4,60,494,47,10,0.0951417004048583,0.8,0.10923076923076923,0.01669747158202817,0.835820895522388,False,0.1214574898785425,450,0.8,0.10968623481781375,0.016280665116345124,0.22885572139303484,False,0.02631578947368421
YFU,4,61,494,47,10,0.10121457489878542,0.2,0.11002024291497975,0.016915451806485203,0.7114427860696517,False,0.12955465587044535,450,0.5,0.11128542510121457,0.017328784043882318,0.14427860696517414,False,0.028340080971659923
YFU,4,62,494,47,10,0.12348178137651822,0.2,0.10987854251012145,0.01749285086763183,0.24378109452736318,False,0.12753036437246965,450,0.5,0.10887651821862349,0.015716661749135157,0.16417910447761194,False,0.0040485829959514275
YFU,4,63,494,47,10,0.10323886639676114,0.8,0.10845141700404859,0.01849228045035567,0.6119402985074627,False,0.13360323886639677,225,0.2,0.108917004048583,0.015656040480245277,0.06467661691542288,False,0.030364372469635637
YFU,4,64,494,47,10,0.08299595141700405,0.2,0.10850202429149798,0.017770619288683127,0.9601990049751243,False,0.11740890688259109,300,0.5,0.10920040485829961,0.015207016904895534,0.3333333333333333,False,0.034412955465587036
YFU,4,65,494,47,10,0.0951417004048583,0.2,0.10993927125506073,0.01633787571812791,0.835820895522388,False,0.12955465587044535,450,0.2,0.11124493927125506,0.01559753368620849,0.14925373134328357,False,0.03441295546558705
YFU,4,66,494,47,10,0.0951417004048583,0.8,0.10928137651821862,0.016316545817298363,0.8507462686567164,False,0.1437246963562753,450,0.2,0.10875506072874494,0.01622220240756633,0.024875621890547265,True,0.048582995951417005
YFU,4,67,494,47,10,0.11133603238866396,0.2,0.11112348178137652,0.016605413459646376,0.5422885572139303,False,0.13562753036437247,180,0.2,0.11048582995951417,0.015366187096159832,0.06467661691542288,False,0.02429149797570851
YFU,4,68,494,47,10,0.08704453441295547,0.2,0.10943319838056681,0.01534644861448011,0.945273631840796,False,0.13765182186234817,60,0.2,0.11177125506072874,0.016072924842984296,0.0845771144278607,False,0.050607287449392704
YFU,4,69,494,47,10,0.09919028340080972,0.2,0.109665991902834,0.01691872307282256,0.7313432835820896,False,0.13157894736842105,450,0.2,0.10902834008097166,0.015521758730773662,0.09950248756218906,False,0.03238866396761132
YFU,4,70,494,47,10,0.11740890688259109,0.8,0.10961538461538463,0.016204183421475362,0.3482587064676617,False,0.1417004048582996,180,0.2,0.11079959514170039,0.015538250017455167,0.029850746268656716,True,0.02429149797570851
YFU,5,6,494,47,10,0.11336032388663968,0.2,0.1097570850202429,0.016890368320551633,0.4228855721393035,False,0.12753036437246965,100,0.2,0.11071862348178137,0.018166214343588533,0.19402985074626866,False,0.014170040485829968
YFU,5,7,494,47,10,0.11336032388663968,0.8,0.11025303643724697,0.01639636239896374,0.4577114427860697,False,0.11336032388663968,900,0.8,0.11029352226720647,0.016410296661694437,0.44776119402985076,False,0.0
YFU,5,8,494,47,10,0.10526315789473684,0.5,0.10987854251012145,0.015380653023764401,0.6119402985074627,False,0.12955465587044535,300,0.2,0.10948380566801619,0.01700775078301392,0.13930348258706468,False,0.02429149797570851
YFU,5,9,494,47,10,0.10728744939271255,0.8,0.10969635627530366,0.016819791094877457,0.5771144278606966,False,0.11538461538461539,225,0.2,0.1101923076923077,0.01722645474297366,0.39800995024875624,False,0.008097165991902841
YFU,5,10,494,47,10,0.08299595141700405,0.2,0.11115384615384617,0.017698851915401347,0.9552238805970149,False,0.10728744939271255,300,0.5,0.1118927125506073,0.018123930235575552,0.6169154228855721,False,0.024291497975708495
YFU,5,11,494,47,10,0.12348178137651822,0.2,0.1099493927125506,0.018009543951030122,0.23880597014925373,False,0.12550607287449392,90,0.2,0.11051619433198379,0.015690724882564927,0.1791044776119403,False,0.0020242914979757
YFU,5,12,494,47,10,0.0931174089068826,0.5,0.11010121457489878,0.017574624805548195,0.835820895522388,False,0.10728744939271255,90,0.2,0.10921052631578947,0.01713797741228248,0.5621890547263682,False,0.014170040485829954
YFU,5,21,494,47,10,0.12550607287449392,0.2,0.11143724696356275,0.016590963552635805,0.21393034825870647,False,0.13765182186234817,100,0.2,0.10973684210526315,0.016319211607961855,0.06467661691542288,False,0.012145748987854255
YFU,5,22,494,47,10,0.14777327935222673,0.8,0.11072874493927126,0.01772769362366196,0.03980099502487562,True,0.14777327935222673,900,0.8,0.11072874493927126,0.01772769362366196,0.03980099502487562,True,0.0
YFU,5,23,494,47,10,0.12955465587044535,0.2,0.11004048582995951,0.016139614189424528,0.13432835820895522,False,0.13562753036437247,450,0.2,0.11095141700404859,0.016500910130388388,0.07960199004975124,False,0.006072874493927127
YFU,5,24,494,47,10,0.0931174089068826,0.2,0.10972672064777328,0.015907342373788654,0.8706467661691543,False,0.13765182186234817,90,0.8,0.10827935222672064,0.015851182540115492,0.03482587064676617,True,0.04453441295546558
YFU,5,25,494,47,10,0.10526315789473684,0.8,0.10927125506072873,0.01718742100826955,0.6417910447761194,False,0.13765182186234817,60,0.5,0.11229757085020242,0.017886047180519032,0.1044776119402985,False,0.032388663967611336
YFU,5,26,494,47,10,0.09716599190283401,0.5,0.11105263157894738,0.017008068595819634,0.8208955223880597,False,0.13562753036437247,100,0.2,0.11077935222672064,0.016090927652251764,0.09950248756218906,False,0.038461538461538464
YFU,5,27,494,47,10,0.08502024291497975,0.8,0.10962550607287451,0.017914989814459825,0.9353233830845771,False,0.11538461538461539,100,0.5,0.11025303643724696,0.01743946503282522,0.4129353233830846,False,0.030364372469635637
YFU,5,28,494,47,10,0.10526315789473684,0.2,0.10933198380566803,0.017323498287608013,0.5970149253731343,False,0.12550607287449392,180,0.8,0.10915991902834009,0.01883048518455013,0.19900497512437812,False,0.020242914979757082
YFU,5,29,494,47,10,0.11740890688259109,0.2,0.11040485829959515,0.0168117703021992,0.35323383084577115,False,0.13562753036437247,180,0.8,0.1097165991902834,0.016489188041622915,0.05472636815920398,False,0.018218623481781382
YFU,5,30,494,47,10,0.10323886639676114,0.5,0.11011133603238867,0.016768916691639952,0.6616915422885572,False,0.13562753036437247,75,0.8,0.10964574898785426,0.015470915010637958,0.06467661691542288,False,0.032388663967611336
YFU,5,31,494,47,10,0.14979757085020243,0.2,0.11017206477732795,0.016449725491483387,0.014925373134328358,True,0.15182186234817813,300,0.2,0.11087044534412957,0.017200295442370915,0.029850746268656716,True,0.0020242914979757
YFU,5,32,494,47,10,0.10931174089068826,0.8,0.10917004048582996,0.016320372431573638,0.5223880597014925,False,0.145748987854251,180,0.2,0.1096255060728745,0.015883765362655972,0.014925373134328358,True,0.036437246963562736
YFU,5,33,494,47,10,0.10728744939271255,0.8,0.11043522267206476,0.01699796529571228,0.5522388059701493,False,0.14979757085020243,225,0.2,0.10828947368421053,0.01670876102328174,0.014925373134328358,True,0.04251012145748988
YFU,5,34,494,47,10,0.1396761133603239,0.5,0.11011133603238867,0.01538297902652779,0.029850746268656716,True,0.16396761133603238,60,0.5,0.11048582995951417,0.017241727605441803,0.004975124378109453,True,0.02429149797570848
YFU,5,35,494,47,10,0.12753036437246965,0.8,0.10987854251012147,0.017616018184465364,0.15920398009950248,False,0.13765182186234817,150,0.8,0.1106174089068826,0.01631076476068485,0.04975124378109453,True,0.010121457489878527
YFU,5,36,494,47,10,0.1214574898785425,0.2,0.10892712550607289,0.017012123971205596,0.263681592039801,False,0.12550607287449392,75,0.8,0.11023279352226721,0.015758427369410404,0.18407960199004975,False,0.004048582995951414
YFU,5,37,494,47,10,0.1194331983805668,0.2,0.10824898785425102,0.01642529728566988,0.27860696517412936,False,0.1194331983805668,450,0.5,0.11022267206477732,0.01761203171173524,0.2935323383084577,False,0.0
YFU,5,38,494,47,10,0.12753036437246965,0.8,0.11270242914979757,0.019363156004540482,0.25870646766169153,False,0.12753036437246965,75,0.2,0.11220647773279353,0.016677320859047533,0.16417910447761194,False,0.0
YFU,5,39,494,47,10,0.1437246963562753,0.2,0.11039473684210527,0.016714774013014966,0.029850746268656716,True,0.15587044534412955,90,0.2,0.10953441295546558,0.01731018018295253,0.009950248756218905,True,0.012145748987854255
YFU,5,40,494,47,10,0.1214574898785425,0.2,0.11229757085020242,0.018625977702204644,0.30845771144278605,False,0.15991902834008098,90,0.2,0.11162955465587045,0.018247870853730988,0.004975124378109453,True,0.03846153846153848
YFU,5,41,494,47,10,0.11133603238866396,0.2,0.11,0.015410452794418935,0.47761194029850745,False,0.14979757085020243,90,0.2,0.11016194331983806,0.017341758358909835,0.01990049751243781,True,0.038461538461538464
YFU,5,42,494,47,10,0.09716599190283401,0.5,0.10731781376518218,0.01673398137217141,0.7412935323383084,False,0.1396761133603239,90,0.2,0.10859311740890687,0.018048742069510775,0.05472636815920398,False,0.04251012145748989
YFU,5,43,494,47,10,0.12753036437246965,0.5,0.11092105263157893,0.016073462914661992,0.19402985074626866,False,0.1659919028340081,150,0.2,0.11157894736842104,0.016877440479417062,0.009950248756218905,True,0.038461538461538464
YFU,5,44,494,47,10,0.1194331983805668,0.5,0.11116396761133604,0.01742399027399607,0.3034825870646766,False,0.14777327935222673,90,0.2,0.11235829959514171,0.015157919423171151,0.029850746268656716,True,0.028340080971659923
YFU,5,45,494,47,10,0.09919028340080972,0.2,0.11124493927125506,0.019141067709718372,0.746268656716418,False,0.1214574898785425,180,0.2,0.11117408906882592,0.01812781833640585,0.29850746268656714,False,0.02226720647773278
YFU,5,46,494,47,10,0.12550607287449392,0.5,0.10929149797570852,0.015360329881711113,0.15920398009950248,False,0.1417004048582996,75,0.5,0.10871457489878543,0.015757120602410354,0.01990049751243781,True,0.016194331983805682
YFU,5,47,494,47,10,0.10121457489878542,0.2,0.10933198380566803,0.017123841627441704,0.7014925373134329,False,0.12955465587044535,75,0.5,0.11038461538461539,0.015396375979588553,0.13432835820895522,False,0.028340080971659923
YFU,5,48,494,47,10,0.1214574898785425,0.8,0.11182186234817813,0.017452876207112587,0.3283582089552239,False,0.13360323886639677,180,0.2,0.11027327935222672,0.016777559378432585,0.11940298507462686,False,0.012145748987854268
YFU,5,49,494,47,10,0.15384615384615385,0.2,0.10886639676113362,0.016230099049124504,0.009950248756218905,True,0.15384615384615385,900,0.2,0.10886639676113362,0.016230099049124504,0.009950248756218905,True,0.0
YFU,5,50,494,47,10,0.12753036437246965,0.5,0.10816801619433197,0.016472417461851074,0.11940298507462686,False,0.13360323886639677,150,0.2,0.11070850202429149,0.017522525235510993,0.11442786069651742,False,0.006072874493927127
YFU,5,51,494,47,10,0.13360323886639677,0.5,0.11067813765182187,0.017367360751624025,0.11940298507462686,False,0.13360323886639677,900,0.5,0.11067813765182187,0.017367360751624025,0.11940298507462686,False,0.0
YFU,5,52,494,47,10,0.09716599190283401,0.5,0.11016194331983804,0.016622718805251784,0.8059701492537313,False,0.1659919028340081,100,0.2,0.11173076923076923,0.01864449732375787,0.004975124378109453,True,0.0688259109311741
YFU,5,53,494,47,10,0.12550607287449392,0.2,0.10827935222672064,0.01755492963882444,0.1791044776119403,False,0.145748987854251,180,0.2,0.11075910931174089,0.016843020624737356,0.024875621890547265,True,0.020242914979757082
YFU,5,54,494,47,10,0.1214574898785425,0.8,0.10919028340080972,0.015615138412728411,0.22885572139303484,False,0.14979757085020243,450,0.2,0.10894736842105264,0.016260013690862524,0.009950248756218905,True,0.028340080971659923
YFU,5,55,494,47,10,0.10526315789473684,0.2,0.10919028340080972,0.018167849370366588,0.582089552238806,False,0.1396761133603239,225,0.8,0.10968623481781378,0.016895143630027695,0.05472636815920398,False,0.034412955465587064
YFU,5,56,494,47,10,0.09716599190283401,0.2,0.10918016194331984,0.01612051296928014,0.8009950248756219,False,0.15384615384615385,60,0.2,0.10896761133603239,0.019768524316858646,0.024875621890547265,True,0.056680161943319846
YFU,5,57,494,47,10,0.13360323886639677,0.8,0.11030364372469637,0.017389935816245403,0.09950248756218906,False,0.14777327935222673,180,0.2,0.10944331983805668,0.01672364168918729,0.024875621890547265,True,0.014170040485829954
YFU,5,58,494,47,10,0.11336032388663968,0.2,0.11155870445344128,0.017012608130527757,0.4626865671641791,False,0.14777327935222673,75,0.8,0.10964574898785426,0.017160824234664158,0.01990049751243781,True,0.03441295546558705
YFU,5,59,494,47,10,0.09109311740890688,0.8,0.11045546558704453,0.01737641681272545,0.8855721393034826,False,0.11538461538461539,180,0.2,0.1122165991902834,0.01578686192089882,0.417910447761194,False,0.02429149797570851
YFU,5,60,494,47,10,0.10323886639676114,0.8,0.10799595141700405,0.017093463110060894,0.6318407960199005,False,0.1417004048582996,225,0.2,0.10851214574898785,0.016792231927133628,0.024875621890547265,True,0.038461538461538464
YFU,5,61,494,47,10,0.11336032388663968,0.5,0.11161943319838055,0.01707452747968168,0.472636815920398,False,0.12955465587044535,75,0.5,0.10932186234817813,0.017101589593173643,0.12935323383084577,False,0.016194331983805668
YFU,5,62,494,47,10,0.10728744939271255,0.5,0.11054655870445344,0.019597664861572328,0.572139303482587,False,0.17611336032388664,150,0.2,0.10992914979757085,0.017775482484381395,0.004975124378109453,True,0.06882591093117409
YFU,5,63,494,47,10,0.12753036437246965,0.8,0.10977732793522268,0.016571043679156603,0.16417910447761194,False,0.15182186234817813,225,0.2,0.10676113360323886,0.016592812750924002,0.004975124378109453,True,0.02429149797570848
YFU,5,64,494,47,10,0.11538461538461539,0.2,0.10930161943319838,0.01828518427084704,0.4079601990049751,False,0.1214574898785425,75,0.8,0.11041497975708502,0.018431336658322313,0.30845771144278605,False,0.006072874493927113
YFU,5,65,494,47,10,0.13360323886639677,0.2,0.10912955465587046,0.017172114834825888,0.0945273631840796,False,0.13765182186234817,150,0.2,0.10894736842105264,0.016435101115597088,0.05472636815920398,False,0.0040485829959514
YFU,5,66,494,47,10,0.12955465587044535,0.2,0.108582995951417,0.015290528191950304,0.0945273631840796,False,0.12955465587044535,225,0.2,0.10897773279352226,0.016702326699522166,0.13432835820895522,False,0.0
YFU,5,67,494,47,10,0.1417004048582996,0.2,0.11015182186234818,0.016221364611416614,0.03980099502487562,True,0.1417004048582996,900,0.2,0.11015182186234818,0.016221364611416614,0.03980099502487562,True,0.0
YFU,5,68,494,47,10,0.10323886639676114,0.2,0.10937246963562754,0.01771596962970462,0.6069651741293532,False,0.1396761133603239,100,0.5,0.11002024291497975,0.01663682242177819,0.04477611940298507,True,0.036437246963562764
YFU,5,69,494,47,10,0.11336032388663968,0.5,0.10873481781376519,0.0165507359190099,0.39800995024875624,False,0.15182186234817813,90,0.2,0.10950404858299595,0.016326790169840222,0.004975124378109453,True,0.03846153846153845
YFU,5,70,494,47,10,0.11336032388663968,0.8,0.10898785425101215,0.015879023065819845,0.42786069651741293,False,0.14979757085020243,90,0.5,0.11084008097165991,0.01624447699456967,0.024875621890547265,True,0.03643724696356275
YFU,6,7,494,47,10,0.07692307692307693,0.5,0.11032388663967611,0.017250849619446892,0.9701492537313433,False,0.11336032388663968,75,0.8,0.10960526315789472,0.016324015241300758,0.4577114427860697,False,0.03643724696356275
YFU,6,8,494,47,10,0.0931174089068826,0.2,0.1095242914979757,0.016177026616197215,0.8407960199004975,False,0.10728744939271255,225,0.8,0.11015182186234818,0.01662633252631994,0.6318407960199005,False,0.014170040485829954
YFU,6,9,494,47,10,0.0951417004048583,0.8,0.1087854251012146,0.017433988420655386,0.8109452736318408,False,0.12348178137651822,180,0.5,0.1120242914979757,0.016365643240417317,0.263681592039801,False,0.028340080971659923
YFU,6,10,494,47,10,0.08502024291497975,0.2,0.11138663967611336,0.016894363582369575,0.9402985074626866,False,0.1194331983805668,300,0.8,0.11017206477732794,0.0158049300003413,0.2835820895522388,False,0.03441295546558705
YFU,6,11,494,47,10,0.09919028340080972,0.2,0.11022267206477732,0.017264869488652072,0.736318407960199,False,0.12348178137651822,450,0.8,0.10970647773279353,0.017010075219557986,0.24378109452736318,False,0.024291497975708495
YFU,6,12,494,47,10,0.09716599190283401,0.5,0.1093825910931174,0.015986213692990154,0.7810945273631841,False,0.12348178137651822,225,0.5,0.10993927125506073,0.015013768250449656,0.21393034825870647,False,0.02631578947368421
YFU,6,21,494,47,10,0.1194331983805668,0.8,0.11086032388663966,0.017497344067165483,0.31840796019900497,False,0.13157894736842105,300,0.2,0.11040485829959515,0.017225573145664475,0.14427860696517414,False,0.01214574898785424
YFU,6,22,494,47,10,0.10728744939271255,0.5,0.11011133603238867,0.01696061240254702,0.5771144278606966,False,0.13765182186234817,450,0.8,0.10932186234817813,0.016888341377162802,0.04975124378109453,True,0.030364372469635623
YFU,6,23,494,47,10,0.10526315789473684,0.5,0.1099493927125506,0.01744737429913903,0.6169154228855721,False,0.1396761133603239,450,0.8,0.10941295546558705,0.016428822826201794,0.04975124378109453,True,0.034412955465587064
YFU,6,24,494,47,10,0.11538461538461539,0.5,0.10946356275303643,0.015391062079602755,0.34328358208955223,False,0.13360323886639677,90,0.2,0.10757085020242915,0.016024376217389533,0.05970149253731343,False,0.018218623481781382
YFU,6,25,494,47,10,0.10728744939271255,0.2,0.11037449392712549,0.016529023552621654,0.5870646766169154,False,0.13360323886639677,450,0.5,0.10842105263157893,0.017757450988031727,0.0945273631840796,False,0.026315789473684223
YFU,6,26,494,47,10,0.10728744939271255,0.2,0.1102327935222672,0.016922812027000744,0.6019900497512438,False,0.1214574898785425,450,0.5,0.10869433198380567,0.015422150292299834,0.22388059701492538,False,0.014170040485829954
YFU,6,27,494,47,10,0.0951417004048583,0.8,0.10844129554655871,0.016101894238747985,0.7810945273631841,False,0.12348178137651822,100,0.2,0.11219635627530364,0.016295026877595042,0.263681592039801,False,0.028340080971659923
YFU,6,28,494,47,10,0.11538461538461539,0.2,0.10904858299595142,0.016853937675904145,0.3781094527363184,False,0.12348178137651822,90,0.2,0.10941295546558705,0.016888649244383165,0.24875621890547264,False,0.008097165991902827
YFU,6,29,494,47,10,0.11538461538461539,0.2,0.11118421052631579,0.015783418036895522,0.4129353233830846,False,0.12550607287449392,180,0.2,0.11094129554655868,0.017039103921535792,0.19900497512437812,False,0.010121457489878527
YFU,6,30,494,47,10,0.10323886639676114,0.2,0.10881578947368421,0.017657276625572847,0.6019900497512438,False,0.12955465587044535,75,0.2,0.10992914979757085,0.01564090769492551,0.11940298507462686,False,0.02631578947368421
YFU,6,31,494,47,10,0.12348178137651822,0.2,0.11027327935222672,0.01721731980417401,0.22885572139303484,False,0.12348178137651822,450,0.8,0.10956477732793524,0.016417773602232594,0.22388059701492538,False,0.0
YFU,6,32,494,47,10,0.11133603238866396,0.5,0.11015182186234818,0.015006754697353308,0.48756218905472637,False,0.12550607287449392,225,0.5,0.10898785425101215,0.016119698630106403,0.16417910447761194,False,0.014170040485829954
YFU,6,33,494,47,10,0.0951417004048583,0.8,0.10924089068825911,0.016473417490610705,0.8059701492537313,False,0.1437246963562753,180,0.8,0.10965587044534413,0.015535112221049304,0.01990049751243781,True,0.048582995951417005
YFU,6,34,494,47,10,0.1437246963562753,0.8,0.10860323886639676,0.017109116467837512,0.024875621890547265,True,0.1437246963562753,60,0.2,0.11187246963562752,0.016603032370259806,0.04975124378109453,True,0.0
YFU,6,35,494,47,10,0.11133603238866396,0.8,0.11017206477732794,0.017507297382215,0.5024875621890548,False,0.1194331983805668,100,0.8,0.11029352226720648,0.01789415031314488,0.34328358208955223,False,0.008097165991902841
YFU,6,36,494,47,10,0.11133603238866396,0.2,0.10961538461538461,0.018244883048028366,0.48756218905472637,False,0.1417004048582996,300,0.5,0.10809716599190283,0.017235324986136898,0.029850746268656716,True,0.030364372469635637
YFU,6,37,494,47,10,0.10121457489878542,0.5,0.10783400809716599,0.017384867051748198,0.6865671641791045,False,0.1214574898785425,180,0.5,0.11120445344129554,0.01685365361055602,0.27860696517412936,False,0.020242914979757082
YFU,6,38,494,47,10,0.10323886639676114,0.8,0.11200404858299595,0.016785133413686905,0.6965174129353234,False,0.13360323886639677,100,0.8,0.1108097165991903,0.017155378701190393,0.1044776119402985,False,0.030364372469635637
YFU,6,39,494,47,10,0.14777327935222673,0.8,0.1081072874493927,0.01734382135724362,0.029850746268656716,True,0.14979757085020243,450,0.8,0.10982793522267208,0.01827335593970115,0.024875621890547265,True,0.0020242914979757
YFU,6,40,494,47,10,0.11336032388663968,0.5,0.11136639676113362,0.015908869787042205,0.46766169154228854,False,0.13360323886639677,100,0.2,0.1099089068825911,0.018131722638613956,0.0845771144278607,False,0.020242914979757096
YFU,6,41,494,47,10,0.10728744939271255,0.2,0.10937246963562754,0.017242384456135896,0.5572139303482587,False,0.12348178137651822,60,0.8,0.10869433198380567,0.016464440058725275,0.19900497512437812,False,0.016194331983805668
YFU,6,42,494,47,10,0.10728744939271255,0.2,0.10961538461538461,0.01639117796597866,0.5970149253731343,False,0.13157894736842105,450,0.8,0.10934210526315791,0.016436000055531204,0.1044776119402985,False,0.024291497975708495
YFU,6,43,494,47,10,0.11336032388663968,0.8,0.11134615384615384,0.016758598562985644,0.472636815920398,False,0.1417004048582996,75,0.5,0.11169028340080972,0.014799721422760105,0.024875621890547265,True,0.028340080971659923
YFU,6,44,494,47,10,0.09716599190283401,0.8,0.10884615384615386,0.0165299858995686,0.7611940298507462,False,0.13360323886639677,450,0.5,0.10913967611336033,0.015650883818015274,0.0845771144278607,False,0.036437246963562764
YFU,6,45,494,47,10,0.10728744939271255,0.8,0.10998987854251013,0.017564648094927766,0.5771144278606966,False,0.13360323886639677,450,0.8,0.10808704453441295,0.017888303535013764,0.09950248756218906,False,0.026315789473684223
YFU,6,46,494,47,10,0.11538461538461539,0.8,0.1098582995951417,0.017644691866457545,0.38308457711442784,False,0.1396761133603239,180,0.2,0.112165991902834,0.016505651527517814,0.06467661691542288,False,0.02429149797570851
YFU,6,47,494,47,10,0.11740890688259109,0.8,0.11021255060728745,0.01648506335552421,0.3383084577114428,False,0.12348178137651822,75,0.8,0.10880566801619435,0.017099485328085272,0.20398009950248755,False,0.006072874493927127
YFU,6,48,494,47,10,0.10728744939271255,0.2,0.11058704453441295,0.016311285518410438,0.6169154228855721,False,0.13360323886639677,60,0.8,0.10972672064777328,0.01710977540075487,0.09950248756218906,False,0.026315789473684223
YFU,6,49,494,47,10,0.13562753036437247,0.5,0.10915991902834009,0.016617239438206054,0.06467661691542288,False,0.1396761133603239,450,0.2,0.10941295546558705,0.016427569387363762,0.024875621890547265,True,0.0040485829959514275
YFU,6,50,494,47,10,0.1214574898785425,0.2,0.10922064777327936,0.016524488244509025,0.2736318407960199,False,0.12753036437246965,225,0.2,0.10925101214574898,0.016308255422200085,0.13432835820895522,False,0.006072874493927141
YFU,6,51,494,47,10,0.1214574898785425,0.8,0.11065789473684211,0.016113102563438113,0.26865671641791045,False,0.1214574898785425,900,0.8,0.11065789473684211,0.016113102563438113,0.26865671641791045,False,0.0
YFU,6,52,494,47,10,0.11133603238866396,0.2,0.10848178137651822,0.016642316994230355,0.43781094527363185,False,0.1437246963562753,450,0.2,0.10880566801619435,0.01744167585680444,0.029850746268656716,True,0.032388663967611336
YFU,6,53,494,47,10,0.10121457489878542,0.2,0.10898785425101215,0.018953110998673806,0.6716417910447762,False,0.14777327935222673,180,0.2,0.11138663967611336,0.017284761142423073,0.029850746268656716,True,0.046558704453441305
YFU,6,54,494,47,10,0.1214574898785425,0.5,0.10959514170040487,0.017413661201154732,0.2537313432835821,False,0.12550607287449392,300,0.2,0.10893724696356274,0.01655409480616852,0.18407960199004975,False,0.004048582995951414
YFU,6,55,494,47,10,0.10728744939271255,0.8,0.10973684210526315,0.016677419635958923,0.582089552238806,False,0.1437246963562753,450,0.2,0.10922064777327936,0.017175840752597097,0.03482587064676617,True,0.03643724696356275
YFU,6,56,494,47,10,0.0951417004048583,0.8,0.10969635627530364,0.016876012931581745,0.7860696517412935,False,0.13157894736842105,100,0.5,0.11057692307692309,0.01758358290293513,0.14427860696517414,False,0.03643724696356275
YFU,6,57,494,47,10,0.10526315789473684,0.2,0.11109311740890687,0.017034103023298528,0.7114427860696517,False,0.14777327935222673,180,0.2,0.11065789473684212,0.016123322921919696,0.014925373134328358,True,0.04251012145748989
YFU,6,58,494,47,10,0.10121457489878542,0.8,0.11068825910931174,0.017663412634182207,0.7263681592039801,False,0.1396761133603239,180,0.8,0.11069838056680162,0.015945199705085556,0.03482587064676617,True,0.03846153846153848
YFU,6,59,494,47,10,0.0951417004048583,0.5,0.10861336032388663,0.0162319227571514,0.8009950248756219,False,0.12348178137651822,60,0.5,0.10870445344129555,0.015262167343141755,0.20398009950248755,False,0.028340080971659923
YFU,6,60,494,47,10,0.11538461538461539,0.8,0.10993927125506074,0.017863528478607466,0.3880597014925373,False,0.1214574898785425,225,0.2,0.10946356275303643,0.01616752799269851,0.263681592039801,False,0.006072874493927113
YFU,6,61,494,47,10,0.10323886639676114,0.8,0.10943319838056681,0.017804931569471237,0.6567164179104478,False,0.12753036437246965,100,0.2,0.11162955465587043,0.017289478139140235,0.21890547263681592,False,0.02429149797570851
YFU,6,62,494,47,10,0.11740890688259109,0.8,0.10931174089068825,0.017949327257739532,0.3482587064676617,False,0.15182186234817813,100,0.2,0.11195344129554656,0.01870459248449092,0.024875621890547265,True,0.034412955465587036
YFU,6,63,494,47,10,0.08704453441295547,0.2,0.10875506072874494,0.016894972997679943,0.9303482587064676,False,0.12348178137651822,450,0.5,0.1066902834008097,0.016838643262264575,0.18407960199004975,False,0.03643724696356275
YFU,6,64,494,47,10,0.12348178137651822,0.2,0.10975708502024291,0.016776605095865652,0.2537313432835821,False,0.12753036437246965,450,0.2,0.10992914979757085,0.01572755871311051,0.14427860696517414,False,0.0040485829959514275
YFU,6,65,494,47,10,0.1214574898785425,0.8,0.10974696356275304,0.015719281901311027,0.2537313432835821,False,0.145748987854251,450,0.2,0.11084008097165993,0.015898537471918623,0.009950248756218905,True,0.024291497975708495
YFU,6,66,494,47,10,0.0951417004048583,0.8,0.11056680161943319,0.018018668664411493,0.8109452736318408,False,0.12753036437246965,450,0.5,0.10926113360323887,0.017193982186121937,0.1791044776119403,False,0.03238866396761135
YFU,6,67,494,47,10,0.10323886639676114,0.8,0.10954453441295549,0.016418074615767348,0.6467661691542289,False,0.1417004048582996,450,0.5,0.10946356275303643,0.016964302839869057,0.03980099502487562,True,0.038461538461538464
YFU,6,68,494,47,10,0.1194331983805668,0.2,0.10926113360323886,0.016789215042358998,0.263681592039801,False,0.1437246963562753,75,0.2,0.10889676113360323,0.015575074252313532,0.009950248756218905,True,0.024291497975708495
YFU,6,69,494,47,10,0.1214574898785425,0.2,0.10946356275303644,0.016062749334789517,0.24378109452736318,False,0.12550607287449392,180,0.2,0.11029352226720647,0.015449870948093644,0.16417910447761194,False,0.004048582995951414
YFU,6,70,494,47,10,0.11740890688259109,0.2,0.10969635627530364,0.017167557504891323,0.32338308457711445,False,0.15182186234817813,180,0.2,0.1130668016194332,0.01625448806649784,0.014925373134328358,True,0.034412955465587036
YFU,7,8,494,47,10,0.08704453441295547,0.5,0.11082995951417005,0.01606891756405926,0.9253731343283582,False,0.10728744939271255,180,0.2,0.10844129554655871,0.017159303259589902,0.5323383084577115,False,0.020242914979757082
YFU,7,9,494,47,10,0.09919028340080972,0.2,0.11091093117408907,0.016729196985903146,0.7860696517412935,False,0.09919028340080972,450,0.5,0.10904858299595141,0.015639739230063447,0.736318407960199,False,0.0
YFU,7,10,494,47,10,0.0951417004048583,0.5,0.11115384615384614,0.015023091716725343,0.8905472636815921,False,0.0951417004048583,900,0.2,0.11151821862348177,0.015257026019463453,0.8756218905472637,False,0.0
YFU,7,11,494,47,10,0.10526315789473684,0.8,0.10995951417004048,0.015872952934077294,0.6517412935323383,False,0.10728744939271255,75,0.2,0.11126518218623481,0.016320205252827655,0.6019900497512438,False,0.0020242914979757137
YFU,7,12,494,47,10,0.08097165991902834,0.2,0.10987854251012145,0.016185632314236493,0.9751243781094527,False,0.10728744939271255,90,0.2,0.10861336032388663,0.015960714866244556,0.5124378109452736,False,0.02631578947368421
YFU,7,21,494,47,10,0.09919028340080972,0.5,0.11081983805668016,0.015965100778480092,0.7860696517412935,False,0.10931174089068826,450,0.2,0.10965587044534413,0.015552334131429004,0.5223880597014925,False,0.010121457489878541
YFU,7,22,494,47,10,0.1194331983805668,0.2,0.11030364372469637,0.017186258840764898,0.3283582089552239,False,0.1194331983805668,900,0.2,0.11022267206477732,0.01714398399364323,0.3283582089552239,False,0.0
YFU,7,23,494,47,10,0.10526315789473684,0.2,0.11078947368421051,0.017862744608288135,0.6567164179104478,False,0.11740890688259109,60,0.2,0.11082995951417005,0.01747941440644783,0.3880597014925373,False,0.012145748987854255
YFU,7,24,494,47,10,0.09109311740890688,0.5,0.10982793522267206,0.015287777311789064,0.8805970149253731,False,0.1194331983805668,75,0.8,0.10980769230769231,0.015457226307191709,0.2537313432835821,False,0.028340080971659923
YFU,7,25,494,47,10,0.10728744939271255,0.2,0.10905870445344129,0.017032141545183514,0.6069651741293532,False,0.10728744939271255,900,0.2,0.10893724696356276,0.017084217888433114,0.5920398009950248,False,0.0
YFU,7,26,494,47,10,0.09716599190283401,0.2,0.110748987854251,0.016898205578342828,0.7810945273631841,False,0.11133603238866396,60,0.8,0.10986842105263157,0.01784916839646183,0.4577114427860697,False,0.014170040485829954
YFU,7,27,494,47,10,0.10526315789473684,0.2,0.10962550607287451,0.015788844422445998,0.6417910447761194,False,0.10728744939271255,450,0.2,0.10855263157894736,0.01654458863432689,0.5671641791044776,False,0.0020242914979757137
YFU,7,28,494,47,10,0.10323886639676114,0.2,0.10838056680161942,0.016388778315336843,0.6517412935323383,False,0.10931174089068826,450,0.5,0.10927125506072874,0.015628741508593485,0.5323383084577115,False,0.006072874493927127
YFU,7,29,494,47,10,0.11336032388663968,0.2,0.10960526315789472,0.017109895751058344,0.417910447761194,False,0.11538461538461539,180,0.5,0.11051619433198381,0.016495552583999835,0.4228855721393035,False,0.0020242914979757137
YFU,7,30,494,47,10,0.1194331983805668,0.2,0.10843117408906883,0.017303978417889918,0.2935323383084577,False,0.1396761133603239,450,0.2,0.1101821862348178,0.017352619738910727,0.03980099502487562,True,0.020242914979757096
YFU,7,31,494,47,10,0.11133603238866396,0.2,0.11010121457489878,0.017755305577711256,0.4975124378109453,False,0.11336032388663968,450,0.5,0.11075910931174089,0.01581266714300509,0.43283582089552236,False,0.0020242914979757137
YFU,7,32,494,47,10,0.10526315789473684,0.5,0.11127530364372468,0.01732340319459521,0.6666666666666666,False,0.1194331983805668,150,0.2,0.11079959514170042,0.015505083896999446,0.31840796019900497,False,0.014170040485829968
YFU,7,33,494,47,10,0.0951417004048583,0.8,0.11053643724696358,0.015194418606832303,0.8557213930348259,False,0.11336032388663968,90,0.2,0.1095242914979757,0.016558224059325777,0.40298507462686567,False,0.018218623481781382
YFU,7,34,494,47,10,0.12955465587044535,0.2,0.10996963562753036,0.015610255149134559,0.11442786069651742,False,0.12955465587044535,900,0.2,0.11003036437246962,0.015589082167745101,0.11442786069651742,False,0.0
YFU,7,35,494,47,10,0.10526315789473684,0.2,0.11242914979757085,0.015555948310236984,0.7014925373134329,False,0.10526315789473684,900,0.2,0.11245951417004049,0.01548544267520294,0.7064676616915423,False,0.0
YFU,7,36,494,47,10,0.10323886639676114,0.2,0.10927125506072873,0.016727190520941747,0.7014925373134329,False,0.11538461538461539,60,0.2,0.10981781376518217,0.016923970992768527,0.39800995024875624,False,0.012145748987854255
YFU,7,37,494,47,10,0.11133603238866396,0.2,0.10883603238866396,0.01676655882204965,0.4975124378109453,False,0.11336032388663968,75,0.2,0.11177125506072874,0.01648528819468138,0.46766169154228854,False,0.0020242914979757137
YFU,7,38,494,47,10,0.10728744939271255,0.8,0.10983805668016194,0.01655927175569976,0.5771144278606966,False,0.11538461538461539,60,0.8,0.11022267206477732,0.016683789511401526,0.417910447761194,False,0.008097165991902841
YFU,7,39,494,47,10,0.12348178137651822,0.8,0.11012145748987855,0.015699780772283945,0.208955223880597,False,0.13157894736842105,450,0.5,0.11075910931174089,0.017560075373817298,0.13432835820895522,False,0.008097165991902827
YFU,7,40,494,47,10,0.11133603238866396,0.5,0.11002024291497975,0.017232636610573525,0.5472636815920398,False,0.11336032388663968,900,0.5,0.10982793522267205,0.017331825816785443,0.4577114427860697,False,0.0020242914979757137
YFU,7,41,494,47,10,0.10728744939271255,0.2,0.11026315789473685,0.016200574041652812,0.582089552238806,False,0.11336032388663968,180,0.5,0.10887651821862349,0.015732376116584106,0.4129353233830846,False,0.006072874493927127
YFU,7,42,494,47,10,0.10931174089068826,0.2,0.11034412955465588,0.01689016106532501,0.572139303482587,False,0.10526315789473684,900,0.2,0.11036437246963562,0.01701160348456589,0.6666666666666666,False,-0.0040485829959514275
YFU,7,43,494,47,10,0.11336032388663968,0.8,0.11176113360323886,0.016904297357723197,0.4975124378109453,False,0.1194331983805668,60,0.2,0.11131578947368422,0.0158251798839223,0.29850746268656714,False,0.006072874493927127
YFU,7,44,494,47,10,0.10526315789473684,0.5,0.10978744939271255,0.0161713994189757,0.6318407960199005,False,0.11133603238866396,450,0.5,0.1082085020242915,0.015848334081043844,0.417910447761194,False,0.006072874493927127
YFU,7,45,494,47,10,0.10121457489878542,0.8,0.11016194331983806,0.016770712502689036,0.7213930348258707,False,0.10121457489878542,900,0.8,0.10994939271255061,0.016658873273700713,0.7263681592039801,False,0.0
YFU,7,46,494,47,10,0.11538461538461539,0.2,0.11008097165991902,0.017063090847857076,0.4228855721393035,False,0.11538461538461539,450,0.5,0.10818825910931175,0.015775274958750835,0.34328358208955223,False,0.0
YFU,7,47,494,47,10,0.07894736842105263,0.2,0.10982793522267206,0.016144662579254107,0.9800995024875622,False,0.1194331983805668,60,0.2,0.11018218623481783,0.016198794473965203,0.29850746268656714,False,0.04048582995951418
YFU,7,48,494,47,10,0.12348178137651822,0.2,0.111082995951417,0.01705751150240877,0.263681592039801,False,0.12348178137651822,900,0.2,0.11100202429149798,0.016992004045494297,0.2537313432835821,False,0.0
YFU,7,49,494,47,10,0.10931174089068826,0.5,0.11006072874493927,0.01580867204595212,0.5472636815920398,False,0.11740890688259109,60,0.2,0.11057692307692309,0.016344236188534266,0.3582089552238806,False,0.008097165991902827
YFU,7,50,494,47,10,0.08704453441295547,0.2,0.10968623481781375,0.016019283492858055,0.9402985074626866,False,0.11133603238866396,180,0.2,0.10903846153846153,0.016481290596669033,0.4925373134328358,False,0.024291497975708495
YFU,7,51,494,47,10,0.10526315789473684,0.2,0.11119433198380566,0.01621277152952651,0.6766169154228856,False,0.11538461538461539,75,0.5,0.11155870445344129,0.016597217728715967,0.4427860696517413,False,0.010121457489878555
YFU,7,52,494,47,10,0.0931174089068826,0.5,0.11036437246963562,0.01741947815351385,0.8606965174129353,False,0.10728744939271255,450,0.2,0.10807692307692308,0.015299615709744302,0.5422885572139303,False,0.014170040485829954
YFU,7,53,494,47,10,0.10121457489878542,0.8,0.1097672064777328,0.01692359076340394,0.7064676616915423,False,0.1194331983805668,75,0.5,0.11192307692307692,0.015310110123538116,0.34328358208955223,False,0.018218623481781382
YFU,7,54,494,47,10,0.10931174089068826,0.2,0.10836032388663966,0.0168644416775277,0.472636815920398,False,0.1194331983805668,450,0.2,0.10852226720647774,0.0166269672462623,0.24378109452736318,False,0.010121457489878541
YFU,7,55,494,47,10,0.09716599190283401,0.2,0.1104251012145749,0.016544977573753245,0.7960199004975125,False,0.11133603238866396,450,0.2,0.10912955465587046,0.015171759418065554,0.48258706467661694,False,0.014170040485829954
YFU,7,56,494,47,10,0.09919028340080972,0.8,0.11024291497975708,0.01677743971253417,0.7512437810945274,False,0.09919028340080972,900,0.8,0.11031376518218623,0.016751839202483847,0.746268656716418,False,0.0
YFU,7,57,494,47,10,0.1194331983805668,0.2,0.10965587044534413,0.016590169202841773,0.31343283582089554,False,0.12348178137651822,180,0.2,0.10933198380566803,0.017093752225001726,0.208955223880597,False,0.004048582995951414
YFU,7,58,494,47,10,0.09716599190283401,0.2,0.10979757085020242,0.01659529457235943,0.7412935323383084,False,0.10526315789473684,75,0.5,0.11136639676113362,0.017055748906946697,0.6567164179104478,False,0.008097165991902827
YFU,7,59,494,47,10,0.08299595141700405,0.8,0.11006072874493927,0.01689664572972981,0.9552238805970149,False,0.10121457489878542,90,0.8,0.1095242914979757,0.01777339717926793,0.6616915422885572,False,0.018218623481781368
YFU,7,60,494,47,10,0.0951417004048583,0.2,0.10946356275303644,0.01694365520528144,0.8159203980099502,False,0.09716599190283401,75,0.5,0.1102327935222672,0.015880783359026398,0.8059701492537313,False,0.0020242914979757137
YFU,7,61,494,47,10,0.09919028340080972,0.8,0.11065789473684211,0.016631285794792807,0.7661691542288557,False,0.11336032388663968,450,0.8,0.10983805668016196,0.014512828495039815,0.43781094527363185,False,0.014170040485829954
YFU,7,62,494,47,10,0.09109311740890688,0.2,0.11049595141700404,0.016523217138174916,0.8855721393034826,False,0.12348178137651822,100,0.2,0.1119736842105263,0.01644864890968286,0.2537313432835821,False,0.032388663967611336
YFU,7,63,494,47,10,0.10931174089068826,0.5,0.11,0.016023605183278587,0.572139303482587,False,0.11538461538461539,90,0.2,0.10889676113360323,0.016197253083242102,0.38308457711442784,False,0.006072874493927127
YFU,7,64,494,47,10,0.10526315789473684,0.2,0.11012145748987853,0.016630942209415266,0.6268656716417911,False,0.10931174089068826,900,0.2,0.11002024291497976,0.0164413519588722,0.527363184079602,False,0.0040485829959514275
YFU,7,65,494,47,10,0.10121457489878542,0.2,0.10878542510121457,0.01643570250246025,0.7064676616915423,False,0.1214574898785425,450,0.2,0.10945344129554656,0.015868736198692036,0.23383084577114427,False,0.020242914979757082
YFU,7,66,494,47,10,0.09919028340080972,0.5,0.11021255060728745,0.01608165987479883,0.7761194029850746,False,0.11336032388663968,75,0.5,0.11049595141700404,0.015427596968706523,0.4427860696517413,False,0.014170040485829954
YFU,7,67,494,47,10,0.10931174089068826,0.8,0.11001012145748987,0.015924549653141575,0.582089552238806,False,0.11336032388663968,90,0.8,0.11002024291497975,0.01585866339745542,0.42786069651741293,False,0.004048582995951414
YFU,7,68,494,47,10,0.08906882591093117,0.5,0.10969635627530364,0.016236733191585705,0.9154228855721394,False,0.11538461538461539,60,0.5,0.10950404858299595,0.015291278958211951,0.3582089552238806,False,0.026315789473684223
YFU,7,69,494,47,10,0.09716599190283401,0.2,0.10970647773279353,0.0172230117747987,0.7711442786069652,False,0.1214574898785425,60,0.2,0.10958502024291499,0.01600719584844953,0.27860696517412936,False,0.024291497975708495
YFU,7,70,494,47,10,0.1194331983805668,0.5,0.11077935222672064,0.018117111975023522,0.32338308457711445,False,0.12550607287449392,180,0.2,0.10931174089068825,0.018420387506400217,0.19900497512437812,False,0.006072874493927113
YFU,8,9,494,47,10,0.10931174089068826,0.2,0.10838056680161942,0.015526799132887802,0.5124378109452736,False,0.10931174089068826,900,0.2,0.10838056680161942,0.015526799132887802,0.5124378109452736,False,0.0
YFU,8,10,494,47,10,0.08704453441295547,0.5,0.10983805668016196,0.01662133132402527,0.9203980099502488,False,0.11538461538461539,180,0.2,0.11074898785425102,0.016791854846178757,0.39303482587064675,False,0.028340080971659923
YFU,8,11,494,47,10,0.10323886639676114,0.2,0.10958502024291499,0.0170632326462748,0.6417910447761194,False,0.13562753036437247,300,0.5,0.11051619433198383,0.016742125527813283,0.08955223880597014,False,0.032388663967611336
YFU,8,12,494,47,10,0.08502024291497975,0.2,0.10950404858299595,0.017832617344899514,0.9203980099502488,False,0.12955465587044535,100,0.2,0.10923076923076923,0.015837991527260294,0.11940298507462686,False,0.04453441295546559
YFU,8,21,494,47,10,0.1194331983805668,0.5,0.11099190283400809,0.016640980643583603,0.29850746268656714,False,0.1396761133603239,300,0.5,0.10998987854251013,0.017502403788066,0.07960199004975124,False,0.020242914979757096
YFU,8,22,494,47,10,0.12955465587044535,0.5,0.11076923076923077,0.01729395868967187,0.15422885572139303,False,0.12955465587044535,900,0.5,0.11076923076923077,0.01729395868967187,0.15422885572139303,False,0.0
YFU,8,23,494,47,10,0.10121457489878542,0.8,0.10988866396761136,0.01703509123256101,0.7213930348258707,False,0.12955465587044535,180,0.5,0.11087044534412957,0.016382331440509747,0.15422885572139303,False,0.028340080971659923
YFU,8,24,494,47,10,0.08097165991902834,0.2,0.11091093117408907,0.01631416358852406,0.9850746268656716,False,0.13765182186234817,100,0.8,0.10965587044534413,0.01548333155608144,0.029850746268656716,True,0.05668016194331983
YFU,8,25,494,47,10,0.10728744939271255,0.8,0.10924089068825911,0.016171908748174375,0.5671641791044776,False,0.12348178137651822,300,0.8,0.10995951417004049,0.016908158408999938,0.22388059701492538,False,0.016194331983805668
YFU,8,26,494,47,10,0.10526315789473684,0.2,0.10849190283400809,0.017690598217839797,0.6019900497512438,False,0.11538461538461539,225,0.2,0.1104757085020243,0.01793950153918406,0.4228855721393035,False,0.010121457489878555
YFU,8,27,494,47,10,0.08906882591093117,0.2,0.10883603238866398,0.016052541721072677,0.9154228855721394,False,0.12550607287449392,90,0.5,0.11008097165991902,0.01616704718344434,0.21393034825870647,False,0.03643724696356275
YFU,8,28,494,47,10,0.0931174089068826,0.5,0.1093016194331984,0.016492306630926448,0.8407960199004975,False,0.11538461538461539,225,0.8,0.1098178137651822,0.016970143379802086,0.3781094527363184,False,0.022267206477732795
YFU,8,29,494,47,10,0.1194331983805668,0.2,0.10919028340080972,0.015501315058211828,0.3283582089552239,False,0.1396761133603239,225,0.8,0.10977732793522268,0.016485078969453653,0.03482587064676617,True,0.020242914979757096
YFU,8,30,494,47,10,0.10931174089068826,0.8,0.10893724696356276,0.01714677933955885,0.4925373134328358,False,0.1437246963562753,75,0.2,0.11006072874493927,0.015224762116436448,0.01990049751243781,True,0.034412955465587036
YFU,8,31,494,47,10,0.12550607287449392,0.2,0.11010121457489878,0.015573081065475676,0.1691542288557214,False,0.13360323886639677,300,0.8,0.11036437246963562,0.01657135433469563,0.08955223880597014,False,0.008097165991902855
YFU,8,32,494,47,10,0.09716599190283401,0.2,0.11015182186234819,0.01634025448993577,0.7810945273631841,False,0.13360323886639677,100,0.5,0.11195344129554656,0.015841056330533586,0.0945273631840796,False,0.036437246963562764
YFU,8,33,494,47,10,0.11336032388663968,0.5,0.10959514170040485,0.015684086262832204,0.43781094527363185,False,0.13765182186234817,90,0.8,0.11082995951417005,0.016201641688441966,0.06467661691542288,False,0.024291497975708495
YFU,8,34,494,47,10,0.11133603238866396,0.2,0.10867408906882592,0.016334330547925702,0.44776119402985076,False,0.14979757085020243,75,0.8,0.11060728744939272,0.016100014234871056,0.029850746268656716,True,0.038461538461538464
YFU,8,35,494,47,10,0.10931174089068826,0.8,0.11003036437246962,0.015287642617063123,0.5472636815920398,False,0.12753036437246965,300,0.8,0.10936234817813766,0.017143608643963967,0.17412935323383086,False,0.018218623481781382
YFU,8,36,494,47,10,0.10931174089068826,0.5,0.10882591093117411,0.016798781974484894,0.5124378109452736,False,0.13765182186234817,60,0.8,0.10779352226720648,0.016526298156115466,0.05970149253731343,False,0.02834008097165991
YFU,8,37,494,47,10,0.10526315789473684,0.2,0.10814777327935224,0.01824453034745848,0.572139303482587,False,0.12550607287449392,180,0.2,0.11064777327935221,0.01621776222965032,0.1691542288557214,False,0.020242914979757082
YFU,8,38,494,47,10,0.09919028340080972,0.2,0.11006072874493927,0.01616163311209246,0.7860696517412935,False,0.1194331983805668,300,0.2,0.11204453441295546,0.016618246240882612,0.3333333333333333,False,0.020242914979757082
YFU,8,39,494,47,10,0.13360323886639677,0.2,0.10953441295546558,0.01728518107879235,0.09950248756218906,False,0.145748987854251,225,0.8,0.11006072874493927,0.016201082453660504,0.029850746268656716,True,0.012145748987854227
YFU,8,40,494,47,10,0.11740890688259109,0.8,0.10992914979757085,0.015749800703553904,0.3333333333333333,False,0.12753036437246965,180,0.5,0.11058704453441295,0.016046553269249104,0.13930348258706468,False,0.010121457489878555
YFU,8,41,494,47,10,0.12550607287449392,0.2,0.10879554655870446,0.01795276570562237,0.19402985074626866,False,0.12550607287449392,900,0.2,0.10879554655870446,0.01795276570562237,0.19402985074626866,False,0.0
YFU,8,42,494,47,10,0.08906882591093117,0.8,0.11029352226720647,0.016010154306882858,0.9402985074626866,False,0.12348178137651822,300,0.8,0.10981781376518221,0.017033123823629794,0.20398009950248755,False,0.03441295546558705
YFU,8,43,494,47,10,0.10728744939271255,0.2,0.11073886639676113,0.0157427390062862,0.6069651741293532,False,0.13562753036437247,150,0.2,0.11017206477732794,0.016500969406261043,0.06965174129353234,False,0.028340080971659923
YFU,8,44,494,47,10,0.13562753036437247,0.5,0.10970647773279352,0.016171042878991623,0.06467661691542288,False,0.13562753036437247,900,0.5,0.10970647773279352,0.016171042878991623,0.06467661691542288,False,0.0
YFU,8,45,494,47,10,0.11538461538461539,0.5,0.11010121457489878,0.01585611822410388,0.40298507462686567,False,0.12753036437246965,300,0.5,0.108917004048583,0.017143920935471447,0.15422885572139303,False,0.012145748987854255
YFU,8,46,494,47,10,0.11133603238866396,0.8,0.11058704453441295,0.016709146141261632,0.5024875621890548,False,0.12955465587044535,450,0.5,0.10902834008097166,0.017163538855148392,0.11940298507462686,False,0.018218623481781382
YFU,8,47,494,47,10,0.08906882591093117,0.8,0.10967611336032387,0.015936393107389847,0.9154228855721394,False,0.1214574898785425,100,0.2,0.11044534412955465,0.015603265566731953,0.25870646766169153,False,0.032388663967611336
YFU,8,48,494,47,10,0.11538461538461539,0.2,0.11110323886639677,0.01777893428519333,0.4129353233830846,False,0.12348178137651822,100,0.5,0.11134615384615384,0.01617206154380598,0.25870646766169153,False,0.008097165991902827
YFU,8,49,494,47,10,0.10728744939271255,0.2,0.10824898785425102,0.01593791450656891,0.5472636815920398,False,0.11740890688259109,60,0.8,0.109665991902834,0.016769579782729298,0.34328358208955223,False,0.010121457489878541
YFU,8,50,494,47,10,0.12753036437246965,0.2,0.10866396761133602,0.01494141059696027,0.11442786069651742,False,0.13765182186234817,450,0.2,0.10853238866396761,0.01722537888934375,0.05970149253731343,False,0.010121457489878527
YFU,8,51,494,47,10,0.10728744939271255,0.2,0.11063765182186235,0.01719656883594304,0.5870646766169154,False,0.12348178137651822,100,0.5,0.11192307692307693,0.014359275382529785,0.26865671641791045,False,0.016194331983805668
YFU,8,52,494,47,10,0.09919028340080972,0.2,0.1078744939271255,0.014812450370361234,0.7263681592039801,False,0.12955465587044535,300,0.5,0.10992914979757085,0.016622517503774317,0.15422885572139303,False,0.030364372469635623
YFU,8,53,494,47,10,0.08502024291497975,0.2,0.10972672064777328,0.015843785878731833,0.9651741293532339,False,0.13360323886639677,60,0.8,0.11128542510121459,0.014647278077540042,0.0945273631840796,False,0.04858299595141702
YFU,8,54,494,47,10,0.10526315789473684,0.2,0.10764170040485829,0.015920462991529005,0.572139303482587,False,0.1417004048582996,450,0.8,0.10753036437246964,0.016112185608239335,0.03482587064676617,True,0.036437246963562764
YFU,8,55,494,47,10,0.11538461538461539,0.5,0.11021255060728745,0.01693120589030623,0.43283582089552236,False,0.13562753036437247,180,0.2,0.1096153846153846,0.017177582034747608,0.08955223880597014,False,0.020242914979757082
YFU,8,56,494,47,10,0.10121457489878542,0.5,0.10954453441295545,0.015903303082860747,0.7064676616915423,False,0.12550607287449392,75,0.2,0.10862348178137651,0.01593985561397945,0.14925373134328357,False,0.024291497975708495
YFU,8,57,494,47,10,0.11740890688259109,0.2,0.11127530364372468,0.015993338482956376,0.3880597014925373,False,0.12955465587044535,225,0.5,0.10912955465587044,0.01686722536236329,0.13432835820895522,False,0.012145748987854255
YFU,8,58,494,47,10,0.11336032388663968,0.2,0.10983805668016194,0.015650176617710912,0.44776119402985076,False,0.11336032388663968,75,0.5,0.11012145748987855,0.015749542484299238,0.417910447761194,False,0.0
YFU,8,59,494,47,10,0.08704453441295547,0.8,0.11087044534412956,0.016226990343963993,0.9303482587064676,False,0.13157894736842105,180,0.2,0.10922064777327936,0.015107980923799209,0.0845771144278607,False,0.04453441295546558
YFU,8,60,494,47,10,0.0951417004048583,0.8,0.10991902834008098,0.016139563155313418,0.8258706467661692,False,0.10121457489878542,225,0.5,0.10914979757085021,0.01661900207726796,0.6865671641791045,False,0.006072874493927127
YFU,8,61,494,47,10,0.10121457489878542,0.8,0.11110323886639677,0.015386030744172196,0.7860696517412935,False,0.11740890688259109,90,0.2,0.1114068825910931,0.01531116925593375,0.35323383084577115,False,0.016194331983805668
YFU,8,62,494,47,10,0.10121457489878542,0.5,0.10970647773279352,0.018921857742023866,0.6965174129353234,False,0.14777327935222673,100,0.2,0.11026315789473685,0.01631204295451532,0.024875621890547265,True,0.046558704453441305
YFU,8,63,494,47,10,0.11538461538461539,0.2,0.1098582995951417,0.01720867361685359,0.39303482587064675,False,0.12550607287449392,180,0.8,0.10825910931174089,0.01721256209735049,0.1691542288557214,False,0.010121457489878527
YFU,8,64,494,47,10,0.0951417004048583,0.5,0.10968623481781378,0.016654546423602968,0.8407960199004975,False,0.11133603238866396,75,0.2,0.11003036437246966,0.01796755585348711,0.48756218905472637,False,0.016194331983805668
YFU,8,65,494,47,10,0.1214574898785425,0.8,0.10996963562753036,0.016905938716765708,0.26865671641791045,False,0.12550607287449392,450,0.8,0.10902834008097166,0.016814464735628042,0.15920398009950248,False,0.004048582995951414
YFU,8,66,494,47,10,0.13360323886639677,0.8,0.10892712550607285,0.015725192015925024,0.06965174129353234,False,0.13360323886639677,900,0.8,0.10892712550607285,0.015725192015925024,0.06965174129353234,False,0.0
YFU,8,67,494,47,10,0.12753036437246965,0.2,0.10949392712550607,0.01567509027326881,0.13432835820895522,False,0.1417004048582996,180,0.2,0.1093421052631579,0.016018512213614215,0.029850746268656716,True,0.014170040485829954
YFU,8,68,494,47,10,0.10728744939271255,0.2,0.10965587044534413,0.01622749792834163,0.5771144278606966,False,0.13562753036437247,150,0.2,0.1099595141700405,0.01574661352398831,0.07960199004975124,False,0.028340080971659923
YFU,8,69,494,47,10,0.11133603238866396,0.8,0.10875506072874494,0.014702703916792733,0.4626865671641791,False,0.13562753036437247,90,0.5,0.10923076923076923,0.0172183991511455,0.07462686567164178,False,0.02429149797570851
YFU,8,70,494,47,10,0.10728744939271255,0.8,0.11045546558704455,0.01644113591226416,0.6069651741293532,False,0.145748987854251,180,0.2,0.10997975708502025,0.015451380281439957,0.009950248756218905,True,0.03846153846153845
YFU,9,10,494,47,10,0.0951417004048583,0.2,0.11068825910931174,0.015454911478833473,0.845771144278607,False,0.09919028340080972,300,0.8,0.11165991902834009,0.016344239338228265,0.7860696517412935,False,0.0040485829959514275
YFU,9,11,494,47,10,0.10728744939271255,0.2,0.10896761133603239,0.015181148622813813,0.5522388059701493,False,0.11133603238866396,60,0.8,0.11156882591093119,0.016143616674894872,0.5572139303482587,False,0.004048582995951414
YFU,9,12,494,47,10,0.07489878542510121,0.8,0.11006072874493927,0.016938030439536175,0.9850746268656716,False,0.11133603238866396,150,0.8,0.10925101214574898,0.016608528822700593,0.4925373134328358,False,0.03643724696356275
YFU,9,21,494,47,10,0.1214574898785425,0.8,0.1111336032388664,0.01689748660351209,0.31343283582089554,False,0.12955465587044535,60,0.2,0.11150809716599192,0.014657593315748627,0.12437810945273632,False,0.008097165991902841
YFU,9,22,494,47,10,0.10323886639676114,0.8,0.11046558704453442,0.01676598465516563,0.6915422885572139,False,0.11740890688259109,60,0.2,0.11178137651821864,0.015574892463090849,0.3880597014925373,False,0.014170040485829954
YFU,9,23,494,47,10,0.11538461538461539,0.8,0.1093825910931174,0.015371569877451292,0.3582089552238806,False,0.1214574898785425,60,0.2,0.11211538461538462,0.016242169771831627,0.29850746268656714,False,0.006072874493927113
YFU,9,24,494,47,10,0.10121457489878542,0.8,0.11078947368421053,0.01647633285299177,0.7512437810945274,False,0.13157894736842105,100,0.8,0.11005060728744938,0.015042251780526738,0.1044776119402985,False,0.030364372469635623
YFU,9,25,494,47,10,0.11336032388663968,0.8,0.10935222672064779,0.016407764895249956,0.3880597014925373,False,0.11740890688259109,225,0.5,0.11111336032388663,0.01682762451253947,0.373134328358209,False,0.004048582995951414
YFU,9,26,494,47,10,0.0728744939271255,0.2,0.10959514170040485,0.015618302980671555,0.9950248756218906,False,0.12348178137651822,60,0.2,0.1102834008097166,0.016674172038410866,0.21393034825870647,False,0.05060728744939272
YFU,9,27,494,47,10,0.09109311740890688,0.2,0.10944331983805668,0.016261682091942536,0.8955223880597015,False,0.10526315789473684,100,0.2,0.1108502024291498,0.016553053002051468,0.6517412935323383,False,0.014170040485829954
YFU,9,28,494,47,10,0.0931174089068826,0.5,0.11026315789473685,0.01611391084652513,0.8756218905472637,False,0.11740890688259109,180,0.5,0.10925101214574898,0.01739576070211588,0.373134328358209,False,0.024291497975708495
YFU,9,29,494,47,10,0.1214574898785425,0.2,0.1097165991902834,0.01660616058007832,0.24378109452736318,False,0.12550607287449392,60,0.5,0.11175101214574899,0.017136232105745886,0.22885572139303484,False,0.004048582995951414
YFU,9,30,494,47,10,0.11133603238866396,0.8,0.1092004048582996,0.01695004651350998,0.472636815920398,False,0.13360323886639677,450,0.5,0.10911943319838055,0.016344437767726535,0.05472636815920398,False,0.02226720647773281
YFU,9,31,494,47,10,0.11133603238866396,0.8,0.11030364372469637,0.015413859776127255,0.5373134328358209,False,0.11538461538461539,300,0.8,0.11084008097165991,0.015960585850580553,0.40298507462686567,False,0.0040485829959514275
YFU,9,32,494,47,10,0.11336032388663968,0.8,0.11124493927125506,0.016948953114569686,0.472636815920398,False,0.12348178137651822,60,0.2,0.11134615384615387,0.015142288837604783,0.24378109452736318,False,0.010121457489878541
YFU,9,33,494,47,10,0.09716599190283401,0.5,0.11029352226720647,0.017498520877001267,0.7960199004975125,False,0.13157894736842105,225,0.8,0.10983805668016194,0.01600920573030146,0.10945273631840796,False,0.034412955465587036
YFU,9,34,494,47,10,0.12955465587044535,0.5,0.11030364372469637,0.015652479012992868,0.11442786069651742,False,0.16194331983805668,60,0.8,0.11015182186234818,0.016947713843826893,0.004975124378109453,True,0.032388663967611336
YFU,9,35,494,47,10,0.1194331983805668,0.2,0.11101214574898785,0.015890689878905264,0.31343283582089554,False,0.12550607287449392,225,0.8,0.1106174089068826,0.01765191133653355,0.208955223880597,False,0.006072874493927113
YFU,9,36,494,47,10,0.10323886639676114,0.5,0.10848178137651822,0.01644691183408538,0.6567164179104478,False,0.12955465587044535,300,0.5,0.10817813765182187,0.01685067521783007,0.11442786069651742,False,0.02631578947368421
YFU,9,37,494,47,10,0.0931174089068826,0.5,0.10863360323886638,0.01696350169473443,0.835820895522388,False,0.11336032388663968,450,0.5,0.11067813765182187,0.017668282029248316,0.4626865671641791,False,0.020242914979757082
YFU,9,38,494,47,10,0.12348178137651822,0.8,0.11231781376518218,0.01845609981973953,0.24875621890547264,False,0.12753036437246965,60,0.8,0.11096153846153847,0.0170177968481575,0.16417910447761194,False,0.0040485829959514275
YFU,9,39,494,47,10,0.13562753036437247,0.5,0.10930161943319837,0.017666603681993506,0.0845771144278607,False,0.145748987854251,100,0.8,0.11029352226720647,0.015792600058668907,0.01990049751243781,True,0.010121457489878527
YFU,9,40,494,47,10,0.11740890688259109,0.2,0.10978744939271255,0.016941273036534994,0.3582089552238806,False,0.11740890688259109,900,0.2,0.10978744939271255,0.016941273036534994,0.3582089552238806,False,0.0
YFU,9,41,494,47,10,0.1214574898785425,0.8,0.10851214574898785,0.016557602249715867,0.25870646766169153,False,0.1214574898785425,900,0.8,0.10851214574898785,0.016557602249715867,0.25870646766169153,False,0.0
YFU,9,42,494,47,10,0.09716599190283401,0.8,0.10821862348178138,0.01762148788703213,0.746268656716418,False,0.11740890688259109,60,0.5,0.11093117408906882,0.015557483751086985,0.3681592039800995,False,0.020242914979757082
YFU,9,43,494,47,10,0.1194331983805668,0.5,0.11040485829959515,0.017232744153648484,0.31840796019900497,False,0.1437246963562753,150,0.8,0.11076923076923077,0.017176874753819963,0.04477611940298507,True,0.024291497975708495
YFU,9,44,494,47,10,0.10323886639676114,0.8,0.11013157894736841,0.017002083637592917,0.7014925373134329,False,0.13157894736842105,150,0.2,0.11011133603238867,0.016555114777724728,0.12437810945273632,False,0.02834008097165991
YFU,9,45,494,47,10,0.08299595141700405,0.8,0.11013157894736843,0.015875985047468413,0.9651741293532339,False,0.10931174089068826,60,0.8,0.11158906882591092,0.01682168552516795,0.5970149253731343,False,0.02631578947368421
YFU,9,46,494,47,10,0.10526315789473684,0.2,0.10806680161943319,0.016330674277643044,0.572139303482587,False,0.12753036437246965,60,0.2,0.10923076923076923,0.014973184875002397,0.12935323383084577,False,0.02226720647773281
YFU,9,47,494,47,10,0.11336032388663968,0.5,0.11001012145748987,0.016729206217547695,0.4577114427860697,False,0.13157894736842105,60,0.5,0.11070850202429149,0.017112293554405706,0.11442786069651742,False,0.018218623481781368
YFU,9,48,494,47,10,0.1194331983805668,0.5,0.11231781376518217,0.015989562385536046,0.3383084577114428,False,0.12550607287449392,75,0.8,0.11073886639676114,0.017612087247977637,0.20398009950248755,False,0.006072874493927113
YFU,9,49,494,47,10,0.13157894736842105,0.8,0.10853238866396761,0.016320583768292322,0.11442786069651742,False,0.13157894736842105,900,0.8,0.10853238866396761,0.016320583768292322,0.11442786069651742,False,0.0
YFU,9,50,494,47,10,0.09919028340080972,0.2,0.10905870445344129,0.01632469640380432,0.7263681592039801,False,0.13562753036437247,100,0.5,0.11217611336032388,0.01713380460248914,0.09950248756218906,False,0.03643724696356275
YFU,9,51,494,47,10,0.11538461538461539,0.8,0.11040485829959515,0.01774144113635841,0.4228855721393035,False,0.13157894736842105,60,0.2,0.11062753036437246,0.016050967042126715,0.13432835820895522,False,0.016194331983805654
YFU,9,52,494,47,10,0.09109311740890688,0.8,0.10798582995951417,0.01601738093687601,0.8706467661691543,False,0.12550607287449392,60,0.5,0.11125506072874494,0.0159390804912851,0.18407960199004975,False,0.034412955465587036
YFU,9,53,494,47,10,0.10931174089068826,0.2,0.11064777327935223,0.017535505925461155,0.5572139303482587,False,0.1396761133603239,150,0.5,0.10939271255060729,0.016833802995737886,0.03980099502487562,True,0.030364372469635637
YFU,9,54,494,47,10,0.0931174089068826,0.5,0.10900809716599191,0.01770066680521126,0.8407960199004975,False,0.13562753036437247,450,0.5,0.10930161943319838,0.016664953689145508,0.0845771144278607,False,0.04251012145748988
YFU,9,55,494,47,10,0.09716599190283401,0.2,0.109665991902834,0.017171212459613724,0.7910447761194029,False,0.13360323886639677,225,0.2,0.109251012145749,0.017032108297844958,0.1044776119402985,False,0.036437246963562764
YFU,9,56,494,47,10,0.09919028340080972,0.8,0.11096153846153847,0.018407054785287036,0.746268656716418,False,0.1214574898785425,60,0.2,0.1101417004048583,0.016505651527517814,0.2736318407960199,False,0.02226720647773278
YFU,9,57,494,47,10,0.10323886639676114,0.8,0.11063765182186235,0.01676609212105138,0.7014925373134329,False,0.1437246963562753,300,0.8,0.10973684210526315,0.0161887235217415,0.01990049751243781,True,0.040485829959514164
YFU,9,58,494,47,10,0.11133603238866396,0.2,0.10993927125506073,0.015780094106721758,0.4975124378109453,False,0.12753036437246965,100,0.5,0.11013157894736843,0.01763580567582222,0.18407960199004975,False,0.016194331983805682
YFU,9,59,494,47,10,0.07489878542510121,0.2,0.109665991902834,0.01656821955318626,0.9850746268656716,False,0.10931174089068826,450,0.8,0.10978744939271255,0.01626282169826857,0.5074626865671642,False,0.03441295546558705
YFU,9,60,494,47,10,0.08299595141700405,0.5,0.10908906882591093,0.016832518547363368,0.9552238805970149,False,0.11336032388663968,300,0.8,0.11129554655870445,0.016352451676196995,0.43283582089552236,False,0.030364372469635623
YFU,9,61,494,47,10,0.0931174089068826,0.5,0.11064777327935221,0.015997882782044292,0.8756218905472637,False,0.12348178137651822,75,0.2,0.10979757085020242,0.016851408409496203,0.23880597014925373,False,0.030364372469635623
YFU,9,62,494,47,10,0.10121457489878542,0.5,0.10977732793522268,0.017715737162901257,0.7164179104477612,False,0.1437246963562753,300,0.5,0.10998987854251013,0.01781029411809757,0.04975124378109453,True,0.04251012145748988
YFU,9,63,494,47,10,0.11133603238866396,0.5,0.11034412955465588,0.016661855055487774,0.4427860696517413,False,0.1214574898785425,90,0.2,0.109665991902834,0.016836980055331238,0.2835820895522388,False,0.010121457489878541
YFU,9,64,494,47,10,0.0951417004048583,0.2,0.11134615384615383,0.016994088297534203,0.845771144278607,False,0.12348178137651822,60,0.5,0.11154858299595141,0.0167928450488202,0.263681592039801,False,0.028340080971659923
YFU,9,65,494,47,10,0.13157894736842105,0.2,0.10996963562753036,0.016777559378432585,0.1044776119402985,False,0.13157894736842105,900,0.2,0.10996963562753036,0.016777559378432585,0.1044776119402985,False,0.0
YFU,9,66,494,47,10,0.12955465587044535,0.8,0.10874493927125506,0.01607584878931545,0.12437810945273632,False,0.12955465587044535,900,0.8,0.10874493927125506,0.01607584878931545,0.12437810945273632,False,0.0
YFU,9,67,494,47,10,0.13157894736842105,0.8,0.10948380566801617,0.017033157068986123,0.0945273631840796,False,0.145748987854251,150,0.8,0.1099493927125506,0.0162901483331541,0.01990049751243781,True,0.014170040485829954
YFU,9,68,494,47,10,0.08906882591093117,0.2,0.11010121457489877,0.01686063167983719,0.8955223880597015,False,0.13157894736842105,60,0.8,0.11087044534412956,0.015337147178461737,0.11442786069651742,False,0.04251012145748988
YFU,9,69,494,47,10,0.10526315789473684,0.5,0.10882591093117408,0.016237811142241657,0.5920398009950248,False,0.13360323886639677,60,0.8,0.11113360323886638,0.015576002996867643,0.0945273631840796,False,0.028340080971659937
YFU,9,70,494,47,10,0.11336032388663968,0.5,0.1095647773279352,0.016674144252052815,0.4427860696517413,False,0.13562753036437247,450,0.8,0.11099190283400809,0.018538626020954695,0.11442786069651742,False,0.022267206477732795
YFU,10,11,494,47,10,0.07692307692307693,0.5,0.1112348178137652,0.016668972095597666,0.9900497512437811,False,0.10121457489878542,75,0.2,0.11054655870445344,0.015917038311395515,0.681592039800995,False,0.024291497975708495
YFU,10,12,494,47,10,0.08097165991902834,0.5,0.11040485829959515,0.017740280440759447,0.9800995024875622,False,0.10121457489878542,75,0.5,0.10922064777327936,0.015852880978473576,0.746268656716418,False,0.020242914979757082
YFU,10,21,494,47,10,0.11336032388663968,0.8,0.1117914979757085,0.017488468371474438,0.44776119402985076,False,0.1214574898785425,300,0.8,0.10909919028340082,0.016287392447348743,0.26865671641791045,False,0.008097165991902827
YFU,10,22,494,47,10,0.11336032388663968,0.5,0.11248987854251012,0.017272930231202743,0.48756218905472637,False,0.11336032388663968,450,0.2,0.11139676113360324,0.01728770643839624,0.5074626865671642,False,0.0
YFU,10,23,494,47,10,0.1194331983805668,0.8,0.11139676113360324,0.017514908555033144,0.34328358208955223,False,0.11740890688259109,900,0.8,0.111417004048583,0.017421700378537488,0.4129353233830846,False,-0.0020242914979757137
YFU,10,24,494,47,10,0.0951417004048583,0.2,0.10940283400809717,0.016982936997647666,0.8059701492537313,False,0.1214574898785425,75,0.8,0.10851214574898783,0.01501446428259546,0.14427860696517414,False,0.02631578947368421
YFU,10,25,494,47,10,0.0951417004048583,0.2,0.10969635627530364,0.016085107113210036,0.8507462686567164,False,0.11538461538461539,300,0.2,0.11210526315789472,0.016110907534843483,0.43283582089552236,False,0.020242914979757096
YFU,10,26,494,47,10,0.10323886639676114,0.5,0.11036437246963562,0.01531867522830294,0.6716417910447762,False,0.12348178137651822,100,0.8,0.11,0.015837471459369316,0.22885572139303484,False,0.020242914979757082
YFU,10,27,494,47,10,0.09109311740890688,0.5,0.1112246963562753,0.01828372022585476,0.8855721393034826,False,0.10526315789473684,150,0.8,0.11117408906882592,0.015959118223994654,0.6318407960199005,False,0.014170040485829954
YFU,10,28,494,47,10,0.0951417004048583,0.8,0.10872469635627531,0.016826156024515086,0.7910447761194029,False,0.11538461538461539,180,0.8,0.11181174089068825,0.01812056688100288,0.43283582089552236,False,0.020242914979757096
YFU,10,29,494,47,10,0.09716599190283401,0.8,0.1115991902834008,0.01587366642462843,0.8159203980099502,False,0.1214574898785425,150,0.2,0.1120344129554656,0.01637338895705111,0.30845771144278605,False,0.024291497975708495
YFU,10,30,494,47,10,0.11133603238866396,0.8,0.10817813765182187,0.017032990841555577,0.43283582089552236,False,0.13157894736842105,225,0.5,0.1079251012145749,0.015505216702800364,0.0845771144278607,False,0.020242914979757082
YFU,10,31,494,47,10,0.09919028340080972,0.2,0.11158906882591094,0.01734837986175654,0.8009950248756219,False,0.10931174089068826,300,0.2,0.11181174089068825,0.0161790376733759,0.5621890547263682,False,0.010121457489878541
YFU,10,32,494,47,10,0.0931174089068826,0.8,0.10915991902834009,0.017588851962414838,0.8308457711442786,False,0.11538461538461539,150,0.2,0.11074898785425102,0.0162077919975103,0.4079601990049751,False,0.022267206477732795
YFU,10,33,494,47,10,0.10323886639676114,0.2,0.10988866396761132,0.01607484644484478,0.681592039800995,False,0.15587044534412955,225,0.8,0.10884615384615386,0.01618887615867006,0.01990049751243781,True,0.05263157894736842
YFU,10,34,494,47,10,0.12348178137651822,0.5,0.11052631578947368,0.016539064707386766,0.23880597014925373,False,0.1417004048582996,60,0.5,0.11132591093117411,0.016578233862383936,0.05472636815920398,False,0.018218623481781382
YFU,10,35,494,47,10,0.08704453441295547,0.2,0.11007085020242915,0.01713880344204587,0.9303482587064676,False,0.11133603238866396,150,0.2,0.10982793522267206,0.015245964951895617,0.5074626865671642,False,0.024291497975708495
YFU,10,36,494,47,10,0.0951417004048583,0.2,0.10905870445344128,0.01639015721512292,0.7960199004975125,False,0.12550607287449392,150,0.8,0.10830971659919028,0.01600117433981688,0.16417910447761194,False,0.030364372469635623
YFU,10,37,494,47,10,0.0931174089068826,0.5,0.10933198380566803,0.016416585171974293,0.8606965174129353,False,0.10931174089068826,300,0.2,0.11242914979757085,0.017053771806596348,0.582089552238806,False,0.016194331983805668
YFU,10,38,494,47,10,0.07489878542510121,0.8,0.11150809716599192,0.01677245287452095,0.9950248756218906,False,0.11133603238866396,90,0.2,0.11168016194331983,0.01466929456862071,0.5422885572139303,False,0.03643724696356275
YFU,10,39,494,47,10,0.12753036437246965,0.8,0.11009109311740892,0.017492282882718167,0.18407960199004975,False,0.1417004048582996,450,0.8,0.11155870445344128,0.016214397167966663,0.03980099502487562,True,0.014170040485829954
YFU,10,40,494,47,10,0.08502024291497975,0.5,0.11078947368421053,0.01687518319017074,0.9601990049751243,False,0.11538461538461539,150,0.2,0.10950404858299595,0.017278994175492977,0.4079601990049751,False,0.030364372469635637
YFU,10,41,494,47,10,0.09919028340080972,0.8,0.11013157894736843,0.017783473888734146,0.7711442786069652,False,0.11538461538461539,100,0.2,0.11020242914979757,0.01767958632324615,0.3880597014925373,False,0.016194331983805668
YFU,10,42,494,47,10,0.10323886639676114,0.2,0.10907894736842107,0.017144497458694254,0.6567164179104478,False,0.10526315789473684,900,0.2,0.10917004048582996,0.016979556829344135,0.6069651741293532,False,0.0020242914979757
YFU,10,43,494,47,10,0.10323886639676114,0.5,0.11015182186234818,0.01765235461785513,0.6865671641791045,False,0.12955465587044535,75,0.5,0.11219635627530364,0.016196159719249762,0.13432835820895522,False,0.02631578947368421
YFU,10,44,494,47,10,0.10728744939271255,0.2,0.11133603238866396,0.019338747747146254,0.6069651741293532,False,0.13157894736842105,450,0.2,0.11183198380566801,0.01723233488891927,0.13930348258706468,False,0.024291497975708495
YFU,10,45,494,47,10,0.08097165991902834,0.2,0.11007085020242915,0.016449725491483387,0.9800995024875622,False,0.10931174089068826,300,0.5,0.1117914979757085,0.017503768485531274,0.6069651741293532,False,0.028340080971659923
YFU,10,46,494,47,10,0.10323886639676114,0.2,0.11020242914979757,0.016887295805993845,0.6467661691542289,False,0.11740890688259109,450,0.2,0.11106275303643726,0.017396669184780868,0.3482587064676617,False,0.014170040485829954
YFU,10,47,494,47,10,0.10121457489878542,0.5,0.10906882591093117,0.017429641334583405,0.7114427860696517,False,0.11538461538461539,300,0.8,0.11027327935222672,0.015918522753306203,0.3582089552238806,False,0.014170040485829968
YFU,10,48,494,47,10,0.09919028340080972,0.2,0.1109412955465587,0.016154480572868002,0.8009950248756219,False,0.11336032388663968,180,0.5,0.11247975708502024,0.015306057845413817,0.4925373134328358,False,0.014170040485829954
YFU,10,49,494,47,10,0.12348178137651822,0.5,0.10969635627530364,0.017423532318980396,0.24378109452736318,False,0.12348178137651822,900,0.5,0.1097672064777328,0.017466082557247253,0.24875621890547264,False,0.0
YFU,10,50,494,47,10,0.11336032388663968,0.8,0.11035425101214574,0.017005571335199823,0.4577114427860697,False,0.1194331983805668,300,0.5,0.11173076923076923,0.017822337344319216,0.3383084577114428,False,0.006072874493927127
YFU,10,51,494,47,10,0.10931174089068826,0.2,0.11189271255060727,0.01724480563053699,0.5870646766169154,False,0.10931174089068826,900,0.2,0.11186234817813766,0.01727380047097322,0.582089552238806,False,0.0
YFU,10,52,494,47,10,0.0931174089068826,0.8,0.11039473684210527,0.017135727405663385,0.845771144278607,False,0.1214574898785425,225,0.2,0.11084008097165991,0.01713406900072062,0.31840796019900497,False,0.02834008097165991
YFU,10,53,494,47,10,0.10323886639676114,0.5,0.11053643724696358,0.01733883412066831,0.6766169154228856,False,0.13360323886639677,150,0.2,0.1103744939271255,0.01626150481266951,0.05970149253731343,False,0.030364372469635637
YFU,10,54,494,47,10,0.09716599190283401,0.2,0.10926113360323886,0.017172411618968132,0.7860696517412935,False,0.13360323886639677,450,0.8,0.11139676113360324,0.01726028892876273,0.0945273631840796,False,0.036437246963562764
YFU,10,55,494,47,10,0.09919028340080972,0.5,0.11052631578947368,0.016167607595500018,0.7761194029850746,False,0.12550607287449392,450,0.5,0.11219635627530364,0.01663643562957168,0.23880597014925373,False,0.026315789473684195
YFU,10,56,494,47,10,0.0951417004048583,0.5,0.11081983805668016,0.017134669890619264,0.835820895522388,False,0.12348178137651822,60,0.2,0.11040485829959515,0.014940142630749038,0.20398009950248755,False,0.028340080971659923
YFU,10,57,494,47,10,0.11336032388663968,0.2,0.11080971659919028,0.017939274838673573,0.472636815920398,False,0.12955465587044535,75,0.8,0.11051619433198383,0.015295991447144875,0.14925373134328357,False,0.016194331983805668
YFU,10,58,494,47,10,0.10728744939271255,0.5,0.11182186234817815,0.015937013313125525,0.6318407960199005,False,0.12955465587044535,100,0.5,0.11080971659919028,0.016813484991613618,0.16417910447761194,False,0.022267206477732795
YFU,10,59,494,47,10,0.08502024291497975,0.2,0.10956477732793524,0.018243966012364048,0.9203980099502488,False,0.10931174089068826,75,0.2,0.11006072874493927,0.016775561766637175,0.5472636815920398,False,0.02429149797570851
YFU,10,60,494,47,10,0.08502024291497975,0.2,0.10977732793522268,0.01842118118241555,0.9154228855721394,False,0.08906882591093117,300,0.8,0.11113360323886638,0.01696680617459649,0.9154228855721394,False,0.004048582995951414
YFU,10,61,494,47,10,0.08299595141700405,0.2,0.10990890688259108,0.017015037797052966,0.9552238805970149,False,0.11133603238866396,75,0.5,0.11125506072874494,0.0160574956606208,0.5174129353233831,False,0.02834008097165991
YFU,10,62,494,47,10,0.10728744939271255,0.8,0.1104251012145749,0.01724458173841455,0.5920398009950248,False,0.13765182186234817,150,0.2,0.10942307692307693,0.0157524153436171,0.05472636815920398,False,0.030364372469635623
YFU,10,63,494,47,10,0.0951417004048583,0.2,0.11133603238866396,0.01681931362805476,0.8407960199004975,False,0.1194331983805668,100,0.8,0.1101417004048583,0.01695611056004463,0.31840796019900497,False,0.02429149797570851
YFU,10,64,494,47,10,0.08299595141700405,0.2,0.1113663967611336,0.016482290087069622,0.945273631840796,False,0.10121457489878542,150,0.2,0.11030364372469637,0.015517711960473106,0.7114427860696517,False,0.018218623481781368
YFU,10,65,494,47,10,0.10121457489878542,0.2,0.11101214574898785,0.016792897163131305,0.746268656716418,False,0.13157894736842105,450,0.2,0.11113360323886638,0.016391492030376733,0.13432835820895522,False,0.030364372469635623
YFU,10,66,494,47,10,0.10121457489878542,0.5,0.11071862348178138,0.017492895010764675,0.6666666666666666,False,0.12550607287449392,150,0.8,0.10895748987854251,0.018510088381848883,0.19900497512437812,False,0.024291497975708495
YFU,10,67,494,47,10,0.11538461538461539,0.8,0.11060728744939272,0.015618302980671553,0.4079601990049751,False,0.13360323886639677,150,0.5,0.11015182186234818,0.015371435916971456,0.0845771144278607,False,0.018218623481781382
YFU,10,68,494,47,10,0.08906882591093117,0.2,0.10956477732793524,0.017647291215924676,0.8855721393034826,False,0.12348178137651822,75,0.2,0.11113360323886638,0.016961950885850747,0.23880597014925373,False,0.03441295546558705
YFU,10,69,494,47,10,0.08704453441295547,0.5,0.10857287449392712,0.017134886205824318,0.9253731343283582,False,0.11740890688259109,75,0.5,0.1094433198380567,0.01682552881869721,0.3034825870646766,False,0.030364372469635623
YFU,10,70,494,47,10,0.0931174089068826,0.2,0.11137651821862349,0.0175830237045171,0.8905472636815921,False,0.14777327935222673,150,0.8,0.11192307692307692,0.014598205842789603,0.029850746268656716,True,0.05465587044534413
YFU,11,12,494,47,10,0.08704453441295547,0.2,0.10955465587044534,0.01688841758244298,0.9253731343283582,False,0.10323886639676114,100,0.2,0.10936234817813766,0.016400832695327095,0.6517412935323383,False,0.016194331983805668
YFU,11,21,494,47,10,0.13157894736842105,0.8,0.11010121457489878,0.01776805826242035,0.11940298507462686,False,0.13562753036437247,300,0.2,0.10961538461538461,0.016157096634851358,0.03980099502487562,True,0.0040485829959514275
YFU,11,22,494,47,10,0.13562753036437247,0.8,0.10899797570850205,0.01720315345681591,0.04477611940298507,True,0.13562753036437247,900,0.8,0.10899797570850205,0.01720315345681591,0.04477611940298507,True,0.0
YFU,11,23,494,47,10,0.12550607287449392,0.8,0.11201417004048583,0.01758925000499711,0.22885572139303484,False,0.12955465587044535,450,0.8,0.11124493927125506,0.01756818820489027,0.13432835820895522,False,0.0040485829959514275
YFU,11,24,494,47,10,0.08299595141700405,0.5,0.10912955465587046,0.016087411261728246,0.9552238805970149,False,0.13562753036437247,100,0.5,0.11048582995951417,0.015781359827046926,0.05970149253731343,False,0.05263157894736842
YFU,11,25,494,47,10,0.11336032388663968,0.5,0.109251012145749,0.017231632842841488,0.43283582089552236,False,0.11538461538461539,90,0.8,0.10969635627530362,0.016635139036497267,0.40298507462686567,False,0.0020242914979757137
YFU,11,26,494,47,10,0.0951417004048583,0.2,0.11005060728744938,0.017039683991153534,0.8208955223880597,False,0.12955465587044535,100,0.8,0.11102226720647775,0.01579145259792019,0.12437810945273632,False,0.03441295546558705
YFU,11,27,494,47,10,0.10931174089068826,0.5,0.10894736842105264,0.01630680330156492,0.5024875621890548,False,0.11538461538461539,300,0.2,0.10993927125506073,0.01654328484267292,0.39800995024875624,False,0.006072874493927127
YFU,11,28,494,47,10,0.10323886639676114,0.8,0.10836032388663966,0.01780177399301542,0.6069651741293532,False,0.12753036437246965,180,0.5,0.10875506072874494,0.018847973576350655,0.1791044776119403,False,0.02429149797570851
YFU,11,29,494,47,10,0.09109311740890688,0.2,0.11050607287449393,0.01583194468296632,0.9104477611940298,False,0.1214574898785425,60,0.8,0.11165991902834009,0.016281123598860747,0.2885572139303483,False,0.030364372469635623
YFU,11,30,494,47,10,0.12348178137651822,0.2,0.10866396761133604,0.016769975782958167,0.23880597014925373,False,0.1417004048582996,75,0.5,0.11002024291497976,0.01554523571687199,0.024875621890547265,True,0.018218623481781382
YFU,11,31,494,47,10,0.13360323886639677,0.2,0.11106275303643726,0.016418701709573238,0.0945273631840796,False,0.1437246963562753,450,0.2,0.11103238866396761,0.015837874513473765,0.04477611940298507,True,0.010121457489878527
YFU,11,32,494,47,10,0.1194331983805668,0.5,0.1098178137651822,0.016194014095714245,0.27860696517412936,False,0.12550607287449392,100,0.2,0.11027327935222672,0.015782113339135567,0.1691542288557214,False,0.006072874493927113
YFU,11,33,494,47,10,0.10931174089068826,0.5,0.10960526315789472,0.016212628643355202,0.48756218905472637,False,0.14777327935222673,225,0.8,0.10886639676113362,0.016530546464199904,0.014925373134328358,True,0.038461538461538464
YFU,11,34,494,47,10,0.13562753036437247,0.8,0.10924089068825911,0.015708143236207776,0.04975124378109453,True,0.14979757085020243,180,0.5,0.11093117408906884,0.016429136170969205,0.009950248756218905,True,0.014170040485829954
YFU,11,35,494,47,10,0.11740890688259109,0.8,0.11,0.015046717240846585,0.373134328358209,False,0.12348178137651822,75,0.2,0.10896761133603239,0.016144806066944614,0.208955223880597,False,0.006072874493927127
YFU,11,36,494,47,10,0.10728744939271255,0.2,0.10836032388663966,0.017735718171191857,0.5223880597014925,False,0.12955465587044535,75,0.8,0.11018218623481783,0.015859650191512163,0.15422885572139303,False,0.022267206477732795
YFU,11,37,494,47,10,0.12955465587044535,0.8,0.10897773279352226,0.016526332421032578,0.13432835820895522,False,0.13157894736842105,75,0.2,0.10923076923076923,0.016481493623062164,0.1044776119402985,False,0.0020242914979757
YFU,11,38,494,47,10,0.1214574898785425,0.5,0.11210526315789475,0.016941981037482248,0.31343283582089554,False,0.12348178137651822,300,0.8,0.11484817813765183,0.01694066528679994,0.36318407960199006,False,0.0020242914979757137
YFU,11,39,494,47,10,0.12348178137651822,0.2,0.1075910931174089,0.01673185548903049,0.18407960199004975,False,0.1417004048582996,225,0.5,0.11051619433198381,0.01690978721586303,0.04477611940298507,True,0.018218623481781382
YFU,11,40,494,47,10,0.10931174089068826,0.2,0.10877530364372469,0.018532368677655408,0.4626865671641791,False,0.13562753036437247,90,0.2,0.11018218623481783,0.016259697086893014,0.0845771144278607,False,0.02631578947368421
YFU,11,41,494,47,10,0.11133603238866396,0.2,0.10822874493927126,0.016358642840278874,0.44776119402985076,False,0.12955465587044535,450,0.5,0.11004048582995951,0.01679976257596342,0.12935323383084577,False,0.018218623481781382
YFU,11,42,494,47,10,0.1194331983805668,0.2,0.10805668016194332,0.016262293057486613,0.2835820895522388,False,0.1194331983805668,900,0.2,0.10805668016194332,0.016262293057486613,0.2835820895522388,False,0.0
YFU,11,43,494,47,10,0.13360323886639677,0.2,0.11137651821862349,0.015732484098533436,0.08955223880597014,False,0.145748987854251,150,0.8,0.11112348178137652,0.017515481684405265,0.04477611940298507,True,0.012145748987854227
YFU,11,44,494,47,10,0.09716599190283401,0.8,0.11063765182186236,0.016839621542548713,0.8258706467661692,False,0.12955465587044535,60,0.8,0.1122672064777328,0.01635607789903261,0.1691542288557214,False,0.032388663967611336
YFU,11,45,494,47,10,0.0951417004048583,0.8,0.10898785425101215,0.01662405662390488,0.7960199004975125,False,0.10728744939271255,90,0.8,0.11087044534412956,0.01735523020460997,0.5870646766169154,False,0.012145748987854255
YFU,11,46,494,47,10,0.10526315789473684,0.8,0.10831983805668016,0.015771740416241152,0.582089552238806,False,0.12753036437246965,450,0.5,0.11035425101214574,0.015460529749571109,0.14427860696517414,False,0.02226720647773281
YFU,11,47,494,47,10,0.0951417004048583,0.2,0.10902834008097166,0.01579789620464578,0.835820895522388,False,0.12955465587044535,150,0.8,0.10963562753036438,0.014816411808765894,0.0945273631840796,False,0.03441295546558705
YFU,11,48,494,47,10,0.11740890688259109,0.5,0.11058704453441295,0.017308419523998336,0.3781094527363184,False,0.12550607287449392,90,0.5,0.1126923076923077,0.016366486232631896,0.263681592039801,False,0.008097165991902827
YFU,11,49,494,47,10,0.11336032388663968,0.2,0.10809716599190285,0.01591472243492398,0.417910447761194,False,0.12348178137651822,300,0.2,0.1095344129554656,0.016782287032646274,0.263681592039801,False,0.010121457489878541
YFU,11,50,494,47,10,0.11740890688259109,0.2,0.10918016194331985,0.015565525794310824,0.3283582089552239,False,0.12550607287449392,225,0.8,0.11089068825910932,0.01808778978231948,0.22885572139303484,False,0.008097165991902827
YFU,11,51,494,47,10,0.10526315789473684,0.8,0.11073886639676114,0.01732683512749695,0.6368159203980099,False,0.1194331983805668,75,0.8,0.1122165991902834,0.016149228051194512,0.36318407960199006,False,0.014170040485829968
YFU,11,52,494,47,10,0.10931174089068826,0.5,0.11041497975708502,0.016090748491697632,0.5472636815920398,False,0.1396761133603239,450,0.5,0.11036437246963562,0.015536238852340097,0.04975124378109453,True,0.030364372469635637
YFU,11,53,494,47,10,0.10526315789473684,0.8,0.1079251012145749,0.01687746183071175,0.5870646766169154,False,0.14777327935222673,180,0.8,0.11102226720647775,0.01678757147052393,0.024875621890547265,True,0.04251012145748989
YFU,11,54,494,47,10,0.1194331983805668,0.5,0.10852226720647774,0.016166066415600158,0.23383084577114427,False,0.1417004048582996,90,0.8,0.10754048582995951,0.01593791450656891,0.03980099502487562,True,0.022267206477732795
YFU,11,55,494,47,10,0.0931174089068826,0.5,0.10926113360323887,0.01834470542549783,0.8109452736318408,False,0.1396761133603239,450,0.5,0.1101923076923077,0.017159384261661106,0.05472636815920398,False,0.046558704453441305
YFU,11,56,494,47,10,0.10121457489878542,0.5,0.11093117408906882,0.017757868443156605,0.7164179104477612,False,0.11336032388663968,60,0.2,0.1095242914979757,0.017084603582537203,0.4079601990049751,False,0.012145748987854255
YFU,11,57,494,47,10,0.12348178137651822,0.5,0.1102834008097166,0.017681123684658042,0.22388059701492538,False,0.13157894736842105,180,0.5,0.10915991902834009,0.01666549735806642,0.0945273631840796,False,0.008097165991902827
YFU,11,58,494,47,10,0.11336032388663968,0.5,0.11034412955465588,0.016065380334154448,0.4427860696517413,False,0.13157894736842105,75,0.8,0.10953441295546558,0.01645016674447955,0.11940298507462686,False,0.018218623481781368
YFU,11,59,494,47,10,0.07894736842105263,0.5,0.10954453441295545,0.01598337963592725,0.9800995024875622,False,0.11740890688259109,180,0.8,0.10949392712550607,0.016861120189191486,0.3383084577114428,False,0.038461538461538464
YFU,11,60,494,47,10,0.08906882591093117,0.2,0.10922064777327936,0.016418225120465167,0.8955223880597015,False,0.11133603238866396,225,0.8,0.11007085020242915,0.015799717668470405,0.527363184079602,False,0.022267206477732795
YFU,11,61,494,47,10,0.11336032388663968,0.2,0.11032388663967611,0.01619560347377613,0.43283582089552236,False,0.1194331983805668,75,0.2,0.10988866396761136,0.015811364858777835,0.2935323383084577,False,0.006072874493927127
YFU,11,62,494,47,10,0.11133603238866396,0.2,0.11107287449392712,0.017674542373171474,0.5323383084577115,False,0.14979757085020243,100,0.8,0.10862348178137651,0.015834870863703984,0.009950248756218905,True,0.038461538461538464
YFU,11,63,494,47,10,0.1194331983805668,0.5,0.1105668016194332,0.016573342392256326,0.3333333333333333,False,0.13562753036437247,225,0.8,0.1084008097165992,0.016692426929817563,0.05970149253731343,False,0.016194331983805668
YFU,11,64,494,47,10,0.11740890688259109,0.5,0.10898785425101215,0.018883449735973768,0.32338308457711445,False,0.13157894736842105,75,0.2,0.11200404858299595,0.01706134089803643,0.16417910447761194,False,0.014170040485829954
YFU,11,65,494,47,10,0.12550607287449392,0.5,0.11012145748987855,0.015976707956535486,0.18407960199004975,False,0.13765182186234817,300,0.8,0.109251012145749,0.016830218528246888,0.06965174129353234,False,0.012145748987854255
YFU,11,66,494,47,10,0.12348178137651822,0.8,0.10903846153846153,0.01586376225439427,0.208955223880597,False,0.12550607287449392,450,0.5,0.109665991902834,0.016759753526370783,0.208955223880597,False,0.0020242914979757
YFU,11,67,494,47,10,0.1437246963562753,0.8,0.10867408906882592,0.01691524181522555,0.024875621890547265,True,0.1437246963562753,900,0.8,0.10867408906882592,0.01691524181522555,0.024875621890547265,True,0.0
YFU,11,68,494,47,10,0.11538461538461539,0.2,0.10891700404858298,0.017251682180840524,0.3880597014925373,False,0.12955465587044535,75,0.2,0.11054655870445344,0.015586298106114185,0.11940298507462686,False,0.014170040485829954
YFU,11,69,494,47,10,0.13157894736842105,0.2,0.10782388663967613,0.015990206284472636,0.1044776119402985,False,0.13360323886639677,60,0.2,0.11031376518218625,0.01651912899602097,0.08955223880597014,False,0.0020242914979757276
YFU,11,70,494,47,10,0.11336032388663968,0.2,0.1095748987854251,0.016723927962861367,0.43781094527363185,False,0.13562753036437247,75,0.5,0.11141700404858298,0.016406359235441276,0.06965174129353234,False,0.022267206477732795
YFU,12,21,494,47,10,0.08906882591093117,0.5,0.1098076923076923,0.017203632240023862,0.8855721393034826,False,0.12753036437246965,300,0.8,0.10718623481781377,0.016371065312408166,0.09950248756218906,False,0.03846153846153848
YFU,12,22,494,47,10,0.10323886639676114,0.2,0.10992914979757085,0.016084860677789848,0.6616915422885572,False,0.10323886639676114,100,0.5,0.1097672064777328,0.01682964041550362,0.6417910447761194,False,0.0
YFU,12,23,494,47,10,0.10121457489878542,0.2,0.10888663967611337,0.01794426732600433,0.681592039800995,False,0.11133603238866396,450,0.2,0.11032388663967613,0.016603680382830513,0.46766169154228854,False,0.010121457489878541
YFU,12,24,494,47,10,0.0728744939271255,0.2,0.10905870445344128,0.01827216141599697,0.9701492537313433,False,0.12955465587044535,100,0.2,0.10988866396761134,0.016605388658391694,0.12935323383084577,False,0.056680161943319846
YFU,12,25,494,47,10,0.10121457489878542,0.2,0.10940283400809715,0.0176091640498685,0.7164179104477612,False,0.11336032388663968,90,0.2,0.10948380566801619,0.0171175723513068,0.39303482587064675,False,0.012145748987854255
YFU,12,26,494,47,10,0.0728744939271255,0.2,0.10869433198380568,0.015868330684315205,1.0,False,0.11133603238866396,300,0.2,0.10726720647773279,0.01663835712462617,0.3781094527363184,False,0.038461538461538464
YFU,12,27,494,47,10,0.08502024291497975,0.2,0.11082995951417005,0.017306563500386923,0.9552238805970149,False,0.10728744939271255,75,0.2,0.11082995951417005,0.016398713851423025,0.5870646766169154,False,0.022267206477732795
YFU,12,28,494,47,10,0.0951417004048583,0.2,0.10816801619433197,0.01770395581878168,0.7761194029850746,False,0.11538461538461539,60,0.2,0.11074898785425102,0.017533333357563206,0.44776119402985076,False,0.020242914979757096
YFU,12,29,494,47,10,0.09919028340080972,0.2,0.10988866396761132,0.01685402014559231,0.7611940298507462,False,0.11740890688259109,300,0.2,0.10694331983805667,0.01558011392690223,0.24875621890547264,False,0.018218623481781368
YFU,12,30,494,47,10,0.11133603238866396,0.2,0.10856275303643724,0.01667707391420948,0.4626865671641791,False,0.12550607287449392,75,0.2,0.10967611336032387,0.016422567214023485,0.1791044776119403,False,0.014170040485829954
YFU,12,31,494,47,10,0.10323886639676114,0.5,0.10950404858299595,0.01676732025368572,0.6616915422885572,False,0.10323886639676114,90,0.8,0.10917004048582996,0.017058202607426357,0.6218905472636815,False,0.0
YFU,12,32,494,47,10,0.08502024291497975,0.2,0.10853238866396761,0.017037871208025277,0.9303482587064676,False,0.11133603238866396,60,0.2,0.11001012145748987,0.01653482792807248,0.47761194029850745,False,0.02631578947368421
YFU,12,33,494,47,10,0.10323886639676114,0.8,0.10851214574898785,0.01708882154350371,0.6368159203980099,False,0.13360323886639677,225,0.2,0.10923076923076923,0.01572578126844092,0.08955223880597014,False,0.030364372469635637
YFU,12,34,494,47,10,0.1194331983805668,0.2,0.11063765182186236,0.0171570080419853,0.3333333333333333,False,0.12348178137651822,100,0.2,0.10934210526315788,0.016630295259123164,0.1791044776119403,False,0.004048582995951414
YFU,12,35,494,47,10,0.0931174089068826,0.2,0.11043522267206476,0.0180245388444884,0.8557213930348259,False,0.10728744939271255,90,0.2,0.10884615384615383,0.01664790870522066,0.5621890547263682,False,0.014170040485829954
YFU,12,36,494,47,10,0.0708502024291498,0.8,0.10880566801619435,0.017784229411777597,0.9900497512437811,False,0.13360323886639677,300,0.2,0.10651821862348179,0.01741782312091373,0.05472636815920398,False,0.06275303643724697
YFU,12,37,494,47,10,0.09919028340080972,0.5,0.10895748987854251,0.017131593112043444,0.736318407960199,False,0.11133603238866396,450,0.2,0.10951417004048583,0.01640656005135878,0.46766169154228854,False,0.01214574898785424
YFU,12,38,494,47,10,0.09716599190283401,0.2,0.11194331983805668,0.01742543496932746,0.8109452736318408,False,0.10526315789473684,90,0.2,0.10975708502024291,0.016768011038763016,0.5771144278606966,False,0.008097165991902827
YFU,12,39,494,47,10,0.1194331983805668,0.2,0.10940283400809717,0.01760565557146188,0.3283582089552239,False,0.12550607287449392,100,0.2,0.1104251012145749,0.013980217848424936,0.15422885572139303,False,0.006072874493927113
YFU,12,40,494,47,10,0.0951417004048583,0.5,0.11063765182186236,0.017702815929248578,0.8208955223880597,False,0.1194331983805668,300,0.2,0.10790485829959515,0.017416212268531735,0.26865671641791045,False,0.02429149797570851
YFU,12,41,494,47,10,0.09716599190283401,0.5,0.11118421052631579,0.017051474460128568,0.8208955223880597,False,0.11133603238866396,90,0.2,0.10800607287449392,0.016222151633273795,0.4079601990049751,False,0.014170040485829954
YFU,12,42,494,47,10,0.08704453441295547,0.2,0.10876518218623481,0.016853204594272694,0.8955223880597015,False,0.11336032388663968,300,0.2,0.10784412955465587,0.01674930681255298,0.373134328358209,False,0.02631578947368421
YFU,12,43,494,47,10,0.08906882591093117,0.8,0.10876518218623481,0.016508795071494713,0.8905472636815921,False,0.13157894736842105,150,0.5,0.11009109311740892,0.016839719367451374,0.11442786069651742,False,0.04251012145748988
YFU,12,44,494,47,10,0.09716599190283401,0.2,0.10986842105263157,0.017389873649930165,0.7810945273631841,False,0.1194331983805668,300,0.2,0.10838056680161942,0.017001771768674574,0.263681592039801,False,0.022267206477732795
YFU,12,45,494,47,10,0.08704453441295547,0.5,0.10978744939271255,0.01751851454918989,0.9203980099502488,False,0.10526315789473684,90,0.2,0.10953441295546558,0.016763872043026186,0.6069651741293532,False,0.018218623481781368
YFU,12,46,494,47,10,0.0931174089068826,0.8,0.10951417004048583,0.01819996467531259,0.8009950248756219,False,0.11133603238866396,150,0.2,0.10889676113360323,0.016209961203635787,0.47761194029850745,False,0.018218623481781368
YFU,12,47,494,47,10,0.10323886639676114,0.2,0.10978744939271255,0.016429107970184865,0.6915422885572139,False,0.1214574898785425,150,0.2,0.10898785425101216,0.01717001621472183,0.25870646766169153,False,0.018218623481781368
YFU,12,48,494,47,10,0.10526315789473684,0.2,0.11231781376518218,0.016470417222176587,0.6865671641791045,False,0.11133603238866396,60,0.2,0.11012145748987855,0.01622482024170336,0.48258706467661694,False,0.006072874493927127
YFU,12,49,494,47,10,0.10728744939271255,0.5,0.10972672064777328,0.018106151926537768,0.5323383084577115,False,0.10526315789473684,900,0.5,0.10983805668016194,0.017884092786320336,0.5920398009950248,False,-0.0020242914979757137
YFU,12,50,494,47,10,0.10323886639676114,0.2,0.10993927125506073,0.016042805741729248,0.6766169154228856,False,0.10931174089068826,225,0.2,0.10922064777327936,0.01564630454073103,0.4975124378109453,False,0.006072874493927127
YFU,12,51,494,47,10,0.11538461538461539,0.2,0.10988866396761136,0.016652444405047973,0.3681592039800995,False,0.11336032388663968,450,0.2,0.11044534412955465,0.01641990879772459,0.4427860696517413,False,-0.0020242914979757137
YFU,12,52,494,47,10,0.0951417004048583,0.8,0.11025303643724696,0.017369660774595518,0.8059701492537313,False,0.10526315789473684,90,0.5,0.10886639676113362,0.016616275948372575,0.6069651741293532,False,0.010121457489878541
YFU,12,53,494,47,10,0.08906882591093117,0.2,0.10907894736842107,0.01631869110317153,0.9203980099502488,False,0.12550607287449392,75,0.2,0.11063765182186235,0.016004519902084454,0.18407960199004975,False,0.03643724696356275
YFU,12,54,494,47,10,0.0931174089068826,0.2,0.10881578947368421,0.01767476081883921,0.8109452736318408,False,0.12550607287449392,100,0.2,0.10846153846153847,0.016140022456504158,0.1691542288557214,False,0.03238866396761132
YFU,12,55,494,47,10,0.0951417004048583,0.5,0.1101417004048583,0.018038804981382845,0.7810945273631841,False,0.1214574898785425,150,0.5,0.1098582995951417,0.016604560895266886,0.2736318407960199,False,0.02631578947368421
YFU,12,56,494,47,10,0.08704453441295547,0.2,0.11010121457489877,0.017866294804838735,0.900497512437811,False,0.11538461538461539,60,0.2,0.10991902834008098,0.017006809416904304,0.3880597014925373,False,0.028340080971659923
YFU,12,57,494,47,10,0.10526315789473684,0.5,0.11080971659919028,0.016184461826450232,0.6666666666666666,False,0.13157894736842105,60,0.2,0.11102226720647775,0.01603986293405797,0.11442786069651742,False,0.02631578947368421
YFU,12,58,494,47,10,0.10323886639676114,0.2,0.11060728744939272,0.016696484972897014,0.7114427860696517,False,0.11133603238866396,100,0.2,0.11059716599190283,0.016744683598786204,0.5323383084577115,False,0.008097165991902827
YFU,12,59,494,47,10,0.10526315789473684,0.2,0.11005060728744938,0.016600179573977962,0.6467661691542289,False,0.10931174089068826,100,0.5,0.11030364372469634,0.017510299325171653,0.5621890547263682,False,0.0040485829959514275
YFU,12,60,494,47,10,0.0728744939271255,0.5,0.10946356275303644,0.017497296993125768,0.9950248756218906,False,0.10728744939271255,100,0.2,0.10894736842105264,0.017251756781154502,0.5771144278606966,False,0.03441295546558705
YFU,12,61,494,47,10,0.08097165991902834,0.2,0.11031376518218625,0.017312805968246164,0.9651741293532339,False,0.13360323886639677,100,0.2,0.1095748987854251,0.01660530495388366,0.0945273631840796,False,0.05263157894736843
YFU,12,62,494,47,10,0.0931174089068826,0.8,0.11053643724696355,0.017465445909521305,0.8507462686567164,False,0.12348178137651822,300,0.2,0.10790485829959513,0.017952995103229608,0.19402985074626866,False,0.030364372469635623
YFU,12,63,494,47,10,0.08097165991902834,0.2,0.11046558704453442,0.017249070966589317,0.9651741293532339,False,0.11740890688259109,90,0.5,0.10791497975708503,0.017161559174310462,0.2537313432835821,False,0.03643724696356275
YFU,12,64,494,47,10,0.09109311740890688,0.5,0.11057692307692309,0.016450977242195568,0.9054726368159204,False,0.11538461538461539,150,0.2,0.10810728744939273,0.015775797077023476,0.3333333333333333,False,0.02429149797570851
YFU,12,65,494,47,10,0.0951417004048583,0.8,0.11040485829959515,0.01573625318579593,0.8208955223880597,False,0.10931174089068826,300,0.8,0.1078744939271255,0.016344428318757435,0.5024875621890548,False,0.014170040485829968
YFU,12,66,494,47,10,0.09109311740890688,0.2,0.10882591093117408,0.016784066077364587,0.8756218905472637,False,0.10931174089068826,75,0.2,0.10880566801619435,0.016168562798549183,0.48756218905472637,False,0.018218623481781382
YFU,12,67,494,47,10,0.10931174089068826,0.5,0.1085931174089069,0.01655013871214761,0.47761194029850745,False,0.13562753036437247,300,0.5,0.1092004048582996,0.016365338116860983,0.07960199004975124,False,0.02631578947368421
YFU,12,68,494,47,10,0.08906882591093117,0.5,0.11064777327935223,0.016179626305793584,0.9154228855721394,False,0.12955465587044535,60,0.2,0.11129554655870443,0.016158638670271692,0.15422885572139303,False,0.04048582995951418
YFU,12,69,494,47,10,0.09109311740890688,0.2,0.10963562753036438,0.017351349961362967,0.8706467661691543,False,0.13157894736842105,90,0.2,0.10822874493927126,0.017284093988488226,0.0845771144278607,False,0.040485829959514164
YFU,12,70,494,47,10,0.11538461538461539,0.2,0.10979757085020242,0.01749765298740853,0.39800995024875624,False,0.14777327935222673,300,0.2,0.10906882591093117,0.01654723013109201,0.009950248756218905,True,0.032388663967611336
YFU,21,22,494,47,10,0.1214574898785425,0.8,0.1097165991902834,0.016789904926621614,0.263681592039801,False,0.12550607287449392,60,0.2,0.110334008097166,0.01632981682681649,0.17412935323383086,False,0.004048582995951414
YFU,21,23,494,47,10,0.12550607287449392,0.2,0.11134615384615384,0.015725332783811146,0.22388059701492538,False,0.12550607287449392,900,0.2,0.11121457489878543,0.015783029900582165,0.22388059701492538,False,0.0
YFU,21,24,494,47,10,0.0931174089068826,0.8,0.11089068825910932,0.017611341878548088,0.8507462686567164,False,0.12955465587044535,90,0.5,0.10928137651821863,0.015405157116924506,0.12437810945273632,False,0.03643724696356275
YFU,21,25,494,47,10,0.13157894736842105,0.8,0.11058704453441295,0.016938030439536175,0.11940298507462686,False,0.13562753036437247,100,0.8,0.10983805668016194,0.016758282162850087,0.07462686567164178,False,0.0040485829959514275
YFU,21,26,494,47,10,0.11336032388663968,0.5,0.11048582995951417,0.01637937734632274,0.417910447761194,False,0.1214574898785425,180,0.8,0.11055668016194332,0.015883220864645706,0.2835820895522388,False,0.008097165991902827
YFU,21,27,494,47,10,0.11538461538461539,0.2,0.11139676113360324,0.016158574952714604,0.4228855721393035,False,0.13765182186234817,100,0.8,0.11069838056680162,0.017790975591271987,0.0945273631840796,False,0.02226720647773278
YFU,21,28,494,47,10,0.10323886639676114,0.8,0.11090080971659919,0.01740400632868159,0.6865671641791045,False,0.12550607287449392,180,0.8,0.11191295546558705,0.01589060888890549,0.21890547263681592,False,0.02226720647773278
YFU,21,29,494,47,10,0.1437246963562753,0.2,0.1101012145748988,0.01741218300733725,0.01990049751243781,True,0.1437246963562753,900,0.2,0.10997975708502025,0.017401914966212358,0.01990049751243781,True,0.0
YFU,21,30,494,47,10,0.1417004048582996,0.8,0.10955465587044534,0.017759677301974242,0.03482587064676617,True,0.13765182186234817,900,0.8,0.10951417004048583,0.01773814456241488,0.07462686567164178,False,-0.0040485829959514275
YFU,21,31,494,47,10,0.14979757085020243,0.2,0.11227732793522267,0.016531440214046476,0.014925373134328358,True,0.14979757085020243,900,0.2,0.11220647773279353,0.016679790106346612,0.01990049751243781,True,0.0
YFU,21,32,494,47,10,0.11538461538461539,0.5,0.1112348178137652,0.016242261686697505,0.42786069651741293,False,0.13765182186234817,100,0.8,0.11020242914979757,0.01639480818320331,0.06467661691542288,False,0.02226720647773278
YFU,21,33,494,47,10,0.1194331983805668,0.8,0.11170040485829957,0.01618130617676431,0.3333333333333333,False,0.1214574898785425,60,0.8,0.11102226720647775,0.015838326311929996,0.27860696517412936,False,0.0020242914979757
YFU,21,34,494,47,10,0.1437246963562753,0.5,0.11114372469635628,0.01699299773242257,0.03980099502487562,True,0.1437246963562753,900,0.5,0.11107287449392712,0.01690395627610488,0.03980099502487562,True,0.0
YFU,21,35,494,47,10,0.1437246963562753,0.5,0.1106174089068826,0.017690365417634,0.06965174129353234,False,0.1437246963562753,900,0.5,0.1108502024291498,0.0175552228836206,0.06965174129353234,False,0.0
YFU,21,36,494,47,10,0.12550607287449392,0.8,0.11002024291497975,0.01781777586106082,0.21890547263681592,False,0.1396761133603239,100,0.2,0.11139676113360324,0.017311512454483285,0.06467661691542288,False,0.014170040485829982
YFU,21,37,494,47,10,0.13157894736842105,0.8,0.1106174089068826,0.01689736169374875,0.13432835820895522,False,0.12955465587044535,100,0.5,0.11182186234817813,0.01696831103201325,0.17412935323383086,False,-0.0020242914979757
YFU,21,38,494,47,10,0.12348178137651822,0.2,0.11054655870445344,0.017742543726846065,0.2736318407960199,False,0.13765182186234817,60,0.2,0.11076923076923077,0.014233345285734923,0.03980099502487562,True,0.014170040485829954
YFU,21,39,494,47,10,0.13562753036437247,0.2,0.11093117408906883,0.017076891059892546,0.0845771144278607,False,0.1417004048582996,60,0.8,0.11105263157894736,0.016128127444956845,0.029850746268656716,True,0.006072874493927127
YFU,21,40,494,47,10,0.12550607287449392,0.8,0.11045546558704455,0.01735507299449244,0.208955223880597,False,0.13157894736842105,60,0.2,0.10963562753036438,0.016877294069811553,0.10945273631840796,False,0.006072874493927127
YFU,21,41,494,47,10,0.12753036437246965,0.8,0.11190283400809717,0.017065021618713202,0.18407960199004975,False,0.12753036437246965,225,0.2,0.11232793522267207,0.016794797692217804,0.20398009950248755,False,0.0
YFU,21,42,494,47,10,0.12348178137651822,0.8,0.11048582995951417,0.016677135650761805,0.22388059701492538,False,0.13562753036437247,100,0.8,0.1104757085020243,0.016961267999403642,0.07960199004975124,False,0.012145748987854255
YFU,21,43,494,47,10,0.13360323886639677,0.5,0.11093117408906882,0.018581772795061242,0.12437810945273632,False,0.13562753036437247,150,0.2,0.11077935222672064,0.01715621589562269,0.07960199004975124,False,0.0020242914979757
YFU,21,44,494,47,10,0.12955465587044535,0.5,0.11063765182186235,0.018231162201540748,0.17412935323383086,False,0.1396761133603239,75,0.2,0.11086032388663968,0.01495961541111451,0.03980099502487562,True,0.010121457489878555
YFU,21,45,494,47,10,0.12955465587044535,0.8,0.11135627530364373,0.017325875443304852,0.15920398009950248,False,0.12955465587044535,100,0.2,0.11031376518218625,0.01659871577514908,0.11442786069651742,False,0.0
YFU,21,46,494,47,10,0.12955465587044535,0.5,0.10951417004048583,0.01687187602124403,0.12437810945273632,False,0.12955465587044535,900,0.5,0.10946356275303643,0.016902284267542166,0.12437810945273632,False,0.0
YFU,21,47,494,47,10,0.11538461538461539,0.2,0.11120445344129555,0.016387820241484847,0.43781094527363185,False,0.12348178137651822,100,0.2,0.11091093117408908,0.017968349476419586,0.22388059701492538,False,0.008097165991902827
YFU,21,48,494,47,10,0.12550607287449392,0.8,0.11243927125506073,0.017317325073776174,0.24875621890547264,False,0.12955465587044535,300,0.2,0.11200404858299595,0.015310809495368458,0.14427860696517414,False,0.0040485829959514275
YFU,21,49,494,47,10,0.12753036437246965,0.8,0.11096153846153847,0.01790346898234686,0.20398009950248755,False,0.1417004048582996,60,0.2,0.11163967611336031,0.015604730372762925,0.03482587064676617,True,0.014170040485829954
YFU,21,50,494,47,10,0.13562753036437247,0.8,0.1104251012145749,0.016630632666961014,0.07960199004975124,False,0.13562753036437247,900,0.8,0.1104757085020243,0.016563247424652896,0.06965174129353234,False,0.0
YFU,21,51,494,47,10,0.11740890688259109,0.8,0.11147773279352226,0.016816264866445635,0.39303482587064675,False,0.12550607287449392,180,0.5,0.11184210526315788,0.01666773671635521,0.21393034825870647,False,0.008097165991902827
YFU,21,52,494,47,10,0.13562753036437247,0.2,0.11089068825910932,0.01715168135398907,0.1044776119402985,False,0.13765182186234817,100,0.2,0.11103238866396761,0.015891091583203034,0.06965174129353234,False,0.0020242914979757
YFU,21,53,494,47,10,0.11538461538461539,0.5,0.10963562753036438,0.017720072166846058,0.3880597014925373,False,0.13360323886639677,60,0.8,0.10964574898785426,0.01440964722490461,0.06965174129353234,False,0.018218623481781382
YFU,21,54,494,47,10,0.13765182186234817,0.8,0.11008097165991902,0.015529080040212938,0.04975124378109453,True,0.13765182186234817,900,0.8,0.11012145748987853,0.015538942434163315,0.04477611940298507,True,0.0
YFU,21,55,494,47,10,0.13360323886639677,0.8,0.10912955465587044,0.016718854344042067,0.1044776119402985,False,0.1396761133603239,75,0.5,0.10892712550607288,0.016358029179282085,0.03980099502487562,True,0.006072874493927127
YFU,21,56,494,47,10,0.12550607287449392,0.5,0.11075910931174089,0.01646841673955472,0.22885572139303484,False,0.13562753036437247,300,0.2,0.109665991902834,0.016344236188534266,0.0945273631840796,False,0.010121457489878555
YFU,21,57,494,47,10,0.13157894736842105,0.2,0.11067813765182186,0.016827805005348608,0.11442786069651742,False,0.13157894736842105,900,0.2,0.11066801619433198,0.01683902540976489,0.11442786069651742,False,0.0
YFU,21,58,494,47,10,0.13360323886639677,0.8,0.11088056680161945,0.017412948727399954,0.13432835820895522,False,0.13360323886639677,900,0.8,0.11081983805668016,0.017338952881066936,0.12935323383084577,False,0.0
YFU,21,59,494,47,10,0.13157894736842105,0.8,0.11121457489878543,0.018154243278291488,0.16417910447761194,False,0.13157894736842105,900,0.8,0.11122469635627531,0.01803082110404019,0.16417910447761194,False,0.0
YFU,21,60,494,47,10,0.11740890688259109,0.8,0.11031376518218622,0.016831549029752275,0.35323383084577115,False,0.12753036437246965,60,0.5,0.11170040485829962,0.01659469896906554,0.20398009950248755,False,0.010121457489878555
YFU,21,61,494,47,10,0.11538461538461539,0.5,0.11059716599190283,0.016030976678763704,0.40298507462686567,False,0.12955465587044535,60,0.2,0.11243927125506073,0.015331893334347719,0.15422885572139303,False,0.014170040485829954
YFU,21,62,494,47,10,0.1437246963562753,0.2,0.11039473684210525,0.017734519364979398,0.04975124378109453,True,0.1437246963562753,900,0.2,0.1101923076923077,0.017715583151964132,0.04477611940298507,True,0.0
YFU,21,63,494,47,10,0.13562753036437247,0.8,0.11076923076923077,0.017276089111512037,0.08955223880597014,False,0.13360323886639677,100,0.8,0.10948380566801622,0.01600217808193982,0.0845771144278607,False,-0.0020242914979757
YFU,21,64,494,47,10,0.1194331983805668,0.8,0.10998987854251013,0.017530617269063374,0.29850746268656714,False,0.12348178137651822,75,0.8,0.10954453441295549,0.015320311734256005,0.18407960199004975,False,0.004048582995951414
YFU,21,65,494,47,10,0.12348178137651822,0.8,0.11105263157894738,0.015357715529750347,0.2537313432835821,False,0.12753036437246965,180,0.8,0.10979757085020242,0.01530694910233194,0.13930348258706468,False,0.0040485829959514275
YFU,21,66,494,47,10,0.13562753036437247,0.5,0.11046558704453442,0.01662909725122124,0.07960199004975124,False,0.13360323886639677,900,0.2,0.1102834008097166,0.016313368383075733,0.0945273631840796,False,-0.0020242914979757
YFU,21,67,494,47,10,0.13765182186234817,0.8,0.11151821862348178,0.016626224157078855,0.05472636815920398,False,0.13765182186234817,75,0.2,0.10913967611336033,0.014935921043762597,0.03980099502487562,True,0.0
YFU,21,68,494,47,10,0.1194331983805668,0.8,0.11064777327935221,0.016617862114135046,0.3034825870646766,False,0.13562753036437247,60,0.5,0.1112246963562753,0.015839756380356992,0.07462686567164178,False,0.016194331983805668
YFU,21,69,494,47,10,0.1194331983805668,0.8,0.11031376518218623,0.016920621638718252,0.31840796019900497,False,0.13360323886639677,60,0.5,0.11087044534412956,0.01559807825589793,0.1044776119402985,False,0.014170040485829968
YFU,21,70,494,47,10,0.12348178137651822,0.5,0.1089068825910931,0.01760179836215561,0.23383084577114427,False,0.1417004048582996,450,0.8,0.11020242914979757,0.01680172360722751,0.029850746268656716,True,0.018218623481781382
YFU,22,23,494,47,10,0.12955465587044535,0.5,0.11011133603238867,0.017009106742935036,0.1691542288557214,False,0.12955465587044535,900,0.5,0.11011133603238867,0.017009106742935036,0.1691542288557214,False,0.0
YFU,22,24,494,47,10,0.09109311740890688,0.2,0.11035425101214574,0.016561432225875774,0.9054726368159204,False,0.12753036437246965,100,0.2,0.108997975708502,0.015446031978986799,0.15422885572139303,False,0.036437246963562764
YFU,22,25,494,47,10,0.1437246963562753,0.5,0.10988866396761132,0.017501344897756767,0.04975124378109453,True,0.1437246963562753,900,0.5,0.10988866396761132,0.017501344897756767,0.04975124378109453,True,0.0
YFU,22,26,494,47,10,0.10931174089068826,0.2,0.11031376518218623,0.015780886824888114,0.5373134328358209,False,0.12955465587044535,100,0.8,0.11016194331983804,0.015364846969498617,0.13432835820895522,False,0.020242914979757082
YFU,22,27,494,47,10,0.12753036437246965,0.5,0.11137651821862349,0.01761344636985171,0.22885572139303484,False,0.13360323886639677,450,0.2,0.11085020242914981,0.016349026171671062,0.10945273631840796,False,0.006072874493927127
YFU,22,28,494,47,10,0.10931174089068826,0.2,0.10824898785425102,0.018150043172946103,0.4925373134328358,False,0.11740890688259109,180,0.2,0.1097672064777328,0.015691171075572684,0.32338308457711445,False,0.008097165991902827
YFU,22,29,494,47,10,0.1396761133603239,0.5,0.11062753036437246,0.016841030777679726,0.04975124378109453,True,0.1417004048582996,300,0.8,0.10997975708502024,0.015221786289733096,0.03482587064676617,True,0.0020242914979757
YFU,22,30,494,47,10,0.12753036437246965,0.2,0.10892712550607289,0.01787274790094252,0.1791044776119403,False,0.13360323886639677,450,0.2,0.11006072874493927,0.01741043266359134,0.1044776119402985,False,0.006072874493927127
YFU,22,31,494,47,10,0.13157894736842105,0.2,0.11220647773279353,0.01673156012065405,0.13930348258706468,False,0.13157894736842105,900,0.2,0.11220647773279353,0.01673156012065405,0.13930348258706468,False,0.0
YFU,22,32,494,47,10,0.11133603238866396,0.2,0.11071862348178138,0.0173356272823697,0.5422885572139303,False,0.11740890688259109,60,0.5,0.11036437246963564,0.014283602593886195,0.3582089552238806,False,0.006072874493927127
YFU,22,33,494,47,10,0.12348178137651822,0.2,0.11149797570850202,0.01682220270734879,0.24875621890547264,False,0.14979757085020243,225,0.8,0.10915991902834009,0.016766509696240533,0.01990049751243781,True,0.02631578947368421
YFU,22,34,494,47,10,0.12348178137651822,0.2,0.10979757085020242,0.016127106005055823,0.21393034825870647,False,0.15789473684210525,180,0.8,0.10891700404858298,0.016729329305654912,0.014925373134328358,True,0.034412955465587036
YFU,22,35,494,47,10,0.12955465587044535,0.8,0.10992914979757085,0.01718051574089323,0.13432835820895522,False,0.12955465587044535,60,0.5,0.10969635627530364,0.016344176344232964,0.13432835820895522,False,0.0
YFU,22,36,494,47,10,0.09716599190283401,0.8,0.10854251012145749,0.01593225778549332,0.7562189054726368,False,0.12955465587044535,60,0.5,0.10892712550607289,0.018183427167833468,0.13432835820895522,False,0.032388663967611336
YFU,22,37,494,47,10,0.13360323886639677,0.5,0.10812753036437246,0.01773498380315191,0.06965174129353234,False,0.13360323886639677,900,0.5,0.10812753036437246,0.01773498380315191,0.06965174129353234,False,0.0
YFU,22,38,494,47,10,0.10931174089068826,0.8,0.11069838056680162,0.0190053383606827,0.5323383084577115,False,0.12550607287449392,60,0.8,0.11111336032388663,0.015229468145860852,0.18407960199004975,False,0.016194331983805654
YFU,22,39,494,47,10,0.13765182186234817,0.5,0.10982793522267206,0.01569846584418373,0.06467661691542288,False,0.13765182186234817,900,0.5,0.10964574898785426,0.015596847171265348,0.06467661691542288,False,0.0
YFU,22,40,494,47,10,0.1214574898785425,0.8,0.11146761133603239,0.016560313168596973,0.2835820895522388,False,0.12753036437246965,60,0.8,0.1098582995951417,0.015686278663480144,0.15422885572139303,False,0.006072874493927141
YFU,22,41,494,47,10,0.13157894736842105,0.8,0.10983805668016196,0.01607082683196072,0.0845771144278607,False,0.13157894736842105,900,0.8,0.10983805668016196,0.01607082683196072,0.0845771144278607,False,0.0
YFU,22,42,494,47,10,0.11133603238866396,0.8,0.11003036437246964,0.017702001677499708,0.527363184079602,False,0.11740890688259109,90,0.2,0.10830971659919028,0.01713106423507483,0.3333333333333333,False,0.006072874493927127
YFU,22,43,494,47,10,0.11740890688259109,0.2,0.11180161943319838,0.017582730923383055,0.36318407960199006,False,0.12550607287449392,60,0.5,0.11133603238866396,0.016161238132385746,0.20398009950248755,False,0.008097165991902827
YFU,22,44,494,47,10,0.10728744939271255,0.2,0.11106275303643724,0.01572949632448204,0.6119402985074627,False,0.12955465587044535,450,0.8,0.1115991902834008,0.0148952396182553,0.1044776119402985,False,0.022267206477732795
YFU,22,45,494,47,10,0.13562753036437247,0.2,0.10954453441295547,0.017538720245021365,0.0945273631840796,False,0.13562753036437247,900,0.2,0.10954453441295547,0.017538720245021365,0.0945273631840796,False,0.0
YFU,22,46,494,47,10,0.1437246963562753,0.2,0.11068825910931174,0.015734839883873877,0.014925373134328358,True,0.1437246963562753,900,0.2,0.11068825910931174,0.015734839883873877,0.014925373134328358,True,0.0
YFU,22,47,494,47,10,0.11740890688259109,0.2,0.10973684210526315,0.01744620879302019,0.35323383084577115,False,0.12753036437246965,150,0.8,0.11,0.01654085746276653,0.1791044776119403,False,0.010121457489878555
YFU,22,48,494,47,10,0.12348178137651822,0.5,0.11135627530364373,0.017263963015972026,0.26865671641791045,False,0.12753036437246965,180,0.5,0.11094129554655872,0.015011446767102858,0.16417910447761194,False,0.0040485829959514275
YFU,22,49,494,47,10,0.15789473684210525,0.8,0.10977732793522266,0.01607655327518551,0.004975124378109453,True,0.15789473684210525,900,0.8,0.10977732793522266,0.01607655327518551,0.004975124378109453,True,0.0
YFU,22,50,494,47,10,0.1396761133603239,0.2,0.10936234817813764,0.017239431417063862,0.05472636815920398,False,0.1396761133603239,900,0.2,0.10936234817813764,0.017239431417063862,0.05472636815920398,False,0.0
YFU,22,51,494,47,10,0.12348178137651822,0.5,0.11011133603238867,0.016263986546646764,0.24875621890547264,False,0.12955465587044535,60,0.5,0.11025303643724696,0.01586142561699306,0.13432835820895522,False,0.006072874493927127
YFU,22,52,494,47,10,0.12955465587044535,0.8,0.11126518218623482,0.016097887775442646,0.13432835820895522,False,0.13765182186234817,450,0.5,0.11010121457489877,0.015462943613406534,0.06467661691542288,False,0.008097165991902827
YFU,22,53,494,47,10,0.11740890688259109,0.8,0.10965587044534413,0.017584370434945918,0.34328358208955223,False,0.1396761133603239,60,0.8,0.11055668016194332,0.017559254502953422,0.05472636815920398,False,0.02226720647773281
YFU,22,54,494,47,10,0.145748987854251,0.8,0.10742914979757084,0.016234348764146776,0.01990049751243781,True,0.145748987854251,900,0.8,0.10742914979757084,0.016234348764146776,0.01990049751243781,True,0.0
YFU,22,55,494,47,10,0.11133603238866396,0.2,0.10949392712550607,0.017606699416845038,0.47761194029850745,False,0.145748987854251,450,0.2,0.11009109311740892,0.01685072104324383,0.014925373134328358,True,0.034412955465587036
YFU,22,56,494,47,10,0.1194331983805668,0.8,0.11188259109311742,0.017652859128446594,0.3482587064676617,False,0.1417004048582996,60,0.2,0.10931174089068825,0.016367605961117797,0.029850746268656716,True,0.022267206477732795
YFU,22,57,494,47,10,0.13562753036437247,0.8,0.11098178137651821,0.016611662195437242,0.08955223880597014,False,0.13562753036437247,300,0.2,0.10986842105263159,0.015314611770715277,0.04975124378109453,True,0.0
YFU,22,58,494,47,10,0.13562753036437247,0.2,0.10961538461538461,0.015635051327144,0.06467661691542288,False,0.13562753036437247,900,0.2,0.10961538461538461,0.015635051327144,0.06467661691542288,False,0.0
YFU,22,59,494,47,10,0.12348178137651822,0.2,0.11084008097165991,0.017827882350674475,0.2736318407960199,False,0.12550607287449392,180,0.2,0.11194331983805668,0.01569190923467593,0.24875621890547264,False,0.0020242914979757
YFU,22,60,494,47,10,0.12753036437246965,0.2,0.10975708502024291,0.01693055216998174,0.12935323383084577,False,0.12753036437246965,900,0.2,0.10975708502024291,0.01693055216998174,0.12935323383084577,False,0.0
YFU,22,61,494,47,10,0.12753036437246965,0.2,0.11161943319838055,0.015970313931703305,0.20398009950248755,False,0.12753036437246965,900,0.2,0.11161943319838055,0.015970313931703305,0.20398009950248755,False,0.0
YFU,22,62,494,47,10,0.12348178137651822,0.5,0.10984817813765181,0.017257386682054267,0.19402985074626866,False,0.12753036437246965,450,0.2,0.11163967611336031,0.01607660450931729,0.17412935323383086,False,0.0040485829959514275
YFU,22,63,494,47,10,0.1396761133603239,0.8,0.11076923076923077,0.016673184050566354,0.05970149253731343,False,0.1396761133603239,900,0.8,0.11076923076923077,0.016673184050566354,0.05970149253731343,False,0.0
YFU,22,64,494,47,10,0.11133603238866396,0.5,0.10989878542510122,0.01755446043696147,0.5024875621890548,False,0.1214574898785425,100,0.5,0.10945344129554657,0.01633928726953661,0.2537313432835821,False,0.010121457489878541
YFU,22,65,494,47,10,0.12348178137651822,0.2,0.11007085020242917,0.016319019180852445,0.23383084577114427,False,0.13360323886639677,60,0.8,0.11039473684210527,0.015904209423293663,0.11442786069651742,False,0.010121457489878555
YFU,22,66,494,47,10,0.1214574898785425,0.5,0.11002024291497975,0.017349344235553645,0.2885572139303483,False,0.13765182186234817,450,0.2,0.11020242914979757,0.017042659558682192,0.05970149253731343,False,0.016194331983805668
YFU,22,67,494,47,10,0.1396761133603239,0.8,0.11043522267206476,0.017497014546227856,0.03980099502487562,True,0.1396761133603239,900,0.8,0.11043522267206476,0.017497014546227856,0.03980099502487562,True,0.0
YFU,22,68,494,47,10,0.10728744939271255,0.2,0.10964574898785426,0.01825732478324083,0.5621890547263682,False,0.13562753036437247,60,0.8,0.11025303643724696,0.016281676922634214,0.08955223880597014,False,0.028340080971659923
YFU,22,69,494,47,10,0.11133603238866396,0.2,0.1099089068825911,0.01623344499999379,0.48258706467661694,False,0.11538461538461539,60,0.2,0.11102226720647773,0.01610520289612499,0.43781094527363185,False,0.0040485829959514275
YFU,22,70,494,47,10,0.11538461538461539,0.8,0.10908906882591093,0.01699807735204077,0.3582089552238806,False,0.13765182186234817,75,0.5,0.11178137651821862,0.01633254349048926,0.07960199004975124,False,0.02226720647773278
YFU,23,24,494,47,10,0.11133603238866396,0.8,0.11129554655870445,0.016622223289537417,0.5174129353233831,False,0.12348178137651822,90,0.2,0.10987854251012145,0.015747136592570817,0.20398009950248755,False,0.012145748987854255
YFU,23,25,494,47,10,0.13765182186234817,0.5,0.11055668016194332,0.01664663156065653,0.06965174129353234,False,0.1396761133603239,450,0.2,0.1106072874493927,0.017232983135856708,0.06467661691542288,False,0.0020242914979757276
YFU,23,26,494,47,10,0.11336032388663968,0.2,0.11049595141700404,0.016721425211021414,0.4427860696517413,False,0.13360323886639677,100,0.8,0.10885627530364372,0.017118366285885887,0.09950248756218906,False,0.020242914979757096
YFU,23,27,494,47,10,0.1214574898785425,0.8,0.11060728744939272,0.016621083547332532,0.29850746268656714,False,0.12955465587044535,450,0.8,0.11057692307692307,0.01606339030003692,0.13930348258706468,False,0.008097165991902841
YFU,23,28,494,47,10,0.09919028340080972,0.2,0.11017206477732794,0.01692359076340394,0.7611940298507462,False,0.12550607287449392,75,0.5,0.10968623481781377,0.015814880780081954,0.16417910447761194,False,0.026315789473684195
YFU,23,29,494,47,10,0.1194331983805668,0.2,0.11158906882591094,0.015612893158452034,0.2935323383084577,False,0.1194331983805668,900,0.2,0.11158906882591094,0.015612893158452034,0.2935323383084577,False,0.0
YFU,23,30,494,47,10,0.11740890688259109,0.8,0.11054655870445344,0.017298280353419553,0.3681592039800995,False,0.1437246963562753,75,0.2,0.11009109311740889,0.015250934480016534,0.01990049751243781,True,0.02631578947368421
YFU,23,31,494,47,10,0.1437246963562753,0.8,0.11178137651821862,0.01582800323811973,0.029850746268656716,True,0.1437246963562753,900,0.8,0.11178137651821862,0.01582800323811973,0.029850746268656716,True,0.0
YFU,23,32,494,47,10,0.12550607287449392,0.2,0.11128542510121456,0.016513443799739184,0.22388059701492538,False,0.12550607287449392,60,0.5,0.11082995951417005,0.016433835625533126,0.20398009950248755,False,0.0
YFU,23,33,494,47,10,0.12348178137651822,0.2,0.1106174089068826,0.016783645871743687,0.25870646766169153,False,0.1437246963562753,225,0.8,0.1083097165991903,0.016108910342160932,0.024875621890547265,True,0.020242914979757082
YFU,23,34,494,47,10,0.1417004048582996,0.8,0.1104757085020243,0.016727778329313964,0.03980099502487562,True,0.1437246963562753,60,0.8,0.11011133603238868,0.01711049748987806,0.029850746268656716,True,0.0020242914979757
YFU,23,35,494,47,10,0.12753036437246965,0.5,0.11015182186234818,0.017131400795034883,0.19900497512437812,False,0.13765182186234817,450,0.8,0.11156882591093117,0.016190742664709226,0.06965174129353234,False,0.010121457489878527
YFU,23,36,494,47,10,0.1194331983805668,0.2,0.10958502024291499,0.01716550331267748,0.29850746268656714,False,0.1396761133603239,60,0.8,0.11026315789473685,0.016313305269871924,0.04477611940298507,True,0.020242914979757096
YFU,23,37,494,47,10,0.1396761133603239,0.8,0.10978744939271255,0.01723051847267474,0.04975124378109453,True,0.1396761133603239,900,0.8,0.10978744939271255,0.01723051847267474,0.04975124378109453,True,0.0
YFU,23,38,494,47,10,0.12955465587044535,0.5,0.11263157894736843,0.017114278934006657,0.17412935323383086,False,0.12955465587044535,900,0.5,0.11263157894736843,0.017114278934006657,0.17412935323383086,False,0.0
YFU,23,39,494,47,10,0.14777327935222673,0.2,0.11046558704453442,0.0165558766057241,0.024875621890547265,True,0.145748987854251,900,0.2,0.11035425101214574,0.016459161344669654,0.029850746268656716,True,-0.0020242914979757276
YFU,23,40,494,47,10,0.13157894736842105,0.2,0.11110323886639677,0.016141065404420722,0.09950248756218906,False,0.13360323886639677,450,0.8,0.11081983805668016,0.01611913335872635,0.0845771144278607,False,0.0020242914979757276
YFU,23,41,494,47,10,0.13157894736842105,0.8,0.10982793522267208,0.016551507279314866,0.13432835820895522,False,0.13157894736842105,900,0.8,0.10982793522267208,0.016551507279314866,0.13432835820895522,False,0.0
YFU,23,42,494,47,10,0.13360323886639677,0.8,0.11001012145748987,0.01677714207826484,0.1044776119402985,False,0.13360323886639677,900,0.8,0.11001012145748987,0.01677714207826484,0.1044776119402985,False,0.0
YFU,23,43,494,47,10,0.13157894736842105,0.5,0.11106275303643724,0.017507579663221612,0.12935323383084577,False,0.1437246963562753,150,0.2,0.11161943319838058,0.015818737627952873,0.03482587064676617,True,0.012145748987854255
YFU,23,44,494,47,10,0.11538461538461539,0.5,0.1112753036437247,0.01636371803567751,0.40298507462686567,False,0.12955465587044535,150,0.8,0.11092105263157893,0.016179444945655635,0.12437810945273632,False,0.014170040485829954
YFU,23,45,494,47,10,0.12348178137651822,0.2,0.1100506072874494,0.017576250428678563,0.21890547263681592,False,0.1396761133603239,450,0.8,0.11114372469635628,0.01610456359502839,0.04477611940298507,True,0.016194331983805682
YFU,23,46,494,47,10,0.11740890688259109,0.2,0.11066801619433198,0.01663974318618067,0.373134328358209,False,0.13360323886639677,450,0.5,0.11026315789473685,0.015044623258976287,0.05970149253731343,False,0.016194331983805682
YFU,23,47,494,47,10,0.10931174089068826,0.5,0.1108502024291498,0.017308336245152548,0.5422885572139303,False,0.12753036437246965,150,0.8,0.10909919028340082,0.015957876280689356,0.10945273631840796,False,0.018218623481781382
YFU,23,48,494,47,10,0.13360323886639677,0.2,0.11098178137651821,0.01746372448650117,0.11442786069651742,False,0.13360323886639677,900,0.2,0.11098178137651821,0.01746372448650117,0.11442786069651742,False,0.0
YFU,23,49,494,47,10,0.13360323886639677,0.2,0.11081983805668016,0.016232430187293607,0.11442786069651742,False,0.13360323886639677,900,0.2,0.11081983805668016,0.016232430187293607,0.11442786069651742,False,0.0
YFU,23,50,494,47,10,0.12753036437246965,0.8,0.11099190283400809,0.017022675522388057,0.18407960199004975,False,0.13765182186234817,450,0.8,0.11102226720647775,0.017656810143419733,0.07462686567164178,False,0.010121457489878527
YFU,23,51,494,47,10,0.1396761133603239,0.8,0.11024291497975708,0.016167403811545543,0.05472636815920398,False,0.1396761133603239,900,0.8,0.11024291497975708,0.016167403811545543,0.05472636815920398,False,0.0
YFU,23,52,494,47,10,0.1214574898785425,0.8,0.11146761133603239,0.01611795804177976,0.27860696517412936,False,0.12955465587044535,150,0.5,0.1115991902834008,0.01683926997961382,0.15920398009950248,False,0.008097165991902841
YFU,23,53,494,47,10,0.12550607287449392,0.2,0.11117408906882592,0.01820037198066936,0.19900497512437812,False,0.1437246963562753,75,0.8,0.1117004048582996,0.015350634434070868,0.024875621890547265,True,0.018218623481781382
YFU,23,54,494,47,10,0.11538461538461539,0.8,0.11007085020242915,0.015223582000221078,0.3880597014925373,False,0.14777327935222673,450,0.8,0.11048582995951417,0.016245570275522668,0.024875621890547265,True,0.032388663967611336
YFU,23,55,494,47,10,0.11740890688259109,0.8,0.11011133603238867,0.016905889995972253,0.3034825870646766,False,0.15587044534412955,150,0.5,0.11063765182186235,0.01685551063929203,0.009950248756218905,True,0.038461538461538464
YFU,23,56,494,47,10,0.145748987854251,0.8,0.10984817813765183,0.016512246666889076,0.01990049751243781,True,0.145748987854251,450,0.8,0.11046558704453442,0.01667238126733279,0.029850746268656716,True,0.0
YFU,23,57,494,47,10,0.1437246963562753,0.5,0.11112348178137652,0.017242966643787255,0.03482587064676617,True,0.1437246963562753,900,0.5,0.11112348178137652,0.017242966643787255,0.03482587064676617,True,0.0
YFU,23,58,494,47,10,0.11133603238866396,0.2,0.1108502024291498,0.016176826133186814,0.5422885572139303,False,0.1437246963562753,60,0.2,0.11209514170040485,0.016473492490320426,0.03482587064676617,True,0.032388663967611336
YFU,23,59,494,47,10,0.10931174089068826,0.8,0.11064777327935221,0.017062946031235475,0.572139303482587,False,0.11538461538461539,150,0.8,0.11092105263157896,0.017230900892007083,0.40298507462686567,False,0.006072874493927127
YFU,23,60,494,47,10,0.11133603238866396,0.5,0.11084008097165991,0.01687370358678412,0.48258706467661694,False,0.12348178137651822,450,0.5,0.10979757085020242,0.01563174524717094,0.21890547263681592,False,0.012145748987854255
YFU,23,61,494,47,10,0.10323886639676114,0.2,0.11224696356275303,0.017447577885890797,0.7164179104477612,False,0.1214574898785425,90,0.5,0.11073886639676114,0.01784092941558185,0.2835820895522388,False,0.018218623481781368
YFU,23,62,494,47,10,0.12348178137651822,0.8,0.11121457489878543,0.015655964852703562,0.25870646766169153,False,0.15182186234817813,450,0.5,0.11131578947368422,0.016131893445628157,0.009950248756218905,True,0.02834008097165991
YFU,23,63,494,47,10,0.11336032388663968,0.2,0.11027327935222672,0.017244805630536993,0.43781094527363185,False,0.13562753036437247,450,0.8,0.10995951417004048,0.01604713072134655,0.05970149253731343,False,0.022267206477732795
YFU,23,64,494,47,10,0.12955465587044535,0.8,0.11030364372469637,0.016820525632754935,0.15422885572139303,False,0.12955465587044535,900,0.8,0.11030364372469637,0.016820525632754935,0.15422885572139303,False,0.0
YFU,23,65,494,47,10,0.12550607287449392,0.2,0.10960526315789472,0.017290669096419787,0.1691542288557214,False,0.12955465587044535,60,0.2,0.1120344129554656,0.01744739790352185,0.1791044776119403,False,0.0040485829959514275
YFU,23,66,494,47,10,0.13360323886639677,0.2,0.11114372469635628,0.016990574003781105,0.1044776119402985,False,0.13360323886639677,450,0.2,0.11131578947368422,0.01625903853088849,0.11442786069651742,False,0.0
YFU,23,67,494,47,10,0.12753036437246965,0.2,0.11137651821862349,0.015517672150933842,0.1691542288557214,False,0.13157894736842105,450,0.2,0.11198380566801619,0.015476214797805992,0.09950248756218906,False,0.0040485829959514
YFU,23,68,494,47,10,0.10526315789473684,0.5,0.1110425101214575,0.015072638637997546,0.6666666666666666,False,0.11740890688259109,60,0.8,0.11003036437246964,0.01639513159781389,0.30845771144278605,False,0.012145748987854255
YFU,23,69,494,47,10,0.12550607287449392,0.8,0.10946356275303643,0.015918522753306203,0.17412935323383086,False,0.12550607287449392,900,0.8,0.10946356275303643,0.015918522753306203,0.17412935323383086,False,0.0
YFU,23,70,494,47,10,0.13562753036437247,0.2,0.11058704453441295,0.017799923138414813,0.08955223880597014,False,0.13562753036437247,900,0.2,0.11058704453441295,0.017799923138414813,0.08955223880597014,False,0.0
YFU,24,25,494,47,10,0.09109311740890688,0.5,0.10998987854251013,0.015608065262788733,0.8805970149253731,False,0.1417004048582996,90,0.5,0.10908906882591093,0.015482905972799882,0.029850746268656716,True,0.05060728744939272
YFU,24,26,494,47,10,0.07692307692307693,0.2,0.11001012145748987,0.015700564430170285,0.9950248756218906,False,0.1214574898785425,180,0.5,0.10917004048582996,0.01566894113837054,0.20398009950248755,False,0.04453441295546558
YFU,24,27,494,47,10,0.08502024291497975,0.2,0.10998987854251013,0.01575251992019276,0.9651741293532339,False,0.14979757085020243,100,0.2,0.10959514170040485,0.014725238857846277,0.014925373134328358,True,0.06477732793522267
YFU,24,28,494,47,10,0.09919028340080972,0.5,0.10977732793522268,0.01723736787114751,0.746268656716418,False,0.12550607287449392,100,0.8,0.11007085020242915,0.01682352160294515,0.20398009950248755,False,0.026315789473684195
YFU,24,29,494,47,10,0.08299595141700405,0.5,0.10786437246963562,0.017078552002804295,0.9203980099502488,False,0.12550607287449392,90,0.5,0.11125506072874494,0.0155506525238799,0.21393034825870647,False,0.04251012145748986
YFU,24,30,494,47,10,0.1194331983805668,0.2,0.11030364372469634,0.017399406182906356,0.31840796019900497,False,0.1437246963562753,100,0.2,0.1082995951417004,0.016394004328963083,0.01990049751243781,True,0.024291497975708495
YFU,24,31,494,47,10,0.10323886639676114,0.2,0.10928137651821863,0.01626851853246099,0.6169154228855721,False,0.13360323886639677,90,0.8,0.10892712550607289,0.015687171289733706,0.06965174129353234,False,0.030364372469635637
YFU,24,32,494,47,10,0.0931174089068826,0.5,0.11129554655870447,0.01622223096803604,0.8855721393034826,False,0.12955465587044535,90,0.8,0.1093825910931174,0.015511590044079123,0.0945273631840796,False,0.03643724696356275
YFU,24,33,494,47,10,0.12348178137651822,0.2,0.11117408906882592,0.016415794927980096,0.25870646766169153,False,0.1417004048582996,225,0.2,0.11031376518218623,0.015948324603293276,0.03482587064676617,True,0.018218623481781382
YFU,24,34,494,47,10,0.12348178137651822,0.2,0.10924089068825911,0.01620625146254954,0.21393034825870647,False,0.1417004048582996,75,0.2,0.11031376518218623,0.015573355433032994,0.029850746268656716,True,0.018218623481781382
YFU,24,35,494,47,10,0.09109311740890688,0.8,0.10989878542510122,0.015622982728763142,0.9054726368159204,False,0.14777327935222673,90,0.2,0.1087753036437247,0.01576192897072666,0.029850746268656716,True,0.056680161943319846
YFU,24,36,494,47,10,0.10323886639676114,0.2,0.10760121457489878,0.016370244568841598,0.6268656716417911,False,0.1396761133603239,100,0.5,0.10925101214574898,0.01502133715343616,0.01990049751243781,True,0.036437246963562764
YFU,24,37,494,47,10,0.0951417004048583,0.2,0.10888663967611337,0.015531771610342412,0.8208955223880597,False,0.12955465587044535,100,0.8,0.1114068825910931,0.01562665633743746,0.12437810945273632,False,0.03441295546558705
YFU,24,38,494,47,10,0.10728744939271255,0.2,0.11118421052631579,0.017675273427404964,0.5970149253731343,False,0.14979757085020243,100,0.2,0.1100506072874494,0.015371301955324159,0.014925373134328358,True,0.04251012145748988
YFU,24,39,494,47,10,0.11740890688259109,0.2,0.10864372469635626,0.0167015037408598,0.3681592039800995,False,0.15789473684210525,75,0.5,0.11054655870445344,0.015298269751438446,0.004975124378109453,True,0.040485829959514164
YFU,24,40,494,47,10,0.0931174089068826,0.5,0.11018218623481783,0.016966211476404133,0.8557213930348259,False,0.145748987854251,90,0.2,0.10898785425101214,0.015075428775515182,0.014925373134328358,True,0.052631578947368404
YFU,24,41,494,47,10,0.08502024291497975,0.8,0.10982793522267206,0.01609995987775225,0.9303482587064676,False,0.13157894736842105,90,0.5,0.10961538461538461,0.015504117700555865,0.09950248756218906,False,0.04655870445344129
YFU,24,42,494,47,10,0.08906882591093117,0.5,0.10993927125506073,0.01649092378572313,0.8905472636815921,False,0.14777327935222673,90,0.2,0.10836032388663969,0.01521339673729118,0.004975124378109453,True,0.05870445344129556
YFU,24,43,494,47,10,0.1214574898785425,0.2,0.11098178137651821,0.01745310922551386,0.3383084577114428,False,0.14777327935222673,100,0.2,0.11119433198380566,0.016743862721960025,0.004975124378109453,True,0.026315789473684223
YFU,24,44,494,47,10,0.09109311740890688,0.5,0.1097672064777328,0.01610819448802552,0.9054726368159204,False,0.1417004048582996,100,0.5,0.10870445344129553,0.01536972446910859,0.029850746268656716,True,0.05060728744939272
YFU,24,45,494,47,10,0.08704453441295547,0.8,0.1101012145748988,0.015464275239062067,0.9552238805970149,False,0.13765182186234817,90,0.8,0.10844129554655871,0.015960601977595586,0.04477611940298507,True,0.050607287449392704
YFU,24,46,494,47,10,0.09919028340080972,0.2,0.11128542510121457,0.017039998187284945,0.7661691542288557,False,0.1417004048582996,100,0.2,0.10961538461538461,0.016781010912007836,0.03482587064676617,True,0.04251012145748988
YFU,24,47,494,47,10,0.10728744939271255,0.5,0.10871457489878543,0.015745354818999836,0.5174129353233831,False,0.14777327935222673,75,0.5,0.10910931174089068,0.016200688435745625,0.014925373134328358,True,0.04048582995951418
YFU,24,48,494,47,10,0.10728744939271255,0.2,0.11054655870445343,0.017714667776313753,0.5671641791044776,False,0.1396761133603239,75,0.2,0.11162955465587045,0.01635803862039486,0.05970149253731343,False,0.03238866396761135
YFU,24,49,494,47,10,0.11133603238866396,0.5,0.10949392712550608,0.016405543395498927,0.4527363184079602,False,0.12550607287449392,90,0.5,0.10873481781376519,0.014680895325080696,0.13930348258706468,False,0.014170040485829954
YFU,24,50,494,47,10,0.10121457489878542,0.2,0.108997975708502,0.01667928085401379,0.7263681592039801,False,0.14979757085020243,90,0.5,0.10943319838056681,0.015810404355433544,0.014925373134328358,True,0.048582995951417005
YFU,24,51,494,47,10,0.11336032388663968,0.2,0.10940283400809717,0.016760810125284673,0.43283582089552236,False,0.12753036437246965,100,0.5,0.1104757085020243,0.015344835025000739,0.14925373134328357,False,0.014170040485829968
YFU,24,52,494,47,10,0.08299595141700405,0.2,0.11016194331983804,0.016748596814134712,0.9502487562189055,False,0.14777327935222673,100,0.5,0.10998987854251013,0.016781658187247535,0.024875621890547265,True,0.06477732793522267
YFU,24,53,494,47,10,0.11740890688259109,0.5,0.10902834008097166,0.01655653579186612,0.3333333333333333,False,0.1396761133603239,100,0.2,0.10996963562753038,0.015332081362383483,0.04477611940298507,True,0.02226720647773281
YFU,24,54,494,47,10,0.0951417004048583,0.5,0.10895748987854251,0.016265936214855486,0.7960199004975125,False,0.15991902834008098,100,0.8,0.10986842105263157,0.015939206451287904,0.004975124378109453,True,0.06477732793522269
YFU,24,55,494,47,10,0.0951417004048583,0.5,0.10872469635627531,0.01585975406099912,0.8109452736318408,False,0.13765182186234817,180,0.5,0.10965587044534413,0.015631573996891707,0.03980099502487562,True,0.04251012145748988
YFU,24,56,494,47,10,0.08097165991902834,0.5,0.1095748987854251,0.016204895035283034,0.9751243781094527,False,0.13765182186234817,90,0.5,0.10926113360323887,0.01586993970434659,0.04477611940298507,True,0.05668016194331983
YFU,24,57,494,47,10,0.10323886639676114,0.5,0.10946356275303644,0.016598641341251347,0.6417910447761194,False,0.13562753036437247,180,0.2,0.10992914979757085,0.014594830672438597,0.05472636815920398,False,0.032388663967611336
YFU,24,58,494,47,10,0.10323886639676114,0.2,0.11094129554655868,0.01632313221056439,0.6865671641791045,False,0.12955465587044535,90,0.8,0.1089068825910931,0.014860208930398123,0.09950248756218906,False,0.02631578947368421
YFU,24,59,494,47,10,0.08704453441295547,0.2,0.10964574898785426,0.017237448506378164,0.9054726368159204,False,0.12348178137651822,90,0.8,0.108582995951417,0.015917361731014098,0.19402985074626866,False,0.03643724696356275
YFU,24,60,494,47,10,0.08502024291497975,0.8,0.11041497975708502,0.016299272297494987,0.9651741293532339,False,0.13562753036437247,90,0.8,0.10750000000000001,0.015583136949323029,0.05472636815920398,False,0.05060728744939272
YFU,24,61,494,47,10,0.0728744939271255,0.8,0.1099898785425101,0.016590377102751394,0.9950248756218906,False,0.13360323886639677,90,0.5,0.11091093117408907,0.01483189990080532,0.05970149253731343,False,0.06072874493927127
YFU,24,62,494,47,10,0.08906882591093117,0.8,0.10987854251012145,0.017168481061581146,0.9154228855721394,False,0.14979757085020243,100,0.5,0.11049595141700404,0.01613608926677349,0.024875621890547265,True,0.06072874493927126
YFU,24,63,494,47,10,0.09919028340080972,0.2,0.10855263157894736,0.018934629503690483,0.7014925373134329,False,0.15182186234817813,90,0.5,0.10935222672064776,0.014837965711872719,0.004975124378109453,True,0.052631578947368404
YFU,24,64,494,47,10,0.10931174089068826,0.5,0.11058704453441295,0.016766967174766934,0.5323383084577115,False,0.13157894736842105,90,0.2,0.10834008097165991,0.016733344558523686,0.10945273631840796,False,0.02226720647773278
YFU,24,65,494,47,10,0.11336032388663968,0.2,0.10930161943319838,0.017344296257364007,0.48756218905472637,False,0.14777327935222673,75,0.5,0.11087044534412956,0.016816509767311097,0.014925373134328358,True,0.03441295546558705
YFU,24,66,494,47,10,0.11336032388663968,0.5,0.1106174089068826,0.016325907289193354,0.42786069651741293,False,0.13360323886639677,75,0.5,0.10881578947368421,0.015556818632599702,0.05970149253731343,False,0.020242914979757096
YFU,24,67,494,47,10,0.10121457489878542,0.2,0.11008097165991904,0.015570132135462524,0.7114427860696517,False,0.13360323886639677,100,0.8,0.1104757085020243,0.015704288729632754,0.1044776119402985,False,0.03238866396761135
YFU,24,68,494,47,10,0.08299595141700405,0.2,0.10937246963562754,0.01780177399301542,0.9502487562189055,False,0.13360323886639677,90,0.2,0.10997975708502025,0.016166474014657012,0.09950248756218906,False,0.05060728744939272
YFU,24,69,494,47,10,0.11740890688259109,0.5,0.10710526315789473,0.01747875468231682,0.29850746268656714,False,0.1417004048582996,90,0.5,0.10879554655870446,0.01602432160369421,0.029850746268656716,True,0.02429149797570851
YFU,24,70,494,47,10,0.11336032388663968,0.2,0.10993927125506073,0.01781504823531885,0.43781094527363185,False,0.145748987854251,75,0.2,0.11100202429149796,0.0159957427453596,0.014925373134328358,True,0.03238866396761132
YFU,25,26,494,47,10,0.09109311740890688,0.2,0.10993927125506073,0.016161735040772375,0.9154228855721394,False,0.13360323886639677,100,0.5,0.11037449392712549,0.01595599221332832,0.10945273631840796,False,0.04251012145748989
YFU,25,27,494,47,10,0.09109311740890688,0.8,0.10979757085020242,0.01687216893321567,0.8855721393034826,False,0.12348178137651822,450,0.8,0.10972672064777328,0.016192167042440093,0.21890547263681592,False,0.032388663967611336
YFU,25,28,494,47,10,0.12348178137651822,0.2,0.10844129554655871,0.017473240299589722,0.20398009950248755,False,0.12550607287449392,90,0.8,0.11041497975708502,0.016776160154571194,0.21393034825870647,False,0.0020242914979757
YFU,25,29,494,47,10,0.13562753036437247,0.2,0.10956477732793521,0.016625911430451498,0.06965174129353234,False,0.13562753036437247,900,0.2,0.10956477732793521,0.016625911430451498,0.06965174129353234,False,0.0
YFU,25,30,494,47,10,0.13765182186234817,0.5,0.10953441295546558,0.018246056786424686,0.0845771144278607,False,0.13765182186234817,900,0.5,0.10953441295546558,0.018246056786424686,0.0845771144278607,False,0.0
YFU,25,31,494,47,10,0.145748987854251,0.2,0.10983805668016194,0.017056669463258296,0.014925373134328358,True,0.145748987854251,900,0.2,0.10983805668016194,0.017056669463258296,0.014925373134328358,True,0.0
YFU,25,32,494,47,10,0.12348178137651822,0.8,0.10882591093117408,0.016350285631757736,0.208955223880597,False,0.14979757085020243,225,0.2,0.11011133603238867,0.016051156268333273,0.01990049751243781,True,0.02631578947368421
YFU,25,33,494,47,10,0.10931174089068826,0.5,0.11115384615384617,0.016903810096161643,0.5472636815920398,False,0.145748987854251,225,0.2,0.10836032388663966,0.015931417667070992,0.01990049751243781,True,0.036437246963562736
YFU,25,34,494,47,10,0.13562753036437247,0.2,0.10986842105263157,0.016400204918264622,0.06467661691542288,False,0.1680161943319838,60,0.5,0.1110425101214575,0.01756596106662249,0.004975124378109453,True,0.032388663967611336
YFU,25,35,494,47,10,0.12753036437246965,0.8,0.10852226720647774,0.016181344353623194,0.13432835820895522,False,0.1396761133603239,60,0.2,0.11123481781376517,0.01734222144176661,0.03980099502487562,True,0.012145748987854255
YFU,25,36,494,47,10,0.11133603238866396,0.2,0.10807692307692308,0.01591962548436957,0.472636815920398,False,0.12550607287449392,75,0.8,0.11036437246963562,0.016180288093965704,0.18407960199004975,False,0.014170040485829954
YFU,25,37,494,47,10,0.11133603238866396,0.2,0.10942307692307691,0.01748465302804401,0.47761194029850745,False,0.12348178137651822,450,0.2,0.11048582995951417,0.0181811281582691,0.2835820895522388,False,0.012145748987854255
YFU,25,38,494,47,10,0.12955465587044535,0.8,0.11154858299595143,0.018772943092316013,0.1890547263681592,False,0.12955465587044535,900,0.8,0.11154858299595143,0.018772943092316013,0.1890547263681592,False,0.0
YFU,25,39,494,47,10,0.1437246963562753,0.8,0.10849190283400809,0.01616008817682359,0.024875621890547265,True,0.14979757085020243,90,0.5,0.10924089068825911,0.017207079085854563,0.014925373134328358,True,0.006072874493927127
YFU,25,40,494,47,10,0.12955465587044535,0.2,0.11048582995951417,0.01699634493920118,0.14427860696517414,False,0.16194331983805668,90,0.2,0.1115991902834008,0.017995512079592563,0.009950248756218905,True,0.032388663967611336
YFU,25,41,494,47,10,0.1194331983805668,0.2,0.10974696356275304,0.017232788963064974,0.2835820895522388,False,0.1417004048582996,90,0.5,0.11017206477732794,0.018321117981953183,0.06467661691542288,False,0.022267206477732795
YFU,25,42,494,47,10,0.10931174089068826,0.2,0.10810728744939273,0.016760564410551022,0.472636815920398,False,0.13765182186234817,90,0.8,0.10901821862348178,0.01833792433566835,0.07462686567164178,False,0.02834008097165991
YFU,25,43,494,47,10,0.10728744939271255,0.8,0.11071862348178138,0.01652560972772827,0.5671641791044776,False,0.1720647773279352,150,0.8,0.11177125506072874,0.0171068626652384,0.004975124378109453,True,0.06477732793522266
YFU,25,44,494,47,10,0.11740890688259109,0.2,0.10925101214574898,0.016517773329198182,0.3333333333333333,False,0.1417004048582996,450,0.8,0.11172064777327934,0.016063329409437863,0.03980099502487562,True,0.02429149797570851
YFU,25,45,494,47,10,0.10728744939271255,0.2,0.10831983805668016,0.018139889139950745,0.4975124378109453,False,0.12550607287449392,60,0.2,0.11296558704453442,0.017944390685977613,0.24875621890547264,False,0.018218623481781368
YFU,25,46,494,47,10,0.12550607287449392,0.8,0.1095242914979757,0.015138072613757941,0.15422885572139303,False,0.14979757085020243,90,0.2,0.11062753036437246,0.017195553981528368,0.024875621890547265,True,0.02429149797570851
YFU,25,47,494,47,10,0.10931174089068826,0.5,0.10848178137651822,0.017092788489514777,0.5074626865671642,False,0.13157894736842105,60,0.5,0.10955465587044536,0.015483930012780428,0.10945273631840796,False,0.02226720647773278
YFU,25,48,494,47,10,0.11538461538461539,0.8,0.11123481781376517,0.01760384550797412,0.40298507462686567,False,0.1417004048582996,180,0.5,0.11064777327935221,0.017471979288153437,0.04975124378109453,True,0.02631578947368421
YFU,25,49,494,47,10,0.1417004048582996,0.5,0.10896761133603239,0.016395398488561568,0.029850746268656716,True,0.1417004048582996,900,0.5,0.10896761133603239,0.016395398488561568,0.029850746268656716,True,0.0
YFU,25,50,494,47,10,0.13360323886639677,0.5,0.10753036437246964,0.015943885644538348,0.05970149253731343,False,0.13360323886639677,100,0.5,0.11134615384615383,0.017832501872194016,0.12437810945273632,False,0.0
YFU,25,51,494,47,10,0.12348178137651822,0.2,0.10980769230769231,0.018164287260018463,0.24875621890547264,False,0.13157894736842105,75,0.5,0.11088056680161945,0.015551443696538401,0.11940298507462686,False,0.008097165991902827
YFU,25,52,494,47,10,0.08704453441295547,0.2,0.11040485829959515,0.015058208424040568,0.945273631840796,False,0.15182186234817813,100,0.8,0.110334008097166,0.01854849516554478,0.014925373134328358,True,0.06477732793522266
YFU,25,53,494,47,10,0.13360323886639677,0.2,0.10757085020242915,0.016782593777948832,0.0945273631840796,False,0.1396761133603239,90,0.5,0.1104251012145749,0.016303001921330728,0.024875621890547265,True,0.006072874493927127
YFU,25,54,494,47,10,0.1194331983805668,0.5,0.1085931174089069,0.015578511321948676,0.2537313432835821,False,0.14979757085020243,450,0.8,0.10918016194331984,0.016802259786865732,0.01990049751243781,True,0.030364372469635623
YFU,25,55,494,47,10,0.10931174089068826,0.2,0.10823886639676113,0.016217089273173873,0.4626865671641791,False,0.145748987854251,180,0.5,0.11246963562753036,0.017059566627738103,0.04975124378109453,True,0.036437246963562736
YFU,25,56,494,47,10,0.08502024291497975,0.8,0.10871457489878543,0.01771932552930746,0.9154228855721394,False,0.15587044534412955,60,0.8,0.11037449392712549,0.017894104282983818,0.01990049751243781,True,0.0708502024291498
YFU,25,57,494,47,10,0.11133603238866396,0.8,0.10923076923076923,0.0168777820968908,0.5024875621890548,False,0.1437246963562753,180,0.5,0.11029352226720648,0.01722334653801974,0.03980099502487562,True,0.032388663967611336
YFU,25,58,494,47,10,0.11336032388663968,0.2,0.11041497975708502,0.016779842072142892,0.46766169154228854,False,0.1417004048582996,90,0.2,0.11026315789473685,0.017558354432578954,0.04477611940298507,True,0.028340080971659923
YFU,25,59,494,47,10,0.11336032388663968,0.2,0.10889676113360323,0.015692299624785272,0.417910447761194,False,0.12348178137651822,180,0.2,0.1110425101214575,0.01650466280908138,0.22885572139303484,False,0.010121457489878541
YFU,25,60,494,47,10,0.1214574898785425,0.2,0.10790485829959515,0.016242829011770137,0.21890547263681592,False,0.1214574898785425,900,0.2,0.10790485829959515,0.016242829011770137,0.21890547263681592,False,0.0
YFU,25,61,494,47,10,0.10323886639676114,0.2,0.10937246963562754,0.017875651034169417,0.6915422885572139,False,0.12348178137651822,75,0.2,0.11001012145748987,0.01779331343833839,0.22388059701492538,False,0.020242914979757082
YFU,25,62,494,47,10,0.10121457489878542,0.2,0.10956477732793521,0.018401303834001452,0.6766169154228856,False,0.13765182186234817,150,0.8,0.11012145748987855,0.01801345674149768,0.04477611940298507,True,0.03643724696356275
YFU,25,63,494,47,10,0.12348178137651822,0.2,0.11027327935222672,0.015972760335233545,0.21393034825870647,False,0.145748987854251,180,0.8,0.1077429149797571,0.015399755989810162,0.009950248756218905,True,0.02226720647773278
YFU,25,64,494,47,10,0.11538461538461539,0.2,0.10806680161943319,0.016678762326572023,0.3482587064676617,False,0.1194331983805668,75,0.2,0.11143724696356276,0.0175476086610361,0.3482587064676617,False,0.004048582995951414
YFU,25,65,494,47,10,0.12753036437246965,0.8,0.10941295546558705,0.016594686560436268,0.14925373134328357,False,0.13360323886639677,60,0.2,0.11112348178137652,0.016132413595256523,0.10945273631840796,False,0.006072874493927127
YFU,25,66,494,47,10,0.12550607287449392,0.8,0.10923076923076923,0.015022611973682017,0.15920398009950248,False,0.12753036437246965,100,0.2,0.11138663967611336,0.01609412661206553,0.17412935323383086,False,0.0020242914979757276
YFU,25,67,494,47,10,0.15182186234817813,0.8,0.10866396761133604,0.016201654398099025,0.009950248756218905,True,0.15182186234817813,900,0.8,0.10866396761133604,0.016201654398099025,0.009950248756218905,True,0.0
YFU,25,68,494,47,10,0.08906882591093117,0.8,0.1078846153846154,0.01675405165702957,0.8706467661691543,False,0.15182186234817813,60,0.2,0.11107287449392712,0.015777379642468906,0.014925373134328358,True,0.06275303643724696
YFU,25,69,494,47,10,0.11740890688259109,0.5,0.10808704453441295,0.016152185991952575,0.31343283582089554,False,0.15182186234817813,60,0.5,0.11143724696356275,0.015268574705287127,0.014925373134328358,True,0.034412955465587036
YFU,25,70,494,47,10,0.13157894736842105,0.2,0.10950404858299595,0.01650116907079178,0.0945273631840796,False,0.14777327935222673,75,0.2,0.11142712550607285,0.016873459516027995,0.01990049751243781,True,0.016194331983805682
YFU,26,27,494,47,10,0.07894736842105263,0.5,0.1096255060728745,0.01666816602102246,0.9800995024875622,False,0.1417004048582996,100,0.2,0.10967611336032389,0.01601630422145223,0.01990049751243781,True,0.06275303643724697
YFU,26,28,494,47,10,0.0951417004048583,0.2,0.11023279352226721,0.016335868458461404,0.8258706467661692,False,0.12753036437246965,100,0.2,0.11037449392712549,0.015392399923867104,0.15422885572139303,False,0.03238866396761135
YFU,26,29,494,47,10,0.1194331983805668,0.2,0.1110323886639676,0.015723044330970513,0.2885572139303483,False,0.13562753036437247,100,0.8,0.11171052631578947,0.015611758869073372,0.07960199004975124,False,0.016194331983805668
YFU,26,30,494,47,10,0.11133603238866396,0.2,0.11002024291497975,0.015513411939971066,0.5074626865671642,False,0.11740890688259109,75,0.2,0.11096153846153847,0.01636015329235949,0.38308457711442784,False,0.006072874493927127
YFU,26,31,494,47,10,0.11740890688259109,0.5,0.11044534412955465,0.01659827226824437,0.36318407960199006,False,0.13157894736842105,100,0.8,0.10997975708502025,0.016103940252023746,0.11940298507462686,False,0.014170040485829954
YFU,26,32,494,47,10,0.12348178137651822,0.8,0.109665991902834,0.017416496025816852,0.21393034825870647,False,0.1417004048582996,100,0.8,0.11007085020242915,0.016100522624920805,0.04975124378109453,True,0.018218623481781382
YFU,26,33,494,47,10,0.08299595141700405,0.2,0.10918016194331984,0.015900583751591136,0.9701492537313433,False,0.12550607287449392,180,0.8,0.10814777327935221,0.015904934458453663,0.15422885572139303,False,0.04251012145748986
YFU,26,34,494,47,10,0.10526315789473684,0.8,0.11018218623481783,0.015847960527917412,0.6467661691542289,False,0.13360323886639677,60,0.5,0.11010121457489878,0.016538803247657618,0.08955223880597014,False,0.028340080971659937
YFU,26,35,494,47,10,0.10526315789473684,0.2,0.11056680161943319,0.016629159165889227,0.6069651741293532,False,0.12955465587044535,100,0.2,0.11010121457489877,0.016619534859309705,0.14925373134328357,False,0.02429149797570851
YFU,26,36,494,47,10,0.0931174089068826,0.2,0.10880566801619435,0.017297042301165237,0.8109452736318408,False,0.13562753036437247,150,0.8,0.10822874493927127,0.015195746661752699,0.03980099502487562,True,0.04251012145748988
YFU,26,37,494,47,10,0.11740890688259109,0.2,0.10951417004048583,0.016111469899628368,0.2935323383084577,False,0.12550607287449392,450,0.5,0.11027327935222672,0.016762824850242077,0.21393034825870647,False,0.008097165991902827
YFU,26,38,494,47,10,0.10121457489878542,0.2,0.11043522267206479,0.0172074620261048,0.7064676616915423,False,0.12955465587044535,60,0.8,0.10888663967611337,0.016707026341864193,0.10945273631840796,False,0.028340080971659923
YFU,26,39,494,47,10,0.1194331983805668,0.2,0.1094736842105263,0.015605535297715916,0.30845771144278605,False,0.13765182186234817,100,0.5,0.11049595141700404,0.01601696954370626,0.06467661691542288,False,0.018218623481781368
YFU,26,40,494,47,10,0.10323886639676114,0.2,0.11008097165991902,0.017555598229812088,0.6915422885572139,False,0.13562753036437247,100,0.2,0.10982793522267208,0.016156137567521246,0.07462686567164178,False,0.032388663967611336
YFU,26,41,494,47,10,0.10931174089068826,0.8,0.11052631578947368,0.016315943193613246,0.5771144278606966,False,0.13562753036437247,225,0.2,0.11025303643724696,0.017111676836582674,0.0845771144278607,False,0.02631578947368421
YFU,26,42,494,47,10,0.0931174089068826,0.2,0.11008097165991902,0.01719293124847142,0.8656716417910447,False,0.1396761133603239,100,0.5,0.11040485829959515,0.015857481760630888,0.04477611940298507,True,0.046558704453441305
YFU,26,43,494,47,10,0.10526315789473684,0.8,0.11016194331983806,0.015961698576392007,0.6666666666666666,False,0.12955465587044535,150,0.8,0.11013157894736843,0.015179775203750799,0.14427860696517414,False,0.02429149797570851
YFU,26,44,494,47,10,0.10121457489878542,0.2,0.11007085020242915,0.015618827050345042,0.7263681592039801,False,0.15587044534412955,100,0.5,0.11021255060728745,0.015260409907006622,0.004975124378109453,True,0.05465587044534413
YFU,26,45,494,47,10,0.08502024291497975,0.2,0.11002024291497975,0.016712152837278303,0.9751243781094527,False,0.13157894736842105,100,0.5,0.11092105263157893,0.015763000200794786,0.11940298507462686,False,0.04655870445344129
YFU,26,46,494,47,10,0.10728744939271255,0.2,0.11038461538461539,0.01581856840203506,0.5671641791044776,False,0.1214574898785425,60,0.8,0.10896761133603239,0.01657154072522369,0.2885572139303483,False,0.014170040485829954
YFU,26,47,494,47,10,0.11133603238866396,0.5,0.11176113360323887,0.015507889177784048,0.5074626865671642,False,0.1396761133603239,300,0.2,0.10979757085020245,0.016256822040678177,0.04477611940298507,True,0.028340080971659937
YFU,26,48,494,47,10,0.09919028340080972,0.5,0.11066801619433198,0.01706134089803643,0.7562189054726368,False,0.1214574898785425,100,0.8,0.11072874493927126,0.016133182620114348,0.27860696517412936,False,0.02226720647773278
YFU,26,49,494,47,10,0.11133603238866396,0.2,0.10970647773279353,0.016883707449932082,0.4975124378109453,False,0.13157894736842105,60,0.8,0.10784412955465587,0.01693392996001919,0.12437810945273632,False,0.020242914979757082
YFU,26,50,494,47,10,0.11336032388663968,0.2,0.11143724696356275,0.015299561873685518,0.4626865671641791,False,0.13562753036437247,180,0.2,0.11015182186234818,0.015371435916971456,0.07462686567164178,False,0.022267206477732795
YFU,26,51,494,47,10,0.11336032388663968,0.2,0.11115384615384614,0.016490674049623115,0.48258706467661694,False,0.13157894736842105,300,0.2,0.11130566801619433,0.016210189858525147,0.13432835820895522,False,0.018218623481781368
YFU,26,52,494,47,10,0.09109311740890688,0.5,0.11072874493927126,0.016289418321645897,0.9104477611940298,False,0.12753036437246965,100,0.8,0.11065789473684211,0.015623888855992613,0.15422885572139303,False,0.036437246963562764
YFU,26,53,494,47,10,0.10121457489878542,0.2,0.11003036437246964,0.01739219437499388,0.7164179104477612,False,0.13360323886639677,225,0.2,0.10930161943319838,0.016548396735696712,0.0945273631840796,False,0.03238866396761135
YFU,26,54,494,47,10,0.11538461538461539,0.2,0.10891700404858298,0.01643126362390569,0.3482587064676617,False,0.1437246963562753,450,0.2,0.1091902834008097,0.017611903100817332,0.03980099502487562,True,0.02834008097165991
YFU,26,55,494,47,10,0.0951417004048583,0.2,0.11010121457489878,0.016394996580839594,0.8109452736318408,False,0.13562753036437247,150,0.2,0.10832995951417004,0.016043559809475944,0.05970149253731343,False,0.04048582995951418
YFU,26,56,494,47,10,0.08704453441295547,0.5,0.11082995951417005,0.015753137561433962,0.9353233830845771,False,0.12955465587044535,60,0.2,0.11013157894736843,0.016424244177466695,0.11442786069651742,False,0.04251012145748988
YFU,26,57,494,47,10,0.10323886639676114,0.2,0.11051619433198381,0.01723185690320788,0.6616915422885572,False,0.1214574898785425,100,0.2,0.11003036437246962,0.015877022643112377,0.22885572139303484,False,0.018218623481781368
YFU,26,58,494,47,10,0.09919028340080972,0.5,0.11173076923076923,0.015640249415598873,0.7860696517412935,False,0.13562753036437247,100,0.8,0.10955465587044534,0.016298972248330382,0.07960199004975124,False,0.03643724696356275
YFU,26,59,494,47,10,0.08906882591093117,0.2,0.10967611336032389,0.01579622770286696,0.9203980099502488,False,0.1214574898785425,100,0.8,0.10967611336032387,0.015517406751395419,0.23880597014925373,False,0.032388663967611336
YFU,26,60,494,47,10,0.10931174089068826,0.2,0.11029352226720647,0.015459197801286297,0.5223880597014925,False,0.11740890688259109,300,0.2,0.11035425101214574,0.01604484324754561,0.32338308457711445,False,0.008097165991902827
YFU,26,61,494,47,10,0.08906882591093117,0.2,0.11180161943319837,0.016511289521680746,0.9402985074626866,False,0.13157894736842105,300,0.5,0.11041497975708502,0.016368609248258885,0.10945273631840796,False,0.04251012145748988
YFU,26,62,494,47,10,0.10526315789473684,0.2,0.109331983805668,0.018294745543636585,0.5920398009950248,False,0.1396761133603239,100,0.5,0.1100506072874494,0.01684399865078926,0.05970149253731343,False,0.034412955465587064
YFU,26,63,494,47,10,0.10931174089068826,0.2,0.1091902834008097,0.017047491860841407,0.4925373134328358,False,0.13562753036437247,225,0.2,0.1114068825910931,0.016184636768863874,0.07960199004975124,False,0.02631578947368421
YFU,26,64,494,47,10,0.07894736842105263,0.2,0.109251012145749,0.01645282027175604,0.9800995024875622,False,0.12348178137651822,100,0.8,0.11003036437246964,0.01510061908705265,0.1890547263681592,False,0.04453441295546559
YFU,26,65,494,47,10,0.12550607287449392,0.2,0.10979757085020242,0.016226393912031224,0.16417910447761194,False,0.13562753036437247,450,0.2,0.1112145748987854,0.01669722493521072,0.07462686567164178,False,0.010121457489878555
YFU,26,66,494,47,10,0.0931174089068826,0.8,0.11022267206477732,0.015390811220856627,0.8805970149253731,False,0.12348178137651822,100,0.5,0.11148785425101215,0.017568938335267036,0.25870646766169153,False,0.030364372469635623
YFU,26,67,494,47,10,0.13157894736842105,0.2,0.10935222672064779,0.016099911915436197,0.1044776119402985,False,0.13157894736842105,900,0.2,0.10935222672064779,0.016099911915436197,0.1044776119402985,False,0.0
YFU,26,68,494,47,10,0.08704453441295547,0.2,0.11024291497975708,0.015492279395976994,0.9253731343283582,False,0.13765182186234817,60,0.5,0.10979757085020242,0.016864844607718716,0.04975124378109453,True,0.050607287449392704
YFU,26,69,494,47,10,0.10931174089068826,0.2,0.10922064777327935,0.01600799339976839,0.5024875621890548,False,0.12550607287449392,60,0.8,0.10949392712550608,0.016425613831782634,0.1890547263681592,False,0.016194331983805654
YFU,26,70,494,47,10,0.10931174089068826,0.2,0.11025303643724697,0.015463060135229434,0.572139303482587,False,0.1417004048582996,180,0.5,0.11013157894736843,0.018105924469389894,0.05970149253731343,False,0.032388663967611336
YFU,27,28,494,47,10,0.09716599190283401,0.2,0.10967611336032387,0.01739439936892014,0.8059701492537313,False,0.12550607287449392,90,0.2,0.11009109311740892,0.016978547195665092,0.1890547263681592,False,0.02834008097165991
YFU,27,29,494,47,10,0.12753036437246965,0.5,0.11003036437246964,0.017647244541869108,0.16417910447761194,False,0.1396761133603239,300,0.5,0.10969635627530364,0.01726324734602395,0.05970149253731343,False,0.012145748987854255
YFU,27,30,494,47,10,0.1214574898785425,0.2,0.10804655870445344,0.018768598929439193,0.27860696517412936,False,0.15384615384615385,75,0.5,0.11013157894736843,0.015451363622936183,0.004975124378109453,True,0.03238866396761135
YFU,27,31,494,47,10,0.13765182186234817,0.2,0.11065789473684211,0.016479541342602398,0.06467661691542288,False,0.15182186234817813,450,0.8,0.11068825910931174,0.015400187213711856,0.004975124378109453,True,0.014170040485829954
YFU,27,32,494,47,10,0.10728744939271255,0.2,0.10969635627530364,0.016174471067361404,0.5920398009950248,False,0.12550607287449392,450,0.8,0.10981781376518217,0.017163190927783383,0.1691542288557214,False,0.018218623481781368
YFU,27,33,494,47,10,0.11133603238866396,0.8,0.1101417004048583,0.01662746262060182,0.5074626865671642,False,0.1417004048582996,225,0.8,0.10948380566801622,0.01544293878206935,0.03482587064676617,True,0.030364372469635637
YFU,27,34,494,47,10,0.13360323886639677,0.2,0.10834008097165991,0.01607174934993341,0.06467661691542288,False,0.145748987854251,180,0.2,0.10951417004048583,0.01675430053988307,0.01990049751243781,True,0.012145748987854227
YFU,27,35,494,47,10,0.09919028340080972,0.5,0.11,0.01586215585315636,0.7562189054726368,False,0.11740890688259109,100,0.2,0.109665991902834,0.016877291019597934,0.3482587064676617,False,0.018218623481781368
YFU,27,36,494,47,10,0.11740890688259109,0.8,0.10855263157894736,0.01643970805460161,0.3034825870646766,False,0.12348178137651822,75,0.5,0.1097672064777328,0.01615669835798842,0.24378109452736318,False,0.006072874493927127
YFU,27,37,494,47,10,0.10728744939271255,0.2,0.10868421052631579,0.01669938297134536,0.5671641791044776,False,0.1417004048582996,450,0.5,0.10918016194331984,0.016860982797366142,0.03980099502487562,True,0.03441295546558705
YFU,27,38,494,47,10,0.11538461538461539,0.2,0.11131578947368422,0.01845165037164299,0.43283582089552236,False,0.12550607287449392,60,0.8,0.11151821862348177,0.01588258883461867,0.208955223880597,False,0.010121457489878527
YFU,27,39,494,47,10,0.13765182186234817,0.2,0.11063765182186235,0.016932300435269,0.06467661691542288,False,0.1437246963562753,450,0.8,0.11097165991902834,0.01739321551431509,0.04477611940298507,True,0.006072874493927127
YFU,27,40,494,47,10,0.0931174089068826,0.2,0.11023279352226721,0.016150783587576892,0.8855721393034826,False,0.13562753036437247,450,0.2,0.10854251012145749,0.015616351572902625,0.07462686567164178,False,0.04251012145748988
YFU,27,41,494,47,10,0.11740890688259109,0.5,0.10961538461538461,0.015613964722426422,0.31840796019900497,False,0.12753036437246965,100,0.5,0.10827935222672064,0.015133436812497576,0.09950248756218906,False,0.010121457489878555
YFU,27,42,494,47,10,0.10323886639676114,0.5,0.1082995951417004,0.015934118813158295,0.6218905472636815,False,0.12550607287449392,90,0.8,0.1085931174089069,0.015636562539238667,0.1691542288557214,False,0.02226720647773278
YFU,27,43,494,47,10,0.10526315789473684,0.2,0.10976720647773278,0.016179623124054295,0.5671641791044776,False,0.1700404858299595,150,0.2,0.1116497975708502,0.01685245620721476,0.004975124378109453,True,0.06477732793522267
YFU,27,44,494,47,10,0.10121457489878542,0.8,0.11066801619433198,0.016208452635682394,0.7412935323383084,False,0.145748987854251,450,0.8,0.11043522267206476,0.015133038808861852,0.014925373134328358,True,0.04453441295546558
YFU,27,45,494,47,10,0.09919028340080972,0.5,0.10958502024291499,0.017770245587262902,0.7661691542288557,False,0.1194331983805668,450,0.5,0.11006072874493927,0.015663420628642788,0.29850746268656714,False,0.020242914979757082
YFU,27,46,494,47,10,0.13360323886639677,0.2,0.10879554655870446,0.017303288203966167,0.10945273631840796,False,0.1417004048582996,450,0.5,0.11077935222672064,0.014222892474898805,0.01990049751243781,True,0.008097165991902827
YFU,27,47,494,47,10,0.10728744939271255,0.8,0.1095242914979757,0.01654204941305094,0.6069651741293532,False,0.12955465587044535,100,0.2,0.11105263157894736,0.016571453743238155,0.15422885572139303,False,0.022267206477732795
YFU,27,48,494,47,10,0.12550607287449392,0.2,0.1105263157894737,0.016884076381520275,0.19900497512437812,False,0.13765182186234817,90,0.8,0.11119433198380568,0.01667485124609709,0.07960199004975124,False,0.012145748987854255
YFU,27,49,494,47,10,0.1194331983805668,0.2,0.10894736842105264,0.016177488035908308,0.2835820895522388,False,0.1214574898785425,300,0.8,0.1075,0.015837416201152237,0.19402985074626866,False,0.0020242914979757
YFU,27,50,494,47,10,0.12955465587044535,0.8,0.10888663967611337,0.016274988349387575,0.11442786069651742,False,0.12955465587044535,900,0.8,0.10888663967611337,0.016274988349387575,0.11442786069651742,False,0.0
YFU,27,51,494,47,10,0.1194331983805668,0.5,0.10934210526315791,0.016871238309885066,0.3034825870646766,False,0.1417004048582996,75,0.5,0.11323886639676115,0.014686872782225779,0.01990049751243781,True,0.022267206477732795
YFU,27,52,494,47,10,0.0951417004048583,0.2,0.10878542510121457,0.015580285742803403,0.8258706467661692,False,0.1417004048582996,450,0.2,0.10744939271255059,0.017172318687111554,0.029850746268656716,True,0.046558704453441305
YFU,27,53,494,47,10,0.08906882591093117,0.8,0.10947368421052632,0.016974523224141013,0.9203980099502488,False,0.14777327935222673,90,0.5,0.11025303643724697,0.015186258007212348,0.01990049751243781,True,0.05870445344129556
YFU,27,54,494,47,10,0.10323886639676114,0.8,0.10867408906882592,0.016203964212711912,0.6766169154228856,False,0.1417004048582996,90,0.5,0.10700404858299596,0.015336247606356792,0.024875621890547265,True,0.038461538461538464
YFU,27,55,494,47,10,0.08906882591093117,0.2,0.10742914979757084,0.016673616302451833,0.8805970149253731,False,0.14777327935222673,450,0.2,0.10868421052631579,0.01673141243451047,0.01990049751243781,True,0.05870445344129556
YFU,27,56,494,47,10,0.08906882591093117,0.2,0.11017206477732792,0.01724182016319057,0.9253731343283582,False,0.14777327935222673,300,0.2,0.10919028340080972,0.01776788442373071,0.01990049751243781,True,0.05870445344129556
YFU,27,57,494,47,10,0.11740890688259109,0.2,0.11129554655870443,0.016401488696682568,0.39303482587064675,False,0.1437246963562753,100,0.2,0.1100506072874494,0.01589812300345596,0.029850746268656716,True,0.02631578947368421
YFU,27,58,494,47,10,0.0931174089068826,0.2,0.1095242914979757,0.016134966233759956,0.8606965174129353,False,0.1437246963562753,100,0.2,0.10908906882591093,0.015617973368095313,0.014925373134328358,True,0.050607287449392704
YFU,27,59,494,47,10,0.11336032388663968,0.2,0.10982793522267206,0.016807063193175414,0.42786069651741293,False,0.12955465587044535,300,0.5,0.10898785425101215,0.015838771597078347,0.11442786069651742,False,0.016194331983805668
YFU,27,60,494,47,10,0.10728744939271255,0.2,0.10894736842105264,0.01733629542259994,0.5771144278606966,False,0.11133603238866396,450,0.2,0.1087753036437247,0.017103973512021697,0.47761194029850745,False,0.004048582995951414
YFU,27,61,494,47,10,0.07489878542510121,0.5,0.11120445344129554,0.016455532810682277,0.9850746268656716,False,0.13157894736842105,75,0.8,0.11062753036437246,0.015885907521870878,0.11940298507462686,False,0.05668016194331983
YFU,27,62,494,47,10,0.10121457489878542,0.2,0.10970647773279353,0.01683485188921381,0.6915422885572139,False,0.14979757085020243,300,0.2,0.10960526315789472,0.016555736680760498,0.014925373134328358,True,0.048582995951417005
YFU,27,63,494,47,10,0.1214574898785425,0.2,0.1091902834008097,0.017801461674798475,0.25870646766169153,False,0.12348178137651822,75,0.5,0.10969635627530366,0.016796514114298652,0.23880597014925373,False,0.0020242914979757137
YFU,27,64,494,47,10,0.08906882591093117,0.2,0.10914979757085021,0.016679604925479097,0.9203980099502488,False,0.1214574898785425,100,0.5,0.10997975708502024,0.017192392281166976,0.2736318407960199,False,0.032388663967611336
YFU,27,65,494,47,10,0.12753036437246965,0.8,0.10893724696356274,0.016531689334312108,0.15422885572139303,False,0.13157894736842105,450,0.5,0.10996963562753036,0.017316302432092416,0.12437810945273632,False,0.0040485829959514
YFU,27,66,494,47,10,0.11740890688259109,0.8,0.10919028340080972,0.016532389964933312,0.3681592039800995,False,0.12550607287449392,100,0.8,0.11080971659919028,0.016226393912031224,0.18407960199004975,False,0.008097165991902827
YFU,27,67,494,47,10,0.12550607287449392,0.8,0.11009109311740889,0.0165535972362621,0.18407960199004975,False,0.12955465587044535,450,0.8,0.11099190283400809,0.016384091073233922,0.13432835820895522,False,0.0040485829959514275
YFU,27,68,494,47,10,0.09716599190283401,0.8,0.10974696356275304,0.016020311807421764,0.7860696517412935,False,0.13360323886639677,60,0.2,0.11057692307692309,0.016871189488883415,0.1044776119402985,False,0.036437246963562764
YFU,27,69,494,47,10,0.1214574898785425,0.8,0.10895748987854251,0.017281186802890133,0.2835820895522388,False,0.1417004048582996,60,0.5,0.1106174089068826,0.018017911543339805,0.06467661691542288,False,0.020242914979757096
YFU,27,70,494,47,10,0.11740890688259109,0.8,0.11049595141700407,0.016428230588268998,0.34328358208955223,False,0.1417004048582996,100,0.2,0.11137651821862349,0.016941251765662454,0.03482587064676617,True,0.02429149797570851
YFU,28,29,494,47,10,0.12753036437246965,0.2,0.10944331983805668,0.01679858278281507,0.14427860696517414,False,0.13157894736842105,180,0.5,0.11031376518218623,0.016012752154327424,0.10945273631840796,False,0.0040485829959514
YFU,28,30,494,47,10,0.12348178137651822,0.2,0.10946356275303643,0.01747845720927329,0.23383084577114427,False,0.14777327935222673,75,0.8,0.11102226720647775,0.01570908705283144,0.029850746268656716,True,0.02429149797570851
YFU,28,31,494,47,10,0.13157894736842105,0.2,0.11048582995951417,0.017335820303303457,0.12437810945273632,False,0.13157894736842105,900,0.2,0.11048582995951417,0.017335820303303457,0.12437810945273632,False,0.0
YFU,28,32,494,47,10,0.10728744939271255,0.2,0.10848178137651822,0.016861120189191486,0.5373134328358209,False,0.12753036437246965,180,0.2,0.11018218623481783,0.016055790010616477,0.15422885572139303,False,0.020242914979757096
YFU,28,33,494,47,10,0.1194331983805668,0.8,0.10867408906882592,0.018019831426147947,0.2835820895522388,False,0.13360323886639677,90,0.5,0.11027327935222672,0.01413867138821749,0.05970149253731343,False,0.014170040485829968
YFU,28,34,494,47,10,0.14777327935222673,0.2,0.10865384615384613,0.01721373146081256,0.04477611940298507,True,0.14777327935222673,900,0.2,0.10865384615384613,0.01721373146081256,0.04477611940298507,True,0.0
YFU,28,35,494,47,10,0.11740890688259109,0.5,0.10945344129554656,0.016459827531658536,0.3034825870646766,False,0.12550607287449392,180,0.2,0.10907894736842107,0.017202052204865714,0.19900497512437812,False,0.008097165991902827
YFU,28,36,494,47,10,0.09919028340080972,0.5,0.10774291497975709,0.018063043240462782,0.7064676616915423,False,0.12348178137651822,180,0.2,0.10894736842105264,0.016120107401578914,0.208955223880597,False,0.024291497975708495
YFU,28,37,494,47,10,0.10728744939271255,0.8,0.10843117408906881,0.01722406386586985,0.5671641791044776,False,0.12550607287449392,90,0.2,0.1125,0.015689858706974088,0.23880597014925373,False,0.018218623481781368
YFU,28,38,494,47,10,0.11336032388663968,0.5,0.11178137651821862,0.017903563869766197,0.47761194029850745,False,0.11740890688259109,150,0.5,0.10972672064777328,0.014778641220802441,0.31343283582089554,False,0.004048582995951414
YFU,28,39,494,47,10,0.1214574898785425,0.2,0.10953441295546558,0.016982321644903126,0.25870646766169153,False,0.12753036437246965,90,0.8,0.11041497975708502,0.015378828789883562,0.13432835820895522,False,0.006072874493927141
YFU,28,40,494,47,10,0.11538461538461539,0.8,0.10888663967611337,0.01761301380050426,0.38308457711442784,False,0.12955465587044535,225,0.2,0.10905870445344129,0.016575053794543573,0.13930348258706468,False,0.014170040485829954
YFU,28,41,494,47,10,0.10526315789473684,0.2,0.10907894736842104,0.01666332257595409,0.6019900497512438,False,0.1194331983805668,225,0.2,0.10928137651821863,0.016697024531988774,0.29850746268656714,False,0.014170040485829968
YFU,28,42,494,47,10,0.10931174089068826,0.2,0.1095748987854251,0.016378057259676695,0.5174129353233831,False,0.1194331983805668,180,0.8,0.10987854251012147,0.018149161055696254,0.2935323383084577,False,0.010121457489878541
YFU,28,43,494,47,10,0.1214574898785425,0.2,0.10932186234817814,0.01766427237959351,0.24875621890547264,False,0.13157894736842105,150,0.8,0.11029352226720647,0.01585246531630536,0.0845771144278607,False,0.010121457489878541
YFU,28,44,494,47,10,0.12550607287449392,0.5,0.10959514170040485,0.016794858996026982,0.19402985074626866,False,0.12550607287449392,90,0.8,0.11084008097165991,0.01653594871004491,0.19900497512437812,False,0.0
YFU,28,45,494,47,10,0.11336032388663968,0.8,0.10878542510121457,0.017836822928663912,0.39800995024875624,False,0.12753036437246965,180,0.2,0.10954453441295545,0.018034224032393905,0.18407960199004975,False,0.014170040485829968
YFU,28,46,494,47,10,0.10323886639676114,0.5,0.1095748987854251,0.017817267352336817,0.6616915422885572,False,0.12348178137651822,150,0.8,0.10879554655870446,0.015855089001023687,0.19402985074626866,False,0.020242914979757082
YFU,28,47,494,47,10,0.11740890688259109,0.2,0.10937246963562751,0.016219628585459264,0.29850746268656714,False,0.12550607287449392,75,0.8,0.11196356275303643,0.01605691858127582,0.22885572139303484,False,0.008097165991902827
YFU,28,48,494,47,10,0.09716599190283401,0.2,0.10986842105263157,0.01876146617849037,0.7661691542288557,False,0.13765182186234817,90,0.8,0.11016194331983804,0.018045846813494366,0.04975124378109453,True,0.040485829959514164
YFU,28,49,494,47,10,0.12955465587044535,0.2,0.10832995951417004,0.01744784638072815,0.11940298507462686,False,0.12955465587044535,900,0.2,0.10832995951417004,0.01744784638072815,0.11940298507462686,False,0.0
YFU,28,50,494,47,10,0.12550607287449392,0.2,0.10785425101214574,0.016308571083489747,0.15422885572139303,False,0.13157894736842105,180,0.8,0.10956477732793524,0.017169413563545968,0.11940298507462686,False,0.006072874493927127
YFU,28,51,494,47,10,0.11538461538461539,0.2,0.11072874493927126,0.016391492030376733,0.39303482587064675,False,0.12550607287449392,90,0.2,0.11072874493927126,0.015420551300886919,0.19900497512437812,False,0.010121457489878527
YFU,28,52,494,47,10,0.10323886639676114,0.5,0.10822874493927127,0.0166481158840855,0.6169154228855721,False,0.13360323886639677,180,0.5,0.10940283400809717,0.017417512784793393,0.1044776119402985,False,0.030364372469635637
YFU,28,53,494,47,10,0.11336032388663968,0.5,0.108997975708502,0.017044420487433425,0.417910447761194,False,0.13562753036437247,150,0.2,0.10902834008097166,0.014617165648941922,0.03980099502487562,True,0.022267206477732795
YFU,28,54,494,47,10,0.12753036437246965,0.2,0.10896761133603239,0.01699119511719165,0.13930348258706468,False,0.13562753036437247,90,0.5,0.108917004048583,0.015218522356307886,0.03980099502487562,True,0.008097165991902827
YFU,28,55,494,47,10,0.13360323886639677,0.2,0.10897773279352226,0.01719798174884075,0.08955223880597014,False,0.13360323886639677,150,0.5,0.10826923076923077,0.015813448462062903,0.08955223880597014,False,0.0
YFU,28,56,494,47,10,0.09919028340080972,0.8,0.10886639676113359,0.016754497185449004,0.7512437810945274,False,0.13765182186234817,180,0.8,0.10945344129554656,0.01842989818974566,0.07960199004975124,False,0.03846153846153845
YFU,28,57,494,47,10,0.11336032388663968,0.2,0.1087753036437247,0.017516751319610058,0.39303482587064675,False,0.1396761133603239,100,0.2,0.11041497975708502,0.014996487393070117,0.03980099502487562,True,0.026315789473684223
YFU,28,58,494,47,10,0.10526315789473684,0.8,0.10869433198380567,0.017320178638173006,0.5920398009950248,False,0.12550607287449392,75,0.5,0.11070850202429149,0.015645110155411004,0.19900497512437812,False,0.020242914979757082
YFU,28,59,494,47,10,0.0931174089068826,0.8,0.10922064777327936,0.017028949504682898,0.8407960199004975,False,0.11740890688259109,90,0.2,0.11176113360323887,0.016280048516052217,0.39303482587064675,False,0.024291497975708495
YFU,28,60,494,47,10,0.09919028340080972,0.2,0.10924089068825911,0.01787849322866891,0.6965174129353234,False,0.10728744939271255,100,0.8,0.10995951417004048,0.01562979551769298,0.5870646766169154,False,0.008097165991902827
YFU,28,61,494,47,10,0.09109311740890688,0.2,0.11086032388663968,0.017382814847750918,0.8557213930348259,False,0.13360323886639677,180,0.8,0.11050607287449392,0.018152598518233646,0.11442786069651742,False,0.04251012145748989
YFU,28,62,494,47,10,0.10728744939271255,0.2,0.10823886639676114,0.018224737150019987,0.5472636815920398,False,0.1417004048582996,225,0.8,0.10860323886639676,0.016122649216546728,0.03482587064676617,True,0.03441295546558705
YFU,28,63,494,47,10,0.1194331983805668,0.5,0.1083097165991903,0.01621720037640353,0.27860696517412936,False,0.13562753036437247,90,0.2,0.1098582995951417,0.016670157973539684,0.07960199004975124,False,0.016194331983805668
YFU,28,64,494,47,10,0.13360323886639677,0.2,0.10873481781376519,0.018285049133143248,0.08955223880597014,False,0.13360323886639677,900,0.2,0.10873481781376519,0.018285049133143248,0.08955223880597014,False,0.0
YFU,28,65,494,47,10,0.1194331983805668,0.5,0.10808704453441295,0.016571276671356844,0.22388059701492538,False,0.1214574898785425,90,0.5,0.1098582995951417,0.01721345931426061,0.263681592039801,False,0.0020242914979757
YFU,28,66,494,47,10,0.10526315789473684,0.8,0.10867408906882592,0.01607894509460086,0.5572139303482587,False,0.1214574898785425,450,0.8,0.1104251012145749,0.015567738198609371,0.2537313432835821,False,0.016194331983805668
YFU,28,67,494,47,10,0.11538461538461539,0.5,0.10899797570850202,0.017761459891230905,0.373134328358209,False,0.12550607287449392,180,0.8,0.11069838056680162,0.01630152091121766,0.208955223880597,False,0.010121457489878527
YFU,28,68,494,47,10,0.09919028340080972,0.2,0.10765182186234817,0.017410964881320722,0.7263681592039801,False,0.13157894736842105,60,0.2,0.1102834008097166,0.015622152340572095,0.0845771144278607,False,0.03238866396761132
YFU,28,69,494,47,10,0.09919028340080972,0.2,0.10822874493927126,0.016349829088686527,0.746268656716418,False,0.1396761133603239,90,0.8,0.10919028340080972,0.017159459263237954,0.04477611940298507,True,0.04048582995951418
YFU,28,70,494,47,10,0.10728744939271255,0.5,0.1082085020242915,0.017237472398225918,0.5174129353233831,False,0.14979757085020243,180,0.8,0.11195344129554657,0.017237950228227012,0.03980099502487562,True,0.04251012145748988
YFU,29,30,494,47,10,0.12955465587044535,0.2,0.10967611336032389,0.016267610337585104,0.13432835820895522,False,0.145748987854251,450,0.5,0.10818825910931172,0.016318085403969795,0.024875621890547265,True,0.016194331983805654
YFU,29,31,494,47,10,0.13157894736842105,0.2,0.1097672064777328,0.016337935585507807,0.10945273631840796,False,0.13360323886639677,300,0.8,0.1100506072874494,0.017262993872469264,0.09950248756218906,False,0.0020242914979757276
YFU,29,32,494,47,10,0.13765182186234817,0.2,0.11067813765182187,0.016341086190685052,0.06965174129353234,False,0.13765182186234817,900,0.2,0.11067813765182187,0.016341086190685052,0.06965174129353234,False,0.0
YFU,29,33,494,47,10,0.10526315789473684,0.8,0.1110425101214575,0.015612180939864748,0.6567164179104478,False,0.13157894736842105,225,0.5,0.10837044534412955,0.016238619558274717,0.0845771144278607,False,0.02631578947368421
YFU,29,34,494,47,10,0.1417004048582996,0.5,0.11010121457489877,0.014699695947389506,0.01990049751243781,True,0.15587044534412955,60,0.2,0.11320850202429149,0.01675299463186412,0.014925373134328358,True,0.014170040485829954
YFU,29,35,494,47,10,0.12753036437246965,0.2,0.11013157894736841,0.01638156154175759,0.1791044776119403,False,0.1417004048582996,300,0.2,0.10954453441295549,0.016255476167028195,0.029850746268656716,True,0.014170040485829954
YFU,29,36,494,47,10,0.13360323886639677,0.2,0.10901821862348178,0.016407058942765392,0.0945273631840796,False,0.13360323886639677,300,0.5,0.10881578947368421,0.01704490372937529,0.06965174129353234,False,0.0
YFU,29,37,494,47,10,0.13157894736842105,0.2,0.10904858299595141,0.01638559917945381,0.0845771144278607,False,0.1396761133603239,450,0.2,0.10897773279352227,0.018364159078437674,0.05970149253731343,False,0.008097165991902855
YFU,29,38,494,47,10,0.1396761133603239,0.5,0.1125,0.018512313168807762,0.0845771144278607,False,0.1396761133603239,900,0.5,0.1125,0.018512313168807762,0.0845771144278607,False,0.0
YFU,29,39,494,47,10,0.16194331983805668,0.5,0.10967611336032389,0.015027984220975236,0.004975124378109453,True,0.1659919028340081,900,0.5,0.1097165991902834,0.015067996371279296,0.004975124378109453,True,0.0040485829959514275
YFU,29,40,494,47,10,0.1417004048582996,0.2,0.11048582995951417,0.01604533413546364,0.029850746268656716,True,0.1417004048582996,900,0.2,0.11048582995951417,0.01604533413546364,0.029850746268656716,True,0.0
YFU,29,41,494,47,10,0.11133603238866396,0.2,0.1092004048582996,0.017251085366715088,0.48756218905472637,False,0.13562753036437247,450,0.8,0.11208502024291497,0.017374914710326022,0.1044776119402985,False,0.02429149797570851
YFU,29,42,494,47,10,0.12753036437246965,0.2,0.11007085020242917,0.0164522288976696,0.13930348258706468,False,0.12753036437246965,900,0.2,0.11007085020242917,0.0164522288976696,0.13930348258706468,False,0.0
YFU,29,43,494,47,10,0.12753036437246965,0.8,0.10995951417004048,0.01719077527786703,0.19402985074626866,False,0.1437246963562753,75,0.2,0.11258097165991904,0.01622187237182411,0.03980099502487562,True,0.016194331983805654
YFU,29,44,494,47,10,0.11538461538461539,0.2,0.1109412955465587,0.016045767259390442,0.43283582089552236,False,0.14979757085020243,90,0.5,0.111417004048583,0.015386917368818188,0.014925373134328358,True,0.034412955465587036
YFU,29,45,494,47,10,0.10728744939271255,0.2,0.11089068825910932,0.01710479516462352,0.6019900497512438,False,0.12955465587044535,180,0.8,0.1095242914979757,0.016324015241300758,0.12935323383084577,False,0.022267206477732795
YFU,29,46,494,47,10,0.12550607287449392,0.2,0.10943319838056681,0.016243389978531305,0.1890547263681592,False,0.13765182186234817,450,0.2,0.10992914979757085,0.01589167144488541,0.06467661691542288,False,0.012145748987854255
YFU,29,47,494,47,10,0.10526315789473684,0.2,0.10952429149797573,0.015915236743863057,0.6318407960199005,False,0.13157894736842105,60,0.8,0.10976720647773279,0.016970977578566866,0.0945273631840796,False,0.02631578947368421
YFU,29,48,494,47,10,0.15384615384615385,0.8,0.11199392712550607,0.015977916217051667,0.009950248756218905,True,0.15384615384615385,900,0.8,0.11199392712550607,0.015977916217051667,0.009950248756218905,True,0.0
YFU,29,49,494,47,10,0.145748987854251,0.2,0.10939271255060729,0.015298337052166171,0.009950248756218905,True,0.145748987854251,900,0.2,0.10939271255060729,0.015298337052166171,0.009950248756218905,True,0.0
YFU,29,50,494,47,10,0.13562753036437247,0.2,0.1098178137651822,0.015839174618098632,0.06467661691542288,False,0.13562753036437247,900,0.2,0.1098178137651822,0.015839174618098632,0.06467661691542288,False,0.0
YFU,29,51,494,47,10,0.13562753036437247,0.5,0.11020242914979757,0.015575527063516073,0.06965174129353234,False,0.13562753036437247,900,0.5,0.11020242914979757,0.015575527063516073,0.06965174129353234,False,0.0
YFU,29,52,494,47,10,0.11336032388663968,0.5,0.11046558704453441,0.015912794437129396,0.4527363184079602,False,0.13562753036437247,180,0.5,0.10931174089068825,0.01638018191837931,0.06467661691542288,False,0.022267206477732795
YFU,29,53,494,47,10,0.13562753036437247,0.2,0.10892712550607288,0.01578531291832086,0.0845771144278607,False,0.15182186234817813,180,0.2,0.1115991902834008,0.01720340781205424,0.009950248756218905,True,0.016194331983805654
YFU,29,54,494,47,10,0.13360323886639677,0.8,0.11006072874493927,0.01696232722040868,0.0845771144278607,False,0.13562753036437247,150,0.2,0.10983805668016194,0.01599376335882769,0.06467661691542288,False,0.0020242914979757
YFU,29,55,494,47,10,0.1194331983805668,0.5,0.11029352226720647,0.016873068995474732,0.3383084577114428,False,0.13562753036437247,300,0.2,0.10963562753036438,0.016385762549294663,0.06467661691542288,False,0.016194331983805668
YFU,29,56,494,47,10,0.10526315789473684,0.5,0.11087044534412957,0.01680916118923251,0.6716417910447762,False,0.1396761133603239,300,0.5,0.10917004048582996,0.016118510579170818,0.03980099502487562,True,0.034412955465587064
YFU,29,57,494,47,10,0.1214574898785425,0.8,0.11148785425101215,0.016482864766606247,0.2935323383084577,False,0.16194331983805668,180,0.8,0.10930161943319837,0.016247012026316086,0.004975124378109453,True,0.04048582995951418
YFU,29,58,494,47,10,0.13157894736842105,0.2,0.11012145748987855,0.017140680634373316,0.08955223880597014,False,0.1396761133603239,90,0.2,0.11205465587044536,0.01435397922244986,0.01990049751243781,True,0.008097165991902855
YFU,29,59,494,47,10,0.10931174089068826,0.5,0.11062753036437246,0.015559799862208136,0.5771144278606966,False,0.12753036437246965,180,0.5,0.11051619433198379,0.016722434976396427,0.17412935323383086,False,0.018218623481781382
YFU,29,60,494,47,10,0.09919028340080972,0.2,0.10935222672064779,0.01676653732952587,0.736318407960199,False,0.12955465587044535,225,0.2,0.11137651821862349,0.01863042420084937,0.21393034825870647,False,0.030364372469635623
YFU,29,61,494,47,10,0.1214574898785425,0.5,0.11013157894736843,0.014903238328115794,0.208955223880597,False,0.12753036437246965,300,0.8,0.11067813765182187,0.016283017469124157,0.17412935323383086,False,0.006072874493927141
YFU,29,62,494,47,10,0.13765182186234817,0.2,0.11063765182186235,0.016418601376173823,0.04477611940298507,True,0.15587044534412955,300,0.2,0.1101417004048583,0.016011713708949753,0.004975124378109453,True,0.018218623481781382
YFU,29,63,494,47,10,0.11336032388663968,0.2,0.11001012145748987,0.016790637705970085,0.4228855721393035,False,0.1437246963562753,225,0.2,0.10997975708502024,0.016212263484084943,0.03482587064676617,True,0.030364372469635623
YFU,29,64,494,47,10,0.11538461538461539,0.5,0.10869433198380568,0.017407933979539564,0.35323383084577115,False,0.13765182186234817,300,0.8,0.10954453441295547,0.015382015200433837,0.05970149253731343,False,0.02226720647773278
YFU,29,65,494,47,10,0.1214574898785425,0.8,0.11134615384615384,0.01569912168243951,0.2935323383084577,False,0.1396761133603239,300,0.8,0.11021255060728745,0.014727556519516075,0.024875621890547265,True,0.018218623481781396
YFU,29,66,494,47,10,0.11538461538461539,0.2,0.11023279352226721,0.015863918017983886,0.42786069651741293,False,0.13157894736842105,450,0.8,0.11031376518218625,0.01668903110680451,0.14427860696517414,False,0.016194331983805654
YFU,29,67,494,47,10,0.12753036437246965,0.8,0.10934210526315791,0.01597990078803254,0.13432835820895522,False,0.13157894736842105,300,0.5,0.1115991902834008,0.016627611230025797,0.14925373134328357,False,0.0040485829959514
YFU,29,68,494,47,10,0.13157894736842105,0.5,0.10928137651821862,0.01645978687313134,0.09950248756218906,False,0.1396761133603239,60,0.5,0.11021255060728745,0.016047050520908955,0.03980099502487562,True,0.008097165991902855
YFU,29,69,494,47,10,0.12550607287449392,0.5,0.109331983805668,0.017203024781556987,0.22388059701492538,False,0.13360323886639677,180,0.8,0.11088056680161945,0.015981137798489756,0.07462686567164178,False,0.008097165991902855
YFU,29,70,494,47,10,0.13360323886639677,0.2,0.11020242914979757,0.017121015475380592,0.0945273631840796,False,0.13562753036437247,180,0.2,0.11134615384615383,0.01711603249442706,0.08955223880597014,False,0.0020242914979757
YFU,30,31,494,47,10,0.13765182186234817,0.2,0.11090080971659919,0.017817923210308676,0.0945273631840796,False,0.1396761133603239,450,0.2,0.11002024291497975,0.016781010912007836,0.04975124378109453,True,0.0020242914979757276
YFU,30,32,494,47,10,0.12753036437246965,0.8,0.10894736842105264,0.016728175319094013,0.15422885572139303,False,0.1417004048582996,450,0.2,0.11163967611336031,0.01628530942149455,0.03482587064676617,True,0.014170040485829954
YFU,30,33,494,47,10,0.11133603238866396,0.2,0.10942307692307693,0.016485687901167067,0.47761194029850745,False,0.145748987854251,225,0.5,0.10810728744939273,0.01626550578872974,0.01990049751243781,True,0.034412955465587036
YFU,30,34,494,47,10,0.13562753036437247,0.8,0.11053643724696358,0.01800076065649575,0.09950248756218906,False,0.14979757085020243,75,0.2,0.1098582995951417,0.017059651120984305,0.014925373134328358,True,0.014170040485829954
YFU,30,35,494,47,10,0.12550607287449392,0.8,0.10904858299595142,0.017030173795489996,0.17412935323383086,False,0.1396761133603239,75,0.2,0.10960526315789472,0.01513535184603423,0.03980099502487562,True,0.014170040485829982
YFU,30,36,494,47,10,0.09919028340080972,0.2,0.10964574898785426,0.01810214826323197,0.7064676616915423,False,0.12753036437246965,150,0.8,0.10772267206477731,0.015271443657380436,0.1044776119402985,False,0.028340080971659923
YFU,30,37,494,47,10,0.11133603238866396,0.2,0.10932186234817813,0.016624127847342407,0.4626865671641791,False,0.13360323886639677,450,0.2,0.1098582995951417,0.016696077979645698,0.07462686567164178,False,0.02226720647773281
YFU,30,38,494,47,10,0.13765182186234817,0.2,0.11150809716599192,0.018274234878974064,0.09950248756218906,False,0.15384615384615385,75,0.5,0.11145748987854251,0.014863866718899575,0.004975124378109453,True,0.016194331983805682
YFU,30,39,494,47,10,0.1417004048582996,0.2,0.10829959514170043,0.016173974550260078,0.01990049751243781,True,0.16194331983805668,450,0.5,0.11015182186234819,0.01681475558614286,0.009950248756218905,True,0.020242914979757082
YFU,30,40,494,47,10,0.13360323886639677,0.2,0.10992914979757085,0.016095098969827283,0.08955223880597014,False,0.13360323886639677,450,0.2,0.11091093117408907,0.01700268010881397,0.0845771144278607,False,0.0
YFU,30,41,494,47,10,0.13360323886639677,0.2,0.11,0.01569248661492697,0.08955223880597014,False,0.1437246963562753,225,0.2,0.11076923076923077,0.016736051618169868,0.024875621890547265,True,0.010121457489878527
YFU,30,42,494,47,10,0.12753036437246965,0.5,0.10888663967611337,0.018059796819261304,0.15920398009950248,False,0.1417004048582996,75,0.2,0.10921052631578947,0.014280416225499862,0.004975124378109453,True,0.014170040485829954
YFU,30,43,494,47,10,0.13765182186234817,0.8,0.10969635627530364,0.01762680402620043,0.06965174129353234,False,0.15991902834008098,225,0.5,0.10993927125506073,0.015390329560601948,0.004975124378109453,True,0.02226720647773281
YFU,30,44,494,47,10,0.12550607287449392,0.5,0.11078947368421051,0.018007408563665533,0.21393034825870647,False,0.1437246963562753,75,0.8,0.11025303643724696,0.01654762523039512,0.03482587064676617,True,0.018218623481781382
YFU,30,45,494,47,10,0.10931174089068826,0.2,0.1100506072874494,0.018084394086781367,0.527363184079602,False,0.13360323886639677,75,0.8,0.10995951417004048,0.015260494241578342,0.08955223880597014,False,0.02429149797570851
YFU,30,46,494,47,10,0.11538461538461539,0.2,0.11001012145748987,0.017777104219243903,0.3681592039800995,False,0.15789473684210525,450,0.2,0.11040485829959515,0.017005404838119385,0.004975124378109453,True,0.04251012145748986
YFU,30,47,494,47,10,0.10526315789473684,0.2,0.109665991902834,0.016775718270158033,0.6417910447761194,False,0.1214574898785425,75,0.2,0.11055668016194332,0.01625737619156114,0.2885572139303483,False,0.016194331983805668
YFU,30,48,494,47,10,0.12955465587044535,0.8,0.1099089068825911,0.01643765372601835,0.12437810945273632,False,0.15384615384615385,75,0.5,0.11139676113360324,0.01682409992594415,0.009950248756218905,True,0.02429149797570851
YFU,30,49,494,47,10,0.12348178137651822,0.2,0.109331983805668,0.016298252107797923,0.208955223880597,False,0.13765182186234817,450,0.2,0.10978744939271255,0.017192233582018494,0.06965174129353234,False,0.014170040485829954
YFU,30,50,494,47,10,0.12955465587044535,0.2,0.11004048582995951,0.015423275161863797,0.12437810945273632,False,0.15182186234817813,75,0.5,0.11031376518218623,0.014983024929744494,0.009950248756218905,True,0.02226720647773278
YFU,30,51,494,47,10,0.13562753036437247,0.2,0.11139676113360324,0.017421783115485014,0.10945273631840796,False,0.13562753036437247,900,0.2,0.11139676113360324,0.017421783115485014,0.10945273631840796,False,0.0
YFU,30,52,494,47,10,0.11336032388663968,0.5,0.109665991902834,0.017276419866513765,0.44776119402985076,False,0.145748987854251,75,0.2,0.11091093117408907,0.016068712528514526,0.01990049751243781,True,0.03238866396761132
YFU,30,53,494,47,10,0.11133603238866396,0.8,0.10827935222672064,0.016220999648806227,0.4527363184079602,False,0.15182186234817813,450,0.2,0.10969635627530364,0.01715675899991158,0.014925373134328358,True,0.040485829959514164
YFU,30,54,494,47,10,0.11538461538461539,0.5,0.10812753036437246,0.016081122077390056,0.3582089552238806,False,0.145748987854251,75,0.5,0.11057692307692307,0.01589716450374839,0.029850746268656716,True,0.03036437246963561
YFU,30,55,494,47,10,0.11740890688259109,0.2,0.10967611336032387,0.017737865950626354,0.36318407960199006,False,0.13765182186234817,75,0.8,0.11041497975708502,0.015417609925433258,0.0845771144278607,False,0.020242914979757082
YFU,30,56,494,47,10,0.11538461538461539,0.8,0.11036437246963562,0.01761578439865221,0.3880597014925373,False,0.14979757085020243,75,0.2,0.10966599190283402,0.014916137782612148,0.004975124378109453,True,0.034412955465587036
YFU,30,57,494,47,10,0.12753036437246965,0.2,0.11023279352226721,0.017053720489489742,0.1691542288557214,False,0.14979757085020243,75,0.5,0.1095242914979757,0.016924758800825675,0.014925373134328358,True,0.02226720647773278
YFU,30,58,494,47,10,0.13157894736842105,0.2,0.10995951417004048,0.016967728522394063,0.12437810945273632,False,0.16396761133603238,75,0.2,0.10949392712550607,0.0156487950179419,0.004975124378109453,True,0.032388663967611336
YFU,30,59,494,47,10,0.1417004048582996,0.5,0.10931174089068825,0.017151489262226875,0.05472636815920398,False,0.1417004048582996,900,0.5,0.10931174089068825,0.017151489262226875,0.05472636815920398,False,0.0
YFU,30,60,494,47,10,0.11538461538461539,0.2,0.10948380566801619,0.01637361532969849,0.3283582089552239,False,0.13360323886639677,75,0.8,0.11058704453441294,0.015777379642468902,0.07960199004975124,False,0.018218623481781382
YFU,30,61,494,47,10,0.13360323886639677,0.8,0.1098076923076923,0.016735236470149423,0.07462686567164178,False,0.1417004048582996,75,0.2,0.11035425101214574,0.016504138795486463,0.04477611940298507,True,0.008097165991902827
YFU,30,62,494,47,10,0.13360323886639677,0.2,0.10892712550607289,0.017475455688078446,0.0945273631840796,False,0.145748987854251,75,0.2,0.10946356275303644,0.015512333429993641,0.01990049751243781,True,0.012145748987854227
YFU,30,63,494,47,10,0.13562753036437247,0.8,0.11072874493927126,0.017432523762746722,0.10945273631840796,False,0.1396761133603239,225,0.2,0.10907894736842107,0.016720070551941354,0.03980099502487562,True,0.0040485829959514275
YFU,30,64,494,47,10,0.1214574898785425,0.8,0.10950404858299595,0.016211612527595117,0.2537313432835821,False,0.16194331983805668,75,0.5,0.11096153846153847,0.015459331001278902,0.004975124378109453,True,0.04048582995951418
YFU,30,65,494,47,10,0.13157894736842105,0.2,0.10969635627530364,0.016503405772364397,0.12935323383084577,False,0.1396761133603239,450,0.2,0.11048582995951417,0.01603249552433723,0.03482587064676617,True,0.008097165991902855
YFU,30,66,494,47,10,0.12955465587044535,0.8,0.11039473684210527,0.016654299141072575,0.14925373134328357,False,0.13360323886639677,75,0.5,0.11032388663967613,0.015553512472464252,0.06965174129353234,False,0.0040485829959514275
YFU,30,67,494,47,10,0.12348178137651822,0.2,0.11034412955465588,0.015873251306754734,0.22885572139303484,False,0.15384615384615385,450,0.2,0.11218623481781374,0.01605816248203562,0.009950248756218905,True,0.030364372469635637
YFU,30,68,494,47,10,0.10931174089068826,0.2,0.11046558704453441,0.018146154160281303,0.5124378109452736,False,0.15991902834008098,75,0.8,0.11125506072874494,0.01516856956559112,0.004975124378109453,True,0.05060728744939272
YFU,30,69,494,47,10,0.1417004048582996,0.2,0.10944331983805668,0.01750216848464474,0.03980099502487562,True,0.1437246963562753,75,0.2,0.1102327935222672,0.016112489135772855,0.01990049751243781,True,0.0020242914979757
YFU,30,70,494,47,10,0.12348178137651822,0.8,0.11081983805668016,0.017437245071752205,0.23383084577114427,False,0.15789473684210525,75,0.8,0.11156882591093117,0.016309855761906127,0.009950248756218905,True,0.034412955465587036
YFU,31,32,494,47,10,0.13157894736842105,0.5,0.11060728744939272,0.01657021109359213,0.12935323383084577,False,0.13562753036437247,100,0.5,0.10983805668016196,0.01633642623039702,0.06965174129353234,False,0.0040485829959514275
YFU,31,33,494,47,10,0.14979757085020243,0.2,0.11176113360323886,0.018055235452374696,0.024875621890547265,True,0.15384615384615385,225,0.2,0.10927125506072877,0.01683272651232132,0.004975124378109453,True,0.0040485829959514275
YFU,31,34,494,47,10,0.14979757085020243,0.2,0.1112246963562753,0.015900739154477487,0.009950248756218905,True,0.14979757085020243,900,0.2,0.1112246963562753,0.015900739154477487,0.009950248756218905,True,0.0
YFU,31,35,494,47,10,0.1417004048582996,0.8,0.11062753036437246,0.0164713829932215,0.03980099502487562,True,0.1417004048582996,900,0.8,0.11062753036437246,0.0164713829932215,0.03980099502487562,True,0.0
YFU,31,36,494,47,10,0.11538461538461539,0.2,0.10893724696356276,0.0163714772409885,0.3582089552238806,False,0.12753036437246965,75,0.5,0.10973684210526315,0.015226493238891825,0.12437810945273632,False,0.012145748987854255
YFU,31,37,494,47,10,0.13360323886639677,0.5,0.1093825910931174,0.016832013915827917,0.0845771144278607,False,0.1396761133603239,450,0.2,0.10898785425101214,0.016611665294425305,0.04975124378109453,True,0.006072874493927127
YFU,31,38,494,47,10,0.1417004048582996,0.2,0.1130566801619433,0.017773805570783986,0.04975124378109453,True,0.1417004048582996,900,0.2,0.1130566801619433,0.017773805570783986,0.04975124378109453,True,0.0
YFU,31,39,494,47,10,0.15182186234817813,0.2,0.10845141700404859,0.015454481781894158,0.004975124378109453,True,0.15991902834008098,450,0.5,0.11246963562753037,0.016979714484439284,0.009950248756218905,True,0.008097165991902855
YFU,31,40,494,47,10,0.12753036437246965,0.8,0.11081983805668016,0.016442914298396536,0.18407960199004975,False,0.1437246963562753,225,0.2,0.11084008097165991,0.016762284338047093,0.03482587064676617,True,0.016194331983805654
YFU,31,41,494,47,10,0.12550607287449392,0.2,0.11139676113360324,0.0173993115047554,0.22388059701492538,False,0.13360323886639677,300,0.2,0.11100202429149798,0.017089881895625415,0.11442786069651742,False,0.008097165991902855
YFU,31,42,494,47,10,0.15384615384615385,0.8,0.10965587044534413,0.016788813363353087,0.014925373134328358,True,0.15384615384615385,900,0.8,0.10965587044534413,0.016788813363353087,0.014925373134328358,True,0.0
YFU,31,43,494,47,10,0.145748987854251,0.2,0.11101214574898786,0.01654832518631502,0.029850746268656716,True,0.15182186234817813,150,0.2,0.11303643724696358,0.016301347223178546,0.01990049751243781,True,0.006072874493927127
YFU,31,44,494,47,10,0.1417004048582996,0.5,0.11173076923076923,0.017952421603715393,0.06965174129353234,False,0.1417004048582996,900,0.5,0.11173076923076923,0.017952421603715393,0.06965174129353234,False,0.0
YFU,31,45,494,47,10,0.14979757085020243,0.8,0.1107995951417004,0.0170303763240033,0.024875621890547265,True,0.14979757085020243,900,0.8,0.1107995951417004,0.0170303763240033,0.024875621890547265,True,0.0
YFU,31,46,494,47,10,0.15182186234817813,0.5,0.10850202429149797,0.017246074297661434,0.01990049751243781,True,0.15587044534412955,450,0.8,0.1111336032388664,0.016739545538747107,0.01990049751243781,True,0.0040485829959514275
YFU,31,47,494,47,10,0.13360323886639677,0.2,0.10892712550607288,0.01655697108908122,0.0845771144278607,False,0.13360323886639677,150,0.5,0.11072874493927128,0.01572468131255008,0.06467661691542288,False,0.0
YFU,31,48,494,47,10,0.13157894736842105,0.5,0.11113360323886638,0.017717236520172146,0.14925373134328357,False,0.13157894736842105,900,0.5,0.11113360323886638,0.017717236520172146,0.14925373134328357,False,0.0
YFU,31,49,494,47,10,0.17611336032388664,0.2,0.11045546558704453,0.015661142851465918,0.004975124378109453,True,0.17611336032388664,900,0.2,0.11045546558704453,0.015661142851465918,0.004975124378109453,True,0.0
YFU,31,50,494,47,10,0.1437246963562753,0.8,0.11059716599190283,0.01658404584753971,0.01990049751243781,True,0.1437246963562753,900,0.8,0.11059716599190283,0.01658404584753971,0.01990049751243781,True,0.0
YFU,31,51,494,47,10,0.13157894736842105,0.2,0.11077935222672064,0.016031952866647447,0.11442786069651742,False,0.13157894736842105,900,0.2,0.11077935222672064,0.016031952866647447,0.11442786069651742,False,0.0
YFU,31,52,494,47,10,0.1417004048582996,0.5,0.11182186234817815,0.015855403943886646,0.03482587064676617,True,0.15384615384615385,450,0.8,0.10970647773279353,0.0162168194478757,0.009950248756218905,True,0.012145748987854255
YFU,31,53,494,47,10,0.12955465587044535,0.2,0.11040485829959515,0.016491485678120817,0.11940298507462686,False,0.14979757085020243,225,0.2,0.10923076923076923,0.014479588997599716,0.004975124378109453,True,0.020242914979757082
YFU,31,54,494,47,10,0.14777327935222673,0.8,0.11020242914979757,0.016324321137237325,0.01990049751243781,True,0.15182186234817813,225,0.8,0.10770242914979758,0.015463619427757352,0.004975124378109453,True,0.0040485829959514
YFU,31,55,494,47,10,0.13562753036437247,0.5,0.1097672064777328,0.01670067457670337,0.06965174129353234,False,0.1417004048582996,300,0.2,0.1101417004048583,0.01586832095184282,0.04477611940298507,True,0.006072874493927127
YFU,31,56,494,47,10,0.11336032388663968,0.5,0.11101214574898785,0.017995660834182005,0.46766169154228854,False,0.1437246963562753,300,0.8,0.1106174089068826,0.01789866069468577,0.03482587064676617,True,0.030364372469635623
YFU,31,57,494,47,10,0.14777327935222673,0.2,0.11031376518218625,0.017098579119861092,0.01990049751243781,True,0.1680161943319838,300,0.2,0.11056680161943319,0.016247091239684704,0.004975124378109453,True,0.020242914979757082
YFU,31,58,494,47,10,0.14979757085020243,0.5,0.11137651821862349,0.014952707284876462,0.009950248756218905,True,0.14979757085020243,900,0.5,0.11137651821862349,0.014952707284876462,0.009950248756218905,True,0.0
YFU,31,59,494,47,10,0.10931174089068826,0.5,0.11105263157894736,0.017241345426249912,0.5373134328358209,False,0.11336032388663968,300,0.2,0.1098582995951417,0.017269591918553803,0.43283582089552236,False,0.004048582995951414
YFU,31,60,494,47,10,0.1214574898785425,0.2,0.10950404858299595,0.016894558597660602,0.24875621890547264,False,0.13562753036437247,225,0.2,0.11003036437246964,0.01784681479003949,0.07462686567164178,False,0.014170040485829968
YFU,31,61,494,47,10,0.12348178137651822,0.2,0.11173076923076923,0.01623204961617409,0.2736318407960199,False,0.12348178137651822,900,0.2,0.11173076923076923,0.01623204961617409,0.2736318407960199,False,0.0
YFU,31,62,494,47,10,0.15587044534412955,0.2,0.10944331983805668,0.01649053357140482,0.014925373134328358,True,0.16194331983805668,150,0.2,0.1095242914979757,0.016654942068014867,0.004975124378109453,True,0.006072874493927127
YFU,31,63,494,47,10,0.13360323886639677,0.2,0.11155870445344128,0.016718361677690283,0.1044776119402985,False,0.1417004048582996,180,0.5,0.10951417004048583,0.01697044672955194,0.03980099502487562,True,0.008097165991902827
YFU,31,64,494,47,10,0.13360323886639677,0.2,0.11055668016194332,0.016687402347064846,0.0845771144278607,False,0.13360323886639677,900,0.2,0.11055668016194332,0.016687402347064846,0.0845771144278607,False,0.0
YFU,31,65,494,47,10,0.13157894736842105,0.2,0.1095748987854251,0.01529627751579517,0.07960199004975124,False,0.13765182186234817,450,0.2,0.11245951417004046,0.016118750112616712,0.06965174129353234,False,0.006072874493927127
YFU,31,66,494,47,10,0.12955465587044535,0.5,0.1102327935222672,0.015252446623712692,0.15920398009950248,False,0.12955465587044535,450,0.2,0.10903846153846153,0.015482756350898198,0.1044776119402985,False,0.0
YFU,31,67,494,47,10,0.1417004048582996,0.5,0.11030364372469638,0.016485428717597398,0.04975124378109453,True,0.1417004048582996,900,0.5,0.11030364372469638,0.016485428717597398,0.04975124378109453,True,0.0
YFU,31,68,494,47,10,0.13765182186234817,0.2,0.10941295546558705,0.01656239268973816,0.03980099502487562,True,0.13765182186234817,900,0.2,0.10952429149797573,0.016740034506425736,0.04477611940298507,True,0.0
YFU,31,69,494,47,10,0.12348178137651822,0.2,0.10861336032388663,0.014917739077502337,0.14925373134328357,False,0.12753036437246965,300,0.2,0.11029352226720647,0.016300762986192388,0.15422885572139303,False,0.0040485829959514275
YFU,31,70,494,47,10,0.1214574898785425,0.2,0.10937246963562754,0.017422965028980483,0.25870646766169153,False,0.1437246963562753,90,0.8,0.1108097165991903,0.01685995995636367,0.03482587064676617,True,0.022267206477732795
YFU,32,33,494,47,10,0.10526315789473684,0.8,0.1098076923076923,0.01771316529533197,0.6069651741293532,False,0.1417004048582996,225,0.5,0.10866396761133602,0.015497488832616712,0.03980099502487562,True,0.036437246963562764
YFU,32,34,494,47,10,0.12753036437246965,0.8,0.10930161943319838,0.015559465701744312,0.15422885572139303,False,0.14777327935222673,60,0.8,0.11054655870445344,0.01587688322014147,0.024875621890547265,True,0.020242914979757082
YFU,32,35,494,47,10,0.11336032388663968,0.2,0.1097165991902834,0.01597026235658117,0.4079601990049751,False,0.13562753036437247,180,0.5,0.10961538461538463,0.016248599388548925,0.06467661691542288,False,0.022267206477732795
YFU,32,36,494,47,10,0.0931174089068826,0.2,0.10906882591093119,0.01856909101755021,0.8258706467661692,False,0.1396761133603239,225,0.2,0.11035425101214574,0.016797234346320376,0.06467661691542288,False,0.046558704453441305
YFU,32,37,494,47,10,0.13157894736842105,0.5,0.10880566801619435,0.015900159623484712,0.0945273631840796,False,0.13157894736842105,900,0.5,0.10880566801619435,0.015900159623484712,0.0945273631840796,False,0.0
YFU,32,38,494,47,10,0.0951417004048583,0.8,0.11148785425101215,0.017739232847781967,0.8407960199004975,False,0.13562753036437247,60,0.2,0.11127530364372468,0.016119021579552306,0.08955223880597014,False,0.04048582995951418
YFU,32,39,494,47,10,0.11336032388663968,0.2,0.10953441295546558,0.01723148944267802,0.4129353233830846,False,0.15182186234817813,180,0.2,0.10874493927125506,0.01603480723296772,0.014925373134328358,True,0.03846153846153845
YFU,32,40,494,47,10,0.11336032388663968,0.5,0.10843117408906881,0.0157489900769941,0.3781094527363184,False,0.1396761133603239,75,0.2,0.10912955465587043,0.017160119262979084,0.04477611940298507,True,0.026315789473684223
YFU,32,41,494,47,10,0.09919028340080972,0.5,0.10992914979757085,0.016642326274068,0.7661691542288557,False,0.12955465587044535,180,0.5,0.10977732793522268,0.017877724412126473,0.15422885572139303,False,0.030364372469635623
YFU,32,42,494,47,10,0.09716599190283401,0.2,0.10768218623481783,0.016287771725358145,0.7562189054726368,False,0.12955465587044535,90,0.5,0.1102834008097166,0.016594947139702512,0.13432835820895522,False,0.032388663967611336
YFU,32,43,494,47,10,0.10526315789473684,0.5,0.11027327935222672,0.016130549914073714,0.6268656716417911,False,0.145748987854251,150,0.5,0.11156882591093117,0.016225045514356683,0.029850746268656716,True,0.040485829959514164
YFU,32,44,494,47,10,0.10728744939271255,0.2,0.11010121457489878,0.017056126190132182,0.572139303482587,False,0.14777327935222673,180,0.8,0.11194331983805668,0.01643289584213577,0.01990049751243781,True,0.04048582995951418
YFU,32,45,494,47,10,0.11336032388663968,0.5,0.10911943319838055,0.016694705845957516,0.3880597014925373,False,0.13765182186234817,75,0.8,0.10983805668016194,0.017212897063800987,0.06467661691542288,False,0.024291497975708495
YFU,32,46,494,47,10,0.13765182186234817,0.5,0.10886639676113359,0.01639922867719288,0.05970149253731343,False,0.13765182186234817,90,0.8,0.11091093117408907,0.017052262415405844,0.05472636815920398,False,0.0
YFU,32,47,494,47,10,0.09716599190283401,0.2,0.10881578947368421,0.016231795897137254,0.8059701492537313,False,0.1396761133603239,150,0.8,0.11069838056680162,0.01587271617785323,0.029850746268656716,True,0.04251012145748989
YFU,32,48,494,47,10,0.10728744939271255,0.8,0.112165991902834,0.01704332408147203,0.6268656716417911,False,0.13157894736842105,180,0.2,0.110748987854251,0.01609432172803821,0.12935323383084577,False,0.024291497975708495
YFU,32,49,494,47,10,0.11538461538461539,0.5,0.10917004048582997,0.016103173027509323,0.39303482587064675,False,0.13360323886639677,100,0.2,0.11046558704453441,0.01696014193548145,0.08955223880597014,False,0.018218623481781382
YFU,32,50,494,47,10,0.10526315789473684,0.8,0.10905870445344128,0.015271524560083377,0.6169154228855721,False,0.12550607287449392,300,0.5,0.1101417004048583,0.016979168749027204,0.19402985074626866,False,0.020242914979757082
YFU,32,51,494,47,10,0.11538461538461539,0.8,0.10940283400809717,0.017463559409624647,0.43283582089552236,False,0.12550607287449392,75,0.2,0.11077935222672065,0.01612033413753568,0.21890547263681592,False,0.010121457489878527
YFU,32,52,494,47,10,0.10931174089068826,0.5,0.10908906882591093,0.017248211417599746,0.5174129353233831,False,0.14979757085020243,225,0.8,0.10986842105263157,0.01677633199536636,0.014925373134328358,True,0.040485829959514164
YFU,32,53,494,47,10,0.10323886639676114,0.2,0.10934210526315788,0.016913902679206505,0.6467661691542289,False,0.15182186234817813,100,0.5,0.1098076923076923,0.015441231925426206,0.004975124378109453,True,0.04858299595141699
YFU,32,54,494,47,10,0.10931174089068826,0.2,0.10963562753036436,0.016795349418444967,0.5024875621890548,False,0.1437246963562753,450,0.5,0.11030364372469634,0.016707519342468988,0.03980099502487562,True,0.034412955465587036
YFU,32,55,494,47,10,0.11133603238866396,0.2,0.1092004048582996,0.017753458577670574,0.46766169154228854,False,0.14777327935222673,100,0.8,0.11053643724696358,0.016491557474103333,0.01990049751243781,True,0.036437246963562764
YFU,32,56,494,47,10,0.10931174089068826,0.8,0.10838056680161945,0.01568382367933108,0.5074626865671642,False,0.1437246963562753,180,0.5,0.10934210526315791,0.016472292453987344,0.024875621890547265,True,0.034412955465587036
YFU,32,57,494,47,10,0.13360323886639677,0.8,0.11036437246963562,0.016829056164989486,0.1044776119402985,False,0.1417004048582996,60,0.2,0.1095344129554656,0.014626671531337376,0.029850746268656716,True,0.008097165991902827
YFU,32,58,494,47,10,0.11740890688259109,0.2,0.1106174089068826,0.016629577083868644,0.3781094527363184,False,0.1396761133603239,75,0.2,0.1106174089068826,0.016698775666518367,0.05970149253731343,False,0.02226720647773281
YFU,32,59,494,47,10,0.09109311740890688,0.2,0.10901821862348178,0.017091833735468877,0.8507462686567164,False,0.12753036437246965,90,0.2,0.11103238866396761,0.016218155832759675,0.15422885572139303,False,0.036437246963562764
YFU,32,60,494,47,10,0.08906882591093117,0.8,0.10842105263157896,0.0169517988419306,0.8905472636815921,False,0.12348178137651822,225,0.2,0.10880566801619435,0.01561792062943756,0.208955223880597,False,0.03441295546558705
YFU,32,61,494,47,10,0.10931174089068826,0.2,0.1101923076923077,0.01641481334179286,0.527363184079602,False,0.1437246963562753,100,0.2,0.11065789473684211,0.017496520253185096,0.04477611940298507,True,0.034412955465587036
YFU,32,62,494,47,10,0.1194331983805668,0.5,0.1093825910931174,0.016816102617658125,0.27860696517412936,False,0.1417004048582996,100,0.8,0.10932186234817814,0.01450041876530955,0.01990049751243781,True,0.022267206477732795
YFU,32,63,494,47,10,0.11740890688259109,0.8,0.10892712550607288,0.017862375716235,0.3333333333333333,False,0.1437246963562753,90,0.8,0.10875506072874494,0.01626656917376207,0.029850746268656716,True,0.02631578947368421
YFU,32,64,494,47,10,0.11336032388663968,0.5,0.11142712550607287,0.016513269223270524,0.4527363184079602,False,0.13360323886639677,100,0.2,0.10987854251012145,0.016552953483003535,0.08955223880597014,False,0.020242914979757096
YFU,32,65,494,47,10,0.11740890688259109,0.5,0.10970647773279353,0.015542516668942557,0.31840796019900497,False,0.145748987854251,450,0.5,0.11091093117408907,0.017159399262002703,0.029850746268656716,True,0.02834008097165991
YFU,32,66,494,47,10,0.1194331983805668,0.5,0.11070850202429149,0.016953924473817744,0.34328358208955223,False,0.13562753036437247,225,0.2,0.109251012145749,0.016728359962293306,0.06965174129353234,False,0.016194331983805668
YFU,32,67,494,47,10,0.12955465587044535,0.8,0.11108299595141702,0.017317491544613726,0.1691542288557214,False,0.13562753036437247,225,0.5,0.11157894736842106,0.016918872166634603,0.08955223880597014,False,0.006072874493927127
YFU,32,68,494,47,10,0.10526315789473684,0.5,0.10969635627530366,0.017179547883007046,0.5920398009950248,False,0.1396761133603239,60,0.2,0.11133603238866396,0.015759998613241434,0.05472636815920398,False,0.034412955465587064
YFU,32,69,494,47,10,0.11336032388663968,0.5,0.10848178137651822,0.016290922552037564,0.417910447761194,False,0.13157894736842105,60,0.5,0.11085020242914981,0.01616663959883842,0.1044776119402985,False,0.018218623481781368
YFU,32,70,494,47,10,0.10526315789473684,0.2,0.11045546558704453,0.016240775137631672,0.6417910447761194,False,0.145748987854251,150,0.2,0.11317813765182187,0.017364102852466375,0.06467661691542288,False,0.040485829959514164
YFU,33,34,494,47,10,0.12955465587044535,0.5,0.10986842105263157,0.016401460448360973,0.13432835820895522,False,0.1437246963562753,225,0.5,0.10855263157894739,0.016031310644465915,0.014925373134328358,True,0.014170040485829954
YFU,33,35,494,47,10,0.1214574898785425,0.2,0.11075910931174089,0.015947524067879665,0.24875621890547264,False,0.14979757085020243,225,0.2,0.10944331983805668,0.016745790335297106,0.014925373134328358,True,0.028340080971659923
YFU,33,36,494,47,10,0.10526315789473684,0.2,0.10991902834008098,0.016770270474734218,0.6069651741293532,False,0.1417004048582996,180,0.5,0.10878542510121457,0.015701407064673968,0.024875621890547265,True,0.036437246963562764
YFU,33,37,494,47,10,0.1214574898785425,0.5,0.10920040485829957,0.017794007789191293,0.22885572139303484,False,0.13765182186234817,90,0.8,0.11155870445344129,0.014216886504337155,0.04975124378109453,True,0.016194331983805668
YFU,33,38,494,47,10,0.11740890688259109,0.2,0.11145748987854251,0.016414891745402428,0.4079601990049751,False,0.13562753036437247,225,0.8,0.10969635627530364,0.015804868113985633,0.07462686567164178,False,0.018218623481781382
YFU,33,39,494,47,10,0.1417004048582996,0.5,0.10982793522267206,0.016455432701852443,0.029850746268656716,True,0.15991902834008098,225,0.2,0.10931174089068825,0.015153846830551309,0.004975124378109453,True,0.018218623481781382
YFU,33,40,494,47,10,0.11336032388663968,0.2,0.11130566801619433,0.01644226308072622,0.4527363184079602,False,0.14777327935222673,225,0.2,0.10856275303643725,0.016131025428533907,0.014925373134328358,True,0.03441295546558705
YFU,33,41,494,47,10,0.12348178137651822,0.5,0.11043522267206476,0.016487561396149625,0.24875621890547264,False,0.1437246963562753,90,0.5,0.11174089068825911,0.014635411490098275,0.01990049751243781,True,0.020242914979757082
YFU,33,42,494,47,10,0.10728744939271255,0.8,0.11132591093117408,0.017792040391396025,0.5572139303482587,False,0.15182186234817813,90,0.5,0.11158906882591094,0.015858906855642105,0.01990049751243781,True,0.04453441295546558
YFU,33,43,494,47,10,0.12550607287449392,0.8,0.1110323886639676,0.015533309441017686,0.16417910447761194,False,0.15182186234817813,225,0.8,0.10969635627530364,0.016294966852569422,0.009950248756218905,True,0.02631578947368421
YFU,33,44,494,47,10,0.1194331983805668,0.8,0.11091093117408907,0.016605652169828653,0.31343283582089554,False,0.145748987854251,180,0.2,0.11038461538461536,0.015888707125064724,0.014925373134328358,True,0.026315789473684195
YFU,33,45,494,47,10,0.11336032388663968,0.2,0.11066801619433198,0.01743855877966148,0.43283582089552236,False,0.14777327935222673,225,0.8,0.1082085020242915,0.01669618589548948,0.01990049751243781,True,0.03441295546558705
YFU,33,46,494,47,10,0.11133603238866396,0.5,0.11118421052631579,0.017340069189056107,0.5024875621890548,False,0.14777327935222673,225,0.5,0.10864372469635628,0.016920758546292897,0.024875621890547265,True,0.036437246963562764
YFU,33,47,494,47,10,0.10728744939271255,0.2,0.10926113360323887,0.01615159954675428,0.572139303482587,False,0.12955465587044535,75,0.2,0.11208502024291497,0.01580215790536461,0.15920398009950248,False,0.022267206477732795
YFU,33,48,494,47,10,0.1194331983805668,0.2,0.11194331983805668,0.01687553705546771,0.373134328358209,False,0.13562753036437247,180,0.5,0.10936234817813766,0.015802324049314143,0.06467661691542288,False,0.016194331983805668
YFU,33,49,494,47,10,0.10931174089068826,0.2,0.10907894736842107,0.016307330499441844,0.5174129353233831,False,0.14777327935222673,225,0.5,0.10756072874493927,0.016140427523790947,0.009950248756218905,True,0.038461538461538464
YFU,33,50,494,47,10,0.11336032388663968,0.5,0.11020242914979757,0.016182425993864446,0.40298507462686567,False,0.15182186234817813,225,0.8,0.10882591093117408,0.016585365058350607,0.004975124378109453,True,0.03846153846153845
YFU,33,51,494,47,10,0.11336032388663968,0.8,0.11050607287449392,0.01623647954573667,0.417910447761194,False,0.12955465587044535,225,0.8,0.10845141700404859,0.01681740056412915,0.12935323383084577,False,0.016194331983805668
YFU,33,52,494,47,10,0.11133603238866396,0.2,0.10959514170040485,0.01695957128694531,0.48258706467661694,False,0.145748987854251,90,0.5,0.11122469635627531,0.015360608049380357,0.024875621890547265,True,0.034412955465587036
YFU,33,53,494,47,10,0.13360323886639677,0.2,0.11016194331983804,0.016489637604389866,0.0845771144278607,False,0.145748987854251,225,0.5,0.10972672064777328,0.014795351907614057,0.014925373134328358,True,0.012145748987854227
YFU,33,54,494,47,10,0.12955465587044535,0.8,0.11006072874493927,0.01657800096796214,0.12437810945273632,False,0.1437246963562753,180,0.2,0.10897773279352226,0.016153307827789877,0.029850746268656716,True,0.014170040485829954
YFU,33,55,494,47,10,0.11133603238866396,0.2,0.10926113360323886,0.0158530628272451,0.48258706467661694,False,0.1417004048582996,180,0.8,0.10943319838056681,0.016096944368906265,0.03980099502487562,True,0.030364372469635637
YFU,33,56,494,47,10,0.1194331983805668,0.2,0.11075910931174089,0.01737262427268021,0.3333333333333333,False,0.15182186234817813,225,0.5,0.10877530364372469,0.015970878023728558,0.009950248756218905,True,0.03238866396761132
YFU,33,57,494,47,10,0.12550607287449392,0.8,0.11153846153846153,0.01721380622559543,0.22388059701492538,False,0.15587044534412955,225,0.5,0.10927125506072873,0.01585633899511588,0.004975124378109453,True,0.030364372469635637
YFU,33,58,494,47,10,0.12753036437246965,0.8,0.1102834008097166,0.017367387428894057,0.19402985074626866,False,0.1437246963562753,225,0.8,0.1082085020242915,0.016328303568456985,0.029850746268656716,True,0.016194331983805654
YFU,33,59,494,47,10,0.1194331983805668,0.8,0.11035425101214574,0.016802137233028345,0.27860696517412936,False,0.1417004048582996,180,0.5,0.10937246963562754,0.016432783064516374,0.03482587064676617,True,0.022267206477732795
YFU,33,60,494,47,10,0.0951417004048583,0.5,0.11077935222672064,0.0173815828167054,0.8407960199004975,False,0.12753036437246965,180,0.8,0.10939271255060729,0.01591839662963625,0.17412935323383086,False,0.03238866396761135
YFU,33,61,494,47,10,0.1214574898785425,0.5,0.11253036437246963,0.016866004504525467,0.31840796019900497,False,0.1396761133603239,225,0.5,0.11029352226720647,0.016818061743629483,0.06965174129353234,False,0.018218623481781396
YFU,33,62,494,47,10,0.13157894736842105,0.8,0.11119433198380566,0.017363296435468054,0.15422885572139303,False,0.15182186234817813,225,0.8,0.10907894736842107,0.01612957969344161,0.014925373134328358,True,0.020242914979757082
YFU,33,63,494,47,10,0.13157894736842105,0.2,0.11032388663967611,0.01634116494803163,0.0845771144278607,False,0.15384615384615385,225,0.2,0.10827935222672064,0.016208300183109585,0.009950248756218905,True,0.02226720647773281
YFU,33,64,494,47,10,0.11133603238866396,0.2,0.10928137651821862,0.016956459700491863,0.48258706467661694,False,0.16194331983805668,225,0.8,0.10842105263157896,0.01620531436450113,0.004975124378109453,True,0.05060728744939272
YFU,33,65,494,47,10,0.10728744939271255,0.8,0.10949392712550608,0.015081915471401584,0.5920398009950248,False,0.12955465587044535,90,0.5,0.11090080971659919,0.015353474640722627,0.13930348258706468,False,0.022267206477732795
YFU,33,66,494,47,10,0.11538461538461539,0.2,0.11073886639676113,0.01580800447001306,0.417910447761194,False,0.13562753036437247,150,0.2,0.11217611336032389,0.0186429289521991,0.11940298507462686,False,0.020242914979757082
YFU,33,67,494,47,10,0.11538461538461539,0.5,0.10955465587044534,0.015848025494311028,0.40298507462686567,False,0.1417004048582996,225,0.8,0.11007085020242915,0.01544648524028782,0.029850746268656716,True,0.02631578947368421
YFU,33,68,494,47,10,0.10728744939271255,0.5,0.10993927125506074,0.016938127696085548,0.5671641791044776,False,0.12753036437246965,150,0.2,0.11189271255060727,0.015593097210178162,0.18407960199004975,False,0.020242914979757096
YFU,33,69,494,47,10,0.11538461538461539,0.2,0.10947368421052632,0.01744475696510613,0.3781094527363184,False,0.14979757085020243,225,0.8,0.1076923076923077,0.01625398449216021,0.024875621890547265,True,0.034412955465587036
YFU,33,70,494,47,10,0.11538461538461539,0.5,0.10967611336032389,0.0162321289025598,0.3582089552238806,False,0.145748987854251,180,0.8,0.11013157894736843,0.01607961102650775,0.029850746268656716,True,0.03036437246963561
YFU,34,35,494,47,10,0.12753036437246965,0.2,0.11015182186234819,0.015088859971224633,0.13930348258706468,False,0.15789473684210525,60,0.5,0.1099089068825911,0.017714676494400186,0.009950248756218905,True,0.03036437246963561
YFU,34,36,494,47,10,0.12753036437246965,0.5,0.10880566801619435,0.015682392521973204,0.13930348258706468,False,0.1437246963562753,60,0.2,0.1093825910931174,0.016869895680858477,0.029850746268656716,True,0.016194331983805654
YFU,34,37,494,47,10,0.12955465587044535,0.8,0.10846153846153847,0.016063290952098488,0.1044776119402985,False,0.1396761133603239,60,0.5,0.11182186234817813,0.016533137271536658,0.04975124378109453,True,0.010121457489878555
YFU,34,38,494,47,10,0.12753036437246965,0.2,0.11035425101214574,0.01590174923622035,0.1791044776119403,False,0.1437246963562753,60,0.8,0.11082995951417005,0.017203934465063603,0.03980099502487562,True,0.016194331983805654
YFU,34,39,494,47,10,0.14979757085020243,0.2,0.10852226720647774,0.017700713338400547,0.01990049751243781,True,0.1680161943319838,450,0.2,0.11030364372469634,0.01714066862099608,0.004975124378109453,True,0.018218623481781382
YFU,34,40,494,47,10,0.12550607287449392,0.2,0.10988866396761132,0.015286942185356886,0.16417910447761194,False,0.16194331983805668,60,0.5,0.11069838056680162,0.01710529776782111,0.009950248756218905,True,0.036437246963562764
YFU,34,41,494,47,10,0.13360323886639677,0.8,0.10888663967611337,0.014919109014496572,0.05472636815920398,False,0.14777327935222673,100,0.5,0.10943319838056681,0.015949154148000293,0.029850746268656716,True,0.014170040485829954
YFU,34,42,494,47,10,0.12955465587044535,0.2,0.10898785425101214,0.015144930179687766,0.09950248756218906,False,0.15789473684210525,60,0.5,0.11006072874493927,0.017596310836928215,0.009950248756218905,True,0.02834008097165991
YFU,34,43,494,47,10,0.11336032388663968,0.2,0.1104251012145749,0.01618892703732644,0.4577114427860697,False,0.1680161943319838,75,0.2,0.11148785425101215,0.016487861135591305,0.004975124378109453,True,0.05465587044534413
YFU,34,44,494,47,10,0.13765182186234817,0.2,0.11056680161943319,0.015929672664159053,0.06467661691542288,False,0.16194331983805668,150,0.2,0.1100506072874494,0.01623646369273954,0.009950248756218905,True,0.02429149797570851
YFU,34,45,494,47,10,0.13360323886639677,0.8,0.11106275303643724,0.015083946257864474,0.07462686567164178,False,0.16194331983805668,60,0.5,0.1105263157894737,0.01672600868662122,0.004975124378109453,True,0.02834008097165991
YFU,34,46,494,47,10,0.13765182186234817,0.5,0.10929149797570852,0.015979272581998216,0.04975124378109453,True,0.1659919028340081,60,0.5,0.11141700404858298,0.01624491114682826,0.004975124378109453,True,0.028340080971659937
YFU,34,47,494,47,10,0.13157894736842105,0.8,0.10937246963562754,0.017571250059085858,0.09950248756218906,False,0.145748987854251,60,0.8,0.11128542510121457,0.016662408094165845,0.024875621890547265,True,0.014170040485829954
YFU,34,48,494,47,10,0.12955465587044535,0.2,0.11116396761133604,0.017908873888349972,0.19900497512437812,False,0.15384615384615385,100,0.5,0.11128542510121457,0.016682169497573566,0.014925373134328358,True,0.02429149797570851
YFU,34,49,494,47,10,0.13157894736842105,0.5,0.11021255060728746,0.01568232358678528,0.0845771144278607,False,0.14777327935222673,60,0.2,0.11195344129554657,0.016155117898616796,0.024875621890547265,True,0.016194331983805682
YFU,34,50,494,47,10,0.13562753036437247,0.2,0.10935222672064776,0.015157868480064118,0.06467661691542288,False,0.14777327935222673,180,0.5,0.10965587044534411,0.016448063645244374,0.024875621890547265,True,0.012145748987854255
YFU,34,51,494,47,10,0.14777327935222673,0.5,0.11153846153846153,0.016475445487547237,0.01990049751243781,True,0.14777327935222673,900,0.5,0.11153846153846153,0.016475445487547237,0.01990049751243781,True,0.0
YFU,34,52,494,47,10,0.12955465587044535,0.8,0.1104757085020243,0.0151517234854426,0.12437810945273632,False,0.14979757085020243,100,0.2,0.11016194331983806,0.016875976326203232,0.024875621890547265,True,0.020242914979757082
YFU,34,53,494,47,10,0.12753036437246965,0.8,0.10921052631578948,0.01643634145189245,0.15422885572139303,False,0.16396761133603238,60,0.5,0.1124089068825911,0.017187361104649006,0.009950248756218905,True,0.036437246963562736
YFU,34,54,494,47,10,0.13157894736842105,0.8,0.10856275303643724,0.015434312556193461,0.08955223880597014,False,0.14979757085020243,60,0.8,0.10986842105263157,0.01695823261582405,0.01990049751243781,True,0.018218623481781382
YFU,34,55,494,47,10,0.1194331983805668,0.2,0.1091497975708502,0.01795203448118613,0.31840796019900497,False,0.15384615384615385,180,0.5,0.11129554655870447,0.016380131633783573,0.009950248756218905,True,0.03441295546558705
YFU,34,56,494,47,10,0.1214574898785425,0.8,0.10887651821862349,0.01624622620878003,0.25870646766169153,False,0.1659919028340081,60,0.2,0.11031376518218622,0.018316127032371808,0.009950248756218905,True,0.044534412955465605
YFU,34,57,494,47,10,0.1396761133603239,0.8,0.10981781376518221,0.0166763824492089,0.04975124378109453,True,0.1720647773279352,100,0.2,0.1098178137651822,0.015910516769637582,0.004975124378109453,True,0.03238866396761131
YFU,34,58,494,47,10,0.145748987854251,0.2,0.11055668016194332,0.0165535972362621,0.024875621890547265,True,0.15991902834008098,60,0.8,0.11112348178137652,0.016637623826611693,0.004975124378109453,True,0.014170040485829982
YFU,34,59,494,47,10,0.11133603238866396,0.8,0.10969635627530364,0.016809994189490182,0.4975124378109453,False,0.15182186234817813,60,0.5,0.11088056680161942,0.01575665013975993,0.01990049751243781,True,0.040485829959514164
YFU,34,60,494,47,10,0.12348178137651822,0.8,0.1115991902834008,0.01567524791167578,0.2537313432835821,False,0.15384615384615385,60,0.8,0.10897773279352226,0.01614948306742675,0.009950248756218905,True,0.030364372469635637
YFU,34,61,494,47,10,0.12955465587044535,0.8,0.11123481781376517,0.01603941681248837,0.13930348258706468,False,0.14979757085020243,75,0.8,0.11067813765182187,0.015623440741458446,0.004975124378109453,True,0.020242914979757082
YFU,34,62,494,47,10,0.13360323886639677,0.2,0.11133603238866396,0.016824210080451953,0.13432835820895522,False,0.1680161943319838,75,0.2,0.10928137651821862,0.017506168212671706,0.004975124378109453,True,0.034412955465587036
YFU,34,63,494,47,10,0.1437246963562753,0.8,0.11081983805668016,0.016033314292596152,0.03482587064676617,True,0.15182186234817813,180,0.8,0.10874493927125506,0.01449993948075267,0.004975124378109453,True,0.008097165991902827
YFU,34,64,494,47,10,0.13562753036437247,0.5,0.11084008097165991,0.015946387755065173,0.09950248756218906,False,0.14777327935222673,100,0.8,0.11110323886639677,0.016906231038577954,0.01990049751243781,True,0.012145748987854255
YFU,34,65,494,47,10,0.13360323886639677,0.8,0.10931174089068825,0.015496478976649512,0.06467661691542288,False,0.13765182186234817,180,0.8,0.10964574898785426,0.017219520284806614,0.0845771144278607,False,0.0040485829959514
YFU,34,66,494,47,10,0.12550607287449392,0.2,0.10873481781376519,0.015807457362370464,0.14925373134328357,False,0.15384615384615385,100,0.2,0.10973684210526315,0.01609688040713974,0.014925373134328358,True,0.028340080971659937
YFU,34,67,494,47,10,0.15384615384615385,0.2,0.11114372469635628,0.01651114921886059,0.009950248756218905,True,0.15587044534412955,225,0.2,0.11210526315789472,0.015746351983181243,0.004975124378109453,True,0.0020242914979757
YFU,34,68,494,47,10,0.11740890688259109,0.5,0.10981781376518217,0.014912427225389388,0.32338308457711445,False,0.17611336032388664,60,0.8,0.1106174089068826,0.014955375225515877,0.004975124378109453,True,0.058704453441295545
YFU,34,69,494,47,10,0.15182186234817813,0.8,0.10995951417004048,0.015950600099435833,0.014925373134328358,True,0.16396761133603238,180,0.8,0.10954453441295547,0.016536795472712633,0.004975124378109453,True,0.012145748987854255
YFU,34,70,494,47,10,0.1437246963562753,0.2,0.11098178137651823,0.016544588634326885,0.01990049751243781,True,0.15182186234817813,60,0.5,0.11223684210526315,0.015688887483535367,0.01990049751243781,True,0.008097165991902827
YFU,35,36,494,47,10,0.11133603238866396,0.8,0.10896761133603239,0.01738652522145439,0.43283582089552236,False,0.12550607287449392,75,0.8,0.11024291497975708,0.015854884447153345,0.18407960199004975,False,0.014170040485829954
YFU,35,37,494,47,10,0.13360323886639677,0.2,0.10799595141700405,0.016589722364367992,0.1044776119402985,False,0.13360323886639677,900,0.2,0.10799595141700405,0.016589722364367992,0.1044776119402985,False,0.0
YFU,35,38,494,47,10,0.14777327935222673,0.2,0.11204453441295549,0.01817590617475413,0.03482587064676617,True,0.14777327935222673,900,0.2,0.11204453441295549,0.01817590617475413,0.03482587064676617,True,0.0
YFU,35,39,494,47,10,0.14979757085020243,0.2,0.10895748987854251,0.016970977578566866,0.01990049751243781,True,0.14979757085020243,225,0.5,0.109665991902834,0.018123362145169714,0.029850746268656716,True,0.0
YFU,35,40,494,47,10,0.12348178137651822,0.2,0.11112348178137653,0.018630907752314515,0.25870646766169153,False,0.1417004048582996,90,0.5,0.11095141700404859,0.019943041627525724,0.0945273631840796,False,0.018218623481781382
YFU,35,41,494,47,10,0.1214574898785425,0.5,0.11060728744939272,0.016919456358299476,0.2885572139303483,False,0.14777327935222673,90,0.8,0.11007085020242915,0.017774602052063233,0.01990049751243781,True,0.026315789473684223
YFU,35,42,494,47,10,0.12955465587044535,0.8,0.10903846153846153,0.016176110102151777,0.11940298507462686,False,0.1437246963562753,90,0.8,0.10821862348178136,0.0178363611422644,0.024875621890547265,True,0.014170040485829954
YFU,35,43,494,47,10,0.12955465587044535,0.5,0.11100202429149796,0.01621311127603247,0.14427860696517414,False,0.15991902834008098,150,0.8,0.11182186234817813,0.017945013210579074,0.009950248756218905,True,0.030364372469635637
YFU,35,44,494,47,10,0.12550607287449392,0.5,0.11203441295546558,0.017359842056482975,0.21890547263681592,False,0.1396761133603239,450,0.8,0.11158906882591094,0.01579124395973502,0.05970149253731343,False,0.014170040485829982
YFU,35,45,494,47,10,0.0931174089068826,0.2,0.10949392712550608,0.01760903834146793,0.845771144278607,False,0.09716599190283401,90,0.8,0.11318825910931174,0.017083856292302232,0.835820895522388,False,0.004048582995951414
YFU,35,46,494,47,10,0.12348178137651822,0.2,0.11004048582995953,0.015013288209479054,0.18407960199004975,False,0.13765182186234817,450,0.2,0.11017206477732792,0.01658685176076991,0.06467661691542288,False,0.014170040485829954
YFU,35,47,494,47,10,0.10931174089068826,0.2,0.10935222672064776,0.016262799540017966,0.5074626865671642,False,0.13360323886639677,150,0.2,0.11008097165991902,0.015211569366466313,0.0845771144278607,False,0.02429149797570851
YFU,35,48,494,47,10,0.13562753036437247,0.2,0.1103744939271255,0.017709026274693777,0.12437810945273632,False,0.13562753036437247,900,0.2,0.1103744939271255,0.017709026274693777,0.12437810945273632,False,0.0
YFU,35,49,494,47,10,0.14979757085020243,0.8,0.10855263157894736,0.015872534554246615,0.01990049751243781,True,0.14979757085020243,900,0.8,0.10855263157894736,0.015872534554246615,0.01990049751243781,True,0.0
YFU,35,50,494,47,10,0.13360323886639677,0.5,0.10871457489878543,0.015905400535032584,0.05970149253731343,False,0.13360323886639677,900,0.5,0.10871457489878543,0.015905400535032584,0.05970149253731343,False,0.0
YFU,35,51,494,47,10,0.1396761133603239,0.8,0.1109412955465587,0.017264806872003817,0.07462686567164178,False,0.1396761133603239,900,0.8,0.1109412955465587,0.017264806872003817,0.07462686567164178,False,0.0
YFU,35,52,494,47,10,0.12348178137651822,0.2,0.11027327935222672,0.017207749225699953,0.24378109452736318,False,0.14979757085020243,75,0.2,0.11035425101214574,0.018813024317621944,0.01990049751243781,True,0.02631578947368421
YFU,35,53,494,47,10,0.11740890688259109,0.5,0.10886639676113362,0.017498735636256653,0.3283582089552239,False,0.15587044534412955,60,0.2,0.11106275303643724,0.016501268902151183,0.014925373134328358,True,0.038461538461538464
YFU,35,54,494,47,10,0.12348178137651822,0.2,0.10905870445344128,0.016803313712969607,0.23383084577114427,False,0.14979757085020243,450,0.2,0.10874493927125506,0.016575330211367905,0.004975124378109453,True,0.02631578947368421
YFU,35,55,494,47,10,0.12348178137651822,0.2,0.10940283400809715,0.017531815336183035,0.27860696517412936,False,0.1437246963562753,150,0.8,0.1097165991902834,0.01644917782059332,0.04477611940298507,True,0.020242914979757082
YFU,35,56,494,47,10,0.1194331983805668,0.5,0.10992914979757085,0.01721882668539239,0.29850746268656714,False,0.15587044534412955,60,0.5,0.10867408906882592,0.018362813468651012,0.004975124378109453,True,0.03643724696356275
YFU,35,57,494,47,10,0.13360323886639677,0.2,0.11054655870445344,0.016373631049905003,0.09950248756218906,False,0.14777327935222673,180,0.5,0.11115384615384614,0.01656045305489225,0.029850746268656716,True,0.014170040485829954
YFU,35,58,494,47,10,0.11336032388663968,0.2,0.10919028340080972,0.016237050243325002,0.42786069651741293,False,0.1396761133603239,75,0.8,0.10892712550607288,0.016760923767130717,0.03980099502487562,True,0.026315789473684223
YFU,35,59,494,47,10,0.09716599190283401,0.2,0.10998987854251013,0.01851324749960414,0.7711442786069652,False,0.12955465587044535,180,0.2,0.11086032388663968,0.017425408380924774,0.15422885572139303,False,0.032388663967611336
YFU,35,60,494,47,10,0.10728744939271255,0.2,0.10805668016194332,0.01727418193211996,0.5522388059701493,False,0.12753036437246965,225,0.2,0.10905870445344128,0.0155745982905811,0.16417910447761194,False,0.020242914979757096
YFU,35,61,494,47,10,0.13360323886639677,0.2,0.11133603238866396,0.01641785199170541,0.12437810945273632,False,0.13360323886639677,75,0.8,0.10903846153846153,0.016996729598560995,0.07960199004975124,False,0.0
YFU,35,62,494,47,10,0.11133603238866396,0.5,0.10887651821862347,0.017805206240580223,0.46766169154228854,False,0.16194331983805668,100,0.2,0.10993927125506073,0.017109886724814945,0.004975124378109453,True,0.05060728744939272
YFU,35,63,494,47,10,0.13360323886639677,0.2,0.11016194331983804,0.015683193460990934,0.08955223880597014,False,0.15384615384615385,180,0.2,0.10839068825910932,0.015484245855601946,0.004975124378109453,True,0.020242914979757082
YFU,35,64,494,47,10,0.10728744939271255,0.2,0.11012145748987855,0.01639274822779823,0.582089552238806,False,0.12550607287449392,75,0.2,0.11151821862348178,0.017987363026381757,0.23383084577114427,False,0.018218623481781368
YFU,35,65,494,47,10,0.13157894736842105,0.2,0.11046558704453442,0.015791990480527388,0.08955223880597014,False,0.13562753036437247,450,0.2,0.11027327935222672,0.01646536553560641,0.0945273631840796,False,0.0040485829959514275
YFU,35,66,494,47,10,0.1396761133603239,0.8,0.10978744939271255,0.015989562385536046,0.03980099502487562,True,0.14979757085020243,450,0.2,0.10986842105263157,0.015545484083657616,0.004975124378109453,True,0.010121457489878527
YFU,35,67,494,47,10,0.145748987854251,0.8,0.10930161943319838,0.01582844230901386,0.014925373134328358,True,0.145748987854251,900,0.8,0.10930161943319838,0.01582844230901386,0.014925373134328358,True,0.0
YFU,35,68,494,47,10,0.11336032388663968,0.2,0.11035425101214574,0.017531439480802415,0.42786069651741293,False,0.145748987854251,60,0.5,0.1106174089068826,0.015660248741604613,0.029850746268656716,True,0.03238866396761132
YFU,35,69,494,47,10,0.10931174089068826,0.5,0.10890688259109313,0.016173974550260078,0.48258706467661694,False,0.14777327935222673,60,0.2,0.11044534412955467,0.016577168731826353,0.014925373134328358,True,0.038461538461538464
YFU,35,70,494,47,10,0.11133603238866396,0.2,0.10954453441295545,0.017960999244295173,0.43781094527363185,False,0.13765182186234817,90,0.5,0.11043522267206479,0.016248532855521247,0.06467661691542288,False,0.02631578947368421
YFU,36,37,494,47,10,0.12348178137651822,0.5,0.10762145748987853,0.016496401420206676,0.1691542288557214,False,0.12348178137651822,900,0.5,0.10756072874493927,0.0165511091623561,0.17412935323383086,False,0.0
YFU,36,38,494,47,10,0.10323886639676114,0.2,0.1095748987854251,0.01662389559587781,0.6467661691542289,False,0.12753036437246965,60,0.5,0.11057692307692309,0.016414637716348476,0.16417910447761194,False,0.02429149797570851
YFU,36,39,494,47,10,0.13562753036437247,0.5,0.11032388663967613,0.016372637503185964,0.07462686567164178,False,0.14777327935222673,150,0.2,0.10941295546558705,0.01617492937731165,0.014925373134328358,True,0.012145748987854255
YFU,36,40,494,47,10,0.11133603238866396,0.8,0.10848178137651822,0.017291612871801844,0.4626865671641791,False,0.12550607287449392,75,0.2,0.11086032388663966,0.015670869572292422,0.19900497512437812,False,0.014170040485829954
YFU,36,41,494,47,10,0.11538461538461539,0.8,0.10800607287449392,0.01600876518579354,0.35323383084577115,False,0.13562753036437247,180,0.8,0.10904858299595142,0.016308760477330878,0.05472636815920398,False,0.020242914979757082
YFU,36,42,494,47,10,0.11538461538461539,0.2,0.10760121457489878,0.01634254786518823,0.31840796019900497,False,0.12550607287449392,75,0.2,0.10996963562753036,0.015332081362383483,0.17412935323383086,False,0.010121457489878527
YFU,36,43,494,47,10,0.11740890688259109,0.2,0.1108502024291498,0.01565543873795487,0.36318407960199006,False,0.1396761133603239,75,0.2,0.11102226720647773,0.016255374826148288,0.03980099502487562,True,0.02226720647773281
YFU,36,44,494,47,10,0.10728744939271255,0.2,0.1095748987854251,0.016399417024046223,0.6169154228855721,False,0.13562753036437247,75,0.2,0.11057692307692309,0.015616190043427167,0.06467661691542288,False,0.028340080971659923
YFU,36,45,494,47,10,0.10728744939271255,0.8,0.10838056680161945,0.017453584101485963,0.5323383084577115,False,0.12550607287449392,75,0.8,0.11004048582995951,0.01582914804929935,0.19402985074626866,False,0.018218623481781368
YFU,36,46,494,47,10,0.10323886639676114,0.2,0.10724696356275304,0.015472488834354037,0.5920398009950248,False,0.13360323886639677,100,0.2,0.10903846153846153,0.016414938787388415,0.07960199004975124,False,0.030364372469635637
YFU,36,47,494,47,10,0.0951417004048583,0.8,0.10767206477732794,0.016510890434975924,0.7810945273631841,False,0.13765182186234817,75,0.8,0.11024291497975708,0.016916778647503447,0.06965174129353234,False,0.04251012145748988
YFU,36,48,494,47,10,0.0931174089068826,0.8,0.10956477732793524,0.016536496620251532,0.8258706467661692,False,0.13562753036437247,100,0.8,0.11174089068825911,0.01619560347377613,0.10945273631840796,False,0.04251012145748988
YFU,36,49,494,47,10,0.11740890688259109,0.2,0.1081578947368421,0.016172077459934583,0.29850746268656714,False,0.13157894736842105,75,0.2,0.10936234817813766,0.015815349510532917,0.1044776119402985,False,0.014170040485829954
YFU,36,50,494,47,10,0.11538461538461539,0.5,0.10831983805668016,0.01664949185739018,0.35323383084577115,False,0.13765182186234817,75,0.2,0.10865384615384616,0.015263432167135965,0.04477611940298507,True,0.02226720647773278
YFU,36,51,494,47,10,0.1214574898785425,0.8,0.10867408906882592,0.016667523604176088,0.23880597014925373,False,0.12550607287449392,90,0.8,0.1082995951417004,0.017478530841686248,0.1890547263681592,False,0.004048582995951414
YFU,36,52,494,47,10,0.11740890688259109,0.2,0.11016194331983804,0.01601707560701876,0.3482587064676617,False,0.13562753036437247,100,0.2,0.11175101214574898,0.01738793158073977,0.09950248756218906,False,0.018218623481781382
YFU,36,53,494,47,10,0.10728744939271255,0.2,0.10784412955465587,0.016882780511857425,0.5124378109452736,False,0.15587044534412955,150,0.2,0.10846153846153844,0.016104259918117012,0.009950248756218905,True,0.048582995951417005
YFU,36,54,494,47,10,0.11538461538461539,0.8,0.10713562753036437,0.016871799741250172,0.31840796019900497,False,0.14979757085020243,450,0.2,0.10823886639676114,0.016573777248059297,0.014925373134328358,True,0.034412955465587036
YFU,36,55,494,47,10,0.11133603238866396,0.5,0.10779352226720647,0.015788391208022806,0.42786069651741293,False,0.12955465587044535,100,0.2,0.11148785425101213,0.016060185217989385,0.15920398009950248,False,0.018218623481781382
YFU,36,56,494,47,10,0.11740890688259109,0.2,0.10756072874493927,0.016057287273249742,0.3034825870646766,False,0.13360323886639677,90,0.2,0.10852226720647774,0.01543762090180689,0.06965174129353234,False,0.016194331983805682
YFU,36,57,494,47,10,0.11740890688259109,0.2,0.10822874493927123,0.017816767497230764,0.3383084577114428,False,0.14777327935222673,225,0.2,0.10876518218623481,0.017362347661634792,0.024875621890547265,True,0.030364372469635637
YFU,36,58,494,47,10,0.11538461538461539,0.2,0.10779352226720647,0.016265065856139918,0.35323383084577115,False,0.14777327935222673,75,0.2,0.10956477732793524,0.017041810744160713,0.029850746268656716,True,0.032388663967611336
YFU,36,59,494,47,10,0.12955465587044535,0.5,0.10788461538461538,0.017031972285329593,0.11442786069651742,False,0.12753036437246965,900,0.5,0.10798582995951417,0.017030521417576782,0.15422885572139303,False,-0.0020242914979757
YFU,36,60,494,47,10,0.11538461538461539,0.5,0.10849190283400809,0.015614422999643919,0.3681592039800995,False,0.12753036437246965,225,0.2,0.10977732793522266,0.01612642926549229,0.16417910447761194,False,0.012145748987854255
YFU,36,61,494,47,10,0.10121457489878542,0.8,0.10813765182186234,0.017278711139453565,0.7064676616915423,False,0.1396761133603239,100,0.5,0.11024291497975706,0.018246113214253006,0.05970149253731343,False,0.03846153846153848
YFU,36,62,494,47,10,0.11133603238866396,0.2,0.10761133603238866,0.01826483761667307,0.43781094527363185,False,0.1437246963562753,75,0.2,0.10965587044534413,0.016619931337186547,0.024875621890547265,True,0.032388663967611336
YFU,36,63,494,47,10,0.1214574898785425,0.2,0.10827935222672064,0.017087727986463287,0.24875621890547264,False,0.13157894736842105,450,0.5,0.10781376518218623,0.015958963389583577,0.07462686567164178,False,0.010121457489878541
YFU,36,64,494,47,10,0.11740890688259109,0.8,0.10849190283400809,0.016690388285171037,0.2736318407960199,False,0.12550607287449392,150,0.2,0.1091497975708502,0.0159604084523397,0.1691542288557214,False,0.008097165991902827
YFU,36,65,494,47,10,0.11336032388663968,0.2,0.10826923076923078,0.016947349335185675,0.4079601990049751,False,0.13765182186234817,180,0.2,0.10799595141700406,0.01612137197268696,0.05472636815920398,False,0.024291497975708495
YFU,36,66,494,47,10,0.10931174089068826,0.5,0.1082995951417004,0.016674221436266397,0.5024875621890548,False,0.12753036437246965,100,0.8,0.11069838056680162,0.01680532334233771,0.16417910447761194,False,0.018218623481781382
YFU,36,67,494,47,10,0.12753036437246965,0.5,0.108582995951417,0.016544093890164018,0.13930348258706468,False,0.12955465587044535,900,0.5,0.108917004048583,0.016387342754258568,0.11940298507462686,False,0.0020242914979757
YFU,36,68,494,47,10,0.10526315789473684,0.8,0.1084008097165992,0.016734316689424638,0.6019900497512438,False,0.12550607287449392,75,0.2,0.11089068825910932,0.014211627839617113,0.18407960199004975,False,0.020242914979757082
YFU,36,69,494,47,10,0.10121457489878542,0.8,0.10799595141700405,0.018088461445392397,0.7014925373134329,False,0.1417004048582996,60,0.2,0.11016194331983804,0.01714831943748884,0.03980099502487562,True,0.04048582995951418
YFU,36,70,494,47,10,0.13157894736842105,0.2,0.10703441295546558,0.01641777360223259,0.06965174129353234,False,0.15384615384615385,180,0.5,0.11020242914979757,0.01669722493521072,0.004975124378109453,True,0.02226720647773281
YFU,37,38,494,47,10,0.11133603238866396,0.5,0.11165991902834009,0.017804700264198156,0.5223880597014925,False,0.11133603238866396,900,0.5,0.11165991902834009,0.017804700264198156,0.5223880597014925,False,0.0
YFU,37,39,494,47,10,0.145748987854251,0.5,0.1083097165991903,0.01588233925686086,0.01990049751243781,True,0.145748987854251,450,0.5,0.11186234817813766,0.0179885650148873,0.03980099502487562,True,0.0
YFU,37,40,494,47,10,0.11740890688259109,0.2,0.11043522267206479,0.01820980251082397,0.3681592039800995,False,0.12348178137651822,450,0.2,0.1098582995951417,0.016849538707697006,0.208955223880597,False,0.006072874493927127
YFU,37,41,494,47,10,0.11538461538461539,0.2,0.10974696356275303,0.01695573105140435,0.3781094527363184,False,0.12753036437246965,450,0.5,0.11086032388663968,0.016764102355243914,0.1791044776119403,False,0.012145748987854255
YFU,37,42,494,47,10,0.12550607287449392,0.2,0.10864372469635628,0.01728437097963209,0.14925373134328357,False,0.12753036437246965,90,0.2,0.11206477732793521,0.017418390578377622,0.22885572139303484,False,0.0020242914979757276
YFU,37,43,494,47,10,0.11133603238866396,0.2,0.10950404858299595,0.017215717103233833,0.4427860696517413,False,0.12550607287449392,450,0.2,0.11092105263157893,0.018210480981293655,0.22885572139303484,False,0.014170040485829954
YFU,37,44,494,47,10,0.10526315789473684,0.5,0.1102327935222672,0.016855754969947276,0.6467661691542289,False,0.1437246963562753,100,0.5,0.11002024291497976,0.01538278158096179,0.01990049751243781,True,0.038461538461538464
YFU,37,45,494,47,10,0.10526315789473684,0.2,0.10794534412955467,0.01742063362770045,0.5771144278606966,False,0.1194331983805668,450,0.5,0.11032388663967611,0.01764853095034004,0.3283582089552239,False,0.014170040485829968
YFU,37,46,494,47,10,0.12753036437246965,0.5,0.10817813765182185,0.016368411111784456,0.13930348258706468,False,0.12955465587044535,450,0.2,0.11017206477732794,0.017038789708914075,0.13930348258706468,False,0.0020242914979757
YFU,37,47,494,47,10,0.12550607287449392,0.8,0.10841093117408906,0.01784889151769692,0.1890547263681592,False,0.12550607287449392,100,0.5,0.11134615384615383,0.016263480101081553,0.21890547263681592,False,0.0
YFU,37,48,494,47,10,0.1214574898785425,0.2,0.11075910931174089,0.018871382612432198,0.31343283582089554,False,0.13562753036437247,450,0.2,0.11190283400809715,0.01944404582678164,0.11442786069651742,False,0.014170040485829968
YFU,37,49,494,47,10,0.12955465587044535,0.2,0.10793522267206476,0.016313115928795432,0.10945273631840796,False,0.13562753036437247,75,0.5,0.11055668016194334,0.017059611892029185,0.07462686567164178,False,0.006072874493927127
YFU,37,50,494,47,10,0.1214574898785425,0.2,0.10843117408906883,0.016678638865281255,0.24378109452736318,False,0.13157894736842105,450,0.8,0.11055668016194332,0.016814020796194932,0.12935323383084577,False,0.010121457489878541
YFU,37,51,494,47,10,0.13562753036437247,0.2,0.10940283400809717,0.018238728149791907,0.09950248756218906,False,0.1396761133603239,450,0.2,0.10927125506072874,0.017678794297010733,0.03980099502487562,True,0.0040485829959514275
YFU,37,52,494,47,10,0.10323886639676114,0.2,0.11001012145748987,0.01744503730714447,0.6865671641791045,False,0.1214574898785425,75,0.8,0.11110323886639677,0.01739962808280394,0.31343283582089554,False,0.018218623481781368
YFU,37,53,494,47,10,0.12348178137651822,0.8,0.10748987854251013,0.016684098067629282,0.208955223880597,False,0.14777327935222673,150,0.5,0.11150809716599187,0.014326524052179157,0.009950248756218905,True,0.02429149797570851
YFU,37,54,494,47,10,0.10121457489878542,0.5,0.1079655870445344,0.0178079816267028,0.6965174129353234,False,0.14979757085020243,450,0.8,0.10917004048582996,0.017488553736150467,0.014925373134328358,True,0.048582995951417005
YFU,37,55,494,47,10,0.11740890688259109,0.2,0.10923076923076923,0.01678112134936021,0.3283582089552239,False,0.12753036437246965,450,0.2,0.11063765182186235,0.017702815929248578,0.19402985074626866,False,0.010121457489878555
YFU,37,56,494,47,10,0.11740890688259109,0.2,0.11009109311740889,0.016387317622966524,0.35323383084577115,False,0.1437246963562753,450,0.5,0.11095141700404859,0.017783812575447006,0.04477611940298507,True,0.02631578947368421
YFU,37,57,494,47,10,0.10931174089068826,0.8,0.11102226720647773,0.01817743271229949,0.5373134328358209,False,0.13562753036437247,225,0.5,0.11021255060728745,0.017066876763037052,0.07462686567164178,False,0.02631578947368421
YFU,37,58,494,47,10,0.1194331983805668,0.2,0.1093421052631579,0.01701465052600717,0.263681592039801,False,0.12348178137651822,60,0.5,0.1101417004048583,0.016018142629148992,0.22885572139303484,False,0.004048582995951414
YFU,37,59,494,47,10,0.13157894736842105,0.8,0.10819838056680162,0.0169154518064852,0.0945273631840796,False,0.13157894736842105,900,0.8,0.10819838056680162,0.0169154518064852,0.0945273631840796,False,0.0
YFU,37,60,494,47,10,0.10121457489878542,0.2,0.10935222672064779,0.017491438228559534,0.6616915422885572,False,0.11740890688259109,450,0.8,0.10922064777327936,0.01818558717920151,0.3283582089552239,False,0.016194331983805668
YFU,37,61,494,47,10,0.09919028340080972,0.8,0.1106578947368421,0.01643324356825669,0.7761194029850746,False,0.11740890688259109,90,0.5,0.11167004048582996,0.01651636144754187,0.36318407960199006,False,0.018218623481781368
YFU,37,62,494,47,10,0.13765182186234817,0.2,0.1098178137651822,0.01799258250788035,0.08955223880597014,False,0.145748987854251,100,0.2,0.11111336032388666,0.016039468165243438,0.029850746268656716,True,0.008097165991902827
YFU,37,63,494,47,10,0.11740890688259109,0.2,0.10839068825910932,0.015238940029687863,0.27860696517412936,False,0.12550607287449392,180,0.5,0.11003036437246962,0.016427754275605277,0.1691542288557214,False,0.008097165991902827
YFU,37,64,494,47,10,0.1194331983805668,0.2,0.10872469635627531,0.016884795927374335,0.263681592039801,False,0.1194331983805668,300,0.2,0.10998987854251013,0.0163993762157449,0.32338308457711445,False,0.0
YFU,37,65,494,47,10,0.1214574898785425,0.2,0.11010121457489878,0.016782287032646278,0.26865671641791045,False,0.12348178137651822,450,0.5,0.11129554655870445,0.016606110979763562,0.263681592039801,False,0.0020242914979757137
YFU,37,66,494,47,10,0.12753036437246965,0.8,0.10878542510121457,0.0157158264838173,0.13432835820895522,False,0.14777327935222673,75,0.2,0.11271255060728745,0.01684959981234224,0.03482587064676617,True,0.020242914979757082
YFU,37,67,494,47,10,0.1417004048582996,0.2,0.10929149797570852,0.016410312346762188,0.029850746268656716,True,0.1417004048582996,900,0.2,0.10929149797570852,0.016410312346762188,0.029850746268656716,True,0.0
YFU,37,68,494,47,10,0.11740890688259109,0.2,0.10868421052631579,0.01704235749430289,0.3034825870646766,False,0.1417004048582996,100,0.2,0.11142712550607287,0.016658527167050453,0.05970149253731343,False,0.02429149797570851
YFU,37,69,494,47,10,0.1396761133603239,0.2,0.10909919028340082,0.016927191953253276,0.05472636815920398,False,0.14979757085020243,75,0.2,0.110668016194332,0.01688664953138294,0.029850746268656716,True,0.010121457489878527
YFU,37,70,494,47,10,0.1396761133603239,0.5,0.10893724696356276,0.017898867776748994,0.05970149253731343,False,0.1396761133603239,450,0.5,0.11004048582995951,0.016846275397716586,0.05472636815920398,False,0.0
YFU,38,39,494,47,10,0.1437246963562753,0.8,0.112834008097166,0.01594863770500301,0.03980099502487562,True,0.1437246963562753,900,0.8,0.11271255060728745,0.016003442321367203,0.03980099502487562,True,0.0
YFU,38,40,494,47,10,0.1396761133603239,0.2,0.11340080971659919,0.01784227110558069,0.0845771144278607,False,0.1396761133603239,900,0.2,0.11340080971659919,0.01784227110558069,0.0845771144278607,False,0.0
YFU,38,41,494,47,10,0.10526315789473684,0.8,0.11319838056680162,0.01757997854238187,0.6716417910447762,False,0.12550607287449392,90,0.5,0.11105263157894736,0.016965641032020293,0.208955223880597,False,0.020242914979757082
YFU,38,42,494,47,10,0.12550607287449392,0.2,0.11115384615384617,0.01699250392575508,0.22388059701492538,False,0.12550607287449392,900,0.2,0.11115384615384617,0.01699250392575508,0.22388059701492538,False,0.0
YFU,38,43,494,47,10,0.11740890688259109,0.8,0.11291497975708502,0.017186462525285502,0.40298507462686567,False,0.13157894736842105,60,0.2,0.1117914979757085,0.016683403808091805,0.11940298507462686,False,0.014170040485829954
YFU,38,44,494,47,10,0.11538461538461539,0.2,0.11351214574898785,0.016969157455663554,0.48258706467661694,False,0.13562753036437247,90,0.2,0.11386639676113361,0.01502660022869517,0.0845771144278607,False,0.020242914979757082
YFU,38,45,494,47,10,0.11538461538461539,0.5,0.11186234817813766,0.01886795878049181,0.42786069651741293,False,0.12550607287449392,60,0.5,0.11111336032388663,0.015775395700137397,0.21393034825870647,False,0.010121457489878527
YFU,38,46,494,47,10,0.12348178137651822,0.2,0.11216599190283402,0.017192488098811527,0.2537313432835821,False,0.12348178137651822,60,0.5,0.11004048582995951,0.01575743750336135,0.19900497512437812,False,0.0
YFU,38,47,494,47,10,0.0931174089068826,0.5,0.11134615384615383,0.015747577918173137,0.9054726368159204,False,0.12753036437246965,60,0.8,0.11113360323886638,0.016461691460912538,0.19402985074626866,False,0.03441295546558705
YFU,38,48,494,47,10,0.12550607287449392,0.2,0.11115384615384617,0.01730827676001737,0.22388059701492538,False,0.12550607287449392,900,0.2,0.11115384615384617,0.01730827676001737,0.22388059701492538,False,0.0
YFU,38,49,494,47,10,0.13765182186234817,0.2,0.11145748987854251,0.017029363657350256,0.07462686567164178,False,0.145748987854251,60,0.2,0.11164979757085021,0.014335605009873909,0.014925373134328358,True,0.008097165991902827
YFU,38,50,494,47,10,0.11538461538461539,0.2,0.11011133603238868,0.01773570365828402,0.4079601990049751,False,0.12348178137651822,60,0.2,0.11237854251012147,0.015051557603108435,0.24378109452736318,False,0.008097165991902827
YFU,38,51,494,47,10,0.1396761133603239,0.8,0.11100202429149796,0.016280285672774713,0.05472636815920398,False,0.1396761133603239,900,0.8,0.11100202429149796,0.016280285672774713,0.05472636815920398,False,0.0
YFU,38,52,494,47,10,0.1194331983805668,0.8,0.11224696356275303,0.018887058829883667,0.35323383084577115,False,0.13157894736842105,60,0.2,0.11116396761133604,0.016034316022770324,0.11940298507462686,False,0.01214574898785424
YFU,38,53,494,47,10,0.1214574898785425,0.2,0.11081983805668016,0.0182801159232506,0.2935323383084577,False,0.14979757085020243,60,0.2,0.11160931174089068,0.015350523766032898,0.009950248756218905,True,0.028340080971659923
YFU,38,54,494,47,10,0.13360323886639677,0.2,0.11024291497975708,0.01662455208497441,0.07960199004975124,False,0.13360323886639677,300,0.5,0.11235829959514171,0.016097401688132035,0.10945273631840796,False,0.0
YFU,38,55,494,47,10,0.08704453441295547,0.8,0.1131174089068826,0.017625834388512528,0.9651741293532339,False,0.13562753036437247,75,0.5,0.11172064777327936,0.015371586622429186,0.07462686567164178,False,0.048582995951417005
YFU,38,56,494,47,10,0.13562753036437247,0.5,0.11294534412955466,0.01763837423027233,0.10945273631840796,False,0.1437246963562753,60,0.2,0.11064777327935221,0.016863867790635593,0.03980099502487562,True,0.008097165991902827
YFU,38,57,494,47,10,0.10931174089068826,0.5,0.1125,0.017120771923424215,0.5970149253731343,False,0.1437246963562753,60,0.2,0.10998987854251013,0.016383044742981186,0.024875621890547265,True,0.034412955465587036
YFU,38,58,494,47,10,0.09919028340080972,0.5,0.11222672064777328,0.015513265930700995,0.7910447761194029,False,0.14777327935222673,60,0.5,0.11116396761133604,0.015158979000983218,0.014925373134328358,True,0.048582995951417005
YFU,38,59,494,47,10,0.1194331983805668,0.8,0.11266194331983806,0.018235679563186034,0.36318407960199006,False,0.1194331983805668,90,0.2,0.11233805668016196,0.016494179374119153,0.3283582089552239,False,0.0
YFU,38,60,494,47,10,0.13157894736842105,0.5,0.11157894736842106,0.017801369135015226,0.12935323383084577,False,0.13157894736842105,900,0.5,0.11157894736842106,0.017801369135015226,0.12935323383084577,False,0.0
YFU,38,61,494,47,10,0.10121457489878542,0.2,0.11358299595141702,0.018726149291969252,0.7412935323383084,False,0.145748987854251,90,0.2,0.11158906882591094,0.01481849287698852,0.014925373134328358,True,0.04453441295546558
YFU,38,62,494,47,10,0.1214574898785425,0.8,0.11165991902834009,0.017263306986319477,0.3034825870646766,False,0.15182186234817813,60,0.5,0.11081983805668016,0.014547913626529393,0.01990049751243781,True,0.030364372469635623
YFU,38,63,494,47,10,0.10931174089068826,0.2,0.1112246963562753,0.018617418866284863,0.5472636815920398,False,0.12550607287449392,90,0.8,0.11115384615384614,0.016676925745551456,0.19900497512437812,False,0.016194331983805654
YFU,38,64,494,47,10,0.13360323886639677,0.5,0.11272267206477732,0.01728969251750482,0.12935323383084577,False,0.13562753036437247,60,0.5,0.10964574898785426,0.015396198767683082,0.06467661691542288,False,0.0020242914979757
YFU,38,65,494,47,10,0.12550607287449392,0.8,0.11074898785425102,0.015771218163669644,0.21890547263681592,False,0.12955465587044535,60,0.5,0.11064777327935221,0.016348018533740495,0.14427860696517414,False,0.0040485829959514275
YFU,38,66,494,47,10,0.10526315789473684,0.8,0.10945344129554656,0.01778163560474233,0.6417910447761194,False,0.1214574898785425,300,0.2,0.11255060728744941,0.016951021401417365,0.3383084577114428,False,0.016194331983805668
YFU,38,67,494,47,10,0.12550607287449392,0.5,0.10962550607287451,0.01749748528852476,0.19402985074626866,False,0.12550607287449392,900,0.5,0.10962550607287451,0.01749748528852476,0.19402985074626866,False,0.0
YFU,38,68,494,47,10,0.10931174089068826,0.2,0.11081983805668016,0.018695562989400272,0.582089552238806,False,0.1417004048582996,60,0.2,0.11180161943319838,0.015490777370835363,0.05970149253731343,False,0.032388663967611336
YFU,38,69,494,47,10,0.11336032388663968,0.2,0.11129554655870445,0.018503993877071075,0.472636815920398,False,0.13157894736842105,60,0.5,0.11025303643724697,0.015358838414920101,0.0945273631840796,False,0.018218623481781368
YFU,38,70,494,47,10,0.12550607287449392,0.2,0.11304655870445345,0.01611287253080039,0.23383084577114427,False,0.1396761133603239,180,0.2,0.11204453441295546,0.017261291030104174,0.07462686567164178,False,0.014170040485829982
YFU,39,40,494,47,10,0.14777327935222673,0.8,0.10907894736842107,0.016613818951318055,0.029850746268656716,True,0.14777327935222673,900,0.8,0.10924089068825911,0.016596705942737443,0.029850746268656716,True,0.0
YFU,39,41,494,47,10,0.12955465587044535,0.8,0.10995951417004049,0.016877684492603875,0.13930348258706468,False,0.1437246963562753,90,0.8,0.1104251012145749,0.0184391024495162,0.04975124378109453,True,0.014170040485829954
YFU,39,42,494,47,10,0.15182186234817813,0.5,0.10838056680161942,0.016071595600615253,0.009950248756218905,True,0.14979757085020243,900,0.5,0.10825910931174089,0.015858936070373347,0.014925373134328358,True,-0.0020242914979757
YFU,39,43,494,47,10,0.14979757085020243,0.2,0.11096153846153847,0.01545533450213448,0.014925373134328358,True,0.15384615384615385,75,0.2,0.1135425101214575,0.015930487022638242,0.014925373134328358,True,0.0040485829959514275
YFU,39,44,494,47,10,0.14777327935222673,0.5,0.11147773279352226,0.01576327779427071,0.014925373134328358,True,0.15587044534412955,450,0.2,0.11050607287449392,0.015418134138992429,0.004975124378109453,True,0.008097165991902827
YFU,39,45,494,47,10,0.14777327935222673,0.8,0.10815789473684209,0.01598123121466174,0.014925373134328358,True,0.14777327935222673,900,0.8,0.10846153846153847,0.016009360078794107,0.014925373134328358,True,0.0
YFU,39,46,494,47,10,0.14777327935222673,0.5,0.11074898785425102,0.016086643248892352,0.024875621890547265,True,0.16396761133603238,225,0.2,0.11089068825910932,0.017790492359323222,0.004975124378109453,True,0.016194331983805654
YFU,39,47,494,47,10,0.1417004048582996,0.8,0.10893724696356274,0.015697259030199234,0.024875621890547265,True,0.1417004048582996,450,0.2,0.10965587044534413,0.015850039320435563,0.01990049751243781,True,0.0
YFU,39,48,494,47,10,0.13157894736842105,0.8,0.10977732793522268,0.01763768834608901,0.11442786069651742,False,0.13765182186234817,60,0.2,0.11231781376518218,0.016808263830268382,0.08955223880597014,False,0.006072874493927127
YFU,39,49,494,47,10,0.1437246963562753,0.2,0.10837044534412954,0.01671970108041627,0.01990049751243781,True,0.14979757085020243,100,0.8,0.11109311740890689,0.015462637323284536,0.01990049751243781,True,0.006072874493927127
YFU,39,50,494,47,10,0.12955465587044535,0.2,0.10822874493927123,0.016723395428342523,0.12437810945273632,False,0.16396761133603238,450,0.8,0.1108502024291498,0.01693308177547359,0.004975124378109453,True,0.034412955465587036
YFU,39,51,494,47,10,0.1194331983805668,0.8,0.11053643724696358,0.016172570852152096,0.31840796019900497,False,0.15182186234817813,450,0.5,0.11200404858299595,0.015909688446067972,0.014925373134328358,True,0.03238866396761132
YFU,39,52,494,47,10,0.14979757085020243,0.8,0.10897773279352226,0.016542522434788737,0.014925373134328358,True,0.15587044534412955,450,0.2,0.11010121457489878,0.016962909915509625,0.014925373134328358,True,0.006072874493927127
YFU,39,53,494,47,10,0.1417004048582996,0.8,0.10802631578947368,0.017631228051423326,0.01990049751243781,True,0.1659919028340081,75,0.8,0.11102226720647775,0.015436697171005714,0.004975124378109453,True,0.02429149797570851
YFU,39,54,494,47,10,0.15587044534412955,0.8,0.10927125506072874,0.018693318703591637,0.01990049751243781,True,0.16194331983805668,450,0.8,0.11108299595141702,0.01798134901569512,0.004975124378109453,True,0.006072874493927127
YFU,39,55,494,47,10,0.12955465587044535,0.2,0.10823886639676114,0.017517259735681537,0.14427860696517414,False,0.14979757085020243,180,0.2,0.11022267206477732,0.015788391208022806,0.014925373134328358,True,0.020242914979757082
YFU,39,56,494,47,10,0.1417004048582996,0.2,0.10920040485829961,0.015684293044245224,0.029850746268656716,True,0.14979757085020243,450,0.2,0.11062753036437246,0.017874314729824793,0.014925373134328358,True,0.008097165991902827
YFU,39,57,494,47,10,0.15384615384615385,0.2,0.11077935222672064,0.01677510452249627,0.009950248756218905,True,0.15182186234817813,900,0.2,0.11098178137651821,0.01679044148367314,0.009950248756218905,True,-0.0020242914979757276
YFU,39,58,494,47,10,0.15384615384615385,0.5,0.11017206477732795,0.01759997035217636,0.01990049751243781,True,0.15384615384615385,900,0.5,0.11043522267206476,0.01767149841593957,0.014925373134328358,True,0.0
YFU,39,59,494,47,10,0.13562753036437247,0.8,0.10857287449392712,0.015085993832931953,0.03482587064676617,True,0.13562753036437247,180,0.2,0.10979757085020242,0.01637042381520143,0.07462686567164178,False,0.0
YFU,39,60,494,47,10,0.12550607287449392,0.8,0.10964574898785426,0.01608304269984505,0.18407960199004975,False,0.1437246963562753,225,0.8,0.11074898785425102,0.016153068806799474,0.029850746268656716,True,0.018218623481781382
YFU,39,61,494,47,10,0.12753036437246965,0.8,0.11055668016194332,0.01692023220667126,0.1890547263681592,False,0.145748987854251,90,0.5,0.11187246963562751,0.016850476639597014,0.024875621890547265,True,0.018218623481781354
YFU,39,62,494,47,10,0.1437246963562753,0.5,0.10906882591093117,0.016745153970741045,0.01990049751243781,True,0.15384615384615385,100,0.8,0.11016194331983806,0.015635854691191494,0.004975124378109453,True,0.010121457489878555
YFU,39,63,494,47,10,0.12955465587044535,0.8,0.10900809716599191,0.01688864924438316,0.14427860696517414,False,0.1417004048582996,100,0.8,0.10964574898785426,0.016394980881119257,0.04477611940298507,True,0.012145748987854255
YFU,39,64,494,47,10,0.1417004048582996,0.5,0.10929149797570852,0.015952187912952834,0.029850746268656716,True,0.1417004048582996,450,0.2,0.1109412955465587,0.015217169225298269,0.03482587064676617,True,0.0
YFU,39,65,494,47,10,0.1396761133603239,0.2,0.11059716599190283,0.01581240669473996,0.04477611940298507,True,0.15384615384615385,450,0.5,0.11044534412955466,0.017013636923340805,0.004975124378109453,True,0.014170040485829954
YFU,39,66,494,47,10,0.12955465587044535,0.2,0.1094736842105263,0.01593199929223564,0.1044776119402985,False,0.15384615384615385,75,0.5,0.11017206477732794,0.01650221726994409,0.009950248756218905,True,0.02429149797570851
YFU,39,67,494,47,10,0.14979757085020243,0.8,0.11058704453441295,0.01704467721142093,0.024875621890547265,True,0.14979757085020243,900,0.8,0.11062753036437246,0.01695800494015316,0.01990049751243781,True,0.0
YFU,39,68,494,47,10,0.13562753036437247,0.2,0.10879554655870445,0.015739076138116436,0.06467661691542288,False,0.1396761133603239,60,0.5,0.11036437246963562,0.015000829206411662,0.04975124378109453,True,0.0040485829959514275
YFU,39,69,494,47,10,0.15384615384615385,0.2,0.10813765182186236,0.016029926568195407,0.004975124378109453,True,0.15384615384615385,90,0.2,0.10949392712550608,0.015961479262659877,0.004975124378109453,True,0.0
YFU,39,70,494,47,10,0.13562753036437247,0.2,0.10902834008097166,0.01667180076922144,0.06467661691542288,False,0.18421052631578946,180,0.2,0.1113663967611336,0.016911467614772902,0.004975124378109453,True,0.04858299595141699
YFU,40,41,494,47,10,0.11538461538461539,0.2,0.10989878542510123,0.016290164133907284,0.373134328358209,False,0.145748987854251,90,0.5,0.1095748987854251,0.017884173384117606,0.03482587064676617,True,0.03036437246963561
YFU,40,42,494,47,10,0.11740890688259109,0.2,0.11045546558704453,0.016269910788535773,0.36318407960199006,False,0.1396761133603239,90,0.2,0.10893724696356276,0.016997214196386144,0.04477611940298507,True,0.02226720647773281
YFU,40,43,494,47,10,0.10526315789473684,0.8,0.1111336032388664,0.017076891059892546,0.6368159203980099,False,0.16194331983805668,150,0.5,0.11145748987854251,0.017408457402224294,0.009950248756218905,True,0.056680161943319846
YFU,40,44,494,47,10,0.12955465587044535,0.2,0.11088056680161942,0.01634675574977339,0.12935323383084577,False,0.13360323886639677,450,0.2,0.11086032388663966,0.015336163688357808,0.09950248756218906,False,0.0040485829959514275
YFU,40,45,494,47,10,0.12550607287449392,0.5,0.11046558704453441,0.017410669206812928,0.22388059701492538,False,0.1396761133603239,90,0.8,0.11178137651821864,0.016970640870546182,0.08955223880597014,False,0.014170040485829982
YFU,40,46,494,47,10,0.13562753036437247,0.2,0.10972672064777328,0.017137433712784252,0.09950248756218906,False,0.1396761133603239,75,0.8,0.10805668016194332,0.015248075173572783,0.03482587064676617,True,0.0040485829959514275
YFU,40,47,494,47,10,0.10323886639676114,0.2,0.10896761133603239,0.016957227784171826,0.6318407960199005,False,0.12955465587044535,60,0.8,0.10933198380566803,0.016619782659091125,0.12935323383084577,False,0.02631578947368421
YFU,40,48,494,47,10,0.12348178137651822,0.5,0.11148785425101215,0.016723469306976716,0.263681592039801,False,0.13765182186234817,90,0.8,0.11120445344129555,0.017533905884685303,0.06965174129353234,False,0.014170040485829954
YFU,40,49,494,47,10,0.145748987854251,0.5,0.10842105263157893,0.015590062910879526,0.014925373134328358,True,0.145748987854251,900,0.5,0.10842105263157893,0.015590062910879526,0.014925373134328358,True,0.0
YFU,40,50,494,47,10,0.1396761133603239,0.5,0.10862348178137651,0.016636438723945015,0.04975124378109453,True,0.1396761133603239,225,0.2,0.11090080971659919,0.017386249857793266,0.07960199004975124,False,0.0
YFU,40,51,494,47,10,0.12753036437246965,0.2,0.11072874493927126,0.01691819058419662,0.18407960199004975,False,0.13157894736842105,450,0.2,0.10948380566801622,0.01573224522837914,0.0845771144278607,False,0.0040485829959514
YFU,40,52,494,47,10,0.12348178137651822,0.8,0.11025303643724697,0.016411425948255984,0.1890547263681592,False,0.1659919028340081,100,0.2,0.11115384615384613,0.019230035739036398,0.009950248756218905,True,0.04251012145748989
YFU,40,53,494,47,10,0.11133603238866396,0.5,0.10941295546558705,0.01758277776869212,0.4427860696517413,False,0.14979757085020243,90,0.5,0.11001012145748987,0.01697845017064811,0.01990049751243781,True,0.038461538461538464
YFU,40,54,494,47,10,0.10931174089068826,0.8,0.10910931174089068,0.016288154155075243,0.4975124378109453,False,0.1417004048582996,450,0.5,0.108582995951417,0.01672728900336602,0.029850746268656716,True,0.032388663967611336
YFU,40,55,494,47,10,0.1194331983805668,0.8,0.10898785425101214,0.01743068095379315,0.30845771144278605,False,0.16194331983805668,450,0.2,0.1102834008097166,0.018198787964186648,0.004975124378109453,True,0.04251012145748988
YFU,40,56,494,47,10,0.10121457489878542,0.2,0.1114068825910931,0.016503390175774024,0.7611940298507462,False,0.1437246963562753,60,0.8,0.1082995951417004,0.01732588732826388,0.029850746268656716,True,0.04251012145748988
YFU,40,57,494,47,10,0.12348178137651822,0.8,0.11007085020242915,0.01648598767467163,0.24875621890547264,False,0.145748987854251,180,0.8,0.11053643724696358,0.01674925763614347,0.03980099502487562,True,0.02226720647773278
YFU,40,58,494,47,10,0.11336032388663968,0.2,0.11086032388663968,0.015603710961492922,0.4577114427860697,False,0.13765182186234817,75,0.2,0.10924089068825911,0.01644714658475194,0.04975124378109453,True,0.024291497975708495
YFU,40,59,494,47,10,0.10931174089068826,0.5,0.11128542510121459,0.01841752272221674,0.5621890547263682,False,0.11336032388663968,150,0.2,0.10987854251012145,0.01730467157916557,0.46766169154228854,False,0.004048582995951414
YFU,40,60,494,47,10,0.1214574898785425,0.2,0.1117914979757085,0.016778173036295408,0.2736318407960199,False,0.12348178137651822,225,0.2,0.11046558704453442,0.016331723963132982,0.21393034825870647,False,0.0020242914979757137
YFU,40,61,494,47,10,0.10121457489878542,0.8,0.11091093117408907,0.017336093498489972,0.7263681592039801,False,0.12955465587044535,75,0.2,0.10930161943319838,0.01706060164116986,0.13432835820895522,False,0.028340080971659923
YFU,40,62,494,47,10,0.10931174089068826,0.5,0.11006072874493927,0.018395005375599967,0.5223880597014925,False,0.14979757085020243,100,0.2,0.10895748987854251,0.016563247424652896,0.014925373134328358,True,0.040485829959514164
YFU,40,63,494,47,10,0.12753036437246965,0.5,0.10997975708502024,0.01627691139803188,0.15422885572139303,False,0.13765182186234817,180,0.8,0.1078744939271255,0.01483328817712334,0.029850746268656716,True,0.010121457489878527
YFU,40,64,494,47,10,0.11538461538461539,0.2,0.1100506072874494,0.017600836121368344,0.4079601990049751,False,0.12550607287449392,75,0.2,0.10980769230769231,0.0163833212571719,0.1890547263681592,False,0.010121457489878527
YFU,40,65,494,47,10,0.13562753036437247,0.5,0.11089068825910932,0.016174178251427588,0.0945273631840796,False,0.13765182186234817,150,0.8,0.10886639676113362,0.016663300950274972,0.07960199004975124,False,0.0020242914979757
YFU,40,66,494,47,10,0.13157894736842105,0.5,0.11026315789473685,0.01581856840203506,0.10945273631840796,False,0.13765182186234817,450,0.2,0.10865384615384617,0.01570756643146435,0.06965174129353234,False,0.006072874493927127
YFU,40,67,494,47,10,0.1437246963562753,0.8,0.10984817813765181,0.01516400419484047,0.01990049751243781,True,0.1437246963562753,450,0.8,0.11065789473684211,0.016099038976318307,0.024875621890547265,True,0.0
YFU,40,68,494,47,10,0.09919028340080972,0.8,0.10926113360323886,0.016284914280306165,0.7164179104477612,False,0.13562753036437247,100,0.8,0.11047570850202428,0.016690807754339544,0.08955223880597014,False,0.03643724696356275
YFU,40,69,494,47,10,0.10728744939271255,0.5,0.10937246963562754,0.017029690135565087,0.5771144278606966,False,0.145748987854251,90,0.2,0.10853238866396761,0.015185986815679958,0.009950248756218905,True,0.03846153846153845
YFU,40,70,494,47,10,0.0931174089068826,0.5,0.10991902834008097,0.016796035985773054,0.8756218905472637,False,0.15384615384615385,90,0.2,0.11052631578947368,0.0172973399179706,0.014925373134328358,True,0.06072874493927126
YFU,41,42,494,47,10,0.12348178137651822,0.2,0.10851214574898785,0.016110060755380465,0.208955223880597,False,0.13157894736842105,90,0.8,0.1099089068825911,0.016633167650052582,0.11940298507462686,False,0.008097165991902827
YFU,41,43,494,47,10,0.13360323886639677,0.8,0.1112246963562753,0.014821633034379717,0.06965174129353234,False,0.13360323886639677,450,0.2,0.10992914979757085,0.016586553810210757,0.0845771144278607,False,0.0
YFU,41,44,494,47,10,0.1396761133603239,0.8,0.11121457489878543,0.01583773149544951,0.04975124378109453,True,0.1396761133603239,90,0.2,0.11039473684210527,0.01795492192742028,0.05970149253731343,False,0.0
YFU,41,45,494,47,10,0.11336032388663968,0.2,0.11091093117408907,0.01602765269855629,0.4129353233830846,False,0.1396761133603239,90,0.8,0.10991902834008098,0.017863078910131072,0.04477611940298507,True,0.026315789473684223
YFU,41,46,494,47,10,0.12348178137651822,0.2,0.10901821862348178,0.01612092172010379,0.21393034825870647,False,0.14777327935222673,90,0.2,0.11212550607287451,0.016435138702920734,0.03482587064676617,True,0.02429149797570851
YFU,41,47,494,47,10,0.12955465587044535,0.2,0.10962550607287451,0.016751962124291066,0.12437810945273632,False,0.12955465587044535,100,0.5,0.11103238866396761,0.015486842171910762,0.13930348258706468,False,0.0
YFU,41,48,494,47,10,0.12348178137651822,0.2,0.11045546558704455,0.01637839357756536,0.25870646766169153,False,0.12348178137651822,900,0.2,0.11045546558704455,0.01637839357756536,0.25870646766169153,False,0.0
YFU,41,49,494,47,10,0.11538461538461539,0.2,0.10991902834008098,0.01556542326870055,0.38308457711442784,False,0.12753036437246965,225,0.8,0.11114372469635628,0.016828612610478834,0.20398009950248755,False,0.012145748987854255
YFU,41,50,494,47,10,0.12753036437246965,0.2,0.11002024291497975,0.016505102593364778,0.1691542288557214,False,0.13562753036437247,225,0.5,0.11402834008097167,0.017337898854101814,0.12437810945273632,False,0.008097165991902827
YFU,41,51,494,47,10,0.13765182186234817,0.5,0.11095141700404859,0.01731684051562294,0.06965174129353234,False,0.13765182186234817,900,0.5,0.11095141700404859,0.01731684051562294,0.06965174129353234,False,0.0
YFU,41,52,494,47,10,0.12753036437246965,0.5,0.11058704453441295,0.01656184563624289,0.208955223880597,False,0.1437246963562753,90,0.2,0.11022267206477732,0.018097566280748146,0.04975124378109453,True,0.016194331983805654
YFU,41,53,494,47,10,0.09716599190283401,0.8,0.10954453441295547,0.016337607887689738,0.7860696517412935,False,0.14777327935222673,100,0.5,0.11028340080971662,0.016201908589146434,0.014925373134328358,True,0.05060728744939272
YFU,41,54,494,47,10,0.12753036437246965,0.2,0.10785425101214574,0.015808476660790445,0.1044776119402985,False,0.15384615384615385,225,0.8,0.10828947368421053,0.016749380576896514,0.009950248756218905,True,0.02631578947368421
YFU,41,55,494,47,10,0.1214574898785425,0.2,0.10941295546558705,0.01788813374272927,0.2885572139303483,False,0.15587044534412955,225,0.2,0.11116396761133603,0.015112723318369617,0.004975124378109453,True,0.03441295546558705
YFU,41,56,494,47,10,0.1214574898785425,0.8,0.11001012145748987,0.01591161358488164,0.263681592039801,False,0.1417004048582996,90,0.5,0.10956477732793524,0.0176099124347951,0.03980099502487562,True,0.020242914979757096
YFU,41,57,494,47,10,0.1194331983805668,0.8,0.10994939271255061,0.016417322071582113,0.2935323383084577,False,0.14979757085020243,225,0.2,0.10934210526315788,0.016605512664294688,0.01990049751243781,True,0.030364372469635623
YFU,41,58,494,47,10,0.10323886639676114,0.2,0.11080971659919028,0.01663000118248856,0.7164179104477612,False,0.13360323886639677,90,0.2,0.10959514170040487,0.01726879301234068,0.09950248756218906,False,0.030364372469635637
YFU,41,59,494,47,10,0.10728744939271255,0.8,0.11077935222672064,0.015822508943582354,0.6218905472636815,False,0.13360323886639677,90,0.8,0.1092004048582996,0.01756103691659945,0.12437810945273632,False,0.026315789473684223
YFU,41,60,494,47,10,0.09919028340080972,0.2,0.1099493927125506,0.017102889953737918,0.7611940298507462,False,0.10728744939271255,60,0.2,0.10944331983805668,0.017838944106349997,0.5621890547263682,False,0.008097165991902827
YFU,41,61,494,47,10,0.11740890688259109,0.2,0.11023279352226721,0.017305430157325052,0.3333333333333333,False,0.13360323886639677,90,0.8,0.11111336032388663,0.017434638027916984,0.11442786069651742,False,0.016194331983805682
YFU,41,62,494,47,10,0.11538461538461539,0.5,0.11060728744939272,0.01703830931495435,0.417910447761194,False,0.1396761133603239,150,0.2,0.10979757085020242,0.016967097447738798,0.03980099502487562,True,0.02429149797570851
YFU,41,63,494,47,10,0.13765182186234817,0.2,0.10994939271255061,0.016305310007880904,0.03980099502487562,True,0.13765182186234817,900,0.2,0.10994939271255061,0.016305310007880904,0.03980099502487562,True,0.0
YFU,41,64,494,47,10,0.10526315789473684,0.2,0.10945344129554657,0.015571388474376235,0.6268656716417911,False,0.12753036437246965,90,0.2,0.10905870445344129,0.01721253518012062,0.16417910447761194,False,0.02226720647773281
YFU,41,65,494,47,10,0.1194331983805668,0.8,0.11129554655870445,0.015513690681125274,0.31840796019900497,False,0.12753036437246965,225,0.8,0.11175101214574898,0.01659536591923697,0.1791044776119403,False,0.008097165991902841
YFU,41,66,494,47,10,0.11133603238866396,0.8,0.10993927125506073,0.01635677031544326,0.4975124378109453,False,0.13765182186234817,225,0.8,0.11151821862348178,0.016046399278513535,0.07462686567164178,False,0.02631578947368421
YFU,41,67,494,47,10,0.10931174089068826,0.2,0.1098582995951417,0.016068866305418348,0.5771144278606966,False,0.13765182186234817,450,0.5,0.1110425101214575,0.017119521034091742,0.0945273631840796,False,0.02834008097165991
YFU,41,68,494,47,10,0.10526315789473684,0.2,0.10993927125506073,0.016872352000615674,0.6318407960199005,False,0.13562753036437247,75,0.5,0.11214574898785426,0.015649860834231293,0.07960199004975124,False,0.030364372469635637
YFU,41,69,494,47,10,0.11336032388663968,0.5,0.10891700404858298,0.015708562717263636,0.44776119402985076,False,0.12955465587044535,90,0.5,0.10949392712550607,0.016057944485773485,0.10945273631840796,False,0.016194331983805668
YFU,41,70,494,47,10,0.11336032388663968,0.2,0.1095242914979757,0.015471740206673305,0.42786069651741293,False,0.145748987854251,225,0.2,0.11272267206477732,0.016807773784671097,0.03482587064676617,True,0.03238866396761132
YFU,42,43,494,47,10,0.12753036437246965,0.8,0.11111336032388663,0.01551877351051534,0.14925373134328357,False,0.1396761133603239,150,0.8,0.1118825910931174,0.016862976395673437,0.07462686567164178,False,0.012145748987854255
YFU,42,44,494,47,10,0.09919028340080972,0.5,0.10926113360323887,0.016031310644465915,0.7611940298507462,False,0.12550607287449392,150,0.2,0.11053643724696358,0.01596884075170932,0.208955223880597,False,0.026315789473684195
YFU,42,45,494,47,10,0.10323886639676114,0.8,0.10757085020242915,0.017003225089605604,0.5970149253731343,False,0.1214574898785425,90,0.8,0.10849190283400809,0.017735935863384393,0.263681592039801,False,0.018218623481781368
YFU,42,46,494,47,10,0.11133603238866396,0.2,0.10858299595141702,0.017116685145995424,0.4925373134328358,False,0.12753036437246965,90,0.8,0.1104757085020243,0.01664386046941487,0.16417910447761194,False,0.016194331983805682
YFU,42,47,494,47,10,0.11133603238866396,0.2,0.10972672064777328,0.016254361382598607,0.4975124378109453,False,0.1437246963562753,75,0.2,0.11111336032388663,0.01545495145003442,0.01990049751243781,True,0.032388663967611336
YFU,42,48,494,47,10,0.12348178137651822,0.8,0.1104757085020243,0.01743067800041731,0.23880597014925373,False,0.12753036437246965,60,0.2,0.11134615384615383,0.01668594619998198,0.1791044776119403,False,0.0040485829959514275
YFU,42,49,494,47,10,0.12348178137651822,0.8,0.10710526315789473,0.015455484389502394,0.13432835820895522,False,0.13157894736842105,300,0.5,0.10887651821862349,0.015554674176372667,0.07960199004975124,False,0.008097165991902827
YFU,42,50,494,47,10,0.13765182186234817,0.2,0.10892712550607288,0.01781967108391875,0.05472636815920398,False,0.13765182186234817,900,0.2,0.10892712550607288,0.01781967108391875,0.05472636815920398,False,0.0
YFU,42,51,494,47,10,0.13360323886639677,0.5,0.10903846153846153,0.01688978007481807,0.1044776119402985,False,0.13360323886639677,900,0.5,0.10903846153846153,0.01688978007481807,0.1044776119402985,False,0.0
YFU,42,52,494,47,10,0.09919028340080972,0.5,0.10969635627530366,0.017528400041632735,0.736318407960199,False,0.14979757085020243,90,0.8,0.1090080971659919,0.018077073952403513,0.024875621890547265,True,0.050607287449392704
YFU,42,53,494,47,10,0.10728744939271255,0.2,0.10729757085020243,0.016576991720991335,0.5074626865671642,False,0.1417004048582996,180,0.8,0.11050607287449392,0.017144512472060842,0.03482587064676617,True,0.03441295546558705
YFU,42,54,494,47,10,0.12955465587044535,0.2,0.10892712550607288,0.016550751470984042,0.13930348258706468,False,0.1396761133603239,75,0.2,0.10761133603238868,0.016155426992550917,0.014925373134328358,True,0.010121457489878555
YFU,42,55,494,47,10,0.09109311740890688,0.5,0.10884615384615386,0.01653994865967129,0.8756218905472637,False,0.12753036437246965,75,0.8,0.11040485829959515,0.017136883988019914,0.17412935323383086,False,0.036437246963562764
YFU,42,56,494,47,10,0.09919028340080972,0.2,0.11011133603238868,0.01779828902087753,0.736318407960199,False,0.13157894736842105,60,0.2,0.10961538461538461,0.01619655702574927,0.0945273631840796,False,0.03238866396761132
YFU,42,57,494,47,10,0.12550607287449392,0.2,0.10939271255060729,0.017722860884902863,0.208955223880597,False,0.1437246963562753,300,0.5,0.11007085020242915,0.01639455384296015,0.014925373134328358,True,0.018218623481781382
YFU,42,58,494,47,10,0.11740890688259109,0.2,0.10887651821862349,0.01763438113436669,0.35323383084577115,False,0.12955465587044535,90,0.5,0.11011133603238868,0.017662407116119397,0.15422885572139303,False,0.012145748987854255
YFU,42,59,494,47,10,0.09109311740890688,0.8,0.10941295546558706,0.016869129724160443,0.9203980099502488,False,0.10526315789473684,90,0.5,0.11003036437246962,0.016024193100147452,0.6567164179104478,False,0.014170040485829954
YFU,42,60,494,47,10,0.09919028340080972,0.2,0.10747975708502025,0.01789141131245931,0.6915422885572139,False,0.11336032388663968,300,0.2,0.10960526315789472,0.017093038463625775,0.4527363184079602,False,0.014170040485829954
YFU,42,61,494,47,10,0.09919028340080972,0.8,0.11008097165991902,0.01675990403435421,0.7661691542288557,False,0.1194331983805668,150,0.8,0.10912955465587044,0.01731184550634599,0.29850746268656714,False,0.020242914979757082
YFU,42,62,494,47,10,0.1396761133603239,0.2,0.10995951417004049,0.017395583142958082,0.04975124378109453,True,0.1659919028340081,100,0.8,0.10949392712550607,0.01797018298381163,0.004975124378109453,True,0.02631578947368421
YFU,42,63,494,47,10,0.11538461538461539,0.2,0.10841093117408906,0.016779719354573508,0.39303482587064675,False,0.13360323886639677,180,0.8,0.1082995951417004,0.015940579027821918,0.06965174129353234,False,0.018218623481781382
YFU,42,64,494,47,10,0.10931174089068826,0.5,0.10961538461538461,0.01701861056179872,0.5472636815920398,False,0.12348178137651822,90,0.2,0.10831983805668016,0.016495418388983354,0.19900497512437812,False,0.014170040485829954
YFU,42,65,494,47,10,0.10931174089068826,0.8,0.10901821862348178,0.016539559601986463,0.5422885572139303,False,0.12550607287449392,60,0.5,0.11030364372469634,0.0158160688545527,0.18407960199004975,False,0.016194331983805654
YFU,42,66,494,47,10,0.13157894736842105,0.8,0.10932186234817813,0.0175390959443783,0.13432835820895522,False,0.13157894736842105,900,0.8,0.10932186234817813,0.0175390959443783,0.13432835820895522,False,0.0
YFU,42,67,494,47,10,0.13765182186234817,0.8,0.10938259109311742,0.016503390175774024,0.04975124378109453,True,0.13765182186234817,225,0.8,0.11119433198380566,0.01717849306556961,0.0945273631840796,False,0.0
YFU,42,68,494,47,10,0.10728744939271255,0.2,0.10709514170040485,0.016977237311149966,0.48258706467661694,False,0.13562753036437247,60,0.5,0.11050607287449392,0.015277257447911167,0.06965174129353234,False,0.028340080971659923
YFU,42,69,494,47,10,0.11538461538461539,0.2,0.10886639676113359,0.0166608292591719,0.34328358208955223,False,0.14979757085020243,90,0.2,0.1093825910931174,0.015419720026906508,0.004975124378109453,True,0.034412955465587036
YFU,42,70,494,47,10,0.11538461538461539,0.5,0.10939271255060729,0.015612764565832847,0.39800995024875624,False,0.1396761133603239,90,0.8,0.11032388663967613,0.015720752270391745,0.04975124378109453,True,0.02429149797570851
YFU,43,44,494,47,10,0.11336032388663968,0.2,0.1114068825910931,0.01778379810178779,0.472636815920398,False,0.15991902834008098,150,0.8,0.11116396761133603,0.017184806020860397,0.004975124378109453,True,0.046558704453441305
YFU,43,45,494,47,10,0.1214574898785425,0.2,0.11156882591093115,0.01653430487048587,0.3283582089552239,False,0.15789473684210525,150,0.8,0.11203441295546558,0.017678372062642417,0.014925373134328358,True,0.03643724696356275
YFU,43,46,494,47,10,0.1194331983805668,0.8,0.11111336032388663,0.015303652874398619,0.2935323383084577,False,0.1417004048582996,150,0.2,0.1097165991902834,0.016623511599672354,0.024875621890547265,True,0.022267206477732795
YFU,43,47,494,47,10,0.12753036437246965,0.5,0.1098582995951417,0.01680671094918468,0.1791044776119403,False,0.1417004048582996,150,0.2,0.11038461538461539,0.015682602608296035,0.03980099502487562,True,0.014170040485829954
YFU,43,48,494,47,10,0.13562753036437247,0.2,0.11174089068825911,0.018176189401053918,0.12437810945273632,False,0.13562753036437247,900,0.2,0.11174089068825911,0.018176189401053918,0.12437810945273632,False,0.0
YFU,43,49,494,47,10,0.13360323886639677,0.8,0.11060728744939272,0.017140728687798062,0.10945273631840796,False,0.145748987854251,150,0.8,0.1106174089068826,0.016981239418745634,0.024875621890547265,True,0.012145748987854227
YFU,43,50,494,47,10,0.13562753036437247,0.2,0.11073886639676113,0.017816675036945933,0.11442786069651742,False,0.15384615384615385,150,0.5,0.11110323886639677,0.0180547649958669,0.01990049751243781,True,0.018218623481781382
YFU,43,51,494,47,10,0.09919028340080972,0.8,0.11127530364372468,0.017524311384924614,0.7661691542288557,False,0.12955465587044535,75,0.2,0.11232793522267207,0.016171415335755977,0.14427860696517414,False,0.030364372469635623
YFU,43,52,494,47,10,0.1214574898785425,0.2,0.10958502024291499,0.015713779077133425,0.25870646766169153,False,0.16396761133603238,150,0.5,0.1112145748987854,0.01820295136962005,0.004975124378109453,True,0.04251012145748988
YFU,43,53,494,47,10,0.11133603238866396,0.8,0.1095242914979757,0.017451882156962778,0.4925373134328358,False,0.1680161943319838,150,0.5,0.11090080971659919,0.017180132200017992,0.004975124378109453,True,0.056680161943319846
YFU,43,54,494,47,10,0.12753036437246965,0.2,0.10998987854251013,0.01673496577070423,0.16417910447761194,False,0.15587044534412955,150,0.8,0.110334008097166,0.017034631888597045,0.01990049751243781,True,0.02834008097165991
YFU,43,55,494,47,10,0.11740890688259109,0.2,0.11072874493927126,0.016687800297358113,0.3681592039800995,False,0.15789473684210525,150,0.8,0.110334008097166,0.01653034404027588,0.004975124378109453,True,0.040485829959514164
YFU,43,56,494,47,10,0.10728744939271255,0.2,0.11260121457489877,0.01514356707354129,0.6567164179104478,False,0.14777327935222673,150,0.2,0.11175101214574898,0.016811105813034716,0.03980099502487562,True,0.04048582995951418
YFU,43,57,494,47,10,0.12550607287449392,0.2,0.11139676113360324,0.016264002372816565,0.23383084577114427,False,0.16194331983805668,300,0.5,0.1095242914979757,0.01528696912563133,0.004975124378109453,True,0.036437246963562764
YFU,43,58,494,47,10,0.11538461538461539,0.8,0.11057692307692307,0.016907765645174856,0.38308457711442784,False,0.13562753036437247,150,0.5,0.11145748987854251,0.016928703373081902,0.0945273631840796,False,0.020242914979757082
YFU,43,59,494,47,10,0.10526315789473684,0.2,0.11065789473684211,0.01715662397558923,0.6368159203980099,False,0.16194331983805668,150,0.2,0.11039473684210527,0.017678698203178814,0.004975124378109453,True,0.056680161943319846
YFU,43,60,494,47,10,0.11133603238866396,0.8,0.11108299595141702,0.01748434682242343,0.5373134328358209,False,0.1396761133603239,150,0.8,0.1117004048582996,0.016635597033184117,0.05472636815920398,False,0.028340080971659937
YFU,43,61,494,47,10,0.10323886639676114,0.5,0.11192307692307693,0.017960325680794344,0.6766169154228856,False,0.15789473684210525,150,0.8,0.11093117408906883,0.017808817048863633,0.014925373134328358,True,0.05465587044534412
YFU,43,62,494,47,10,0.11538461538461539,0.5,0.11035425101214574,0.017000727117516393,0.417910447761194,False,0.1659919028340081,150,0.8,0.11067813765182187,0.016167527992698515,0.004975124378109453,True,0.05060728744939272
YFU,43,63,494,47,10,0.13157894736842105,0.8,0.11063765182186235,0.016882365812557382,0.14427860696517414,False,0.13562753036437247,150,0.2,0.1100506072874494,0.016567896410174802,0.0845771144278607,False,0.0040485829959514275
YFU,43,64,494,47,10,0.11740890688259109,0.2,0.11126518218623481,0.0175413030155942,0.3781094527363184,False,0.1437246963562753,300,0.5,0.11049595141700404,0.01687099420346406,0.04477611940298507,True,0.02631578947368421
YFU,43,65,494,47,10,0.13765182186234817,0.2,0.11022267206477732,0.01670968837233037,0.05472636815920398,False,0.15789473684210525,150,0.2,0.11163967611336031,0.016114984234908387,0.004975124378109453,True,0.020242914979757082
YFU,43,66,494,47,10,0.11538461538461539,0.2,0.10913967611336033,0.01776108889552719,0.373134328358209,False,0.14979757085020243,75,0.5,0.11239878542510122,0.017359059166052272,0.029850746268656716,True,0.034412955465587036
YFU,43,67,494,47,10,0.12550607287449392,0.2,0.11100202429149798,0.01615075808818835,0.19402985074626866,False,0.1437246963562753,150,0.2,0.1115080971659919,0.014887589317709395,0.029850746268656716,True,0.018218623481781382
YFU,43,68,494,47,10,0.11336032388663968,0.5,0.10987854251012145,0.016658357201330576,0.39800995024875624,False,0.14777327935222673,60,0.8,0.1124089068825911,0.015832881119642178,0.024875621890547265,True,0.03441295546558705
YFU,43,69,494,47,10,0.09716599190283401,0.2,0.10889676113360323,0.01592804059029806,0.7661691542288557,False,0.14777327935222673,90,0.5,0.11118421052631579,0.01721133881628073,0.024875621890547265,True,0.05060728744939272
YFU,43,70,494,47,10,0.1396761133603239,0.2,0.11090080971659919,0.01627408684211101,0.04477611940298507,True,0.15182186234817813,180,0.5,0.1107995951417004,0.016841920277541323,0.01990049751243781,True,0.012145748987854227
YFU,44,45,494,47,10,0.10931174089068826,0.5,0.11026315789473685,0.016482830411327493,0.5124378109452736,False,0.1396761133603239,450,0.8,0.11150809716599192,0.015161695528812288,0.04975124378109453,True,0.030364372469635637
YFU,44,46,494,47,10,0.10728744939271255,0.2,0.10906882591093117,0.016518583626192702,0.5621890547263682,False,0.13157894736842105,90,0.8,0.11142712550607287,0.016599087939631094,0.13930348258706468,False,0.024291497975708495
YFU,44,47,494,47,10,0.12955465587044535,0.2,0.11050607287449392,0.017200870076084035,0.14427860696517414,False,0.13765182186234817,150,0.8,0.11059716599190285,0.014673599880737166,0.03980099502487562,True,0.008097165991902827
YFU,44,48,494,47,10,0.10931174089068826,0.2,0.1112246963562753,0.017045749369808485,0.5870646766169154,False,0.13157894736842105,60,0.5,0.11155870445344128,0.01764711910473309,0.13432835820895522,False,0.02226720647773278
YFU,44,49,494,47,10,0.11133603238866396,0.5,0.10959514170040485,0.016549071773331425,0.46766169154228854,False,0.13562753036437247,300,0.2,0.1110425101214575,0.017007290700621337,0.08955223880597014,False,0.02429149797570851
YFU,44,50,494,47,10,0.11740890688259109,0.2,0.10896761133603239,0.01725933449243935,0.32338308457711445,False,0.145748987854251,100,0.2,0.11091093117408907,0.016101996545586257,0.024875621890547265,True,0.02834008097165991
YFU,44,51,494,47,10,0.11740890688259109,0.8,0.11116396761133604,0.01731492295926029,0.42786069651741293,False,0.13360323886639677,90,0.8,0.11120445344129555,0.014467122288580785,0.0845771144278607,False,0.016194331983805682
YFU,44,52,494,47,10,0.11538461538461539,0.5,0.11116396761133603,0.016977455632254106,0.39800995024875624,False,0.14777327935222673,450,0.8,0.1107995951417004,0.015668898427607575,0.01990049751243781,True,0.032388663967611336
YFU,44,53,494,47,10,0.09919028340080972,0.2,0.11185222672064776,0.018481765722504675,0.7562189054726368,False,0.1700404858299595,75,0.5,0.11062753036437246,0.015516066414378133,0.004975124378109453,True,0.07085020242914979
YFU,44,54,494,47,10,0.1214574898785425,0.2,0.11115384615384617,0.015486097562328278,0.27860696517412936,False,0.14979757085020243,450,0.2,0.11130566801619433,0.015976034513017566,0.014925373134328358,True,0.028340080971659923
YFU,44,55,494,47,10,0.1214574898785425,0.2,0.1109412955465587,0.01768547590542852,0.26865671641791045,False,0.13360323886639677,150,0.8,0.10852226720647774,0.015962253297675998,0.06965174129353234,False,0.012145748987854268
YFU,44,56,494,47,10,0.10526315789473684,0.2,0.11054655870445343,0.017059747684181833,0.6467661691542289,False,0.13765182186234817,225,0.5,0.1122165991902834,0.01670701093536088,0.08955223880597014,False,0.032388663967611336
YFU,44,57,494,47,10,0.10931174089068826,0.5,0.11196356275303643,0.01627473529975482,0.5621890547263682,False,0.1437246963562753,300,0.8,0.11094129554655872,0.015060748296561382,0.029850746268656716,True,0.034412955465587036
YFU,44,58,494,47,10,0.12348178137651822,0.2,0.11187246963562752,0.016143999330691487,0.23880597014925373,False,0.12753036437246965,100,0.2,0.10845141700404859,0.015435816740743076,0.12437810945273632,False,0.0040485829959514275
YFU,44,59,494,47,10,0.11538461538461539,0.2,0.11081983805668015,0.016248913040581417,0.42786069651741293,False,0.1396761133603239,180,0.2,0.11291497975708502,0.015069581529672834,0.05472636815920398,False,0.02429149797570851
YFU,44,60,494,47,10,0.09919028340080972,0.8,0.11012145748987853,0.016833998712599642,0.746268656716418,False,0.13765182186234817,225,0.2,0.11185222672064776,0.015733841990089818,0.07960199004975124,False,0.03846153846153845
YFU,44,61,494,47,10,0.10728744939271255,0.5,0.11308704453441294,0.017401403180117885,0.6666666666666666,False,0.1194331983805668,150,0.5,0.1091902834008097,0.01569012447047892,0.26865671641791045,False,0.012145748987854255
YFU,44,62,494,47,10,0.12348178137651822,0.5,0.10904858299595142,0.017315556222287396,0.1890547263681592,False,0.15789473684210525,180,0.2,0.11110323886639677,0.01619964297079978,0.014925373134328358,True,0.034412955465587036
YFU,44,63,494,47,10,0.11336032388663968,0.8,0.10978744939271254,0.016257756169821294,0.4527363184079602,False,0.145748987854251,180,0.2,0.11003036437246964,0.015909413407220806,0.009950248756218905,True,0.03238866396761132
YFU,44,64,494,47,10,0.10931174089068826,0.2,0.11007085020242915,0.018512313168807762,0.5074626865671642,False,0.1214574898785425,60,0.5,0.1101417004048583,0.01691598742456017,0.24378109452736318,False,0.01214574898785424
YFU,44,65,494,47,10,0.12550607287449392,0.5,0.110334008097166,0.01648293972332952,0.19402985074626866,False,0.13765182186234817,300,0.5,0.11267206477732795,0.017013394860040425,0.0845771144278607,False,0.012145748987854255
YFU,44,66,494,47,10,0.12348178137651822,0.8,0.11015182186234819,0.0178033557427995,0.263681592039801,False,0.1396761133603239,450,0.8,0.1101821862348178,0.016775807261705012,0.04975124378109453,True,0.016194331983805682
YFU,44,67,494,47,10,0.1417004048582996,0.8,0.11185222672064779,0.01625524814915994,0.03980099502487562,True,0.15991902834008098,450,0.8,0.11201417004048583,0.016042661341734328,0.004975124378109453,True,0.018218623481781382
YFU,44,68,494,47,10,0.11336032388663968,0.5,0.10866396761133602,0.01653253942895637,0.3880597014925373,False,0.15991902834008098,60,0.5,0.11125506072874494,0.015791116819489217,0.004975124378109453,True,0.046558704453441305
YFU,44,69,494,47,10,0.12753036437246965,0.2,0.10963562753036436,0.017209547105905776,0.15422885572139303,False,0.15991902834008098,450,0.2,0.10867408906882592,0.016238239132213776,0.004975124378109453,True,0.032388663967611336
YFU,44,70,494,47,10,0.10728744939271255,0.8,0.10973684210526315,0.018109896029200157,0.5572139303482587,False,0.1396761133603239,450,0.8,0.11227732793522266,0.01728171108561703,0.06467661691542288,False,0.03238866396761135
YFU,45,46,494,47,10,0.11740890688259109,0.8,0.10828947368421052,0.015784800898781134,0.34328358208955223,False,0.13157894736842105,75,0.8,0.10909919028340082,0.016267151474204152,0.0945273631840796,False,0.014170040485829954
YFU,45,47,494,47,10,0.09919028340080972,0.2,0.1093927125506073,0.017920440081007634,0.746268656716418,False,0.12955465587044535,60,0.8,0.10936234817813766,0.016390785377018543,0.13930348258706468,False,0.030364372469635623
YFU,45,48,494,47,10,0.10931174089068826,0.5,0.11125506072874494,0.017329262326753463,0.5671641791044776,False,0.12753036437246965,90,0.8,0.11082995951417005,0.017608523804707007,0.15920398009950248,False,0.018218623481781382
YFU,45,49,494,47,10,0.13562753036437247,0.5,0.10841093117408906,0.016171042878991626,0.05970149253731343,False,0.13562753036437247,900,0.5,0.10841093117408906,0.016171042878991626,0.05970149253731343,False,0.0
YFU,45,50,494,47,10,0.145748987854251,0.8,0.10902834008097166,0.01646299233345755,0.029850746268656716,True,0.145748987854251,900,0.8,0.10902834008097166,0.01646299233345755,0.029850746268656716,True,0.0
YFU,45,51,494,47,10,0.12550607287449392,0.5,0.11086032388663968,0.01744312498989719,0.22388059701492538,False,0.12550607287449392,900,0.5,0.11086032388663968,0.01744312498989719,0.22388059701492538,False,0.0
YFU,45,52,494,47,10,0.10526315789473684,0.5,0.10997975708502025,0.016954798942132362,0.6417910447761194,False,0.12753036437246965,100,0.8,0.11125506072874494,0.01860927934667916,0.19402985074626866,False,0.02226720647773281
YFU,45,53,494,47,10,0.11740890688259109,0.2,0.10879554655870446,0.016815637291697834,0.2935323383084577,False,0.1396761133603239,180,0.2,0.11085020242914981,0.016398073435834878,0.06467661691542288,False,0.02226720647773281
YFU,45,54,494,47,10,0.12348178137651822,0.8,0.10886639676113362,0.01618181519414377,0.20398009950248755,False,0.14777327935222673,450,0.8,0.10874493927125504,0.017161283200664266,0.01990049751243781,True,0.02429149797570851
YFU,45,55,494,47,10,0.09716599190283401,0.5,0.10979757085020242,0.017624292204233557,0.7611940298507462,False,0.13765182186234817,180,0.2,0.11157894736842106,0.016472395585543403,0.05970149253731343,False,0.040485829959514164
YFU,45,56,494,47,10,0.07894736842105263,0.8,0.11044534412955466,0.018035893858837804,0.9751243781094527,False,0.1437246963562753,60,0.2,0.10899797570850202,0.01845958052090549,0.04975124378109453,True,0.06477732793522267
YFU,45,57,494,47,10,0.12348178137651822,0.8,0.10990890688259108,0.018311404611827377,0.22388059701492538,False,0.1437246963562753,180,0.5,0.1100506072874494,0.01629343455994366,0.024875621890547265,True,0.020242914979757082
YFU,45,58,494,47,10,0.10728744939271255,0.2,0.11182186234817815,0.017416262517554498,0.572139303482587,False,0.1417004048582996,90,0.8,0.10951417004048583,0.01718627082227411,0.03980099502487562,True,0.03441295546558705
YFU,45,59,494,47,10,0.10121457489878542,0.5,0.11010121457489878,0.017701876628377827,0.7114427860696517,False,0.11336032388663968,180,0.2,0.11255060728744941,0.017056379719744438,0.4925373134328358,False,0.012145748987854255
YFU,45,60,494,47,10,0.10728744939271255,0.5,0.10838056680161945,0.015999684696185068,0.5373134328358209,False,0.1194331983805668,225,0.8,0.10882591093117408,0.016513197521686222,0.30845771144278605,False,0.012145748987854255
YFU,45,61,494,47,10,0.09716599190283401,0.5,0.11170040485829962,0.01771463290392512,0.8109452736318408,False,0.1214574898785425,75,0.8,0.10987854251012145,0.017200834162039373,0.25870646766169153,False,0.024291497975708495
YFU,45,62,494,47,10,0.10323886639676114,0.8,0.1092004048582996,0.018944153760724988,0.6268656716417911,False,0.1417004048582996,100,0.2,0.11112348178137652,0.01753428168719742,0.05970149253731343,False,0.038461538461538464
YFU,45,63,494,47,10,0.12955465587044535,0.8,0.10980769230769231,0.017532050241704143,0.12935323383084577,False,0.1396761133603239,180,0.8,0.10794534412955466,0.01527556914892091,0.04477611940298507,True,0.010121457489878555
YFU,45,64,494,47,10,0.10121457489878542,0.5,0.10950404858299595,0.016939595594307428,0.7064676616915423,False,0.12348178137651822,75,0.2,0.11133603238866398,0.017008020167585146,0.2537313432835821,False,0.022267206477732795
YFU,45,65,494,47,10,0.1214574898785425,0.5,0.11058704453441295,0.016479581952391246,0.27860696517412936,False,0.13562753036437247,150,0.2,0.11043522267206476,0.017432166438415234,0.0845771144278607,False,0.014170040485829968
YFU,45,66,494,47,10,0.11740890688259109,0.8,0.10982793522267208,0.016052567376477214,0.3333333333333333,False,0.13360323886639677,450,0.2,0.10918016194331984,0.015054430297545484,0.04975124378109453,True,0.016194331983805682
YFU,45,67,494,47,10,0.13765182186234817,0.8,0.11012145748987855,0.01565380766986234,0.05472636815920398,False,0.13765182186234817,900,0.8,0.11012145748987855,0.01565380766986234,0.05472636815920398,False,0.0
YFU,45,68,494,47,10,0.09919028340080972,0.2,0.10873481781376519,0.01791301271338534,0.6865671641791045,False,0.13765182186234817,100,0.8,0.1106983805668016,0.016191251385426233,0.04477611940298507,True,0.03846153846153845
YFU,45,69,494,47,10,0.11133603238866396,0.5,0.10884615384615386,0.01567840034697046,0.48258706467661694,False,0.1396761133603239,60,0.8,0.11144736842105264,0.016134710988082748,0.05472636815920398,False,0.028340080971659937
YFU,45,70,494,47,10,0.09716599190283401,0.2,0.10862348178137651,0.01770263272587046,0.7562189054726368,False,0.1417004048582996,90,0.5,0.11088056680161942,0.01590622908189697,0.03980099502487562,True,0.04453441295546559
YFU,46,47,494,47,10,0.11740890688259109,0.2,0.11022267206477732,0.015807942595693604,0.34328358208955223,False,0.1437246963562753,75,0.5,0.10983805668016194,0.015406176300405118,0.009950248756218905,True,0.02631578947368421
YFU,46,48,494,47,10,0.12348178137651822,0.2,0.11023279352226721,0.01763779050074289,0.2736318407960199,False,0.13360323886639677,90,0.8,0.11088056680161945,0.016955196688838596,0.1044776119402985,False,0.010121457489878555
YFU,46,49,494,47,10,0.15384615384615385,0.5,0.10789473684210524,0.016210853574587836,0.009950248756218905,True,0.15384615384615385,900,0.5,0.10789473684210524,0.016210853574587836,0.009950248756218905,True,0.0
YFU,46,50,494,47,10,0.13360323886639677,0.2,0.11054655870445344,0.01605230119966104,0.0945273631840796,False,0.15384615384615385,450,0.8,0.1104251012145749,0.01533585822296365,0.014925373134328358,True,0.020242914979757082
YFU,46,51,494,47,10,0.1417004048582996,0.5,0.1104251012145749,0.017685537032674236,0.04477611940298507,True,0.145748987854251,450,0.2,0.10913967611336034,0.015075889764437871,0.014925373134328358,True,0.0040485829959514
YFU,46,52,494,47,10,0.1194331983805668,0.2,0.1095344129554656,0.016799456144150068,0.25870646766169153,False,0.1396761133603239,100,0.8,0.11,0.01584137155238056,0.03980099502487562,True,0.020242914979757096
YFU,46,53,494,47,10,0.1214574898785425,0.2,0.10879554655870445,0.017756705922205386,0.27860696517412936,False,0.145748987854251,60,0.5,0.11058704453441295,0.01699749586252292,0.03980099502487562,True,0.024291497975708495
YFU,46,54,494,47,10,0.10728744939271255,0.2,0.10983805668016194,0.017206914538598076,0.5970149253731343,False,0.1396761133603239,90,0.5,0.10821862348178138,0.016222078644949855,0.029850746268656716,True,0.03238866396761135
YFU,46,55,494,47,10,0.11538461538461539,0.5,0.11017206477732794,0.016359347735271444,0.4079601990049751,False,0.15991902834008098,450,0.2,0.11021255060728745,0.01597631807164297,0.004975124378109453,True,0.04453441295546559
YFU,46,56,494,47,10,0.12550607287449392,0.2,0.10874493927125506,0.016396717179079142,0.1791044776119403,False,0.13360323886639677,150,0.2,0.1073582995951417,0.015335358052202683,0.05472636815920398,False,0.008097165991902855
YFU,46,57,494,47,10,0.13562753036437247,0.8,0.10968623481781377,0.01736278351105228,0.07960199004975124,False,0.1396761133603239,150,0.2,0.10980769230769231,0.01518845448016709,0.03980099502487562,True,0.0040485829959514275
YFU,46,58,494,47,10,0.1194331983805668,0.2,0.11029352226720648,0.016492905931884107,0.29850746268656714,False,0.1396761133603239,60,0.8,0.11112348178137652,0.015409059723199139,0.04477611940298507,True,0.020242914979757096
YFU,46,59,494,47,10,0.13157894736842105,0.2,0.10970647773279353,0.016936069993131613,0.12437810945273632,False,0.13157894736842105,900,0.2,0.10970647773279353,0.016936069993131613,0.12437810945273632,False,0.0
YFU,46,60,494,47,10,0.11133603238866396,0.5,0.10996963562753036,0.015899107348412832,0.4925373134328358,False,0.1194331983805668,450,0.5,0.10860323886639676,0.015582281311775276,0.24875621890547264,False,0.008097165991902841
YFU,46,61,494,47,10,0.10121457489878542,0.2,0.110748987854251,0.016623003720099123,0.7313432835820896,False,0.1417004048582996,90,0.5,0.11239878542510122,0.016168801590494213,0.03980099502487562,True,0.04048582995951418
YFU,46,62,494,47,10,0.1194331983805668,0.8,0.10966599190283402,0.016392041628594135,0.29850746268656714,False,0.1680161943319838,100,0.2,0.10918016194331984,0.01493081908525521,0.004975124378109453,True,0.048582995951417005
YFU,46,63,494,47,10,0.12550607287449392,0.8,0.1089068825910931,0.017948180005988162,0.17412935323383086,False,0.13562753036437247,75,0.5,0.10793522267206476,0.01545357904630835,0.04477611940298507,True,0.010121457489878555
YFU,46,64,494,47,10,0.10526315789473684,0.5,0.10945344129554656,0.016907853941713468,0.5572139303482587,False,0.13157894736842105,225,0.8,0.11121457489878543,0.016936000081550055,0.15920398009950248,False,0.02631578947368421
YFU,46,65,494,47,10,0.13360323886639677,0.8,0.10924089068825911,0.017658302842932273,0.11442786069651742,False,0.15182186234817813,450,0.2,0.1103744939271255,0.016665497358066418,0.009950248756218905,True,0.018218623481781354
YFU,46,66,494,47,10,0.13765182186234817,0.2,0.10983805668016196,0.01589820395517668,0.04975124378109453,True,0.14777327935222673,450,0.2,0.10949392712550608,0.016124488269965265,0.009950248756218905,True,0.010121457489878555
YFU,46,67,494,47,10,0.13765182186234817,0.2,0.10884615384615383,0.017185923355115595,0.07462686567164178,False,0.13765182186234817,900,0.2,0.10884615384615383,0.017185923355115595,0.07462686567164178,False,0.0
YFU,46,68,494,47,10,0.10728744939271255,0.5,0.10953441295546558,0.016672727086387854,0.5572139303482587,False,0.1417004048582996,60,0.8,0.11020242914979757,0.01701121613533581,0.06467661691542288,False,0.03441295546558705
YFU,46,69,494,47,10,0.1417004048582996,0.5,0.10685222672064779,0.01642020663699568,0.029850746268656716,True,0.1417004048582996,900,0.5,0.10685222672064779,0.01642020663699568,0.029850746268656716,True,0.0
YFU,46,70,494,47,10,0.10931174089068826,0.5,0.10930161943319838,0.01715808818263324,0.527363184079602,False,0.15182186234817813,90,0.5,0.11160931174089068,0.017285047057655278,0.01990049751243781,True,0.04251012145748986
YFU,47,48,494,47,10,0.13157894736842105,0.2,0.11049595141700404,0.017425762889624857,0.13432835820895522,False,0.13360323886639677,75,0.8,0.11089068825910932,0.01654175376759597,0.08955223880597014,False,0.0020242914979757276
YFU,47,49,494,47,10,0.1194331983805668,0.2,0.10886639676113359,0.01707105387014931,0.31343283582089554,False,0.1396761133603239,75,0.2,0.10908906882591093,0.01632955516925301,0.04477611940298507,True,0.020242914979757096
YFU,47,50,494,47,10,0.1700404858299595,0.2,0.10853238866396761,0.016251041912552812,0.004975124378109453,True,0.1659919028340081,900,0.2,0.10869433198380567,0.015967938079752116,0.004975124378109453,True,-0.0040485829959514
YFU,47,51,494,47,10,0.1396761133603239,0.8,0.11015182186234818,0.01791864457799439,0.06965174129353234,False,0.13562753036437247,900,0.8,0.1097672064777328,0.018026526559721014,0.07462686567164178,False,-0.0040485829959514275
YFU,47,52,494,47,10,0.10728744939271255,0.2,0.1098178137651822,0.017087438769593934,0.5771144278606966,False,0.13360323886639677,75,0.2,0.11145748987854251,0.016113565813645318,0.11442786069651742,False,0.026315789473684223
YFU,47,53,494,47,10,0.10728744939271255,0.8,0.10924089068825911,0.01713031897163189,0.5522388059701493,False,0.13765182186234817,60,0.2,0.11064777327935221,0.015676732262264487,0.0845771144278607,False,0.030364372469635623
YFU,47,54,494,47,10,0.13157894736842105,0.5,0.10962550607287451,0.016636014789436066,0.11442786069651742,False,0.1417004048582996,450,0.2,0.10847165991902834,0.017008356135621974,0.04477611940298507,True,0.010121457489878555
YFU,47,55,494,47,10,0.11740890688259109,0.2,0.10929149797570852,0.01641282176453677,0.3333333333333333,False,0.14979757085020243,150,0.2,0.11223684210526315,0.01625993454044809,0.009950248756218905,True,0.032388663967611336
YFU,47,56,494,47,10,0.09716599190283401,0.5,0.11063765182186235,0.018012996625433587,0.7810945273631841,False,0.13562753036437247,150,0.2,0.10930161943319838,0.01612488095732047,0.04975124378109453,True,0.038461538461538464
YFU,47,57,494,47,10,0.11740890688259109,0.2,0.10911943319838058,0.017006322065425503,0.35323383084577115,False,0.14777327935222673,150,0.2,0.11106275303643724,0.015691486027703924,0.004975124378109453,True,0.030364372469635637
YFU,47,58,494,47,10,0.12550607287449392,0.2,0.108502024291498,0.01734251828324794,0.17412935323383086,False,0.12753036437246965,60,0.5,0.10950404858299595,0.01568481819113599,0.14925373134328357,False,0.0020242914979757276
YFU,47,59,494,47,10,0.12550607287449392,0.2,0.10899797570850202,0.016936556326581986,0.18407960199004975,False,0.12753036437246965,60,0.8,0.11045546558704453,0.017053454845528074,0.19900497512437812,False,0.0020242914979757276
YFU,47,60,494,47,10,0.10931174089068826,0.2,0.10953441295546558,0.015915744567199942,0.527363184079602,False,0.11538461538461539,75,0.5,0.11131578947368422,0.016571391612968958,0.417910447761194,False,0.006072874493927127
YFU,47,61,494,47,10,0.13562753036437247,0.2,0.11073886639676114,0.016056158728505375,0.0845771144278607,False,0.13562753036437247,900,0.2,0.11077935222672064,0.01616625429456718,0.0845771144278607,False,0.0
YFU,47,62,494,47,10,0.1194331983805668,0.2,0.11038461538461539,0.016869325031163694,0.3034825870646766,False,0.1437246963562753,100,0.2,0.10941295546558705,0.015505445790133474,0.029850746268656716,True,0.024291497975708495
YFU,47,63,494,47,10,0.12753036437246965,0.5,0.10987854251012145,0.017327265928191487,0.15920398009950248,False,0.12348178137651822,180,0.2,0.10865384615384617,0.015141527284053172,0.14427860696517414,False,-0.0040485829959514275
YFU,47,64,494,47,10,0.11740890688259109,0.2,0.1104251012145749,0.016297948881212037,0.3582089552238806,False,0.12550607287449392,300,0.8,0.10949392712550608,0.016390474439889183,0.20398009950248755,False,0.008097165991902827
YFU,47,65,494,47,10,0.12753036437246965,0.2,0.1091093117408907,0.016713692943336817,0.14925373134328357,False,0.145748987854251,150,0.2,0.11145748987854251,0.015195424822364289,0.029850746268656716,True,0.018218623481781354
YFU,47,66,494,47,10,0.11336032388663968,0.5,0.11006072874493929,0.016064508723143182,0.4527363184079602,False,0.13360323886639677,75,0.2,0.10996963562753038,0.016324696403804316,0.08955223880597014,False,0.020242914979757096
YFU,47,67,494,47,10,0.12348178137651822,0.2,0.11001012145748987,0.017309951188456667,0.21890547263681592,False,0.13360323886639677,150,0.2,0.11113360323886638,0.01668903419142593,0.10945273631840796,False,0.010121457489878555
YFU,47,68,494,47,10,0.09919028340080972,0.8,0.11038461538461539,0.01611391084652513,0.7562189054726368,False,0.145748987854251,60,0.5,0.11086032388663966,0.01568925498055579,0.01990049751243781,True,0.04655870445344128
YFU,47,69,494,47,10,0.13562753036437247,0.2,0.10899797570850205,0.016964497051173724,0.05970149253731343,False,0.13562753036437247,900,0.2,0.10886639676113362,0.01698761961694889,0.06467661691542288,False,0.0
YFU,47,70,494,47,10,0.13562753036437247,0.8,0.11087044534412957,0.015000486025806416,0.05970149253731343,False,0.1417004048582996,300,0.8,0.11084008097165991,0.016215295644276907,0.03980099502487562,True,0.006072874493927127
YFU,48,49,494,47,10,0.1437246963562753,0.2,0.11095141700404859,0.016244340725409877,0.029850746268656716,True,0.1437246963562753,900,0.2,0.11095141700404859,0.016244340725409877,0.029850746268656716,True,0.0
YFU,48,50,494,47,10,0.12550607287449392,0.2,0.10876518218623482,0.017649359336093354,0.17412935323383086,False,0.13360323886639677,75,0.2,0.11090080971659919,0.015647067846679318,0.08955223880597014,False,0.008097165991902855
YFU,48,51,494,47,10,0.10323886639676114,0.2,0.11144736842105264,0.016514391468367334,0.7064676616915423,False,0.12348178137651822,60,0.2,0.11187246963562752,0.01736918656797983,0.24875621890547264,False,0.020242914979757082
YFU,48,52,494,47,10,0.12955465587044535,0.8,0.111417004048583,0.01800412637693622,0.16417910447761194,False,0.1396761133603239,180,0.2,0.11087044534412954,0.016247281350193675,0.05970149253731343,False,0.010121457489878555
YFU,48,53,494,47,10,0.10121457489878542,0.8,0.1106578947368421,0.017128996650240945,0.7263681592039801,False,0.1417004048582996,75,0.2,0.11210526315789472,0.01570838247287,0.04477611940298507,True,0.04048582995951418
YFU,48,54,494,47,10,0.11133603238866396,0.2,0.10963562753036436,0.016055700234544317,0.48756218905472637,False,0.1437246963562753,450,0.8,0.11134615384615384,0.016808900868186146,0.03980099502487562,True,0.032388663967611336
YFU,48,55,494,47,10,0.10121457489878542,0.5,0.10961538461538461,0.01767505498807255,0.6915422885572139,False,0.13562753036437247,180,0.8,0.1078744939271255,0.016295219588024944,0.05472636815920398,False,0.03441295546558705
YFU,48,56,494,47,10,0.11740890688259109,0.5,0.11091093117408907,0.01748629290342331,0.36318407960199006,False,0.145748987854251,60,0.2,0.11149797570850202,0.017310858226812064,0.03980099502487562,True,0.02834008097165991
YFU,48,57,494,47,10,0.13562753036437247,0.8,0.1120748987854251,0.01703484947412396,0.0845771144278607,False,0.13562753036437247,900,0.8,0.1120748987854251,0.01703484947412396,0.0845771144278607,False,0.0
YFU,48,58,494,47,10,0.13360323886639677,0.5,0.11128542510121457,0.016879731014336614,0.11940298507462686,False,0.13562753036437247,75,0.2,0.11084008097165991,0.016393373150158146,0.07960199004975124,False,0.0020242914979757
YFU,48,59,494,47,10,0.11538461538461539,0.8,0.11088056680161942,0.016379474777073334,0.4079601990049751,False,0.12348178137651822,180,0.2,0.11106275303643724,0.01575957723473862,0.24875621890547264,False,0.008097165991902827
YFU,48,60,494,47,10,0.12348178137651822,0.2,0.11089068825910932,0.0162997302566236,0.263681592039801,False,0.12348178137651822,900,0.2,0.11089068825910932,0.0162997302566236,0.263681592039801,False,0.0
YFU,48,61,494,47,10,0.10931174089068826,0.2,0.11162955465587045,0.016091516308599278,0.5572139303482587,False,0.13360323886639677,90,0.2,0.11136639676113362,0.016004365506912418,0.09950248756218906,False,0.02429149797570851
YFU,48,62,494,47,10,0.12753036437246965,0.5,0.11213562753036437,0.017450112194579107,0.19900497512437812,False,0.13765182186234817,180,0.8,0.11039473684210525,0.0160562613267599,0.07462686567164178,False,0.010121457489878527
YFU,48,63,494,47,10,0.1194331983805668,0.2,0.11077935222672064,0.016651900309960395,0.31840796019900497,False,0.15384615384615385,180,0.5,0.11117408906882592,0.015415689882813574,0.004975124378109453,True,0.03441295546558705
YFU,48,64,494,47,10,0.12550607287449392,0.5,0.11073886639676113,0.017624943559887966,0.21393034825870647,False,0.13360323886639677,90,0.8,0.1106072874493927,0.01734375308928233,0.09950248756218906,False,0.008097165991902855
YFU,48,65,494,47,10,0.14777327935222673,0.2,0.10958502024291499,0.016862936709185677,0.029850746268656716,True,0.14777327935222673,900,0.2,0.10958502024291499,0.016862936709185677,0.029850746268656716,True,0.0
YFU,48,66,494,47,10,0.12348178137651822,0.5,0.11007085020242915,0.016919940126753893,0.23383084577114427,False,0.13360323886639677,450,0.2,0.11049595141700404,0.017217726435907535,0.11940298507462686,False,0.010121457489878555
YFU,48,67,494,47,10,0.1214574898785425,0.2,0.11022267206477732,0.01708020675624721,0.2537313432835821,False,0.13765182186234817,75,0.8,0.11103238866396761,0.015331829538597384,0.04477611940298507,True,0.016194331983805668
YFU,48,68,494,47,10,0.10931174089068826,0.5,0.1105263157894737,0.018194306713701276,0.5621890547263682,False,0.145748987854251,75,0.2,0.1114068825910931,0.015889312992766053,0.014925373134328358,True,0.036437246963562736
YFU,48,69,494,47,10,0.13562753036437247,0.2,0.11053643724696358,0.017039345619609694,0.09950248756218906,False,0.1437246963562753,60,0.5,0.11119433198380566,0.016382080048977253,0.03980099502487562,True,0.008097165991902827
YFU,48,70,494,47,10,0.13360323886639677,0.5,0.11156882591093117,0.01654177555217824,0.0945273631840796,False,0.15182186234817813,180,0.8,0.11186234817813766,0.015035491186048728,0.004975124378109453,True,0.018218623481781354
YFU,49,50,494,47,10,0.1437246963562753,0.5,0.10970647773279353,0.01615830415029387,0.024875621890547265,True,0.1437246963562753,300,0.8,0.10941295546558706,0.01622957885831854,0.024875621890547265,True,0.0
YFU,49,51,494,47,10,0.1214574898785425,0.2,0.1102834008097166,0.01747730555796791,0.2885572139303483,False,0.1214574898785425,900,0.2,0.1102834008097166,0.01747730555796791,0.2885572139303483,False,0.0
YFU,49,52,494,47,10,0.12955465587044535,0.8,0.10703441295546559,0.016642004570010003,0.0945273631840796,False,0.13562753036437247,450,0.8,0.10796558704453442,0.017972574856768887,0.0845771144278607,False,0.006072874493927127
YFU,49,53,494,47,10,0.1214574898785425,0.8,0.1075,0.017620970792319317,0.26865671641791045,False,0.14979757085020243,90,0.5,0.10941295546558706,0.01531973712887737,0.009950248756218905,True,0.028340080971659923
YFU,49,54,494,47,10,0.13765182186234817,0.8,0.10902834008097166,0.016487989147650636,0.05472636815920398,False,0.13765182186234817,900,0.8,0.10902834008097166,0.016487989147650636,0.05472636815920398,False,0.0
YFU,49,55,494,47,10,0.12348178137651822,0.8,0.10686234817813765,0.01674027129696094,0.16417910447761194,False,0.13562753036437247,225,0.8,0.11013157894736843,0.016681749811192692,0.0845771144278607,False,0.012145748987854255
YFU,49,56,494,47,10,0.12550607287449392,0.8,0.10948380566801622,0.01578973125044556,0.1691542288557214,False,0.1437246963562753,60,0.8,0.1098076923076923,0.017110016100515282,0.024875621890547265,True,0.018218623481781382
YFU,49,57,494,47,10,0.13360323886639677,0.2,0.11034412955465588,0.016131893445628157,0.0945273631840796,False,0.1396761133603239,225,0.2,0.10920040485829957,0.01682934676333024,0.04975124378109453,True,0.006072874493927127
YFU,49,58,494,47,10,0.1194331983805668,0.5,0.10943319838056681,0.017169056760094538,0.3034825870646766,False,0.13360323886639677,75,0.8,0.11054655870445344,0.015587619193794054,0.09950248756218906,False,0.014170040485829968
YFU,49,59,494,47,10,0.10728744939271255,0.2,0.10988866396761134,0.015723866117025993,0.5771144278606966,False,0.11538461538461539,60,0.8,0.11199392712550608,0.01544048511631282,0.4626865671641791,False,0.008097165991902841
YFU,49,60,494,47,10,0.13562753036437247,0.8,0.10937246963562755,0.01677875292234981,0.07960199004975124,False,0.13562753036437247,900,0.8,0.10937246963562755,0.01677875292234981,0.07960199004975124,False,0.0
YFU,49,61,494,47,10,0.10526315789473684,0.2,0.11182186234817815,0.016216238514642618,0.6915422885572139,False,0.13157894736842105,75,0.8,0.10957489878542509,0.016060662815765386,0.09950248756218906,False,0.02631578947368421
YFU,49,62,494,47,10,0.12753036437246965,0.2,0.109665991902834,0.018045935246909645,0.1691542288557214,False,0.1659919028340081,150,0.2,0.10901821862348178,0.015575206461324603,0.004975124378109453,True,0.038461538461538464
YFU,49,63,494,47,10,0.1437246963562753,0.2,0.10859311740890687,0.01673449818862139,0.029850746268656716,True,0.1437246963562753,900,0.2,0.10859311740890687,0.01673449818862139,0.029850746268656716,True,0.0
YFU,49,64,494,47,10,0.12550607287449392,0.2,0.1092004048582996,0.01569479264349754,0.15422885572139303,False,0.12550607287449392,75,0.8,0.11066801619433198,0.015831840631027688,0.20398009950248755,False,0.0
YFU,49,65,494,47,10,0.13562753036437247,0.2,0.1093825910931174,0.016894290451055075,0.0845771144278607,False,0.13562753036437247,900,0.2,0.1093825910931174,0.016894290451055075,0.0845771144278607,False,0.0
YFU,49,66,494,47,10,0.12955465587044535,0.2,0.1092004048582996,0.01763592243641287,0.11940298507462686,False,0.12955465587044535,900,0.2,0.1092004048582996,0.01763592243641287,0.11940298507462686,False,0.0
YFU,49,67,494,47,10,0.13360323886639677,0.2,0.11021255060728745,0.015741300124010055,0.07462686567164178,False,0.13562753036437247,180,0.8,0.11093117408906883,0.015507105742154643,0.07462686567164178,False,0.0020242914979757
YFU,49,68,494,47,10,0.0951417004048583,0.8,0.10987854251012145,0.0163564807630556,0.8159203980099502,False,0.145748987854251,60,0.5,0.11135627530364374,0.016110178987639213,0.024875621890547265,True,0.050607287449392704
YFU,49,69,494,47,10,0.12550607287449392,0.8,0.10831983805668015,0.016982564151109835,0.15920398009950248,False,0.15384615384615385,60,0.5,0.11186234817813766,0.01544622195041587,0.009950248756218905,True,0.028340080971659937
YFU,49,70,494,47,10,0.11336032388663968,0.2,0.11003036437246962,0.016977601178097157,0.4925373134328358,False,0.15789473684210525,150,0.2,0.11205465587044534,0.015717998081319642,0.014925373134328358,True,0.04453441295546558
YFU,50,51,494,47,10,0.1417004048582996,0.5,0.10930161943319837,0.01576326146537804,0.024875621890547265,True,0.1417004048582996,900,0.5,0.10930161943319837,0.01576326146537804,0.024875621890547265,True,0.0
YFU,50,52,494,47,10,0.14777327935222673,0.2,0.10887651821862349,0.017791322815705952,0.014925373134328358,True,0.14777327935222673,900,0.2,0.10887651821862349,0.017791322815705952,0.014925373134328358,True,0.0
YFU,50,53,494,47,10,0.11336032388663968,0.2,0.10979757085020242,0.016964670018745076,0.43781094527363185,False,0.15789473684210525,150,0.8,0.11112348178137652,0.014954686770271551,0.004975124378109453,True,0.04453441295546558
YFU,50,54,494,47,10,0.12955465587044535,0.2,0.10880566801619435,0.017585119875035547,0.14427860696517414,False,0.145748987854251,450,0.5,0.10865384615384617,0.017123778495095828,0.01990049751243781,True,0.016194331983805654
YFU,50,55,494,47,10,0.1214574898785425,0.5,0.10791497975708503,0.0158893291921201,0.21393034825870647,False,0.15587044534412955,450,0.2,0.10995951417004048,0.01514672480566939,0.009950248756218905,True,0.03441295546558705
YFU,50,56,494,47,10,0.1194331983805668,0.8,0.10944331983805668,0.01657646999385039,0.2736318407960199,False,0.13562753036437247,450,0.5,0.11008097165991902,0.015739812050588317,0.07462686567164178,False,0.016194331983805668
YFU,50,57,494,47,10,0.1194331983805668,0.2,0.10915991902834009,0.017469029698061998,0.31840796019900497,False,0.1417004048582996,75,0.8,0.11091093117408907,0.015198067091389522,0.03980099502487562,True,0.022267206477732795
YFU,50,58,494,47,10,0.1417004048582996,0.2,0.11002024291497975,0.016698593779048865,0.04975124378109453,True,0.15587044534412955,100,0.2,0.10954453441295547,0.017862130744646626,0.024875621890547265,True,0.014170040485829954
YFU,50,59,494,47,10,0.10728744939271255,0.8,0.10907894736842104,0.016474417458666672,0.5621890547263682,False,0.12348178137651822,450,0.2,0.10960526315789475,0.016249419940158112,0.22388059701492538,False,0.016194331983805668
YFU,50,60,494,47,10,0.10728744939271255,0.2,0.10780364372469636,0.018444961627636137,0.5124378109452736,False,0.12348178137651822,300,0.8,0.10919028340080972,0.017787575327244044,0.24378109452736318,False,0.016194331983805668
YFU,50,61,494,47,10,0.13360323886639677,0.2,0.1104251012145749,0.015405521357451879,0.07462686567164178,False,0.1417004048582996,75,0.8,0.11059716599190283,0.016331304727470835,0.03482587064676617,True,0.008097165991902827
YFU,50,62,494,47,10,0.11133603238866396,0.8,0.10904858299595142,0.018024096148176637,0.46766169154228854,False,0.1437246963562753,150,0.2,0.10889676113360323,0.016766951823340936,0.03980099502487562,True,0.032388663967611336
YFU,50,63,494,47,10,0.11538461538461539,0.2,0.10893724696356274,0.01684754351928545,0.3781094527363184,False,0.15384615384615385,180,0.2,0.10878542510121457,0.015472861471074838,0.004975124378109453,True,0.038461538461538464
YFU,50,64,494,47,10,0.1214574898785425,0.8,0.10948380566801622,0.017369542224155314,0.2885572139303483,False,0.13765182186234817,225,0.2,0.11087044534412956,0.01752290128209666,0.07462686567164178,False,0.016194331983805668
YFU,50,65,494,47,10,0.1214574898785425,0.5,0.10984817813765183,0.017012229882234716,0.25870646766169153,False,0.13765182186234817,75,0.5,0.1094736842105263,0.016019646623977438,0.04975124378109453,True,0.016194331983805668
YFU,50,66,494,47,10,0.12753036437246965,0.5,0.1118421052631579,0.016164741647684753,0.19900497512437812,False,0.1417004048582996,450,0.8,0.11012145748987855,0.016814415749783155,0.04477611940298507,True,0.014170040485829954
YFU,50,67,494,47,10,0.12550607287449392,0.8,0.10929149797570852,0.01619431926840182,0.17412935323383086,False,0.145748987854251,75,0.5,0.11069838056680162,0.015655882648439513,0.01990049751243781,True,0.020242914979757082
YFU,50,68,494,47,10,0.1194331983805668,0.5,0.10793522267206476,0.016141808503565145,0.263681592039801,False,0.13765182186234817,75,0.2,0.1117914979757085,0.016332893353104637,0.06467661691542288,False,0.018218623481781368
YFU,50,69,494,47,10,0.12348178137651822,0.8,0.10958502024291499,0.016505012142235344,0.208955223880597,False,0.12955465587044535,90,0.8,0.10990890688259108,0.01670974690758665,0.13930348258706468,False,0.006072874493927127
YFU,50,70,494,47,10,0.11133603238866396,0.8,0.10933198380566803,0.01599472894383452,0.472636815920398,False,0.15789473684210525,450,0.8,0.11290485829959512,0.01754019951470053,0.009950248756218905,True,0.04655870445344129
YFU,51,52,494,47,10,0.13562753036437247,0.2,0.10866396761133604,0.01763424392860192,0.07462686567164178,False,0.13562753036437247,900,0.2,0.10866396761133604,0.01763424392860192,0.07462686567164178,False,0.0
YFU,51,53,494,47,10,0.12955465587044535,0.8,0.1085323886639676,0.017273129913382108,0.14427860696517414,False,0.13765182186234817,225,0.5,0.11137651821862347,0.01587710370241635,0.07960199004975124,False,0.008097165991902827
YFU,51,54,494,47,10,0.12550607287449392,0.8,0.11192307692307693,0.01647118296762239,0.25870646766169153,False,0.13157894736842105,60,0.8,0.11076923076923077,0.016696632967983252,0.12935323383084577,False,0.006072874493927127
YFU,51,55,494,47,10,0.11740890688259109,0.5,0.11098178137651821,0.018288494832664107,0.3482587064676617,False,0.12955465587044535,225,0.2,0.1101821862348178,0.017428400798703145,0.15920398009950248,False,0.012145748987854255
YFU,51,56,494,47,10,0.11538461538461539,0.8,0.11070850202429149,0.017365525849933963,0.44776119402985076,False,0.12955465587044535,60,0.2,0.10987854251012145,0.015347146330359891,0.07960199004975124,False,0.014170040485829954
YFU,51,57,494,47,10,0.12348178137651822,0.5,0.11200404858299595,0.018351071642486932,0.2835820895522388,False,0.1396761133603239,450,0.5,0.10908906882591092,0.015615336217013647,0.024875621890547265,True,0.016194331983805682
YFU,51,58,494,47,10,0.10323886639676114,0.2,0.11148785425101215,0.016604843021416644,0.6915422885572139,False,0.12955465587044535,180,0.5,0.11266194331983806,0.016341917849106,0.17412935323383086,False,0.02631578947368421
YFU,51,59,494,47,10,0.11133603238866396,0.8,0.11010121457489878,0.016843524926512123,0.5223880597014925,False,0.11133603238866396,900,0.8,0.11010121457489878,0.016843524926512123,0.5223880597014925,False,0.0
YFU,51,60,494,47,10,0.10931174089068826,0.8,0.11178137651821862,0.01665341198477986,0.5771144278606966,False,0.11538461538461539,60,0.8,0.11130566801619433,0.016919988807090267,0.43283582089552236,False,0.006072874493927127
YFU,51,61,494,47,10,0.11740890688259109,0.2,0.11287449392712551,0.016264420178129582,0.4129353233830846,False,0.13157894736842105,75,0.8,0.11076923076923077,0.016964572914360734,0.13432835820895522,False,0.014170040485829954
YFU,51,62,494,47,10,0.1214574898785425,0.5,0.1116902834008097,0.017446028796526965,0.30845771144278605,False,0.12550607287449392,300,0.5,0.11184210526315791,0.017158391209878426,0.25870646766169153,False,0.004048582995951414
YFU,51,63,494,47,10,0.11133603238866396,0.2,0.11125506072874494,0.017205239058766617,0.4925373134328358,False,0.12550607287449392,90,0.5,0.11074898785425102,0.01539461045670816,0.19402985074626866,False,0.014170040485829954
YFU,51,64,494,47,10,0.11133603238866396,0.2,0.11173076923076923,0.017289835434937822,0.527363184079602,False,0.1214574898785425,100,0.5,0.1112753036437247,0.01589259464468647,0.2835820895522388,False,0.010121457489878541
YFU,51,65,494,47,10,0.12955465587044535,0.5,0.1113663967611336,0.01647729202878923,0.1691542288557214,False,0.13765182186234817,60,0.8,0.11246963562753036,0.01673910268776914,0.06467661691542288,False,0.008097165991902827
YFU,51,66,494,47,10,0.12753036437246965,0.2,0.10975708502024294,0.016813387014072156,0.1791044776119403,False,0.13360323886639677,450,0.5,0.11089068825910932,0.016556685037914846,0.10945273631840796,False,0.006072874493927127
YFU,51,67,494,47,10,0.1214574898785425,0.2,0.11035425101214574,0.01677269841509236,0.2736318407960199,False,0.1214574898785425,900,0.2,0.11035425101214574,0.01677269841509236,0.2736318407960199,False,0.0
YFU,51,68,494,47,10,0.10931174089068826,0.8,0.11011133603238867,0.016153460799367646,0.5522388059701493,False,0.12550607287449392,60,0.2,0.11113360323886638,0.01596768338807722,0.19900497512437812,False,0.016194331983805654
YFU,51,69,494,47,10,0.10323886639676114,0.2,0.1102327935222672,0.017076646878621315,0.6467661691542289,False,0.12955465587044535,60,0.2,0.11035425101214574,0.01586025716919916,0.11442786069651742,False,0.02631578947368421
YFU,51,70,494,47,10,0.0931174089068826,0.8,0.11037449392712549,0.01767760327899923,0.8507462686567164,False,0.13562753036437247,450,0.5,0.11233805668016193,0.015586572241014375,0.0845771144278607,False,0.04251012145748988
YFU,52,53,494,47,10,0.12348178137651822,0.8,0.10954453441295545,0.016538040633170766,0.22388059701492538,False,0.1437246963562753,150,0.2,0.11098178137651821,0.016368156361364527,0.01990049751243781,True,0.020242914979757082
YFU,52,54,494,47,10,0.11740890688259109,0.2,0.10802631578947366,0.015983379635927254,0.27860696517412936,False,0.1437246963562753,60,0.8,0.10919028340080972,0.01757913517344897,0.03980099502487562,True,0.02631578947368421
YFU,52,55,494,47,10,0.10728744939271255,0.2,0.10866396761133602,0.017191973072693035,0.5621890547263682,False,0.1680161943319838,180,0.2,0.11081983805668016,0.01610123882014395,0.004975124378109453,True,0.06072874493927126
YFU,52,56,494,47,10,0.10728744939271255,0.2,0.11069838056680162,0.01459254484737559,0.6368159203980099,False,0.15384615384615385,225,0.5,0.10967611336032389,0.018820446618385542,0.009950248756218905,True,0.046558704453441305
YFU,52,57,494,47,10,0.11740890688259109,0.2,0.11043522267206476,0.017551067147683768,0.35323383084577115,False,0.14979757085020243,180,0.2,0.11004048582995951,0.015590591231778627,0.014925373134328358,True,0.032388663967611336
YFU,52,58,494,47,10,0.11740890688259109,0.2,0.1110425101214575,0.016143897290032568,0.39303482587064675,False,0.1396761133603239,100,0.8,0.11029352226720647,0.017707909968678957,0.05970149253731343,False,0.02226720647773281
YFU,52,59,494,47,10,0.09716599190283401,0.5,0.11090080971659919,0.01700908253031293,0.8159203980099502,False,0.13360323886639677,90,0.2,0.11051619433198379,0.017416094034965118,0.11940298507462686,False,0.036437246963562764
YFU,52,60,494,47,10,0.09716599190283401,0.8,0.1091902834008097,0.017121015475380592,0.7562189054726368,False,0.13157894736842105,450,0.2,0.108168016194332,0.016594472510120823,0.07462686567164178,False,0.034412955465587036
YFU,52,61,494,47,10,0.08502024291497975,0.8,0.11174089068825911,0.017150288639967714,0.9552238805970149,False,0.13765182186234817,450,0.2,0.11144736842105264,0.016594000969250483,0.07960199004975124,False,0.05263157894736842
YFU,52,62,494,47,10,0.11538461538461539,0.5,0.11065789473684211,0.018034338213485455,0.4228855721393035,False,0.1659919028340081,150,0.2,0.1104757085020243,0.017435402761810367,0.009950248756218905,True,0.05060728744939272
YFU,52,63,494,47,10,0.13157894736842105,0.8,0.11071862348178138,0.016941540439511536,0.13930348258706468,False,0.15384615384615385,450,0.5,0.10765182186234819,0.01592734569621428,0.004975124378109453,True,0.02226720647773281
YFU,52,64,494,47,10,0.12348178137651822,0.2,0.10945344129554656,0.01701105877219167,0.21890547263681592,False,0.13360323886639677,100,0.2,0.10927125506072874,0.017342470788952364,0.1044776119402985,False,0.010121457489878555
YFU,52,65,494,47,10,0.13157894736842105,0.5,0.10866396761133604,0.016891099789260053,0.11442786069651742,False,0.1396761133603239,180,0.2,0.10914979757085021,0.016683308152291052,0.05472636815920398,False,0.008097165991902855
YFU,52,66,494,47,10,0.11740890688259109,0.5,0.10905870445344129,0.01634360623753381,0.3333333333333333,False,0.1396761133603239,225,0.2,0.10987854251012147,0.01725342774365198,0.05970149253731343,False,0.02226720647773281
YFU,52,67,494,47,10,0.1417004048582996,0.2,0.1103846153846154,0.0159456290920591,0.029850746268656716,True,0.15384615384615385,225,0.2,0.11102226720647775,0.016052695652884856,0.009950248756218905,True,0.012145748987854255
YFU,52,68,494,47,10,0.10121457489878542,0.2,0.10803643724696357,0.016627611230025797,0.6766169154228856,False,0.15384615384615385,60,0.2,0.11086032388663968,0.01726394810648404,0.009950248756218905,True,0.05263157894736843
YFU,52,69,494,47,10,0.10931174089068826,0.5,0.10874493927125506,0.016110396277095276,0.5422885572139303,False,0.1396761133603239,60,0.2,0.1098076923076923,0.014991955464610114,0.03980099502487562,True,0.030364372469635637
YFU,52,70,494,47,10,0.11133603238866396,0.2,0.10967611336032389,0.016006015528215733,0.47761194029850745,False,0.16194331983805668,180,0.2,0.11192307692307693,0.017787517444783494,0.009950248756218905,True,0.05060728744939272
YFU,53,54,494,47,10,0.10728744939271255,0.8,0.1079757085020243,0.016894366629500807,0.5174129353233831,False,0.15384615384615385,60,0.2,0.11054655870445344,0.014677265593306166,0.004975124378109453,True,0.046558704453441305
YFU,53,55,494,47,10,0.11336032388663968,0.5,0.10818825910931175,0.01912643139130142,0.43283582089552236,False,0.1417004048582996,225,0.8,0.10970647773279353,0.016639232708191166,0.029850746268656716,True,0.028340080971659923
YFU,53,56,494,47,10,0.10121457489878542,0.2,0.10883603238866396,0.017592410611655864,0.7114427860696517,False,0.15384615384615385,150,0.2,0.11053643724696355,0.016013909475396316,0.004975124378109453,True,0.05263157894736843
YFU,53,57,494,47,10,0.1214574898785425,0.2,0.10926113360323886,0.016523416533870034,0.263681592039801,False,0.16194331983805668,225,0.2,0.1094736842105263,0.01527344250281501,0.004975124378109453,True,0.04048582995951418
YFU,53,58,494,47,10,0.11538461538461539,0.8,0.10911943319838055,0.01683350635803129,0.40298507462686567,False,0.15587044534412955,60,0.2,0.11208502024291497,0.01731198824089715,0.01990049751243781,True,0.040485829959514164
YFU,53,59,494,47,10,0.11538461538461539,0.2,0.10990890688259108,0.016787203484634524,0.3880597014925373,False,0.14979757085020243,90,0.2,0.11036437246963562,0.016149715766224884,0.029850746268656716,True,0.034412955465587036
YFU,53,60,494,47,10,0.0931174089068826,0.8,0.10993927125506073,0.017622130582473933,0.8407960199004975,False,0.12955465587044535,100,0.8,0.11054655870445344,0.016482680496545853,0.14925373134328357,False,0.03643724696356275
YFU,53,61,494,47,10,0.0728744939271255,0.2,0.11051619433198379,0.016842678302202003,0.9900497512437811,False,0.14979757085020243,150,0.8,0.10943319838056681,0.016136551857075476,0.014925373134328358,True,0.07692307692307693
YFU,53,62,494,47,10,0.11133603238866396,0.5,0.10878542510121457,0.01769076408611744,0.4527363184079602,False,0.15587044534412955,100,0.5,0.11048582995951417,0.016438358364596627,0.009950248756218905,True,0.04453441295546559
YFU,53,63,494,47,10,0.12348178137651822,0.2,0.10983805668016196,0.016779157910247703,0.23383084577114427,False,0.15182186234817813,180,0.8,0.11018218623481783,0.015503798942128699,0.009950248756218905,True,0.02834008097165991
YFU,53,64,494,47,10,0.10728744939271255,0.5,0.10888663967611337,0.01655970698099587,0.5522388059701493,False,0.1396761133603239,60,0.2,0.11238866396761134,0.016457888320830324,0.06965174129353234,False,0.03238866396761135
YFU,53,65,494,47,10,0.11538461538461539,0.2,0.11100202429149796,0.017435804307490126,0.4228855721393035,False,0.1396761133603239,150,0.2,0.10935222672064776,0.01668528287051874,0.03482587064676617,True,0.02429149797570851
YFU,53,66,494,47,10,0.0951417004048583,0.2,0.10894736842105264,0.016196569739396326,0.8208955223880597,False,0.1437246963562753,450,0.5,0.11143724696356275,0.016730624753060523,0.03980099502487562,True,0.048582995951417005
YFU,53,67,494,47,10,0.10931174089068826,0.5,0.1084008097165992,0.017119945023648064,0.5223880597014925,False,0.14777327935222673,90,0.8,0.10896761133603239,0.0160231810987028,0.014925373134328358,True,0.038461538461538464
YFU,53,68,494,47,10,0.09716599190283401,0.2,0.10813765182186234,0.016816081188455952,0.746268656716418,False,0.1700404858299595,75,0.2,0.11112348178137652,0.015498335865000296,0.004975124378109453,True,0.0728744939271255
YFU,53,69,494,47,10,0.10728744939271255,0.2,0.10892712550607289,0.017557744586690637,0.5572139303482587,False,0.14979757085020243,90,0.2,0.11013157894736843,0.016503040808286594,0.01990049751243781,True,0.04251012145748988
YFU,53,70,494,47,10,0.1194331983805668,0.2,0.10976720647773279,0.017404668886149846,0.31343283582089554,False,0.15991902834008098,180,0.2,0.11194331983805668,0.01559582064303133,0.004975124378109453,True,0.04048582995951418
YFU,54,55,494,47,10,0.13157894736842105,0.2,0.10874493927125506,0.01601810406332216,0.08955223880597014,False,0.15991902834008098,450,0.8,0.10892712550607285,0.01758118495815989,0.004975124378109453,True,0.028340080971659937
YFU,54,56,494,47,10,0.11538461538461539,0.8,0.10977732793522268,0.016369757134604427,0.3781094527363184,False,0.15587044534412955,450,0.2,0.10841093117408906,0.01643126362390569,0.009950248756218905,True,0.040485829959514164
YFU,54,57,494,47,10,0.12753036437246965,0.8,0.1099898785425101,0.016899043328221734,0.21393034825870647,False,0.1396761133603239,150,0.2,0.10921052631578947,0.01584567354115977,0.03482587064676617,True,0.012145748987854255
YFU,54,58,494,47,10,0.11538461538461539,0.8,0.10946356275303643,0.016836368540887395,0.38308457711442784,False,0.145748987854251,90,0.2,0.10893724696356276,0.017594868468762875,0.024875621890547265,True,0.03036437246963561
YFU,54,59,494,47,10,0.10728744939271255,0.2,0.11006072874493927,0.016855159407770052,0.5771144278606966,False,0.13157894736842105,300,0.2,0.10851214574898785,0.017409944783046874,0.08955223880597014,False,0.024291497975708495
YFU,54,60,494,47,10,0.11133603238866396,0.5,0.10905870445344128,0.017062339598282534,0.42786069651741293,False,0.13157894736842105,75,0.2,0.10808704453441294,0.016126668681319952,0.08955223880597014,False,0.020242914979757082
YFU,54,61,494,47,10,0.11133603238866396,0.8,0.11081983805668016,0.01622481706882675,0.5323383084577115,False,0.13562753036437247,150,0.2,0.10884615384615386,0.015213126029537989,0.04477611940298507,True,0.02429149797570851
YFU,54,62,494,47,10,0.11740890688259109,0.2,0.10784412955465587,0.01696187501093653,0.31343283582089554,False,0.15587044534412955,180,0.8,0.10798582995951417,0.017047440524830575,0.004975124378109453,True,0.038461538461538464
YFU,54,63,494,47,10,0.11133603238866396,0.2,0.10903846153846153,0.01680299509111909,0.43781094527363185,False,0.14777327935222673,180,0.5,0.10692307692307694,0.015351975801393138,0.014925373134328358,True,0.036437246963562764
YFU,54,64,494,47,10,0.09919028340080972,0.8,0.10788461538461538,0.01627398561712294,0.7313432835820896,False,0.13157894736842105,150,0.5,0.10889676113360323,0.01600027349199255,0.08955223880597014,False,0.03238866396761132
YFU,54,65,494,47,10,0.11538461538461539,0.5,0.10897773279352227,0.015704734537273047,0.36318407960199006,False,0.1437246963562753,150,0.2,0.10897773279352227,0.01565877597877565,0.014925373134328358,True,0.02834008097165991
YFU,54,66,494,47,10,0.12348178137651822,0.8,0.10907894736842107,0.016396739156355918,0.22388059701492538,False,0.13765182186234817,450,0.5,0.10969635627530366,0.015466405601638448,0.024875621890547265,True,0.014170040485829954
YFU,54,67,494,47,10,0.12955465587044535,0.5,0.10889676113360323,0.015766918714970626,0.10945273631840796,False,0.1396761133603239,75,0.2,0.10984817813765183,0.015245262605341665,0.03482587064676617,True,0.010121457489878555
YFU,54,68,494,47,10,0.08906882591093117,0.2,0.10929149797570849,0.016426616709880083,0.9303482587064676,False,0.145748987854251,60,0.8,0.10998987854251013,0.015384826191099517,0.024875621890547265,True,0.05668016194331983
YFU,54,69,494,47,10,0.13360323886639677,0.8,0.10853238866396761,0.016795640599980198,0.07462686567164178,False,0.145748987854251,150,0.5,0.10986842105263157,0.014384130835656591,0.004975124378109453,True,0.012145748987854227
YFU,54,70,494,47,10,0.12348178137651822,0.2,0.11141700404858298,0.016782348382155317,0.23880597014925373,False,0.15384615384615385,450,0.2,0.11124493927125505,0.01596935654134767,0.009950248756218905,True,0.030364372469635637
YFU,55,56,494,47,10,0.10931174089068826,0.2,0.10991902834008098,0.018457240602607,0.5771144278606966,False,0.16396761133603238,450,0.2,0.10921052631578948,0.018172507114848815,0.009950248756218905,True,0.05465587044534412
YFU,55,57,494,47,10,0.12550607287449392,0.5,0.11076923076923077,0.01623897778466795,0.208955223880597,False,0.15384615384615385,150,0.2,0.1104251012145749,0.015894978519645154,0.014925373134328358,True,0.028340080971659937
YFU,55,58,494,47,10,0.11133603238866396,0.2,0.10948380566801619,0.01731492295926029,0.4626865671641791,False,0.13562753036437247,180,0.5,0.11087044534412956,0.01727436073913276,0.08955223880597014,False,0.02429149797570851
YFU,55,59,494,47,10,0.09919028340080972,0.2,0.1095242914979757,0.01830195611518606,0.7761194029850746,False,0.12753036437246965,180,0.2,0.11075910931174089,0.01748604266308477,0.19402985074626866,False,0.028340080971659923
YFU,55,60,494,47,10,0.08704453441295547,0.5,0.10940283400809717,0.017118197878597606,0.9203980099502488,False,0.13765182186234817,450,0.5,0.11029352226720647,0.01735198782852148,0.06965174129353234,False,0.050607287449392704
YFU,55,61,494,47,10,0.09919028340080972,0.8,0.11076923076923077,0.017604325090574555,0.7611940298507462,False,0.13157894736842105,450,0.2,0.110334008097166,0.015813474505366656,0.1044776119402985,False,0.03238866396761132
YFU,55,62,494,47,10,0.1194331983805668,0.8,0.11070850202429149,0.018822229941873707,0.3034825870646766,False,0.1680161943319838,150,0.5,0.11039473684210527,0.017685685483677095,0.004975124378109453,True,0.048582995951417005
YFU,55,63,494,47,10,0.12550607287449392,0.8,0.10979757085020242,0.015992475821463698,0.1791044776119403,False,0.15182186234817813,180,0.8,0.11002024291497975,0.014912427225389388,0.004975124378109453,True,0.02631578947368421
YFU,55,64,494,47,10,0.11133603238866396,0.2,0.10897773279352227,0.01742989829169122,0.48258706467661694,False,0.13562753036437247,225,0.8,0.1112145748987854,0.01698456469519869,0.10945273631840796,False,0.02429149797570851
YFU,55,65,494,47,10,0.11336032388663968,0.2,0.10948380566801622,0.017548814368628853,0.39800995024875624,False,0.15384615384615385,150,0.5,0.10940283400809717,0.015706727404933712,0.004975124378109453,True,0.04048582995951418
YFU,55,66,494,47,10,0.11740890688259109,0.8,0.10899797570850205,0.01633498606848195,0.34328358208955223,False,0.1417004048582996,150,0.8,0.1101012145748988,0.017208769343844403,0.05970149253731343,False,0.02429149797570851
YFU,55,67,494,47,10,0.12753036437246965,0.5,0.11030364372469634,0.01688772257755511,0.1691542288557214,False,0.16396761133603238,450,0.5,0.11115384615384617,0.016218714478836816,0.004975124378109453,True,0.036437246963562736
YFU,55,68,494,47,10,0.08299595141700405,0.2,0.11068825910931174,0.016887442128886973,0.9552238805970149,False,0.1417004048582996,60,0.8,0.1116093117408907,0.01450067437726244,0.03980099502487562,True,0.058704453441295545
YFU,55,69,494,47,10,0.11133603238866396,0.5,0.1073076923076923,0.01818184167510527,0.4527363184079602,False,0.13562753036437247,60,0.8,0.11090080971659919,0.016525210986858902,0.08955223880597014,False,0.02429149797570851
YFU,55,70,494,47,10,0.0951417004048583,0.8,0.10946356275303644,0.016702523956997145,0.8208955223880597,False,0.1437246963562753,150,0.2,0.11143724696356276,0.015804034253142765,0.01990049751243781,True,0.048582995951417005
YFU,56,57,494,47,10,0.12348178137651822,0.5,0.11151821862348178,0.01652560038234925,0.24875621890547264,False,0.14979757085020243,150,0.5,0.1092004048582996,0.015983405402345757,0.01990049751243781,True,0.02631578947368421
YFU,56,58,494,47,10,0.11538461538461539,0.2,0.10919028340080972,0.016380986450918348,0.3880597014925373,False,0.1396761133603239,225,0.2,0.10882591093117408,0.016684394276239394,0.03980099502487562,True,0.02429149797570851
YFU,56,59,494,47,10,0.10526315789473684,0.8,0.11101214574898785,0.01771426092750814,0.6567164179104478,False,0.11133603238866396,60,0.2,0.1085931174089069,0.01697517525112391,0.42786069651741293,False,0.006072874493927127
YFU,56,60,494,47,10,0.10121457489878542,0.5,0.10936234817813766,0.01806076311097269,0.681592039800995,False,0.1214574898785425,450,0.2,0.10790485829959515,0.016023293546464114,0.19900497512437812,False,0.020242914979757082
YFU,56,61,494,47,10,0.09109311740890688,0.8,0.11105263157894736,0.01658139158782842,0.8855721393034826,False,0.12955465587044535,90,0.8,0.11114372469635628,0.01523191186760272,0.10945273631840796,False,0.038461538461538464
YFU,56,62,494,47,10,0.11336032388663968,0.5,0.11058704453441295,0.018324346199780985,0.4079601990049751,False,0.16396761133603238,150,0.2,0.11013157894736843,0.01694020338241896,0.004975124378109453,True,0.050607287449392704
YFU,56,63,494,47,10,0.11538461538461539,0.8,0.10973684210526315,0.01736694873080526,0.39800995024875624,False,0.13562753036437247,225,0.2,0.10828947368421052,0.016591270732397627,0.08955223880597014,False,0.020242914979757082
YFU,56,64,494,47,10,0.10931174089068826,0.2,0.10968623481781377,0.01758199016534267,0.5124378109452736,False,0.13765182186234817,60,0.2,0.11121457489878545,0.018086059281189535,0.06965174129353234,False,0.02834008097165991
YFU,56,65,494,47,10,0.1396761133603239,0.5,0.1103744939271255,0.017065959773811572,0.03980099502487562,True,0.1396761133603239,900,0.5,0.1103744939271255,0.017065959773811572,0.03980099502487562,True,0.0
YFU,56,66,494,47,10,0.12753036437246965,0.8,0.11005060728744938,0.01677048842052911,0.18407960199004975,False,0.13157894736842105,450,0.2,0.11026315789473683,0.01596498792084397,0.08955223880597014,False,0.0040485829959514
YFU,56,67,494,47,10,0.13765182186234817,0.5,0.1098178137651822,0.016172383046566235,0.04975124378109453,True,0.13765182186234817,225,0.8,0.1122165991902834,0.016003207495642168,0.08955223880597014,False,0.0
YFU,56,68,494,47,10,0.08704453441295547,0.5,0.10904858299595142,0.017148259397275677,0.9154228855721394,False,0.14777327935222673,60,0.2,0.10949392712550608,0.01535389375305861,0.009950248756218905,True,0.06072874493927126
YFU,56,69,494,47,10,0.11133603238866396,0.2,0.10959514170040485,0.01817623471685233,0.48756218905472637,False,0.1437246963562753,60,0.5,0.11110323886639677,0.016189470792980155,0.03482587064676617,True,0.032388663967611336
YFU,56,70,494,47,10,0.10323886639676114,0.2,0.10912955465587046,0.016713927027032924,0.6766169154228856,False,0.15991902834008098,90,0.5,0.11132591093117408,0.016975903065616763,0.009950248756218905,True,0.056680161943319846
YFU,57,58,494,47,10,0.11336032388663968,0.8,0.11125506072874494,0.0172100257112423,0.472636815920398,False,0.13765182186234817,100,0.2,0.11032388663967611,0.016232433358682116,0.06965174129353234,False,0.024291497975708495
YFU,57,59,494,47,10,0.10728744939271255,0.2,0.10947368421052632,0.01653328672880392,0.5671641791044776,False,0.13562753036437247,450,0.2,0.10961538461538461,0.01766340097632975,0.07960199004975124,False,0.028340080971659923
YFU,57,60,494,47,10,0.1214574898785425,0.2,0.1104251012145749,0.017239804680463988,0.2736318407960199,False,0.13157894736842105,300,0.2,0.10922064777327935,0.016551880505266958,0.0945273631840796,False,0.010121457489878541
YFU,57,61,494,47,10,0.10728744939271255,0.8,0.11125506072874494,0.017380282573847806,0.572139303482587,False,0.13360323886639677,180,0.5,0.11022267206477732,0.016453871550984354,0.08955223880597014,False,0.026315789473684223
YFU,57,62,494,47,10,0.13360323886639677,0.8,0.10975708502024291,0.01826452194254133,0.10945273631840796,False,0.15991902834008098,150,0.2,0.10951417004048583,0.016181611589113416,0.004975124378109453,True,0.02631578947368421
YFU,57,63,494,47,10,0.1396761133603239,0.2,0.10968623481781377,0.016976606589966733,0.05970149253731343,False,0.1437246963562753,225,0.2,0.10705465587044534,0.016991276920680438,0.014925373134328358,True,0.0040485829959514
YFU,57,64,494,47,10,0.10323886639676114,0.5,0.10886639676113362,0.017285621852092276,0.6467661691542289,False,0.13765182186234817,300,0.8,0.10815789473684212,0.01655214486855791,0.06467661691542288,False,0.034412955465587036
YFU,57,65,494,47,10,0.11336032388663968,0.2,0.11116396761133604,0.0163660678874453,0.46766169154228854,False,0.13157894736842105,180,0.2,0.11096153846153847,0.016261682091942536,0.11940298507462686,False,0.018218623481781368
YFU,57,66,494,47,10,0.13157894736842105,0.2,0.10968623481781375,0.016698997628203916,0.11442786069651742,False,0.1396761133603239,75,0.8,0.11056680161943319,0.01850354874102405,0.07960199004975124,False,0.008097165991902855
YFU,57,67,494,47,10,0.12348178137651822,0.8,0.110668016194332,0.017015415982926795,0.24378109452736318,False,0.12753036437246965,225,0.5,0.11112348178137652,0.01707978178022572,0.18407960199004975,False,0.0040485829959514275
YFU,57,68,494,47,10,0.09919028340080972,0.5,0.10876518218623481,0.01783274725079943,0.7014925373134329,False,0.13765182186234817,100,0.5,0.11132591093117408,0.017113626190674105,0.07462686567164178,False,0.03846153846153845
YFU,57,69,494,47,10,0.12955465587044535,0.5,0.10997975708502025,0.017045643667048613,0.13432835820895522,False,0.145748987854251,150,0.2,0.10928137651821862,0.01578803580056099,0.024875621890547265,True,0.016194331983805654
YFU,57,70,494,47,10,0.1396761133603239,0.2,0.10858299595141702,0.018765968357253873,0.07960199004975124,False,0.14979757085020243,450,0.8,0.11139676113360324,0.017160983224275995,0.01990049751243781,True,0.010121457489878527
YFU,58,59,494,47,10,0.11538461538461539,0.2,0.11024291497975708,0.01678970869576063,0.39800995024875624,False,0.12955465587044535,150,0.2,0.10995951417004048,0.015759685030311776,0.12437810945273632,False,0.014170040485829954
YFU,58,60,494,47,10,0.09716599190283401,0.2,0.11022267206477732,0.01615454749325306,0.8258706467661692,False,0.1194331983805668,450,0.2,0.10786437246963562,0.015706832285701085,0.21890547263681592,False,0.022267206477732795
YFU,58,61,494,47,10,0.12753036437246965,0.2,0.11187246963562751,0.017399983116753965,0.23383084577114427,False,0.12955465587044535,75,0.2,0.1098076923076923,0.01517081949932474,0.10945273631840796,False,0.0020242914979757
YFU,58,62,494,47,10,0.09919028340080972,0.2,0.11054655870445344,0.018026929216712142,0.7412935323383084,False,0.16194331983805668,100,0.5,0.11071862348178138,0.016294723590991232,0.004975124378109453,True,0.06275303643724696
YFU,58,63,494,47,10,0.13157894736842105,0.5,0.10970647773279352,0.015969872314327217,0.10945273631840796,False,0.13765182186234817,100,0.2,0.10913967611336033,0.015818395919909724,0.03980099502487562,True,0.006072874493927127
YFU,58,64,494,47,10,0.10728744939271255,0.5,0.11059716599190285,0.015455467735422187,0.6368159203980099,False,0.12348178137651822,75,0.5,0.1112145748987854,0.016507460385869914,0.24378109452736318,False,0.016194331983805668
YFU,58,65,494,47,10,0.1194331983805668,0.5,0.11102226720647775,0.016333725428677354,0.31840796019900497,False,0.1417004048582996,60,0.2,0.11016194331983806,0.0149036010188013,0.04477611940298507,True,0.022267206477732795
YFU,58,66,494,47,10,0.1214574898785425,0.8,0.11034412955465588,0.015321403761102336,0.263681592039801,False,0.13765182186234817,100,0.5,0.11107287449392715,0.017722245080752,0.06965174129353234,False,0.016194331983805668
YFU,58,67,494,47,10,0.12348178137651822,0.8,0.10983805668016194,0.016493233665384525,0.22885572139303484,False,0.14777327935222673,150,0.8,0.1108097165991903,0.015966703270823876,0.01990049751243781,True,0.02429149797570851
YFU,58,68,494,47,10,0.11538461538461539,0.2,0.10921052631578947,0.017795804296280537,0.373134328358209,False,0.1417004048582996,60,0.8,0.11034412955465588,0.015985714548939958,0.03482587064676617,True,0.02631578947368421
YFU,58,69,494,47,10,0.11538461538461539,0.5,0.10846153846153847,0.01645088023492012,0.3681592039800995,False,0.1417004048582996,60,0.2,0.11042510121457491,0.015667942333133004,0.03482587064676617,True,0.02631578947368421
YFU,58,70,494,47,10,0.13562753036437247,0.2,0.11010121457489878,0.016661607881428127,0.09950248756218906,False,0.15182186234817813,150,0.8,0.11318825910931174,0.01570866758577733,0.024875621890547265,True,0.016194331983805654
YFU,59,60,494,47,10,0.08704453441295547,0.2,0.10965587044534413,0.015703859300012838,0.9353233830845771,False,0.10323886639676114,450,0.5,0.1093421052631579,0.015696471927612414,0.6965174129353234,False,0.016194331983805668
YFU,59,61,494,47,10,0.0931174089068826,0.2,0.11151821862348178,0.016847681020707297,0.8557213930348259,False,0.12955465587044535,150,0.2,0.11095141700404858,0.01763964961207947,0.1691542288557214,False,0.03643724696356275
YFU,59,62,494,47,10,0.10931174089068826,0.2,0.11046558704453442,0.017980859447961923,0.5373134328358209,False,0.13765182186234817,150,0.8,0.11030364372469637,0.01603073583379522,0.05472636815920398,False,0.02834008097165991
YFU,59,63,494,47,10,0.12955465587044535,0.8,0.11098178137651823,0.01823436964352292,0.20398009950248755,False,0.12955465587044535,180,0.8,0.1093825910931174,0.0172226291802927,0.13432835820895522,False,0.0
YFU,59,64,494,47,10,0.11133603238866396,0.2,0.10933198380566803,0.01606922511247107,0.5174129353233831,False,0.11538461538461539,60,0.2,0.11040485829959515,0.01684603092957197,0.4079601990049751,False,0.0040485829959514275
YFU,59,65,494,47,10,0.11538461538461539,0.5,0.10922064777327935,0.016129732890052872,0.3681592039800995,False,0.12550607287449392,180,0.8,0.10822874493927126,0.01588736895036327,0.14925373134328357,False,0.010121457489878527
YFU,59,66,494,47,10,0.1214574898785425,0.8,0.10979757085020245,0.015536609960053183,0.26865671641791045,False,0.1214574898785425,450,0.2,0.10933198380566803,0.01494586140913762,0.22885572139303484,False,0.0
YFU,59,67,494,47,10,0.11336032388663968,0.8,0.10988866396761132,0.016293687319166954,0.4427860696517413,False,0.12550607287449392,225,0.8,0.11056680161943319,0.01629770882283046,0.19402985074626866,False,0.01214574898785424
YFU,59,68,494,47,10,0.08906882591093117,0.2,0.10965587044534413,0.016256657375061132,0.9203980099502488,False,0.13562753036437247,60,0.8,0.11064777327935221,0.014497496658499202,0.06965174129353234,False,0.046558704453441305
YFU,59,69,494,47,10,0.12348178137651822,0.5,0.10979757085020242,0.01638928088905936,0.23383084577114427,False,0.12753036437246965,60,0.5,0.10818825910931175,0.014642019289455016,0.07462686567164178,False,0.0040485829959514275
YFU,59,70,494,47,10,0.11740890688259109,0.2,0.11152834008097166,0.016348216917368083,0.3880597014925373,False,0.14979757085020243,90,0.2,0.11318825910931174,0.016838618804529266,0.024875621890547265,True,0.032388663967611336
YFU,60,61,494,47,10,0.08906882591093117,0.2,0.10943319838056681,0.017940881767816656,0.8855721393034826,False,0.12753036437246965,75,0.8,0.1103744939271255,0.017529043213300552,0.18407960199004975,False,0.03846153846153848
YFU,60,62,494,47,10,0.0951417004048583,0.2,0.11040485829959513,0.017177689922498622,0.8308457711442786,False,0.1214574898785425,100,0.8,0.10978744939271255,0.015903044118963906,0.24378109452736318,False,0.02631578947368421
YFU,60,63,494,47,10,0.09716599190283401,0.8,0.11070850202429149,0.016229122091668175,0.8059701492537313,False,0.12550607287449392,450,0.8,0.10871457489878543,0.016693719073369646,0.15920398009950248,False,0.02834008097165991
YFU,60,64,494,47,10,0.11336032388663968,0.2,0.10886639676113359,0.017981603814679944,0.4079601990049751,False,0.13562753036437247,300,0.8,0.10927125506072874,0.016391441780477422,0.05472636815920398,False,0.022267206477732795
YFU,60,65,494,47,10,0.1194331983805668,0.8,0.10963562753036438,0.016696978284749822,0.2935323383084577,False,0.12550607287449392,150,0.5,0.11007085020242915,0.015990154773511893,0.21890547263681592,False,0.006072874493927113
YFU,60,66,494,47,10,0.11133603238866396,0.2,0.10961538461538463,0.01643132941702787,0.472636815920398,False,0.11538461538461539,100,0.2,0.11103238866396761,0.01676505120821019,0.4079601990049751,False,0.0040485829959514275
YFU,60,67,494,47,10,0.12753036437246965,0.5,0.10941295546558705,0.016556175108360664,0.15920398009950248,False,0.13765182186234817,225,0.8,0.11147773279352227,0.016202607593964625,0.04975124378109453,True,0.010121457489878527
YFU,60,68,494,47,10,0.09716599190283401,0.8,0.10760121457489878,0.01675810706506177,0.7611940298507462,False,0.12753036437246965,60,0.8,0.10995951417004048,0.01611882995630766,0.1691542288557214,False,0.030364372469635637
YFU,60,69,494,47,10,0.11336032388663968,0.8,0.11103238866396761,0.017060906399922086,0.4975124378109453,False,0.12753036437246965,60,0.2,0.11172064777327934,0.015735664325421325,0.1791044776119403,False,0.014170040485829968
YFU,60,70,494,47,10,0.08502024291497975,0.8,0.11045546558704455,0.017022031363454624,0.9502487562189055,False,0.12955465587044535,75,0.5,0.1112145748987854,0.01692748694921123,0.16417910447761194,False,0.04453441295546559
YFU,61,62,494,47,10,0.09716599190283401,0.2,0.1107995951417004,0.017002543860886656,0.8109452736318408,False,0.145748987854251,100,0.5,0.10894736842105264,0.01499643590157618,0.01990049751243781,True,0.04858299595141699
YFU,61,63,494,47,10,0.13765182186234817,0.2,0.1097165991902834,0.017066035185969077,0.05970149253731343,False,0.13765182186234817,900,0.2,0.1097165991902834,0.017066035185969077,0.05970149253731343,False,0.0
YFU,61,64,494,47,10,0.11740890688259109,0.2,0.10991902834008098,0.016804615710629345,0.373134328358209,False,0.12348178137651822,90,0.8,0.10956477732793524,0.01595857307117244,0.22885572139303484,False,0.006072874493927127
YFU,61,65,494,47,10,0.10931174089068826,0.8,0.11036437246963562,0.016961902325944748,0.48258706467661694,False,0.13765182186234817,75,0.5,0.10992914979757085,0.016994936466460935,0.07960199004975124,False,0.02834008097165991
YFU,61,66,494,47,10,0.12550607287449392,0.2,0.11130566801619432,0.016045484928083324,0.19402985074626866,False,0.13360323886639677,75,0.2,0.1091497975708502,0.016049183716093145,0.07960199004975124,False,0.008097165991902855
YFU,61,67,494,47,10,0.11133603238866396,0.8,0.11097165991902834,0.016855709158219195,0.5522388059701493,False,0.13562753036437247,150,0.8,0.11009109311740892,0.01605215688508418,0.07960199004975124,False,0.02429149797570851
YFU,61,68,494,47,10,0.09716599190283401,0.8,0.10956477732793521,0.017338881624925372,0.7860696517412935,False,0.14777327935222673,60,0.2,0.11139676113360324,0.014574658603689925,0.014925373134328358,True,0.05060728744939272
YFU,61,69,494,47,10,0.1194331983805668,0.8,0.10970647773279352,0.016972506330963547,0.3034825870646766,False,0.13360323886639677,75,0.2,0.10839068825910932,0.015489564346005303,0.07462686567164178,False,0.014170040485829968
YFU,61,70,494,47,10,0.11133603238866396,0.2,0.11190283400809717,0.01720921207425046,0.5124378109452736,False,0.145748987854251,180,0.5,0.11086032388663966,0.017047899523674623,0.024875621890547265,True,0.034412955465587036
YFU,62,63,494,47,10,0.12348178137651822,0.8,0.111082995951417,0.017925147753879468,0.25870646766169153,False,0.145748987854251,75,0.8,0.10814777327935221,0.016163069610114794,0.024875621890547265,True,0.02226720647773278
YFU,62,64,494,47,10,0.12955465587044535,0.5,0.1101923076923077,0.017132963308243657,0.11442786069651742,False,0.1437246963562753,300,0.2,0.11004048582995953,0.015548268831542358,0.024875621890547265,True,0.014170040485829954
YFU,62,65,494,47,10,0.13765182186234817,0.5,0.10912955465587043,0.014915796104769109,0.03980099502487562,True,0.13765182186234817,300,0.8,0.10979757085020242,0.015903384008213728,0.04975124378109453,True,0.0
YFU,62,66,494,47,10,0.13765182186234817,0.2,0.11071862348178138,0.015914977974147284,0.04975124378109453,True,0.13765182186234817,150,0.5,0.11116396761133604,0.017919219158532743,0.0845771144278607,False,0.0
YFU,62,67,494,47,10,0.14777327935222673,0.5,0.10893724696356274,0.01684754351928545,0.024875621890547265,True,0.15587044534412955,450,0.5,0.11068825910931174,0.015477545281662314,0.009950248756218905,True,0.008097165991902827
YFU,62,68,494,47,10,0.10931174089068826,0.2,0.10942307692307691,0.017230781386877458,0.5024875621890548,False,0.15182186234817813,100,0.2,0.11181174089068825,0.016084579032686338,0.004975124378109453,True,0.04251012145748986
YFU,62,69,494,47,10,0.12753036437246965,0.2,0.11012145748987855,0.017139479254968695,0.17412935323383086,False,0.15182186234817813,150,0.2,0.10802631578947368,0.01680850884770936,0.009950248756218905,True,0.02429149797570848
YFU,62,70,494,47,10,0.1194331983805668,0.8,0.10932186234817813,0.016828490248556448,0.3034825870646766,False,0.15587044534412955,150,0.2,0.11256072874493928,0.01588220960452971,0.009950248756218905,True,0.03643724696356275
YFU,63,64,494,47,10,0.12550607287449392,0.5,0.10923076923076923,0.01681421980497648,0.208955223880597,False,0.12753036437246965,150,0.8,0.10928137651821862,0.01509595473354473,0.13930348258706468,False,0.0020242914979757276
YFU,63,65,494,47,10,0.12753036437246965,0.2,0.109665991902834,0.015785374881342417,0.15422885572139303,False,0.145748987854251,450,0.5,0.10926113360323887,0.017589437316036672,0.03482587064676617,True,0.018218623481781354
YFU,63,66,494,47,10,0.11133603238866396,0.2,0.11036437246963564,0.01808528505602301,0.4975124378109453,False,0.1396761133603239,450,0.2,0.10861336032388663,0.01584287608158467,0.024875621890547265,True,0.028340080971659937
YFU,63,67,494,47,10,0.12348178137651822,0.2,0.10846153846153847,0.017353628374481248,0.20398009950248755,False,0.1437246963562753,225,0.5,0.10889676113360323,0.01710977540075487,0.024875621890547265,True,0.020242914979757082
YFU,63,68,494,47,10,0.10728744939271255,0.2,0.10973684210526315,0.01630911400661641,0.6019900497512438,False,0.1396761133603239,60,0.5,0.11062753036437246,0.014941396815297287,0.04477611940298507,True,0.03238866396761135
YFU,63,69,494,47,10,0.1194331983805668,0.2,0.11054655870445344,0.0143006469645865,0.3034825870646766,False,0.13360323886639677,180,0.5,0.10871457489878544,0.015796276587260984,0.06965174129353234,False,0.014170040485829968
YFU,63,70,494,47,10,0.1194331983805668,0.8,0.11003036437246964,0.014951244018533693,0.2736318407960199,False,0.15384615384615385,90,0.5,0.10919028340080972,0.01443800332385086,0.004975124378109453,True,0.03441295546558705
YFU,64,65,494,47,10,0.11538461538461539,0.8,0.10902834008097166,0.017359180753624477,0.373134328358209,False,0.12753036437246965,450,0.8,0.11064777327935223,0.0169903831204645,0.1791044776119403,False,0.012145748987854255
YFU,64,66,494,47,10,0.1194331983805668,0.8,0.11052631578947368,0.016200688435745625,0.31840796019900497,False,0.12550607287449392,75,0.8,0.11025303643724696,0.016204345443438063,0.20398009950248755,False,0.006072874493927113
YFU,64,67,494,47,10,0.13765182186234817,0.2,0.1095748987854251,0.01661770102608224,0.05472636815920398,False,0.13765182186234817,900,0.2,0.1095748987854251,0.01661770102608224,0.05472636815920398,False,0.0
YFU,64,68,494,47,10,0.10121457489878542,0.8,0.10884615384615386,0.01680671094918468,0.6716417910447762,False,0.12753036437246965,60,0.8,0.11049595141700404,0.01583856033196288,0.1791044776119403,False,0.026315789473684223
YFU,64,69,494,47,10,0.13562753036437247,0.8,0.1094331983805668,0.016058521528251546,0.07462686567164178,False,0.145748987854251,60,0.5,0.1114068825910931,0.01717233967176829,0.03482587064676617,True,0.010121457489878527
YFU,64,70,494,47,10,0.11538461538461539,0.2,0.11003036437246962,0.016883951372546294,0.3681592039800995,False,0.14777327935222673,75,0.2,0.11147773279352226,0.016642712929370425,0.01990049751243781,True,0.032388663967611336
YFU,65,66,494,47,10,0.11133603238866396,0.8,0.11013157894736843,0.015271740298529254,0.48756218905472637,False,0.12753036437246965,75,0.5,0.1106072874493927,0.0156722656497795,0.15920398009950248,False,0.016194331983805682
YFU,65,67,494,47,10,0.1214574898785425,0.5,0.10987854251012145,0.01736525311778572,0.3034825870646766,False,0.1396761133603239,150,0.5,0.10986842105263157,0.016684020929107323,0.03482587064676617,True,0.018218623481781396
YFU,65,68,494,47,10,0.10323886639676114,0.8,0.10910931174089068,0.016425375639236208,0.6666666666666666,False,0.13562753036437247,450,0.8,0.11089068825910932,0.015341778468390372,0.07462686567164178,False,0.032388663967611336
YFU,65,69,494,47,10,0.12348178137651822,0.8,0.10852226720647773,0.015745345010513927,0.18407960199004975,False,0.14979757085020243,60,0.2,0.11095141700404859,0.017484879734519725,0.01990049751243781,True,0.02631578947368421
YFU,65,70,494,47,10,0.12348178137651822,0.5,0.11044534412955465,0.017742369638166514,0.23383084577114427,False,0.13360323886639677,180,0.2,0.10928137651821862,0.017232310989948582,0.08955223880597014,False,0.010121457489878555
YFU,66,67,494,47,10,0.12348178137651822,0.8,0.10832995951417004,0.016624722396306732,0.20398009950248755,False,0.1396761133603239,75,0.8,0.11108299595141702,0.016395181836404208,0.07462686567164178,False,0.016194331983805682
YFU,66,68,494,47,10,0.1194331983805668,0.8,0.10954453441295545,0.017396077344782792,0.26865671641791045,False,0.13765182186234817,75,0.8,0.11010121457489878,0.017771534679115325,0.1044776119402985,False,0.018218623481781368
YFU,66,69,494,47,10,0.13360323886639677,0.5,0.10898785425101214,0.017345415189360554,0.1044776119402985,False,0.14777327935222673,450,0.2,0.10922064777327935,0.015878838272342613,0.014925373134328358,True,0.014170040485829954
YFU,66,70,494,47,10,0.11740890688259109,0.5,0.10918016194331984,0.015564202831345955,0.34328358208955223,False,0.1417004048582996,75,0.2,0.11246963562753037,0.018689661179562073,0.0845771144278607,False,0.02429149797570851
YFU,67,68,494,47,10,0.10323886639676114,0.5,0.11035425101214574,0.0171057792899668,0.6915422885572139,False,0.12348178137651822,60,0.8,0.11034412955465588,0.014503957880125384,0.1791044776119403,False,0.020242914979757082
YFU,67,69,494,47,10,0.13360323886639677,0.8,0.1113663967611336,0.01747202348401841,0.09950248756218906,False,0.1437246963562753,150,0.8,0.11022267206477732,0.01766340097632975,0.04477611940298507,True,0.010121457489878527
YFU,67,70,494,47,10,0.11133603238866396,0.2,0.1104251012145749,0.01803487770936564,0.5223880597014925,False,0.15789473684210525,180,0.8,0.1101417004048583,0.017390172638267577,0.004975124378109453,True,0.04655870445344129
YFU,68,69,494,47,10,0.09716599190283401,0.5,0.10829959514170039,0.015218931654737186,0.7761194029850746,False,0.15384615384615385,60,0.5,0.11017206477732795,0.01564912069173178,0.014925373134328358,True,0.056680161943319846
YFU,68,70,494,47,10,0.11538461538461539,0.2,0.11048582995951417,0.017193889370852877,0.40298507462686567,False,0.15384615384615385,180,0.2,0.11215587044534413,0.01581751069902984,0.009950248756218905,True,0.038461538461538464
YFU,69,70,494,47,10,0.11336032388663968,0.8,0.10899797570850205,0.01677284573770984,0.417910447761194,False,0.15789473684210525,90,0.8,0.11016194331983808,0.017615083022596057,0.004975124378109453,True,0.04453441295546558
