subject,neuron_1,neuron_2,n_presentations,min_class_count,n_splits,FR_accuracy,FR_best_gamma,FR_null_mean,FR_null_sd,FR_p,FR_coding,TC_accuracy,TC_best_bin_ms,TC_best_gamma,TC_null_mean,TC_null_sd,TC_p,TC_coding,TC_minus_FR
YFL,20,21,114,4,4,0.07894736842105263,0.2,0.09833333333333333,0.029279866123119953,0.7711442786069652,False,0.10526315789473684,75,0.8,0.10666666666666666,0.03187048902901825,0.572139303482587,False,0.02631578947368421
YFL,20,22,114,4,4,0.09649122807017543,0.2,0.10241228070175439,0.03115262568298886,0.6268656716417911,False,0.14912280701754385,300,0.8,0.10614035087719297,0.0315725796081629,0.1044776119402985,False,0.05263157894736842
YFL,20,23,114,4,4,0.07017543859649122,0.5,0.10517543859649121,0.03384228443928653,0.8805970149253731,False,0.12280701754385964,60,0.2,0.1169298245614035,0.034195999420356296,0.43283582089552236,False,0.05263157894736842
YFL,20,24,114,4,4,0.14035087719298245,0.2,0.10684210526315789,0.030269050631978486,0.1890547263681592,False,0.16666666666666666,300,0.8,0.10833333333333332,0.02977953984264217,0.03482587064676617,True,0.02631578947368421
YFL,20,25,114,4,4,0.09649122807017543,0.2,0.10412280701754385,0.03542016099819906,0.5970149253731343,False,0.15789473684210525,300,0.5,0.10635964912280702,0.03431821167254704,0.08955223880597014,False,0.06140350877192982
YFL,20,26,114,4,4,0.09649122807017543,0.5,0.10723684210526314,0.030696243885267926,0.6716417910447762,False,0.17543859649122806,75,0.2,0.11859649122807017,0.03452067594951828,0.06965174129353234,False,0.07894736842105263
YFL,20,27,114,4,4,0.09649122807017543,0.2,0.10464912280701753,0.03195615032726891,0.6268656716417911,False,0.15789473684210525,100,0.8,0.11328947368421051,0.0365533778168406,0.14925373134328357,False,0.06140350877192982
YFL,20,29,114,4,4,0.10526315789473684,0.2,0.10346491228070175,0.03367399595153354,0.48756218905472637,False,0.12280701754385964,100,0.2,0.11504385964912281,0.03575554080894888,0.4228855721393035,False,0.017543859649122806
YFL,20,30,114,4,4,0.13157894736842105,0.2,0.10592105263157894,0.03137524665297206,0.24875621890547264,False,0.19298245614035087,300,0.5,0.10732456140350877,0.0338992215307287,0.01990049751243781,True,0.06140350877192982
YFL,20,31,114,4,4,0.10526315789473684,0.8,0.10359649122807017,0.02946154395377949,0.5223880597014925,False,0.22807017543859648,100,0.5,0.11280701754385966,0.033934135562517134,0.004975124378109453,True,0.12280701754385964
YFL,20,32,114,4,4,0.07017543859649122,0.2,0.10530701754385965,0.03373365294748152,0.8905472636815921,False,0.15789473684210525,75,0.8,0.11912280701754384,0.03474842565758612,0.14925373134328357,False,0.08771929824561403
YFL,20,33,114,4,4,0.08771929824561403,0.2,0.10767543859649123,0.03389876527281549,0.7313432835820896,False,0.12280701754385964,100,0.2,0.1187280701754386,0.03808779627074598,0.48258706467661694,False,0.03508771929824561
YFL,20,34,114,4,4,0.11403508771929824,0.8,0.10561403508771929,0.03083954169363219,0.4228855721393035,False,0.18421052631578946,100,0.2,0.1175,0.034598295825379266,0.03980099502487562,True,0.07017543859649122
YFL,20,35,114,4,4,0.09649122807017543,0.8,0.10570175438596491,0.03298314547008969,0.6766169154228856,False,0.13157894736842105,100,0.5,0.11333333333333333,0.03508066578137904,0.3383084577114428,False,0.03508771929824561
YFL,20,36,114,4,4,0.12280701754385964,0.8,0.1013157894736842,0.03021778211618801,0.23880597014925373,False,0.15789473684210525,60,0.8,0.12013157894736842,0.03586373526585142,0.1691542288557214,False,0.03508771929824561
YFL,20,37,114,4,4,0.07017543859649122,0.8,0.10425438596491227,0.03106860711000762,0.8855721393034826,False,0.14035087719298245,60,0.5,0.11482456140350877,0.03385599233679226,0.23880597014925373,False,0.07017543859649122
YFL,20,38,114,4,4,0.11403508771929824,0.2,0.10824561403508773,0.032340193331642446,0.4577114427860697,False,0.14035087719298245,75,0.2,0.11675438596491229,0.035833453244894904,0.2885572139303483,False,0.02631578947368421
YFL,20,39,114,4,4,0.11403508771929824,0.2,0.10842105263157896,0.032514285845459345,0.46766169154228854,False,0.14035087719298245,300,0.5,0.11096491228070175,0.03442859268448276,0.22388059701492538,False,0.02631578947368421
YFL,20,40,114,4,4,0.14035087719298245,0.2,0.10258771929824562,0.035723299996304865,0.17412935323383086,False,0.14912280701754385,225,0.5,0.1107017543859649,0.03502771913081658,0.14925373134328357,False,0.008771929824561403
YFL,20,59,114,4,4,0.11403508771929824,0.2,0.1062719298245614,0.03038911484371935,0.44776119402985076,False,0.14035087719298245,100,0.2,0.11236842105263158,0.03324749872361897,0.23383084577114427,False,0.02631578947368421
YFL,20,60,114,4,4,0.09649122807017543,0.5,0.10280701754385965,0.03302309729146075,0.5671641791044776,False,0.11403508771929824,225,0.5,0.11236842105263156,0.03684430919970538,0.5174129353233831,False,0.017543859649122806
YFL,20,61,114,4,4,0.13157894736842105,0.2,0.10083333333333332,0.0324065720115774,0.17412935323383086,False,0.13157894736842105,150,0.2,0.10785087719298245,0.03373709147868217,0.26865671641791045,False,0.0
YFL,20,62,114,4,4,0.07017543859649122,0.8,0.10285087719298244,0.03256060279052989,0.8805970149253731,False,0.14035087719298245,60,0.8,0.11385964912280702,0.03468828449208268,0.22388059701492538,False,0.07017543859649122
YFL,20,63,114,4,4,0.09649122807017543,0.2,0.1062719298245614,0.029511211012443462,0.6616915422885572,False,0.14912280701754385,300,0.2,0.11232456140350877,0.03215142129195677,0.15422885572139303,False,0.05263157894736842
YFL,20,64,114,4,4,0.10526315789473684,0.5,0.10179824561403508,0.033160246755528436,0.4527363184079602,False,0.13157894736842105,60,0.8,0.11934210526315789,0.033692363200925,0.3880597014925373,False,0.02631578947368421
YFL,20,65,114,4,4,0.07894736842105263,0.8,0.1031140350877193,0.026535237991768313,0.8756218905472637,False,0.17543859649122806,300,0.2,0.10978070175438596,0.03220285331250342,0.03980099502487562,True,0.09649122807017543
YFL,20,66,114,4,4,0.08771929824561403,0.8,0.10521929824561405,0.03307384603899996,0.7313432835820896,False,0.12280701754385964,100,0.8,0.1151315789473684,0.03463225389700817,0.4129353233830846,False,0.03508771929824561
YFL,20,67,114,4,4,0.10526315789473684,0.2,0.10241228070175439,0.03378450747053692,0.5174129353233831,False,0.17543859649122806,300,0.8,0.10679824561403509,0.03063319633447529,0.024875621890547265,True,0.07017543859649122
YFL,20,68,114,4,4,0.10526315789473684,0.5,0.10298245614035087,0.03180733772436073,0.5174129353233831,False,0.14035087719298245,150,0.5,0.11201754385964911,0.03787229426763872,0.2835820895522388,False,0.03508771929824561
YFL,20,69,114,4,4,0.09649122807017543,0.2,0.1044736842105263,0.030592177347383093,0.6567164179104478,False,0.14912280701754385,150,0.8,0.10855263157894736,0.03354906248969826,0.12437810945273632,False,0.05263157894736842
YFL,20,70,114,4,4,0.07017543859649122,0.8,0.10561403508771929,0.032511907314095624,0.8756218905472637,False,0.13157894736842105,100,0.2,0.11828947368421051,0.03381928268005025,0.39303482587064675,False,0.06140350877192982
YFL,20,71,114,4,4,0.12280701754385964,0.5,0.10456140350877191,0.029513602099919406,0.31343283582089554,False,0.18421052631578946,150,0.5,0.10719298245614034,0.030918680502471544,0.024875621890547265,True,0.06140350877192982
YFL,20,72,114,4,4,0.18421052631578946,0.5,0.10478070175438596,0.03155049679829532,0.014925373134328358,True,0.21929824561403508,75,0.8,0.11754385964912281,0.03508771929824561,0.009950248756218905,True,0.03508771929824561
YFL,20,73,114,4,4,0.11403508771929824,0.2,0.10434210526315789,0.030884113526016645,0.38308457711442784,False,0.16666666666666666,60,0.2,0.11807017543859649,0.034942394987858,0.09950248756218906,False,0.05263157894736842
YFL,20,74,114,4,4,0.07017543859649122,0.5,0.1044298245614035,0.03308670366523217,0.8855721393034826,False,0.15789473684210525,75,0.8,0.11815789473684209,0.032891107384478126,0.13930348258706468,False,0.08771929824561403
YFL,20,75,114,4,4,0.07894736842105263,0.2,0.10298245614035087,0.03141592014773046,0.8258706467661692,False,0.15789473684210525,100,0.8,0.1137719298245614,0.03605419794180901,0.14925373134328357,False,0.07894736842105263
YFL,20,76,114,4,4,0.07894736842105263,0.2,0.10074561403508772,0.032142761089695986,0.7810945273631841,False,0.15789473684210525,180,0.8,0.10815789473684209,0.03416206044369404,0.09950248756218906,False,0.07894736842105263
YFL,20,77,114,4,4,0.09649122807017543,0.2,0.10381578947368421,0.03328687190136288,0.6268656716417911,False,0.11403508771929824,75,0.2,0.11491228070175438,0.033428549448498886,0.582089552238806,False,0.017543859649122806
YFL,20,78,114,4,4,0.11403508771929824,0.2,0.10390350877192983,0.03220429414799444,0.417910447761194,False,0.17543859649122806,60,0.2,0.11820175438596489,0.03769040449550232,0.0845771144278607,False,0.06140350877192982
YFL,20,79,114,4,4,0.08771929824561403,0.2,0.10271929824561404,0.03193291001578201,0.7064676616915423,False,0.14035087719298245,100,0.2,0.11552631578947369,0.03376358506997203,0.23880597014925373,False,0.05263157894736842
YFL,20,80,114,4,4,0.11403508771929824,0.8,0.1057456140350877,0.0320490335329697,0.4427860696517413,False,0.21929824561403508,75,0.5,0.11881578947368421,0.0355779634655095,0.009950248756218905,True,0.10526315789473684
YFL,20,81,114,4,4,0.10526315789473684,0.2,0.1075,0.03483330913980501,0.572139303482587,False,0.18421052631578946,90,0.8,0.11421052631578947,0.036215243598920234,0.03980099502487562,True,0.07894736842105263
YFL,20,82,114,4,4,0.13157894736842105,0.2,0.10464912280701753,0.0326148574228024,0.24378109452736318,False,0.14912280701754385,300,0.8,0.11096491228070177,0.034304829369053505,0.1691542288557214,False,0.017543859649122806
YFL,20,83,114,4,4,0.13157894736842105,0.2,0.10618421052631578,0.0342557350079763,0.26865671641791045,False,0.19298245614035087,300,0.5,0.10587719298245615,0.03306229913798342,0.009950248756218905,True,0.06140350877192982
YFL,20,84,114,4,4,0.10526315789473684,0.8,0.10241228070175439,0.031189839524159466,0.48258706467661694,False,0.16666666666666666,100,0.2,0.11741228070175438,0.03248617832238806,0.0945273631840796,False,0.06140350877192982
YFL,20,85,114,4,4,0.12280701754385964,0.2,0.10552631578947368,0.03347374575619904,0.3333333333333333,False,0.17543859649122806,60,0.8,0.11692982456140351,0.035044825231645094,0.06467661691542288,False,0.05263157894736842
YFL,20,86,114,4,4,0.12280701754385964,0.2,0.10583333333333332,0.03317400336472681,0.3383084577114428,False,0.14912280701754385,450,0.2,0.10802631578947366,0.03586783202557513,0.13930348258706468,False,0.02631578947368421
YFL,20,87,114,4,4,0.12280701754385964,0.8,0.10346491228070175,0.030970380596050336,0.31343283582089554,False,0.17543859649122806,100,0.2,0.11653508771929824,0.03454774382559391,0.08955223880597014,False,0.05263157894736842
YFL,20,88,114,4,4,0.12280701754385964,0.2,0.10614035087719298,0.0343639538264601,0.3383084577114428,False,0.16666666666666666,300,0.5,0.10881578947368421,0.02895461400722459,0.029850746268656716,True,0.043859649122807015
YFL,20,89,114,4,4,0.07894736842105263,0.8,0.10671052631578945,0.03313551714376377,0.8407960199004975,False,0.10526315789473684,300,0.2,0.10885964912280702,0.03290615159438414,0.5870646766169154,False,0.02631578947368421
YFL,20,90,114,4,4,0.10526315789473684,0.2,0.10359649122807017,0.030971535442687725,0.5124378109452736,False,0.15789473684210525,100,0.5,0.11517543859649121,0.031929519390372606,0.10945273631840796,False,0.05263157894736842
YFL,20,91,114,4,4,0.07894736842105263,0.5,0.10263157894736842,0.03181657535158579,0.8208955223880597,False,0.14035087719298245,100,0.5,0.12109649122807017,0.03656310841933717,0.31840796019900497,False,0.06140350877192982
YFL,20,92,114,4,4,0.07894736842105263,0.2,0.10592105263157894,0.029429338592912455,0.8756218905472637,False,0.13157894736842105,100,0.5,0.11285087719298247,0.033563350970143284,0.31343283582089554,False,0.05263157894736842
YFL,20,93,114,4,4,0.11403508771929824,0.2,0.10692982456140349,0.03089653706292755,0.4577114427860697,False,0.17543859649122806,100,0.5,0.11407894736842104,0.03084778434684456,0.03482587064676617,True,0.06140350877192982
YFL,20,94,114,4,4,0.11403508771929824,0.8,0.10828947368421052,0.03210207502444466,0.4527363184079602,False,0.16666666666666666,300,0.5,0.10894736842105264,0.03263678282212792,0.05472636815920398,False,0.05263157894736842
YFL,21,22,114,4,4,0.09649122807017543,0.2,0.09135964912280702,0.034389570966011904,0.4129353233830846,False,0.14912280701754385,225,0.5,0.09013157894736842,0.033853108427788,0.0845771144278607,False,0.05263157894736842
YFL,21,23,114,4,4,0.10526315789473684,0.2,0.10364035087719298,0.03111710704956262,0.5422885572139303,False,0.14035087719298245,225,0.5,0.11140350877192982,0.03132668350024354,0.19402985074626866,False,0.03508771929824561
YFL,21,24,114,4,4,0.14912280701754385,0.2,0.10087719298245613,0.029324863679274147,0.07960199004975124,False,0.15789473684210525,450,0.8,0.10144736842105262,0.032816578221367666,0.05970149253731343,False,0.008771929824561403
YFL,21,25,114,4,4,0.06140350877192982,0.2,0.10021929824561403,0.03636949016417367,0.8905472636815921,False,0.19298245614035087,60,0.8,0.11381578947368422,0.03571507284935031,0.024875621890547265,True,0.13157894736842105
YFL,21,26,114,4,4,0.09649122807017543,0.2,0.10552631578947366,0.03280871234262323,0.6368159203980099,False,0.17543859649122806,180,0.2,0.10951754385964911,0.03338198887743773,0.03980099502487562,True,0.07894736842105263
YFL,21,27,114,4,4,0.07017543859649122,0.2,0.10412280701754385,0.03230274862428392,0.8905472636815921,False,0.11403508771929824,100,0.5,0.11258771929824561,0.0360635003382254,0.5323383084577115,False,0.043859649122807015
YFL,21,29,114,4,4,0.10526315789473684,0.2,0.09087719298245613,0.02915347695529491,0.34328358208955223,False,0.10526315789473684,150,0.2,0.09631578947368419,0.03263204344350744,0.4079601990049751,False,0.0
YFL,21,30,114,4,4,0.11403508771929824,0.8,0.10385964912280703,0.02870437578977809,0.42786069651741293,False,0.14035087719298245,150,0.8,0.11140350877192981,0.033474785361949755,0.208955223880597,False,0.02631578947368421
YFL,21,31,114,4,4,0.08771929824561403,0.5,0.10390350877192983,0.03072973246929482,0.7512437810945274,False,0.17543859649122806,100,0.2,0.1118421052631579,0.03402187477275738,0.06467661691542288,False,0.08771929824561403
YFL,21,32,114,4,4,0.043859649122807015,0.2,0.10399122807017544,0.03248284544830002,0.9900497512437811,False,0.10526315789473684,75,0.5,0.11592105263157894,0.033646196435573296,0.6268656716417911,False,0.06140350877192982
YFL,21,33,114,4,4,0.07017543859649122,0.2,0.10140350877192983,0.03248573197515358,0.8606965174129353,False,0.13157894736842105,75,0.2,0.11162280701754383,0.0361508846878308,0.30845771144278605,False,0.06140350877192982
YFL,21,34,114,4,4,0.11403508771929824,0.2,0.10429824561403507,0.028013778971744657,0.4228855721393035,False,0.14912280701754385,60,0.5,0.11859649122807017,0.03619388346848398,0.21890547263681592,False,0.03508771929824561
YFL,21,35,114,4,4,0.10526315789473684,0.2,0.10280701754385964,0.033337741046851214,0.5174129353233831,False,0.15789473684210525,90,0.2,0.11092105263157893,0.03464297058305374,0.12935323383084577,False,0.05263157894736842
YFL,21,36,114,4,4,0.10526315789473684,0.2,0.10114035087719297,0.033462192408017524,0.48258706467661694,False,0.22807017543859648,60,0.5,0.11368421052631579,0.033101220931768156,0.004975124378109453,True,0.12280701754385964
YFL,21,37,114,4,4,0.11403508771929824,0.2,0.10328947368421051,0.02985329682797169,0.40298507462686567,False,0.14035087719298245,60,0.2,0.11394736842105262,0.03341686476450585,0.2537313432835821,False,0.02631578947368421
YFL,21,38,114,4,4,0.08771929824561403,0.2,0.10342105263157894,0.029751480490366564,0.746268656716418,False,0.16666666666666666,150,0.2,0.10925438596491227,0.03541456580788637,0.06965174129353234,False,0.07894736842105263
YFL,21,39,114,4,4,0.09649122807017543,0.2,0.10425438596491227,0.02919506044922224,0.6865671641791045,False,0.13157894736842105,60,0.2,0.11811403508771928,0.033588686541510475,0.39800995024875624,False,0.03508771929824561
YFL,21,40,114,4,4,0.08771929824561403,0.2,0.09828947368421051,0.027868577344203428,0.6517412935323383,False,0.13157894736842105,225,0.5,0.1075,0.034420140328722086,0.2885572139303483,False,0.043859649122807015
YFL,21,59,114,4,4,0.09649122807017543,0.8,0.10456140350877194,0.029276828607654036,0.6218905472636815,False,0.14035087719298245,100,0.2,0.11153508771929824,0.03416508803818545,0.22388059701492538,False,0.043859649122807015
YFL,21,60,114,4,4,0.10526315789473684,0.5,0.09982456140350876,0.03116035120924644,0.43283582089552236,False,0.10526315789473684,900,0.5,0.09982456140350876,0.03116035120924644,0.43283582089552236,False,0.0
YFL,21,61,114,4,4,0.07894736842105263,0.2,0.1000438596491228,0.029562527724855965,0.8059701492537313,False,0.13157894736842105,450,0.8,0.10210526315789473,0.028833404200608852,0.18407960199004975,False,0.05263157894736842
YFL,21,62,114,4,4,0.08771929824561403,0.5,0.10412280701754385,0.030870495093956028,0.7512437810945274,False,0.15789473684210525,60,0.8,0.11219298245614034,0.034133525624757056,0.11940298507462686,False,0.07017543859649122
YFL,21,63,114,4,4,0.06140350877192982,0.2,0.10855263157894736,0.03219636875485961,0.9601990049751243,False,0.09649122807017543,300,0.5,0.10916666666666666,0.032474511766591926,0.7064676616915423,False,0.03508771929824561
YFL,21,64,114,4,4,0.12280701754385964,0.5,0.10337719298245612,0.03209340150640716,0.31343283582089554,False,0.14035087719298245,100,0.2,0.11223684210526315,0.035886369404524006,0.25870646766169153,False,0.017543859649122806
YFL,21,65,114,4,4,0.08771929824561403,0.2,0.10513157894736842,0.03141884316140475,0.736318407960199,False,0.14912280701754385,300,0.2,0.11026315789473685,0.03143154741914404,0.11940298507462686,False,0.06140350877192982
YFL,21,66,114,4,4,0.07894736842105263,0.8,0.09864035087719297,0.030797604814523444,0.7860696517412935,False,0.13157894736842105,60,0.2,0.10864035087719298,0.03241468458580447,0.25870646766169153,False,0.05263157894736842
YFL,21,67,114,4,4,0.08771929824561403,0.2,0.10144736842105263,0.032496888816831625,0.7014925373134329,False,0.14035087719298245,150,0.8,0.11008771929824562,0.030674979823990867,0.1691542288557214,False,0.05263157894736842
YFL,21,68,114,4,4,0.09649122807017543,0.8,0.10096491228070174,0.031462041287503587,0.6119402985074627,False,0.11403508771929824,225,0.2,0.10464912280701753,0.03473896589726357,0.417910447761194,False,0.017543859649122806
YFL,21,69,114,4,4,0.07017543859649122,0.2,0.10504385964912281,0.03016254883603519,0.9104477611940298,False,0.14912280701754385,150,0.8,0.10907894736842104,0.03313318320875266,0.13432835820895522,False,0.07894736842105263
YFL,21,70,114,4,4,0.07894736842105263,0.2,0.10276315789473683,0.03431190151026378,0.7810945273631841,False,0.13157894736842105,60,0.2,0.11403508771929825,0.03830163151081305,0.30845771144278605,False,0.05263157894736842
YFL,21,71,114,4,4,0.10526315789473684,0.2,0.10596491228070175,0.03275504442026328,0.5373134328358209,False,0.18421052631578946,150,0.5,0.10684210526315789,0.031212425268174047,0.024875621890547265,True,0.07894736842105263
YFL,21,72,114,4,4,0.13157894736842105,0.5,0.10666666666666666,0.029788497676740012,0.25870646766169153,False,0.21052631578947367,75,0.8,0.1179824561403509,0.03498563568391179,0.009950248756218905,True,0.07894736842105263
YFL,21,73,114,4,4,0.06140350877192982,0.2,0.10557017543859647,0.031158086494394728,0.9651741293532339,False,0.17543859649122806,60,0.2,0.11596491228070174,0.034241763679239014,0.06467661691542288,False,0.11403508771929824
YFL,21,74,114,4,4,0.11403508771929824,0.2,0.10337719298245612,0.03158332445886304,0.39800995024875624,False,0.17543859649122806,150,0.2,0.10991228070175438,0.03368102834744021,0.06467661691542288,False,0.06140350877192982
YFL,21,75,114,4,4,0.08771929824561403,0.2,0.09925438596491226,0.03487302628197497,0.6666666666666666,False,0.15789473684210525,100,0.5,0.11359649122807017,0.037099077367267856,0.12437810945273632,False,0.07017543859649122
YFL,21,76,114,4,4,0.06140350877192982,0.8,0.10210526315789473,0.03130248175613994,0.9402985074626866,False,0.15789473684210525,180,0.8,0.1075877192982456,0.034188846755569935,0.09950248756218906,False,0.09649122807017543
YFL,21,77,114,4,4,0.07894736842105263,0.2,0.10706140350877191,0.03260047939820631,0.8258706467661692,False,0.12280701754385964,75,0.2,0.11394736842105263,0.032537467414185756,0.4527363184079602,False,0.043859649122807015
YFL,21,78,114,4,4,0.09649122807017543,0.2,0.10192982456140351,0.030873626299737292,0.6417910447761194,False,0.16666666666666666,150,0.2,0.11175438596491227,0.03147739998357416,0.06467661691542288,False,0.07017543859649122
YFL,21,79,114,4,4,0.043859649122807015,0.2,0.10135964912280702,0.03134762884060017,1.0,False,0.12280701754385964,60,0.2,0.11364035087719299,0.03359352116030148,0.4129353233830846,False,0.07894736842105263
YFL,21,80,114,4,4,0.07894736842105263,0.2,0.10728070175438596,0.03111254008941789,0.835820895522388,False,0.14912280701754385,60,0.2,0.1144736842105263,0.0362450199523417,0.19402985074626866,False,0.07017543859649122
YFL,21,81,114,4,4,0.13157894736842105,0.5,0.10614035087719298,0.031128568099624318,0.22885572139303484,False,0.19298245614035087,90,0.8,0.11421052631578948,0.03697599128205764,0.029850746268656716,True,0.06140350877192982
YFL,21,82,114,4,4,0.10526315789473684,0.2,0.09666666666666664,0.028885925082254182,0.3880597014925373,False,0.13157894736842105,90,0.8,0.10324561403508771,0.031764396159653666,0.23880597014925373,False,0.02631578947368421
YFL,21,83,114,4,4,0.14035087719298245,0.8,0.1037719298245614,0.031204371871449293,0.12935323383084577,False,0.20175438596491227,300,0.2,0.1056578947368421,0.032038173318993945,0.014925373134328358,True,0.06140350877192982
YFL,21,84,114,4,4,0.14035087719298245,0.2,0.10390350877192983,0.03020943156460014,0.13432835820895522,False,0.16666666666666666,225,0.8,0.11333333333333334,0.036389923739964095,0.0945273631840796,False,0.02631578947368421
YFL,21,85,114,4,4,0.05263157894736842,0.2,0.1062719298245614,0.03298815674558629,0.9800995024875622,False,0.17543859649122806,60,0.2,0.11561403508771928,0.03488613520804774,0.06965174129353234,False,0.12280701754385964
YFL,21,86,114,4,4,0.07894736842105263,0.2,0.10460526315789473,0.03137524665297207,0.8159203980099502,False,0.14035087719298245,60,0.2,0.11706140350877194,0.03693034336214091,0.2935323383084577,False,0.06140350877192982
YFL,21,87,114,4,4,0.08771929824561403,0.5,0.1037280701754386,0.030532049457427015,0.7213930348258707,False,0.17543859649122806,100,0.5,0.11271929824561404,0.03562089397778395,0.07462686567164178,False,0.08771929824561403
YFL,21,88,114,4,4,0.11403508771929824,0.2,0.10399122807017543,0.03145475864576608,0.42786069651741293,False,0.14912280701754385,300,0.5,0.10907894736842104,0.030253941205575296,0.12437810945273632,False,0.03508771929824561
YFL,21,89,114,4,4,0.08771929824561403,0.2,0.09785087719298245,0.0302733616642354,0.6716417910447762,False,0.12280701754385964,75,0.2,0.10671052631578945,0.034797547176589005,0.3482587064676617,False,0.03508771929824561
YFL,21,90,114,4,4,0.07894736842105263,0.2,0.10530701754385964,0.031554173233965165,0.835820895522388,False,0.10526315789473684,75,0.2,0.11557017543859649,0.03646504932942138,0.6716417910447762,False,0.02631578947368421
YFL,21,91,114,4,4,0.10526315789473684,0.8,0.10421052631578948,0.029646934373505417,0.5522388059701493,False,0.12280701754385964,100,0.5,0.11732456140350876,0.034559605577759396,0.4228855721393035,False,0.017543859649122806
YFL,21,92,114,4,4,0.08771929824561403,0.2,0.10236842105263158,0.03080529385525695,0.7114427860696517,False,0.13157894736842105,450,0.2,0.10482456140350876,0.030988509841374072,0.21890547263681592,False,0.043859649122807015
YFL,21,93,114,4,4,0.14035087719298245,0.2,0.10464912280701753,0.031035390746354977,0.1791044776119403,False,0.18421052631578946,225,0.5,0.1062719298245614,0.029811042618612317,0.014925373134328358,True,0.043859649122807015
YFL,21,94,114,4,4,0.12280701754385964,0.2,0.1094736842105263,0.03403562394660249,0.4228855721393035,False,0.16666666666666666,450,0.5,0.10736842105263157,0.03141592014773046,0.06467661691542288,False,0.043859649122807015
YFL,22,23,114,4,4,0.11403508771929824,0.2,0.10162280701754385,0.03044123800377673,0.373134328358209,False,0.14912280701754385,225,0.5,0.10956140350877192,0.033807990379068266,0.14427860696517414,False,0.03508771929824561
YFL,22,24,114,4,4,0.18421052631578946,0.2,0.10254385964912281,0.02768891099357684,0.014925373134328358,True,0.18421052631578946,900,0.2,0.10254385964912281,0.02768891099357684,0.014925373134328358,True,0.0
YFL,22,25,114,4,4,0.13157894736842105,0.8,0.10175438596491228,0.03476667015645755,0.22885572139303484,False,0.18421052631578946,60,0.2,0.11276315789473683,0.03593051877242762,0.03980099502487562,True,0.05263157894736842
YFL,22,26,114,4,4,0.14035087719298245,0.2,0.10530701754385964,0.033722188644595134,0.15920398009950248,False,0.16666666666666666,180,0.2,0.10921052631578945,0.03371361653201209,0.04975124378109453,True,0.02631578947368421
YFL,22,27,114,4,4,0.13157894736842105,0.5,0.10214912280701753,0.032512591159684794,0.20398009950248755,False,0.14912280701754385,150,0.2,0.10684210526315789,0.033575819611975845,0.14427860696517414,False,0.017543859649122806
YFL,22,29,114,4,4,0.14912280701754385,0.5,0.09671052631578947,0.03222037910077775,0.07960199004975124,False,0.15789473684210525,150,0.2,0.09758771929824561,0.03333516028531327,0.07462686567164178,False,0.008771929824561403
YFL,22,30,114,4,4,0.11403508771929824,0.8,0.1050877192982456,0.029704265488723916,0.43781094527363185,False,0.17543859649122806,450,0.2,0.1037280701754386,0.034559605577759396,0.04975124378109453,True,0.06140350877192982
YFL,22,31,114,4,4,0.12280701754385964,0.2,0.10442982456140351,0.029816489772816923,0.31840796019900497,False,0.18421052631578946,100,0.5,0.1100438596491228,0.03436167519798313,0.029850746268656716,True,0.06140350877192982
YFL,22,32,114,4,4,0.07894736842105263,0.8,0.10263157894736842,0.031694812274384275,0.8159203980099502,False,0.15789473684210525,150,0.2,0.11035087719298246,0.036155403433126204,0.12935323383084577,False,0.07894736842105263
YFL,22,33,114,4,4,0.10526315789473684,0.2,0.10140350877192983,0.03137158006238279,0.4975124378109453,False,0.14035087719298245,225,0.2,0.1074561403508772,0.03407865364198714,0.19402985074626866,False,0.03508771929824561
YFL,22,34,114,4,4,0.12280701754385964,0.2,0.10324561403508771,0.029491977001944877,0.2935323383084577,False,0.14912280701754385,60,0.8,0.11557017543859649,0.03473815891612249,0.18407960199004975,False,0.02631578947368421
YFL,22,35,114,4,4,0.10526315789473684,0.2,0.1019298245614035,0.029200125940910558,0.5024875621890548,False,0.17543859649122806,450,0.2,0.1056578947368421,0.030970380596050336,0.03482587064676617,True,0.07017543859649122
YFL,22,36,114,4,4,0.15789473684210525,0.2,0.09903508771929824,0.029699448725031777,0.05472636815920398,False,0.19298245614035087,60,0.2,0.11460526315789472,0.03460030742892844,0.029850746268656716,True,0.03508771929824561
YFL,22,37,114,4,4,0.08771929824561403,0.5,0.10350877192982455,0.030589775765046727,0.7213930348258707,False,0.12280701754385964,60,0.2,0.11469298245614035,0.035361463023349325,0.42786069651741293,False,0.03508771929824561
YFL,22,38,114,4,4,0.10526315789473684,0.2,0.10346491228070175,0.029037292303933326,0.5422885572139303,False,0.16666666666666666,150,0.2,0.10885964912280702,0.034411067883500075,0.05970149253731343,False,0.06140350877192982
YFL,22,39,114,4,4,0.12280701754385964,0.2,0.10469298245614037,0.02911415834292636,0.3383084577114428,False,0.14912280701754385,450,0.5,0.10706140350877191,0.03056824790335957,0.11940298507462686,False,0.02631578947368421
YFL,22,40,114,4,4,0.15789473684210525,0.8,0.0982017543859649,0.02929448801078008,0.03980099502487562,True,0.21929824561403508,225,0.2,0.10710526315789475,0.03278135857828704,0.009950248756218905,True,0.06140350877192982
YFL,22,59,114,4,4,0.08771929824561403,0.8,0.10412280701754385,0.02828192525008457,0.7512437810945274,False,0.13157894736842105,180,0.2,0.1056578947368421,0.0330715077517125,0.26865671641791045,False,0.043859649122807015
YFL,22,60,114,4,4,0.08771929824561403,0.2,0.1012280701754386,0.029949022319777713,0.7313432835820896,False,0.13157894736842105,225,0.5,0.10657894736842105,0.03395361479807974,0.2736318407960199,False,0.043859649122807015
YFL,22,61,114,4,4,0.11403508771929824,0.8,0.09701754385964911,0.029778111533097104,0.31343283582089554,False,0.15789473684210525,450,0.5,0.10223684210526315,0.02850373618712467,0.04975124378109453,True,0.043859649122807015
YFL,22,62,114,4,4,0.07894736842105263,0.2,0.1037719298245614,0.03240791430559813,0.7761194029850746,False,0.13157894736842105,60,0.8,0.11271929824561402,0.033793805335650386,0.32338308457711445,False,0.05263157894736842
YFL,22,63,114,4,4,0.08771929824561403,0.5,0.10714912280701754,0.02876408976468639,0.8009950248756219,False,0.10526315789473684,90,0.5,0.11315789473684211,0.03136369081793203,0.6417910447761194,False,0.017543859649122806
YFL,22,64,114,4,4,0.10526315789473684,0.2,0.1037280701754386,0.03193106338051729,0.5024875621890548,False,0.14035087719298245,450,0.2,0.10780701754385966,0.035640861699789826,0.23383084577114427,False,0.03508771929824561
YFL,22,65,114,4,4,0.08771929824561403,0.2,0.10364035087719298,0.030527489968206704,0.7313432835820896,False,0.14912280701754385,180,0.2,0.10767543859649123,0.03253684351137534,0.14925373134328357,False,0.06140350877192982
YFL,22,66,114,4,4,0.13157894736842105,0.2,0.09837719298245613,0.029415408135275815,0.17412935323383086,False,0.14035087719298245,450,0.2,0.10105263157894737,0.03109078345694375,0.14925373134328357,False,0.008771929824561403
YFL,22,67,114,4,4,0.11403508771929824,0.2,0.0962719298245614,0.0316635351188449,0.31343283582089554,False,0.14912280701754385,180,0.2,0.1081578947368421,0.030830387573101754,0.13930348258706468,False,0.03508771929824561
YFL,22,68,114,4,4,0.07894736842105263,0.2,0.10171052631578945,0.03651442947612154,0.7512437810945274,False,0.18421052631578946,225,0.2,0.10513157894736841,0.033015104938954015,0.03980099502487562,True,0.10526315789473684
YFL,22,69,114,4,4,0.11403508771929824,0.2,0.1044298245614035,0.03351631430827665,0.4228855721393035,False,0.14912280701754385,150,0.8,0.10811403508771927,0.03353176990017791,0.12437810945273632,False,0.03508771929824561
YFL,22,70,114,4,4,0.10526315789473684,0.2,0.10438596491228068,0.03325459224285753,0.4925373134328358,False,0.14912280701754385,225,0.2,0.1082017543859649,0.034163956258563145,0.14427860696517414,False,0.043859649122807015
YFL,22,71,114,4,4,0.11403508771929824,0.8,0.10447368421052632,0.03136603314448183,0.39800995024875624,False,0.19298245614035087,180,0.2,0.10421052631578949,0.03021535077611235,0.009950248756218905,True,0.07894736842105263
YFL,22,72,114,4,4,0.14912280701754385,0.2,0.10315789473684209,0.031366649517133735,0.11940298507462686,False,0.21929824561403508,75,0.8,0.11820175438596489,0.034598742858497546,0.004975124378109453,True,0.07017543859649122
YFL,22,73,114,4,4,0.09649122807017543,0.8,0.10346491228070175,0.02944720198130142,0.6318407960199005,False,0.16666666666666666,60,0.2,0.11635964912280702,0.03376779348870077,0.0845771144278607,False,0.07017543859649122
YFL,22,74,114,4,4,0.09649122807017543,0.2,0.10109649122807017,0.030903388211570983,0.582089552238806,False,0.17543859649122806,150,0.5,0.10991228070175438,0.03242938345386841,0.04975124378109453,True,0.07894736842105263
YFL,22,75,114,4,4,0.07017543859649122,0.5,0.09745614035087719,0.03333344933326141,0.835820895522388,False,0.13157894736842105,100,0.8,0.11206140350877192,0.033652631423603224,0.31343283582089554,False,0.06140350877192982
YFL,22,76,114,4,4,0.08771929824561403,0.8,0.10206140350877192,0.03252781043495139,0.7014925373134329,False,0.15789473684210525,180,0.5,0.10583333333333332,0.033705902634678354,0.0845771144278607,False,0.07017543859649122
YFL,22,77,114,4,4,0.07017543859649122,0.2,0.10548245614035087,0.03165132101544668,0.9104477611940298,False,0.13157894736842105,450,0.5,0.10552631578947368,0.034464064332349685,0.21393034825870647,False,0.06140350877192982
YFL,22,78,114,4,4,0.09649122807017543,0.5,0.10092105263157894,0.03188937972059732,0.5970149253731343,False,0.15789473684210525,100,0.2,0.1100438596491228,0.0327955983522803,0.07960199004975124,False,0.06140350877192982
YFL,22,79,114,4,4,0.07894736842105263,0.2,0.10166666666666666,0.032301312180463206,0.7960199004975125,False,0.11403508771929824,90,0.2,0.11166666666666666,0.03318137479255597,0.5223880597014925,False,0.03508771929824561
YFL,22,80,114,4,4,0.10526315789473684,0.2,0.10517543859649121,0.03247799431510298,0.5373134328358209,False,0.15789473684210525,60,0.8,0.11565789473684208,0.03491181220964409,0.14925373134328357,False,0.05263157894736842
YFL,22,81,114,4,4,0.11403508771929824,0.5,0.10495614035087719,0.03129429708727018,0.40298507462686567,False,0.15789473684210525,90,0.5,0.11350877192982456,0.035890059570879436,0.12935323383084577,False,0.043859649122807015
YFL,22,82,114,4,4,0.13157894736842105,0.5,0.09951754385964912,0.03096163981969598,0.19402985074626866,False,0.14035087719298245,90,0.2,0.10289473684210527,0.031187019030558875,0.15920398009950248,False,0.008771929824561403
YFL,22,83,114,4,4,0.17543859649122806,0.8,0.10390350877192983,0.02933933135045732,0.014925373134328358,True,0.18421052631578946,300,0.2,0.10315789473684209,0.03261165626698332,0.014925373134328358,True,0.008771929824561403
YFL,22,84,114,4,4,0.14035087719298245,0.2,0.10192982456140351,0.03274559920987622,0.13930348258706468,False,0.17543859649122806,225,0.5,0.11241228070175438,0.034263409757237115,0.05472636815920398,False,0.03508771929824561
YFL,22,85,114,4,4,0.09649122807017543,0.2,0.10614035087719298,0.03311476853074937,0.6368159203980099,False,0.18421052631578946,75,0.2,0.11280701754385966,0.033138580184009434,0.01990049751243781,True,0.08771929824561403
YFL,22,86,114,4,4,0.08771929824561403,0.2,0.10456140350877191,0.0320509940127421,0.736318407960199,False,0.14035087719298245,450,0.2,0.10675438596491228,0.030893032691935655,0.16417910447761194,False,0.05263157894736842
YFL,22,87,114,4,4,0.09649122807017543,0.8,0.10070175438596492,0.029534556770527562,0.5771144278606966,False,0.17543859649122806,90,0.2,0.1132017543859649,0.034348169112375225,0.05472636815920398,False,0.07894736842105263
YFL,22,88,114,4,4,0.14035087719298245,0.2,0.10017543859649124,0.02856826877411659,0.11442786069651742,False,0.14035087719298245,300,0.8,0.10745614035087718,0.03152048719112771,0.14427860696517414,False,0.0
YFL,22,89,114,4,4,0.11403508771929824,0.2,0.09982456140350876,0.02939808442666039,0.35323383084577115,False,0.13157894736842105,225,0.8,0.10451754385964912,0.03427130843915882,0.24378109452736318,False,0.017543859649122806
YFL,22,90,114,4,4,0.10526315789473684,0.2,0.10280701754385965,0.0312173801719673,0.4925373134328358,False,0.13157894736842105,450,0.2,0.10508771929824562,0.032106441013017635,0.23880597014925373,False,0.02631578947368421
YFL,22,91,114,4,4,0.05263157894736842,0.5,0.10267543859649124,0.028883749774746836,0.9751243781094527,False,0.14035087719298245,100,0.5,0.11820175438596489,0.03505395426434239,0.31840796019900497,False,0.08771929824561403
YFL,22,92,114,4,4,0.07894736842105263,0.2,0.10298245614035086,0.03169774006638852,0.8208955223880597,False,0.14912280701754385,450,0.2,0.10530701754385964,0.033388011549014114,0.1044776119402985,False,0.07017543859649122
YFL,22,93,114,4,4,0.16666666666666666,0.2,0.1044736842105263,0.029432655960712276,0.029850746268656716,True,0.18421052631578946,225,0.2,0.10592105263157894,0.031399884887269414,0.029850746268656716,True,0.017543859649122806
YFL,22,94,114,4,4,0.11403508771929824,0.2,0.10618421052631578,0.0337439674899181,0.4427860696517413,False,0.17543859649122806,450,0.5,0.1068859649122807,0.03143852796045162,0.01990049751243781,True,0.06140350877192982
YFL,23,24,114,4,4,0.10526315789473684,0.2,0.10491228070175439,0.028937816167629783,0.5174129353233831,False,0.16666666666666666,75,0.2,0.11728070175438596,0.034958657994275194,0.10945273631840796,False,0.06140350877192982
YFL,23,25,114,4,4,0.11403508771929824,0.2,0.10473684210526316,0.03368940789783463,0.4228855721393035,False,0.14035087719298245,75,0.2,0.11565789473684208,0.03540670375419742,0.29850746268656714,False,0.02631578947368421
YFL,23,26,114,4,4,0.09649122807017543,0.2,0.10846491228070175,0.0330350090399449,0.6865671641791045,False,0.14035087719298245,75,0.5,0.11828947368421051,0.03604419585850323,0.32338308457711445,False,0.043859649122807015
YFL,23,27,114,4,4,0.12280701754385964,0.2,0.10464912280701755,0.032436536678839716,0.27860696517412936,False,0.15789473684210525,450,0.8,0.10701754385964911,0.03681921850972352,0.12437810945273632,False,0.03508771929824561
YFL,23,29,114,4,4,0.10526315789473684,0.5,0.10280701754385964,0.0308435536022863,0.4925373134328358,False,0.13157894736842105,75,0.5,0.11600877192982456,0.03498218171112357,0.3383084577114428,False,0.02631578947368421
YFL,23,30,114,4,4,0.08771929824561403,0.2,0.10837719298245613,0.03217786857968875,0.7761194029850746,False,0.14912280701754385,225,0.2,0.11460526315789472,0.03747579004682473,0.21393034825870647,False,0.06140350877192982
YFL,23,31,114,4,4,0.13157894736842105,0.8,0.10710526315789473,0.031185531194906805,0.2736318407960199,False,0.19298245614035087,450,0.5,0.1081140350877193,0.030079107034446155,0.01990049751243781,True,0.06140350877192982
YFL,23,32,114,4,4,0.09649122807017543,0.5,0.10271929824561404,0.030672962910849224,0.6019900497512438,False,0.13157894736842105,450,0.8,0.10482456140350876,0.03258211967197957,0.24875621890547264,False,0.03508771929824561
YFL,23,33,114,4,4,0.11403508771929824,0.2,0.10486842105263157,0.034445968253305,0.40298507462686567,False,0.14035087719298245,75,0.2,0.11499999999999998,0.035074382548679624,0.31343283582089554,False,0.02631578947368421
YFL,23,34,114,4,4,0.10526315789473684,0.2,0.10684210526315789,0.0318136584959238,0.5920398009950248,False,0.16666666666666666,100,0.5,0.1212719298245614,0.035070496301960276,0.14427860696517414,False,0.06140350877192982
YFL,23,35,114,4,4,0.13157894736842105,0.5,0.1062719298245614,0.03093140267692159,0.21890547263681592,False,0.14912280701754385,300,0.2,0.11232456140350877,0.03285331960185274,0.16417910447761194,False,0.017543859649122806
YFL,23,36,114,4,4,0.14912280701754385,0.2,0.1025,0.03407669634664011,0.1044776119402985,False,0.17543859649122806,75,0.2,0.11859649122807017,0.03342808676641181,0.06965174129353234,False,0.02631578947368421
YFL,23,37,114,4,4,0.13157894736842105,0.2,0.10337719298245612,0.0336347023233701,0.208955223880597,False,0.13157894736842105,900,0.2,0.10337719298245612,0.0336347023233701,0.208955223880597,False,0.0
YFL,23,38,114,4,4,0.08771929824561403,0.5,0.10394736842105262,0.03332138317785832,0.7213930348258707,False,0.12280701754385964,450,0.8,0.10543859649122807,0.03169432428275575,0.3383084577114428,False,0.03508771929824561
YFL,23,39,114,4,4,0.12280701754385964,0.2,0.10495614035087719,0.03089638062627017,0.3383084577114428,False,0.15789473684210525,225,0.2,0.10960526315789472,0.03226307330599396,0.10945273631840796,False,0.03508771929824561
YFL,23,40,114,4,4,0.10526315789473684,0.2,0.10021929824561404,0.03232820497944549,0.472636815920398,False,0.13157894736842105,225,0.5,0.11048245614035085,0.036099079298334134,0.30845771144278605,False,0.02631578947368421
YFL,23,59,114,4,4,0.11403508771929824,0.5,0.10684210526315789,0.030421956487952727,0.417910447761194,False,0.14912280701754385,100,0.2,0.11557017543859648,0.032625851593172786,0.19402985074626866,False,0.03508771929824561
YFL,23,60,114,4,4,0.13157894736842105,0.2,0.10609649122807017,0.03183598386239674,0.2736318407960199,False,0.13157894736842105,225,0.2,0.11416666666666667,0.033870693599197976,0.31343283582089554,False,0.0
YFL,23,61,114,4,4,0.10526315789473684,0.5,0.1018421052631579,0.03034598212917267,0.4527363184079602,False,0.15789473684210525,75,0.2,0.11539473684210524,0.03511082616566948,0.13432835820895522,False,0.05263157894736842
YFL,23,62,114,4,4,0.09649122807017543,0.5,0.10407894736842106,0.030050040677158347,0.6567164179104478,False,0.15789473684210525,225,0.2,0.10973684210526315,0.03516466481578854,0.09950248756218906,False,0.06140350877192982
YFL,23,63,114,4,4,0.11403508771929824,0.2,0.11083333333333333,0.03162369976350111,0.5024875621890548,False,0.12280701754385964,300,0.8,0.11166666666666666,0.032498465341534916,0.40298507462686567,False,0.008771929824561403
YFL,23,64,114,4,4,0.10526315789473684,0.2,0.10767543859649123,0.032094124389106256,0.5522388059701493,False,0.10526315789473684,100,0.2,0.11798245614035087,0.03572927972645406,0.6716417910447762,False,0.0
YFL,23,65,114,4,4,0.07894736842105263,0.5,0.10583333333333332,0.03130294497528874,0.8805970149253731,False,0.14912280701754385,180,0.8,0.1107017543859649,0.03289874788205359,0.13930348258706468,False,0.07017543859649122
YFL,23,66,114,4,4,0.11403508771929824,0.2,0.10403508771929823,0.029796284908639628,0.4228855721393035,False,0.12280701754385964,150,0.2,0.11425438596491228,0.03486038383431721,0.43283582089552236,False,0.008771929824561403
YFL,23,67,114,4,4,0.11403508771929824,0.5,0.10096491228070174,0.032034461902013575,0.3283582089552239,False,0.13157894736842105,150,0.8,0.11390350877192983,0.03732484642060111,0.3283582089552239,False,0.017543859649122806
YFL,23,68,114,4,4,0.08771929824561403,0.2,0.10438596491228068,0.033497879387023005,0.7213930348258707,False,0.14035087719298245,75,0.8,0.11491228070175438,0.03702865830213295,0.263681592039801,False,0.05263157894736842
YFL,23,69,114,4,4,0.13157894736842105,0.2,0.10666666666666666,0.03075919363372007,0.2537313432835821,False,0.13157894736842105,150,0.8,0.11096491228070175,0.032272090622286,0.26865671641791045,False,0.0
YFL,23,70,114,4,4,0.08771929824561403,0.5,0.10635964912280702,0.03446437286524772,0.7313432835820896,False,0.13157894736842105,100,0.2,0.11342105263157894,0.03329537968365659,0.3482587064676617,False,0.043859649122807015
YFL,23,71,114,4,4,0.12280701754385964,0.5,0.10302631578947369,0.03137598608150512,0.27860696517412936,False,0.17543859649122806,180,0.2,0.10649122807017543,0.03129012671585091,0.029850746268656716,True,0.05263157894736842
YFL,23,72,114,4,4,0.16666666666666666,0.8,0.1062719298245614,0.030755893626577085,0.03980099502487562,True,0.19298245614035087,60,0.2,0.11986842105263157,0.03155147722302715,0.014925373134328358,True,0.02631578947368421
YFL,23,73,114,4,4,0.09649122807017543,0.8,0.10394736842105262,0.030038103755544644,0.6368159203980099,False,0.17543859649122806,75,0.5,0.11837719298245614,0.034375175977019376,0.06467661691542288,False,0.07894736842105263
YFL,23,74,114,4,4,0.09649122807017543,0.2,0.10394736842105262,0.03325168524584662,0.6119402985074627,False,0.15789473684210525,180,0.2,0.1144298245614035,0.035354464120730816,0.1044776119402985,False,0.06140350877192982
YFL,23,75,114,4,4,0.09649122807017543,0.2,0.10276315789473685,0.03129429708727018,0.582089552238806,False,0.14912280701754385,100,0.8,0.11850877192982455,0.036944920201813725,0.25870646766169153,False,0.05263157894736842
YFL,23,76,114,4,4,0.05263157894736842,0.2,0.10166666666666666,0.03099399956825036,0.9701492537313433,False,0.15789473684210525,180,0.5,0.10964912280701754,0.031974174136265285,0.08955223880597014,False,0.10526315789473684
YFL,23,77,114,4,4,0.14035087719298245,0.2,0.1044736842105263,0.032181383229828144,0.16417910447761194,False,0.14912280701754385,75,0.5,0.11754385964912281,0.03428509855886093,0.22885572139303484,False,0.008771929824561403
YFL,23,78,114,4,4,0.11403508771929824,0.2,0.10271929824561404,0.03221020690190901,0.39800995024875624,False,0.16666666666666666,60,0.2,0.11921052631578948,0.03635622478184568,0.10945273631840796,False,0.05263157894736842
YFL,23,79,114,4,4,0.07894736842105263,0.8,0.10245614035087719,0.03325180153060655,0.8308457711442786,False,0.13157894736842105,60,0.2,0.11837719298245614,0.03786501911365554,0.39303482587064675,False,0.05263157894736842
YFL,23,80,114,4,4,0.10526315789473684,0.2,0.1075,0.03427379050609724,0.5323383084577115,False,0.15789473684210525,100,0.2,0.11864035087719298,0.0344194662973869,0.16417910447761194,False,0.05263157894736842
YFL,23,81,114,4,4,0.13157894736842105,0.8,0.10657894736842105,0.03390803180750114,0.2537313432835821,False,0.17543859649122806,90,0.8,0.11517543859649121,0.034468551811529954,0.04975124378109453,True,0.043859649122807015
YFL,23,82,114,4,4,0.09649122807017543,0.5,0.10535087719298245,0.031462041287503587,0.6567164179104478,False,0.13157894736842105,75,0.8,0.11692982456140351,0.03282285189651197,0.38308457711442784,False,0.03508771929824561
YFL,23,83,114,4,4,0.17543859649122806,0.5,0.10679824561403507,0.03398420653064374,0.03482587064676617,True,0.17543859649122806,900,0.5,0.10679824561403507,0.03398420653064374,0.03482587064676617,True,0.0
YFL,23,84,114,4,4,0.10526315789473684,0.2,0.10350877192982455,0.030816463083005775,0.4975124378109453,False,0.15789473684210525,150,0.5,0.11350877192982453,0.03423589119741341,0.14427860696517414,False,0.05263157894736842
YFL,23,85,114,4,4,0.15789473684210525,0.2,0.10780701754385964,0.03294607941820665,0.07960199004975124,False,0.16666666666666666,60,0.5,0.118859649122807,0.03700515550173135,0.12935323383084577,False,0.008771929824561403
YFL,23,86,114,4,4,0.13157894736842105,0.5,0.10337719298245612,0.031201490728654614,0.22388059701492538,False,0.15789473684210525,180,0.2,0.11385964912280701,0.03313764671602474,0.13432835820895522,False,0.02631578947368421
YFL,23,87,114,4,4,0.14035087719298245,0.8,0.10644736842105262,0.031617585607258594,0.19402985074626866,False,0.20175438596491227,180,0.2,0.11320175438596491,0.0341562591625807,0.01990049751243781,True,0.06140350877192982
YFL,23,88,114,4,4,0.18421052631578946,0.8,0.1012719298245614,0.03153333443104279,0.01990049751243781,True,0.18421052631578946,900,0.8,0.1012719298245614,0.03153333443104279,0.01990049751243781,True,0.0
YFL,23,89,114,4,4,0.08771929824561403,0.2,0.10916666666666666,0.031199259983762686,0.7860696517412935,False,0.11403508771929824,450,0.2,0.10938596491228068,0.03489887912359902,0.48756218905472637,False,0.02631578947368421
YFL,23,90,114,4,4,0.12280701754385964,0.5,0.10394736842105264,0.029544897658463718,0.3283582089552239,False,0.13157894736842105,450,0.8,0.10438596491228071,0.03249001665547933,0.24378109452736318,False,0.008771929824561403
YFL,23,91,114,4,4,0.07017543859649122,0.2,0.10438596491228071,0.03064029566035078,0.9154228855721394,False,0.16666666666666666,100,0.5,0.11864035087719298,0.03728815572343776,0.12437810945273632,False,0.09649122807017543
YFL,23,92,114,4,4,0.10526315789473684,0.5,0.1062280701754386,0.03137342881708044,0.5621890547263682,False,0.13157894736842105,60,0.8,0.1175,0.0334966962053289,0.3681592039800995,False,0.02631578947368421
YFL,23,93,114,4,4,0.15789473684210525,0.2,0.10618421052631578,0.03173623367778778,0.0845771144278607,False,0.16666666666666666,225,0.2,0.11210526315789472,0.031879223195874606,0.05970149253731343,False,0.008771929824561403
YFL,23,94,114,4,4,0.07894736842105263,0.8,0.10921052631578945,0.034763889601396,0.8208955223880597,False,0.14035087719298245,60,0.2,0.11535087719298247,0.035653444298902284,0.2736318407960199,False,0.06140350877192982
YFL,24,25,114,4,4,0.18421052631578946,0.2,0.10526315789473685,0.03430764712990011,0.029850746268656716,True,0.18421052631578946,150,0.8,0.11271929824561402,0.033494993504666844,0.01990049751243781,True,0.0
YFL,24,26,114,4,4,0.15789473684210525,0.2,0.10587719298245613,0.03433592463339828,0.0945273631840796,False,0.16666666666666666,90,0.8,0.11719298245614035,0.03192624951769819,0.08955223880597014,False,0.008771929824561403
YFL,24,27,114,4,4,0.10526315789473684,0.2,0.10276315789473682,0.033479145578836154,0.5024875621890548,False,0.16666666666666666,100,0.2,0.11241228070175438,0.0321198965672414,0.06467661691542288,False,0.06140350877192982
YFL,24,29,114,4,4,0.14035087719298245,0.2,0.1025,0.030394203964975802,0.14427860696517414,False,0.14912280701754385,150,0.2,0.11166666666666666,0.03665829471970712,0.17412935323383086,False,0.008771929824561403
YFL,24,30,114,4,4,0.14035087719298245,0.5,0.10526315789473681,0.030028447788376683,0.14427860696517414,False,0.19298245614035087,450,0.2,0.10614035087719298,0.03280977302053384,0.009950248756218905,True,0.05263157894736842
YFL,24,31,114,4,4,0.12280701754385964,0.8,0.10504385964912281,0.029012513554207187,0.35323383084577115,False,0.18421052631578946,300,0.5,0.1107456140350877,0.03300292239427745,0.024875621890547265,True,0.06140350877192982
YFL,24,32,114,4,4,0.14035087719298245,0.2,0.10039473684210526,0.029882554555957584,0.11940298507462686,False,0.20175438596491227,450,0.5,0.10144736842105263,0.03193275865625358,0.004975124378109453,True,0.06140350877192982
YFL,24,33,114,4,4,0.13157894736842105,0.2,0.10043859649122805,0.03365622184188565,0.20398009950248755,False,0.13157894736842105,450,0.5,0.10456140350877191,0.03385793384013333,0.26865671641791045,False,0.0
YFL,24,34,114,4,4,0.14912280701754385,0.2,0.10456140350877191,0.030958673638452443,0.12437810945273632,False,0.14912280701754385,900,0.2,0.10456140350877191,0.030958673638452443,0.12437810945273632,False,0.0
YFL,24,35,114,4,4,0.10526315789473684,0.8,0.10166666666666668,0.030108049011418343,0.48756218905472637,False,0.16666666666666666,90,0.2,0.11671052631578947,0.033901730839491113,0.10945273631840796,False,0.06140350877192982
YFL,24,36,114,4,4,0.16666666666666666,0.2,0.10223684210526315,0.031321715025029284,0.03980099502487562,True,0.20175438596491227,60,0.5,0.11635964912280702,0.03289777822491163,0.01990049751243781,True,0.03508771929824561
YFL,24,37,114,4,4,0.12280701754385964,0.2,0.1025,0.033330984247929414,0.3482587064676617,False,0.17543859649122806,60,0.5,0.11657894736842105,0.03406548937530681,0.07462686567164178,False,0.05263157894736842
YFL,24,38,114,4,4,0.11403508771929824,0.2,0.10688596491228068,0.03316234559019368,0.4577114427860697,False,0.17543859649122806,90,0.8,0.12070175438596492,0.037477466649189356,0.11442786069651742,False,0.06140350877192982
YFL,24,39,114,4,4,0.16666666666666666,0.2,0.10473684210526316,0.03184864313263174,0.04477611940298507,True,0.18421052631578946,450,0.2,0.10425438596491227,0.034646095658734444,0.01990049751243781,True,0.017543859649122806
YFL,24,40,114,4,4,0.14912280701754385,0.2,0.09951754385964912,0.03442687991626022,0.11940298507462686,False,0.18421052631578946,90,0.8,0.11850877192982455,0.03742326150796982,0.06965174129353234,False,0.03508771929824561
YFL,24,59,114,4,4,0.10526315789473684,0.2,0.10425438596491228,0.02974611892350634,0.5223880597014925,False,0.14912280701754385,300,0.2,0.10495614035087719,0.03061981357577271,0.12935323383084577,False,0.043859649122807015
YFL,24,60,114,4,4,0.15789473684210525,0.2,0.10241228070175439,0.02925803522834722,0.04477611940298507,True,0.16666666666666666,90,0.8,0.11508771929824561,0.03397422100295187,0.1044776119402985,False,0.008771929824561403
YFL,24,61,114,4,4,0.15789473684210525,0.2,0.1018859649122807,0.03180049893672017,0.07960199004975124,False,0.15789473684210525,900,0.2,0.1018859649122807,0.03180049893672017,0.07960199004975124,False,0.0
YFL,24,62,114,4,4,0.13157894736842105,0.2,0.10399122807017543,0.03205144641412162,0.22885572139303484,False,0.16666666666666666,180,0.2,0.11201754385964911,0.03581532032523182,0.11442786069651742,False,0.03508771929824561
YFL,24,63,114,4,4,0.13157894736842105,0.2,0.10679824561403509,0.030341490258040303,0.21393034825870647,False,0.14035087719298245,150,0.2,0.11258771929824561,0.03314718435378984,0.25870646766169153,False,0.008771929824561403
YFL,24,64,114,4,4,0.11403508771929824,0.8,0.10337719298245612,0.0318272378296196,0.38308457711442784,False,0.13157894736842105,75,0.8,0.11855263157894737,0.03621543044446143,0.39800995024875624,False,0.017543859649122806
YFL,24,65,114,4,4,0.07894736842105263,0.8,0.10302631578947369,0.030652881088368836,0.8159203980099502,False,0.15789473684210525,180,0.5,0.10921052631578947,0.032308015038554176,0.10945273631840796,False,0.07894736842105263
YFL,24,66,114,4,4,0.09649122807017543,0.2,0.10214912280701753,0.02969043146600703,0.5870646766169154,False,0.14912280701754385,90,0.5,0.1163157894736842,0.033753620191376524,0.20398009950248755,False,0.05263157894736842
YFL,24,67,114,4,4,0.14912280701754385,0.2,0.1012280701754386,0.03321782908572447,0.0945273631840796,False,0.14912280701754385,900,0.2,0.1012280701754386,0.03321782908572447,0.0945273631840796,False,0.0
YFL,24,68,114,4,4,0.17543859649122806,0.2,0.10350877192982455,0.031462164186822475,0.014925373134328358,True,0.21052631578947367,300,0.2,0.10535087719298245,0.034408820468637934,0.004975124378109453,True,0.03508771929824561
YFL,24,69,114,4,4,0.09649122807017543,0.2,0.10337719298245612,0.034057401042387546,0.5771144278606966,False,0.15789473684210525,180,0.2,0.11017543859649123,0.03243808633633687,0.08955223880597014,False,0.06140350877192982
YFL,24,70,114,4,4,0.12280701754385964,0.2,0.10328947368421051,0.030417857194016157,0.29850746268656714,False,0.14035087719298245,300,0.2,0.10635964912280702,0.03556861561744548,0.19402985074626866,False,0.017543859649122806
YFL,24,71,114,4,4,0.10526315789473684,0.2,0.10355263157894737,0.02966176639040284,0.5472636815920398,False,0.18421052631578946,180,0.5,0.10618421052631578,0.030264419579994758,0.01990049751243781,True,0.07894736842105263
YFL,24,72,114,4,4,0.17543859649122806,0.8,0.10548245614035087,0.032720526673259344,0.04477611940298507,True,0.21052631578947367,75,0.8,0.11780701754385964,0.03485009459966957,0.009950248756218905,True,0.03508771929824561
YFL,24,73,114,4,4,0.10526315789473684,0.2,0.1050877192982456,0.030841046220535618,0.5024875621890548,False,0.18421052631578946,60,0.5,0.1176315789473684,0.033981390396849276,0.03980099502487562,True,0.07894736842105263
YFL,24,74,114,4,4,0.12280701754385964,0.2,0.10008771929824561,0.033603792415747485,0.27860696517412936,False,0.18421052631578946,150,0.8,0.1143421052631579,0.03320080071175516,0.06467661691542288,False,0.06140350877192982
YFL,24,75,114,4,4,0.08771929824561403,0.2,0.10385964912280703,0.03194320078116122,0.7213930348258707,False,0.14035087719298245,450,0.2,0.10236842105263158,0.03417337718104655,0.14925373134328357,False,0.05263157894736842
YFL,24,76,114,4,4,0.10526315789473684,0.2,0.09964912280701753,0.035264037291721693,0.4129353233830846,False,0.16666666666666666,180,0.8,0.1081578947368421,0.034578313133218457,0.07960199004975124,False,0.06140350877192982
YFL,24,77,114,4,4,0.14912280701754385,0.2,0.10513157894736842,0.03429048337762321,0.14925373134328357,False,0.15789473684210525,450,0.2,0.10517543859649121,0.032797867889810886,0.06467661691542288,False,0.008771929824561403
YFL,24,78,114,4,4,0.14035087719298245,0.2,0.10162280701754386,0.029773404118949243,0.14925373134328357,False,0.18421052631578946,100,0.2,0.11285087719298245,0.033401674352530164,0.03482587064676617,True,0.043859649122807015
YFL,24,79,114,4,4,0.12280701754385964,0.2,0.10276315789473683,0.03338662179815687,0.3283582089552239,False,0.17543859649122806,60,0.2,0.11596491228070174,0.032480018188815275,0.06467661691542288,False,0.05263157894736842
YFL,24,80,114,4,4,0.09649122807017543,0.2,0.10364035087719298,0.02911415834292636,0.6567164179104478,False,0.17543859649122806,75,0.5,0.1193859649122807,0.038228774984453075,0.12437810945273632,False,0.07894736842105263
YFL,24,81,114,4,4,0.13157894736842105,0.5,0.10798245614035086,0.03357155833383579,0.3034825870646766,False,0.20175438596491227,90,0.2,0.11574561403508771,0.035998252523038114,0.03482587064676617,True,0.07017543859649122
YFL,24,82,114,4,4,0.13157894736842105,0.2,0.10153508771929824,0.03212423004216746,0.17412935323383086,False,0.13157894736842105,450,0.2,0.10359649122807017,0.034959542838782345,0.2537313432835821,False,0.0
YFL,24,83,114,4,4,0.17543859649122806,0.2,0.1031578947368421,0.030882141573269628,0.024875621890547265,True,0.20175438596491227,300,0.5,0.10482456140350876,0.0319953300740168,0.004975124378109453,True,0.02631578947368421
YFL,24,84,114,4,4,0.15789473684210525,0.5,0.10342105263157894,0.030811318211405304,0.06467661691542288,False,0.21052631578947367,225,0.2,0.11429824561403507,0.03254839862716306,0.009950248756218905,True,0.05263157894736842
YFL,24,85,114,4,4,0.08771929824561403,0.2,0.10495614035087719,0.0320029125823799,0.7412935323383084,False,0.18421052631578946,60,0.5,0.11780701754385965,0.035433258475304,0.04975124378109453,True,0.09649122807017543
YFL,24,86,114,4,4,0.09649122807017543,0.2,0.10543859649122805,0.03277392667491292,0.6666666666666666,False,0.15789473684210525,450,0.2,0.10719298245614034,0.034365754117420384,0.1044776119402985,False,0.06140350877192982
YFL,24,87,114,4,4,0.14035087719298245,0.5,0.10390350877192983,0.032916813538655394,0.1791044776119403,False,0.20175438596491227,90,0.5,0.11429824561403508,0.031214283449268382,0.009950248756218905,True,0.06140350877192982
YFL,24,88,114,4,4,0.15789473684210525,0.8,0.10293859649122805,0.03207652961858877,0.08955223880597014,False,0.15789473684210525,900,0.8,0.10293859649122805,0.03207652961858877,0.08955223880597014,False,0.0
YFL,24,89,114,4,4,0.11403508771929824,0.2,0.10482456140350876,0.030988509841374072,0.4427860696517413,False,0.12280701754385964,75,0.2,0.11850877192982455,0.03221500833995816,0.5024875621890548,False,0.008771929824561403
YFL,24,90,114,4,4,0.12280701754385964,0.5,0.10364035087719298,0.032798899445864664,0.31840796019900497,False,0.12280701754385964,900,0.5,0.10364035087719298,0.032798899445864664,0.31840796019900497,False,0.0
YFL,24,91,114,4,4,0.08771929824561403,0.2,0.10052631578947369,0.029559159526727323,0.7213930348258707,False,0.15789473684210525,150,0.2,0.1118421052631579,0.03621300137722976,0.13930348258706468,False,0.07017543859649122
YFL,24,92,114,4,4,0.10526315789473684,0.2,0.10649122807017544,0.02960098953354112,0.5472636815920398,False,0.14912280701754385,450,0.8,0.1050877192982456,0.029626059188285387,0.07960199004975124,False,0.043859649122807015
YFL,24,93,114,4,4,0.16666666666666666,0.2,0.1031140350877193,0.0303167571275654,0.03482587064676617,True,0.20175438596491227,300,0.2,0.10899122807017543,0.029079075186986155,0.009950248756218905,True,0.03508771929824561
YFL,24,94,114,4,4,0.16666666666666666,0.2,0.10973684210526315,0.03304451779503384,0.07462686567164178,False,0.18421052631578946,450,0.8,0.10807017543859647,0.03271251949720989,0.01990049751243781,True,0.017543859649122806
YFL,25,26,114,4,4,0.13157894736842105,0.8,0.10640350877192983,0.03275445417440881,0.2835820895522388,False,0.17543859649122806,180,0.2,0.11390350877192983,0.03354952350340698,0.05472636815920398,False,0.043859649122807015
YFL,25,27,114,4,4,0.09649122807017543,0.2,0.10315789473684209,0.03355831036617832,0.582089552238806,False,0.16666666666666666,100,0.5,0.11385964912280702,0.03644937888795118,0.11442786069651742,False,0.07017543859649122
YFL,25,29,114,4,4,0.10526315789473684,0.2,0.09964912280701756,0.035231127196181725,0.4577114427860697,False,0.21052631578947367,60,0.8,0.11798245614035087,0.033356177531067045,0.009950248756218905,True,0.10526315789473684
YFL,25,30,114,4,4,0.13157894736842105,0.2,0.10552631578947366,0.033921257180857714,0.25870646766169153,False,0.16666666666666666,300,0.2,0.1069736842105263,0.03358661434899241,0.05472636815920398,False,0.03508771929824561
YFL,25,31,114,4,4,0.15789473684210525,0.8,0.10236842105263158,0.032312323284518725,0.06965174129353234,False,0.18421052631578946,100,0.2,0.11285087719298247,0.03236693436208192,0.029850746268656716,True,0.02631578947368421
YFL,25,32,114,4,4,0.07017543859649122,0.2,0.10320175438596489,0.031003822504955487,0.9104477611940298,False,0.14035087719298245,75,0.8,0.11885964912280703,0.034930331135133316,0.3333333333333333,False,0.07017543859649122
YFL,25,33,114,4,4,0.11403508771929824,0.2,0.10254385964912281,0.030632596760510455,0.39800995024875624,False,0.18421052631578946,75,0.2,0.1125438596491228,0.034945382638073084,0.05970149253731343,False,0.07017543859649122
YFL,25,34,114,4,4,0.13157894736842105,0.8,0.10425438596491228,0.03106860711000762,0.208955223880597,False,0.16666666666666666,60,0.8,0.12078947368421052,0.03473006023967807,0.0945273631840796,False,0.03508771929824561
YFL,25,35,114,4,4,0.06140350877192982,0.2,0.10232456140350876,0.03194123368528782,0.9203980099502488,False,0.15789473684210525,75,0.8,0.11640350877192983,0.03527138301832778,0.13930348258706468,False,0.09649122807017543
YFL,25,36,114,4,4,0.09649122807017543,0.2,0.09964912280701756,0.031116641063930077,0.6019900497512438,False,0.17543859649122806,60,0.8,0.11618421052631579,0.03400763681834349,0.05970149253731343,False,0.07894736842105263
YFL,25,37,114,4,4,0.11403508771929824,0.2,0.10214912280701753,0.03188816717129563,0.39303482587064675,False,0.14912280701754385,60,0.2,0.11758771929824562,0.03408259625798537,0.22388059701492538,False,0.03508771929824561
YFL,25,38,114,4,4,0.07894736842105263,0.2,0.10346491228070175,0.03425460622334967,0.7711442786069652,False,0.14912280701754385,150,0.8,0.11644736842105263,0.03365837590901589,0.19900497512437812,False,0.07017543859649122
YFL,25,39,114,4,4,0.10526315789473684,0.2,0.10232456140350876,0.03083248824512997,0.4975124378109453,False,0.17543859649122806,450,0.2,0.105,0.03240552796667721,0.03482587064676617,True,0.07017543859649122
YFL,25,40,114,4,4,0.15789473684210525,0.2,0.10236842105263158,0.03486784232391024,0.07462686567164178,False,0.15789473684210525,900,0.2,0.10236842105263158,0.03486784232391024,0.07462686567164178,False,0.0
YFL,25,59,114,4,4,0.10526315789473684,0.5,0.10504385964912281,0.03161465039225412,0.5174129353233831,False,0.14912280701754385,100,0.2,0.11206140350877193,0.03329453771340564,0.13930348258706468,False,0.043859649122807015
YFL,25,60,114,4,4,0.11403508771929824,0.2,0.1019736842105263,0.03180973854994624,0.35323383084577115,False,0.11403508771929824,300,0.2,0.10254385964912278,0.03383542840795569,0.38308457711442784,False,0.0
YFL,25,61,114,4,4,0.12280701754385964,0.2,0.10149122807017542,0.02828465949399541,0.24378109452736318,False,0.13157894736842105,450,0.5,0.10320175438596489,0.02860367429225259,0.20398009950248755,False,0.008771929824561403
YFL,25,62,114,4,4,0.05263157894736842,0.2,0.10267543859649124,0.03157009950789499,0.9800995024875622,False,0.15789473684210525,60,0.8,0.11355263157894738,0.034990581179249705,0.13432835820895522,False,0.10526315789473684
YFL,25,63,114,4,4,0.08771929824561403,0.2,0.1069736842105263,0.03206712571616947,0.7711442786069652,False,0.14912280701754385,300,0.2,0.1113157894736842,0.03194259553379476,0.14925373134328357,False,0.06140350877192982
YFL,25,64,114,4,4,0.10526315789473684,0.2,0.1074561403508772,0.035173020706194,0.5671641791044776,False,0.15789473684210525,300,0.2,0.10460526315789473,0.03587171273478144,0.09950248756218906,False,0.05263157894736842
YFL,25,65,114,4,4,0.05263157894736842,0.5,0.10469298245614034,0.030489467708711446,0.9850746268656716,False,0.16666666666666666,300,0.2,0.11,0.03293727597086893,0.0845771144278607,False,0.11403508771929824
YFL,25,66,114,4,4,0.14035087719298245,0.5,0.10048245614035087,0.03398830230872465,0.15920398009950248,False,0.14035087719298245,900,0.5,0.10048245614035087,0.03398830230872465,0.15920398009950248,False,0.0
YFL,25,67,114,4,4,0.08771929824561403,0.5,0.1025877192982456,0.030554330499322553,0.7313432835820896,False,0.15789473684210525,75,0.2,0.11789473684210527,0.03845919816207535,0.18407960199004975,False,0.07017543859649122
YFL,25,68,114,4,4,0.08771929824561403,0.8,0.10135964912280702,0.03614831757502646,0.6666666666666666,False,0.14912280701754385,150,0.2,0.1132017543859649,0.033883477082409276,0.17412935323383086,False,0.06140350877192982
YFL,25,69,114,4,4,0.08771929824561403,0.2,0.10245614035087718,0.033216897844808524,0.6915422885572139,False,0.15789473684210525,150,0.8,0.10846491228070175,0.03288249500381869,0.0845771144278607,False,0.07017543859649122
YFL,25,70,114,4,4,0.07017543859649122,0.5,0.10245614035087719,0.03511812136124323,0.8407960199004975,False,0.14912280701754385,60,0.5,0.11649122807017542,0.03433198295264334,0.20398009950248755,False,0.07894736842105263
YFL,25,71,114,4,4,0.14035087719298245,0.2,0.10399122807017543,0.03140554894704955,0.15920398009950248,False,0.17543859649122806,180,0.8,0.10609649122807017,0.031173222831711412,0.024875621890547265,True,0.03508771929824561
YFL,25,72,114,4,4,0.19298245614035087,0.2,0.10438596491228071,0.0338081047503874,0.009950248756218905,True,0.21052631578947367,75,0.5,0.11657894736842103,0.03417880788403565,0.009950248756218905,True,0.017543859649122806
YFL,25,73,114,4,4,0.09649122807017543,0.5,0.10552631578947368,0.03006589561446183,0.6318407960199005,False,0.18421052631578946,60,0.5,0.1193859649122807,0.03523935760145375,0.05472636815920398,False,0.08771929824561403
YFL,25,74,114,4,4,0.14912280701754385,0.5,0.10368421052631578,0.03292459487139902,0.11442786069651742,False,0.16666666666666666,150,0.5,0.11521929824561403,0.03461818321194093,0.08955223880597014,False,0.017543859649122806
YFL,25,75,114,4,4,0.09649122807017543,0.2,0.1025877192982456,0.033992852594465266,0.6119402985074627,False,0.14912280701754385,100,0.8,0.11293859649122806,0.03596859438902067,0.1890547263681592,False,0.05263157894736842
YFL,25,76,114,4,4,0.10526315789473684,0.2,0.09864035087719297,0.032531614141262065,0.4129353233830846,False,0.15789473684210525,180,0.2,0.10688596491228068,0.03456676541966224,0.1044776119402985,False,0.05263157894736842
YFL,25,77,114,4,4,0.09649122807017543,0.2,0.10254385964912281,0.03422177053180905,0.6019900497512438,False,0.13157894736842105,75,0.2,0.11434210526315787,0.0326488355156306,0.3482587064676617,False,0.03508771929824561
YFL,25,78,114,4,4,0.11403508771929824,0.2,0.10153508771929824,0.031344421625484904,0.38308457711442784,False,0.16666666666666666,60,0.2,0.11864035087719298,0.03623635104847866,0.11442786069651742,False,0.05263157894736842
YFL,25,79,114,4,4,0.07894736842105263,0.5,0.10171052631578947,0.032011610618322014,0.8059701492537313,False,0.14912280701754385,150,0.2,0.11478070175438596,0.03405626568404224,0.15920398009950248,False,0.07017543859649122
YFL,25,80,114,4,4,0.09649122807017543,0.2,0.10530701754385964,0.0348277584482477,0.6218905472636815,False,0.16666666666666666,75,0.5,0.11956140350877192,0.03568119709210391,0.12935323383084577,False,0.07017543859649122
YFL,25,81,114,4,4,0.14035087719298245,0.2,0.10732456140350877,0.03402446026880609,0.19402985074626866,False,0.20175438596491227,90,0.8,0.11412280701754385,0.03573187694453055,0.014925373134328358,True,0.06140350877192982
YFL,25,82,114,4,4,0.09649122807017543,0.2,0.10144736842105263,0.033330984247929414,0.5970149253731343,False,0.15789473684210525,75,0.8,0.11903508771929822,0.037179868408728875,0.1691542288557214,False,0.06140350877192982
YFL,25,83,114,4,4,0.16666666666666666,0.2,0.1031140350877193,0.03324874892087652,0.029850746268656716,True,0.19298245614035087,300,0.2,0.1057456140350877,0.03170941804594216,0.024875621890547265,True,0.02631578947368421
YFL,25,84,114,4,4,0.13157894736842105,0.8,0.1037719298245614,0.030893032691935655,0.21890547263681592,False,0.16666666666666666,180,0.2,0.11206140350877192,0.03508151999365588,0.0845771144278607,False,0.03508771929824561
YFL,25,85,114,4,4,0.09649122807017543,0.2,0.10535087719298245,0.033219575092079706,0.6467661691542289,False,0.22807017543859648,75,0.2,0.11644736842105263,0.033149050726318616,0.004975124378109453,True,0.13157894736842105
YFL,25,86,114,4,4,0.13157894736842105,0.2,0.10385964912280703,0.03549791089600268,0.25870646766169153,False,0.18421052631578946,60,0.5,0.11846491228070175,0.04257573757689515,0.07960199004975124,False,0.05263157894736842
YFL,25,87,114,4,4,0.09649122807017543,0.2,0.10263157894736842,0.03426253514834932,0.582089552238806,False,0.18421052631578946,90,0.2,0.11469298245614035,0.033184025775280006,0.05472636815920398,False,0.08771929824561403
YFL,25,88,114,4,4,0.12280701754385964,0.8,0.10364035087719298,0.030221972519538454,0.2885572139303483,False,0.14912280701754385,90,0.2,0.10960526315789472,0.03489984857884098,0.14427860696517414,False,0.02631578947368421
YFL,25,89,114,4,4,0.07017543859649122,0.8,0.10385964912280703,0.03343363852886043,0.8706467661691543,False,0.17543859649122806,75,0.2,0.11807017543859649,0.03682803894309769,0.0845771144278607,False,0.10526315789473684
YFL,25,90,114,4,4,0.08771929824561403,0.8,0.1037719298245614,0.03138969316326158,0.7412935323383084,False,0.13157894736842105,75,0.5,0.11723684210526315,0.03319847136634137,0.35323383084577115,False,0.043859649122807015
YFL,25,91,114,4,4,0.09649122807017543,0.2,0.09960526315789472,0.02963829252571392,0.582089552238806,False,0.14035087719298245,100,0.2,0.1195175438596491,0.036507439781433663,0.2835820895522388,False,0.043859649122807015
YFL,25,92,114,4,4,0.07894736842105263,0.5,0.1042543859649123,0.030478051781257887,0.8407960199004975,False,0.15789473684210525,150,0.2,0.11162280701754385,0.03354329928373094,0.11442786069651742,False,0.07894736842105263
YFL,25,93,114,4,4,0.18421052631578946,0.2,0.10048245614035085,0.02994847360395962,0.01990049751243781,True,0.20175438596491227,180,0.2,0.11364035087719299,0.031305662389571595,0.009950248756218905,True,0.017543859649122806
YFL,25,94,114,4,4,0.12280701754385964,0.2,0.10697368421052632,0.03382751367772635,0.3482587064676617,False,0.17543859649122806,90,0.2,0.11206140350877192,0.02990506091444816,0.04975124378109453,True,0.05263157894736842
YFL,26,27,114,4,4,0.10526315789473684,0.2,0.10486842105263157,0.03276610956133519,0.5373134328358209,False,0.14035087719298245,75,0.5,0.11820175438596489,0.03579617905769284,0.3034825870646766,False,0.03508771929824561
YFL,26,29,114,4,4,0.07894736842105263,0.2,0.10780701754385966,0.03112347482064249,0.845771144278607,False,0.17543859649122806,75,0.2,0.11605263157894737,0.033262846729051054,0.05472636815920398,False,0.09649122807017543
YFL,26,30,114,4,4,0.10526315789473684,0.2,0.10539473684210526,0.034188846755569935,0.4975124378109453,False,0.15789473684210525,90,0.8,0.11798245614035087,0.03889020905843565,0.17412935323383086,False,0.05263157894736842
YFL,26,31,114,4,4,0.09649122807017543,0.5,0.10732456140350877,0.03429612102513617,0.6616915422885572,False,0.17543859649122806,90,0.2,0.12074561403508771,0.033704755435968826,0.06467661691542288,False,0.07894736842105263
YFL,26,32,114,4,4,0.11403508771929824,0.8,0.10736842105263157,0.03323412157779497,0.4427860696517413,False,0.16666666666666666,90,0.8,0.11934210526315789,0.03448635573709956,0.13432835820895522,False,0.05263157894736842
YFL,26,33,114,4,4,0.09649122807017543,0.5,0.10513157894736842,0.03360710041498664,0.6567164179104478,False,0.15789473684210525,90,0.2,0.11767543859649121,0.03547434767228563,0.14925373134328357,False,0.06140350877192982
YFL,26,34,114,4,4,0.11403508771929824,0.2,0.1075,0.03197414390348422,0.5024875621890548,False,0.16666666666666666,90,0.8,0.12026315789473684,0.03448290782053398,0.11940298507462686,False,0.05263157894736842
YFL,26,35,114,4,4,0.14035087719298245,0.5,0.10701754385964911,0.03245429370168023,0.15920398009950248,False,0.16666666666666666,100,0.5,0.12004385964912281,0.03504998301361642,0.11442786069651742,False,0.02631578947368421
YFL,26,36,114,4,4,0.08771929824561403,0.8,0.10565789473684209,0.03182019066610818,0.7512437810945274,False,0.18421052631578946,75,0.2,0.11881578947368421,0.036921966273291175,0.05472636815920398,False,0.09649122807017543
YFL,26,37,114,4,4,0.13157894736842105,0.5,0.1056140350877193,0.03127529422490931,0.2537313432835821,False,0.19298245614035087,75,0.5,0.11763157894736839,0.03285911556866252,0.024875621890547265,True,0.06140350877192982
YFL,26,38,114,4,4,0.09649122807017543,0.8,0.10798245614035087,0.03114582935916475,0.6965174129353234,False,0.14912280701754385,75,0.2,0.11969298245614034,0.03583892909337972,0.24875621890547264,False,0.05263157894736842
YFL,26,39,114,4,4,0.11403508771929824,0.2,0.10925438596491227,0.03203213827577175,0.472636815920398,False,0.16666666666666666,90,0.5,0.11929824561403508,0.03572116220283993,0.13930348258706468,False,0.05263157894736842
YFL,26,40,114,4,4,0.13157894736842105,0.5,0.10600877192982455,0.03369098600455482,0.25870646766169153,False,0.14035087719298245,90,0.8,0.11864035087719298,0.03217834923826421,0.2835820895522388,False,0.008771929824561403
YFL,26,59,114,4,4,0.08771929824561403,0.2,0.10543859649122805,0.03179177354814013,0.7562189054726368,False,0.16666666666666666,100,0.2,0.11403508771929824,0.03430764712990011,0.09950248756218906,False,0.07894736842105263
YFL,26,60,114,4,4,0.11403508771929824,0.5,0.10530701754385965,0.03461617264718335,0.4228855721393035,False,0.15789473684210525,180,0.5,0.11333333333333333,0.033640248722816554,0.11442786069651742,False,0.043859649122807015
YFL,26,61,114,4,4,0.08771929824561403,0.2,0.10320175438596489,0.03080363067444002,0.7512437810945274,False,0.14035087719298245,90,0.2,0.1170175438596491,0.03481601582050353,0.25870646766169153,False,0.05263157894736842
YFL,26,62,114,4,4,0.05263157894736842,0.2,0.1044298245614035,0.035149349691480744,0.9601990049751243,False,0.14035087719298245,75,0.5,0.11960526315789473,0.0323967864995587,0.3034825870646766,False,0.08771929824561403
YFL,26,63,114,4,4,0.09649122807017543,0.8,0.10798245614035087,0.036134328955152374,0.681592039800995,False,0.12280701754385964,75,0.8,0.1194736842105263,0.033745829501851975,0.5024875621890548,False,0.02631578947368421
YFL,26,64,114,4,4,0.10526315789473684,0.2,0.10732456140350877,0.032190843842110524,0.582089552238806,False,0.18421052631578946,100,0.5,0.11890350877192983,0.039393499523858094,0.06965174129353234,False,0.07894736842105263
YFL,26,65,114,4,4,0.06140350877192982,0.8,0.10535087719298245,0.03028475899238134,0.9552238805970149,False,0.16666666666666666,90,0.2,0.1175,0.03659693384318557,0.1044776119402985,False,0.10526315789473684
YFL,26,66,114,4,4,0.10526315789473684,0.5,0.10776315789473685,0.03213554247168692,0.5771144278606966,False,0.14912280701754385,100,0.2,0.11403508771929825,0.035043611525563505,0.17412935323383086,False,0.043859649122807015
YFL,26,67,114,4,4,0.07894736842105263,0.8,0.10495614035087719,0.0326961740471966,0.8308457711442786,False,0.14912280701754385,90,0.5,0.11925438596491227,0.03523175826197161,0.22388059701492538,False,0.07017543859649122
YFL,26,68,114,4,4,0.08771929824561403,0.2,0.1094736842105263,0.030740583247255954,0.8059701492537313,False,0.16666666666666666,90,0.8,0.11881578947368421,0.037307438385211514,0.11442786069651742,False,0.07894736842105263
YFL,26,69,114,4,4,0.09649122807017543,0.2,0.10578947368421052,0.03323877510871068,0.6318407960199005,False,0.17543859649122806,180,0.2,0.11043859649122809,0.0316482972971452,0.04975124378109453,True,0.07894736842105263
YFL,26,70,114,4,4,0.08771929824561403,0.2,0.10692982456140349,0.03365208564648575,0.7860696517412935,False,0.17543859649122806,100,0.8,0.11868421052631578,0.03900100986224445,0.09950248756218906,False,0.08771929824561403
YFL,26,71,114,4,4,0.15789473684210525,0.2,0.10631578947368421,0.03125946514384606,0.06467661691542288,False,0.19298245614035087,300,0.2,0.1075438596491228,0.03335026505205519,0.01990049751243781,True,0.03508771929824561
YFL,26,72,114,4,4,0.20175438596491227,0.8,0.10482456140350876,0.03348344748794852,0.014925373134328358,True,0.21052631578947367,60,0.2,0.12100877192982455,0.035057925065217654,0.01990049751243781,True,0.008771929824561403
YFL,26,73,114,4,4,0.08771929824561403,0.8,0.10385964912280703,0.029775514431117346,0.7412935323383084,False,0.13157894736842105,75,0.2,0.11785087719298243,0.037460310174029336,0.40298507462686567,False,0.043859649122807015
YFL,26,74,114,4,4,0.14035087719298245,0.2,0.10368421052631578,0.03307691479021031,0.18407960199004975,False,0.18421052631578946,100,0.5,0.11763157894736842,0.034757660350868656,0.03482587064676617,True,0.043859649122807015
YFL,26,75,114,4,4,0.12280701754385964,0.8,0.10811403508771927,0.034587565297212915,0.3681592039800995,False,0.14035087719298245,60,0.2,0.1219298245614035,0.03727843285927324,0.31840796019900497,False,0.017543859649122806
YFL,26,76,114,4,4,0.12280701754385964,0.2,0.10346491228070175,0.03284861146504818,0.2736318407960199,False,0.14912280701754385,90,0.2,0.11732456140350876,0.03497112670576401,0.20398009950248755,False,0.02631578947368421
YFL,26,77,114,4,4,0.11403508771929824,0.5,0.10600877192982455,0.0364898537216017,0.43283582089552236,False,0.17543859649122806,75,0.2,0.11907894736842105,0.0325071199921657,0.06965174129353234,False,0.06140350877192982
YFL,26,78,114,4,4,0.08771929824561403,0.2,0.10394736842105262,0.031483664179501776,0.7611940298507462,False,0.19298245614035087,100,0.8,0.11355263157894736,0.03339611727636503,0.014925373134328358,True,0.10526315789473684
YFL,26,79,114,4,4,0.07894736842105263,0.8,0.10513157894736842,0.029801961815778044,0.8855721393034826,False,0.19298245614035087,100,0.2,0.11350877192982456,0.03594388747754773,0.029850746268656716,True,0.11403508771929824
YFL,26,80,114,4,4,0.07894736842105263,0.2,0.11214912280701754,0.03476530771226513,0.8656716417910447,False,0.16666666666666666,60,0.5,0.1249561403508772,0.036348858942956634,0.14427860696517414,False,0.08771929824561403
YFL,26,81,114,4,4,0.09649122807017543,0.2,0.11030701754385962,0.03714790095769249,0.6766169154228856,False,0.19298245614035087,100,0.2,0.11890350877192983,0.03922628102873452,0.04975124378109453,True,0.09649122807017543
YFL,26,82,114,4,4,0.13157894736842105,0.2,0.10657894736842105,0.033748006493213224,0.2736318407960199,False,0.15789473684210525,180,0.5,0.11179824561403506,0.0337966371001347,0.09950248756218906,False,0.02631578947368421
YFL,26,83,114,4,4,0.16666666666666666,0.8,0.10548245614035087,0.03220837616518982,0.04477611940298507,True,0.20175438596491227,180,0.2,0.11201754385964913,0.031050337837426136,0.009950248756218905,True,0.03508771929824561
YFL,26,84,114,4,4,0.10526315789473684,0.2,0.10425438596491228,0.031501191163785906,0.5074626865671642,False,0.19298245614035087,100,0.8,0.11548245614035085,0.03532689246284456,0.03482587064676617,True,0.08771929824561403
YFL,26,85,114,4,4,0.14035087719298245,0.5,0.10719298245614034,0.03377560773230704,0.20398009950248755,False,0.18421052631578946,90,0.5,0.11890350877192983,0.03424783273430694,0.03980099502487562,True,0.043859649122807015
YFL,26,86,114,4,4,0.12280701754385964,0.5,0.10776315789473685,0.03268434584208632,0.3333333333333333,False,0.14912280701754385,90,0.5,0.11723684210526315,0.03584194989305339,0.208955223880597,False,0.02631578947368421
YFL,26,87,114,4,4,0.07894736842105263,0.2,0.10583333333333332,0.03345257120207846,0.8159203980099502,False,0.17543859649122806,90,0.2,0.1194736842105263,0.035422890038620626,0.07960199004975124,False,0.09649122807017543
YFL,26,88,114,4,4,0.09649122807017543,0.2,0.10482456140350876,0.034484701901442594,0.6318407960199005,False,0.14035087719298245,90,0.8,0.11828947368421051,0.03617269779101019,0.2736318407960199,False,0.043859649122807015
YFL,26,89,114,4,4,0.09649122807017543,0.2,0.10789473684210524,0.03317310003364845,0.7064676616915423,False,0.15789473684210525,90,0.8,0.11999999999999998,0.035675236398878395,0.208955223880597,False,0.06140350877192982
YFL,26,90,114,4,4,0.07894736842105263,0.2,0.10684210526315789,0.0358266544755215,0.8109452736318408,False,0.14912280701754385,100,0.2,0.11714912280701753,0.034283942545094814,0.22885572139303484,False,0.07017543859649122
YFL,26,91,114,4,4,0.07894736842105263,0.2,0.10482456140350876,0.033690670389124405,0.8059701492537313,False,0.18421052631578946,100,0.8,0.12096491228070175,0.03231806671908138,0.03980099502487562,True,0.10526315789473684
YFL,26,92,114,4,4,0.12280701754385964,0.5,0.10684210526315788,0.03420334842653073,0.34328358208955223,False,0.14912280701754385,100,0.8,0.11539473684210526,0.03364872461335003,0.20398009950248755,False,0.02631578947368421
YFL,26,93,114,4,4,0.10526315789473684,0.5,0.10403508771929823,0.032739458361892966,0.5124378109452736,False,0.18421052631578946,75,0.5,0.1206578947368421,0.030009094320631608,0.03482587064676617,True,0.07894736842105263
YFL,26,94,114,4,4,0.13157894736842105,0.2,0.10631578947368421,0.032532357000737415,0.23880597014925373,False,0.20175438596491227,300,0.5,0.10872807017543859,0.034631807296455944,0.004975124378109453,True,0.07017543859649122
YFL,27,29,114,4,4,0.07894736842105263,0.8,0.10285087719298244,0.032809036442289545,0.8059701492537313,False,0.13157894736842105,225,0.2,0.10802631578947368,0.0347508458295503,0.27860696517412936,False,0.05263157894736842
YFL,27,30,114,4,4,0.11403508771929824,0.5,0.10223684210526315,0.03096163981969598,0.40298507462686567,False,0.14912280701754385,90,0.8,0.11758771929824562,0.03888372101591716,0.21890547263681592,False,0.03508771929824561
YFL,27,31,114,4,4,0.15789473684210525,0.2,0.10311403508771931,0.0330972198259976,0.06965174129353234,False,0.15789473684210525,900,0.2,0.10311403508771931,0.0330972198259976,0.06965174129353234,False,0.0
YFL,27,32,114,4,4,0.07017543859649122,0.8,0.10421052631578948,0.0340764977741643,0.8507462686567164,False,0.17543859649122806,100,0.5,0.11609649122807017,0.03989366343775548,0.10945273631840796,False,0.10526315789473684
YFL,27,33,114,4,4,0.07894736842105263,0.2,0.10390350877192983,0.03587343735967597,0.7711442786069652,False,0.14912280701754385,100,0.5,0.11644736842105263,0.03625768616042005,0.23383084577114427,False,0.07017543859649122
YFL,27,34,114,4,4,0.14035087719298245,0.2,0.10206140350877192,0.03261091521390355,0.14427860696517414,False,0.14912280701754385,100,0.2,0.11912280701754385,0.03714709426270206,0.24378109452736318,False,0.008771929824561403
YFL,27,35,114,4,4,0.09649122807017543,0.2,0.1044736842105263,0.03177023864882297,0.6467661691542289,False,0.17543859649122806,75,0.5,0.11412280701754385,0.03438633824128445,0.04975124378109453,True,0.07894736842105263
YFL,27,36,114,4,4,0.14035087719298245,0.2,0.10276315789473685,0.03334026362066282,0.14925373134328357,False,0.17543859649122806,450,0.8,0.10596491228070175,0.03349049103163287,0.04975124378109453,True,0.03508771929824561
YFL,27,37,114,4,4,0.11403508771929824,0.2,0.10464912280701753,0.03021471091725916,0.44776119402985076,False,0.14912280701754385,60,0.2,0.11565789473684208,0.036098865072234976,0.1791044776119403,False,0.03508771929824561
YFL,27,38,114,4,4,0.09649122807017543,0.5,0.10535087719298243,0.03289204784918733,0.6019900497512438,False,0.12280701754385964,75,0.5,0.11754385964912281,0.03467758180975391,0.46766169154228854,False,0.02631578947368421
YFL,27,39,114,4,4,0.13157894736842105,0.5,0.10482456140350876,0.03367919145509815,0.208955223880597,False,0.14912280701754385,90,0.2,0.1194298245614035,0.03688927745000859,0.2885572139303483,False,0.017543859649122806
YFL,27,40,114,4,4,0.11403508771929824,0.8,0.10438596491228068,0.03592624081241295,0.42786069651741293,False,0.13157894736842105,225,0.2,0.10710526315789475,0.03522618802998382,0.2537313432835821,False,0.017543859649122806
YFL,27,59,114,4,4,0.09649122807017543,0.2,0.10662280701754386,0.03164716714644515,0.6417910447761194,False,0.14912280701754385,75,0.2,0.11609649122807017,0.030891374234947457,0.1890547263681592,False,0.05263157894736842
YFL,27,60,114,4,4,0.13157894736842105,0.2,0.1013157894736842,0.0347750104876694,0.19900497512437812,False,0.14035087719298245,100,0.2,0.11364035087719299,0.034869921544039444,0.25870646766169153,False,0.008771929824561403
YFL,27,61,114,4,4,0.10526315789473684,0.5,0.0969298245614035,0.03359872910800173,0.40298507462686567,False,0.11403508771929824,450,0.2,0.10078947368421051,0.03326610145623009,0.3880597014925373,False,0.008771929824561403
YFL,27,62,114,4,4,0.10526315789473684,0.2,0.10657894736842106,0.03561003725885522,0.5572139303482587,False,0.14912280701754385,75,0.8,0.11820175438596489,0.03447559036759618,0.22885572139303484,False,0.043859649122807015
YFL,27,63,114,4,4,0.07894736842105263,0.2,0.10728070175438596,0.03407819978641103,0.7960199004975125,False,0.14035087719298245,100,0.2,0.11333333333333333,0.03477067376511022,0.24875621890547264,False,0.06140350877192982
YFL,27,64,114,4,4,0.12280701754385964,0.2,0.10219298245614034,0.03233194247381957,0.23880597014925373,False,0.16666666666666666,100,0.8,0.11828947368421051,0.037267825563405056,0.11442786069651742,False,0.043859649122807015
YFL,27,65,114,4,4,0.10526315789473684,0.2,0.1031578947368421,0.03207366654281716,0.5373134328358209,False,0.16666666666666666,300,0.8,0.11175438596491227,0.03657941723547388,0.07462686567164178,False,0.06140350877192982
YFL,27,66,114,4,4,0.14912280701754385,0.5,0.10223684210526315,0.03173867033905241,0.0845771144278607,False,0.15789473684210525,100,0.8,0.11543859649122806,0.034447567824610205,0.15920398009950248,False,0.008771929824561403
YFL,27,67,114,4,4,0.14912280701754385,0.2,0.10078947368421051,0.03198614407135828,0.10945273631840796,False,0.14912280701754385,90,0.8,0.11824561403508771,0.036608158029453435,0.21890547263681592,False,0.0
YFL,27,68,114,4,4,0.14035087719298245,0.2,0.10482456140350876,0.035040852946307405,0.19402985074626866,False,0.16666666666666666,100,0.2,0.11653508771929824,0.03837603743805083,0.13930348258706468,False,0.02631578947368421
YFL,27,69,114,4,4,0.07894736842105263,0.5,0.10271929824561403,0.03139560538195521,0.8009950248756219,False,0.12280701754385964,60,0.8,0.11719298245614035,0.033336349200279454,0.43781094527363185,False,0.043859649122807015
YFL,27,70,114,4,4,0.10526315789473684,0.2,0.10425438596491228,0.035276507675276375,0.472636815920398,False,0.16666666666666666,90,0.8,0.11802631578947369,0.03553446422215,0.11442786069651742,False,0.06140350877192982
YFL,27,71,114,4,4,0.10526315789473684,0.2,0.10276315789473683,0.03382385570382143,0.4626865671641791,False,0.16666666666666666,180,0.5,0.10982456140350877,0.032537110899759,0.09950248756218906,False,0.06140350877192982
YFL,27,72,114,4,4,0.13157894736842105,0.8,0.10157894736842105,0.03245858253200114,0.208955223880597,False,0.19298245614035087,75,0.2,0.1207017543859649,0.03612202091120838,0.06467661691542288,False,0.06140350877192982
YFL,27,73,114,4,4,0.07894736842105263,0.5,0.1012719298245614,0.03341463726955412,0.7661691542288557,False,0.15789473684210525,60,0.2,0.1193859649122807,0.03325215038244643,0.13930348258706468,False,0.07894736842105263
YFL,27,74,114,4,4,0.11403508771929824,0.2,0.10100877192982455,0.03413791497116132,0.3681592039800995,False,0.14035087719298245,150,0.8,0.11320175438596491,0.03530302341905782,0.27860696517412936,False,0.02631578947368421
YFL,27,75,114,4,4,0.10526315789473684,0.2,0.09973684210526315,0.03399413225258859,0.472636815920398,False,0.14035087719298245,100,0.2,0.11557017543859648,0.03576916408908291,0.2835820895522388,False,0.03508771929824561
YFL,27,76,114,4,4,0.08771929824561403,0.5,0.10214912280701753,0.03372677483337901,0.7213930348258707,False,0.16666666666666666,100,0.5,0.11565789473684208,0.03333678415857553,0.0845771144278607,False,0.07894736842105263
YFL,27,77,114,4,4,0.08771929824561403,0.2,0.105,0.03726712522003707,0.7611940298507462,False,0.13157894736842105,75,0.2,0.11776315789473683,0.03501532578555383,0.40298507462686567,False,0.043859649122807015
YFL,27,78,114,4,4,0.12280701754385964,0.8,0.09859649122807017,0.031056937179058965,0.2537313432835821,False,0.15789473684210525,60,0.2,0.11912280701754385,0.03594087524564144,0.15920398009950248,False,0.03508771929824561
YFL,27,79,114,4,4,0.08771929824561403,0.2,0.10280701754385965,0.031939811248185665,0.736318407960199,False,0.15789473684210525,60,0.2,0.11754385964912281,0.035623607640529506,0.18407960199004975,False,0.07017543859649122
YFL,27,80,114,4,4,0.11403508771929824,0.5,0.10359649122807017,0.03617710693017109,0.4228855721393035,False,0.13157894736842105,180,0.8,0.11013157894736843,0.035598606985837486,0.3034825870646766,False,0.017543859649122806
YFL,27,81,114,4,4,0.11403508771929824,0.8,0.10407894736842105,0.03255751506474045,0.40298507462686567,False,0.18421052631578946,90,0.8,0.12017543859649123,0.03577524423562946,0.06467661691542288,False,0.07017543859649122
YFL,27,82,114,4,4,0.07894736842105263,0.5,0.10109649122807017,0.0336698619396054,0.7810945273631841,False,0.14912280701754385,100,0.2,0.11407894736842103,0.03812452877825409,0.18407960199004975,False,0.07017543859649122
YFL,27,83,114,4,4,0.17543859649122806,0.8,0.10171052631578947,0.03353361486792606,0.03980099502487562,True,0.19298245614035087,100,0.8,0.1144736842105263,0.03254649781037578,0.01990049751243781,True,0.017543859649122806
YFL,27,84,114,4,4,0.12280701754385964,0.2,0.1018421052631579,0.031898987543768874,0.27860696517412936,False,0.14912280701754385,75,0.8,0.1219736842105263,0.03486215848951179,0.2835820895522388,False,0.02631578947368421
YFL,27,85,114,4,4,0.14035087719298245,0.2,0.10324561403508771,0.032331464098651626,0.15422885572139303,False,0.14912280701754385,75,0.2,0.11714912280701753,0.034283942545094814,0.208955223880597,False,0.008771929824561403
YFL,27,86,114,4,4,0.12280701754385964,0.2,0.10605263157894736,0.032717601769706596,0.32338308457711445,False,0.15789473684210525,90,0.2,0.11649122807017545,0.035647045083670566,0.15920398009950248,False,0.03508771929824561
YFL,27,87,114,4,4,0.06140350877192982,0.8,0.10276315789473683,0.030556608326477212,0.9353233830845771,False,0.12280701754385964,300,0.8,0.10855263157894736,0.03492687169319248,0.40298507462686567,False,0.06140350877192982
YFL,27,88,114,4,4,0.10526315789473684,0.2,0.10263157894736842,0.034047436981393876,0.4925373134328358,False,0.13157894736842105,100,0.5,0.11460526315789472,0.035581006420968196,0.3283582089552239,False,0.02631578947368421
YFL,27,89,114,4,4,0.09649122807017543,0.5,0.1031140350877193,0.03331845299530418,0.6218905472636815,False,0.12280701754385964,100,0.5,0.11530701754385966,0.03533367796147259,0.47761194029850745,False,0.02631578947368421
YFL,27,90,114,4,4,0.09649122807017543,0.2,0.1025,0.034895194948047686,0.6069651741293532,False,0.14035087719298245,75,0.2,0.11837719298245614,0.033009482784715084,0.29850746268656714,False,0.043859649122807015
YFL,27,91,114,4,4,0.07017543859649122,0.2,0.10092105263157894,0.03245426391615472,0.835820895522388,False,0.15789473684210525,75,0.8,0.11890350877192983,0.032474511766591926,0.15920398009950248,False,0.08771929824561403
YFL,27,92,114,4,4,0.09649122807017543,0.8,0.10521929824561405,0.031159575640501258,0.6268656716417911,False,0.11403508771929824,300,0.5,0.10912280701754386,0.03420199180578122,0.472636815920398,False,0.017543859649122806
YFL,27,93,114,4,4,0.16666666666666666,0.2,0.10438596491228071,0.03219111410446419,0.05472636815920398,False,0.22807017543859648,100,0.8,0.11644736842105263,0.035817776362154906,0.004975124378109453,True,0.06140350877192982
YFL,27,94,114,4,4,0.13157894736842105,0.5,0.10609649122807017,0.03256843954896076,0.263681592039801,False,0.19298245614035087,450,0.8,0.10802631578947366,0.034133384023539964,0.014925373134328358,True,0.06140350877192982
YFL,29,30,114,4,4,0.13157894736842105,0.2,0.10214912280701753,0.03331148915135157,0.23383084577114427,False,0.15789473684210525,300,0.2,0.10732456140350877,0.035579919681036846,0.11442786069651742,False,0.02631578947368421
YFL,29,31,114,4,4,0.12280701754385964,0.5,0.09938596491228069,0.02997831560550618,0.23880597014925373,False,0.19298245614035087,450,0.5,0.10675438596491228,0.030616435398601143,0.014925373134328358,True,0.07017543859649122
YFL,29,32,114,4,4,0.07017543859649122,0.2,0.10434210526315789,0.032219899069206547,0.8905472636815921,False,0.14035087719298245,75,0.5,0.12074561403508771,0.03497709684262422,0.32338308457711445,False,0.07017543859649122
YFL,29,33,114,4,4,0.09649122807017543,0.2,0.10057017543859649,0.03224964751504327,0.5870646766169154,False,0.14035087719298245,75,0.5,0.11298245614035085,0.036253660119320595,0.26865671641791045,False,0.043859649122807015
YFL,29,34,114,4,4,0.07894736842105263,0.2,0.10434210526315787,0.030758659370869988,0.8208955223880597,False,0.14035087719298245,100,0.2,0.11833333333333335,0.035383899383704294,0.2835820895522388,False,0.06140350877192982
YFL,29,35,114,4,4,0.10526315789473684,0.2,0.10258771929824562,0.030402090419381043,0.527363184079602,False,0.14035087719298245,75,0.5,0.1162280701754386,0.036009555939463624,0.263681592039801,False,0.03508771929824561
YFL,29,36,114,4,4,0.12280701754385964,0.2,0.1031140350877193,0.030150496150788436,0.25870646766169153,False,0.18421052631578946,60,0.2,0.11526315789473683,0.033278303848087484,0.03980099502487562,True,0.06140350877192982
YFL,29,37,114,4,4,0.10526315789473684,0.2,0.10171052631578949,0.0296669802824389,0.527363184079602,False,0.12280701754385964,60,0.2,0.11618421052631579,0.03498284490035132,0.4577114427860697,False,0.017543859649122806
YFL,29,38,114,4,4,0.06140350877192982,0.2,0.10324561403508771,0.03111254008941789,0.9701492537313433,False,0.11403508771929824,75,0.2,0.12017543859649123,0.0379364593130312,0.5671641791044776,False,0.05263157894736842
YFL,29,39,114,4,4,0.09649122807017543,0.2,0.10456140350877194,0.0301743724555328,0.6218905472636815,False,0.14035087719298245,450,0.2,0.10236842105263158,0.031253898327881696,0.13930348258706468,False,0.043859649122807015
YFL,29,40,114,4,4,0.12280701754385964,0.2,0.10096491228070176,0.030954052073975828,0.24378109452736318,False,0.12280701754385964,900,0.2,0.10096491228070176,0.030954052073975828,0.24378109452736318,False,0.0
YFL,29,59,114,4,4,0.08771929824561403,0.2,0.10276315789473683,0.027841925248209238,0.7960199004975125,False,0.14912280701754385,300,0.5,0.10679824561403509,0.03334095946950629,0.13930348258706468,False,0.06140350877192982
YFL,29,60,114,4,4,0.10526315789473684,0.2,0.09964912280701753,0.03146265577929736,0.48258706467661694,False,0.10526315789473684,900,0.2,0.09964912280701753,0.03146265577929736,0.48258706467661694,False,0.0
YFL,29,61,114,4,4,0.09649122807017543,0.2,0.1037719298245614,0.027134834155659242,0.6766169154228856,False,0.12280701754385964,450,0.5,0.10346491228070175,0.029695640325095658,0.263681592039801,False,0.02631578947368421
YFL,29,62,114,4,4,0.07017543859649122,0.2,0.10197368421052631,0.03304975375642866,0.8706467661691543,False,0.12280701754385964,60,0.8,0.11302631578947368,0.03215719346442776,0.40298507462686567,False,0.05263157894736842
YFL,29,63,114,4,4,0.07894736842105263,0.5,0.10780701754385964,0.03336591344788293,0.8258706467661692,False,0.09649122807017543,60,0.8,0.11728070175438596,0.03186891177155006,0.7810945273631841,False,0.017543859649122806
YFL,29,64,114,4,4,0.09649122807017543,0.2,0.10149122807017545,0.029344767241353407,0.5870646766169154,False,0.15789473684210525,60,0.8,0.11828947368421051,0.0338992215307287,0.14925373134328357,False,0.06140350877192982
YFL,29,65,114,4,4,0.07894736842105263,0.2,0.10320175438596492,0.029019709564376557,0.845771144278607,False,0.12280701754385964,90,0.5,0.11206140350877192,0.03733479022510972,0.3880597014925373,False,0.043859649122807015
YFL,29,66,114,4,4,0.09649122807017543,0.8,0.10333333333333332,0.03176987352472749,0.6119402985074627,False,0.13157894736842105,60,0.2,0.11390350877192983,0.03339935901649278,0.3383084577114428,False,0.03508771929824561
YFL,29,67,114,4,4,0.08771929824561403,0.2,0.10263157894736842,0.034554710300884174,0.6915422885572139,False,0.14035087719298245,75,0.2,0.11557017543859649,0.03599545968341783,0.2935323383084577,False,0.05263157894736842
YFL,29,68,114,4,4,0.09649122807017543,0.8,0.10061403508771928,0.03155922763371062,0.6069651741293532,False,0.13157894736842105,300,0.2,0.10526315789473684,0.03267987958155302,0.2537313432835821,False,0.03508771929824561
YFL,29,69,114,4,4,0.09649122807017543,0.2,0.10315789473684209,0.03074410499522346,0.6318407960199005,False,0.12280701754385964,60,0.2,0.11517543859649124,0.03673837110805079,0.46766169154228854,False,0.02631578947368421
YFL,29,70,114,4,4,0.08771929824561403,0.2,0.10192982456140351,0.03167723983968974,0.7164179104477612,False,0.11403508771929824,75,0.2,0.11552631578947366,0.0337750353216204,0.582089552238806,False,0.02631578947368421
YFL,29,71,114,4,4,0.12280701754385964,0.2,0.10416666666666666,0.03253684351137534,0.2835820895522388,False,0.19298245614035087,150,0.2,0.1064035087719298,0.03258876477362866,0.024875621890547265,True,0.07017543859649122
YFL,29,72,114,4,4,0.08771929824561403,0.2,0.1031140350877193,0.03074734338953021,0.7661691542288557,False,0.19298245614035087,75,0.2,0.11776315789473683,0.03469360673213308,0.024875621890547265,True,0.10526315789473684
YFL,29,73,114,4,4,0.11403508771929824,0.8,0.10070175438596492,0.03005367550916561,0.3283582089552239,False,0.15789473684210525,60,0.2,0.11767543859649124,0.03453543015251798,0.13930348258706468,False,0.043859649122807015
YFL,29,74,114,4,4,0.12280701754385964,0.2,0.10206140350877192,0.029419351386879535,0.31343283582089554,False,0.18421052631578946,150,0.5,0.11504385964912281,0.03577716264517554,0.04975124378109453,True,0.06140350877192982
YFL,29,75,114,4,4,0.07894736842105263,0.2,0.10464912280701753,0.03050762924911235,0.8507462686567164,False,0.14035087719298245,75,0.2,0.115,0.033460805738165504,0.25870646766169153,False,0.06140350877192982
YFL,29,76,114,4,4,0.07017543859649122,0.8,0.10074561403508772,0.03176765226273068,0.845771144278607,False,0.15789473684210525,180,0.5,0.10986842105263157,0.03577456871482131,0.13432835820895522,False,0.08771929824561403
YFL,29,77,114,4,4,0.08771929824561403,0.2,0.10438596491228071,0.03187728247671803,0.7711442786069652,False,0.14035087719298245,450,0.5,0.10421052631578948,0.03390586509087491,0.18407960199004975,False,0.05263157894736842
YFL,29,78,114,4,4,0.07017543859649122,0.5,0.09951754385964913,0.03173867033905241,0.8606965174129353,False,0.17543859649122806,100,0.5,0.11149122807017543,0.03181159222801264,0.03482587064676617,True,0.10526315789473684
YFL,29,79,114,4,4,0.07894736842105263,0.8,0.10394736842105262,0.03375946202867323,0.8009950248756219,False,0.14912280701754385,100,0.2,0.11289473684210526,0.033903013936975326,0.15422885572139303,False,0.07017543859649122
YFL,29,80,114,4,4,0.13157894736842105,0.2,0.10280701754385964,0.030158991230574268,0.1890547263681592,False,0.15789473684210525,75,0.5,0.11956140350877192,0.033130061313653064,0.15422885572139303,False,0.02631578947368421
YFL,29,81,114,4,4,0.12280701754385964,0.8,0.10219298245614034,0.032712401295431404,0.32338308457711445,False,0.22807017543859648,90,0.8,0.11385964912280702,0.03512032338665039,0.009950248756218905,True,0.10526315789473684
YFL,29,82,114,4,4,0.08771929824561403,0.2,0.09675438596491227,0.030928058533692578,0.6666666666666666,False,0.14035087719298245,60,0.8,0.11254385964912281,0.03299908513296049,0.24875621890547264,False,0.05263157894736842
YFL,29,83,114,4,4,0.07017543859649122,0.5,0.10587719298245613,0.033038900645913805,0.8756218905472637,False,0.18421052631578946,300,0.2,0.10486842105263157,0.03227864981078435,0.01990049751243781,True,0.11403508771929824
YFL,29,84,114,4,4,0.13157894736842105,0.5,0.10214912280701753,0.03099035025589997,0.19900497512437812,False,0.16666666666666666,150,0.2,0.11171052631578947,0.034760858543032194,0.0945273631840796,False,0.03508771929824561
YFL,29,85,114,4,4,0.06140350877192982,0.2,0.1062719298245614,0.03605706666002523,0.9402985074626866,False,0.19298245614035087,75,0.2,0.11254385964912281,0.034071391227287216,0.01990049751243781,True,0.13157894736842105
YFL,29,86,114,4,4,0.15789473684210525,0.2,0.10429824561403507,0.030205495446854087,0.07462686567164178,False,0.15789473684210525,75,0.5,0.1144298245614035,0.03386863866078539,0.12935323383084577,False,0.0
YFL,29,87,114,4,4,0.10526315789473684,0.2,0.10421052631578948,0.03149361063563865,0.4975124378109453,False,0.17543859649122806,60,0.8,0.11495614035087719,0.03311940964433691,0.06467661691542288,False,0.07017543859649122
YFL,29,88,114,4,4,0.07894736842105263,0.2,0.10486842105263157,0.032576749202367306,0.8258706467661692,False,0.13157894736842105,150,0.8,0.10916666666666666,0.03551160578932438,0.2935323383084577,False,0.05263157894736842
YFL,29,89,114,4,4,0.12280701754385964,0.5,0.10078947368421055,0.03217898009174888,0.2935323383084577,False,0.14912280701754385,60,0.2,0.11416666666666667,0.033295002251349515,0.18407960199004975,False,0.02631578947368421
YFL,29,90,114,4,4,0.08771929824561403,0.2,0.10320175438596489,0.03075337909774195,0.7213930348258707,False,0.11403508771929824,75,0.2,0.11942982456140351,0.032006537051285165,0.6169154228855721,False,0.02631578947368421
YFL,29,91,114,4,4,0.11403508771929824,0.5,0.10109649122807017,0.031498245102378496,0.3681592039800995,False,0.13157894736842105,150,0.2,0.10916666666666666,0.031544368453331084,0.31343283582089554,False,0.017543859649122806
YFL,29,92,114,4,4,0.08771929824561403,0.2,0.10092105263157895,0.03187725215204372,0.6716417910447762,False,0.14912280701754385,450,0.2,0.10350877192982455,0.02992525694097752,0.0845771144278607,False,0.06140350877192982
YFL,29,93,114,4,4,0.17543859649122806,0.2,0.10657894736842105,0.028722016943141398,0.029850746268656716,True,0.17543859649122806,900,0.2,0.10657894736842105,0.028722016943141398,0.029850746268656716,True,0.0
YFL,29,94,114,4,4,0.12280701754385964,0.2,0.1064035087719298,0.033176713210387225,0.34328358208955223,False,0.15789473684210525,75,0.2,0.11714912280701753,0.035817344543689504,0.17412935323383086,False,0.03508771929824561
YFL,30,31,114,4,4,0.08771929824561403,0.8,0.10271929824561404,0.03012602335445592,0.7412935323383084,False,0.19298245614035087,450,0.5,0.10482456140350876,0.031274181504504533,0.009950248756218905,True,0.10526315789473684
YFL,30,32,114,4,4,0.10526315789473684,0.8,0.10486842105263157,0.03059353605388207,0.5572139303482587,False,0.14912280701754385,150,0.5,0.11293859649122806,0.033818825343662776,0.17412935323383086,False,0.043859649122807015
YFL,30,33,114,4,4,0.08771929824561403,0.8,0.10587719298245613,0.03185920385294127,0.7611940298507462,False,0.12280701754385964,100,0.8,0.11298245614035085,0.031968852726496924,0.44776119402985076,False,0.03508771929824561
YFL,30,34,114,4,4,0.09649122807017543,0.2,0.10447368421052632,0.03074347614124582,0.6517412935323383,False,0.16666666666666666,150,0.8,0.11482456140350877,0.03390164529793218,0.09950248756218906,False,0.07017543859649122
YFL,30,35,114,4,4,0.13157894736842105,0.5,0.10421052631578949,0.030898664522836024,0.21890547263681592,False,0.21052631578947367,300,0.2,0.10850877192982455,0.035277959982760655,0.014925373134328358,True,0.07894736842105263
YFL,30,36,114,4,4,0.14035087719298245,0.2,0.10293859649122807,0.03300339103684163,0.15920398009950248,False,0.20175438596491227,300,0.2,0.11061403508771928,0.035392640519685485,0.014925373134328358,True,0.06140350877192982
YFL,30,37,114,4,4,0.07894736842105263,0.5,0.10184210526315787,0.02945366822011819,0.7960199004975125,False,0.15789473684210525,450,0.5,0.10662280701754386,0.03292855823959007,0.0945273631840796,False,0.07894736842105263
YFL,30,38,114,4,4,0.10526315789473684,0.8,0.10859649122807018,0.028421716545555697,0.6069651741293532,False,0.14035087719298245,150,0.5,0.11320175438596491,0.035499626450386235,0.23880597014925373,False,0.03508771929824561
YFL,30,39,114,4,4,0.06140350877192982,0.2,0.10666666666666666,0.03156572058360274,0.9601990049751243,False,0.14035087719298245,75,0.5,0.11982456140350876,0.03440263932074471,0.31343283582089554,False,0.07894736842105263
YFL,30,40,114,4,4,0.15789473684210525,0.5,0.10385964912280703,0.030124098044975612,0.07462686567164178,False,0.16666666666666666,150,0.2,0.11754385964912281,0.034330180890707204,0.10945273631840796,False,0.008771929824561403
YFL,30,59,114,4,4,0.11403508771929824,0.2,0.10539473684210526,0.031870943992628346,0.4228855721393035,False,0.17543859649122806,150,0.5,0.11092105263157893,0.03429521906381165,0.05472636815920398,False,0.06140350877192982
YFL,30,60,114,4,4,0.09649122807017543,0.5,0.10881578947368421,0.030311655003513096,0.7164179104477612,False,0.14912280701754385,300,0.8,0.10421052631578948,0.033757285776074036,0.12437810945273632,False,0.05263157894736842
YFL,30,61,114,4,4,0.10526315789473684,0.2,0.09991228070175438,0.03306557360556974,0.48258706467661694,False,0.14035087719298245,150,0.2,0.11662280701754385,0.03658530988119531,0.32338308457711445,False,0.03508771929824561
YFL,30,62,114,4,4,0.08771929824561403,0.2,0.10394736842105264,0.031728343703335604,0.7014925373134329,False,0.16666666666666666,60,0.8,0.12030701754385964,0.03478198702816851,0.11442786069651742,False,0.07894736842105263
YFL,30,63,114,4,4,0.07017543859649122,0.5,0.10456140350877191,0.03166258869425975,0.9104477611940298,False,0.13157894736842105,75,0.5,0.12188596491228068,0.03315441596209772,0.4079601990049751,False,0.06140350877192982
YFL,30,64,114,4,4,0.10526315789473684,0.5,0.1056140350877193,0.03134938650199476,0.5472636815920398,False,0.18421052631578946,300,0.5,0.10758771929824562,0.03764462140206694,0.05970149253731343,False,0.07894736842105263
YFL,30,65,114,4,4,0.07017543859649122,0.5,0.10337719298245612,0.030739545512417994,0.8756218905472637,False,0.19298245614035087,300,0.2,0.11298245614035088,0.031048469844557187,0.014925373134328358,True,0.12280701754385964
YFL,30,66,114,4,4,0.09649122807017543,0.2,0.10307017543859648,0.030649758870231126,0.6019900497512438,False,0.15789473684210525,150,0.8,0.11302631578947367,0.03517772002231844,0.13432835820895522,False,0.06140350877192982
YFL,30,67,114,4,4,0.12280701754385964,0.2,0.10223684210526315,0.029014645891428187,0.30845771144278605,False,0.16666666666666666,300,0.8,0.10864035087719298,0.03439406816452738,0.05472636815920398,False,0.043859649122807015
YFL,30,68,114,4,4,0.09649122807017543,0.2,0.10381578947368421,0.03197148330679755,0.6368159203980099,False,0.22807017543859648,300,0.2,0.10982456140350877,0.03414904155945255,0.004975124378109453,True,0.13157894736842105
YFL,30,69,114,4,4,0.10526315789473684,0.2,0.10714912280701754,0.030940151995449205,0.582089552238806,False,0.14912280701754385,60,0.2,0.11868421052631577,0.0331137176222658,0.19900497512437812,False,0.043859649122807015
YFL,30,70,114,4,4,0.10526315789473684,0.2,0.10232456140350876,0.034129985418083805,0.4975124378109453,False,0.21929824561403508,300,0.2,0.10986842105263157,0.03529579382808801,0.004975124378109453,True,0.11403508771929824
YFL,30,71,114,4,4,0.11403508771929824,0.5,0.10456140350877191,0.03427787988343428,0.39303482587064675,False,0.20175438596491227,150,0.5,0.11087719298245613,0.03209535927605221,0.014925373134328358,True,0.08771929824561403
YFL,30,72,114,4,4,0.07894736842105263,0.8,0.10438596491228071,0.03487771058659946,0.8208955223880597,False,0.18421052631578946,75,0.5,0.12043859649122807,0.03366724921198211,0.05472636815920398,False,0.10526315789473684
YFL,30,73,114,4,4,0.07894736842105263,0.5,0.10513157894736842,0.03366457885226449,0.8308457711442786,False,0.18421052631578946,75,0.2,0.12078947368421052,0.03586926039098523,0.06965174129353234,False,0.10526315789473684
YFL,30,74,114,4,4,0.10526315789473684,0.5,0.1057456140350877,0.02948525688723126,0.5323383084577115,False,0.14035087719298245,450,0.8,0.10855263157894736,0.03376733545495652,0.21890547263681592,False,0.03508771929824561
YFL,30,75,114,4,4,0.11403508771929824,0.5,0.10368421052631578,0.03459675910498018,0.4228855721393035,False,0.18421052631578946,450,0.5,0.10530701754385964,0.03133282357031785,0.014925373134328358,True,0.07017543859649122
YFL,30,76,114,4,4,0.09649122807017543,0.2,0.10232456140350876,0.03191701334616429,0.5920398009950248,False,0.12280701754385964,100,0.2,0.11346491228070174,0.03580849111757992,0.46766169154228854,False,0.02631578947368421
YFL,30,77,114,4,4,0.10526315789473684,0.8,0.10837719298245613,0.03502040510331407,0.5422885572139303,False,0.14912280701754385,75,0.2,0.12219298245614034,0.035247256982448336,0.263681592039801,False,0.043859649122807015
YFL,30,78,114,4,4,0.10526315789473684,0.2,0.10394736842105262,0.031125462540869685,0.5223880597014925,False,0.14912280701754385,90,0.8,0.11657894736842105,0.03301642249286839,0.19402985074626866,False,0.043859649122807015
YFL,30,79,114,4,4,0.11403508771929824,0.2,0.10271929824561404,0.03098651333591798,0.3880597014925373,False,0.14912280701754385,75,0.8,0.11947368421052632,0.03280458715806655,0.23383084577114427,False,0.03508771929824561
YFL,30,80,114,4,4,0.10526315789473684,0.5,0.10811403508771927,0.03352023655105986,0.5621890547263682,False,0.19298245614035087,300,0.5,0.11171052631578947,0.03571550590433207,0.029850746268656716,True,0.08771929824561403
YFL,30,81,114,4,4,0.12280701754385964,0.2,0.10548245614035087,0.033108199805454666,0.32338308457711445,False,0.17543859649122806,100,0.2,0.11934210526315787,0.035524669551956954,0.09950248756218906,False,0.05263157894736842
YFL,30,82,114,4,4,0.07017543859649122,0.2,0.10517543859649123,0.029364262276863354,0.9303482587064676,False,0.15789473684210525,300,0.2,0.1075438596491228,0.035299107574416594,0.09950248756218906,False,0.08771929824561403
YFL,30,83,114,4,4,0.12280701754385964,0.2,0.10780701754385964,0.03228215348858549,0.3582089552238806,False,0.17543859649122806,300,0.8,0.10868421052631579,0.033702604333138264,0.04477611940298507,True,0.05263157894736842
YFL,30,84,114,4,4,0.09649122807017543,0.2,0.1074561403508772,0.032865704664686884,0.681592039800995,False,0.18421052631578946,225,0.2,0.11793859649122808,0.03442800305258131,0.04975124378109453,True,0.08771929824561403
YFL,30,85,114,4,4,0.10526315789473684,0.5,0.10359649122807017,0.030480747594152348,0.5223880597014925,False,0.16666666666666666,75,0.2,0.11614035087719297,0.03478045842388015,0.11442786069651742,False,0.06140350877192982
YFL,30,86,114,4,4,0.07017543859649122,0.2,0.10587719298245613,0.03053296760552814,0.9104477611940298,False,0.16666666666666666,225,0.5,0.11385964912280702,0.03457663573873241,0.07960199004975124,False,0.09649122807017543
YFL,30,87,114,4,4,0.12280701754385964,0.2,0.1044298245614035,0.031555398617336944,0.31840796019900497,False,0.14912280701754385,225,0.8,0.11368421052631578,0.03606417044703302,0.15422885572139303,False,0.02631578947368421
YFL,30,88,114,4,4,0.11403508771929824,0.2,0.10302631578947366,0.03260878088694059,0.373134328358209,False,0.16666666666666666,150,0.8,0.11342105263157894,0.034007778943145425,0.08955223880597014,False,0.05263157894736842
YFL,30,89,114,4,4,0.09649122807017543,0.2,0.10600877192982455,0.0312868827093184,0.6666666666666666,False,0.14912280701754385,300,0.5,0.10921052631578947,0.03533753526479126,0.15920398009950248,False,0.05263157894736842
YFL,30,90,114,4,4,0.07894736842105263,0.2,0.10412280701754384,0.031893168640036024,0.845771144278607,False,0.14912280701754385,75,0.8,0.11811403508771928,0.030840011866174084,0.19900497512437812,False,0.07017543859649122
YFL,30,91,114,4,4,0.06140350877192982,0.5,0.10535087719298245,0.032927295885201865,0.9253731343283582,False,0.14912280701754385,75,0.2,0.1175,0.03438529808261913,0.208955223880597,False,0.08771929824561403
YFL,30,92,114,4,4,0.06140350877192982,0.5,0.10657894736842105,0.031274181504504533,0.9552238805970149,False,0.14035087719298245,100,0.5,0.1175,0.03347360136395784,0.2835820895522388,False,0.07894736842105263
YFL,30,93,114,4,4,0.13157894736842105,0.5,0.10438596491228071,0.030399578424113477,0.22885572139303484,False,0.20175438596491227,225,0.2,0.11359649122807017,0.03189850267566713,0.009950248756218905,True,0.07017543859649122
YFL,30,94,114,4,4,0.10526315789473684,0.2,0.10964912280701754,0.03174357355286784,0.5771144278606966,False,0.14912280701754385,300,0.2,0.10921052631578945,0.03201949117247523,0.13930348258706468,False,0.043859649122807015
YFL,31,32,114,4,4,0.11403508771929824,0.5,0.10486842105263157,0.031020280641252774,0.39800995024875624,False,0.18421052631578946,225,0.2,0.1093421052631579,0.030940151995449205,0.01990049751243781,True,0.07017543859649122
YFL,31,33,114,4,4,0.14912280701754385,0.5,0.10482456140350876,0.03248704124298575,0.0845771144278607,False,0.15789473684210525,100,0.2,0.1162719298245614,0.032334902262798726,0.13432835820895522,False,0.008771929824561403
YFL,31,34,114,4,4,0.11403508771929824,0.2,0.10776315789473685,0.030556608326477212,0.4527363184079602,False,0.15789473684210525,100,0.2,0.1194298245614035,0.03252186625322106,0.13930348258706468,False,0.043859649122807015
YFL,31,35,114,4,4,0.10526315789473684,0.5,0.1031140350877193,0.03184691302569696,0.5024875621890548,False,0.19298245614035087,75,0.2,0.11793859649122806,0.035976763560852505,0.03482587064676617,True,0.08771929824561403
YFL,31,36,114,4,4,0.15789473684210525,0.2,0.1056140350877193,0.033726115607122305,0.07960199004975124,False,0.21052631578947367,450,0.5,0.10758771929824562,0.036060283642608014,0.01990049751243781,True,0.05263157894736842
YFL,31,37,114,4,4,0.14035087719298245,0.2,0.10320175438596492,0.03314951730303208,0.16417910447761194,False,0.15789473684210525,450,0.2,0.10337719298245612,0.035031223802712126,0.09950248756218906,False,0.017543859649122806
YFL,31,38,114,4,4,0.14035087719298245,0.5,0.10460526315789474,0.03202175534080884,0.14427860696517414,False,0.15789473684210525,225,0.2,0.11114035087719298,0.032228448560968265,0.10945273631840796,False,0.017543859649122806
YFL,31,39,114,4,4,0.12280701754385964,0.2,0.10671052631578946,0.03279536254716665,0.39303482587064675,False,0.19298245614035087,225,0.2,0.11276315789473684,0.034424633533687875,0.01990049751243781,True,0.07017543859649122
YFL,31,40,114,4,4,0.14912280701754385,0.2,0.10263157894736841,0.030753661992499685,0.07960199004975124,False,0.19298245614035087,100,0.2,0.11355263157894736,0.03332657564076935,0.01990049751243781,True,0.043859649122807015
YFL,31,59,114,4,4,0.10526315789473684,0.2,0.1063157894736842,0.030330305476844805,0.5472636815920398,False,0.14912280701754385,300,0.5,0.10899122807017544,0.034256186511412386,0.17412935323383086,False,0.043859649122807015
YFL,31,60,114,4,4,0.15789473684210525,0.8,0.10381578947368421,0.030612235836269687,0.05970149253731343,False,0.16666666666666666,450,0.2,0.10508771929824562,0.035219272033619756,0.07462686567164178,False,0.008771929824561403
YFL,31,61,114,4,4,0.09649122807017543,0.8,0.0994298245614035,0.02990299207144563,0.5920398009950248,False,0.14035087719298245,450,0.2,0.10460526315789473,0.031803660159110646,0.15920398009950248,False,0.043859649122807015
YFL,31,62,114,4,4,0.11403508771929824,0.5,0.10403508771929823,0.03372840851248206,0.4079601990049751,False,0.15789473684210525,90,0.2,0.11850877192982455,0.034966178458852755,0.1691542288557214,False,0.043859649122807015
YFL,31,63,114,4,4,0.14912280701754385,0.2,0.10609649122807015,0.029160870227054516,0.1044776119402985,False,0.14912280701754385,450,0.2,0.10894736842105264,0.03224344219211578,0.12935323383084577,False,0.0
YFL,31,64,114,4,4,0.14035087719298245,0.2,0.10592105263157894,0.03602230494178888,0.1890547263681592,False,0.14912280701754385,100,0.2,0.11491228070175438,0.032537586251459936,0.15422885572139303,False,0.008771929824561403
YFL,31,65,114,4,4,0.07017543859649122,0.5,0.10469298245614034,0.031067362526227896,0.8955223880597015,False,0.15789473684210525,300,0.5,0.11175438596491226,0.03315257904977204,0.09950248756218906,False,0.08771929824561403
YFL,31,66,114,4,4,0.16666666666666666,0.5,0.10460526315789473,0.029455604533182165,0.029850746268656716,True,0.16666666666666666,100,0.5,0.11135964912280702,0.03180682106731296,0.07462686567164178,False,0.0
YFL,31,67,114,4,4,0.09649122807017543,0.2,0.09894736842105263,0.030490513954868226,0.5572139303482587,False,0.16666666666666666,100,0.8,0.11561403508771928,0.03751376604425669,0.13432835820895522,False,0.07017543859649122
YFL,31,68,114,4,4,0.14912280701754385,0.2,0.10271929824561404,0.032210206901909004,0.0845771144278607,False,0.18421052631578946,100,0.8,0.11653508771929821,0.03339820128828244,0.03980099502487562,True,0.03508771929824561
YFL,31,69,114,4,4,0.11403508771929824,0.2,0.10320175438596489,0.030665240689307465,0.42786069651741293,False,0.14035087719298245,60,0.5,0.1163157894736842,0.03537570260710744,0.26865671641791045,False,0.02631578947368421
YFL,31,70,114,4,4,0.12280701754385964,0.2,0.10631578947368421,0.03328434528106806,0.3681592039800995,False,0.19298245614035087,75,0.2,0.11469298245614035,0.03566632059431973,0.03482587064676617,True,0.07017543859649122
YFL,31,71,114,4,4,0.14912280701754385,0.2,0.10412280701754385,0.032966259779566506,0.09950248756218906,False,0.17543859649122806,225,0.2,0.10473684210526316,0.03271110104767801,0.029850746268656716,True,0.02631578947368421
YFL,31,72,114,4,4,0.18421052631578946,0.8,0.10350877192982455,0.03297435191859723,0.01990049751243781,True,0.21929824561403508,75,0.5,0.11815789473684209,0.03434042885740063,0.009950248756218905,True,0.03508771929824561
YFL,31,73,114,4,4,0.11403508771929824,0.2,0.10228070175438596,0.028528719650340418,0.3582089552238806,False,0.16666666666666666,75,0.5,0.11758771929824562,0.033683180828174036,0.0845771144278607,False,0.05263157894736842
YFL,31,74,114,4,4,0.14912280701754385,0.2,0.10144736842105263,0.032389624495790435,0.1044776119402985,False,0.20175438596491227,450,0.8,0.1093859649122807,0.030890529326398915,0.014925373134328358,True,0.05263157894736842
YFL,31,75,114,4,4,0.13157894736842105,0.2,0.10421052631578949,0.03263915225336953,0.24875621890547264,False,0.16666666666666666,75,0.2,0.11754385964912281,0.03647101346390493,0.1044776119402985,False,0.03508771929824561
YFL,31,76,114,4,4,0.10526315789473684,0.2,0.10057017543859649,0.032607357924685734,0.4626865671641791,False,0.14912280701754385,180,0.8,0.10925438596491227,0.03448523450124463,0.13432835820895522,False,0.043859649122807015
YFL,31,77,114,4,4,0.12280701754385964,0.2,0.10587719298245613,0.03224524095934518,0.3333333333333333,False,0.16666666666666666,75,0.2,0.1162719298245614,0.03446504601834722,0.11442786069651742,False,0.043859649122807015
YFL,31,78,114,4,4,0.13157894736842105,0.2,0.10421052631578948,0.029686035780234113,0.1791044776119403,False,0.21052631578947367,100,0.2,0.11166666666666666,0.03129840513201351,0.004975124378109453,True,0.07894736842105263
YFL,31,79,114,4,4,0.13157894736842105,0.2,0.10087719298245613,0.031974174136265285,0.22388059701492538,False,0.17543859649122806,100,0.5,0.11342105263157894,0.03380250010066456,0.05472636815920398,False,0.043859649122807015
YFL,31,80,114,4,4,0.12280701754385964,0.5,0.10767543859649123,0.03253684351137534,0.3681592039800995,False,0.16666666666666666,100,0.2,0.11763157894736842,0.03402687511513437,0.0845771144278607,False,0.043859649122807015
YFL,31,81,114,4,4,0.14035087719298245,0.5,0.10662280701754387,0.03418454878274755,0.21393034825870647,False,0.17543859649122806,90,0.8,0.11491228070175438,0.0370704042661257,0.05472636815920398,False,0.03508771929824561
YFL,31,82,114,4,4,0.14912280701754385,0.2,0.10293859649122807,0.03104744240057337,0.0845771144278607,False,0.18421052631578946,100,0.2,0.11425438596491226,0.03453722150508583,0.05472636815920398,False,0.03508771929824561
YFL,31,83,114,4,4,0.17543859649122806,0.8,0.10324561403508772,0.0342592622202234,0.024875621890547265,True,0.18421052631578946,225,0.2,0.11552631578947366,0.033694801848066,0.03482587064676617,True,0.008771929824561403
YFL,31,84,114,4,4,0.12280701754385964,0.2,0.10135964912280702,0.03227146158895763,0.26865671641791045,False,0.17543859649122806,225,0.2,0.11565789473684208,0.036152382086119365,0.06965174129353234,False,0.05263157894736842
YFL,31,85,114,4,4,0.15789473684210525,0.2,0.10872807017543859,0.03495409515927169,0.11940298507462686,False,0.21929824561403508,75,0.2,0.11675438596491228,0.03245893990894825,0.004975124378109453,True,0.06140350877192982
YFL,31,86,114,4,4,0.14912280701754385,0.5,0.10583333333333332,0.03192670368670721,0.11442786069651742,False,0.20175438596491227,450,0.5,0.10609649122807017,0.03319171534021851,0.024875621890547265,True,0.05263157894736842
YFL,31,87,114,4,4,0.14035087719298245,0.2,0.10692982456140351,0.031083693723122266,0.1791044776119403,False,0.15789473684210525,150,0.2,0.11802631578947366,0.03455244425221809,0.14925373134328357,False,0.017543859649122806
YFL,31,88,114,4,4,0.13157894736842105,0.2,0.10635964912280702,0.030778012622006447,0.263681592039801,False,0.14912280701754385,75,0.5,0.11355263157894736,0.03314041787226647,0.15920398009950248,False,0.017543859649122806
YFL,31,89,114,4,4,0.11403508771929824,0.2,0.10552631578947368,0.028602761806490073,0.43781094527363185,False,0.14912280701754385,450,0.2,0.1075,0.03221509836008684,0.12437810945273632,False,0.03508771929824561
YFL,31,90,114,4,4,0.12280701754385964,0.2,0.10179824561403508,0.03185176922787954,0.2835820895522388,False,0.17543859649122806,100,0.2,0.11649122807017545,0.03467936581951997,0.07462686567164178,False,0.05263157894736842
YFL,31,91,114,4,4,0.13157894736842105,0.5,0.10065789473684209,0.028426851831608323,0.17412935323383086,False,0.14912280701754385,100,0.8,0.11807017543859648,0.03466464499314528,0.22885572139303484,False,0.017543859649122806
YFL,31,92,114,4,4,0.10526315789473684,0.2,0.10289473684210527,0.0337704556868414,0.4626865671641791,False,0.13157894736842105,450,0.8,0.10710526315789473,0.031653183970783656,0.26865671641791045,False,0.02631578947368421
YFL,31,93,114,4,4,0.16666666666666666,0.2,0.10728070175438596,0.03175222085442139,0.05970149253731343,False,0.18421052631578946,450,0.8,0.1056140350877193,0.028479884862295985,0.004975124378109453,True,0.017543859649122806
YFL,31,94,114,4,4,0.10526315789473684,0.2,0.10802631578947368,0.03282835878259238,0.6069651741293532,False,0.19298245614035087,450,0.2,0.10539473684210526,0.03380212833083067,0.004975124378109453,True,0.08771929824561403
YFL,32,33,114,4,4,0.043859649122807015,0.2,0.10482456140350876,0.03540312703402303,0.9900497512437811,False,0.18421052631578946,100,0.2,0.11890350877192983,0.03594450602964355,0.05472636815920398,False,0.14035087719298245
YFL,32,34,114,4,4,0.08771929824561403,0.8,0.10350877192982455,0.03097915011002298,0.7313432835820896,False,0.13157894736842105,100,0.8,0.11574561403508771,0.033816081195450425,0.3383084577114428,False,0.043859649122807015
YFL,32,35,114,4,4,0.07894736842105263,0.2,0.10583333333333333,0.0328577917069495,0.8308457711442786,False,0.14035087719298245,100,0.2,0.11798245614035087,0.03789311645749838,0.31343283582089554,False,0.06140350877192982
YFL,32,36,114,4,4,0.10526315789473684,0.5,0.10184210526315787,0.031434991756603844,0.5124378109452736,False,0.21052631578947367,450,0.5,0.10657894736842106,0.03473050557679295,0.009950248756218905,True,0.10526315789473684
YFL,32,37,114,4,4,0.09649122807017543,0.5,0.10438596491228068,0.031828726039579466,0.6567164179104478,False,0.13157894736842105,450,0.5,0.10692982456140349,0.03443577976642433,0.26865671641791045,False,0.03508771929824561
YFL,32,38,114,4,4,0.07894736842105263,0.2,0.10587719298245613,0.03260299971644114,0.8208955223880597,False,0.17543859649122806,75,0.2,0.11894736842105263,0.03615839779343057,0.0845771144278607,False,0.09649122807017543
YFL,32,39,114,4,4,0.08771929824561403,0.2,0.10464912280701753,0.033411310214858804,0.7213930348258707,False,0.13157894736842105,90,0.2,0.11850877192982455,0.03509862741489972,0.3880597014925373,False,0.043859649122807015
YFL,32,40,114,4,4,0.07894736842105263,0.2,0.10434210526315789,0.03304928577129302,0.8009950248756219,False,0.16666666666666666,450,0.5,0.10434210526315789,0.03426702080917104,0.07960199004975124,False,0.08771929824561403
YFL,32,59,114,4,4,0.07894736842105263,0.2,0.10732456140350877,0.02856309122659641,0.8805970149253731,False,0.15789473684210525,300,0.5,0.10539473684210528,0.031883073960656934,0.0845771144278607,False,0.07894736842105263
YFL,32,60,114,4,4,0.07894736842105263,0.2,0.10267543859649121,0.03399967688123998,0.7761194029850746,False,0.13157894736842105,150,0.5,0.11368421052631579,0.03603199116665976,0.3482587064676617,False,0.05263157894736842
YFL,32,61,114,4,4,0.10526315789473684,0.2,0.10013157894736842,0.030109172722219097,0.47761194029850745,False,0.13157894736842105,75,0.2,0.11771929824561403,0.035311373944575404,0.34328358208955223,False,0.02631578947368421
YFL,32,62,114,4,4,0.05263157894736842,0.5,0.10456140350877191,0.03174795839448796,0.9701492537313433,False,0.15789473684210525,60,0.8,0.11504385964912281,0.03441092742437142,0.14925373134328357,False,0.10526315789473684
YFL,32,63,114,4,4,0.07017543859649122,0.8,0.10697368421052632,0.030293790802287283,0.9353233830845771,False,0.13157894736842105,180,0.2,0.11521929824561403,0.03433781084910361,0.35323383084577115,False,0.06140350877192982
YFL,32,64,114,4,4,0.06140350877192982,0.2,0.10732456140350877,0.03148645810023767,0.945273631840796,False,0.12280701754385964,60,0.8,0.11964912280701753,0.03791647676378061,0.4975124378109453,False,0.06140350877192982
YFL,32,65,114,4,4,0.07017543859649122,0.2,0.10271929824561403,0.027607796972111118,0.9303482587064676,False,0.14912280701754385,300,0.2,0.11228070175438595,0.03203458260526511,0.1691542288557214,False,0.07894736842105263
YFL,32,66,114,4,4,0.07894736842105263,0.2,0.10228070175438596,0.0312208481367337,0.8059701492537313,False,0.14912280701754385,100,0.2,0.11583333333333332,0.037970054183948915,0.17412935323383086,False,0.07017543859649122
YFL,32,67,114,4,4,0.07894736842105263,0.2,0.0987719298245614,0.03281260132733799,0.7512437810945274,False,0.13157894736842105,75,0.2,0.11864035087719298,0.03827070211538112,0.39800995024875624,False,0.05263157894736842
YFL,32,68,114,4,4,0.09649122807017543,0.2,0.10153508771929824,0.034368876273444676,0.5870646766169154,False,0.14035087719298245,75,0.8,0.12035087719298243,0.0334881818362835,0.29850746268656714,False,0.043859649122807015
YFL,32,69,114,4,4,0.06140350877192982,0.2,0.10517543859649123,0.031028911437483802,0.9402985074626866,False,0.14912280701754385,150,0.8,0.10850877192982455,0.03295452851512819,0.12935323383084577,False,0.08771929824561403
YFL,32,70,114,4,4,0.07894736842105263,0.2,0.10210526315789473,0.034240408580519535,0.7711442786069652,False,0.12280701754385964,75,0.8,0.11758771929824562,0.0346452028087327,0.472636815920398,False,0.043859649122807015
YFL,32,71,114,4,4,0.08771929824561403,0.8,0.10530701754385965,0.030469423577176497,0.7611940298507462,False,0.17543859649122806,150,0.8,0.10688596491228068,0.031179176097698248,0.04975124378109453,True,0.08771929824561403
YFL,32,72,114,4,4,0.14912280701754385,0.5,0.10307017543859649,0.03249894125849217,0.09950248756218906,False,0.21052631578947367,75,0.8,0.11916666666666664,0.03486969976646597,0.009950248756218905,True,0.06140350877192982
YFL,32,73,114,4,4,0.07894736842105263,0.5,0.10517543859649123,0.029963866109698385,0.8557213930348259,False,0.14912280701754385,75,0.8,0.11706140350877192,0.03402014152803845,0.19402985074626866,False,0.07017543859649122
YFL,32,74,114,4,4,0.07894736842105263,0.2,0.10276315789473683,0.03108353822838348,0.7910447761194029,False,0.16666666666666666,150,0.8,0.11381578947368422,0.031797580606336515,0.07960199004975124,False,0.08771929824561403
YFL,32,75,114,4,4,0.07017543859649122,0.8,0.09956140350877192,0.03416930358737597,0.8407960199004975,False,0.14912280701754385,100,0.8,0.11526315789473685,0.03575405382733519,0.208955223880597,False,0.07894736842105263
YFL,32,76,114,4,4,0.07017543859649122,0.2,0.10210526315789474,0.032951360357662635,0.8656716417910447,False,0.16666666666666666,225,0.2,0.1074561403508772,0.03527182152077718,0.06965174129353234,False,0.09649122807017543
YFL,32,77,114,4,4,0.06140350877192982,0.8,0.10416666666666669,0.03205796028609778,0.9353233830845771,False,0.12280701754385964,150,0.2,0.1118421052631579,0.03150821763550865,0.39303482587064675,False,0.06140350877192982
YFL,32,78,114,4,4,0.09649122807017543,0.5,0.10210526315789473,0.03204713326119826,0.6417910447761194,False,0.18421052631578946,150,0.5,0.10951754385964911,0.030130996501203166,0.014925373134328358,True,0.08771929824561403
YFL,32,79,114,4,4,0.05263157894736842,0.5,0.10214912280701753,0.02961218862969866,0.9751243781094527,False,0.14912280701754385,100,0.2,0.11767543859649124,0.03534330675503617,0.19900497512437812,False,0.09649122807017543
YFL,32,80,114,4,4,0.05263157894736842,0.8,0.1093859649122807,0.03162042883696713,0.9751243781094527,False,0.16666666666666666,75,0.2,0.1230701754385965,0.03597904737247599,0.14925373134328357,False,0.11403508771929824
YFL,32,81,114,4,4,0.12280701754385964,0.2,0.10789473684210524,0.03249001665547933,0.39303482587064675,False,0.18421052631578946,90,0.8,0.11495614035087719,0.036454019737604905,0.05472636815920398,False,0.06140350877192982
YFL,32,82,114,4,4,0.07017543859649122,0.2,0.1018421052631579,0.031741015448854853,0.8955223880597015,False,0.15789473684210525,75,0.5,0.11728070175438596,0.03680146623260637,0.14925373134328357,False,0.08771929824561403
YFL,32,83,114,4,4,0.16666666666666666,0.5,0.105,0.03075253039785454,0.03482587064676617,True,0.17543859649122806,75,0.8,0.11048245614035089,0.03112977918356307,0.029850746268656716,True,0.008771929824561403
YFL,32,84,114,4,4,0.11403508771929824,0.5,0.10478070175438596,0.030043863671024847,0.417910447761194,False,0.17543859649122806,180,0.5,0.11210526315789472,0.03322155378835,0.03482587064676617,True,0.06140350877192982
YFL,32,85,114,4,4,0.06140350877192982,0.5,0.10438596491228068,0.03241853138370889,0.9402985074626866,False,0.18421052631578946,60,0.8,0.1176315789473684,0.03635622478184568,0.04477611940298507,True,0.12280701754385964
YFL,32,86,114,4,4,0.07017543859649122,0.8,0.10324561403508771,0.03271192848404636,0.8805970149253731,False,0.17543859649122806,450,0.8,0.10934210526315788,0.031436068034666885,0.03980099502487562,True,0.10526315789473684
YFL,32,87,114,4,4,0.10526315789473684,0.2,0.10039473684210527,0.030140234749900907,0.472636815920398,False,0.17543859649122806,90,0.2,0.11662280701754384,0.03645826228318452,0.08955223880597014,False,0.07017543859649122
YFL,32,88,114,4,4,0.10526315789473684,0.2,0.10368421052631578,0.0344062357600636,0.5024875621890548,False,0.14035087719298245,300,0.8,0.11162280701754385,0.03244163238938489,0.22885572139303484,False,0.03508771929824561
YFL,32,89,114,4,4,0.07017543859649122,0.5,0.10675438596491228,0.032216448631832616,0.9104477611940298,False,0.14035087719298245,75,0.2,0.12131578947368421,0.03777415339593637,0.3034825870646766,False,0.07017543859649122
YFL,32,90,114,4,4,0.09649122807017543,0.5,0.10342105263157894,0.030698164800672813,0.6467661691542289,False,0.10526315789473684,100,0.8,0.11289473684210524,0.03243415244580658,0.6318407960199005,False,0.008771929824561403
YFL,32,91,114,4,4,0.07017543859649122,0.8,0.10280701754385965,0.0304778297625101,0.8855721393034826,False,0.15789473684210525,100,0.2,0.11785087719298244,0.035477617493766926,0.15920398009950248,False,0.08771929824561403
YFL,32,92,114,4,4,0.07017543859649122,0.5,0.10276315789473683,0.03180900920437428,0.8805970149253731,False,0.13157894736842105,450,0.5,0.10548245614035089,0.030430566384394297,0.22885572139303484,False,0.06140350877192982
YFL,32,93,114,4,4,0.12280701754385964,0.8,0.10513157894736842,0.029776001404993205,0.35323383084577115,False,0.17543859649122806,60,0.5,0.11671052631578947,0.030894127850571513,0.05472636815920398,False,0.05263157894736842
YFL,32,94,114,4,4,0.08771929824561403,0.5,0.10763157894736843,0.03038316585292771,0.8109452736318408,False,0.16666666666666666,450,0.8,0.10785087719298245,0.03211652568249616,0.05472636815920398,False,0.07894736842105263
YFL,33,34,114,4,4,0.10526315789473684,0.5,0.10350877192982455,0.030551831021355128,0.5223880597014925,False,0.16666666666666666,100,0.2,0.11763157894736842,0.036642258442592154,0.10945273631840796,False,0.06140350877192982
YFL,33,35,114,4,4,0.08771929824561403,0.2,0.10236842105263158,0.03138969316326158,0.7313432835820896,False,0.13157894736842105,75,0.2,0.1163157894736842,0.035013144765417406,0.35323383084577115,False,0.043859649122807015
YFL,33,36,114,4,4,0.14035087719298245,0.2,0.10214912280701753,0.030245249068486257,0.13930348258706468,False,0.19298245614035087,450,0.2,0.10456140350877194,0.030353244173856663,0.004975124378109453,True,0.05263157894736842
YFL,33,37,114,4,4,0.10526315789473684,0.2,0.10394736842105262,0.03301829625676499,0.5223880597014925,False,0.14035087719298245,60,0.2,0.11894736842105262,0.035532750349766655,0.32338308457711445,False,0.03508771929824561
YFL,33,38,114,4,4,0.09649122807017543,0.2,0.10482456140350876,0.03386238745659612,0.6218905472636815,False,0.14035087719298245,150,0.2,0.11184210526315788,0.034540719972645274,0.24875621890547264,False,0.043859649122807015
YFL,33,39,114,4,4,0.12280701754385964,0.2,0.10219298245614034,0.03071277242126881,0.26865671641791045,False,0.12280701754385964,900,0.2,0.10219298245614034,0.03071277242126881,0.26865671641791045,False,0.0
YFL,33,40,114,4,4,0.06140350877192982,0.8,0.1012280701754386,0.032689816918917716,0.9203980099502488,False,0.14912280701754385,100,0.2,0.11434210526315787,0.037509823279934684,0.208955223880597,False,0.08771929824561403
YFL,33,59,114,4,4,0.08771929824561403,0.2,0.10552631578947366,0.030461967094775937,0.7810945273631841,False,0.14035087719298245,300,0.5,0.10491228070175439,0.03287852608289856,0.17412935323383086,False,0.05263157894736842
YFL,33,60,114,4,4,0.11403508771929824,0.2,0.10302631578947366,0.03402468755576682,0.4079601990049751,False,0.14912280701754385,75,0.5,0.11311403508771928,0.03701192061487046,0.21890547263681592,False,0.03508771929824561
YFL,33,61,114,4,4,0.11403508771929824,0.5,0.09921052631578946,0.029943211877164803,0.3034825870646766,False,0.14912280701754385,450,0.8,0.1012719298245614,0.030038715195616135,0.11442786069651742,False,0.03508771929824561
YFL,33,62,114,4,4,0.07017543859649122,0.5,0.106359649122807,0.03162076511604656,0.8855721393034826,False,0.14035087719298245,60,0.8,0.11587719298245615,0.03444925150363996,0.2835820895522388,False,0.07017543859649122
YFL,33,63,114,4,4,0.07894736842105263,0.2,0.10811403508771927,0.03163299101766469,0.8606965174129353,False,0.13157894736842105,300,0.2,0.11105263157894736,0.0335606147362149,0.2835820895522388,False,0.05263157894736842
YFL,33,64,114,4,4,0.09649122807017543,0.5,0.1031140350877193,0.03296845892692385,0.5970149253731343,False,0.14035087719298245,100,0.2,0.11307017543859649,0.037338440801113544,0.26865671641791045,False,0.043859649122807015
YFL,33,65,114,4,4,0.07017543859649122,0.5,0.1019736842105263,0.02919850375491187,0.8955223880597015,False,0.13157894736842105,100,0.8,0.11333333333333333,0.03452515607048629,0.32338308457711445,False,0.06140350877192982
YFL,33,66,114,4,4,0.11403508771929824,0.8,0.1019298245614035,0.0343702544322672,0.40298507462686567,False,0.14912280701754385,100,0.2,0.11289473684210526,0.039828986639255055,0.208955223880597,False,0.03508771929824561
YFL,33,67,114,4,4,0.07017543859649122,0.2,0.09644736842105264,0.03442575674329693,0.8557213930348259,False,0.14035087719298245,75,0.5,0.11864035087719298,0.03736067312899511,0.31343283582089554,False,0.07017543859649122
YFL,33,68,114,4,4,0.09649122807017543,0.5,0.10192982456140351,0.03279279805706913,0.6417910447761194,False,0.14035087719298245,90,0.8,0.11346491228070174,0.03591631075308928,0.21393034825870647,False,0.043859649122807015
YFL,33,69,114,4,4,0.07894736842105263,0.2,0.1044298245614035,0.032957901681338025,0.8009950248756219,False,0.14912280701754385,180,0.2,0.11087719298245613,0.033751328998778814,0.15920398009950248,False,0.07017543859649122
YFL,33,70,114,4,4,0.07017543859649122,0.2,0.10258771929824562,0.03179466200808865,0.8557213930348259,False,0.13157894736842105,75,0.8,0.11539473684210526,0.034723240301770424,0.3482587064676617,False,0.06140350877192982
YFL,33,71,114,4,4,0.07894736842105263,0.5,0.10447368421052632,0.03051624665087326,0.8706467661691543,False,0.18421052631578946,150,0.5,0.10618421052631578,0.030683140665459952,0.01990049751243781,True,0.10526315789473684
YFL,33,72,114,4,4,0.16666666666666666,0.5,0.10355263157894737,0.03111238473884865,0.05970149253731343,False,0.21052631578947367,75,0.8,0.1187280701754386,0.03538266998826783,0.009950248756218905,True,0.043859649122807015
YFL,33,73,114,4,4,0.07894736842105263,0.2,0.10552631578947368,0.0335083818998927,0.8208955223880597,False,0.15789473684210525,60,0.2,0.11929824561403508,0.03338224949629465,0.15920398009950248,False,0.07894736842105263
YFL,33,74,114,4,4,0.08771929824561403,0.8,0.10280701754385965,0.03029969353376366,0.7412935323383084,False,0.17543859649122806,150,0.8,0.11337719298245613,0.031078064317901322,0.04477611940298507,True,0.08771929824561403
YFL,33,75,114,4,4,0.07894736842105263,0.2,0.1018421052631579,0.035381713762284266,0.7761194029850746,False,0.12280701754385964,100,0.5,0.11679824561403507,0.03383757106697073,0.46766169154228854,False,0.043859649122807015
YFL,33,76,114,4,4,0.08771929824561403,0.2,0.10228070175438596,0.03129506931728693,0.7014925373134329,False,0.15789473684210525,180,0.8,0.10736842105263157,0.0347470903181382,0.1044776119402985,False,0.07017543859649122
YFL,33,77,114,4,4,0.05263157894736842,0.2,0.1062719298245614,0.03363815096942099,0.9651741293532339,False,0.10526315789473684,75,0.5,0.11390350877192983,0.03352646505235411,0.6268656716417911,False,0.05263157894736842
YFL,33,78,114,4,4,0.08771929824561403,0.5,0.10276315789473683,0.030670283993027278,0.7213930348258707,False,0.16666666666666666,100,0.2,0.11092105263157893,0.032666832238677404,0.07462686567164178,False,0.07894736842105263
YFL,33,79,114,4,4,0.03508771929824561,0.2,0.10320175438596489,0.031276994137977396,1.0,False,0.12280701754385964,90,0.2,0.11521929824561404,0.03647819563800373,0.40298507462686567,False,0.08771929824561403
YFL,33,80,114,4,4,0.07017543859649122,0.5,0.10464912280701753,0.03409861730688778,0.8756218905472637,False,0.14035087719298245,60,0.5,0.11767543859649121,0.03512381881844901,0.2935323383084577,False,0.07017543859649122
YFL,33,81,114,4,4,0.09649122807017543,0.5,0.10846491228070175,0.03284719889241332,0.6467661691542289,False,0.20175438596491227,90,0.5,0.11456140350877192,0.035237711674188155,0.024875621890547265,True,0.10526315789473684
YFL,33,82,114,4,4,0.08771929824561403,0.2,0.10241228070175439,0.03332355888929121,0.681592039800995,False,0.13157894736842105,90,0.5,0.11609649122807017,0.03873307303775066,0.3781094527363184,False,0.043859649122807015
YFL,33,83,114,4,4,0.14912280701754385,0.8,0.10478070175438596,0.03105640803828636,0.1044776119402985,False,0.17543859649122806,300,0.5,0.10539473684210526,0.031870943992628346,0.04477611940298507,True,0.02631578947368421
YFL,33,84,114,4,4,0.11403508771929824,0.2,0.1018421052631579,0.029176678245338,0.38308457711442784,False,0.14035087719298245,90,0.5,0.11640350877192981,0.03325122010274021,0.2885572139303483,False,0.02631578947368421
YFL,33,85,114,4,4,0.10526315789473684,0.2,0.10355263157894737,0.0342816867962396,0.5074626865671642,False,0.18421052631578946,60,0.2,0.11899122807017543,0.03450518705181708,0.05970149253731343,False,0.07894736842105263
YFL,33,86,114,4,4,0.10526315789473684,0.5,0.10342105263157894,0.030356173980652455,0.5024875621890548,False,0.14912280701754385,90,0.2,0.11600877192982456,0.03565005502713276,0.22388059701492538,False,0.043859649122807015
YFL,33,87,114,4,4,0.10526315789473684,0.8,0.10342105263157894,0.03157980446886063,0.5223880597014925,False,0.18421052631578946,60,0.5,0.11798245614035087,0.03432736497954382,0.03980099502487562,True,0.07894736842105263
YFL,33,88,114,4,4,0.11403508771929824,0.2,0.1020175438596491,0.03214676070913829,0.39800995024875624,False,0.11403508771929824,90,0.8,0.11096491228070175,0.03001234760610922,0.5223880597014925,False,0.0
YFL,33,89,114,4,4,0.09649122807017543,0.8,0.10587719298245615,0.034605140387197246,0.6069651741293532,False,0.11403508771929824,150,0.5,0.11359649122807017,0.0331934918424006,0.5373134328358209,False,0.017543859649122806
YFL,33,90,114,4,4,0.12280701754385964,0.5,0.10021929824561404,0.03266138690836839,0.2935323383084577,False,0.12280701754385964,900,0.5,0.10021929824561404,0.03266138690836839,0.2935323383084577,False,0.0
YFL,33,91,114,4,4,0.09649122807017543,0.8,0.10144736842105263,0.03321477335375092,0.5970149253731343,False,0.16666666666666666,150,0.2,0.11092105263157893,0.03296142113891002,0.06467661691542288,False,0.07017543859649122
YFL,33,92,114,4,4,0.09649122807017543,0.2,0.10583333333333332,0.03354491308120905,0.6716417910447762,False,0.12280701754385964,450,0.5,0.1062719298245614,0.030781027617158275,0.31343283582089554,False,0.02631578947368421
YFL,33,93,114,4,4,0.14912280701754385,0.5,0.10442982456140351,0.029306364984304327,0.07960199004975124,False,0.17543859649122806,100,0.5,0.11342105263157894,0.03306229913798342,0.04975124378109453,True,0.02631578947368421
YFL,33,94,114,4,4,0.07017543859649122,0.8,0.10706140350877191,0.0338914643108524,0.9154228855721394,False,0.14912280701754385,450,0.8,0.10811403508771927,0.0339329675922965,0.18407960199004975,False,0.07894736842105263
YFL,34,35,114,4,4,0.12280701754385964,0.2,0.10214912280701753,0.029494435197942776,0.2935323383084577,False,0.15789473684210525,100,0.2,0.11802631578947369,0.03489763264157235,0.15422885572139303,False,0.03508771929824561
YFL,34,36,114,4,4,0.07894736842105263,0.2,0.10162280701754386,0.030428533270650978,0.8059701492537313,False,0.16666666666666666,100,0.2,0.1169298245614035,0.030792739327790634,0.08955223880597014,False,0.08771929824561403
YFL,34,37,114,4,4,0.12280701754385964,0.5,0.10416666666666666,0.031559564564912,0.32338308457711445,False,0.15789473684210525,60,0.8,0.1206140350877193,0.037161560068158225,0.15920398009950248,False,0.03508771929824561
YFL,34,38,114,4,4,0.14035087719298245,0.5,0.10719298245614034,0.03206064385760841,0.208955223880597,False,0.15789473684210525,60,0.2,0.12631578947368421,0.03474441948527822,0.22388059701492538,False,0.017543859649122806
YFL,34,39,114,4,4,0.11403508771929824,0.2,0.10447368421052632,0.029733279729781032,0.39303482587064675,False,0.15789473684210525,75,0.2,0.12179824561403507,0.03565808030089674,0.21890547263681592,False,0.043859649122807015
YFL,34,40,114,4,4,0.09649122807017543,0.2,0.10184210526315787,0.03317065217418191,0.5870646766169154,False,0.14912280701754385,100,0.2,0.12052631578947366,0.035331954349407814,0.22885572139303484,False,0.05263157894736842
YFL,34,59,114,4,4,0.11403508771929824,0.2,0.10355263157894737,0.029241643097060517,0.3880597014925373,False,0.15789473684210525,75,0.2,0.11815789473684209,0.03544853274900045,0.14925373134328357,False,0.043859649122807015
YFL,34,60,114,4,4,0.14035087719298245,0.2,0.10219298245614034,0.02869507952390385,0.12935323383084577,False,0.14035087719298245,60,0.5,0.1195175438596491,0.035070496301960276,0.2885572139303483,False,0.0
YFL,34,61,114,4,4,0.06140350877192982,0.2,0.10039473684210526,0.030127403083897997,0.9203980099502488,False,0.10526315789473684,60,0.8,0.11745614035087719,0.034010962383056675,0.681592039800995,False,0.043859649122807015
YFL,34,62,114,4,4,0.07894736842105263,0.2,0.10429824561403508,0.03212847267000731,0.8159203980099502,False,0.14035087719298245,60,0.8,0.11807017543859649,0.0354477691916289,0.31343283582089554,False,0.06140350877192982
YFL,34,63,114,4,4,0.10526315789473684,0.2,0.10807017543859647,0.0308761310357325,0.5870646766169154,False,0.12280701754385964,150,0.2,0.11754385964912281,0.03513177169387203,0.47761194029850745,False,0.017543859649122806
YFL,34,64,114,4,4,0.11403508771929824,0.8,0.10171052631578947,0.03086783331930792,0.373134328358209,False,0.11403508771929824,60,0.5,0.12149122807017543,0.03687955427216693,0.6218905472636815,False,0.0
YFL,34,65,114,4,4,0.06140350877192982,0.2,0.10614035087719298,0.031314338008729535,0.9751243781094527,False,0.13157894736842105,180,0.5,0.11280701754385966,0.03347524739858668,0.3283582089552239,False,0.07017543859649122
YFL,34,66,114,4,4,0.13157894736842105,0.8,0.10232456140350876,0.032086171783679285,0.22388059701492538,False,0.14035087719298245,100,0.8,0.11495614035087719,0.032577936122687175,0.22885572139303484,False,0.008771929824561403
YFL,34,67,114,4,4,0.12280701754385964,0.2,0.10258771929824562,0.03198865235360937,0.29850746268656714,False,0.15789473684210525,100,0.8,0.12087719298245612,0.03621737891909113,0.1691542288557214,False,0.03508771929824561
YFL,34,68,114,4,4,0.12280701754385964,0.2,0.10425438596491228,0.035045569985021105,0.32338308457711445,False,0.13157894736842105,60,0.2,0.11916666666666664,0.03419789335376404,0.3283582089552239,False,0.008771929824561403
YFL,34,69,114,4,4,0.12280701754385964,0.2,0.10504385964912281,0.0325665399019054,0.35323383084577115,False,0.13157894736842105,60,0.8,0.11692982456140351,0.03535241339854526,0.3781094527363184,False,0.008771929824561403
YFL,34,70,114,4,4,0.07894736842105263,0.2,0.10609649122807017,0.033039924676563914,0.8009950248756219,False,0.15789473684210525,100,0.2,0.11723684210526315,0.034422162343537115,0.13432835820895522,False,0.07894736842105263
YFL,34,71,114,4,4,0.09649122807017543,0.2,0.10442982456140351,0.029147607418099467,0.6368159203980099,False,0.18421052631578946,150,0.8,0.10789473684210525,0.031901532980397815,0.029850746268656716,True,0.08771929824561403
YFL,34,72,114,4,4,0.14035087719298245,0.5,0.1026315789473684,0.0346775818097539,0.15422885572139303,False,0.17543859649122806,75,0.8,0.11916666666666666,0.03585381485637985,0.04975124378109453,True,0.03508771929824561
YFL,34,73,114,4,4,0.08771929824561403,0.2,0.10337719298245612,0.031337512662693315,0.7213930348258707,False,0.15789473684210525,60,0.2,0.12114035087719298,0.034119929228188406,0.1791044776119403,False,0.07017543859649122
YFL,34,74,114,4,4,0.10526315789473684,0.2,0.10144736842105263,0.03137080971576964,0.46766169154228854,False,0.14912280701754385,150,0.5,0.11684210526315791,0.033053526644518556,0.208955223880597,False,0.043859649122807015
YFL,34,75,114,4,4,0.08771929824561403,0.2,0.10008771929824561,0.034623907097159554,0.6567164179104478,False,0.14912280701754385,180,0.8,0.11219298245614034,0.031061294466165262,0.15920398009950248,False,0.06140350877192982
YFL,34,76,114,4,4,0.07894736842105263,0.2,0.10271929824561403,0.03130927495013549,0.8208955223880597,False,0.16666666666666666,100,0.2,0.11666666666666668,0.03378522278177594,0.10945273631840796,False,0.08771929824561403
YFL,34,77,114,4,4,0.07017543859649122,0.2,0.10609649122807015,0.034762193353593644,0.8606965174129353,False,0.14912280701754385,225,0.5,0.11127192982456141,0.031135740756133318,0.15920398009950248,False,0.07894736842105263
YFL,34,78,114,4,4,0.10526315789473684,0.5,0.10355263157894737,0.030950398051480095,0.527363184079602,False,0.21052631578947367,100,0.5,0.11640350877192981,0.03785186923648137,0.01990049751243781,True,0.10526315789473684
YFL,34,79,114,4,4,0.08771929824561403,0.8,0.10223684210526315,0.03022862479100663,0.7611940298507462,False,0.13157894736842105,60,0.2,0.12065789473684209,0.03657156770831378,0.3781094527363184,False,0.043859649122807015
YFL,34,80,114,4,4,0.11403508771929824,0.5,0.10767543859649123,0.03146139605820295,0.46766169154228854,False,0.15789473684210525,100,0.5,0.11864035087719298,0.036364173958749454,0.13930348258706468,False,0.043859649122807015
YFL,34,81,114,4,4,0.14035087719298245,0.8,0.1045175438596491,0.03223645602768893,0.15422885572139303,False,0.15789473684210525,90,0.8,0.11828947368421053,0.03496604022961201,0.13432835820895522,False,0.017543859649122806
YFL,34,82,114,4,4,0.13157894736842105,0.5,0.10486842105263157,0.03090789224885568,0.22885572139303484,False,0.13157894736842105,60,0.8,0.12039473684210528,0.03307898968921571,0.39800995024875624,False,0.0
YFL,34,83,114,4,4,0.14035087719298245,0.5,0.10618421052631578,0.03351400689221295,0.1791044776119403,False,0.16666666666666666,225,0.5,0.11157894736842104,0.03396966822148295,0.06467661691542288,False,0.02631578947368421
YFL,34,84,114,4,4,0.14035087719298245,0.2,0.10214912280701753,0.030052871380664346,0.14925373134328357,False,0.21929824561403508,225,0.8,0.11552631578947366,0.03376358506997203,0.004975124378109453,True,0.07894736842105263
YFL,34,85,114,4,4,0.09649122807017543,0.2,0.1044736842105263,0.032516069629802406,0.6368159203980099,False,0.18421052631578946,60,0.2,0.12157894736842105,0.03641838938578937,0.0845771144278607,False,0.08771929824561403
YFL,34,86,114,4,4,0.09649122807017543,0.5,0.10697368421052632,0.03290036391378297,0.6318407960199005,False,0.14035087719298245,60,0.8,0.12105263157894736,0.03548222198134317,0.3034825870646766,False,0.043859649122807015
YFL,34,87,114,4,4,0.07894736842105263,0.2,0.10201754385964913,0.03209861192158825,0.8009950248756219,False,0.16666666666666666,60,0.8,0.12359649122807015,0.03692607651997897,0.12437810945273632,False,0.08771929824561403
YFL,34,88,114,4,4,0.13157894736842105,0.5,0.10504385964912281,0.03208809986901205,0.23880597014925373,False,0.13157894736842105,900,0.5,0.10504385964912281,0.03208809986901205,0.23880597014925373,False,0.0
YFL,34,89,114,4,4,0.09649122807017543,0.2,0.10899122807017544,0.03345673206309811,0.6865671641791045,False,0.12280701754385964,60,0.8,0.12074561403508771,0.03624744687389757,0.5223880597014925,False,0.02631578947368421
YFL,34,90,114,4,4,0.13157894736842105,0.5,0.10644736842105264,0.03229517664919196,0.2537313432835821,False,0.16666666666666666,100,0.5,0.12096491228070175,0.03222220915553827,0.11940298507462686,False,0.03508771929824561
YFL,34,91,114,4,4,0.08771929824561403,0.2,0.10267543859649124,0.03185055524674801,0.7213930348258707,False,0.18421052631578946,100,0.8,0.12513157894736843,0.03517002490799512,0.08955223880597014,False,0.09649122807017543
YFL,34,92,114,4,4,0.11403508771929824,0.2,0.10416666666666666,0.03041150060710301,0.4228855721393035,False,0.14035087719298245,75,0.8,0.11907894736842105,0.03563920719149244,0.3034825870646766,False,0.02631578947368421
YFL,34,93,114,4,4,0.14035087719298245,0.5,0.10640350877192983,0.03173516757965361,0.19900497512437812,False,0.19298245614035087,75,0.8,0.12,0.03281872848924141,0.024875621890547265,True,0.05263157894736842
YFL,34,94,114,4,4,0.08771929824561403,0.2,0.10815789473684209,0.03209620258617572,0.7562189054726368,False,0.17543859649122806,100,0.8,0.11842105263157894,0.03445385313985683,0.06467661691542288,False,0.08771929824561403
YFL,35,36,114,4,4,0.11403508771929824,0.2,0.1013157894736842,0.031372935826480035,0.36318407960199006,False,0.15789473684210525,225,0.5,0.11,0.03152159121687861,0.1044776119402985,False,0.043859649122807015
YFL,35,37,114,4,4,0.09649122807017543,0.2,0.1045175438596491,0.031088513674268254,0.6517412935323383,False,0.12280701754385964,60,0.5,0.11539473684210527,0.0351768406658794,0.44776119402985076,False,0.02631578947368421
YFL,35,38,114,4,4,0.09649122807017543,0.8,0.1062280701754386,0.03105133405434064,0.6567164179104478,False,0.14912280701754385,100,0.2,0.11460526315789472,0.03440980373070167,0.1691542288557214,False,0.05263157894736842
YFL,35,39,114,4,4,0.11403508771929824,0.8,0.10429824561403508,0.030951553643694747,0.417910447761194,False,0.12280701754385964,450,0.2,0.10605263157894736,0.03091905567833367,0.3333333333333333,False,0.008771929824561403
YFL,35,40,114,4,4,0.12280701754385964,0.8,0.10302631578947366,0.028819420481556234,0.26865671641791045,False,0.14035087719298245,225,0.2,0.11214912280701754,0.03210544742642477,0.24378109452736318,False,0.017543859649122806
YFL,35,59,114,4,4,0.11403508771929824,0.5,0.10478070175438596,0.030120985201017792,0.43283582089552236,False,0.17543859649122806,300,0.5,0.10421052631578948,0.03094868019952767,0.01990049751243781,True,0.06140350877192982
YFL,35,60,114,4,4,0.06140350877192982,0.5,0.10263157894736842,0.03260881053132727,0.9154228855721394,False,0.13157894736842105,100,0.2,0.11258771929824561,0.035173323020278265,0.34328358208955223,False,0.07017543859649122
YFL,35,61,114,4,4,0.09649122807017543,0.5,0.1005263157894737,0.02879045898136033,0.5870646766169154,False,0.14035087719298245,75,0.8,0.1125,0.035092540222456746,0.208955223880597,False,0.043859649122807015
YFL,35,62,114,4,4,0.09649122807017543,0.8,0.10684210526315789,0.03211607419785231,0.6716417910447762,False,0.15789473684210525,60,0.8,0.1168859649122807,0.03484374204612247,0.14427860696517414,False,0.06140350877192982
YFL,35,63,114,4,4,0.07894736842105263,0.8,0.10802631578947368,0.032101834125032244,0.8557213930348259,False,0.14912280701754385,300,0.5,0.10978070175438596,0.03429612102513617,0.15920398009950248,False,0.07017543859649122
YFL,35,64,114,4,4,0.09649122807017543,0.2,0.10526315789473685,0.03370501355908284,0.6318407960199005,False,0.13157894736842105,75,0.2,0.11855263157894737,0.03356680694681665,0.38308457711442784,False,0.03508771929824561
YFL,35,65,114,4,4,0.07017543859649122,0.5,0.10434210526315787,0.030984111119792115,0.9054726368159204,False,0.13157894736842105,75,0.2,0.11842105263157894,0.03356706613072323,0.3482587064676617,False,0.06140350877192982
YFL,35,66,114,4,4,0.13157894736842105,0.2,0.10245614035087719,0.030863605323037942,0.19900497512437812,False,0.13157894736842105,225,0.8,0.11135964912280702,0.03404967985908799,0.35323383084577115,False,0.0
YFL,35,67,114,4,4,0.07017543859649122,0.5,0.09951754385964912,0.03446055808263999,0.8159203980099502,False,0.16666666666666666,90,0.2,0.11837719298245614,0.033324255086948716,0.11442786069651742,False,0.09649122807017543
YFL,35,68,114,4,4,0.10526315789473684,0.2,0.10464912280701753,0.0333881563114017,0.5074626865671642,False,0.14912280701754385,75,0.2,0.11899122807017544,0.036061355906361725,0.21393034825870647,False,0.043859649122807015
YFL,35,69,114,4,4,0.09649122807017543,0.2,0.10429824561403508,0.0324875173272972,0.6019900497512438,False,0.14035087719298245,180,0.2,0.1125,0.03494900620434958,0.21890547263681592,False,0.043859649122807015
YFL,35,70,114,4,4,0.08771929824561403,0.2,0.10280701754385964,0.03530918383386602,0.6965174129353234,False,0.14035087719298245,75,0.5,0.11758771929824562,0.03614189899528366,0.32338308457711445,False,0.05263157894736842
YFL,35,71,114,4,4,0.11403508771929824,0.2,0.10517543859649123,0.030271988587259258,0.4427860696517413,False,0.17543859649122806,150,0.8,0.10767543859649122,0.03146139605820295,0.04975124378109453,True,0.06140350877192982
YFL,35,72,114,4,4,0.15789473684210525,0.5,0.1019298245614035,0.03092368247304484,0.06467661691542288,False,0.22807017543859648,75,0.8,0.11881578947368421,0.036288173576497246,0.004975124378109453,True,0.07017543859649122
YFL,35,73,114,4,4,0.07017543859649122,0.8,0.10364035087719298,0.03041328058535863,0.900497512437811,False,0.14912280701754385,60,0.5,0.12,0.034135451342993194,0.24875621890547264,False,0.07894736842105263
YFL,35,74,114,4,4,0.13157894736842105,0.8,0.10302631578947366,0.030703297148930934,0.21890547263681592,False,0.16666666666666666,75,0.8,0.11986842105263157,0.036579813631555914,0.14925373134328357,False,0.03508771929824561
YFL,35,75,114,4,4,0.08771929824561403,0.2,0.10188596491228069,0.03758499942993273,0.6865671641791045,False,0.14035087719298245,100,0.8,0.1162280701754386,0.03839993469831578,0.32338308457711445,False,0.05263157894736842
YFL,35,76,114,4,4,0.06140350877192982,0.2,0.10355263157894737,0.031384611460498126,0.9303482587064676,False,0.18421052631578946,225,0.2,0.10666666666666666,0.03443634119403008,0.024875621890547265,True,0.12280701754385964
YFL,35,77,114,4,4,0.07017543859649122,0.8,0.10692982456140349,0.03270814574691653,0.9054726368159204,False,0.10526315789473684,75,0.2,0.11833333333333332,0.033161325339934544,0.6766169154228856,False,0.03508771929824561
YFL,35,78,114,4,4,0.11403508771929824,0.8,0.10100877192982455,0.03164570094485349,0.4228855721393035,False,0.16666666666666666,100,0.5,0.11157894736842106,0.03184281502904519,0.06965174129353234,False,0.05263157894736842
YFL,35,79,114,4,4,0.07017543859649122,0.5,0.10289473684210523,0.03245083839836924,0.9203980099502488,False,0.11403508771929824,90,0.2,0.11491228070175438,0.0350766975548299,0.5223880597014925,False,0.043859649122807015
YFL,35,80,114,4,4,0.07017543859649122,0.5,0.10434210526315787,0.032171859741581404,0.8955223880597015,False,0.14035087719298245,75,0.8,0.12114035087719298,0.03679179867043954,0.30845771144278605,False,0.07017543859649122
YFL,35,81,114,4,4,0.11403508771929824,0.2,0.10614035087719298,0.03368206155535945,0.43781094527363185,False,0.18421052631578946,90,0.5,0.11574561403508771,0.03390743312332912,0.03980099502487562,True,0.07017543859649122
YFL,35,82,114,4,4,0.08771929824561403,0.5,0.10078947368421053,0.03180429844473344,0.6915422885572139,False,0.15789473684210525,75,0.2,0.11763157894736842,0.03626037882583249,0.16417910447761194,False,0.07017543859649122
YFL,35,83,114,4,4,0.15789473684210525,0.8,0.10276315789473685,0.033789542939710364,0.06965174129353234,False,0.19298245614035087,225,0.8,0.1093859649122807,0.03110259608868786,0.01990049751243781,True,0.03508771929824561
YFL,35,84,114,4,4,0.09649122807017543,0.5,0.10232456140350876,0.03202586062441474,0.6019900497512438,False,0.19298245614035087,225,0.2,0.11473684210526315,0.033640248722816554,0.024875621890547265,True,0.09649122807017543
YFL,35,85,114,4,4,0.12280701754385964,0.2,0.10828947368421052,0.029958800686386636,0.373134328358209,False,0.16666666666666666,75,0.2,0.11767543859649121,0.034243090494774114,0.11442786069651742,False,0.043859649122807015
YFL,35,86,114,4,4,0.12280701754385964,0.8,0.10635964912280702,0.030626884441071974,0.3681592039800995,False,0.14035087719298245,90,0.5,0.11578947368421051,0.036386098299880876,0.2835820895522388,False,0.017543859649122806
YFL,35,87,114,4,4,0.11403508771929824,0.8,0.1056140350877193,0.033194540225306136,0.4626865671641791,False,0.17543859649122806,90,0.2,0.1144736842105263,0.0319953300740168,0.03482587064676617,True,0.06140350877192982
YFL,35,88,114,4,4,0.12280701754385964,0.5,0.10390350877192983,0.029797031078167755,0.26865671641791045,False,0.14035087719298245,60,0.2,0.11657894736842105,0.0323539400855197,0.2736318407960199,False,0.017543859649122806
YFL,35,89,114,4,4,0.10526315789473684,0.2,0.10517543859649123,0.030220853003005792,0.5174129353233831,False,0.13157894736842105,75,0.5,0.11837719298245614,0.03436392569616548,0.3681592039800995,False,0.02631578947368421
YFL,35,90,114,4,4,0.07017543859649122,0.2,0.10561403508771929,0.031374045044437394,0.900497512437811,False,0.12280701754385964,75,0.8,0.11828947368421051,0.0352194641629682,0.47761194029850745,False,0.05263157894736842
YFL,35,91,114,4,4,0.06140350877192982,0.5,0.10254385964912278,0.03138082274670462,0.9353233830845771,False,0.17543859649122806,100,0.2,0.12140350877192983,0.034993260848412436,0.07462686567164178,False,0.11403508771929824
YFL,35,92,114,4,4,0.06140350877192982,0.5,0.10293859649122807,0.03289777822491163,0.9402985074626866,False,0.15789473684210525,450,0.5,0.10929824561403509,0.033943250046730405,0.10945273631840796,False,0.09649122807017543
YFL,35,93,114,4,4,0.12280701754385964,0.8,0.10605263157894736,0.03060481414831998,0.3383084577114428,False,0.16666666666666666,60,0.8,0.12087719298245612,0.03428690299024866,0.11940298507462686,False,0.043859649122807015
YFL,35,94,114,4,4,0.09649122807017543,0.5,0.10864035087719298,0.03061097269730982,0.681592039800995,False,0.17543859649122806,225,0.8,0.10789473684210525,0.03486662245705949,0.04477611940298507,True,0.07894736842105263
YFL,36,37,114,4,4,0.10526315789473684,0.2,0.1042982456140351,0.03283086160727429,0.5572139303482587,False,0.14912280701754385,60,0.2,0.11530701754385966,0.032625377527497765,0.208955223880597,False,0.043859649122807015
YFL,36,38,114,4,4,0.10526315789473684,0.2,0.10666666666666666,0.02994385753757783,0.5671641791044776,False,0.16666666666666666,60,0.8,0.12162280701754385,0.03560925001804441,0.1044776119402985,False,0.06140350877192982
YFL,36,39,114,4,4,0.14912280701754385,0.2,0.10232456140350875,0.03156372996264333,0.0845771144278607,False,0.17543859649122806,60,0.2,0.11776315789473683,0.03616692501460472,0.06965174129353234,False,0.02631578947368421
YFL,36,40,114,4,4,0.10526315789473684,0.2,0.10267543859649124,0.03605299140334551,0.5174129353233831,False,0.17543859649122806,225,0.8,0.10921052631578948,0.03223612617134132,0.03980099502487562,True,0.07017543859649122
YFL,36,59,114,4,4,0.13157894736842105,0.5,0.10482456140350876,0.029844390833737095,0.19900497512437812,False,0.18421052631578946,300,0.2,0.10925438596491227,0.029793137814158727,0.014925373134328358,True,0.05263157894736842
YFL,36,60,114,4,4,0.12280701754385964,0.2,0.10096491228070174,0.028859542606989634,0.263681592039801,False,0.17543859649122806,150,0.8,0.11035087719298245,0.03209921422718476,0.029850746268656716,True,0.05263157894736842
YFL,36,61,114,4,4,0.10526315789473684,0.2,0.09899122807017545,0.03070808236948944,0.43283582089552236,False,0.16666666666666666,150,0.2,0.11026315789473681,0.03236493328466642,0.06467661691542288,False,0.06140350877192982
YFL,36,62,114,4,4,0.09649122807017543,0.2,0.10254385964912281,0.02980082652086414,0.6417910447761194,False,0.14035087719298245,60,0.8,0.1181578947368421,0.03444161816618671,0.2736318407960199,False,0.043859649122807015
YFL,36,63,114,4,4,0.11403508771929824,0.2,0.10903508771929825,0.03198034102597945,0.5024875621890548,False,0.13157894736842105,450,0.5,0.11149122807017543,0.03139560538195521,0.26865671641791045,False,0.017543859649122806
YFL,36,64,114,4,4,0.10526315789473684,0.2,0.10171052631578947,0.03065414250044562,0.472636815920398,False,0.15789473684210525,90,0.8,0.11644736842105262,0.03229828945461934,0.11442786069651742,False,0.05263157894736842
YFL,36,65,114,4,4,0.13157894736842105,0.5,0.10302631578947369,0.030246527480600405,0.19900497512437812,False,0.16666666666666666,300,0.5,0.11039473684210527,0.03385699165388723,0.06467661691542288,False,0.03508771929824561
YFL,36,66,114,4,4,0.09649122807017543,0.2,0.09894736842105263,0.02930059205683379,0.572139303482587,False,0.19298245614035087,100,0.2,0.10864035087719298,0.03482975679911351,0.024875621890547265,True,0.09649122807017543
YFL,36,67,114,4,4,0.14035087719298245,0.2,0.1007017543859649,0.033300605229764406,0.17412935323383086,False,0.22807017543859648,450,0.2,0.10412280701754385,0.03220684546937088,0.004975124378109453,True,0.08771929824561403
YFL,36,68,114,4,4,0.13157894736842105,0.2,0.10052631578947369,0.03181463081085842,0.1791044776119403,False,0.15789473684210525,75,0.5,0.11855263157894737,0.03634332693454515,0.18407960199004975,False,0.02631578947368421
YFL,36,69,114,4,4,0.10526315789473684,0.2,0.10271929824561403,0.031358635727675596,0.4975124378109453,False,0.14035087719298245,60,0.8,0.11460526315789472,0.03436482585417159,0.26865671641791045,False,0.03508771929824561
YFL,36,70,114,4,4,0.07894736842105263,0.5,0.1019736842105263,0.03163910219686059,0.7860696517412935,False,0.16666666666666666,100,0.5,0.11583333333333332,0.03557252896904288,0.12437810945273632,False,0.08771929824561403
YFL,36,71,114,4,4,0.10526315789473684,0.5,0.10412280701754387,0.028702624549592465,0.5621890547263682,False,0.20175438596491227,450,0.5,0.1044298245614035,0.033028219577106326,0.01990049751243781,True,0.09649122807017543
YFL,36,72,114,4,4,0.16666666666666666,0.2,0.10192982456140351,0.03249668059086998,0.04477611940298507,True,0.21052631578947367,75,0.2,0.11728070175438596,0.0359940900386456,0.009950248756218905,True,0.043859649122807015
YFL,36,73,114,4,4,0.12280701754385964,0.2,0.10175438596491229,0.031351359899107506,0.25870646766169153,False,0.15789473684210525,60,0.5,0.11846491228070175,0.03367055097684112,0.15422885572139303,False,0.03508771929824561
YFL,36,74,114,4,4,0.11403508771929824,0.2,0.10368421052631578,0.03199545092489366,0.417910447761194,False,0.22807017543859648,180,0.8,0.11679824561403508,0.034650559563648674,0.009950248756218905,True,0.11403508771929824
YFL,36,75,114,4,4,0.10526315789473684,0.2,0.10192982456140351,0.03390586509087491,0.5124378109452736,False,0.17543859649122806,450,0.2,0.105,0.03183977913591926,0.03482587064676617,True,0.07017543859649122
YFL,36,76,114,4,4,0.07894736842105263,0.2,0.10105263157894737,0.030601908146181495,0.8009950248756219,False,0.17543859649122806,180,0.5,0.10855263157894736,0.03356058593256599,0.04975124378109453,True,0.09649122807017543
YFL,36,77,114,4,4,0.12280701754385964,0.2,0.10394736842105264,0.032724219359868766,0.3283582089552239,False,0.17543859649122806,450,0.2,0.10649122807017544,0.034070596806761416,0.04975124378109453,True,0.05263157894736842
YFL,36,78,114,4,4,0.11403508771929824,0.2,0.10245614035087719,0.03271251949720989,0.3681592039800995,False,0.17543859649122806,100,0.5,0.11201754385964911,0.03312305786195971,0.03980099502487562,True,0.06140350877192982
YFL,36,79,114,4,4,0.09649122807017543,0.2,0.10057017543859648,0.030827471477665673,0.582089552238806,False,0.14912280701754385,100,0.2,0.1125,0.0366554203111566,0.19402985074626866,False,0.05263157894736842
YFL,36,80,114,4,4,0.07894736842105263,0.2,0.10649122807017543,0.03254994295906893,0.8258706467661692,False,0.18421052631578946,450,0.2,0.10561403508771929,0.03199641771547615,0.01990049751243781,True,0.10526315789473684
YFL,36,81,114,4,4,0.14912280701754385,0.2,0.10214912280701753,0.032261874801815124,0.11442786069651742,False,0.21052631578947367,90,0.2,0.1169298245614035,0.03621684510085125,0.009950248756218905,True,0.06140350877192982
YFL,36,82,114,4,4,0.13157894736842105,0.2,0.10135964912280702,0.03262893285217273,0.23383084577114427,False,0.17543859649122806,60,0.8,0.11868421052631578,0.03513078112243444,0.0845771144278607,False,0.043859649122807015
YFL,36,83,114,4,4,0.14035087719298245,0.5,0.10232456140350876,0.031819947632632725,0.16417910447761194,False,0.19298245614035087,300,0.5,0.106359649122807,0.03282081971052751,0.01990049751243781,True,0.05263157894736842
YFL,36,84,114,4,4,0.15789473684210525,0.8,0.10236842105263158,0.029758237937626372,0.04477611940298507,True,0.23684210526315788,225,0.8,0.11486842105263158,0.03292268641284215,0.004975124378109453,True,0.07894736842105263
YFL,36,85,114,4,4,0.12280701754385964,0.2,0.10521929824561402,0.03236478394556984,0.3333333333333333,False,0.19298245614035087,75,0.2,0.1175877192982456,0.033150916993771984,0.024875621890547265,True,0.07017543859649122
YFL,36,86,114,4,4,0.14035087719298245,0.2,0.10311403508771928,0.03123394242315441,0.13930348258706468,False,0.19298245614035087,100,0.2,0.11758771929824562,0.036893679555548384,0.03482587064676617,True,0.05263157894736842
YFL,36,87,114,4,4,0.10526315789473684,0.2,0.10438596491228068,0.03337066447096007,0.5373134328358209,False,0.19298245614035087,100,0.2,0.11337719298245613,0.032950157551445716,0.024875621890547265,True,0.08771929824561403
YFL,36,88,114,4,4,0.11403508771929824,0.5,0.10342105263157894,0.032981269709172555,0.39800995024875624,False,0.14035087719298245,225,0.2,0.1082017543859649,0.03302447306906985,0.20398009950248755,False,0.02631578947368421
YFL,36,89,114,4,4,0.12280701754385964,0.2,0.10587719298245613,0.03157882492360208,0.3283582089552239,False,0.17543859649122806,450,0.2,0.10859649122807018,0.031799070204267026,0.029850746268656716,True,0.05263157894736842
YFL,36,90,114,4,4,0.10526315789473684,0.2,0.10083333333333332,0.02848202313576148,0.5223880597014925,False,0.14035087719298245,450,0.2,0.10535087719298245,0.033807990379068266,0.18407960199004975,False,0.03508771929824561
YFL,36,91,114,4,4,0.10526315789473684,0.2,0.1006140350877193,0.030411150956274925,0.47761194029850745,False,0.16666666666666666,75,0.5,0.11938596491228068,0.03409045176611729,0.11940298507462686,False,0.06140350877192982
YFL,36,92,114,4,4,0.07017543859649122,0.5,0.10491228070175439,0.03133704995451843,0.9154228855721394,False,0.14035087719298245,450,0.2,0.10763157894736841,0.03330931265154256,0.20398009950248755,False,0.07017543859649122
YFL,36,93,114,4,4,0.14912280701754385,0.8,0.10241228070175439,0.02865715593786591,0.0845771144278607,False,0.18421052631578946,75,0.8,0.11657894736842105,0.03068556644303311,0.03482587064676617,True,0.03508771929824561
YFL,36,94,114,4,4,0.12280701754385964,0.2,0.10666666666666666,0.03369858857380019,0.3482587064676617,False,0.21052631578947367,450,0.5,0.10815789473684209,0.03485675105522026,0.004975124378109453,True,0.08771929824561403
YFL,37,38,114,4,4,0.09649122807017543,0.5,0.10583333333333332,0.032419455739987016,0.6218905472636815,False,0.12280701754385964,60,0.8,0.11486842105263158,0.035445123883541776,0.42786069651741293,False,0.02631578947368421
YFL,37,39,114,4,4,0.13157894736842105,0.8,0.10706140350877191,0.03087033852532994,0.2537313432835821,False,0.17543859649122806,450,0.5,0.10807017543859648,0.03330989306539705,0.03482587064676617,True,0.043859649122807015
YFL,37,40,114,4,4,0.10526315789473684,0.5,0.10412280701754384,0.032895809439152865,0.5373134328358209,False,0.13157894736842105,60,0.5,0.11587719298245613,0.03276956112063092,0.3333333333333333,False,0.02631578947368421
YFL,37,59,114,4,4,0.12280701754385964,0.2,0.10100877192982455,0.02875198878706333,0.30845771144278605,False,0.14035087719298245,60,0.2,0.11815789473684209,0.0343291671892973,0.31840796019900497,False,0.017543859649122806
YFL,37,60,114,4,4,0.12280701754385964,0.2,0.10364035087719298,0.03107980612126686,0.34328358208955223,False,0.12280701754385964,60,0.5,0.115,0.035403563904713754,0.4427860696517413,False,0.0
YFL,37,61,114,4,4,0.07017543859649122,0.2,0.1013157894736842,0.03034547244674382,0.8805970149253731,False,0.13157894736842105,60,0.8,0.11991228070175439,0.0343201551941589,0.43781094527363185,False,0.06140350877192982
YFL,37,62,114,4,4,0.09649122807017543,0.2,0.10421052631578948,0.03365403891321697,0.6467661691542289,False,0.12280701754385964,60,0.8,0.11675438596491226,0.03389251962523933,0.43283582089552236,False,0.02631578947368421
YFL,37,63,114,4,4,0.13157894736842105,0.2,0.10688596491228068,0.03201136903812577,0.25870646766169153,False,0.13157894736842105,100,0.2,0.11587719298245613,0.033677354462564923,0.3482587064676617,False,0.0
YFL,37,64,114,4,4,0.08771929824561403,0.8,0.1062280701754386,0.031311744837090684,0.7412935323383084,False,0.12280701754385964,60,0.5,0.11438596491228069,0.03411369573539165,0.40298507462686567,False,0.03508771929824561
YFL,37,65,114,4,4,0.07894736842105263,0.2,0.10285087719298244,0.028697605981084316,0.845771144278607,False,0.14035087719298245,60,0.8,0.11758771929824562,0.037414038823961125,0.3034825870646766,False,0.06140350877192982
YFL,37,66,114,4,4,0.09649122807017543,0.8,0.10478070175438596,0.033626884082919126,0.6417910447761194,False,0.14912280701754385,60,0.5,0.11495614035087719,0.03645401973760491,0.17412935323383086,False,0.05263157894736842
YFL,37,67,114,4,4,0.08771929824561403,0.2,0.09942982456140351,0.03428822805907532,0.6567164179104478,False,0.13157894736842105,60,0.8,0.11723684210526315,0.03668431236774234,0.373134328358209,False,0.043859649122807015
YFL,37,68,114,4,4,0.11403508771929824,0.2,0.1044298245614035,0.034325647160299726,0.43781094527363185,False,0.14912280701754385,60,0.2,0.11802631578947369,0.0363094782380156,0.21890547263681592,False,0.03508771929824561
YFL,37,69,114,4,4,0.10526315789473684,0.2,0.10438596491228068,0.032239124741290724,0.5174129353233831,False,0.16666666666666666,60,0.2,0.11692982456140352,0.033069315457220756,0.08955223880597014,False,0.06140350877192982
YFL,37,70,114,4,4,0.10526315789473684,0.5,0.10390350877192983,0.03524273151203624,0.5074626865671642,False,0.14912280701754385,60,0.2,0.11736842105263155,0.03444891477441715,0.208955223880597,False,0.043859649122807015
YFL,37,71,114,4,4,0.10526315789473684,0.2,0.10324561403508772,0.030497488011994058,0.5323383084577115,False,0.16666666666666666,60,0.5,0.11407894736842106,0.03343430352190651,0.0845771144278607,False,0.06140350877192982
YFL,37,72,114,4,4,0.14912280701754385,0.2,0.10504385964912281,0.030379697721951707,0.10945273631840796,False,0.15789473684210525,60,0.2,0.11653508771929821,0.03190610819513575,0.10945273631840796,False,0.008771929824561403
YFL,37,73,114,4,4,0.10526315789473684,0.8,0.10131578947368419,0.03216407662809288,0.5223880597014925,False,0.17543859649122806,60,0.5,0.12241228070175439,0.037939491458552965,0.09950248756218906,False,0.07017543859649122
YFL,37,74,114,4,4,0.09649122807017543,0.2,0.10214912280701753,0.030739797087716868,0.6019900497512438,False,0.14035087719298245,180,0.2,0.11285087719298247,0.033643897927280834,0.22388059701492538,False,0.043859649122807015
YFL,37,75,114,4,4,0.12280701754385964,0.8,0.10324561403508771,0.03300611489000265,0.30845771144278605,False,0.13157894736842105,450,0.2,0.10543859649122805,0.03313764671602474,0.23880597014925373,False,0.008771929824561403
YFL,37,76,114,4,4,0.07894736842105263,0.2,0.10065789473684209,0.030803128564470907,0.8059701492537313,False,0.13157894736842105,180,0.5,0.11153508771929825,0.03631565425202498,0.30845771144278605,False,0.05263157894736842
YFL,37,77,114,4,4,0.08771929824561403,0.5,0.10223684210526315,0.03259217579501631,0.7064676616915423,False,0.10526315789473684,75,0.2,0.1157017543859649,0.03443577976642433,0.6417910447761194,False,0.017543859649122806
YFL,37,78,114,4,4,0.11403508771929824,0.2,0.10263157894736842,0.035010494228962324,0.4228855721393035,False,0.15789473684210525,60,0.2,0.11855263157894737,0.0354710775493832,0.14925373134328357,False,0.043859649122807015
YFL,37,79,114,4,4,0.07017543859649122,0.2,0.10320175438596492,0.029600173107219227,0.8955223880597015,False,0.14912280701754385,60,0.5,0.1187280701754386,0.03661784767620084,0.22885572139303484,False,0.07894736842105263
YFL,37,80,114,4,4,0.07894736842105263,0.2,0.10583333333333332,0.029887471184186512,0.8507462686567164,False,0.11403508771929824,75,0.2,0.11653508771929824,0.032099425031473554,0.582089552238806,False,0.03508771929824561
YFL,37,81,114,4,4,0.14035087719298245,0.2,0.10767543859649123,0.03135058905564454,0.19900497512437812,False,0.14035087719298245,900,0.2,0.10767543859649123,0.03135058905564454,0.19900497512437812,False,0.0
YFL,37,82,114,4,4,0.09649122807017543,0.2,0.1031578947368421,0.0305042069585072,0.6368159203980099,False,0.14035087719298245,60,0.2,0.11609649122807017,0.033773518386381894,0.31343283582089554,False,0.043859649122807015
YFL,37,83,114,4,4,0.12280701754385964,0.8,0.10592105263157894,0.033795950633563075,0.36318407960199006,False,0.21052631578947367,75,0.5,0.11789473684210527,0.031420842961454164,0.009950248756218905,True,0.08771929824561403
YFL,37,84,114,4,4,0.14035087719298245,0.2,0.10328947368421051,0.031046944233675274,0.12437810945273632,False,0.14035087719298245,60,0.5,0.11868421052631578,0.03509774607683509,0.2935323383084577,False,0.0
YFL,37,85,114,4,4,0.08771929824561403,0.2,0.10837719298245614,0.03332309474943888,0.7711442786069652,False,0.16666666666666666,60,0.5,0.11706140350877192,0.0358356922397274,0.1044776119402985,False,0.07894736842105263
YFL,37,86,114,4,4,0.11403508771929824,0.5,0.10359649122807017,0.030213175200723336,0.3880597014925373,False,0.17543859649122806,450,0.5,0.10421052631578948,0.03120994752128648,0.029850746268656716,True,0.06140350877192982
YFL,37,87,114,4,4,0.08771929824561403,0.2,0.10478070175438596,0.03246855782720852,0.7263681592039801,False,0.17543859649122806,180,0.2,0.11232456140350877,0.0331695738930591,0.03980099502487562,True,0.08771929824561403
YFL,37,88,114,4,4,0.17543859649122806,0.8,0.1037719298245614,0.029667143201800066,0.009950248756218905,True,0.17543859649122806,900,0.8,0.1037719298245614,0.029667143201800066,0.009950248756218905,True,0.0
YFL,37,89,114,4,4,0.10526315789473684,0.8,0.10508771929824562,0.031202513100097817,0.5174129353233831,False,0.14912280701754385,60,0.2,0.1181140350877193,0.03373800836114851,0.22388059701492538,False,0.043859649122807015
YFL,37,90,114,4,4,0.07894736842105263,0.2,0.10390350877192983,0.03361423307925774,0.8159203980099502,False,0.14035087719298245,225,0.5,0.10903508771929823,0.03492767431424817,0.22885572139303484,False,0.06140350877192982
YFL,37,91,114,4,4,0.09649122807017543,0.8,0.10346491228070175,0.03388005340807943,0.6119402985074627,False,0.13157894736842105,60,0.8,0.12118421052631577,0.03306893544472965,0.4577114427860697,False,0.03508771929824561
YFL,37,92,114,4,4,0.08771929824561403,0.8,0.10228070175438596,0.031455281085485044,0.7213930348258707,False,0.14035087719298245,60,0.5,0.1169736842105263,0.03293067184091419,0.2935323383084577,False,0.05263157894736842
YFL,37,93,114,4,4,0.15789473684210525,0.2,0.10245614035087719,0.030725485469592046,0.04975124378109453,True,0.15789473684210525,225,0.2,0.11096491228070175,0.03304170933983949,0.1044776119402985,False,0.0
YFL,37,94,114,4,4,0.14035087719298245,0.5,0.10675438596491228,0.03152490306214841,0.19402985074626866,False,0.14035087719298245,100,0.5,0.11771929824561404,0.03440174015216806,0.2835820895522388,False,0.0
YFL,38,39,114,4,4,0.14035087719298245,0.8,0.10815789473684209,0.03399185727150829,0.20398009950248755,False,0.18421052631578946,225,0.5,0.11228070175438595,0.03419475558612851,0.03980099502487562,True,0.043859649122807015
YFL,38,40,114,4,4,0.10526315789473684,0.8,0.10578947368421052,0.03332010669436276,0.5024875621890548,False,0.15789473684210525,150,0.2,0.11657894736842105,0.03880899320442588,0.15920398009950248,False,0.05263157894736842
YFL,38,59,114,4,4,0.08771929824561403,0.2,0.10478070175438596,0.029589982211920295,0.7711442786069652,False,0.14912280701754385,100,0.2,0.11114035087719298,0.03383222845119789,0.12437810945273632,False,0.06140350877192982
YFL,38,60,114,4,4,0.11403508771929824,0.2,0.1063157894736842,0.03488391839966225,0.4427860696517413,False,0.13157894736842105,150,0.8,0.11135964912280702,0.03958443913491546,0.3034825870646766,False,0.017543859649122806
YFL,38,61,114,4,4,0.13157894736842105,0.8,0.09982456140350876,0.02848965851661358,0.15920398009950248,False,0.13157894736842105,900,0.8,0.09982456140350876,0.02848965851661358,0.15920398009950248,False,0.0
YFL,38,62,114,4,4,0.07017543859649122,0.2,0.10583333333333332,0.03400286107968822,0.8905472636815921,False,0.14912280701754385,60,0.8,0.11605263157894737,0.03425926222022341,0.21890547263681592,False,0.07894736842105263
YFL,38,63,114,4,4,0.09649122807017543,0.2,0.11109649122807017,0.03218243454630985,0.6915422885572139,False,0.12280701754385964,300,0.2,0.1100438596491228,0.033345134257625496,0.4079601990049751,False,0.02631578947368421
YFL,38,64,114,4,4,0.07894736842105263,0.2,0.1081140350877193,0.03419404884197833,0.7960199004975125,False,0.14035087719298245,75,0.2,0.11969298245614034,0.03464297058305374,0.3333333333333333,False,0.06140350877192982
YFL,38,65,114,4,4,0.07017543859649122,0.8,0.10425438596491228,0.0305920193543389,0.9203980099502488,False,0.14912280701754385,300,0.5,0.11065789473684211,0.03149505322487405,0.13432835820895522,False,0.07894736842105263
YFL,38,66,114,4,4,0.12280701754385964,0.2,0.10223684210526315,0.03157989629967086,0.32338308457711445,False,0.14912280701754385,150,0.5,0.11521929824561403,0.03532579790551711,0.21890547263681592,False,0.02631578947368421
YFL,38,67,114,4,4,0.06140350877192982,0.5,0.10552631578947366,0.03515278723901323,0.9303482587064676,False,0.14035087719298245,150,0.5,0.11473684210526315,0.03242282494460232,0.263681592039801,False,0.07894736842105263
YFL,38,68,114,4,4,0.07894736842105263,0.2,0.10942982456140352,0.034542818883106466,0.8507462686567164,False,0.14035087719298245,100,0.8,0.11820175438596489,0.033646885957442675,0.2935323383084577,False,0.06140350877192982
YFL,38,69,114,4,4,0.10526315789473684,0.2,0.10583333333333333,0.03247903603055847,0.5174129353233831,False,0.15789473684210525,150,0.8,0.10833333333333332,0.03332138317785832,0.08955223880597014,False,0.05263157894736842
YFL,38,70,114,4,4,0.09649122807017543,0.2,0.11135964912280702,0.03460164843299082,0.6616915422885572,False,0.15789473684210525,150,0.2,0.11228070175438595,0.03453232305506097,0.12437810945273632,False,0.06140350877192982
YFL,38,71,114,4,4,0.13157894736842105,0.2,0.10671052631578946,0.0312868827093184,0.24378109452736318,False,0.18421052631578946,180,0.2,0.10802631578947366,0.030074478876247545,0.009950248756218905,True,0.05263157894736842
YFL,38,72,114,4,4,0.13157894736842105,0.5,0.10557017543859647,0.031601683264867675,0.23880597014925373,False,0.21929824561403508,75,0.2,0.12100877192982455,0.036474167434071426,0.009950248756218905,True,0.08771929824561403
YFL,38,73,114,4,4,0.07017543859649122,0.5,0.10464912280701753,0.030086465625241914,0.9054726368159204,False,0.15789473684210525,60,0.5,0.11706140350877192,0.033951878068686575,0.12935323383084577,False,0.08771929824561403
YFL,38,74,114,4,4,0.09649122807017543,0.5,0.10258771929824562,0.03119306263313498,0.6318407960199005,False,0.17543859649122806,60,0.8,0.1200877192982456,0.036443331637265604,0.09950248756218906,False,0.07894736842105263
YFL,38,75,114,4,4,0.08771929824561403,0.2,0.1031578947368421,0.03190444180215792,0.7412935323383084,False,0.14035087719298245,75,0.8,0.11780701754385964,0.034392185034215914,0.3034825870646766,False,0.05263157894736842
YFL,38,76,114,4,4,0.07017543859649122,0.5,0.10017543859649124,0.03131878294628914,0.8557213930348259,False,0.15789473684210525,180,0.8,0.10776315789473681,0.03532251403002902,0.1044776119402985,False,0.08771929824561403
YFL,38,77,114,4,4,0.09649122807017543,0.2,0.10513157894736842,0.0334571943490472,0.6318407960199005,False,0.12280701754385964,75,0.2,0.11719298245614035,0.03217958089309344,0.4925373134328358,False,0.02631578947368421
YFL,38,78,114,4,4,0.12280701754385964,0.2,0.10513157894736841,0.030985109465993223,0.31840796019900497,False,0.16666666666666666,75,0.8,0.11508771929824561,0.036888045814535565,0.11940298507462686,False,0.043859649122807015
YFL,38,79,114,4,4,0.09649122807017543,0.5,0.10320175438596492,0.030143826637555243,0.6318407960199005,False,0.14035087719298245,150,0.5,0.11464912280701753,0.035269190424302176,0.2736318407960199,False,0.043859649122807015
YFL,38,80,114,4,4,0.09649122807017543,0.2,0.10973684210526315,0.03140053138052352,0.7064676616915423,False,0.12280701754385964,75,0.2,0.11837719298245614,0.033405378556398684,0.5024875621890548,False,0.02631578947368421
YFL,38,81,114,4,4,0.17543859649122806,0.5,0.1082017543859649,0.033327503817055945,0.04477611940298507,True,0.18421052631578946,90,0.2,0.11903508771929822,0.034927674314248175,0.029850746268656716,True,0.008771929824561403
YFL,38,82,114,4,4,0.11403508771929824,0.2,0.10403508771929826,0.03105444702621706,0.39303482587064675,False,0.12280701754385964,75,0.5,0.11600877192982456,0.03646504932942138,0.48756218905472637,False,0.008771929824561403
YFL,38,83,114,4,4,0.18421052631578946,0.5,0.10649122807017543,0.032311485615014485,0.024875621890547265,True,0.19298245614035087,300,0.5,0.10706140350877191,0.03245783798405653,0.014925373134328358,True,0.008771929824561403
YFL,38,84,114,4,4,0.11403508771929824,0.2,0.1044298245614035,0.028854283318276316,0.4228855721393035,False,0.19298245614035087,225,0.8,0.11328947368421051,0.03348376505664635,0.024875621890547265,True,0.07894736842105263
YFL,38,85,114,4,4,0.11403508771929824,0.2,0.10653508771929823,0.03408599958846269,0.48756218905472637,False,0.15789473684210525,75,0.2,0.11478070175438596,0.03186245026738568,0.1044776119402985,False,0.043859649122807015
YFL,38,86,114,4,4,0.08771929824561403,0.2,0.10605263157894736,0.03129198028287643,0.7213930348258707,False,0.11403508771929824,100,0.2,0.11842105263157894,0.034115509232587944,0.6119402985074627,False,0.02631578947368421
YFL,38,87,114,4,4,0.07017543859649122,0.5,0.1062280701754386,0.0324875173272972,0.9054726368159204,False,0.18421052631578946,100,0.2,0.11596491228070174,0.0358417611005327,0.04477611940298507,True,0.11403508771929824
YFL,38,88,114,4,4,0.14912280701754385,0.8,0.10438596491228068,0.0325850864026638,0.1044776119402985,False,0.14912280701754385,900,0.8,0.10438596491228068,0.0325850864026638,0.1044776119402985,False,0.0
YFL,38,89,114,4,4,0.07894736842105263,0.8,0.1063157894736842,0.032185828562254964,0.835820895522388,False,0.14035087719298245,150,0.2,0.11425438596491228,0.03608129420373249,0.27860696517412936,False,0.06140350877192982
YFL,38,90,114,4,4,0.11403508771929824,0.2,0.10631578947368421,0.034950361487559756,0.44776119402985076,False,0.13157894736842105,225,0.2,0.11175438596491227,0.03021125544527542,0.26865671641791045,False,0.017543859649122806
YFL,38,91,114,4,4,0.07894736842105263,0.2,0.10289473684210526,0.03272374671923787,0.8109452736318408,False,0.14035087719298245,100,0.2,0.11956140350877192,0.03200209702030456,0.2885572139303483,False,0.06140350877192982
YFL,38,92,114,4,4,0.09649122807017543,0.2,0.10640350877192983,0.032989709793400726,0.6766169154228856,False,0.12280701754385964,75,0.2,0.11758771929824562,0.03377489221743294,0.46766169154228854,False,0.02631578947368421
YFL,38,93,114,4,4,0.13157894736842105,0.5,0.10486842105263157,0.03141662784967613,0.2835820895522388,False,0.18421052631578946,150,0.2,0.11342105263157894,0.029463118847881952,0.009950248756218905,True,0.05263157894736842
YFL,38,94,114,4,4,0.08771929824561403,0.2,0.10978070175438596,0.03260854373087692,0.7761194029850746,False,0.18421052631578946,450,0.5,0.10828947368421052,0.03513834727949694,0.029850746268656716,True,0.09649122807017543
YFL,39,40,114,4,4,0.11403508771929824,0.8,0.10289473684210526,0.02873493793474401,0.3880597014925373,False,0.12280701754385964,150,0.2,0.1137719298245614,0.03440792146159078,0.42786069651741293,False,0.008771929824561403
YFL,39,59,114,4,4,0.07894736842105263,0.5,0.10960526315789472,0.030991597932396225,0.8756218905472637,False,0.14035087719298245,100,0.5,0.1124561403508772,0.033041826363571836,0.21393034825870647,False,0.06140350877192982
YFL,39,60,114,4,4,0.12280701754385964,0.2,0.10530701754385964,0.02976327253772137,0.34328358208955223,False,0.14912280701754385,450,0.8,0.10390350877192983,0.031914832614057774,0.10945273631840796,False,0.02631578947368421
YFL,39,61,114,4,4,0.07894736842105263,0.2,0.10442982456140351,0.029608271060313777,0.8258706467661692,False,0.16666666666666666,450,0.5,0.10333333333333332,0.03170896076474034,0.04975124378109453,True,0.08771929824561403
YFL,39,62,114,4,4,0.06140350877192982,0.5,0.10539473684210528,0.032543260226219506,0.9502487562189055,False,0.14035087719298245,75,0.8,0.11662280701754386,0.03489763264157234,0.2736318407960199,False,0.07894736842105263
YFL,39,63,114,4,4,0.06140350877192982,0.2,0.10728070175438596,0.02972703690369531,0.9651741293532339,False,0.12280701754385964,450,0.2,0.10771929824561402,0.02937966473732805,0.3482587064676617,False,0.06140350877192982
YFL,39,64,114,4,4,0.14035087719298245,0.2,0.10478070175438596,0.031193062633134983,0.1691542288557214,False,0.14035087719298245,450,0.2,0.10447368421052632,0.030236202758756686,0.16417910447761194,False,0.0
YFL,39,65,114,4,4,0.07894736842105263,0.8,0.10517543859649121,0.03247799431510298,0.8208955223880597,False,0.14035087719298245,90,0.2,0.1163157894736842,0.03714584515202388,0.25870646766169153,False,0.06140350877192982
YFL,39,66,114,4,4,0.15789473684210525,0.5,0.1020175438596491,0.029591452269180703,0.06467661691542288,False,0.15789473684210525,900,0.5,0.1020175438596491,0.029591452269180703,0.06467661691542288,False,0.0
YFL,39,67,114,4,4,0.10526315789473684,0.8,0.10324561403508771,0.03160575135626965,0.5124378109452736,False,0.14035087719298245,75,0.2,0.11684210526315787,0.03662716527208292,0.2935323383084577,False,0.03508771929824561
YFL,39,68,114,4,4,0.08771929824561403,0.2,0.105,0.033531452786122934,0.6865671641791045,False,0.13157894736842105,225,0.2,0.11021929824561404,0.032710362247519276,0.2835820895522388,False,0.043859649122807015
YFL,39,69,114,4,4,0.07894736842105263,0.2,0.10171052631578949,0.03100531906016644,0.8009950248756219,False,0.13157894736842105,60,0.5,0.1169736842105263,0.03385699165388723,0.373134328358209,False,0.05263157894736842
YFL,39,70,114,4,4,0.08771929824561403,0.8,0.10657894736842105,0.03308848580543248,0.7313432835820896,False,0.13157894736842105,225,0.2,0.10631578947368421,0.03497248113174179,0.26865671641791045,False,0.043859649122807015
YFL,39,71,114,4,4,0.07017543859649122,0.2,0.10232456140350876,0.028675230675174176,0.9154228855721394,False,0.19298245614035087,180,0.8,0.10763157894736843,0.03209138337269128,0.009950248756218905,True,0.12280701754385964
YFL,39,72,114,4,4,0.14912280701754385,0.2,0.10394736842105264,0.03211595380087536,0.11940298507462686,False,0.23684210526315788,75,0.5,0.11881578947368421,0.035381795725524044,0.009950248756218905,True,0.08771929824561403
YFL,39,73,114,4,4,0.07894736842105263,0.8,0.1075,0.030144083184581588,0.8805970149253731,False,0.20175438596491227,75,0.2,0.11780701754385964,0.03317904408333934,0.024875621890547265,True,0.12280701754385964
YFL,39,74,114,4,4,0.09649122807017543,0.2,0.1062719298245614,0.03208496667150879,0.6467661691542289,False,0.14912280701754385,150,0.8,0.11114035087719298,0.03505585699588609,0.19402985074626866,False,0.05263157894736842
YFL,39,75,114,4,4,0.14035087719298245,0.2,0.10548245614035087,0.03147982597204612,0.19402985074626866,False,0.14035087719298245,900,0.2,0.10548245614035087,0.03147982597204612,0.19402985074626866,False,0.0
YFL,39,76,114,4,4,0.08771929824561403,0.2,0.1011842105263158,0.032666595504060474,0.6716417910447762,False,0.13157894736842105,60,0.2,0.11627192982456139,0.037309511196292125,0.3582089552238806,False,0.043859649122807015
YFL,39,77,114,4,4,0.11403508771929824,0.2,0.10403508771929822,0.03402517053551724,0.417910447761194,False,0.14912280701754385,450,0.2,0.10504385964912279,0.03345673206309811,0.13432835820895522,False,0.03508771929824561
YFL,39,78,114,4,4,0.09649122807017543,0.8,0.1025,0.02898771362356897,0.6218905472636815,False,0.15789473684210525,60,0.5,0.11938596491228068,0.03483100571018347,0.15422885572139303,False,0.06140350877192982
YFL,39,79,114,4,4,0.06140350877192982,0.8,0.10578947368421052,0.031543663617326384,0.9502487562189055,False,0.14035087719298245,60,0.2,0.11758771929824562,0.034241057905347864,0.30845771144278605,False,0.07894736842105263
YFL,39,80,114,4,4,0.09649122807017543,0.5,0.10706140350877191,0.031844484646896286,0.681592039800995,False,0.16666666666666666,75,0.2,0.11552631578947369,0.033429821791219234,0.07960199004975124,False,0.07017543859649122
YFL,39,81,114,4,4,0.12280701754385964,0.2,0.1082017543859649,0.03319963605947713,0.36318407960199006,False,0.17543859649122806,60,0.2,0.12070175438596492,0.037072907529108946,0.0845771144278607,False,0.05263157894736842
YFL,39,82,114,4,4,0.15789473684210525,0.5,0.10263157894736842,0.03219111410446419,0.05970149253731343,False,0.16666666666666666,450,0.5,0.10736842105263157,0.03059280931140049,0.04975124378109453,True,0.008771929824561403
YFL,39,83,114,4,4,0.15789473684210525,0.8,0.10692982456140351,0.03201514352040938,0.0945273631840796,False,0.18421052631578946,225,0.2,0.11043859649122804,0.03576648849715848,0.03482587064676617,True,0.02631578947368421
YFL,39,84,114,4,4,0.14912280701754385,0.2,0.10293859649122805,0.03234064168751898,0.11442786069651742,False,0.20175438596491227,225,0.8,0.11307017543859647,0.03689045663692918,0.03980099502487562,True,0.05263157894736842
YFL,39,85,114,4,4,0.11403508771929824,0.2,0.10469298245614034,0.033911766217772185,0.43781094527363185,False,0.17543859649122806,450,0.2,0.10657894736842106,0.03277144899925361,0.04477611940298507,True,0.06140350877192982
YFL,39,86,114,4,4,0.10526315789473684,0.8,0.10657894736842106,0.03197115071664373,0.5422885572139303,False,0.15789473684210525,225,0.2,0.11214912280701754,0.03447491742038439,0.1044776119402985,False,0.05263157894736842
YFL,39,87,114,4,4,0.10526315789473684,0.2,0.10473684210526316,0.031690420079207714,0.5373134328358209,False,0.18421052631578946,450,0.8,0.10767543859649123,0.030335117668784817,0.01990049751243781,True,0.07894736842105263
YFL,39,88,114,4,4,0.15789473684210525,0.2,0.10486842105263157,0.03042878741729783,0.05970149253731343,False,0.15789473684210525,900,0.2,0.10486842105263157,0.03042878741729783,0.05970149253731343,False,0.0
YFL,39,89,114,4,4,0.12280701754385964,0.8,0.10574561403508773,0.03075614506815369,0.3333333333333333,False,0.15789473684210525,450,0.2,0.10864035087719298,0.03329732484385589,0.0845771144278607,False,0.03508771929824561
YFL,39,90,114,4,4,0.07894736842105263,0.2,0.10346491228070175,0.032410151338761004,0.8208955223880597,False,0.11403508771929824,225,0.5,0.11328947368421051,0.03366802443803577,0.5373134328358209,False,0.03508771929824561
YFL,39,91,114,4,4,0.12280701754385964,0.2,0.10061403508771928,0.02869723544795005,0.24875621890547264,False,0.13157894736842105,75,0.2,0.11653508771929826,0.037592200202803655,0.38308457711442784,False,0.008771929824561403
YFL,39,92,114,4,4,0.10526315789473684,0.5,0.10456140350877191,0.02953979311558059,0.5621890547263682,False,0.13157894736842105,75,0.8,0.11741228070175437,0.03615879880499967,0.39800995024875624,False,0.02631578947368421
YFL,39,93,114,4,4,0.14035087719298245,0.2,0.10469298245614034,0.030565464929514223,0.15422885572139303,False,0.21929824561403508,225,0.8,0.11127192982456141,0.0322220591549603,0.004975124378109453,True,0.07894736842105263
YFL,39,94,114,4,4,0.09649122807017543,0.2,0.10868421052631577,0.0337828192759625,0.681592039800995,False,0.19298245614035087,60,0.5,0.1193859649122807,0.03625611312472828,0.03482587064676617,True,0.09649122807017543
YFL,40,59,114,4,4,0.09649122807017543,0.2,0.10214912280701753,0.029098482463207884,0.6119402985074627,False,0.15789473684210525,300,0.2,0.1057017543859649,0.032475136866901566,0.07960199004975124,False,0.06140350877192982
YFL,40,60,114,4,4,0.10526315789473684,0.2,0.09921052631578947,0.034637305664732304,0.43283582089552236,False,0.14035087719298245,225,0.8,0.11114035087719298,0.036567470484591705,0.24875621890547264,False,0.03508771929824561
YFL,40,61,114,4,4,0.14035087719298245,0.5,0.09842105263157894,0.028511365753193952,0.1044776119402985,False,0.14035087719298245,450,0.2,0.10302631578947369,0.02909981125508486,0.14925373134328357,False,0.0
YFL,40,62,114,4,4,0.06140350877192982,0.2,0.10495614035087719,0.03068288862562345,0.945273631840796,False,0.14035087719298245,60,0.8,0.115,0.034697535191843557,0.26865671641791045,False,0.07894736842105263
YFL,40,63,114,4,4,0.09649122807017543,0.5,0.10701754385964911,0.031351359899107506,0.6417910447761194,False,0.10526315789473684,150,0.2,0.1144736842105263,0.03474163714937904,0.6567164179104478,False,0.008771929824561403
YFL,40,64,114,4,4,0.15789473684210525,0.5,0.10214912280701753,0.03121412860506884,0.05970149253731343,False,0.15789473684210525,900,0.5,0.10214912280701753,0.03121412860506884,0.05970149253731343,False,0.0
YFL,40,65,114,4,4,0.11403508771929824,0.2,0.10539473684210526,0.03135724851774486,0.42786069651741293,False,0.13157894736842105,100,0.8,0.11333333333333333,0.034300433199918684,0.32338308457711445,False,0.017543859649122806
YFL,40,66,114,4,4,0.13157894736842105,0.8,0.09973684210526315,0.034692185690346426,0.19402985074626866,False,0.14912280701754385,100,0.2,0.11381578947368422,0.03416576708796293,0.19402985074626866,False,0.017543859649122806
YFL,40,67,114,4,4,0.12280701754385964,0.8,0.10039473684210526,0.031873612981667694,0.29850746268656714,False,0.14912280701754385,90,0.5,0.11640350877192981,0.031752220854421385,0.18407960199004975,False,0.02631578947368421
YFL,40,68,114,4,4,0.11403508771929824,0.2,0.09934210526315787,0.032202373019680305,0.35323383084577115,False,0.14035087719298245,225,0.8,0.1106578947368421,0.035017975956304834,0.21393034825870647,False,0.02631578947368421
YFL,40,69,114,4,4,0.06140350877192982,0.5,0.10407894736842106,0.0321752248291731,0.9303482587064676,False,0.14912280701754385,150,0.8,0.10925438596491227,0.033748550719111425,0.13432835820895522,False,0.08771929824561403
YFL,40,70,114,4,4,0.043859649122807015,0.2,0.09978070175438596,0.03185832392662562,0.9850746268656716,False,0.15789473684210525,100,0.2,0.11320175438596491,0.03517134419002113,0.14427860696517414,False,0.11403508771929824
YFL,40,71,114,4,4,0.14912280701754385,0.2,0.10460526315789473,0.03131356625390178,0.12437810945273632,False,0.19298245614035087,150,0.5,0.1075438596491228,0.031465113626466486,0.014925373134328358,True,0.043859649122807015
YFL,40,72,114,4,4,0.14035087719298245,0.5,0.10109649122807017,0.03282081971052751,0.14925373134328357,False,0.21929824561403508,75,0.8,0.11745614035087719,0.03611720357835051,0.009950248756218905,True,0.07894736842105263
YFL,40,73,114,4,4,0.12280701754385964,0.5,0.10087719298245613,0.028913219634356103,0.2537313432835821,False,0.17543859649122806,60,0.5,0.11754385964912281,0.034001979768891646,0.07462686567164178,False,0.05263157894736842
YFL,40,74,114,4,4,0.10526315789473684,0.5,0.10043859649122806,0.03410133871931509,0.4527363184079602,False,0.18421052631578946,150,0.2,0.11478070175438596,0.03354145484867986,0.03482587064676617,True,0.07894736842105263
YFL,40,75,114,4,4,0.11403508771929824,0.2,0.10153508771929826,0.032673223424963836,0.35323383084577115,False,0.16666666666666666,450,0.2,0.10403508771929823,0.03227556506168227,0.024875621890547265,True,0.05263157894736842
YFL,40,76,114,4,4,0.07017543859649122,0.2,0.1012280701754386,0.029949022319777717,0.8557213930348259,False,0.15789473684210525,180,0.8,0.10732456140350877,0.03396759081221725,0.08955223880597014,False,0.08771929824561403
YFL,40,77,114,4,4,0.11403508771929824,0.5,0.10671052631578945,0.03321710155598974,0.48756218905472637,False,0.11403508771929824,450,0.2,0.1075438596491228,0.035090364001536804,0.47761194029850745,False,0.0
YFL,40,78,114,4,4,0.10526315789473684,0.2,0.10035087719298247,0.033308500055154844,0.4626865671641791,False,0.16666666666666666,100,0.2,0.111359649122807,0.03408373073923665,0.05970149253731343,False,0.06140350877192982
YFL,40,79,114,4,4,0.08771929824561403,0.2,0.10478070175438596,0.031155852641779502,0.7263681592039801,False,0.11403508771929824,100,0.2,0.11298245614035085,0.03545562213932526,0.5174129353233831,False,0.02631578947368421
YFL,40,80,114,4,4,0.08771929824561403,0.8,0.10649122807017543,0.03192624951769819,0.7711442786069652,False,0.14035087719298245,75,0.8,0.1193859649122807,0.03349545526255245,0.3034825870646766,False,0.05263157894736842
YFL,40,81,114,4,4,0.10526315789473684,0.8,0.10495614035087719,0.031723803794117975,0.5422885572139303,False,0.17543859649122806,90,0.8,0.11399122807017542,0.035629007214496265,0.05472636815920398,False,0.07017543859649122
YFL,40,82,114,4,4,0.12280701754385964,0.2,0.1025,0.03299284496904075,0.3034825870646766,False,0.12280701754385964,900,0.2,0.1025,0.03299284496904075,0.3034825870646766,False,0.0
YFL,40,83,114,4,4,0.18421052631578946,0.8,0.10456140350877194,0.03214736211263019,0.01990049751243781,True,0.18421052631578946,300,0.2,0.10631578947368421,0.031098244588501255,0.024875621890547265,True,0.0
YFL,40,84,114,4,4,0.12280701754385964,0.5,0.10188596491228069,0.03243853333916509,0.26865671641791045,False,0.17543859649122806,225,0.2,0.11456140350877192,0.03466241401952407,0.06965174129353234,False,0.05263157894736842
YFL,40,85,114,4,4,0.11403508771929824,0.5,0.10482456140350876,0.03241554940960667,0.43283582089552236,False,0.16666666666666666,60,0.5,0.11657894736842106,0.035455949307733894,0.11940298507462686,False,0.05263157894736842
YFL,40,86,114,4,4,0.13157894736842105,0.2,0.10311403508771928,0.03093540267243505,0.23383084577114427,False,0.18421052631578946,450,0.2,0.1075,0.03350939158342792,0.04477611940298507,True,0.05263157894736842
YFL,40,87,114,4,4,0.07894736842105263,0.2,0.0994736842105263,0.030443302022119652,0.7711442786069652,False,0.18421052631578946,90,0.5,0.11399122807017545,0.030885365494159708,0.024875621890547265,True,0.10526315789473684
YFL,40,88,114,4,4,0.14912280701754385,0.5,0.10355263157894737,0.02962263294848094,0.07462686567164178,False,0.14912280701754385,900,0.5,0.10355263157894737,0.02962263294848094,0.07462686567164178,False,0.0
YFL,40,89,114,4,4,0.10526315789473684,0.5,0.10140350877192983,0.034539488552477945,0.4577114427860697,False,0.12280701754385964,90,0.8,0.11807017543859648,0.037256021722300046,0.46766169154228854,False,0.017543859649122806
YFL,40,90,114,4,4,0.10526315789473684,0.5,0.10030701754385964,0.028571212451321507,0.472636815920398,False,0.13157894736842105,100,0.2,0.11666666666666665,0.03585082202007664,0.39800995024875624,False,0.02631578947368421
YFL,40,91,114,4,4,0.08771929824561403,0.2,0.09903508771929825,0.03282850601285571,0.6517412935323383,False,0.13157894736842105,150,0.2,0.11105263157894736,0.03545431343549999,0.32338308457711445,False,0.043859649122807015
YFL,40,92,114,4,4,0.06140350877192982,0.8,0.10359649122807017,0.031821314671787664,0.9502487562189055,False,0.13157894736842105,450,0.8,0.1045175438596491,0.03065010579906368,0.23880597014925373,False,0.07017543859649122
YFL,40,93,114,4,4,0.13157894736842105,0.5,0.10232456140350876,0.029143362044483083,0.19900497512437812,False,0.17543859649122806,100,0.2,0.11798245614035087,0.032593984974511256,0.05472636815920398,False,0.043859649122807015
YFL,40,94,114,4,4,0.15789473684210525,0.8,0.10741228070175439,0.03357279646363379,0.08955223880597014,False,0.16666666666666666,450,0.8,0.10864035087719298,0.03187337035553577,0.06965174129353234,False,0.008771929824561403
YFL,59,60,114,4,4,0.12280701754385964,0.2,0.10421052631578948,0.028786698226464607,0.3034825870646766,False,0.15789473684210525,300,0.2,0.10416666666666664,0.03148596687938999,0.06965174129353234,False,0.03508771929824561
YFL,59,61,114,4,4,0.07894736842105263,0.5,0.10276315789473683,0.029553108886532745,0.8159203980099502,False,0.11403508771929824,60,0.8,0.11706140350877192,0.03468424350272551,0.5572139303482587,False,0.03508771929824561
YFL,59,62,114,4,4,0.09649122807017543,0.2,0.10561403508771929,0.03346138352425409,0.6268656716417911,False,0.15789473684210525,225,0.5,0.10758771929824562,0.03369901885661861,0.0945273631840796,False,0.06140350877192982
YFL,59,63,114,4,4,0.11403508771929824,0.5,0.10701754385964911,0.027416798534521544,0.4427860696517413,False,0.16666666666666666,300,0.2,0.10706140350877194,0.033223154118244995,0.05970149253731343,False,0.05263157894736842
YFL,59,64,114,4,4,0.10526315789473684,0.2,0.10508771929824562,0.029834153754032828,0.5422885572139303,False,0.15789473684210525,100,0.2,0.11254385964912281,0.03451115376138709,0.15422885572139303,False,0.05263157894736842
YFL,59,65,114,4,4,0.08771929824561403,0.2,0.1068859649122807,0.03089262590883984,0.7810945273631841,False,0.16666666666666666,300,0.5,0.11385964912280702,0.03175526511836768,0.07462686567164178,False,0.07894736842105263
YFL,59,66,114,4,4,0.13157894736842105,0.2,0.10342105263157894,0.030470597410271593,0.22885572139303484,False,0.16666666666666666,100,0.2,0.11311403508771928,0.03248284544830001,0.06467661691542288,False,0.03508771929824561
YFL,59,67,114,4,4,0.07894736842105263,0.5,0.10583333333333332,0.03054015353527923,0.845771144278607,False,0.14912280701754385,100,0.2,0.11241228070175438,0.03308062613747153,0.17412935323383086,False,0.07017543859649122
YFL,59,68,114,4,4,0.10526315789473684,0.5,0.10789473684210525,0.030627673498884032,0.5671641791044776,False,0.14035087719298245,60,0.2,0.11798245614035087,0.03584812555720795,0.30845771144278605,False,0.03508771929824561
YFL,59,69,114,4,4,0.09649122807017543,0.2,0.10596491228070175,0.032111257966672184,0.6865671641791045,False,0.12280701754385964,100,0.2,0.11491228070175438,0.036162247320925364,0.417910447761194,False,0.02631578947368421
YFL,59,70,114,4,4,0.08771929824561403,0.8,0.10710526315789473,0.02870639631877744,0.8059701492537313,False,0.14912280701754385,300,0.8,0.10504385964912281,0.03183404050721289,0.10945273631840796,False,0.06140350877192982
YFL,59,71,114,4,4,0.09649122807017543,0.2,0.10456140350877191,0.0320389276194657,0.6268656716417911,False,0.17543859649122806,60,0.5,0.11938596491228068,0.03512946031706806,0.07960199004975124,False,0.07894736842105263
YFL,59,72,114,4,4,0.14035087719298245,0.2,0.1068859649122807,0.03126586575688496,0.19900497512437812,False,0.16666666666666666,75,0.5,0.11991228070175439,0.032940445482947486,0.09950248756218906,False,0.02631578947368421
YFL,59,73,114,4,4,0.07894736842105263,0.2,0.1100438596491228,0.033702690379887566,0.8557213930348259,False,0.14035087719298245,60,0.2,0.12017543859649121,0.0340701428438585,0.3283582089552239,False,0.06140350877192982
YFL,59,74,114,4,4,0.09649122807017543,0.2,0.10894736842105264,0.032255432078888355,0.681592039800995,False,0.14035087719298245,75,0.5,0.1163157894736842,0.03363886939284709,0.3034825870646766,False,0.043859649122807015
YFL,59,75,114,4,4,0.07017543859649122,0.2,0.10298245614035087,0.03221800887537032,0.8805970149253731,False,0.16666666666666666,300,0.5,0.1074561403508772,0.032971420213597565,0.05970149253731343,False,0.09649122807017543
YFL,59,76,114,4,4,0.08771929824561403,0.2,0.10657894736842105,0.030951053933437146,0.7761194029850746,False,0.16666666666666666,300,0.5,0.10973684210526315,0.035241552051563076,0.0845771144278607,False,0.07894736842105263
YFL,59,77,114,4,4,0.08771929824561403,0.8,0.1056578947368421,0.031094980563732267,0.7661691542288557,False,0.13157894736842105,75,0.2,0.11644736842105262,0.033043903465856395,0.35323383084577115,False,0.043859649122807015
YFL,59,78,114,4,4,0.12280701754385964,0.2,0.10403508771929826,0.030729008947864934,0.32338308457711445,False,0.16666666666666666,225,0.8,0.10635964912280702,0.03462108715490272,0.04477611940298507,True,0.043859649122807015
YFL,59,79,114,4,4,0.12280701754385964,0.8,0.10644736842105264,0.033169340746585826,0.3582089552238806,False,0.14035087719298245,60,0.5,0.11855263157894737,0.0338992215307287,0.2835820895522388,False,0.017543859649122806
YFL,59,80,114,4,4,0.09649122807017543,0.5,0.10609649122807017,0.03202972394008834,0.6467661691542289,False,0.14912280701754385,100,0.2,0.11236842105263158,0.033072589230131816,0.15422885572139303,False,0.05263157894736842
YFL,59,81,114,4,4,0.09649122807017543,0.2,0.10776315789473684,0.033317060342958796,0.6517412935323383,False,0.16666666666666666,75,0.2,0.11679824561403507,0.032568202099138396,0.0845771144278607,False,0.07017543859649122
YFL,59,82,114,4,4,0.07894736842105263,0.2,0.10517543859649123,0.03057700629254568,0.8208955223880597,False,0.14912280701754385,300,0.2,0.10649122807017544,0.032371264628472986,0.10945273631840796,False,0.07017543859649122
YFL,59,83,114,4,4,0.13157894736842105,0.5,0.10456140350877191,0.03239896462835489,0.24378109452736318,False,0.16666666666666666,75,0.5,0.11859649122807017,0.03518632006873847,0.08955223880597014,False,0.03508771929824561
YFL,59,84,114,4,4,0.10526315789473684,0.2,0.10916666666666666,0.03213939260305682,0.6069651741293532,False,0.14912280701754385,100,0.2,0.11767543859649124,0.03737453898684109,0.21890547263681592,False,0.043859649122807015
YFL,59,85,114,4,4,0.12280701754385964,0.2,0.10653508771929823,0.03316607652387101,0.36318407960199006,False,0.15789473684210525,100,0.2,0.11570175438596492,0.031784840173304726,0.11940298507462686,False,0.03508771929824561
YFL,59,86,114,4,4,0.12280701754385964,0.2,0.10456140350877194,0.029748491129850348,0.2885572139303483,False,0.17543859649122806,300,0.2,0.1055701754385965,0.032123507836942816,0.03482587064676617,True,0.05263157894736842
YFL,59,87,114,4,4,0.08771929824561403,0.2,0.10416666666666666,0.03034786150914902,0.7213930348258707,False,0.14912280701754385,90,0.2,0.11223684210526315,0.03129330860504158,0.14925373134328357,False,0.06140350877192982
YFL,59,88,114,4,4,0.09649122807017543,0.5,0.1062719298245614,0.03126710243926511,0.6716417910447762,False,0.15789473684210525,100,0.2,0.11206140350877192,0.032873792150717195,0.09950248756218906,False,0.06140350877192982
YFL,59,89,114,4,4,0.11403508771929824,0.8,0.10530701754385965,0.030507470818207826,0.43283582089552236,False,0.14035087719298245,100,0.2,0.11052631578947368,0.03232297176128422,0.208955223880597,False,0.02631578947368421
YFL,59,90,114,4,4,0.11403508771929824,0.2,0.10438596491228068,0.030866611957649778,0.4079601990049751,False,0.14035087719298245,225,0.2,0.10741228070175439,0.02844806331558236,0.14925373134328357,False,0.02631578947368421
YFL,59,91,114,4,4,0.08771929824561403,0.2,0.10399122807017543,0.032861557218140304,0.6915422885572139,False,0.17543859649122806,100,0.2,0.11482456140350877,0.0335462098264962,0.05970149253731343,False,0.08771929824561403
YFL,59,92,114,4,4,0.07894736842105263,0.2,0.10394736842105264,0.03254649781037578,0.8258706467661692,False,0.14912280701754385,225,0.2,0.10956140350877192,0.03403596476465042,0.14925373134328357,False,0.07017543859649122
YFL,59,93,114,4,4,0.09649122807017543,0.2,0.10530701754385963,0.030897882385485558,0.6616915422885572,False,0.17543859649122806,300,0.2,0.11078947368421051,0.03607992781735944,0.06965174129353234,False,0.07894736842105263
YFL,59,94,114,4,4,0.09649122807017543,0.2,0.11030701754385966,0.032720526673259344,0.7164179104477612,False,0.15789473684210525,300,0.8,0.10557017543859647,0.03214757260119435,0.06467661691542288,False,0.06140350877192982
YFL,60,61,114,4,4,0.12280701754385964,0.8,0.09728070175438595,0.02674847786333762,0.21890547263681592,False,0.12280701754385964,900,0.8,0.09728070175438595,0.02674847786333762,0.21890547263681592,False,0.0
YFL,60,62,114,4,4,0.09649122807017543,0.2,0.10245614035087719,0.031704082688197355,0.6119402985074627,False,0.15789473684210525,60,0.8,0.11429824561403507,0.03403505590893847,0.12437810945273632,False,0.06140350877192982
YFL,60,63,114,4,4,0.08771929824561403,0.2,0.106359649122807,0.031065620025168397,0.7761194029850746,False,0.11403508771929824,150,0.2,0.11328947368421051,0.03651104070035287,0.5323383084577115,False,0.02631578947368421
YFL,60,64,114,4,4,0.17543859649122806,0.5,0.10289473684210527,0.03383908513086198,0.03980099502487562,True,0.17543859649122806,900,0.5,0.10289473684210527,0.03383908513086198,0.03980099502487562,True,0.0
YFL,60,65,114,4,4,0.12280701754385964,0.2,0.10381578947368421,0.030750864363291285,0.29850746268656714,False,0.14912280701754385,300,0.5,0.11100877192982456,0.033284780918940084,0.13930348258706468,False,0.02631578947368421
YFL,60,66,114,4,4,0.10526315789473684,0.2,0.09982456140350876,0.029841929072011275,0.4527363184079602,False,0.10526315789473684,900,0.2,0.09982456140350876,0.029841929072011275,0.4527363184079602,False,0.0
YFL,60,67,114,4,4,0.10526315789473684,0.2,0.10017543859649124,0.030795878439478404,0.4975124378109453,False,0.15789473684210525,300,0.8,0.10592105263157894,0.031694049784162855,0.06467661691542288,False,0.05263157894736842
YFL,60,68,114,4,4,0.14035087719298245,0.8,0.10052631578947369,0.02950678862785044,0.1044776119402985,False,0.14035087719298245,900,0.8,0.10052631578947369,0.02950678862785044,0.1044776119402985,False,0.0
YFL,60,69,114,4,4,0.11403508771929824,0.2,0.10438596491228068,0.030501164600053667,0.42786069651741293,False,0.14035087719298245,150,0.8,0.10999999999999999,0.0334729371516258,0.19900497512437812,False,0.02631578947368421
YFL,60,70,114,4,4,0.08771929824561403,0.2,0.10241228070175439,0.031473683866534846,0.6567164179104478,False,0.14912280701754385,225,0.8,0.10925438596491226,0.035458212139911745,0.16417910447761194,False,0.06140350877192982
YFL,60,71,114,4,4,0.16666666666666666,0.2,0.10359649122807017,0.030921556734417356,0.029850746268656716,True,0.16666666666666666,150,0.2,0.1075438596491228,0.03041534650092229,0.05970149253731343,False,0.0
YFL,60,72,114,4,4,0.16666666666666666,0.5,0.10442982456140351,0.032604037437911196,0.05472636815920398,False,0.20175438596491227,75,0.8,0.11688596491228069,0.03621500336752221,0.01990049751243781,True,0.03508771929824561
YFL,60,73,114,4,4,0.08771929824561403,0.5,0.10285087719298243,0.03126413431937027,0.7263681592039801,False,0.15789473684210525,75,0.2,0.11600877192982456,0.03433510817954336,0.15920398009950248,False,0.07017543859649122
YFL,60,74,114,4,4,0.14035087719298245,0.2,0.1001315789473684,0.033153016419081145,0.13930348258706468,False,0.19298245614035087,150,0.5,0.11232456140350877,0.03148301939335189,0.01990049751243781,True,0.05263157894736842
YFL,60,75,114,4,4,0.12280701754385964,0.2,0.10342105263157894,0.03255647586039294,0.3034825870646766,False,0.14035087719298245,100,0.8,0.11320175438596491,0.03517134419002113,0.263681592039801,False,0.017543859649122806
YFL,60,76,114,4,4,0.07894736842105263,0.2,0.10087719298245613,0.030916679487648716,0.7960199004975125,False,0.14912280701754385,180,0.8,0.10706140350877191,0.034858830936908926,0.12437810945273632,False,0.07017543859649122
YFL,60,77,114,4,4,0.08771929824561403,0.5,0.10434210526315789,0.03241134435998203,0.7611940298507462,False,0.11403508771929824,450,0.2,0.10592105263157894,0.03250117202633353,0.4228855721393035,False,0.02631578947368421
YFL,60,78,114,4,4,0.11403508771929824,0.2,0.10166666666666664,0.034049594689216,0.3582089552238806,False,0.15789473684210525,100,0.5,0.11105263157894736,0.03317822829643278,0.09950248756218906,False,0.043859649122807015
YFL,60,79,114,4,4,0.08771929824561403,0.2,0.10105263157894737,0.03056397846467188,0.6965174129353234,False,0.14035087719298245,90,0.2,0.11236842105263158,0.035616985940204376,0.27860696517412936,False,0.05263157894736842
YFL,60,80,114,4,4,0.13157894736842105,0.2,0.10600877192982455,0.028950340332430234,0.21393034825870647,False,0.13157894736842105,900,0.2,0.10600877192982455,0.028950340332430234,0.21393034825870647,False,0.0
YFL,60,81,114,4,4,0.14912280701754385,0.2,0.10684210526315788,0.03365633672894623,0.12935323383084577,False,0.17543859649122806,90,0.8,0.11482456140350877,0.03688416720439099,0.06965174129353234,False,0.02631578947368421
YFL,60,82,114,4,4,0.10526315789473684,0.2,0.10179824561403508,0.03421620538923854,0.48258706467661694,False,0.12280701754385964,225,0.5,0.11355263157894736,0.03751827523401754,0.4129353233830846,False,0.017543859649122806
YFL,60,83,114,4,4,0.18421052631578946,0.8,0.10407894736842105,0.033040860905384634,0.029850746268656716,True,0.18421052631578946,300,0.5,0.10565789473684209,0.03213457986676715,0.024875621890547265,True,0.0
YFL,60,84,114,4,4,0.13157894736842105,0.2,0.10065789473684209,0.03362389427526529,0.22388059701492538,False,0.18421052631578946,225,0.5,0.11293859649122806,0.03364688595744268,0.04975124378109453,True,0.05263157894736842
YFL,60,85,114,4,4,0.12280701754385964,0.8,0.10368421052631578,0.03335629345155209,0.3383084577114428,False,0.17543859649122806,75,0.2,0.11618421052631579,0.03520321180391626,0.06467661691542288,False,0.05263157894736842
YFL,60,86,114,4,4,0.13157894736842105,0.8,0.1044298245614035,0.03171429530183683,0.24378109452736318,False,0.15789473684210525,75,0.5,0.11517543859649121,0.03622965456774898,0.15422885572139303,False,0.02631578947368421
YFL,60,87,114,4,4,0.14912280701754385,0.8,0.09973684210526315,0.029903412316764504,0.0845771144278607,False,0.16666666666666666,60,0.8,0.11666666666666665,0.03512076377516413,0.1044776119402985,False,0.017543859649122806
YFL,60,88,114,4,4,0.14035087719298245,0.5,0.10166666666666668,0.03303515534921448,0.15920398009950248,False,0.14035087719298245,900,0.5,0.10166666666666668,0.03303515534921448,0.15920398009950248,False,0.0
YFL,60,89,114,4,4,0.07894736842105263,0.2,0.10057017543859648,0.031064873209079344,0.7860696517412935,False,0.10526315789473684,75,0.2,0.11684210526315787,0.03406741893940676,0.6666666666666666,False,0.02631578947368421
YFL,60,90,114,4,4,0.11403508771929824,0.2,0.10403508771929823,0.03146265577929736,0.40298507462686567,False,0.13157894736842105,225,0.5,0.10890350877192981,0.03206206093395809,0.2537313432835821,False,0.017543859649122806
YFL,60,91,114,4,4,0.11403508771929824,0.2,0.10280701754385965,0.03263441321885305,0.3681592039800995,False,0.13157894736842105,75,0.5,0.11587719298245613,0.031677606031504504,0.35323383084577115,False,0.017543859649122806
YFL,60,92,114,4,4,0.09649122807017543,0.5,0.1055701754385965,0.031133256906293115,0.6666666666666666,False,0.12280701754385964,450,0.5,0.10614035087719298,0.030310411230591253,0.3383084577114428,False,0.02631578947368421
YFL,60,93,114,4,4,0.14035087719298245,0.2,0.10254385964912281,0.030493430572795372,0.13432835820895522,False,0.16666666666666666,100,0.5,0.11416666666666667,0.033120343626317564,0.07462686567164178,False,0.02631578947368421
YFL,60,94,114,4,4,0.12280701754385964,0.5,0.10798245614035086,0.032696321872682656,0.34328358208955223,False,0.16666666666666666,450,0.8,0.10701754385964911,0.034610615062078416,0.05970149253731343,False,0.043859649122807015
YFL,61,62,114,4,4,0.08771929824561403,0.2,0.09934210526315787,0.03204589651586541,0.6517412935323383,False,0.14035087719298245,60,0.2,0.11824561403508771,0.033566605357950155,0.3034825870646766,False,0.05263157894736842
YFL,61,63,114,4,4,0.08771929824561403,0.2,0.10179824561403511,0.030091445309608462,0.746268656716418,False,0.10526315789473684,450,0.2,0.10925438596491226,0.03432790002043944,0.5621890547263682,False,0.017543859649122806
YFL,61,64,114,4,4,0.05263157894736842,0.2,0.10100877192982455,0.03264409788686027,0.9552238805970149,False,0.12280701754385964,75,0.8,0.11223684210526315,0.034947457244894654,0.40298507462686567,False,0.07017543859649122
YFL,61,65,114,4,4,0.06140350877192982,0.2,0.10271929824561404,0.032734143236693436,0.9353233830845771,False,0.13157894736842105,75,0.5,0.11793859649122806,0.03391883481507736,0.3383084577114428,False,0.07017543859649122
YFL,61,66,114,4,4,0.10526315789473684,0.2,0.0994736842105263,0.0328738215561266,0.4626865671641791,False,0.14035087719298245,450,0.2,0.1037280701754386,0.02998253947706333,0.15422885572139303,False,0.03508771929824561
YFL,61,67,114,4,4,0.10526315789473684,0.2,0.09671052631578947,0.03322478346584948,0.417910447761194,False,0.13157894736842105,450,0.2,0.10043859649122806,0.03205569867500352,0.19900497512437812,False,0.02631578947368421
YFL,61,68,114,4,4,0.09649122807017543,0.2,0.09916666666666664,0.030452921677009765,0.5522388059701493,False,0.13157894736842105,450,0.8,0.10311403508771928,0.028270814664850107,0.1890547263681592,False,0.03508771929824561
YFL,61,69,114,4,4,0.11403508771929824,0.8,0.10149122807017545,0.0325911376958644,0.3781094527363184,False,0.12280701754385964,60,0.5,0.11605263157894737,0.03315806032814848,0.472636815920398,False,0.008771929824561403
YFL,61,70,114,4,4,0.07894736842105263,0.5,0.09982456140350876,0.030292035714364247,0.7761194029850746,False,0.12280701754385964,450,0.8,0.10206140350877192,0.029406205158524334,0.26865671641791045,False,0.043859649122807015
YFL,61,71,114,4,4,0.09649122807017543,0.8,0.1013157894736842,0.031946953058897706,0.572139303482587,False,0.14912280701754385,180,0.8,0.10570175438596491,0.031837836012395766,0.09950248756218906,False,0.05263157894736842
YFL,61,72,114,4,4,0.11403508771929824,0.8,0.09938596491228069,0.030817843268278838,0.3482587064676617,False,0.18421052631578946,75,0.2,0.11662280701754386,0.03440665719318806,0.04477611940298507,True,0.07017543859649122
YFL,61,73,114,4,4,0.07894736842105263,0.5,0.1037280701754386,0.03070883786246748,0.845771144278607,False,0.13157894736842105,60,0.5,0.12043859649122807,0.03416885093587851,0.417910447761194,False,0.05263157894736842
YFL,61,74,114,4,4,0.09649122807017543,0.2,0.10258771929824562,0.03289448705421044,0.6318407960199005,False,0.14035087719298245,150,0.2,0.1137719298245614,0.03236971177197436,0.24378109452736318,False,0.043859649122807015
YFL,61,75,114,4,4,0.11403508771929824,0.2,0.09960526315789472,0.03148547565087853,0.39800995024875624,False,0.12280701754385964,300,0.2,0.10552631578947368,0.03148562916061164,0.31840796019900497,False,0.008771929824561403
YFL,61,76,114,4,4,0.07894736842105263,0.2,0.10004385964912281,0.033115906977305584,0.7860696517412935,False,0.14912280701754385,225,0.8,0.10758771929824562,0.03392772547472184,0.14427860696517414,False,0.07017543859649122
YFL,61,77,114,4,4,0.07017543859649122,0.2,0.10552631578947368,0.03157147736542957,0.8955223880597015,False,0.14035087719298245,90,0.5,0.115,0.036606362390922235,0.2537313432835821,False,0.07017543859649122
YFL,61,78,114,4,4,0.07894736842105263,0.2,0.09960526315789472,0.029703451901035474,0.8109452736318408,False,0.14912280701754385,100,0.2,0.11350877192982456,0.03470700624454333,0.19900497512437812,False,0.07017543859649122
YFL,61,79,114,4,4,0.07894736842105263,0.8,0.09978070175438596,0.03065843091329766,0.7910447761194029,False,0.12280701754385964,60,0.5,0.11719298245614035,0.03300998061825967,0.48756218905472637,False,0.043859649122807015
YFL,61,80,114,4,4,0.08771929824561403,0.5,0.10140350877192983,0.02980407010588497,0.736318407960199,False,0.13157894736842105,60,0.8,0.11521929824561403,0.035347682612306745,0.3482587064676617,False,0.043859649122807015
YFL,61,81,114,4,4,0.13157894736842105,0.2,0.10140350877192983,0.033262032997494,0.23880597014925373,False,0.14912280701754385,100,0.2,0.1187280701754386,0.038811857558271046,0.24378109452736318,False,0.017543859649122806
YFL,61,82,114,4,4,0.07894736842105263,0.5,0.10017543859649124,0.027435972306332043,0.835820895522388,False,0.14035087719298245,450,0.5,0.10258771929824562,0.030881609437462793,0.13930348258706468,False,0.06140350877192982
YFL,61,83,114,4,4,0.11403508771929824,0.8,0.1062280701754386,0.03341455048103115,0.4577114427860697,False,0.14035087719298245,100,0.8,0.1132456140350877,0.032870880884974585,0.22388059701492538,False,0.02631578947368421
YFL,61,84,114,4,4,0.11403508771929824,0.2,0.10017543859649124,0.030531067958234123,0.3880597014925373,False,0.18421052631578946,225,0.5,0.11267543859649123,0.036514429476121546,0.03980099502487562,True,0.07017543859649122
YFL,61,85,114,4,4,0.12280701754385964,0.2,0.10482456140350876,0.03234389955354557,0.35323383084577115,False,0.14912280701754385,75,0.2,0.11605263157894737,0.03312305786195971,0.19900497512437812,False,0.02631578947368421
YFL,61,86,114,4,4,0.11403508771929824,0.5,0.09780701754385966,0.028465082249876185,0.31343283582089554,False,0.13157894736842105,450,0.8,0.10210526315789473,0.030272627235460224,0.21393034825870647,False,0.017543859649122806
YFL,61,87,114,4,4,0.08771929824561403,0.2,0.09828947368421051,0.03186876010806427,0.6567164179104478,False,0.11403508771929824,150,0.2,0.10842105263157893,0.03235931766040747,0.47761194029850745,False,0.02631578947368421
YFL,61,88,114,4,4,0.13157894736842105,0.2,0.10258771929824562,0.030312930615035347,0.1890547263681592,False,0.14912280701754385,300,0.2,0.10885964912280702,0.03210921084966522,0.15422885572139303,False,0.017543859649122806
YFL,61,89,114,4,4,0.05263157894736842,0.2,0.10438596491228071,0.03128963241276618,0.9751243781094527,False,0.11403508771929824,150,0.5,0.10894736842105264,0.03282579687030044,0.4626865671641791,False,0.06140350877192982
YFL,61,90,114,4,4,0.07894736842105263,0.2,0.1011842105263158,0.03152205121619591,0.8308457711442786,False,0.13157894736842105,90,0.5,0.11127192982456141,0.03440418471182941,0.31343283582089554,False,0.05263157894736842
YFL,61,91,114,4,4,0.07894736842105263,0.2,0.10179824561403511,0.028871698950194584,0.8407960199004975,False,0.13157894736842105,450,0.8,0.10592105263157894,0.03350869923228208,0.27860696517412936,False,0.05263157894736842
YFL,61,92,114,4,4,0.08771929824561403,0.5,0.10535087719298245,0.030753536261817517,0.736318407960199,False,0.12280701754385964,450,0.5,0.1106140350877193,0.029242866214331965,0.39303482587064675,False,0.03508771929824561
YFL,61,93,114,4,4,0.13157894736842105,0.2,0.10302631578947366,0.0325137804221035,0.22885572139303484,False,0.14035087719298245,150,0.2,0.11214912280701754,0.03332286267708841,0.23383084577114427,False,0.008771929824561403
YFL,61,94,114,4,4,0.05263157894736842,0.2,0.10605263157894736,0.03415164573333319,0.9502487562189055,False,0.13157894736842105,90,0.2,0.11337719298245613,0.03472145854630215,0.3034825870646766,False,0.07894736842105263
YFL,62,63,114,4,4,0.09649122807017543,0.2,0.11070175438596491,0.031920435583659874,0.7114427860696517,False,0.14035087719298245,300,0.2,0.10973684210526315,0.03267976126171688,0.1890547263681592,False,0.043859649122807015
YFL,62,64,114,4,4,0.07017543859649122,0.8,0.10416666666666666,0.03260806941357513,0.8955223880597015,False,0.13157894736842105,60,0.8,0.11807017543859649,0.03561101449909858,0.373134328358209,False,0.06140350877192982
YFL,62,65,114,4,4,0.08771929824561403,0.2,0.10671052631578946,0.03370246092140122,0.746268656716418,False,0.14035087719298245,180,0.2,0.11328947368421051,0.03339125407607433,0.24378109452736318,False,0.05263157894736842
YFL,62,66,114,4,4,0.07017543859649122,0.5,0.1057456140350877,0.03132912115953503,0.8955223880597015,False,0.14035087719298245,225,0.2,0.10921052631578947,0.031557267235368294,0.20398009950248755,False,0.07017543859649122
YFL,62,67,114,4,4,0.08771929824561403,0.2,0.10333333333333332,0.03364944281102638,0.7164179104477612,False,0.15789473684210525,60,0.5,0.11929824561403508,0.03513177169387203,0.15920398009950248,False,0.07017543859649122
YFL,62,68,114,4,4,0.07894736842105263,0.2,0.1025,0.03293419420835766,0.7960199004975125,False,0.15789473684210525,225,0.8,0.10899122807017544,0.03321314351507723,0.0845771144278607,False,0.07894736842105263
YFL,62,69,114,4,4,0.08771929824561403,0.5,0.10543859649122805,0.03260833621790633,0.7412935323383084,False,0.12280701754385964,180,0.2,0.11350877192982456,0.036211826824744754,0.43781094527363185,False,0.03508771929824561
YFL,62,70,114,4,4,0.06140350877192982,0.2,0.10833333333333332,0.03391943329800745,0.9552238805970149,False,0.14035087719298245,100,0.2,0.11833333333333332,0.03363599560707484,0.31343283582089554,False,0.07894736842105263
YFL,62,71,114,4,4,0.08771929824561403,0.8,0.10776315789473684,0.032967051489514926,0.7512437810945274,False,0.19298245614035087,225,0.8,0.10539473684210526,0.03453766932871037,0.01990049751243781,True,0.10526315789473684
YFL,62,72,114,4,4,0.12280701754385964,0.8,0.1018859649122807,0.03335533709550243,0.26865671641791045,False,0.16666666666666666,75,0.8,0.12092105263157894,0.034953873915768346,0.12437810945273632,False,0.043859649122807015
YFL,62,73,114,4,4,0.07017543859649122,0.2,0.1013157894736842,0.029466268383565114,0.8905472636815921,False,0.14035087719298245,90,0.8,0.11899122807017543,0.03363125332368506,0.2537313432835821,False,0.07017543859649122
YFL,62,74,114,4,4,0.07894736842105263,0.5,0.10442982456140351,0.032210296935456566,0.8009950248756219,False,0.12280701754385964,60,0.8,0.11877192982456139,0.03387483163851974,0.5074626865671642,False,0.043859649122807015
YFL,62,75,114,4,4,0.05263157894736842,0.5,0.10109649122807017,0.032879672709263535,0.9701492537313433,False,0.15789473684210525,180,0.2,0.11381578947368422,0.03139372714148539,0.09950248756218906,False,0.10526315789473684
YFL,62,76,114,4,4,0.07894736842105263,0.2,0.10078947368421051,0.032750676349040754,0.7562189054726368,False,0.17543859649122806,180,0.8,0.11179824561403506,0.032821526572097755,0.05970149253731343,False,0.09649122807017543
YFL,62,77,114,4,4,0.03508771929824561,0.2,0.10456140350877191,0.032075113181464616,0.9950248756218906,False,0.11403508771929824,180,0.2,0.11285087719298245,0.033678359080271336,0.4925373134328358,False,0.07894736842105263
YFL,62,78,114,4,4,0.08771929824561403,0.2,0.10267543859649121,0.03287802625889157,0.7114427860696517,False,0.17543859649122806,90,0.5,0.11526315789473683,0.03386569874044361,0.05472636815920398,False,0.08771929824561403
YFL,62,79,114,4,4,0.09649122807017543,0.2,0.10285087719298247,0.03199759595200371,0.6368159203980099,False,0.14912280701754385,90,0.5,0.11350877192982456,0.034718145351649146,0.19900497512437812,False,0.05263157894736842
YFL,62,80,114,4,4,0.06140350877192982,0.5,0.10364035087719298,0.0287129620560638,0.9552238805970149,False,0.14912280701754385,60,0.8,0.11728070175438596,0.03436744180454687,0.20398009950248755,False,0.08771929824561403
YFL,62,81,114,4,4,0.10526315789473684,0.2,0.10605263157894736,0.03139067861037203,0.572139303482587,False,0.15789473684210525,90,0.5,0.11855263157894737,0.034284844803080555,0.15422885572139303,False,0.05263157894736842
YFL,62,82,114,4,4,0.07017543859649122,0.2,0.10486842105263157,0.03381150712017299,0.8855721393034826,False,0.15789473684210525,60,0.8,0.11350877192982456,0.03510578746645066,0.12437810945273632,False,0.08771929824561403
YFL,62,83,114,4,4,0.07017543859649122,0.5,0.10517543859649123,0.032430337308359765,0.8756218905472637,False,0.14035087719298245,75,0.2,0.11679824561403507,0.032496888816831625,0.2736318407960199,False,0.07017543859649122
YFL,62,84,114,4,4,0.06140350877192982,0.2,0.1037280701754386,0.03067104041705976,0.9552238805970149,False,0.16666666666666666,225,0.2,0.11561403508771928,0.034327477620425394,0.08955223880597014,False,0.10526315789473684
YFL,62,85,114,4,4,0.08771929824561403,0.5,0.10771929824561405,0.03395828359735163,0.7412935323383084,False,0.18421052631578946,100,0.2,0.11767543859649121,0.03311800862197878,0.05472636815920398,False,0.09649122807017543
YFL,62,86,114,4,4,0.08771929824561403,0.2,0.10245614035087719,0.03209198581395392,0.7064676616915423,False,0.14035087719298245,60,0.8,0.11644736842105263,0.03334675764518936,0.263681592039801,False,0.05263157894736842
YFL,62,87,114,4,4,0.10526315789473684,0.2,0.10640350877192983,0.03578940021738617,0.5373134328358209,False,0.16666666666666666,90,0.2,0.1168421052631579,0.03421465150759437,0.0945273631840796,False,0.06140350877192982
YFL,62,88,114,4,4,0.08771929824561403,0.2,0.10535087719298247,0.03462167349844375,0.7512437810945274,False,0.13157894736842105,90,0.8,0.11517543859649124,0.032742647022865744,0.32338308457711445,False,0.043859649122807015
YFL,62,89,114,4,4,0.06140350877192982,0.2,0.1075,0.031116112938443685,0.9651741293532339,False,0.14912280701754385,60,0.8,0.1144298245614035,0.03426589239632048,0.21393034825870647,False,0.08771929824561403
YFL,62,90,114,4,4,0.07894736842105263,0.8,0.10333333333333332,0.03230095305952684,0.8109452736318408,False,0.14035087719298245,225,0.8,0.10903508771929823,0.032721383413678244,0.22388059701492538,False,0.06140350877192982
YFL,62,91,114,4,4,0.05263157894736842,0.2,0.10263157894736842,0.032022510028011326,0.9701492537313433,False,0.15789473684210525,75,0.8,0.11671052631578947,0.030452921677009765,0.14925373134328357,False,0.10526315789473684
YFL,62,92,114,4,4,0.08771929824561403,0.2,0.10399122807017544,0.032979012792923104,0.7114427860696517,False,0.14035087719298245,90,0.8,0.11846491228070175,0.03364757546518206,0.2885572139303483,False,0.05263157894736842
YFL,62,93,114,4,4,0.12280701754385964,0.5,0.10609649122807017,0.030622591610426405,0.32338308457711445,False,0.15789473684210525,100,0.2,0.1169736842105263,0.033581778735858624,0.1691542288557214,False,0.03508771929824561
YFL,62,94,114,4,4,0.043859649122807015,0.2,0.10679824561403509,0.03377878443530837,0.9950248756218906,False,0.14912280701754385,75,0.5,0.1170175438596491,0.030984641495216673,0.1890547263681592,False,0.10526315789473684
YFL,63,64,114,4,4,0.09649122807017543,0.2,0.10925438596491226,0.033345134257625496,0.6766169154228856,False,0.09649122807017543,60,0.2,0.12004385964912281,0.034795324724264956,0.7412935323383084,False,0.0
YFL,63,65,114,4,4,0.07017543859649122,0.2,0.10828947368421053,0.03298135763784867,0.900497512437811,False,0.13157894736842105,60,0.2,0.11859649122807017,0.03643876901211062,0.39303482587064675,False,0.06140350877192982
YFL,63,66,114,4,4,0.05263157894736842,0.2,0.10732456140350877,0.03436370065297964,0.9651741293532339,False,0.12280701754385964,150,0.2,0.11333333333333333,0.03551881866903126,0.4079601990049751,False,0.07017543859649122
YFL,63,67,114,4,4,0.08771929824561403,0.8,0.10530701754385964,0.03348053148910335,0.7114427860696517,False,0.10526315789473684,60,0.2,0.11986842105263157,0.036378419640351045,0.7014925373134329,False,0.017543859649122806
YFL,63,68,114,4,4,0.10526315789473684,0.2,0.10653508771929826,0.030200470551245254,0.5422885572139303,False,0.14912280701754385,180,0.2,0.11513157894736842,0.034069433514713095,0.22388059701492538,False,0.043859649122807015
YFL,63,69,114,4,4,0.07894736842105263,0.5,0.10701754385964912,0.033382249496294654,0.8208955223880597,False,0.14912280701754385,60,0.2,0.12,0.03788301300060571,0.2537313432835821,False,0.07017543859649122
YFL,63,70,114,4,4,0.07017543859649122,0.5,0.10684210526315788,0.03152060986256517,0.9303482587064676,False,0.14035087719298245,300,0.2,0.1130701754385965,0.03497502399392905,0.2835820895522388,False,0.07017543859649122
YFL,63,71,114,4,4,0.13157894736842105,0.2,0.10728070175438596,0.033540676697221924,0.2736318407960199,False,0.14912280701754385,180,0.5,0.11394736842105262,0.032809655169125984,0.21393034825870647,False,0.017543859649122806
YFL,63,72,114,4,4,0.12280701754385964,0.8,0.10478070175438596,0.0320490335329697,0.3333333333333333,False,0.21929824561403508,75,0.5,0.12223684210526314,0.036109574820300694,0.009950248756218905,True,0.09649122807017543
YFL,63,73,114,4,4,0.09649122807017543,0.2,0.10842105263157893,0.03209535927605221,0.6915422885572139,False,0.13157894736842105,60,0.8,0.12350877192982455,0.03473729626037872,0.44776119402985076,False,0.03508771929824561
YFL,63,74,114,4,4,0.08771929824561403,0.2,0.10758771929824562,0.031895199315573934,0.7412935323383084,False,0.13157894736842105,150,0.2,0.11671052631578945,0.03318705521052311,0.3582089552238806,False,0.043859649122807015
YFL,63,75,114,4,4,0.10526315789473684,0.5,0.10662280701754386,0.03106761144697253,0.5124378109452736,False,0.11403508771929824,100,0.2,0.11644736842105262,0.03420535499606849,0.5572139303482587,False,0.008771929824561403
YFL,63,76,114,4,4,0.08771929824561403,0.5,0.10241228070175439,0.03449801442972082,0.7114427860696517,False,0.14912280701754385,180,0.8,0.11355263157894736,0.03446728976706299,0.17412935323383086,False,0.06140350877192982
YFL,63,77,114,4,4,0.08771929824561403,0.8,0.10776315789473684,0.03180900920437428,0.7711442786069652,False,0.10526315789473684,150,0.2,0.115,0.0336451908575168,0.6616915422885572,False,0.017543859649122806
YFL,63,78,114,4,4,0.10526315789473684,0.5,0.10789473684210525,0.03469987533941744,0.5671641791044776,False,0.14035087719298245,60,0.5,0.12131578947368421,0.03811045385930431,0.34328358208955223,False,0.03508771929824561
YFL,63,79,114,4,4,0.09649122807017543,0.5,0.10684210526315789,0.03227221043676795,0.6268656716417911,False,0.10526315789473684,100,0.2,0.11517543859649124,0.036611854655005514,0.6318407960199005,False,0.008771929824561403
YFL,63,80,114,4,4,0.09649122807017543,0.2,0.10868421052631579,0.032866175263854484,0.681592039800995,False,0.14035087719298245,150,0.2,0.1168421052631579,0.03294807453926086,0.31840796019900497,False,0.043859649122807015
YFL,63,81,114,4,4,0.10526315789473684,0.2,0.1075877192982456,0.03263817488382556,0.5671641791044776,False,0.12280701754385964,100,0.5,0.12043859649122805,0.03734796686463362,0.5174129353233831,False,0.017543859649122806
YFL,63,82,114,4,4,0.08771929824561403,0.5,0.10894736842105263,0.029748491129850348,0.8009950248756219,False,0.10526315789473684,90,0.2,0.11456140350877192,0.03334330785214108,0.6417910447761194,False,0.017543859649122806
YFL,63,83,114,4,4,0.14912280701754385,0.8,0.10758771929824562,0.033120343626317564,0.13432835820895522,False,0.14912280701754385,150,0.5,0.11438596491228069,0.03263062149569053,0.19900497512437812,False,0.0
YFL,63,84,114,4,4,0.10526315789473684,0.5,0.10789473684210525,0.031986264956941804,0.5174129353233831,False,0.14912280701754385,225,0.8,0.11649122807017545,0.03275268337302346,0.21890547263681592,False,0.043859649122807015
YFL,63,85,114,4,4,0.11403508771929824,0.2,0.10798245614035086,0.032920249297232716,0.47761194029850745,False,0.14035087719298245,75,0.5,0.11789473684210523,0.03349372363765684,0.2835820895522388,False,0.02631578947368421
YFL,63,86,114,4,4,0.08771929824561403,0.2,0.10728070175438596,0.03224763915957454,0.746268656716418,False,0.11403508771929824,300,0.2,0.11149122807017545,0.03433682552546703,0.4925373134328358,False,0.02631578947368421
YFL,63,87,114,4,4,0.12280701754385964,0.2,0.1056140350877193,0.029269960019416265,0.3283582089552239,False,0.14035087719298245,90,0.2,0.11745614035087719,0.03534891322456481,0.2736318407960199,False,0.017543859649122806
YFL,63,88,114,4,4,0.08771929824561403,0.2,0.10881578947368421,0.03395757193161335,0.7711442786069652,False,0.14912280701754385,300,0.2,0.1093859649122807,0.029455243535315343,0.11940298507462686,False,0.06140350877192982
YFL,63,89,114,4,4,0.05263157894736842,0.2,0.10741228070175439,0.03212495223115612,0.9800995024875622,False,0.10526315789473684,300,0.2,0.11105263157894736,0.033096548060091394,0.6417910447761194,False,0.05263157894736842
YFL,63,90,114,4,4,0.07017543859649122,0.2,0.10671052631578945,0.03163103519095985,0.8955223880597015,False,0.09649122807017543,300,0.5,0.11092105263157893,0.03034735185828427,0.7213930348258707,False,0.02631578947368421
YFL,63,91,114,4,4,0.09649122807017543,0.2,0.10495614035087719,0.032577698742082696,0.6069651741293532,False,0.13157894736842105,100,0.2,0.11982456140350876,0.03320152859868274,0.4427860696517413,False,0.03508771929824561
YFL,63,92,114,4,4,0.08771929824561403,0.2,0.10964912280701754,0.0339450726498969,0.7512437810945274,False,0.14035087719298245,225,0.2,0.11438596491228072,0.03267798641276557,0.22388059701492538,False,0.05263157894736842
YFL,63,93,114,4,4,0.14035087719298245,0.2,0.10771929824561405,0.030210231525821286,0.1691542288557214,False,0.14035087719298245,100,0.2,0.1175,0.03168135925356655,0.27860696517412936,False,0.0
YFL,63,94,114,4,4,0.10526315789473684,0.2,0.11105263157894736,0.03471591781615954,0.6019900497512438,False,0.10526315789473684,225,0.2,0.11368421052631579,0.033334029326846745,0.6069651741293532,False,0.0
YFL,64,65,114,4,4,0.06140350877192982,0.8,0.10464912280701753,0.0310104629178605,0.945273631840796,False,0.14035087719298245,300,0.2,0.11153508771929825,0.031978738958197125,0.23880597014925373,False,0.07894736842105263
YFL,64,66,114,4,4,0.07017543859649122,0.2,0.10460526315789473,0.031657428656203114,0.8905472636815921,False,0.12280701754385964,300,0.8,0.1082017543859649,0.034434516520843436,0.3582089552238806,False,0.05263157894736842
YFL,64,67,114,4,4,0.07017543859649122,0.8,0.10364035087719298,0.034700738925440316,0.8706467661691543,False,0.12280701754385964,90,0.2,0.11596491228070174,0.034578872246631774,0.4527363184079602,False,0.05263157894736842
YFL,64,68,114,4,4,0.08771929824561403,0.8,0.10241228070175439,0.03472145854630215,0.7064676616915423,False,0.12280701754385964,225,0.2,0.11026315789473685,0.030684558350966083,0.39800995024875624,False,0.03508771929824561
YFL,64,69,114,4,4,0.07017543859649122,0.2,0.10513157894736842,0.034313028410065886,0.9054726368159204,False,0.13157894736842105,150,0.5,0.1094736842105263,0.033853365419749024,0.2835820895522388,False,0.06140350877192982
YFL,64,70,114,4,4,0.08771929824561403,0.2,0.10210526315789473,0.03431936653199166,0.681592039800995,False,0.14912280701754385,60,0.2,0.11973684210526316,0.03819801435736632,0.23880597014925373,False,0.06140350877192982
YFL,64,71,114,4,4,0.09649122807017543,0.2,0.10390350877192982,0.0302733616642354,0.6666666666666666,False,0.17543859649122806,150,0.8,0.10692982456140349,0.03169956979907223,0.03482587064676617,True,0.07894736842105263
YFL,64,72,114,4,4,0.15789473684210525,0.8,0.10600877192982455,0.03364504720105529,0.0945273631840796,False,0.20175438596491227,75,0.8,0.11868421052631578,0.036268055823499804,0.029850746268656716,True,0.043859649122807015
YFL,64,73,114,4,4,0.07894736842105263,0.2,0.10539473684210524,0.029199033458208533,0.8805970149253731,False,0.15789473684210525,60,0.8,0.11837719298245614,0.0342173354406579,0.14427860696517414,False,0.07894736842105263
YFL,64,74,114,4,4,0.10526315789473684,0.2,0.10074561403508771,0.0320222383426674,0.5024875621890548,False,0.14035087719298245,60,0.5,0.11614035087719296,0.03492468514916541,0.24875621890547264,False,0.03508771929824561
YFL,64,75,114,4,4,0.11403508771929824,0.2,0.10333333333333333,0.034623572066538016,0.39800995024875624,False,0.17543859649122806,75,0.8,0.11706140350877192,0.03800364479349658,0.05970149253731343,False,0.06140350877192982
YFL,64,76,114,4,4,0.06140350877192982,0.5,0.10004385964912281,0.033022365471507574,0.9154228855721394,False,0.16666666666666666,180,0.5,0.10706140350877191,0.035013779759982294,0.08955223880597014,False,0.10526315789473684
YFL,64,77,114,4,4,0.12280701754385964,0.2,0.10478070175438596,0.031366125601151776,0.32338308457711445,False,0.12280701754385964,75,0.5,0.11666666666666668,0.03445385313985683,0.46766169154228854,False,0.0
YFL,64,78,114,4,4,0.13157894736842105,0.5,0.10464912280701753,0.03302719518353165,0.263681592039801,False,0.22807017543859648,60,0.2,0.11811403508771928,0.03300807709652995,0.004975124378109453,True,0.09649122807017543
YFL,64,79,114,4,4,0.08771929824561403,0.2,0.10149122807017542,0.03141924313159744,0.6965174129353234,False,0.14035087719298245,75,0.2,0.11701754385964913,0.0331315785330603,0.29850746268656714,False,0.05263157894736842
YFL,64,80,114,4,4,0.06140350877192982,0.2,0.10561403508771929,0.029974832882094255,0.9402985074626866,False,0.16666666666666666,100,0.2,0.11464912280701753,0.0368770378841066,0.10945273631840796,False,0.10526315789473684
YFL,64,81,114,4,4,0.08771929824561403,0.2,0.10521929824561405,0.03204058701799624,0.7213930348258707,False,0.16666666666666666,90,0.8,0.11640350877192983,0.034032783663471816,0.0945273631840796,False,0.07894736842105263
YFL,64,82,114,4,4,0.09649122807017543,0.2,0.10293859649122807,0.03064632090861735,0.5920398009950248,False,0.14035087719298245,60,0.8,0.1162280701754386,0.0376474202844539,0.2935323383084577,False,0.043859649122807015
YFL,64,83,114,4,4,0.16666666666666666,0.2,0.1020175438596491,0.032182825026541725,0.03482587064676617,True,0.17543859649122806,300,0.5,0.10736842105263157,0.03197707635016197,0.03980099502487562,True,0.008771929824561403
YFL,64,84,114,4,4,0.16666666666666666,0.5,0.10280701754385964,0.03216900515029355,0.03482587064676617,True,0.17543859649122806,225,0.5,0.11399122807017542,0.034234281735676955,0.04975124378109453,True,0.008771929824561403
YFL,64,85,114,4,4,0.14912280701754385,0.2,0.10491228070175439,0.033426698681724765,0.13930348258706468,False,0.15789473684210525,60,0.8,0.11798245614035087,0.03641531022162423,0.16417910447761194,False,0.008771929824561403
YFL,64,86,114,4,4,0.15789473684210525,0.8,0.10614035087719298,0.03453232305506097,0.07960199004975124,False,0.16666666666666666,100,0.8,0.11802631578947366,0.037307438385211514,0.13432835820895522,False,0.008771929824561403
YFL,64,87,114,4,4,0.12280701754385964,0.5,0.1056140350877193,0.029741731468074645,0.30845771144278605,False,0.14035087719298245,90,0.5,0.1157017543859649,0.03537734211435942,0.2736318407960199,False,0.017543859649122806
YFL,64,88,114,4,4,0.15789473684210525,0.8,0.1062280701754386,0.03183832180439452,0.07462686567164178,False,0.15789473684210525,900,0.8,0.1062280701754386,0.03183832180439452,0.07462686567164178,False,0.0
YFL,64,89,114,4,4,0.09649122807017543,0.2,0.105,0.03447528193508801,0.6368159203980099,False,0.14035087719298245,60,0.8,0.11907894736842105,0.03753105262236637,0.30845771144278605,False,0.043859649122807015
YFL,64,90,114,4,4,0.07017543859649122,0.8,0.103859649122807,0.031307422407046884,0.8905472636815921,False,0.11403508771929824,150,0.8,0.11114035087719298,0.03282285189651197,0.48756218905472637,False,0.043859649122807015
YFL,64,91,114,4,4,0.10526315789473684,0.2,0.10535087719298245,0.03180429844473344,0.5074626865671642,False,0.18421052631578946,100,0.5,0.11999999999999998,0.0318136584959238,0.03980099502487562,True,0.07894736842105263
YFL,64,92,114,4,4,0.11403508771929824,0.5,0.10214912280701753,0.030575836544580876,0.35323383084577115,False,0.12280701754385964,75,0.8,0.1150877192982456,0.0317260281261159,0.4626865671641791,False,0.008771929824561403
YFL,64,93,114,4,4,0.14035087719298245,0.5,0.10662280701754387,0.03148793171680157,0.19900497512437812,False,0.16666666666666666,300,0.2,0.10793859649122804,0.033649873722274425,0.06467661691542288,False,0.02631578947368421
YFL,64,94,114,4,4,0.12280701754385964,0.5,0.10868421052631579,0.033158993221463935,0.39800995024875624,False,0.14912280701754385,60,0.2,0.11785087719298244,0.03459471935247671,0.20398009950248755,False,0.02631578947368421
YFL,65,66,114,4,4,0.07017543859649122,0.8,0.10403508771929826,0.028846811470163488,0.9253731343283582,False,0.14035087719298245,300,0.2,0.11223684210526315,0.03221869895898824,0.23880597014925373,False,0.07017543859649122
YFL,65,67,114,4,4,0.07017543859649122,0.2,0.10434210526315789,0.033892605189830546,0.8855721393034826,False,0.16666666666666666,180,0.8,0.11307017543859649,0.033460805738165504,0.07960199004975124,False,0.09649122807017543
YFL,65,68,114,4,4,0.07894736842105263,0.2,0.1057456140350877,0.033534767921223764,0.8159203980099502,False,0.16666666666666666,300,0.2,0.10921052631578947,0.03279503831236694,0.05472636815920398,False,0.08771929824561403
YFL,65,69,114,4,4,0.08771929824561403,0.2,0.1057456140350877,0.03181897548016798,0.7661691542288557,False,0.17543859649122806,60,0.2,0.11609649122807017,0.03621543044446143,0.0945273631840796,False,0.08771929824561403
YFL,65,70,114,4,4,0.07017543859649122,0.2,0.10539473684210528,0.032626325651959553,0.8905472636815921,False,0.14035087719298245,90,0.5,0.11271929824561404,0.03562089397778395,0.27860696517412936,False,0.07017543859649122
YFL,65,71,114,4,4,0.10526315789473684,0.2,0.10298245614035087,0.033245754183761946,0.5223880597014925,False,0.14912280701754385,75,0.8,0.11574561403508772,0.0355768766326273,0.18407960199004975,False,0.043859649122807015
YFL,65,72,114,4,4,0.10526315789473684,0.2,0.10482456140350876,0.029440011957425457,0.5223880597014925,False,0.18421052631578946,180,0.5,0.11368421052631578,0.033771944136262715,0.03482587064676617,True,0.07894736842105263
YFL,65,73,114,4,4,0.043859649122807015,0.2,0.10403508771929823,0.029874045583978603,1.0,False,0.20175438596491227,60,0.2,0.12144736842105264,0.03462287407566398,0.03482587064676617,True,0.15789473684210525
YFL,65,74,114,4,4,0.05263157894736842,0.8,0.10337719298245612,0.030499611612611267,0.9800995024875622,False,0.14912280701754385,100,0.5,0.1163157894736842,0.03297716611019463,0.1890547263681592,False,0.09649122807017543
YFL,65,75,114,4,4,0.05263157894736842,0.5,0.10504385964912281,0.032732341804016164,0.9601990049751243,False,0.13157894736842105,180,0.5,0.11429824561403507,0.035251644762571574,0.34328358208955223,False,0.07894736842105263
YFL,65,76,114,4,4,0.05263157894736842,0.2,0.10333333333333332,0.03317496494820095,0.9850746268656716,False,0.14912280701754385,60,0.5,0.11807017543859648,0.036786017936118735,0.20398009950248755,False,0.09649122807017543
YFL,65,77,114,4,4,0.03508771929824561,0.2,0.10719298245614034,0.032964500356048844,1.0,False,0.14912280701754385,180,0.5,0.11732456140350876,0.03638012024446034,0.21393034825870647,False,0.11403508771929824
YFL,65,78,114,4,4,0.07894736842105263,0.2,0.10495614035087719,0.028663092183065824,0.8557213930348259,False,0.15789473684210525,60,0.2,0.11956140350877192,0.03628297866900886,0.17412935323383086,False,0.07894736842105263
YFL,65,79,114,4,4,0.08771929824561403,0.2,0.10561403508771929,0.03411369573539165,0.7313432835820896,False,0.14912280701754385,100,0.8,0.11285087719298245,0.03465167545002567,0.1890547263681592,False,0.06140350877192982
YFL,65,80,114,4,4,0.07017543859649122,0.8,0.10320175438596489,0.028792305600799293,0.9203980099502488,False,0.14035087719298245,90,0.2,0.11328947368421051,0.036974082785099616,0.263681592039801,False,0.07017543859649122
YFL,65,81,114,4,4,0.08771929824561403,0.2,0.10767543859649123,0.029742999021677513,0.8159203980099502,False,0.15789473684210525,90,0.8,0.1144736842105263,0.034930331135133316,0.12437810945273632,False,0.07017543859649122
YFL,65,82,114,4,4,0.07894736842105263,0.8,0.10486842105263157,0.02829542301103388,0.845771144278607,False,0.13157894736842105,90,0.5,0.11144736842105264,0.035348995263858755,0.31840796019900497,False,0.05263157894736842
YFL,65,83,114,4,4,0.09649122807017543,0.2,0.10390350877192983,0.030980367035007592,0.6318407960199005,False,0.14912280701754385,100,0.8,0.11131578947368422,0.032755398562670617,0.15920398009950248,False,0.05263157894736842
YFL,65,84,114,4,4,0.09649122807017543,0.2,0.10513157894736842,0.030098897233235115,0.681592039800995,False,0.14035087719298245,300,0.5,0.11144736842105264,0.034886550843937957,0.21890547263681592,False,0.043859649122807015
YFL,65,85,114,4,4,0.07894736842105263,0.2,0.10723684210526314,0.03329453771340564,0.835820895522388,False,0.14912280701754385,60,0.2,0.11767543859649121,0.03495829851979667,0.1890547263681592,False,0.07017543859649122
YFL,65,86,114,4,4,0.07894736842105263,0.2,0.10565789473684209,0.030530276403643055,0.8258706467661692,False,0.16666666666666666,300,0.2,0.11276315789473684,0.03215983869724036,0.07462686567164178,False,0.08771929824561403
YFL,65,87,114,4,4,0.07017543859649122,0.8,0.10464912280701753,0.030189105442437417,0.9054726368159204,False,0.15789473684210525,75,0.2,0.12039473684210528,0.03651273512755157,0.18407960199004975,False,0.08771929824561403
YFL,65,88,114,4,4,0.07894736842105263,0.2,0.1055701754385965,0.03226762721589144,0.8507462686567164,False,0.14912280701754385,180,0.5,0.1137719298245614,0.03376129455363559,0.15920398009950248,False,0.07017543859649122
YFL,65,89,114,4,4,0.07017543859649122,0.8,0.10552631578947368,0.03097802675222205,0.9253731343283582,False,0.13157894736842105,100,0.8,0.11399122807017542,0.0339393482078184,0.31840796019900497,False,0.06140350877192982
YFL,65,90,114,4,4,0.08771929824561403,0.2,0.10438596491228068,0.030703328633082262,0.7412935323383084,False,0.15789473684210525,300,0.5,0.11201754385964911,0.03242699869488603,0.12437810945273632,False,0.07017543859649122
YFL,65,91,114,4,4,0.08771929824561403,0.2,0.10368421052631577,0.031434622738499146,0.7213930348258707,False,0.14035087719298245,300,0.2,0.11048245614035088,0.033809219850472964,0.20398009950248755,False,0.05263157894736842
YFL,65,92,114,4,4,0.09649122807017543,0.2,0.10508771929824562,0.03168212204920961,0.6417910447761194,False,0.14035087719298245,300,0.2,0.11328947368421054,0.03158210015901206,0.22388059701492538,False,0.043859649122807015
YFL,65,93,114,4,4,0.09649122807017543,0.2,0.10403508771929826,0.03309187452856293,0.6467661691542289,False,0.21052631578947367,300,0.2,0.11219298245614034,0.03261580585307814,0.014925373134328358,True,0.11403508771929824
YFL,65,94,114,4,4,0.10526315789473684,0.2,0.1057017543859649,0.030573971178218015,0.5422885572139303,False,0.15789473684210525,450,0.2,0.10978070175438596,0.03650256738454502,0.1044776119402985,False,0.05263157894736842
YFL,66,67,114,4,4,0.14035087719298245,0.8,0.10192982456140351,0.033985600288311574,0.15422885572139303,False,0.14912280701754385,90,0.2,0.11600877192982456,0.034960068204612144,0.18407960199004975,False,0.008771929824561403
YFL,66,68,114,4,4,0.14035087719298245,0.5,0.10157894736842106,0.029421749939731554,0.13432835820895522,False,0.14035087719298245,90,0.5,0.11583333333333332,0.035376331093868084,0.24378109452736318,False,0.0
YFL,66,69,114,4,4,0.06140350877192982,0.2,0.10342105263157894,0.030202935094954423,0.9253731343283582,False,0.14035087719298245,180,0.5,0.10973684210526315,0.03318463751044932,0.21890547263681592,False,0.07894736842105263
YFL,66,70,114,4,4,0.07017543859649122,0.8,0.10482456140350876,0.031113037206026904,0.8905472636815921,False,0.12280701754385964,90,0.8,0.11662280701754386,0.03499721091431922,0.48756218905472637,False,0.05263157894736842
YFL,66,71,114,4,4,0.09649122807017543,0.2,0.10311403508771928,0.029502300048730546,0.6218905472636815,False,0.17543859649122806,150,0.8,0.10723684210526314,0.031442955341887104,0.03980099502487562,True,0.07894736842105263
YFL,66,72,114,4,4,0.16666666666666666,0.2,0.10052631578947366,0.032559444927673674,0.03482587064676617,True,0.21929824561403508,75,0.8,0.11846491228070175,0.034431372241727286,0.004975124378109453,True,0.05263157894736842
YFL,66,73,114,4,4,0.08771929824561403,0.8,0.10271929824561404,0.026710866685430615,0.7611940298507462,False,0.17543859649122806,60,0.2,0.11842105263157894,0.03392228307186654,0.05970149253731343,False,0.08771929824561403
YFL,66,74,114,4,4,0.11403508771929824,0.8,0.10140350877192983,0.03153140308016077,0.39800995024875624,False,0.16666666666666666,150,0.2,0.11333333333333333,0.032978573115938555,0.07462686567164178,False,0.05263157894736842
YFL,66,75,114,4,4,0.10526315789473684,0.8,0.10052631578947369,0.032760710239388355,0.4577114427860697,False,0.14035087719298245,75,0.8,0.11785087719298244,0.036898709890228316,0.31840796019900497,False,0.03508771929824561
YFL,66,76,114,4,4,0.09649122807017543,0.2,0.09741228070175438,0.03065792642527324,0.5621890547263682,False,0.14035087719298245,180,0.2,0.10982456140350877,0.032058231668707346,0.19402985074626866,False,0.043859649122807015
YFL,66,77,114,4,4,0.10526315789473684,0.2,0.1044736842105263,0.03326842606640847,0.5621890547263682,False,0.13157894736842105,450,0.2,0.1081140350877193,0.029416196827884104,0.24378109452736318,False,0.02631578947368421
YFL,66,78,114,4,4,0.11403508771929824,0.2,0.10307017543859649,0.03287746762306807,0.38308457711442784,False,0.16666666666666666,60,0.8,0.11894736842105263,0.035684773030122935,0.1044776119402985,False,0.05263157894736842
YFL,66,79,114,4,4,0.07894736842105263,0.2,0.10333333333333332,0.03339568309084644,0.8059701492537313,False,0.13157894736842105,90,0.8,0.11429824561403507,0.037038159643503286,0.31840796019900497,False,0.05263157894736842
YFL,66,80,114,4,4,0.08771929824561403,0.2,0.10894736842105263,0.0331423137930328,0.7761194029850746,False,0.17543859649122806,60,0.5,0.1193859649122807,0.03753468411014199,0.08955223880597014,False,0.08771929824561403
YFL,66,81,114,4,4,0.08771929824561403,0.2,0.10504385964912281,0.03154118124337844,0.7512437810945274,False,0.18421052631578946,90,0.8,0.1137719298245614,0.036043471739382674,0.03482587064676617,True,0.09649122807017543
YFL,66,82,114,4,4,0.11403508771929824,0.5,0.10057017543859648,0.031423765517212245,0.373134328358209,False,0.11403508771929824,900,0.5,0.10057017543859648,0.031423765517212245,0.373134328358209,False,0.0
YFL,66,83,114,4,4,0.17543859649122806,0.8,0.105,0.03242938345386841,0.029850746268656716,True,0.17543859649122806,225,0.8,0.10912280701754387,0.03101208383559434,0.03980099502487562,True,0.0
YFL,66,84,114,4,4,0.14035087719298245,0.8,0.10083333333333332,0.029951055708387974,0.10945273631840796,False,0.21052631578947367,225,0.8,0.11328947368421051,0.036953161291024404,0.009950248756218905,True,0.07017543859649122
YFL,66,85,114,4,4,0.12280701754385964,0.5,0.10425438596491228,0.03146434556985066,0.30845771144278605,False,0.17543859649122806,60,0.5,0.11679824561403508,0.03610422034337759,0.07960199004975124,False,0.05263157894736842
YFL,66,86,114,4,4,0.13157894736842105,0.2,0.10570175438596494,0.03136060854277173,0.208955223880597,False,0.14035087719298245,100,0.5,0.11609649122807017,0.03804818289201112,0.2885572139303483,False,0.008771929824561403
YFL,66,87,114,4,4,0.12280701754385964,0.5,0.10114035087719297,0.03191256085965094,0.2935323383084577,False,0.20175438596491227,100,0.5,0.11429824561403507,0.033635075943770375,0.01990049751243781,True,0.07894736842105263
YFL,66,88,114,4,4,0.13157894736842105,0.5,0.10403508771929826,0.029938691864391295,0.20398009950248755,False,0.13157894736842105,900,0.5,0.10403508771929826,0.029938691864391295,0.20398009950248755,False,0.0
YFL,66,89,114,4,4,0.11403508771929824,0.2,0.10425438596491228,0.02807427320658412,0.3880597014925373,False,0.13157894736842105,450,0.2,0.10596491228070176,0.03223144784518443,0.23880597014925373,False,0.017543859649122806
YFL,66,90,114,4,4,0.11403508771929824,0.5,0.10385964912280703,0.02809165624353173,0.4228855721393035,False,0.14035087719298245,225,0.5,0.11083333333333333,0.03310516315419766,0.22388059701492538,False,0.02631578947368421
YFL,66,91,114,4,4,0.07894736842105263,0.2,0.10271929824561404,0.031235087525191534,0.8059701492537313,False,0.14912280701754385,100,0.2,0.11728070175438596,0.03528891886619268,0.21890547263681592,False,0.07017543859649122
YFL,66,92,114,4,4,0.07894736842105263,0.8,0.10469298245614034,0.03332518332786761,0.835820895522388,False,0.12280701754385964,450,0.8,0.10592105263157894,0.03143680603261363,0.3333333333333333,False,0.043859649122807015
YFL,66,93,114,4,4,0.13157894736842105,0.5,0.10263157894736842,0.031535817422660546,0.19900497512437812,False,0.16666666666666666,100,0.8,0.11425438596491229,0.030746588842694714,0.07462686567164178,False,0.03508771929824561
YFL,66,94,114,4,4,0.10526315789473684,0.2,0.10662280701754387,0.035242731512036246,0.5522388059701493,False,0.16666666666666666,450,0.5,0.11026315789473685,0.033213987548660555,0.05970149253731343,False,0.06140350877192982
YFL,67,68,114,4,4,0.08771929824561403,0.5,0.10276315789473685,0.034199024010275,0.681592039800995,False,0.14912280701754385,90,0.2,0.11706140350877192,0.0356517903745311,0.22885572139303484,False,0.06140350877192982
YFL,67,69,114,4,4,0.07017543859649122,0.2,0.10298245614035087,0.033535257956870054,0.8805970149253731,False,0.18421052631578946,180,0.2,0.11092105263157893,0.032879202303284526,0.029850746268656716,True,0.11403508771929824
YFL,67,70,114,4,4,0.08771929824561403,0.5,0.10285087719298244,0.03431821167254704,0.6865671641791045,False,0.16666666666666666,180,0.8,0.11052631578947367,0.03300951206924907,0.07960199004975124,False,0.07894736842105263
YFL,67,71,114,4,4,0.15789473684210525,0.2,0.10280701754385964,0.032622562620667664,0.05472636815920398,False,0.19298245614035087,150,0.5,0.11083333333333333,0.03255157630731679,0.014925373134328358,True,0.03508771929824561
YFL,67,72,114,4,4,0.17543859649122806,0.8,0.10644736842105264,0.03431528209864932,0.06467661691542288,False,0.23684210526315788,90,0.2,0.11754385964912281,0.03391088253950899,0.004975124378109453,True,0.06140350877192982
YFL,67,73,114,4,4,0.08771929824561403,0.8,0.10271929824561404,0.031160723475387567,0.681592039800995,False,0.18421052631578946,60,0.5,0.11907894736842105,0.03318985136685884,0.03482587064676617,True,0.09649122807017543
YFL,67,74,114,4,4,0.14035087719298245,0.5,0.09921052631578946,0.03235154976531271,0.12935323383084577,False,0.15789473684210525,300,0.5,0.10828947368421052,0.03182383594551917,0.09950248756218906,False,0.017543859649122806
YFL,67,75,114,4,4,0.07894736842105263,0.8,0.09986842105263158,0.0353586198862433,0.7313432835820896,False,0.16666666666666666,100,0.2,0.11482456140350877,0.0351778574197764,0.10945273631840796,False,0.08771929824561403
YFL,67,76,114,4,4,0.07894736842105263,0.2,0.09653508771929824,0.03057077765973807,0.7512437810945274,False,0.14035087719298245,60,0.2,0.11868421052631578,0.03616128497747033,0.2935323383084577,False,0.06140350877192982
YFL,67,77,114,4,4,0.13157894736842105,0.5,0.10469298245614034,0.03486748191314629,0.26865671641791045,False,0.13157894736842105,900,0.5,0.10469298245614034,0.03486748191314629,0.26865671641791045,False,0.0
YFL,67,78,114,4,4,0.14035087719298245,0.8,0.10004385964912281,0.030792582363805908,0.14427860696517414,False,0.18421052631578946,90,0.5,0.115,0.03380570287142805,0.03482587064676617,True,0.043859649122807015
YFL,67,79,114,4,4,0.07017543859649122,0.8,0.10162280701754386,0.03605813901944261,0.8407960199004975,False,0.12280701754385964,60,0.8,0.11631578947368419,0.03605773688839844,0.43283582089552236,False,0.05263157894736842
YFL,67,80,114,4,4,0.14035087719298245,0.8,0.10289473684210526,0.03344832312256961,0.15920398009950248,False,0.14035087719298245,900,0.8,0.10289473684210526,0.03344832312256961,0.15920398009950248,False,0.0
YFL,67,81,114,4,4,0.12280701754385964,0.8,0.10671052631578946,0.033506852892619246,0.3582089552238806,False,0.16666666666666666,90,0.8,0.1125438596491228,0.03382079756266218,0.07960199004975124,False,0.043859649122807015
YFL,67,82,114,4,4,0.11403508771929824,0.8,0.09995614035087719,0.03483219907225607,0.3582089552238806,False,0.14035087719298245,75,0.2,0.11925438596491228,0.0350998116780759,0.32338308457711445,False,0.02631578947368421
YFL,67,83,114,4,4,0.15789473684210525,0.8,0.10482456140350876,0.03314686356042823,0.07462686567164178,False,0.16666666666666666,300,0.8,0.10692982456140349,0.03410859475758446,0.05970149253731343,False,0.008771929824561403
YFL,67,84,114,4,4,0.07894736842105263,0.2,0.10039473684210526,0.0324864163717389,0.7711442786069652,False,0.21052631578947367,225,0.5,0.11394736842105262,0.03502142639890153,0.014925373134328358,True,0.13157894736842105
YFL,67,85,114,4,4,0.07894736842105263,0.8,0.10307017543859649,0.03490818478252813,0.7810945273631841,False,0.16666666666666666,75,0.2,0.11837719298245614,0.03685068413109411,0.1044776119402985,False,0.08771929824561403
YFL,67,86,114,4,4,0.11403508771929824,0.2,0.10263157894736842,0.03337066447096007,0.3582089552238806,False,0.13157894736842105,450,0.5,0.10416666666666666,0.03278545720090767,0.21890547263681592,False,0.017543859649122806
YFL,67,87,114,4,4,0.10526315789473684,0.2,0.10135964912280702,0.032259477659876946,0.4975124378109453,False,0.16666666666666666,90,0.2,0.11600877192982456,0.03317819916081514,0.10945273631840796,False,0.06140350877192982
YFL,67,88,114,4,4,0.10526315789473684,0.8,0.10328947368421051,0.030607940951125335,0.4975124378109453,False,0.15789473684210525,90,0.2,0.11127192982456141,0.03405399485379329,0.1044776119402985,False,0.05263157894736842
YFL,67,89,114,4,4,0.07894736842105263,0.8,0.10214912280701753,0.03403491389804115,0.7960199004975125,False,0.14912280701754385,300,0.5,0.10776315789473685,0.030315226580513156,0.12437810945273632,False,0.07017543859649122
YFL,67,90,114,4,4,0.09649122807017543,0.2,0.10035087719298247,0.03104946612140593,0.6069651741293532,False,0.12280701754385964,75,0.5,0.11899122807017544,0.03637097856244524,0.4925373134328358,False,0.02631578947368421
YFL,67,91,114,4,4,0.09649122807017543,0.2,0.10114035087719297,0.03234581227611637,0.572139303482587,False,0.14912280701754385,450,0.2,0.10359649122807017,0.029369528984037302,0.09950248756218906,False,0.05263157894736842
YFL,67,92,114,4,4,0.11403508771929824,0.8,0.10149122807017545,0.03307399217646649,0.3880597014925373,False,0.13157894736842105,90,0.2,0.11587719298245613,0.03353929327227438,0.35323383084577115,False,0.017543859649122806
YFL,67,93,114,4,4,0.14912280701754385,0.2,0.10407894736842105,0.03076217904942787,0.08955223880597014,False,0.21052631578947367,60,0.5,0.11991228070175439,0.032975641786225154,0.009950248756218905,True,0.06140350877192982
YFL,67,94,114,4,4,0.09649122807017543,0.5,0.10364035087719298,0.03345257120207846,0.6218905472636815,False,0.14912280701754385,150,0.8,0.11109649122807017,0.03431077457344989,0.16417910447761194,False,0.05263157894736842
YFL,68,69,114,4,4,0.10526315789473684,0.8,0.10469298245614034,0.032371712554004714,0.527363184079602,False,0.14035087719298245,180,0.5,0.10907894736842103,0.03329616356785442,0.22388059701492538,False,0.03508771929824561
YFL,68,70,114,4,4,0.09649122807017543,0.5,0.10241228070175439,0.03400126901773888,0.6069651741293532,False,0.11403508771929824,90,0.5,0.11587719298245613,0.036349842913944067,0.5422885572139303,False,0.017543859649122806
YFL,68,71,114,4,4,0.11403508771929824,0.8,0.10285087719298244,0.030740300232138026,0.42786069651741293,False,0.18421052631578946,150,0.5,0.10565789473684209,0.03093290273585407,0.03482587064676617,True,0.07017543859649122
YFL,68,72,114,4,4,0.18421052631578946,0.5,0.10478070175438596,0.03151370885219384,0.014925373134328358,True,0.21052631578947367,75,0.8,0.11855263157894737,0.03520848366128728,0.009950248756218905,True,0.02631578947368421
YFL,68,73,114,4,4,0.07894736842105263,0.2,0.10657894736842105,0.03078821844468198,0.8706467661691543,False,0.17543859649122806,60,0.8,0.11776315789473682,0.036198984345012265,0.08955223880597014,False,0.09649122807017543
YFL,68,74,114,4,4,0.06140350877192982,0.5,0.10162280701754385,0.03343175912917367,0.9054726368159204,False,0.18421052631578946,150,0.5,0.11491228070175438,0.03517576892049722,0.03980099502487562,True,0.12280701754385964
YFL,68,75,114,4,4,0.10526315789473684,0.8,0.10083333333333332,0.031901502678775354,0.4925373134328358,False,0.12280701754385964,300,0.5,0.10842105263157893,0.03430809795015926,0.3880597014925373,False,0.017543859649122806
YFL,68,76,114,4,4,0.07894736842105263,0.2,0.09723684210526315,0.033988074778446446,0.7014925373134329,False,0.15789473684210525,180,0.8,0.10758771929824562,0.03401877760125766,0.09950248756218906,False,0.07894736842105263
YFL,68,77,114,4,4,0.11403508771929824,0.2,0.1018859649122807,0.03128564680882752,0.34328358208955223,False,0.12280701754385964,150,0.8,0.11026315789473683,0.03412128911164585,0.35323383084577115,False,0.008771929824561403
YFL,68,78,114,4,4,0.10526315789473684,0.5,0.10429824561403508,0.03341455048103115,0.5323383084577115,False,0.16666666666666666,60,0.2,0.11714912280701753,0.037256618489725585,0.12437810945273632,False,0.06140350877192982
YFL,68,79,114,4,4,0.08771929824561403,0.2,0.10403508771929823,0.03146265577929736,0.7164179104477612,False,0.14035087719298245,180,0.2,0.11359649122807017,0.038880265256417204,0.2537313432835821,False,0.05263157894736842
YFL,68,80,114,4,4,0.07017543859649122,0.2,0.10758771929824562,0.03421145876566476,0.8955223880597015,False,0.15789473684210525,300,0.5,0.11087719298245614,0.03655615447565642,0.13432835820895522,False,0.08771929824561403
YFL,68,81,114,4,4,0.13157894736842105,0.2,0.10697368421052632,0.034551325161022294,0.2935323383084577,False,0.19298245614035087,90,0.5,0.11657894736842105,0.03379197457373448,0.029850746268656716,True,0.06140350877192982
YFL,68,82,114,4,4,0.08771929824561403,0.2,0.10271929824561404,0.032497037548844504,0.7114427860696517,False,0.13157894736842105,90,0.5,0.11565789473684208,0.03772260410444791,0.3333333333333333,False,0.043859649122807015
YFL,68,83,114,4,4,0.15789473684210525,0.8,0.10565789473684209,0.03293090667713187,0.07462686567164178,False,0.18421052631578946,300,0.8,0.1075,0.03348630549780872,0.014925373134328358,True,0.02631578947368421
YFL,68,84,114,4,4,0.07017543859649122,0.2,0.1044298245614035,0.03512734142139229,0.8805970149253731,False,0.20175438596491227,100,0.2,0.12013157894736842,0.03421959543154181,0.01990049751243781,True,0.13157894736842105
YFL,68,85,114,4,4,0.12280701754385964,0.2,0.10745614035087718,0.0329362193990632,0.3681592039800995,False,0.19298245614035087,75,0.2,0.11394736842105263,0.03467747030609615,0.024875621890547265,True,0.07017543859649122
YFL,68,86,114,4,4,0.10526315789473684,0.2,0.10600877192982455,0.03444013059098315,0.5522388059701493,False,0.17543859649122806,225,0.5,0.1137719298245614,0.03252463043285465,0.06467661691542288,False,0.07017543859649122
YFL,68,87,114,4,4,0.14912280701754385,0.2,0.10385964912280703,0.03276779113563875,0.12935323383084577,False,0.19298245614035087,180,0.5,0.11442982456140349,0.03294264635358604,0.01990049751243781,True,0.043859649122807015
YFL,68,88,114,4,4,0.14035087719298245,0.2,0.10096491228070174,0.03375075617632639,0.13432835820895522,False,0.14035087719298245,90,0.2,0.11254385964912281,0.033209330544333344,0.22885572139303484,False,0.0
YFL,68,89,114,4,4,0.05263157894736842,0.2,0.10530701754385965,0.031676476926479055,0.9751243781094527,False,0.11403508771929824,180,0.8,0.11118421052631579,0.033875944542145334,0.5124378109452736,False,0.06140350877192982
YFL,68,90,114,4,4,0.10526315789473684,0.8,0.10425438596491228,0.03155025168735194,0.5223880597014925,False,0.15789473684210525,225,0.2,0.11013157894736841,0.029998784551794593,0.07960199004975124,False,0.05263157894736842
YFL,68,91,114,4,4,0.10526315789473684,0.2,0.10328947368421051,0.03257841087870715,0.5223880597014925,False,0.14912280701754385,100,0.8,0.11859649122807017,0.03687127051372283,0.208955223880597,False,0.043859649122807015
YFL,68,92,114,4,4,0.08771929824561403,0.8,0.1019298245614035,0.029932491879815573,0.746268656716418,False,0.12280701754385964,75,0.8,0.115,0.033437686107868084,0.4427860696517413,False,0.03508771929824561
YFL,68,93,114,4,4,0.15789473684210525,0.8,0.10333333333333332,0.029953153504336954,0.04975124378109453,True,0.17543859649122806,75,0.2,0.11364035087719299,0.03213457986676715,0.04975124378109453,True,0.017543859649122806
YFL,68,94,114,4,4,0.07894736842105263,0.5,0.10855263157894736,0.03234016344102967,0.8507462686567164,False,0.17543859649122806,225,0.2,0.10916666666666668,0.03268813133338972,0.03482587064676617,True,0.09649122807017543
YFL,69,70,114,4,4,0.07017543859649122,0.5,0.10552631578947366,0.031214283449268382,0.900497512437811,False,0.14035087719298245,450,0.2,0.10355263157894737,0.030255474852897993,0.16417910447761194,False,0.07017543859649122
YFL,69,71,114,4,4,0.14912280701754385,0.2,0.10561403508771929,0.03246430009106116,0.11940298507462686,False,0.17543859649122806,100,0.5,0.1137280701754386,0.033409776765074305,0.04975124378109453,True,0.02631578947368421
YFL,69,72,114,4,4,0.14035087719298245,0.8,0.10394736842105264,0.03258211967197957,0.1691542288557214,False,0.14912280701754385,150,0.8,0.11179824561403509,0.03244234751277957,0.18407960199004975,False,0.008771929824561403
YFL,69,73,114,4,4,0.05263157894736842,0.2,0.105,0.03160819807635725,0.9701492537313433,False,0.16666666666666666,60,0.2,0.12039473684210526,0.03417142531134258,0.12935323383084577,False,0.11403508771929824
YFL,69,74,114,4,4,0.09649122807017543,0.2,0.1038157894736842,0.03163103519095985,0.6616915422885572,False,0.15789473684210525,180,0.2,0.11421052631578947,0.030953677322289562,0.11442786069651742,False,0.06140350877192982
YFL,69,75,114,4,4,0.09649122807017543,0.5,0.10495614035087719,0.03464832768307976,0.6467661691542289,False,0.14035087719298245,60,0.8,0.11605263157894737,0.03383908513086198,0.263681592039801,False,0.043859649122807015
YFL,69,76,114,4,4,0.07894736842105263,0.2,0.10162280701754385,0.032540883812698554,0.7860696517412935,False,0.17543859649122806,60,0.2,0.11837719298245614,0.03617291157985133,0.08955223880597014,False,0.09649122807017543
YFL,69,77,114,4,4,0.12280701754385964,0.5,0.10333333333333333,0.03490164892427638,0.31343283582089554,False,0.13157894736842105,100,0.8,0.11552631578947366,0.036893810562545336,0.36318407960199006,False,0.008771929824561403
YFL,69,78,114,4,4,0.06140350877192982,0.2,0.10530701754385965,0.032064714014890645,0.9402985074626866,False,0.13157894736842105,60,0.5,0.11741228070175438,0.03485195298809421,0.4079601990049751,False,0.07017543859649122
YFL,69,79,114,4,4,0.07017543859649122,0.2,0.10434210526315789,0.03584432319991595,0.8507462686567164,False,0.15789473684210525,60,0.2,0.11793859649122806,0.03696278664906063,0.1691542288557214,False,0.08771929824561403
YFL,69,80,114,4,4,0.05263157894736842,0.2,0.10469298245614034,0.03256226529083302,0.9900497512437811,False,0.14912280701754385,150,0.8,0.10956140350877192,0.03328934025322714,0.13930348258706468,False,0.09649122807017543
YFL,69,81,114,4,4,0.10526315789473684,0.2,0.10618421052631578,0.030251640588809435,0.5771144278606966,False,0.15789473684210525,60,0.5,0.1187719298245614,0.03541502983289146,0.13432835820895522,False,0.05263157894736842
YFL,69,82,114,4,4,0.07017543859649122,0.2,0.10241228070175439,0.03092840234079348,0.8905472636815921,False,0.14912280701754385,150,0.8,0.1089035087719298,0.032789466868193624,0.11442786069651742,False,0.07894736842105263
YFL,69,83,114,4,4,0.11403508771929824,0.2,0.10359649122807017,0.032015143520409385,0.4228855721393035,False,0.15789473684210525,150,0.2,0.10855263157894736,0.03349138580202886,0.0845771144278607,False,0.043859649122807015
YFL,69,84,114,4,4,0.10526315789473684,0.2,0.10289473684210527,0.03096304475373867,0.4925373134328358,False,0.17543859649122806,180,0.2,0.11706140350877192,0.03196930629026739,0.06467661691542288,False,0.07017543859649122
YFL,69,85,114,4,4,0.11403508771929824,0.5,0.10438596491228071,0.03408149010240588,0.43283582089552236,False,0.14912280701754385,60,0.2,0.11736842105263158,0.03373436933705142,0.19900497512437812,False,0.03508771929824561
YFL,69,86,114,4,4,0.09649122807017543,0.5,0.10552631578947366,0.03372691814172978,0.6019900497512438,False,0.14035087719298245,150,0.2,0.11092105263157893,0.03506454206742328,0.19402985074626866,False,0.043859649122807015
YFL,69,87,114,4,4,0.07017543859649122,0.2,0.1069736842105263,0.032794419309756705,0.900497512437811,False,0.18421052631578946,180,0.5,0.11289473684210526,0.03410768783721876,0.04975124378109453,True,0.11403508771929824
YFL,69,88,114,4,4,0.09649122807017543,0.2,0.10407894736842105,0.032970569970386755,0.6169154228855721,False,0.13157894736842105,60,0.2,0.11605263157894737,0.03235537419288076,0.3582089552238806,False,0.03508771929824561
YFL,69,89,114,4,4,0.08771929824561403,0.5,0.1045175438596491,0.03066271872638277,0.7412935323383084,False,0.14035087719298245,180,0.5,0.10907894736842103,0.031333810805974804,0.21890547263681592,False,0.05263157894736842
YFL,69,90,114,4,4,0.043859649122807015,0.2,0.10315789473684209,0.030844556497914916,0.9950248756218906,False,0.13157894736842105,180,0.8,0.11201754385964911,0.03344832312256961,0.32338308457711445,False,0.08771929824561403
YFL,69,91,114,4,4,0.10526315789473684,0.8,0.10320175438596489,0.03205844274248207,0.5223880597014925,False,0.14035087719298245,60,0.8,0.11820175438596489,0.03278545720090767,0.2935323383084577,False,0.03508771929824561
YFL,69,92,114,4,4,0.09649122807017543,0.2,0.10719298245614034,0.029667794870298084,0.6865671641791045,False,0.14912280701754385,180,0.2,0.11350877192982456,0.032318664934816985,0.19402985074626866,False,0.05263157894736842
YFL,69,93,114,4,4,0.13157894736842105,0.2,0.10267543859649124,0.029857959270700216,0.1890547263681592,False,0.17543859649122806,180,0.8,0.1124561403508772,0.033367883466374135,0.03980099502487562,True,0.043859649122807015
YFL,69,94,114,4,4,0.14035087719298245,0.5,0.10600877192982455,0.031704296119746074,0.17412935323383086,False,0.14912280701754385,180,0.2,0.11140350877192982,0.03419475558612851,0.1691542288557214,False,0.008771929824561403
YFL,70,71,114,4,4,0.09649122807017543,0.5,0.10530701754385964,0.03201644183944952,0.6766169154228856,False,0.17543859649122806,150,0.8,0.10789473684210525,0.03144987187762626,0.03980099502487562,True,0.07894736842105263
YFL,70,72,114,4,4,0.13157894736842105,0.8,0.10447368421052632,0.03151361682851311,0.23880597014925373,False,0.21052631578947367,75,0.5,0.1194298245614035,0.036857818548922686,0.009950248756218905,True,0.07894736842105263
YFL,70,73,114,4,4,0.07894736842105263,0.2,0.10600877192982455,0.033158847458613486,0.8308457711442786,False,0.19298245614035087,60,0.5,0.11986842105263157,0.03411865428822106,0.03980099502487562,True,0.11403508771929824
YFL,70,74,114,4,4,0.10526315789473684,0.8,0.10359649122807017,0.03383542840795569,0.5074626865671642,False,0.17543859649122806,180,0.5,0.11271929824561404,0.034101338719315095,0.04975124378109453,True,0.07017543859649122
YFL,70,75,114,4,4,0.07017543859649122,0.2,0.10337719298245612,0.03251235330198084,0.8855721393034826,False,0.15789473684210525,100,0.2,0.11315789473684208,0.03539493471017529,0.12935323383084577,False,0.08771929824561403
YFL,70,76,114,4,4,0.07894736842105263,0.2,0.1012719298245614,0.03287802625889157,0.7810945273631841,False,0.14912280701754385,180,0.8,0.11008771929824562,0.03474163714937904,0.15920398009950248,False,0.07017543859649122
YFL,70,77,114,4,4,0.10526315789473684,0.5,0.10346491228070176,0.033982613594741695,0.5223880597014925,False,0.13157894736842105,75,0.2,0.11789473684210526,0.033098884578393765,0.4228855721393035,False,0.02631578947368421
YFL,70,78,114,4,4,0.09649122807017543,0.5,0.10114035087719297,0.03393265422759261,0.5771144278606966,False,0.19298245614035087,60,0.2,0.11868421052631578,0.0375359202811398,0.04477611940298507,True,0.09649122807017543
YFL,70,79,114,4,4,0.07894736842105263,0.2,0.10618421052631578,0.03407465383162698,0.8109452736318408,False,0.16666666666666666,100,0.2,0.11438596491228069,0.037287144663689334,0.11442786069651742,False,0.08771929824561403
YFL,70,80,114,4,4,0.05263157894736842,0.5,0.10675438596491228,0.033057620764503186,0.9701492537313433,False,0.14035087719298245,75,0.2,0.11640350877192983,0.03628724121196787,0.2537313432835821,False,0.08771929824561403
YFL,70,81,114,4,4,0.08771929824561403,0.8,0.10684210526315788,0.031667473162563076,0.7761194029850746,False,0.20175438596491227,90,0.8,0.1157017543859649,0.035234968291221,0.024875621890547265,True,0.11403508771929824
YFL,70,82,114,4,4,0.08771929824561403,0.2,0.10337719298245612,0.032440917250226124,0.7164179104477612,False,0.12280701754385964,90,0.5,0.1157017543859649,0.035703730352169886,0.4427860696517413,False,0.03508771929824561
YFL,70,83,114,4,4,0.10526315789473684,0.8,0.10649122807017544,0.032119445129980155,0.5671641791044776,False,0.17543859649122806,75,0.8,0.11302631578947368,0.032181233038955655,0.05970149253731343,False,0.07017543859649122
YFL,70,84,114,4,4,0.07017543859649122,0.2,0.10438596491228068,0.032430456538198565,0.8855721393034826,False,0.17543859649122806,225,0.5,0.11328947368421054,0.036149173299550356,0.05472636815920398,False,0.10526315789473684
YFL,70,85,114,4,4,0.10526315789473684,0.5,0.10758771929824562,0.034615949243890665,0.5472636815920398,False,0.15789473684210525,60,0.5,0.11780701754385965,0.03629576479611793,0.19402985074626866,False,0.05263157894736842
YFL,70,86,114,4,4,0.12280701754385964,0.2,0.1044298245614035,0.03173867033905241,0.30845771144278605,False,0.14912280701754385,60,0.2,0.11741228070175438,0.037851537238719944,0.208955223880597,False,0.02631578947368421
YFL,70,87,114,4,4,0.11403508771929824,0.2,0.10228070175438596,0.03698101042030284,0.38308457711442784,False,0.17543859649122806,100,0.5,0.11473684210526315,0.03250619812873539,0.04477611940298507,True,0.06140350877192982
YFL,70,88,114,4,4,0.10526315789473684,0.2,0.1082017543859649,0.03540888783310472,0.5671641791044776,False,0.14035087719298245,60,0.2,0.11605263157894737,0.03452907569949201,0.26865671641791045,False,0.03508771929824561
YFL,70,89,114,4,4,0.07017543859649122,0.2,0.10539473684210526,0.03300339103684163,0.8955223880597015,False,0.12280701754385964,90,0.2,0.11714912280701753,0.03468758780336559,0.46766169154228854,False,0.05263157894736842
YFL,70,90,114,4,4,0.08771929824561403,0.8,0.10587719298245613,0.03276861714053262,0.736318407960199,False,0.10526315789473684,75,0.2,0.11776315789473685,0.03393866462781908,0.6766169154228856,False,0.017543859649122806
YFL,70,91,114,4,4,0.06140350877192982,0.2,0.10298245614035087,0.02934120931753413,0.9402985074626866,False,0.13157894736842105,150,0.2,0.11157894736842103,0.03658914091298666,0.31840796019900497,False,0.07017543859649122
YFL,70,92,114,4,4,0.07894736842105263,0.8,0.10355263157894737,0.030987854752200346,0.835820895522388,False,0.11403508771929824,225,0.2,0.11175438596491226,0.03360436774335476,0.5074626865671642,False,0.03508771929824561
YFL,70,93,114,4,4,0.10526315789473684,0.2,0.1056578947368421,0.030479574151962383,0.5671641791044776,False,0.18421052631578946,60,0.8,0.1195175438596491,0.033259678876245743,0.04477611940298507,True,0.07894736842105263
YFL,70,94,114,4,4,0.043859649122807015,0.2,0.10736842105263157,0.030907172898057233,1.0,False,0.15789473684210525,90,0.8,0.11293859649122806,0.030576342387030303,0.0945273631840796,False,0.11403508771929824
YFL,71,72,114,4,4,0.12280701754385964,0.2,0.1031578947368421,0.03216996672512376,0.32338308457711445,False,0.19298245614035087,75,0.2,0.11741228070175438,0.038449520011344655,0.06965174129353234,False,0.07017543859649122
YFL,71,73,114,4,4,0.11403508771929824,0.5,0.1057456140350877,0.030389369320022966,0.43283582089552236,False,0.15789473684210525,300,0.8,0.11333333333333333,0.03372061199814194,0.12935323383084577,False,0.043859649122807015
YFL,71,74,114,4,4,0.14912280701754385,0.2,0.10403508771929826,0.030804415204882054,0.09950248756218906,False,0.18421052631578946,150,0.8,0.10706140350877191,0.03088286150711973,0.009950248756218905,True,0.03508771929824561
YFL,71,75,114,4,4,0.14912280701754385,0.5,0.10276315789473683,0.03218363600880834,0.10945273631840796,False,0.19298245614035087,450,0.2,0.10530701754385965,0.031761809297803444,0.009950248756218905,True,0.043859649122807015
YFL,71,76,114,4,4,0.09649122807017543,0.8,0.10083333333333332,0.030246527480600405,0.6268656716417911,False,0.16666666666666666,180,0.2,0.11,0.03431711311164294,0.07462686567164178,False,0.07017543859649122
YFL,71,77,114,4,4,0.07017543859649122,0.2,0.10587719298245613,0.03107274499263525,0.8756218905472637,False,0.20175438596491227,150,0.5,0.10894736842105264,0.03465929041519818,0.014925373134328358,True,0.13157894736842105
YFL,71,78,114,4,4,0.12280701754385964,0.2,0.10236842105263158,0.03196340945923462,0.2736318407960199,False,0.17543859649122806,100,0.2,0.11070175438596491,0.03491715574775095,0.04975124378109453,True,0.05263157894736842
YFL,71,79,114,4,4,0.10526315789473684,0.8,0.10504385964912281,0.03313154935641923,0.5323383084577115,False,0.16666666666666666,300,0.5,0.1057017543859649,0.03243939752716728,0.03980099502487562,True,0.06140350877192982
YFL,71,80,114,4,4,0.11403508771929824,0.5,0.10692982456140349,0.03014911747816618,0.4228855721393035,False,0.17543859649122806,180,0.5,0.10618421052631578,0.02881136922072713,0.029850746268656716,True,0.06140350877192982
YFL,71,81,114,4,4,0.08771929824561403,0.8,0.10600877192982455,0.03210424303781321,0.7562189054726368,False,0.18421052631578946,150,0.8,0.10894736842105264,0.03072045122816924,0.024875621890547265,True,0.09649122807017543
YFL,71,82,114,4,4,0.11403508771929824,0.2,0.10333333333333332,0.02955026302202531,0.3333333333333333,False,0.19298245614035087,150,0.2,0.1075877192982456,0.031773737541962416,0.01990049751243781,True,0.07894736842105263
YFL,71,83,114,4,4,0.14035087719298245,0.8,0.1044736842105263,0.029022540838426866,0.14925373134328357,False,0.20175438596491227,300,0.5,0.1075,0.03581842408009195,0.01990049751243781,True,0.06140350877192982
YFL,71,84,114,4,4,0.15789473684210525,0.8,0.10157894736842105,0.03061959258492157,0.05970149253731343,False,0.21052631578947367,225,0.2,0.1094736842105263,0.031078344257168843,0.014925373134328358,True,0.05263157894736842
YFL,71,85,114,4,4,0.10526315789473684,0.5,0.10657894736842105,0.034652484445179,0.5323383084577115,False,0.17543859649122806,300,0.2,0.10859649122807018,0.03652991323878795,0.07462686567164178,False,0.07017543859649122
YFL,71,86,114,4,4,0.11403508771929824,0.2,0.10741228070175439,0.032886257686456075,0.4527363184079602,False,0.18421052631578946,150,0.5,0.10912280701754387,0.03186078159099677,0.024875621890547265,True,0.07017543859649122
YFL,71,87,114,4,4,0.09649122807017543,0.2,0.10416666666666664,0.03340468404946128,0.6119402985074627,False,0.16666666666666666,150,0.2,0.11100877192982456,0.03431438064097799,0.07960199004975124,False,0.07017543859649122
YFL,71,88,114,4,4,0.11403508771929824,0.5,0.10675438596491228,0.032023838234290836,0.40298507462686567,False,0.17543859649122806,450,0.8,0.10802631578947368,0.03384899629105363,0.04975124378109453,True,0.06140350877192982
YFL,71,89,114,4,4,0.11403508771929824,0.5,0.10390350877192983,0.030867833319307925,0.3582089552238806,False,0.18421052631578946,150,0.2,0.10802631578947368,0.03172624141003135,0.03482587064676617,True,0.07017543859649122
YFL,71,90,114,4,4,0.14035087719298245,0.5,0.10390350877192982,0.031414166208975726,0.17412935323383086,False,0.16666666666666666,150,0.8,0.10657894736842106,0.03264140305373739,0.05970149253731343,False,0.02631578947368421
YFL,71,91,114,4,4,0.11403508771929824,0.2,0.10412280701754385,0.030732406205043875,0.4228855721393035,False,0.17543859649122806,450,0.2,0.10473684210526316,0.033666445254997554,0.04477611940298507,True,0.06140350877192982
YFL,71,92,114,4,4,0.08771929824561403,0.2,0.10333333333333332,0.03153777915433006,0.7164179104477612,False,0.17543859649122806,150,0.8,0.11232456140350877,0.03260522336486382,0.05472636815920398,False,0.08771929824561403
YFL,71,93,114,4,4,0.15789473684210525,0.2,0.10802631578947368,0.030723188699266053,0.06965174129353234,False,0.19298245614035087,180,0.8,0.10763157894736843,0.03045942830132106,0.009950248756218905,True,0.03508771929824561
YFL,71,94,114,4,4,0.11403508771929824,0.5,0.10513157894736842,0.03213674568728982,0.44776119402985076,False,0.18421052631578946,150,0.5,0.10925438596491227,0.03264196572957902,0.024875621890547265,True,0.07017543859649122
YFL,72,73,114,4,4,0.09649122807017543,0.2,0.10364035087719298,0.03080488591355678,0.6417910447761194,False,0.20175438596491227,75,0.5,0.12065789473684209,0.038043304548477166,0.024875621890547265,True,0.10526315789473684
YFL,72,74,114,4,4,0.12280701754385964,0.8,0.10289473684210526,0.03389617018913881,0.31840796019900497,False,0.18421052631578946,75,0.5,0.1213157894736842,0.033602871871087014,0.04975124378109453,True,0.06140350877192982
YFL,72,75,114,4,4,0.14035087719298245,0.8,0.10320175438596489,0.03227481629170673,0.14427860696517414,False,0.21052631578947367,75,0.5,0.1193859649122807,0.03497502399392906,0.004975124378109453,True,0.07017543859649122
YFL,72,76,114,4,4,0.07894736842105263,0.2,0.10324561403508771,0.031617983063342424,0.8606965174129353,False,0.17543859649122806,180,0.8,0.11223684210526315,0.03433353152405123,0.03482587064676617,True,0.09649122807017543
YFL,72,77,114,4,4,0.14035087719298245,0.2,0.10258771929824562,0.030082449150319022,0.12935323383084577,False,0.17543859649122806,75,0.2,0.11881578947368421,0.03584863790076019,0.07462686567164178,False,0.03508771929824561
YFL,72,78,114,4,4,0.14035087719298245,0.2,0.10153508771929824,0.029396473164609686,0.12437810945273632,False,0.21052631578947367,60,0.5,0.11978070175438596,0.03491757101439299,0.009950248756218905,True,0.07017543859649122
YFL,72,79,114,4,4,0.10526315789473684,0.5,0.10328947368421051,0.032803143220913294,0.5124378109452736,False,0.20175438596491227,75,0.5,0.12131578947368421,0.03528672736178345,0.029850746268656716,True,0.09649122807017543
YFL,72,80,114,4,4,0.14912280701754385,0.8,0.10390350877192983,0.03278734416424214,0.11940298507462686,False,0.20175438596491227,60,0.2,0.11969298245614034,0.033288265816675974,0.014925373134328358,True,0.05263157894736842
YFL,72,81,114,4,4,0.09649122807017543,0.2,0.1056140350877193,0.032213207884556505,0.6417910447761194,False,0.14912280701754385,60,0.5,0.12039473684210526,0.03489918381243408,0.26865671641791045,False,0.05263157894736842
YFL,72,82,114,4,4,0.14912280701754385,0.2,0.10232456140350876,0.031342447791521504,0.08955223880597014,False,0.21052631578947367,75,0.8,0.11763157894736842,0.034779902551118264,0.009950248756218905,True,0.06140350877192982
YFL,72,83,114,4,4,0.17543859649122806,0.2,0.10293859649122807,0.03456005311133472,0.01990049751243781,True,0.19298245614035087,75,0.2,0.11714912280701753,0.03404627289802133,0.03482587064676617,True,0.017543859649122806
YFL,72,84,114,4,4,0.11403508771929824,0.2,0.10166666666666666,0.031230135430807673,0.3582089552238806,False,0.18421052631578946,100,0.2,0.11614035087719297,0.034422864404234164,0.03980099502487562,True,0.07017543859649122
YFL,72,85,114,4,4,0.11403508771929824,0.5,0.10785087719298246,0.03603153508707018,0.4577114427860697,False,0.15789473684210525,60,0.2,0.1200877192982456,0.03385827644681326,0.17412935323383086,False,0.043859649122807015
YFL,72,86,114,4,4,0.15789473684210525,0.5,0.10504385964912281,0.030239367676639893,0.07462686567164178,False,0.20175438596491227,75,0.2,0.12385964912280702,0.032556119554123214,0.014925373134328358,True,0.043859649122807015
YFL,72,87,114,4,4,0.14035087719298245,0.8,0.10285087719298244,0.03203382820248131,0.16417910447761194,False,0.21052631578947367,60,0.5,0.11912280701754384,0.031760135333741994,0.014925373134328358,True,0.07017543859649122
YFL,72,88,114,4,4,0.15789473684210525,0.5,0.10276315789473683,0.03321244498830444,0.0845771144278607,False,0.15789473684210525,75,0.2,0.11789473684210526,0.03465125699684546,0.14925373134328357,False,0.0
YFL,72,89,114,4,4,0.12280701754385964,0.8,0.10535087719298245,0.03411539589183744,0.32338308457711445,False,0.18421052631578946,75,0.8,0.11807017543859649,0.034920256286123504,0.05472636815920398,False,0.06140350877192982
YFL,72,90,114,4,4,0.13157894736842105,0.5,0.10407894736842106,0.032115080909293985,0.21890547263681592,False,0.23684210526315788,75,0.8,0.11978070175438596,0.033951878068686575,0.009950248756218905,True,0.10526315789473684
YFL,72,91,114,4,4,0.14035087719298245,0.2,0.10232456140350876,0.03434456659252665,0.15920398009950248,False,0.19298245614035087,75,0.2,0.11776315789473685,0.035486989312219476,0.03482587064676617,True,0.05263157894736842
YFL,72,92,114,4,4,0.11403508771929824,0.2,0.10478070175438596,0.03417436721726572,0.43283582089552236,False,0.17543859649122806,60,0.5,0.12043859649122805,0.034405673841201044,0.0945273631840796,False,0.06140350877192982
YFL,72,93,114,4,4,0.14912280701754385,0.8,0.10539473684210526,0.03046916976948026,0.10945273631840796,False,0.21052631578947367,75,0.2,0.12065789473684209,0.03324874892087652,0.01990049751243781,True,0.06140350877192982
YFL,72,94,114,4,4,0.17543859649122806,0.5,0.10416666666666666,0.03354329928373095,0.029850746268656716,True,0.17543859649122806,900,0.5,0.10416666666666666,0.03354329928373095,0.029850746268656716,True,0.0
YFL,73,74,114,4,4,0.10526315789473684,0.5,0.10657894736842105,0.03313519623744784,0.5522388059701493,False,0.14035087719298245,75,0.8,0.12013157894736841,0.034276046774617035,0.3034825870646766,False,0.03508771929824561
YFL,73,75,114,4,4,0.07894736842105263,0.2,0.10438596491228071,0.03152355383385435,0.8308457711442786,False,0.15789473684210525,90,0.2,0.12074561403508771,0.036076364252576015,0.20398009950248755,False,0.07894736842105263
YFL,73,76,114,4,4,0.05263157894736842,0.2,0.105,0.03010445285498672,0.9800995024875622,False,0.19298245614035087,60,0.2,0.11767543859649124,0.03586459778047193,0.029850746268656716,True,0.14035087719298245
YFL,73,77,114,4,4,0.09649122807017543,0.5,0.105,0.03265514141736212,0.6268656716417911,False,0.17543859649122806,60,0.8,0.12276315789473684,0.03412114745964778,0.11940298507462686,False,0.07894736842105263
YFL,73,78,114,4,4,0.08771929824561403,0.5,0.1025877192982456,0.030274638889234408,0.7213930348258707,False,0.14912280701754385,60,0.2,0.12188596491228068,0.03537742408772753,0.2537313432835821,False,0.06140350877192982
YFL,73,79,114,4,4,0.06140350877192982,0.8,0.10469298245614034,0.03208376151407255,0.9402985074626866,False,0.15789473684210525,60,0.2,0.11964912280701755,0.03417258513141946,0.14925373134328357,False,0.09649122807017543
YFL,73,80,114,4,4,0.10526315789473684,0.2,0.10618421052631578,0.031687461104564385,0.5522388059701493,False,0.14912280701754385,60,0.5,0.11780701754385964,0.03429084985287673,0.21393034825870647,False,0.043859649122807015
YFL,73,81,114,4,4,0.11403508771929824,0.2,0.10504385964912281,0.03315488246330815,0.4626865671641791,False,0.16666666666666666,60,0.5,0.1225,0.03849675648467402,0.14427860696517414,False,0.05263157894736842
YFL,73,82,114,4,4,0.08771929824561403,0.2,0.10359649122807017,0.03244702522286513,0.7064676616915423,False,0.15789473684210525,60,0.2,0.11706140350877192,0.03300479692460801,0.12437810945273632,False,0.07017543859649122
YFL,73,83,114,4,4,0.10526315789473684,0.2,0.10592105263157894,0.031803660159110646,0.5621890547263682,False,0.17543859649122806,100,0.8,0.11644736842105262,0.03343939172656608,0.06467661691542288,False,0.07017543859649122
YFL,73,84,114,4,4,0.10526315789473684,0.2,0.10346491228070175,0.030982863141802743,0.5074626865671642,False,0.15789473684210525,75,0.5,0.12179824561403507,0.03593891178001024,0.18407960199004975,False,0.05263157894736842
YFL,73,85,114,4,4,0.07894736842105263,0.2,0.108859649122807,0.029009214786317253,0.8905472636815921,False,0.17543859649122806,100,0.2,0.11649122807017541,0.035177527664975734,0.05970149253731343,False,0.09649122807017543
YFL,73,86,114,4,4,0.11403508771929824,0.5,0.10245614035087719,0.03006396645437516,0.3880597014925373,False,0.16666666666666666,60,0.5,0.11925438596491227,0.03480110280509466,0.10945273631840796,False,0.05263157894736842
YFL,73,87,114,4,4,0.07894736842105263,0.2,0.10548245614035089,0.03501532578555384,0.8109452736318408,False,0.18421052631578946,60,0.2,0.12144736842105264,0.03539599981949965,0.08955223880597014,False,0.10526315789473684
YFL,73,88,114,4,4,0.06140350877192982,0.2,0.10179824561403508,0.02932351212001329,0.9601990049751243,False,0.15789473684210525,300,0.5,0.10978070175438596,0.03546017496170724,0.10945273631840796,False,0.09649122807017543
YFL,73,89,114,4,4,0.07017543859649122,0.8,0.1031578947368421,0.02879583063634697,0.9502487562189055,False,0.15789473684210525,60,0.2,0.12109649122807017,0.034696504362482554,0.14925373134328357,False,0.08771929824561403
YFL,73,90,114,4,4,0.06140350877192982,0.2,0.10473684210526316,0.03421329533503304,0.9253731343283582,False,0.17543859649122806,60,0.8,0.12074561403508771,0.03574256142893298,0.07462686567164178,False,0.11403508771929824
YFL,73,91,114,4,4,0.08771929824561403,0.5,0.10644736842105264,0.02958318633139501,0.7960199004975125,False,0.16666666666666666,60,0.5,0.1194298245614035,0.03368983829790761,0.0945273631840796,False,0.07894736842105263
YFL,73,92,114,4,4,0.07017543859649122,0.2,0.10815789473684209,0.033337161117841685,0.900497512437811,False,0.15789473684210525,60,0.8,0.11925438596491228,0.03526466776858117,0.15920398009950248,False,0.08771929824561403
YFL,73,93,114,4,4,0.10526315789473684,0.5,0.10429824561403508,0.03241602654389693,0.5373134328358209,False,0.14035087719298245,60,0.2,0.1212719298245614,0.03311987663861953,0.3681592039800995,False,0.03508771929824561
YFL,73,94,114,4,4,0.07894736842105263,0.5,0.1082456140350877,0.03171237497185749,0.8656716417910447,False,0.18421052631578946,60,0.5,0.11982456140350876,0.03460435822008071,0.05970149253731343,False,0.10526315789473684
YFL,74,75,114,4,4,0.12280701754385964,0.5,0.10478070175438596,0.03288273018409741,0.34328358208955223,False,0.16666666666666666,90,0.8,0.11978070175438596,0.03765612373583293,0.11940298507462686,False,0.043859649122807015
YFL,74,76,114,4,4,0.12280701754385964,0.2,0.10249999999999998,0.030848787104931462,0.3283582089552239,False,0.15789473684210525,180,0.2,0.11035087719298246,0.032766847104548955,0.0845771144278607,False,0.03508771929824561
YFL,74,77,114,4,4,0.14035087719298245,0.2,0.10368421052631578,0.035468706521749174,0.17412935323383086,False,0.14035087719298245,900,0.2,0.10368421052631578,0.035468706521749174,0.17412935323383086,False,0.0
YFL,74,78,114,4,4,0.12280701754385964,0.5,0.10026315789473683,0.03266224520004097,0.3034825870646766,False,0.19298245614035087,150,0.5,0.11276315789473684,0.034029232976183,0.014925373134328358,True,0.07017543859649122
YFL,74,79,114,4,4,0.10526315789473684,0.5,0.10236842105263158,0.030375529077315375,0.5174129353233831,False,0.13157894736842105,150,0.5,0.11587719298245613,0.0352919867437437,0.36318407960199006,False,0.02631578947368421
YFL,74,80,114,4,4,0.15789473684210525,0.2,0.10302631578947366,0.03282152657209776,0.06965174129353234,False,0.20175438596491227,60,0.2,0.11679824561403508,0.03636034580955445,0.03482587064676617,True,0.043859649122807015
YFL,74,81,114,4,4,0.11403508771929824,0.2,0.10635964912280702,0.03321896400029433,0.4527363184079602,False,0.16666666666666666,90,0.2,0.11478070175438596,0.03485306242648235,0.1044776119402985,False,0.05263157894736842
YFL,74,82,114,4,4,0.13157894736842105,0.2,0.10311403508771928,0.03189544177565467,0.18407960199004975,False,0.17543859649122806,180,0.5,0.11307017543859649,0.032044116725401146,0.04975124378109453,True,0.043859649122807015
YFL,74,83,114,4,4,0.17543859649122806,0.8,0.1062280701754386,0.033656681387774987,0.01990049751243781,True,0.19298245614035087,300,0.8,0.1075,0.03132665264258108,0.014925373134328358,True,0.017543859649122806
YFL,74,84,114,4,4,0.09649122807017543,0.5,0.10096491228070174,0.030450286892239647,0.582089552238806,False,0.14035087719298245,150,0.2,0.11486842105263158,0.035039170106315604,0.25870646766169153,False,0.043859649122807015
YFL,74,85,114,4,4,0.14035087719298245,0.8,0.10539473684210526,0.031664023584982104,0.1791044776119403,False,0.18421052631578946,60,0.2,0.11732456140350876,0.03314321796320193,0.03980099502487562,True,0.043859649122807015
YFL,74,86,114,4,4,0.16666666666666666,0.2,0.10618421052631578,0.032637227103588684,0.05472636815920398,False,0.19298245614035087,180,0.8,0.11609649122807017,0.03253731886698267,0.024875621890547265,True,0.02631578947368421
YFL,74,87,114,4,4,0.13157894736842105,0.8,0.10333333333333332,0.03434324369741537,0.23383084577114427,False,0.17543859649122806,150,0.5,0.11842105263157894,0.0342963746974848,0.0945273631840796,False,0.043859649122807015
YFL,74,88,114,4,4,0.13157894736842105,0.8,0.10214912280701753,0.033078522117701396,0.21890547263681592,False,0.17543859649122806,300,0.8,0.11285087719298245,0.03455110133843352,0.05472636815920398,False,0.043859649122807015
YFL,74,89,114,4,4,0.08771929824561403,0.5,0.1025,0.031321468123719165,0.7213930348258707,False,0.14035087719298245,150,0.8,0.11364035087719299,0.03142893316109399,0.23383084577114427,False,0.05263157894736842
YFL,74,90,114,4,4,0.12280701754385964,0.8,0.10473684210526316,0.03315724402496641,0.30845771144278605,False,0.14035087719298245,225,0.8,0.11241228070175438,0.03195091668008508,0.22388059701492538,False,0.017543859649122806
YFL,74,91,114,4,4,0.13157894736842105,0.2,0.10258771929824562,0.03126734976987157,0.20398009950248755,False,0.16666666666666666,150,0.2,0.11298245614035085,0.03327272616708601,0.09950248756218906,False,0.03508771929824561
YFL,74,92,114,4,4,0.12280701754385964,0.2,0.10539473684210526,0.032495698936221847,0.31343283582089554,False,0.13157894736842105,450,0.5,0.10907894736842104,0.03086131883191082,0.2537313432835821,False,0.008771929824561403
YFL,74,93,114,4,4,0.15789473684210525,0.8,0.10657894736842105,0.030850949191147975,0.07462686567164178,False,0.16666666666666666,180,0.5,0.11552631578947369,0.03252700803384271,0.0845771144278607,False,0.008771929824561403
YFL,74,94,114,4,4,0.17543859649122806,0.2,0.10684210526315789,0.03594517835680536,0.05472636815920398,False,0.19298245614035087,300,0.8,0.1100877192982456,0.033748006493213224,0.024875621890547265,True,0.017543859649122806
YFL,75,76,114,4,4,0.08771929824561403,0.2,0.09833333333333333,0.03122270581655133,0.6616915422885572,False,0.17543859649122806,180,0.2,0.11127192982456141,0.03379183154128264,0.04975124378109453,True,0.08771929824561403
YFL,75,77,114,4,4,0.09649122807017543,0.2,0.1019736842105263,0.03461550243297989,0.582089552238806,False,0.15789473684210525,450,0.2,0.10736842105263157,0.032694547922736995,0.09950248756218906,False,0.06140350877192982
YFL,75,78,114,4,4,0.13157894736842105,0.8,0.10228070175438596,0.02911897233187146,0.1890547263681592,False,0.15789473684210525,90,0.8,0.11679824561403507,0.034605894603031054,0.13930348258706468,False,0.02631578947368421
YFL,75,79,114,4,4,0.07017543859649122,0.5,0.10333333333333332,0.03635590571505688,0.8507462686567164,False,0.14035087719298245,100,0.2,0.11442982456140349,0.03373136039861475,0.23383084577114427,False,0.07017543859649122
YFL,75,80,114,4,4,0.06140350877192982,0.8,0.10192982456140351,0.029725085751663407,0.9402985074626866,False,0.14912280701754385,100,0.8,0.11517543859649121,0.03432240841478123,0.208955223880597,False,0.08771929824561403
YFL,75,81,114,4,4,0.11403508771929824,0.5,0.10390350877192982,0.03684123939487039,0.4228855721393035,False,0.15789473684210525,90,0.8,0.12092105263157894,0.03553533472884723,0.1791044776119403,False,0.043859649122807015
YFL,75,82,114,4,4,0.07894736842105263,0.2,0.10342105263157894,0.03331952645842591,0.8208955223880597,False,0.14035087719298245,100,0.8,0.11307017543859647,0.034853201103797755,0.2537313432835821,False,0.06140350877192982
YFL,75,83,114,4,4,0.12280701754385964,0.8,0.10473684210526316,0.032078488417935404,0.3333333333333333,False,0.17543859649122806,75,0.8,0.11543859649122805,0.03178544842459359,0.05472636815920398,False,0.05263157894736842
YFL,75,84,114,4,4,0.07894736842105263,0.2,0.10324561403508771,0.03204315137397032,0.8208955223880597,False,0.17543859649122806,225,0.8,0.11293859649122805,0.03566632059431973,0.06965174129353234,False,0.09649122807017543
YFL,75,85,114,4,4,0.11403508771929824,0.5,0.102719298245614,0.03344693587771365,0.3781094527363184,False,0.16666666666666666,90,0.8,0.1168421052631579,0.0374312165074485,0.10945273631840796,False,0.05263157894736842
YFL,75,86,114,4,4,0.07894736842105263,0.2,0.10359649122807017,0.03202721887444925,0.8059701492537313,False,0.15789473684210525,100,0.8,0.11328947368421054,0.035063218766881066,0.11442786069651742,False,0.07894736842105263
YFL,75,87,114,4,4,0.13157894736842105,0.2,0.10320175438596489,0.033347221455692126,0.23383084577114427,False,0.16666666666666666,150,0.5,0.11486842105263158,0.0291343385715238,0.06467661691542288,False,0.03508771929824561
YFL,75,88,114,4,4,0.11403508771929824,0.2,0.10324561403508771,0.032462751684916406,0.40298507462686567,False,0.13157894736842105,75,0.5,0.1187280701754386,0.036150242926720026,0.3781094527363184,False,0.017543859649122806
YFL,75,89,114,4,4,0.05263157894736842,0.2,0.10043859649122805,0.03416930358737597,0.945273631840796,False,0.11403508771929824,75,0.2,0.11916666666666666,0.0353104705403678,0.6069651741293532,False,0.06140350877192982
YFL,75,90,114,4,4,0.07894736842105263,0.2,0.10228070175438596,0.03191898193468337,0.8059701492537313,False,0.12280701754385964,75,0.8,0.11960526315789473,0.03528746700973733,0.5124378109452736,False,0.043859649122807015
YFL,75,91,114,4,4,0.08771929824561403,0.8,0.10065789473684209,0.03235809284694809,0.7064676616915423,False,0.15789473684210525,100,0.5,0.12131578947368421,0.03590589335017988,0.19900497512437812,False,0.07017543859649122
YFL,75,92,114,4,4,0.07017543859649122,0.8,0.10438596491228068,0.033126443048485846,0.9054726368159204,False,0.12280701754385964,75,0.8,0.11964912280701753,0.03386569874044361,0.4925373134328358,False,0.05263157894736842
YFL,75,93,114,4,4,0.13157894736842105,0.8,0.10342105263157894,0.03258022082256785,0.263681592039801,False,0.14912280701754385,150,0.2,0.111359649122807,0.03270586998335523,0.14925373134328357,False,0.017543859649122806
YFL,75,94,114,4,4,0.07894736842105263,0.8,0.10320175438596489,0.03337040376162549,0.8009950248756219,False,0.14035087719298245,300,0.8,0.1124561403508772,0.030825997647081157,0.19900497512437812,False,0.06140350877192982
YFL,76,77,114,4,4,0.09649122807017543,0.2,0.10416666666666669,0.03339310680731676,0.6368159203980099,False,0.16666666666666666,225,0.8,0.10846491228070175,0.030906390976025277,0.04975124378109453,True,0.07017543859649122
YFL,76,78,114,4,4,0.08771929824561403,0.5,0.10289473684210527,0.032462751684916406,0.7263681592039801,False,0.17543859649122806,180,0.8,0.11223684210526315,0.03704220480451898,0.06965174129353234,False,0.08771929824561403
YFL,76,79,114,4,4,0.05263157894736842,0.2,0.1020175438596491,0.030795250642739663,0.9800995024875622,False,0.14035087719298245,60,0.2,0.11723684210526315,0.034724131145220195,0.30845771144278605,False,0.08771929824561403
YFL,76,80,114,4,4,0.07017543859649122,0.2,0.10649122807017543,0.03234736627992596,0.8955223880597015,False,0.15789473684210525,180,0.8,0.10758771929824562,0.03398466164147331,0.08955223880597014,False,0.08771929824561403
YFL,76,81,114,4,4,0.10526315789473684,0.8,0.10399122807017544,0.03105889803390377,0.48258706467661694,False,0.14912280701754385,225,0.2,0.11052631578947367,0.03401334976746019,0.15422885572139303,False,0.043859649122807015
YFL,76,82,114,4,4,0.07017543859649122,0.2,0.09978070175438596,0.03060794095112533,0.8656716417910447,False,0.15789473684210525,180,0.8,0.10785087719298245,0.03475329364812861,0.0945273631840796,False,0.08771929824561403
YFL,76,83,114,4,4,0.08771929824561403,0.8,0.1006140350877193,0.03415979664633136,0.6417910447761194,False,0.14912280701754385,150,0.2,0.1150877192982456,0.03329596034039002,0.19900497512437812,False,0.06140350877192982
YFL,76,84,114,4,4,0.11403508771929824,0.2,0.101359649122807,0.03235522480966314,0.38308457711442784,False,0.18421052631578946,225,0.2,0.11030701754385966,0.031797580606336515,0.029850746268656716,True,0.07017543859649122
YFL,76,85,114,4,4,0.10526315789473684,0.2,0.10350877192982455,0.03205871412100755,0.527363184079602,False,0.15789473684210525,225,0.5,0.11,0.03303105844469596,0.09950248756218906,False,0.05263157894736842
YFL,76,86,114,4,4,0.08771929824561403,0.2,0.09986842105263158,0.03126091853813263,0.6865671641791045,False,0.15789473684210525,180,0.8,0.1069736842105263,0.03393023267547648,0.08955223880597014,False,0.07017543859649122
YFL,76,87,114,4,4,0.10526315789473684,0.8,0.10021929824561403,0.03180973854994624,0.4577114427860697,False,0.17543859649122806,180,0.8,0.11013157894736843,0.03400991074390295,0.04975124378109453,True,0.07017543859649122
YFL,76,88,114,4,4,0.09649122807017543,0.2,0.10504385964912281,0.03371003222677524,0.6069651741293532,False,0.14912280701754385,100,0.2,0.11087719298245613,0.03353295184432654,0.16417910447761194,False,0.05263157894736842
YFL,76,89,114,4,4,0.08771929824561403,0.5,0.10328947368421051,0.030354231422953577,0.7313432835820896,False,0.15789473684210525,180,0.2,0.10657894736842105,0.0340559534538616,0.10945273631840796,False,0.07017543859649122
YFL,76,90,114,4,4,0.07894736842105263,0.5,0.10008771929824561,0.030617445733644638,0.8009950248756219,False,0.15789473684210525,225,0.2,0.10833333333333332,0.031483664179501776,0.0945273631840796,False,0.07894736842105263
YFL,76,91,114,4,4,0.10526315789473684,0.2,0.10302631578947369,0.03147442098248265,0.5174129353233831,False,0.15789473684210525,450,0.2,0.10600877192982455,0.03677484803516549,0.11442786069651742,False,0.05263157894736842
YFL,76,92,114,4,4,0.09649122807017543,0.5,0.1037280701754386,0.03296775521573006,0.6119402985074627,False,0.13157894736842105,300,0.8,0.11087719298245613,0.03182921197061879,0.2736318407960199,False,0.03508771929824561
YFL,76,93,114,4,4,0.11403508771929824,0.2,0.10346491228070175,0.0292098902589028,0.3681592039800995,False,0.16666666666666666,300,0.2,0.11171052631578945,0.03328338685767873,0.07960199004975124,False,0.05263157894736842
YFL,76,94,114,4,4,0.043859649122807015,0.2,0.10442982456140351,0.033734799163491036,0.9800995024875622,False,0.18421052631578946,180,0.8,0.10907894736842104,0.0356298754113256,0.04477611940298507,True,0.14035087719298245
YFL,77,78,114,4,4,0.12280701754385964,0.5,0.10478070175438596,0.03213337657006636,0.31840796019900497,False,0.14912280701754385,90,0.8,0.11355263157894736,0.03694709184177793,0.1791044776119403,False,0.02631578947368421
YFL,77,79,114,4,4,0.09649122807017543,0.2,0.10495614035087718,0.031033739897046032,0.6417910447761194,False,0.11403508771929824,225,0.8,0.11105263157894736,0.03666599385974037,0.472636815920398,False,0.017543859649122806
YFL,77,80,114,4,4,0.09649122807017543,0.5,0.10701754385964911,0.03486662245705949,0.6368159203980099,False,0.11403508771929824,225,0.5,0.10837719298245613,0.03402355110577975,0.4427860696517413,False,0.017543859649122806
YFL,77,81,114,4,4,0.08771929824561403,0.5,0.10600877192982455,0.03331009620785682,0.7711442786069652,False,0.14035087719298245,90,0.8,0.11671052631578947,0.03560403750183189,0.2835820895522388,False,0.05263157894736842
YFL,77,82,114,4,4,0.07894736842105263,0.2,0.10280701754385964,0.03298795162059748,0.8009950248756219,False,0.13157894736842105,450,0.2,0.11017543859649122,0.035401925611825556,0.2885572139303483,False,0.05263157894736842
YFL,77,83,114,4,4,0.14035087719298245,0.2,0.1082456140350877,0.03580160660592817,0.22388059701492538,False,0.16666666666666666,75,0.2,0.11425438596491226,0.03173672102500714,0.07960199004975124,False,0.02631578947368421
YFL,77,84,114,4,4,0.10526315789473684,0.2,0.10539473684210526,0.03359559292680407,0.5174129353233831,False,0.18421052631578946,225,0.8,0.11135964912280702,0.03366136265400559,0.024875621890547265,True,0.07894736842105263
YFL,77,85,114,4,4,0.14035087719298245,0.2,0.10557017543859647,0.03473749105548373,0.17412935323383086,False,0.17543859649122806,75,0.2,0.11719298245614035,0.0334174433103319,0.06965174129353234,False,0.03508771929824561
YFL,77,86,114,4,4,0.09649122807017543,0.8,0.10552631578947366,0.033020169914332896,0.6417910447761194,False,0.12280701754385964,75,0.2,0.11539473684210526,0.03400308851102448,0.46766169154228854,False,0.02631578947368421
YFL,77,87,114,4,4,0.09649122807017543,0.2,0.1050877192982456,0.03258461174390584,0.6467661691542289,False,0.13157894736842105,75,0.2,0.11478070175438596,0.03317050646256498,0.3283582089552239,False,0.03508771929824561
YFL,77,88,114,4,4,0.07017543859649122,0.2,0.10583333333333333,0.03433105377626992,0.900497512437811,False,0.11403508771929824,90,0.2,0.11017543859649123,0.03285264284871177,0.472636815920398,False,0.043859649122807015
YFL,77,89,114,4,4,0.08771929824561403,0.2,0.10618421052631578,0.03385836209794157,0.7313432835820896,False,0.12280701754385964,225,0.2,0.10842105263157893,0.03162201848838295,0.39303482587064675,False,0.03508771929824561
YFL,77,90,114,4,4,0.08771929824561403,0.5,0.10263157894736841,0.03298607613298321,0.7213930348258707,False,0.09649122807017543,75,0.2,0.11820175438596489,0.03321896400029433,0.7910447761194029,False,0.008771929824561403
YFL,77,91,114,4,4,0.07017543859649122,0.8,0.10285087719298244,0.03153505108808156,0.8805970149253731,False,0.14035087719298245,150,0.8,0.1125,0.03297948177524571,0.21393034825870647,False,0.07017543859649122
YFL,77,92,114,4,4,0.09649122807017543,0.2,0.10526315789473684,0.03417213252339004,0.6417910447761194,False,0.15789473684210525,300,0.8,0.1094736842105263,0.03347432331893547,0.11940298507462686,False,0.06140350877192982
YFL,77,93,114,4,4,0.14912280701754385,0.5,0.10333333333333332,0.03096866385254269,0.10945273631840796,False,0.19298245614035087,450,0.5,0.10798245614035086,0.03067044158290582,0.009950248756218905,True,0.043859649122807015
YFL,77,94,114,4,4,0.09649122807017543,0.5,0.10885964912280702,0.03345387152673916,0.6716417910447762,False,0.14035087719298245,225,0.5,0.11030701754385962,0.03260213986505794,0.19402985074626866,False,0.043859649122807015
YFL,78,79,114,4,4,0.07894736842105263,0.2,0.10166666666666666,0.03173370544397174,0.7910447761194029,False,0.18421052631578946,100,0.2,0.11276315789473684,0.03546475445676546,0.04477611940298507,True,0.10526315789473684
YFL,78,80,114,4,4,0.10526315789473684,0.8,0.10359649122807017,0.03251844785671745,0.5124378109452736,False,0.17543859649122806,100,0.2,0.11657894736842105,0.03227017353007456,0.05970149253731343,False,0.07017543859649122
YFL,78,81,114,4,4,0.09649122807017543,0.2,0.1057456140350877,0.03001811246371416,0.6368159203980099,False,0.17543859649122806,90,0.2,0.11543859649122806,0.03612416174182688,0.06965174129353234,False,0.07894736842105263
YFL,78,82,114,4,4,0.09649122807017543,0.5,0.1007017543859649,0.031239667513598458,0.6268656716417911,False,0.14912280701754385,75,0.8,0.11263157894736843,0.03424492536771985,0.1691542288557214,False,0.05263157894736842
YFL,78,83,114,4,4,0.09649122807017543,0.2,0.10460526315789473,0.03314905072631862,0.6318407960199005,False,0.16666666666666666,75,0.2,0.11482456140350877,0.030793743878346807,0.07960199004975124,False,0.07017543859649122
YFL,78,84,114,4,4,0.15789473684210525,0.5,0.10135964912280702,0.030522676435122183,0.029850746268656716,True,0.20175438596491227,225,0.5,0.11210526315789472,0.03364944281102638,0.014925373134328358,True,0.043859649122807015
YFL,78,85,114,4,4,0.11403508771929824,0.2,0.10315789473684209,0.034016078001607664,0.39303482587064675,False,0.14035087719298245,60,0.5,0.12219298245614034,0.033950881544497595,0.3681592039800995,False,0.02631578947368421
YFL,78,86,114,4,4,0.13157894736842105,0.2,0.10100877192982455,0.03245402563096654,0.21393034825870647,False,0.17543859649122806,75,0.8,0.11491228070175438,0.034476291340307434,0.05970149253731343,False,0.043859649122807015
YFL,78,87,114,4,4,0.12280701754385964,0.2,0.10412280701754385,0.03209861192158825,0.31840796019900497,False,0.16666666666666666,60,0.8,0.12,0.034237246474929386,0.09950248756218906,False,0.043859649122807015
YFL,78,88,114,4,4,0.12280701754385964,0.2,0.10008771929824561,0.03376450123299906,0.27860696517412936,False,0.14912280701754385,90,0.2,0.11758771929824562,0.03807987689169001,0.23880597014925373,False,0.02631578947368421
YFL,78,89,114,4,4,0.12280701754385964,0.2,0.10236842105263158,0.0293790066776912,0.2935323383084577,False,0.17543859649122806,150,0.5,0.11078947368421051,0.03178386694703098,0.04477611940298507,True,0.05263157894736842
YFL,78,90,114,4,4,0.11403508771929824,0.2,0.1019298245614035,0.03220984676520214,0.43781094527363185,False,0.15789473684210525,100,0.5,0.11307017543859649,0.03185046419629785,0.11940298507462686,False,0.043859649122807015
YFL,78,91,114,4,4,0.10526315789473684,0.2,0.1020175438596491,0.03163754395829355,0.48756218905472637,False,0.15789473684210525,150,0.5,0.11302631578947367,0.03434344072757637,0.10945273631840796,False,0.05263157894736842
YFL,78,92,114,4,4,0.10526315789473684,0.2,0.10390350877192983,0.03104270949226442,0.5373134328358209,False,0.15789473684210525,180,0.2,0.11456140350877192,0.030686196483757533,0.11442786069651742,False,0.05263157894736842
YFL,78,93,114,4,4,0.12280701754385964,0.8,0.10140350877192982,0.03135925224572527,0.30845771144278605,False,0.18421052631578946,225,0.5,0.11254385964912281,0.031488085214560944,0.029850746268656716,True,0.06140350877192982
YFL,78,94,114,4,4,0.12280701754385964,0.2,0.10864035087719298,0.03274698664583176,0.373134328358209,False,0.20175438596491227,60,0.8,0.11921052631578948,0.03597130869467019,0.024875621890547265,True,0.07894736842105263
YFL,79,80,114,4,4,0.07017543859649122,0.8,0.10311403508771928,0.03442575674329693,0.835820895522388,False,0.14035087719298245,150,0.8,0.1150438596491228,0.036525864273170575,0.26865671641791045,False,0.07017543859649122
YFL,79,81,114,4,4,0.06140350877192982,0.2,0.10706140350877191,0.03407351904815915,0.9502487562189055,False,0.14912280701754385,75,0.8,0.12013157894736842,0.034083730739236644,0.22885572139303484,False,0.08771929824561403
YFL,79,82,114,4,4,0.08771929824561403,0.2,0.10320175438596492,0.03226283360871997,0.7014925373134329,False,0.09649122807017543,60,0.8,0.11618421052631579,0.03629563163050921,0.7512437810945274,False,0.008771929824561403
YFL,79,83,114,4,4,0.16666666666666666,0.8,0.10596491228070175,0.03588704282084863,0.10945273631840796,False,0.16666666666666666,900,0.8,0.10596491228070175,0.03588704282084863,0.10945273631840796,False,0.0
YFL,79,84,114,4,4,0.13157894736842105,0.2,0.10210526315789473,0.03429682566591628,0.2537313432835821,False,0.14035087719298245,100,0.5,0.11741228070175438,0.03370131360553517,0.2736318407960199,False,0.008771929824561403
YFL,79,85,114,4,4,0.07894736842105263,0.2,0.10324561403508772,0.03081282411640342,0.8159203980099502,False,0.16666666666666666,60,0.5,0.12074561403508771,0.03542744706744315,0.11940298507462686,False,0.08771929824561403
YFL,79,86,114,4,4,0.08771929824561403,0.2,0.1031140350877193,0.031109899024237424,0.7313432835820896,False,0.12280701754385964,90,0.2,0.11706140350877192,0.03202972394008834,0.4626865671641791,False,0.03508771929824561
YFL,79,87,114,4,4,0.11403508771929824,0.2,0.10399122807017543,0.03514714948461829,0.417910447761194,False,0.19298245614035087,100,0.2,0.11456140350877193,0.03411142872831604,0.03980099502487562,True,0.07894736842105263
YFL,79,88,114,4,4,0.11403508771929824,0.5,0.1045175438596491,0.030624864360432057,0.4129353233830846,False,0.14912280701754385,90,0.8,0.11464912280701753,0.03759356305099452,0.21393034825870647,False,0.03508771929824561
YFL,79,89,114,4,4,0.07894736842105263,0.2,0.10381578947368421,0.0335299248309113,0.8109452736318408,False,0.10526315789473684,60,0.2,0.1175,0.03564419760592012,0.6517412935323383,False,0.02631578947368421
YFL,79,90,114,4,4,0.07017543859649122,0.2,0.10342105263157894,0.0325089339051664,0.8606965174129353,False,0.11403508771929824,100,0.2,0.11811403508771928,0.03717328988681566,0.572139303482587,False,0.043859649122807015
YFL,79,91,114,4,4,0.07017543859649122,0.2,0.10254385964912281,0.03150379942570055,0.8905472636815921,False,0.14912280701754385,100,0.2,0.11692982456140351,0.03386649796734889,0.1791044776119403,False,0.07894736842105263
YFL,79,92,114,4,4,0.10526315789473684,0.2,0.10425438596491228,0.028781559972493577,0.5223880597014925,False,0.13157894736842105,150,0.8,0.11337719298245613,0.031412196757521396,0.31840796019900497,False,0.02631578947368421
YFL,79,93,114,4,4,0.10526315789473684,0.2,0.1062280701754386,0.03305387758895894,0.5572139303482587,False,0.14912280701754385,150,0.2,0.11723684210526315,0.033279901449043706,0.208955223880597,False,0.043859649122807015
YFL,79,94,114,4,4,0.09649122807017543,0.8,0.1068859649122807,0.0332671184931705,0.6716417910447762,False,0.16666666666666666,75,0.2,0.11846491228070175,0.035536640448910646,0.12935323383084577,False,0.07017543859649122
YFL,80,81,114,4,4,0.12280701754385964,0.8,0.10785087719298246,0.030243970602333647,0.3582089552238806,False,0.18421052631578946,90,0.8,0.11526315789473683,0.03734102964579482,0.05472636815920398,False,0.06140350877192982
YFL,80,82,114,4,4,0.10526315789473684,0.8,0.10486842105263157,0.03258861646025199,0.5472636815920398,False,0.14035087719298245,60,0.5,0.11644736842105263,0.03764934600011946,0.27860696517412936,False,0.03508771929824561
YFL,80,83,114,4,4,0.15789473684210525,0.8,0.10416666666666666,0.03486592933188012,0.0845771144278607,False,0.17543859649122806,225,0.8,0.10837719298245613,0.03209364246911601,0.04975124378109453,True,0.017543859649122806
YFL,80,84,114,4,4,0.16666666666666666,0.5,0.10214912280701753,0.030117133814825277,0.03482587064676617,True,0.18421052631578946,225,0.5,0.11394736842105262,0.035536558842812226,0.04975124378109453,True,0.017543859649122806
YFL,80,85,114,4,4,0.10526315789473684,0.5,0.10938596491228068,0.03269064489401091,0.5870646766169154,False,0.18421052631578946,75,0.5,0.11767543859649124,0.0337998404264584,0.04975124378109453,True,0.07894736842105263
YFL,80,86,114,4,4,0.14912280701754385,0.2,0.10407894736842106,0.03239081827305779,0.11940298507462686,False,0.14912280701754385,900,0.2,0.10407894736842106,0.03239081827305779,0.11940298507462686,False,0.0
YFL,80,87,114,4,4,0.12280701754385964,0.8,0.10565789473684209,0.029538974997853868,0.3333333333333333,False,0.17543859649122806,100,0.8,0.11675438596491228,0.036059345385667914,0.08955223880597014,False,0.05263157894736842
YFL,80,88,114,4,4,0.12280701754385964,0.8,0.10438596491228071,0.0316581920284475,0.3383084577114428,False,0.14912280701754385,300,0.2,0.11135964912280702,0.03179466200808865,0.13432835820895522,False,0.02631578947368421
YFL,80,89,114,4,4,0.07017543859649122,0.2,0.1062719298245614,0.03393570228870645,0.8905472636815921,False,0.10526315789473684,60,0.8,0.12342105263157893,0.03974346280527959,0.6965174129353234,False,0.03508771929824561
YFL,80,90,114,4,4,0.09649122807017543,0.2,0.10552631578947368,0.028710706305393265,0.6716417910447762,False,0.12280701754385964,75,0.2,0.12219298245614034,0.03475009475973712,0.5671641791044776,False,0.02631578947368421
YFL,80,91,114,4,4,0.07894736842105263,0.2,0.10469298245614034,0.032986984585612306,0.8258706467661692,False,0.13157894736842105,60,0.8,0.12201754385964911,0.033256801390642174,0.43781094527363185,False,0.05263157894736842
YFL,80,92,114,4,4,0.07894736842105263,0.2,0.10741228070175439,0.03281563559377123,0.8606965174129353,False,0.13157894736842105,75,0.5,0.11741228070175438,0.032640544214015105,0.3482587064676617,False,0.05263157894736842
YFL,80,93,114,4,4,0.10526315789473684,0.5,0.10600877192982455,0.030358562200902092,0.5223880597014925,False,0.17543859649122806,225,0.8,0.10960526315789475,0.031277241390363406,0.029850746268656716,True,0.07017543859649122
YFL,80,94,114,4,4,0.11403508771929824,0.2,0.10850877192982455,0.03463641258814399,0.48756218905472637,False,0.14035087719298245,225,0.8,0.11206140350877192,0.034782654034441515,0.24378109452736318,False,0.02631578947368421
YFL,81,82,114,4,4,0.09649122807017543,0.5,0.10666666666666666,0.03320152859868274,0.6218905472636815,False,0.18421052631578946,90,0.8,0.11346491228070174,0.03620581999483098,0.03482587064676617,True,0.08771929824561403
YFL,81,83,114,4,4,0.14035087719298245,0.2,0.10565789473684209,0.03460276589667715,0.1890547263681592,False,0.17543859649122806,90,0.2,0.11644736842105262,0.03372723341795806,0.06467661691542288,False,0.03508771929824561
YFL,81,84,114,4,4,0.10526315789473684,0.5,0.10859649122807018,0.03289874788205359,0.5522388059701493,False,0.17543859649122806,90,0.2,0.11921052631578948,0.0342308084288316,0.0845771144278607,False,0.07017543859649122
YFL,81,85,114,4,4,0.13157894736842105,0.2,0.10706140350877191,0.03214661035650733,0.23880597014925373,False,0.14912280701754385,90,0.8,0.11710526315789473,0.033344583447459566,0.19402985074626866,False,0.017543859649122806
YFL,81,86,114,4,4,0.11403508771929824,0.2,0.10745614035087718,0.03129889929655081,0.43781094527363185,False,0.21052631578947367,90,0.5,0.11429824561403507,0.0375359202811398,0.024875621890547265,True,0.09649122807017543
YFL,81,87,114,4,4,0.12280701754385964,0.2,0.10942982456140349,0.034598742858497546,0.39303482587064675,False,0.21929824561403508,90,0.5,0.12017543859649123,0.03899198681977329,0.01990049751243781,True,0.09649122807017543
YFL,81,88,114,4,4,0.13157894736842105,0.5,0.10526315789473684,0.033347482346265084,0.22885572139303484,False,0.18421052631578946,90,0.5,0.11416666666666668,0.03503784584753157,0.029850746268656716,True,0.05263157894736842
YFL,81,89,114,4,4,0.08771929824561403,0.8,0.1094736842105263,0.03409237991739326,0.7711442786069652,False,0.18421052631578946,90,0.8,0.11548245614035087,0.03621329500939856,0.04477611940298507,True,0.09649122807017543
YFL,81,90,114,4,4,0.08771929824561403,0.2,0.10649122807017543,0.03117871103972706,0.7611940298507462,False,0.17543859649122806,90,0.8,0.11666666666666665,0.03418344592629009,0.05970149253731343,False,0.08771929824561403
YFL,81,91,114,4,4,0.09649122807017543,0.2,0.10929824561403506,0.03460882750836056,0.6716417910447762,False,0.15789473684210525,90,0.8,0.12004385964912281,0.03289895356322775,0.13432835820895522,False,0.06140350877192982
YFL,81,92,114,4,4,0.08771929824561403,0.2,0.10592105263157894,0.03394436070718245,0.7412935323383084,False,0.17543859649122806,90,0.2,0.11960526315789473,0.03228918964146948,0.05970149253731343,False,0.08771929824561403
YFL,81,93,114,4,4,0.14035087719298245,0.2,0.10859649122807018,0.03155493910414898,0.19900497512437812,False,0.14912280701754385,150,0.2,0.11600877192982456,0.03154118124337844,0.21393034825870647,False,0.008771929824561403
YFL,81,94,114,4,4,0.08771929824561403,0.2,0.10719298245614034,0.034365754117420384,0.746268656716418,False,0.17543859649122806,90,0.8,0.1137280701754386,0.03414244531749341,0.06467661691542288,False,0.08771929824561403
YFL,82,83,114,4,4,0.18421052631578946,0.5,0.10337719298245612,0.03175426054352964,0.01990049751243781,True,0.18421052631578946,900,0.5,0.10337719298245612,0.03175426054352964,0.01990049751243781,True,0.0
YFL,82,84,114,4,4,0.11403508771929824,0.8,0.1031140350877193,0.03070959333685948,0.3880597014925373,False,0.18421052631578946,100,0.2,0.11890350877192982,0.035413473960361014,0.04477611940298507,True,0.07017543859649122
YFL,82,85,114,4,4,0.10526315789473684,0.5,0.10416666666666664,0.03015613843293723,0.527363184079602,False,0.14912280701754385,60,0.2,0.11776315789473682,0.03741755249543574,0.24378109452736318,False,0.043859649122807015
YFL,82,86,114,4,4,0.08771929824561403,0.8,0.10592105263157894,0.0328679105400514,0.736318407960199,False,0.16666666666666666,75,0.2,0.1144298245614035,0.03325805123820489,0.1044776119402985,False,0.07894736842105263
YFL,82,87,114,4,4,0.11403508771929824,0.2,0.10390350877192983,0.032132173228304105,0.4427860696517413,False,0.18421052631578946,90,0.2,0.11320175438596491,0.03200557056637692,0.01990049751243781,True,0.07017543859649122
YFL,82,88,114,4,4,0.14035087719298245,0.2,0.10254385964912281,0.03263713824778037,0.13432835820895522,False,0.14035087719298245,900,0.2,0.10254385964912281,0.03263713824778037,0.13432835820895522,False,0.0
YFL,82,89,114,4,4,0.07894736842105263,0.8,0.10043859649122806,0.033041709339839485,0.7910447761194029,False,0.09649122807017543,75,0.8,0.11714912280701753,0.03354283818447636,0.7810945273631841,False,0.017543859649122806
YFL,82,90,114,4,4,0.09649122807017543,0.2,0.1037280701754386,0.03005981834094256,0.6467661691542289,False,0.12280701754385964,75,0.8,0.11798245614035087,0.034930331135133316,0.47761194029850745,False,0.02631578947368421
YFL,82,91,114,4,4,0.07017543859649122,0.8,0.1012280701754386,0.030989632819168573,0.8805970149253731,False,0.14912280701754385,100,0.8,0.11749999999999998,0.03526247475700641,0.24378109452736318,False,0.07894736842105263
YFL,82,92,114,4,4,0.07894736842105263,0.8,0.10473684210526316,0.03148231318384502,0.8756218905472637,False,0.11403508771929824,450,0.5,0.10723684210526314,0.03274415267149864,0.4577114427860697,False,0.03508771929824561
YFL,82,93,114,4,4,0.12280701754385964,0.2,0.10355263157894737,0.02858636589778339,0.2736318407960199,False,0.18421052631578946,100,0.2,0.11552631578947369,0.03379792418737637,0.029850746268656716,True,0.06140350877192982
YFL,82,94,114,4,4,0.07894736842105263,0.8,0.10807017543859648,0.033030121938027464,0.8507462686567164,False,0.14912280701754385,225,0.8,0.10741228070175439,0.03459382517647722,0.14427860696517414,False,0.07017543859649122
YFL,83,84,114,4,4,0.17543859649122806,0.5,0.10526315789473684,0.030488484838707537,0.01990049751243781,True,0.19298245614035087,225,0.5,0.11311403508771928,0.03394960025613066,0.01990049751243781,True,0.017543859649122806
YFL,83,85,114,4,4,0.14912280701754385,0.2,0.10894736842105263,0.03616609643867557,0.19402985074626866,False,0.17543859649122806,75,0.8,0.11846491228070175,0.03125250646895584,0.04477611940298507,True,0.02631578947368421
YFL,83,86,114,4,4,0.15789473684210525,0.8,0.10451754385964912,0.030422178914459426,0.07960199004975124,False,0.19298245614035087,300,0.5,0.10614035087719298,0.0327507944126797,0.014925373134328358,True,0.03508771929824561
YFL,83,87,114,4,4,0.11403508771929824,0.8,0.1037719298245614,0.03522091882259789,0.39800995024875624,False,0.14035087719298245,60,0.2,0.12004385964912281,0.03417866647042163,0.3034825870646766,False,0.02631578947368421
YFL,83,88,114,4,4,0.18421052631578946,0.5,0.10425438596491228,0.03549505145443778,0.04477611940298507,True,0.18421052631578946,900,0.5,0.10425438596491228,0.03549505145443778,0.04477611940298507,True,0.0
YFL,83,89,114,4,4,0.11403508771929824,0.2,0.10807017543859647,0.033275050314459084,0.4925373134328358,False,0.16666666666666666,225,0.8,0.10741228070175439,0.03216104100386779,0.04975124378109453,True,0.05263157894736842
YFL,83,90,114,4,4,0.09649122807017543,0.5,0.10456140350877191,0.03206305586503409,0.6368159203980099,False,0.14912280701754385,75,0.5,0.11293859649122806,0.03410346467167022,0.15422885572139303,False,0.05263157894736842
YFL,83,91,114,4,4,0.14035087719298245,0.5,0.10364035087719298,0.03245521703941263,0.17412935323383086,False,0.17543859649122806,75,0.2,0.11228070175438595,0.03290391890420792,0.03980099502487562,True,0.03508771929824561
YFL,83,92,114,4,4,0.11403508771929824,0.2,0.10587719298245613,0.03570502991406664,0.3880597014925373,False,0.14912280701754385,150,0.8,0.11359649122807017,0.03643654054566741,0.1890547263681592,False,0.03508771929824561
YFL,83,93,114,4,4,0.15789473684210525,0.2,0.1031140350877193,0.03367629240554534,0.08955223880597014,False,0.16666666666666666,300,0.5,0.10859649122807018,0.03266283711219178,0.05970149253731343,False,0.008771929824561403
YFL,83,94,114,4,4,0.12280701754385964,0.8,0.10736842105263157,0.03326900719357373,0.3582089552238806,False,0.18421052631578946,300,0.5,0.10999999999999999,0.03458647529171655,0.03482587064676617,True,0.06140350877192982
YFL,84,85,114,4,4,0.10526315789473684,0.2,0.1037280701754386,0.03120842980417345,0.5323383084577115,False,0.20175438596491227,90,0.2,0.11785087719298244,0.03764564853903971,0.024875621890547265,True,0.09649122807017543
YFL,84,86,114,4,4,0.12280701754385964,0.5,0.10109649122807017,0.03326549121914061,0.2885572139303483,False,0.18421052631578946,225,0.2,0.11464912280701753,0.037200662403905266,0.06467661691542288,False,0.06140350877192982
YFL,84,87,114,4,4,0.10526315789473684,0.2,0.09907894736842104,0.028722656399723476,0.4626865671641791,False,0.21929824561403508,150,0.8,0.11421052631578947,0.033044166751188084,0.004975124378109453,True,0.11403508771929824
YFL,84,88,114,4,4,0.12280701754385964,0.2,0.10469298245614037,0.031129530759929667,0.3333333333333333,False,0.15789473684210525,100,0.2,0.11504385964912281,0.037093109975753324,0.15920398009950248,False,0.03508771929824561
YFL,84,89,114,4,4,0.14035087719298245,0.2,0.10210526315789473,0.029718320766153997,0.12437810945273632,False,0.21052631578947367,225,0.5,0.11456140350877192,0.0363610104477014,0.009950248756218905,True,0.07017543859649122
YFL,84,90,114,4,4,0.11403508771929824,0.2,0.10048245614035087,0.03367973679296842,0.3880597014925373,False,0.21929824561403508,225,0.8,0.11451754385964912,0.034264763946308854,0.009950248756218905,True,0.10526315789473684
YFL,84,91,114,4,4,0.09649122807017543,0.2,0.10285087719298247,0.031925008089441084,0.6019900497512438,False,0.18421052631578946,100,0.5,0.12083333333333332,0.03480488026237967,0.05472636815920398,False,0.08771929824561403
YFL,84,92,114,4,4,0.14912280701754385,0.8,0.10460526315789473,0.0316696404040535,0.0945273631840796,False,0.17543859649122806,75,0.5,0.12144736842105262,0.034945244326572485,0.0945273631840796,False,0.02631578947368421
YFL,84,93,114,4,4,0.16666666666666666,0.2,0.10320175438596492,0.028725079474432796,0.03482587064676617,True,0.22807017543859648,225,0.8,0.11302631578947367,0.034298375824675445,0.009950248756218905,True,0.06140350877192982
YFL,84,94,114,4,4,0.07894736842105263,0.5,0.10504385964912281,0.03230427477585759,0.8557213930348259,False,0.18421052631578946,225,0.2,0.11096491228070175,0.03420323537685678,0.03482587064676617,True,0.10526315789473684
YFL,85,86,114,4,4,0.12280701754385964,0.2,0.1038157894736842,0.031813871192354994,0.32338308457711445,False,0.16666666666666666,60,0.2,0.12030701754385963,0.03472635815386268,0.14427860696517414,False,0.043859649122807015
YFL,85,87,114,4,4,0.14035087719298245,0.8,0.1063157894736842,0.032413282925812255,0.16417910447761194,False,0.19298245614035087,90,0.2,0.11464912280701753,0.035258225408920124,0.01990049751243781,True,0.05263157894736842
YFL,85,88,114,4,4,0.12280701754385964,0.5,0.10578947368421052,0.030062423037171486,0.31343283582089554,False,0.16666666666666666,75,0.2,0.11671052631578947,0.034366176046972056,0.10945273631840796,False,0.043859649122807015
YFL,85,89,114,4,4,0.09649122807017543,0.2,0.10464912280701753,0.030910550573942545,0.6716417910447762,False,0.16666666666666666,60,0.2,0.12035087719298247,0.034354500751131986,0.11940298507462686,False,0.07017543859649122
YFL,85,90,114,4,4,0.08771929824561403,0.2,0.1031140350877193,0.03290976470622247,0.7064676616915423,False,0.15789473684210525,75,0.2,0.11609649122807017,0.0345768314389488,0.15422885572139303,False,0.07017543859649122
YFL,85,91,114,4,4,0.13157894736842105,0.2,0.10442982456140351,0.0324971267877255,0.23383084577114427,False,0.21052631578947367,75,0.2,0.11412280701754385,0.03456578662254779,0.009950248756218905,True,0.07894736842105263
YFL,85,92,114,4,4,0.10526315789473684,0.5,0.10653508771929823,0.03008501975604176,0.5870646766169154,False,0.14035087719298245,180,0.8,0.11324561403508772,0.03669498296458324,0.263681592039801,False,0.03508771929824561
YFL,85,93,114,4,4,0.09649122807017543,0.2,0.10837719298245613,0.030270807052566403,0.7064676616915423,False,0.20175438596491227,75,0.5,0.11754385964912281,0.030526508322415494,0.004975124378109453,True,0.10526315789473684
YFL,85,94,114,4,4,0.08771929824561403,0.2,0.10714912280701755,0.032357375861459245,0.7562189054726368,False,0.19298245614035087,60,0.8,0.12135964912280701,0.03441766881595902,0.029850746268656716,True,0.10526315789473684
YFL,86,87,114,4,4,0.07894736842105263,0.2,0.10048245614035087,0.02742804360333814,0.8208955223880597,False,0.16666666666666666,90,0.2,0.1175,0.035141648364787476,0.11442786069651742,False,0.08771929824561403
YFL,86,88,114,4,4,0.08771929824561403,0.8,0.10307017543859649,0.0326295549941624,0.7114427860696517,False,0.13157894736842105,225,0.2,0.10789473684210525,0.035362146435689794,0.26865671641791045,False,0.043859649122807015
YFL,86,89,114,4,4,0.07894736842105263,0.2,0.10513157894736842,0.03057052469352057,0.8208955223880597,False,0.13157894736842105,450,0.2,0.10736842105263157,0.033604367743354756,0.24378109452736318,False,0.05263157894736842
YFL,86,90,114,4,4,0.08771929824561403,0.5,0.10399122807017544,0.03180925232142304,0.7064676616915423,False,0.12280701754385964,150,0.5,0.11513157894736842,0.03482154062326633,0.4626865671641791,False,0.03508771929824561
YFL,86,91,114,4,4,0.06140350877192982,0.5,0.10087719298245613,0.032287063986717254,0.9154228855721394,False,0.16666666666666666,180,0.2,0.11118421052631579,0.03542701049126934,0.07960199004975124,False,0.10526315789473684
YFL,86,92,114,4,4,0.08771929824561403,0.2,0.10223684210526315,0.03165327558870916,0.7014925373134329,False,0.14912280701754385,100,0.2,0.11543859649122806,0.034960095855226594,0.20398009950248755,False,0.06140350877192982
YFL,86,93,114,4,4,0.12280701754385964,0.5,0.10403508771929826,0.031597553463530964,0.32338308457711445,False,0.21052631578947367,225,0.8,0.1082017543859649,0.0313424477915215,0.004975124378109453,True,0.08771929824561403
YFL,86,94,114,4,4,0.13157894736842105,0.8,0.10508771929824562,0.031412473719093274,0.24378109452736318,False,0.18421052631578946,90,0.2,0.11627192982456139,0.03385379373534876,0.03980099502487562,True,0.05263157894736842
YFL,87,88,114,4,4,0.14035087719298245,0.2,0.10508771929824562,0.029284751899950088,0.14925373134328357,False,0.16666666666666666,90,0.5,0.11368421052631578,0.035283768614916694,0.09950248756218906,False,0.02631578947368421
YFL,87,89,114,4,4,0.10526315789473684,0.2,0.10166666666666664,0.034913058185425325,0.4577114427860697,False,0.14035087719298245,60,0.8,0.1162280701754386,0.034089998067614945,0.2835820895522388,False,0.03508771929824561
YFL,87,90,114,4,4,0.08771929824561403,0.2,0.10114035087719297,0.03228598613647138,0.7213930348258707,False,0.12280701754385964,100,0.2,0.11539473684210526,0.03220429414799444,0.42786069651741293,False,0.03508771929824561
YFL,87,91,114,4,4,0.06140350877192982,0.2,0.10175438596491228,0.0287388400084526,0.9552238805970149,False,0.16666666666666666,75,0.2,0.11671052631578949,0.03400422564488878,0.07960199004975124,False,0.10526315789473684
YFL,87,92,114,4,4,0.10526315789473684,0.2,0.10521929824561402,0.03094789932620903,0.5373134328358209,False,0.14035087719298245,60,0.8,0.12087719298245612,0.03587411101875644,0.32338308457711445,False,0.03508771929824561
YFL,87,93,114,4,4,0.11403508771929824,0.2,0.10706140350877191,0.030857810461356494,0.44776119402985076,False,0.16666666666666666,225,0.2,0.11114035087719298,0.033533759001756494,0.06467661691542288,False,0.05263157894736842
YFL,87,94,114,4,4,0.09649122807017543,0.8,0.10587719298245613,0.031822772782158136,0.681592039800995,False,0.18421052631578946,90,0.2,0.11548245614035085,0.03493063554962247,0.04975124378109453,True,0.08771929824561403
YFL,88,89,114,4,4,0.10526315789473684,0.5,0.10662280701754384,0.032787344164242144,0.5422885572139303,False,0.14035087719298245,300,0.8,0.10899122807017543,0.03108428459603575,0.1791044776119403,False,0.03508771929824561
YFL,88,90,114,4,4,0.12280701754385964,0.2,0.10675438596491228,0.03156167796040409,0.3482587064676617,False,0.12280701754385964,900,0.2,0.10675438596491228,0.03156167796040409,0.3482587064676617,False,0.0
YFL,88,91,114,4,4,0.10526315789473684,0.8,0.10114035087719297,0.03230992988546025,0.5074626865671642,False,0.13157894736842105,180,0.2,0.11197368421052632,0.035197499734038865,0.3582089552238806,False,0.02631578947368421
YFL,88,92,114,4,4,0.12280701754385964,0.8,0.1037280701754386,0.03274415267149864,0.3482587064676617,False,0.13157894736842105,300,0.8,0.1081140350877193,0.0335893772439415,0.2736318407960199,False,0.008771929824561403
YFL,88,93,114,4,4,0.09649122807017543,0.5,0.10157894736842105,0.028595325652090414,0.5970149253731343,False,0.16666666666666666,150,0.8,0.11364035087719299,0.03343199044560579,0.06965174129353234,False,0.07017543859649122
YFL,88,94,114,4,4,0.07017543859649122,0.2,0.10741228070175439,0.03588852429228388,0.8955223880597015,False,0.17543859649122806,450,0.8,0.10649122807017543,0.034611061936082634,0.04477611940298507,True,0.10526315789473684
YFL,89,90,114,4,4,0.11403508771929824,0.2,0.10421052631578948,0.03365403891321697,0.43283582089552236,False,0.11403508771929824,900,0.2,0.10421052631578948,0.03365403891321697,0.43283582089552236,False,0.0
YFL,89,91,114,4,4,0.08771929824561403,0.2,0.10271929824561404,0.030508643187419082,0.746268656716418,False,0.13157894736842105,100,0.2,0.11640350877192981,0.03399868175806631,0.3283582089552239,False,0.043859649122807015
YFL,89,92,114,4,4,0.08771929824561403,0.2,0.10460526315789473,0.03203382820248131,0.7412935323383084,False,0.12280701754385964,90,0.8,0.1132017543859649,0.03323828070198528,0.44776119402985076,False,0.03508771929824561
YFL,89,93,114,4,4,0.13157894736842105,0.8,0.10421052631578948,0.0307355514787304,0.23383084577114427,False,0.19298245614035087,150,0.2,0.11153508771929824,0.03351377614186899,0.024875621890547265,True,0.06140350877192982
YFL,89,94,114,4,4,0.12280701754385964,0.8,0.10842105263157893,0.03302169218282652,0.35323383084577115,False,0.15789473684210525,60,0.8,0.11596491228070174,0.03399242603105233,0.14427860696517414,False,0.03508771929824561
YFL,90,91,114,4,4,0.06140350877192982,0.8,0.1037719298245614,0.03428633911564122,0.9303482587064676,False,0.14912280701754385,100,0.5,0.11741228070175438,0.034774204342990445,0.22388059701492538,False,0.08771929824561403
YFL,90,92,114,4,4,0.08771929824561403,0.5,0.10293859649122805,0.028799019582436348,0.7263681592039801,False,0.13157894736842105,90,0.8,0.11390350877192983,0.03364159926194649,0.31343283582089554,False,0.043859649122807015
YFL,90,93,114,4,4,0.11403508771929824,0.8,0.10640350877192983,0.02913052265953758,0.4228855721393035,False,0.18421052631578946,60,0.2,0.1194298245614035,0.030623601742363928,0.03980099502487562,True,0.07017543859649122
YFL,90,94,114,4,4,0.09649122807017543,0.2,0.10609649122807017,0.03491757101439299,0.6169154228855721,False,0.14035087719298245,60,0.5,0.11807017543859648,0.03387483163851974,0.30845771144278605,False,0.043859649122807015
YFL,91,92,114,4,4,0.07894736842105263,0.5,0.10640350877192983,0.032457986895011774,0.8507462686567164,False,0.14035087719298245,150,0.2,0.11307017543859649,0.03455236032163567,0.25870646766169153,False,0.06140350877192982
YFL,91,93,114,4,4,0.14912280701754385,0.2,0.10587719298245613,0.03373379622661259,0.13432835820895522,False,0.17543859649122806,100,0.2,0.11982456140350876,0.03125798075652666,0.05472636815920398,False,0.02631578947368421
YFL,91,94,114,4,4,0.08771929824561403,0.8,0.10771929824561405,0.03368389829118562,0.7810945273631841,False,0.15789473684210525,450,0.8,0.10736842105263157,0.03733274471089091,0.11940298507462686,False,0.07017543859649122
YFL,92,93,114,4,4,0.13157894736842105,0.2,0.10574561403508773,0.03215743394912948,0.23383084577114427,False,0.16666666666666666,100,0.8,0.11644736842105263,0.0334162572806082,0.0845771144278607,False,0.03508771929824561
YFL,92,94,114,4,4,0.08771929824561403,0.2,0.10390350877192983,0.03550507210549918,0.6915422885572139,False,0.14912280701754385,60,0.8,0.11780701754385965,0.033618977763518416,0.24378109452736318,False,0.06140350877192982
YFL,93,94,114,4,4,0.13157894736842105,0.8,0.10868421052631579,0.03181402311750666,0.29850746268656714,False,0.18421052631578946,150,0.5,0.11429824561403507,0.03143646778570531,0.01990049751243781,True,0.05263157894736842
