subject,neuron_1,neuron_2,n_presentations,min_class_count,n_splits,FR_accuracy,FR_best_gamma,FR_null_mean,FR_null_sd,FR_p,FR_coding,TC_accuracy,TC_best_bin_ms,TC_best_gamma,TC_null_mean,TC_null_sd,TC_p,TC_coding,TC_minus_FR,status,error,elapsed_seconds,FR_accuracy_1,TC_accuracy_1,FR_coding_1,TC_coding_1,FR_accuracy_2,TC_accuracy_2,FR_coding_2,TC_coding_2,best_single_FR,best_single_TC,FR_pair_gain,TC_pair_gain,both_FR_noncoding,both_TC_noncoding,FR_emergent_pair,TC_emergent_pair
YFF,9,10,109,7,7,0.128440366972477,0.2,0.1099082568807339,0.0334024078197913,0.3582089552238806,False,0.2110091743119266,100,0.2,0.1162385321100917,0.0337193634743464,0.0049751243781094,True,0.0825688073394495,success,,29.111127853393555,0.1009174311926605,0.1651376146788991,False,False,0.091743119266055,0.1559633027522936,False,False,0.1009174311926605,0.1651376146788991,0.027522935779816488,0.0458715596330275,True,True,False,True
YFF,9,11,109,7,7,0.073394495412844,0.5,0.1072018348623853,0.0323685730992659,0.8805970149253731,False,0.1834862385321101,60,0.8,0.1137614678899082,0.0332506205964586,0.0248756218905472,True,0.110091743119266,success,,32.0776481628418,0.1009174311926605,0.1651376146788991,False,False,0.110091743119266,0.2018348623853211,False,True,0.110091743119266,0.2018348623853211,-0.036697247706422007,-0.01834862385321101,True,False,False,False
YFF,9,12,109,7,7,0.110091743119266,0.5,0.1108715596330275,0.0371870123109588,0.5671641791044776,False,0.1192660550458715,60,0.2,0.1205045871559633,0.0376942332858093,0.5124378109452736,False,0.0091743119266055,success,,31.56817317008972,0.1009174311926605,0.1651376146788991,False,False,0.1009174311926605,0.1743119266055046,False,True,0.1009174311926605,0.1743119266055046,0.009174311926605505,-0.0550458715596331,True,False,False,False
YFF,9,13,109,7,7,0.073394495412844,0.8,0.1089449541284403,0.0318729429039798,0.900497512437811,False,0.1559633027522936,60,0.2,0.1173853211009174,0.0357550132778083,0.1592039800995024,False,0.0825688073394495,success,,17.23817777633667,0.1009174311926605,0.1651376146788991,False,False,0.146788990825688,0.1559633027522936,False,False,0.146788990825688,0.1651376146788991,-0.073394495412844,-0.009174311926605505,True,True,False,False
YFF,9,14,109,7,7,0.1192660550458715,0.5,0.1058715596330275,0.0349358286304361,0.3880597014925373,False,0.1651376146788991,60,0.8,0.1154587155963302,0.0360023354334941,0.1194029850746268,False,0.0458715596330275,success,,15.636910915374756,0.1009174311926605,0.1651376146788991,False,False,0.1192660550458715,0.1926605504587156,False,True,0.1192660550458715,0.1926605504587156,0.0,-0.027522935779816515,True,False,False,False
YFF,9,15,109,7,7,0.1009174311926605,0.2,0.1048623853211009,0.0335483398003221,0.5621890547263682,False,0.1559633027522936,60,0.8,0.1177981651376146,0.0347367126484828,0.1592039800995024,False,0.055045871559633,success,,16.058693408966064,0.1009174311926605,0.1651376146788991,False,False,0.055045871559633,0.1651376146788991,False,False,0.1009174311926605,0.1651376146788991,0.0,-0.009174311926605505,True,True,False,False
YFF,9,16,109,7,7,0.1009174311926605,0.8,0.1079816513761467,0.0344711124174715,0.6119402985074627,False,0.1376146788990825,60,0.5,0.1128899082568807,0.0341814005449728,0.2587064676616915,False,0.036697247706422,success,,15.59701132774353,0.1009174311926605,0.1651376146788991,False,False,0.091743119266055,0.146788990825688,False,False,0.1009174311926605,0.1651376146788991,0.0,-0.0275229357798166,True,True,False,False
YFF,9,17,109,7,7,0.1192660550458715,0.5,0.1102752293577981,0.0338551855944496,0.4527363184079602,False,0.1376146788990825,100,0.8,0.1094495412844036,0.0343210940224537,0.2537313432835821,False,0.018348623853211,success,,16.337456226348877,0.1009174311926605,0.1651376146788991,False,False,0.1559633027522936,0.1651376146788991,False,False,0.1559633027522936,0.1651376146788991,-0.03669724770642209,-0.0275229357798166,True,True,False,False
YFF,9,27,109,7,7,0.073394495412844,0.5,0.1098165137614679,0.0329556022361693,0.900497512437811,False,0.1559633027522936,75,0.2,0.115091743119266,0.0355711874501146,0.1641791044776119,False,0.0825688073394495,success,,17.16239356994629,0.1009174311926605,0.1651376146788991,False,False,0.073394495412844,0.146788990825688,False,False,0.1009174311926605,0.1651376146788991,-0.0275229357798165,-0.009174311926605505,True,True,False,False
YFF,9,28,109,7,7,0.1192660550458715,0.5,0.1064678899082568,0.0315254976949368,0.3880597014925373,False,0.1651376146788991,180,0.2,0.108440366972477,0.0342995211803518,0.0646766169154228,False,0.0458715596330275,success,,11.51127552986145,0.1009174311926605,0.1651376146788991,False,False,0.0642201834862385,0.1009174311926605,False,False,0.1009174311926605,0.1651376146788991,0.018348623853210996,0.0,True,True,False,False
YFF,9,29,109,7,7,0.128440366972477,0.5,0.1120183486238532,0.0316953263394186,0.3283582089552239,False,0.1651376146788991,180,0.8,0.1140366972477064,0.0336490472329552,0.0696517412935323,False,0.036697247706422,success,,11.392998456954956,0.1009174311926605,0.1651376146788991,False,False,0.091743119266055,0.1834862385321101,False,True,0.1009174311926605,0.1834862385321101,0.027522935779816488,-0.01834862385321101,True,False,False,False
YFF,9,30,109,7,7,0.1192660550458715,0.8,0.1072018348623853,0.0326158980523453,0.4228855721393035,False,0.1559633027522936,180,0.5,0.1110091743119266,0.034388683287937,0.1393034825870646,False,0.036697247706422,success,,11.90223789215088,0.1009174311926605,0.1651376146788991,False,False,0.0642201834862385,0.110091743119266,False,False,0.1009174311926605,0.1651376146788991,0.018348623853210996,-0.009174311926605505,True,True,False,False
YFF,9,31,109,7,7,0.091743119266055,0.8,0.1075688073394495,0.0326464875948037,0.7213930348258707,False,0.1743119266055046,100,0.2,0.1138073394495412,0.0348419670436993,0.0597014925373134,False,0.0825688073394495,success,,13.794841051101685,0.1009174311926605,0.1651376146788991,False,False,0.091743119266055,0.1926605504587156,False,True,0.1009174311926605,0.1926605504587156,-0.009174311926605505,-0.01834862385321101,True,False,False,False
YFF,9,32,109,7,7,0.1192660550458715,0.2,0.1051376146788991,0.0329675357681115,0.3880597014925373,False,0.1651376146788991,180,0.2,0.1113302752293578,0.034323158140623,0.0696517412935323,False,0.0458715596330275,success,,13.390292167663574,0.1009174311926605,0.1651376146788991,False,False,0.0825688073394495,0.1009174311926605,False,False,0.1009174311926605,0.1651376146788991,0.018348623853210996,0.0,True,True,False,False
YFF,9,33,109,7,7,0.1834862385321101,0.2,0.1058256880733945,0.0343625682287766,0.0199004975124378,True,0.1834862385321101,900,0.2,0.1058256880733945,0.0343625682287766,0.0199004975124378,True,0.0,success,,11.57582426071167,0.1009174311926605,0.1651376146788991,False,False,0.128440366972477,0.1743119266055046,False,False,0.128440366972477,0.1743119266055046,0.055045871559633114,0.009174311926605505,True,True,True,True
YFF,9,34,109,7,7,0.110091743119266,0.5,0.1089449541284403,0.0315126154381722,0.5472636815920398,False,0.1926605504587156,180,0.5,0.1123853211009174,0.0351519894454637,0.0199004975124378,True,0.0825688073394495,success,,11.980101823806764,0.1009174311926605,0.1651376146788991,False,False,0.1009174311926605,0.1834862385321101,False,False,0.1009174311926605,0.1834862385321101,0.009174311926605505,0.009174311926605505,True,True,False,True
YFF,9,35,109,7,7,0.1009174311926605,0.2,0.1097706422018348,0.0317724631281652,0.6567164179104478,False,0.1651376146788991,75,0.8,0.1164678899082568,0.0347215806526519,0.099502487562189,False,0.0642201834862385,success,,13.952470779418944,0.1009174311926605,0.1651376146788991,False,False,0.0825688073394495,0.1834862385321101,False,True,0.1009174311926605,0.1834862385321101,0.0,-0.01834862385321101,True,False,False,False
YFF,9,36,109,7,7,0.110091743119266,0.2,0.1127064220183486,0.0333570139135554,0.6069651741293532,False,0.2018348623853211,150,0.2,0.1135779816513761,0.0312243735011932,0.0049751243781094,True,0.091743119266055,success,,11.70177412033081,0.1009174311926605,0.1651376146788991,False,False,0.1192660550458715,0.1651376146788991,False,False,0.1192660550458715,0.1651376146788991,-0.009174311926605491,0.03669724770642202,True,True,False,True
YFF,9,37,109,7,7,0.1009174311926605,0.2,0.1072935779816513,0.0322457732577188,0.6318407960199005,False,0.146788990825688,180,0.2,0.1094036697247706,0.0347914311833213,0.1592039800995024,False,0.0458715596330275,success,,11.687736511230469,0.1009174311926605,0.1651376146788991,False,False,0.055045871559633,0.0642201834862385,False,False,0.1009174311926605,0.1651376146788991,0.0,-0.018348623853211093,True,True,False,False
YFF,9,38,109,7,7,0.1009174311926605,0.5,0.1092660550458715,0.031448831078569,0.6766169154228856,False,0.1651376146788991,300,0.5,0.1128899082568807,0.0363055661292839,0.0845771144278607,False,0.0642201834862385,success,,11.425222873687744,0.1009174311926605,0.1651376146788991,False,False,0.055045871559633,0.146788990825688,False,False,0.1009174311926605,0.1651376146788991,0.0,0.0,True,True,False,False
YFF,9,39,109,7,7,0.1559633027522936,0.5,0.1095871559633027,0.037146272066773,0.1492537313432835,False,0.1926605504587156,300,0.8,0.1090366972477064,0.0310970216302759,0.0149253731343283,True,0.036697247706422,success,,11.107549905776978,0.1009174311926605,0.1651376146788991,False,False,0.128440366972477,0.2018348623853211,False,True,0.128440366972477,0.2018348623853211,0.0275229357798166,-0.009174311926605505,True,False,False,False
YFF,9,40,109,7,7,0.1192660550458715,0.2,0.11,0.0334786750438502,0.4427860696517413,False,0.1651376146788991,450,0.5,0.1069266055045871,0.0340002627036569,0.0497512437810945,True,0.0458715596330275,success,,11.391760349273682,0.1009174311926605,0.1651376146788991,False,False,0.1743119266055046,0.2018348623853211,True,True,0.1743119266055046,0.2018348623853211,-0.0550458715596331,-0.03669724770642202,False,False,False,False
YFF,9,41,109,7,7,0.0275229357798165,0.2,0.1078440366972477,0.0337242236836108,0.9900497512437813,False,0.2201834862385321,60,0.2,0.1185321100917431,0.0382586987927621,0.0199004975124378,True,0.1926605504587156,success,,16.151903867721558,0.1009174311926605,0.1651376146788991,False,False,0.036697247706422,0.1743119266055046,False,False,0.1009174311926605,0.1743119266055046,-0.073394495412844,0.0458715596330275,True,True,False,True
YFF,9,42,109,7,7,0.128440366972477,0.8,0.1066513761467889,0.0338736390572583,0.3034825870646766,False,0.1926605504587156,180,0.2,0.1126146788990825,0.0342646986492223,0.0248756218905472,True,0.0642201834862385,success,,13.06851863861084,0.1009174311926605,0.1651376146788991,False,False,0.0458715596330275,0.1009174311926605,False,False,0.1009174311926605,0.1651376146788991,0.027522935779816488,0.027522935779816515,True,True,False,True
YFF,9,43,109,7,7,0.1009174311926605,0.5,0.1076146788990825,0.0331705140001919,0.5920398009950248,False,0.1192660550458715,60,0.8,0.1179816513761467,0.0378997128874494,0.5074626865671642,False,0.018348623853211,success,,15.52966856956482,0.1009174311926605,0.1651376146788991,False,False,0.073394495412844,0.110091743119266,False,False,0.1009174311926605,0.1651376146788991,0.0,-0.045871559633027595,True,True,False,False
YFF,9,44,109,7,7,0.091743119266055,0.2,0.1082568807339449,0.0300852656434909,0.7562189054726368,False,0.1651376146788991,180,0.8,0.1105045871559633,0.0348565310798908,0.1044776119402985,False,0.073394495412844,success,,11.140153408050535,0.1009174311926605,0.1651376146788991,False,False,0.128440366972477,0.128440366972477,False,False,0.128440366972477,0.1651376146788991,-0.03669724770642199,0.0,True,True,False,False
YFF,9,45,109,7,7,0.1009174311926605,0.8,0.108440366972477,0.0358431803059626,0.6169154228855721,False,0.146788990825688,225,0.5,0.1113761467889908,0.0364548724486554,0.208955223880597,False,0.0458715596330275,success,,11.01431941986084,0.1009174311926605,0.1651376146788991,False,False,0.1376146788990825,0.1376146788990825,False,False,0.1376146788990825,0.1651376146788991,-0.03669724770642199,-0.018348623853211093,True,True,False,False
YFF,9,46,109,7,7,0.091743119266055,0.2,0.1096330275229357,0.0350193854461113,0.7213930348258707,False,0.128440366972477,180,0.2,0.113394495412844,0.0339808822694117,0.3482587064676617,False,0.036697247706422,success,,11.063650846481323,0.1009174311926605,0.1651376146788991,False,False,0.1376146788990825,0.1376146788990825,False,False,0.1376146788990825,0.1651376146788991,-0.0458715596330275,-0.036697247706422104,True,True,False,False
YFF,9,47,109,7,7,0.1376146788990825,0.8,0.1053211009174312,0.0324257879325365,0.1940298507462686,False,0.1651376146788991,75,0.2,0.1131651376146789,0.0338841258850782,0.099502487562189,False,0.0275229357798165,success,,13.63023328781128,0.1009174311926605,0.1651376146788991,False,False,0.1376146788990825,0.1651376146788991,False,False,0.1376146788990825,0.1651376146788991,0.0,0.0,True,True,False,False
YFF,9,48,109,7,7,0.128440366972477,0.2,0.1049541284403669,0.0332333166126091,0.3134328358208955,False,0.146788990825688,100,0.2,0.113394495412844,0.0371558636993811,0.1940298507462686,False,0.018348623853211,success,,12.583259582519531,0.1009174311926605,0.1651376146788991,False,False,0.1009174311926605,0.1376146788990825,False,False,0.1009174311926605,0.1651376146788991,0.027522935779816488,-0.018348623853211093,True,True,False,False
YFF,9,49,109,7,7,0.1009174311926605,0.2,0.1106422018348623,0.0356168469129761,0.6517412935323383,False,0.128440366972477,90,0.8,0.1126605504587156,0.0348305846531402,0.2985074626865671,False,0.0275229357798165,success,,13.625142812728882,0.1009174311926605,0.1651376146788991,False,False,0.1009174311926605,0.1559633027522936,False,False,0.1009174311926605,0.1651376146788991,0.0,-0.036697247706422104,True,True,False,False
YFF,9,50,109,7,7,0.128440366972477,0.2,0.1055963302752293,0.0353109360439009,0.2686567164179104,False,0.2018348623853211,180,0.2,0.1111009174311926,0.0345333869142036,0.0149253731343283,True,0.073394495412844,success,,11.94091296195984,0.1009174311926605,0.1651376146788991,False,False,0.110091743119266,0.110091743119266,False,False,0.110091743119266,0.1651376146788991,0.018348623853210982,0.03669724770642202,True,True,False,True
YFF,9,51,109,7,7,0.1651376146788991,0.8,0.1114678899082568,0.0336646299180082,0.0895522388059701,False,0.2201834862385321,90,0.5,0.1142201834862385,0.0330944312260045,0.0099502487562189,True,0.055045871559633,success,,13.107380628585815,0.1009174311926605,0.1651376146788991,False,False,0.1743119266055046,0.2293577981651376,False,True,0.1743119266055046,0.2293577981651376,-0.009174311926605505,-0.009174311926605505,True,False,False,False
YFF,9,52,109,7,7,0.091743119266055,0.2,0.1051834862385321,0.0331981401281304,0.7114427860696517,False,0.1559633027522936,75,0.5,0.1119266055045871,0.0358813924110881,0.1343283582089552,False,0.0642201834862385,success,,13.451823234558104,0.1009174311926605,0.1651376146788991,False,False,0.1009174311926605,0.1559633027522936,False,False,0.1009174311926605,0.1651376146788991,-0.009174311926605505,-0.009174311926605505,True,True,False,False
YFF,9,53,109,7,7,0.0825688073394495,0.8,0.1060091743119266,0.0348249679700767,0.7910447761194029,False,0.1834862385321101,60,0.8,0.1202752293577981,0.0368099095846839,0.0597014925373134,False,0.1009174311926605,success,,15.039586305618286,0.1009174311926605,0.1651376146788991,False,False,0.0825688073394495,0.1834862385321101,False,True,0.1009174311926605,0.1834862385321101,-0.018348623853210996,0.0,True,False,False,False
YFF,9,54,109,7,7,0.110091743119266,0.8,0.1065596330275229,0.0345564967267325,0.4925373134328358,False,0.1376146788990825,60,0.2,0.1143119266055046,0.0386051455853372,0.2686567164179104,False,0.0275229357798165,success,,15.145532369613647,0.1009174311926605,0.1651376146788991,False,False,0.1192660550458715,0.146788990825688,False,False,0.1192660550458715,0.1651376146788991,-0.009174311926605491,-0.0275229357798166,True,True,False,False
YFF,10,11,109,7,7,0.0825688073394495,0.2,0.1088073394495413,0.0323092279378565,0.845771144278607,False,0.1834862385321101,100,0.8,0.1194495412844036,0.035573119583635,0.0547263681592039,False,0.1009174311926605,success,,14.537886619567873,0.091743119266055,0.1559633027522936,False,False,0.110091743119266,0.2018348623853211,False,True,0.110091743119266,0.2018348623853211,-0.0275229357798165,-0.01834862385321101,True,False,False,False
YFF,10,12,109,7,7,0.073394495412844,0.2,0.1072018348623853,0.0339751251159568,0.8905472636815921,False,0.128440366972477,90,0.2,0.1178899082568807,0.0347404870084023,0.3980099502487562,False,0.055045871559633,success,,15.342446088790894,0.091743119266055,0.1559633027522936,False,False,0.1009174311926605,0.1743119266055046,False,True,0.1009174311926605,0.1743119266055046,-0.0275229357798165,-0.04587155963302761,True,False,False,False
YFF,10,13,109,7,7,0.110091743119266,0.8,0.1081192660550458,0.0345956410051293,0.527363184079602,False,0.2018348623853211,100,0.5,0.1146330275229357,0.0357514643285272,0.0149253731343283,True,0.091743119266055,success,,15.075523853302002,0.091743119266055,0.1559633027522936,False,False,0.146788990825688,0.1559633027522936,False,False,0.146788990825688,0.1559633027522936,-0.03669724770642199,0.045871559633027525,True,True,False,True
YFF,10,14,109,7,7,0.146788990825688,0.5,0.1099541284403669,0.0349314397053227,0.1741293532338308,False,0.1926605504587156,90,0.2,0.1136697247706422,0.0347409739927165,0.0199004975124378,True,0.0458715596330275,success,,15.847713708877563,0.091743119266055,0.1559633027522936,False,False,0.1192660550458715,0.1926605504587156,False,True,0.1192660550458715,0.1926605504587156,0.0275229357798165,0.0,True,False,False,False
YFF,10,15,109,7,7,0.091743119266055,0.2,0.1036697247706422,0.0342407742871913,0.6915422885572139,False,0.1651376146788991,75,0.8,0.1176146788990825,0.0370386589547435,0.1393034825870646,False,0.073394495412844,success,,19.22665882110596,0.091743119266055,0.1559633027522936,False,False,0.055045871559633,0.1651376146788991,False,False,0.091743119266055,0.1651376146788991,0.0,0.0,True,True,False,False
YFF,10,16,109,7,7,0.1192660550458715,0.2,0.1065137614678899,0.0331332603765052,0.3532338308457711,False,0.128440366972477,300,0.5,0.1076146788990825,0.0334498581303165,0.3034825870646766,False,0.0091743119266055,success,,14.316367626190186,0.091743119266055,0.1559633027522936,False,False,0.091743119266055,0.146788990825688,False,False,0.091743119266055,0.1559633027522936,0.0275229357798165,-0.0275229357798166,True,True,False,False
YFF,10,17,109,7,7,0.1376146788990825,0.2,0.110045871559633,0.0320127676734302,0.2139303482587064,False,0.1834862385321101,90,0.2,0.1182110091743119,0.0363402661300093,0.044776119402985,True,0.0458715596330275,success,,13.963322401046751,0.091743119266055,0.1559633027522936,False,False,0.1559633027522936,0.1651376146788991,False,False,0.1559633027522936,0.1651376146788991,-0.018348623853211093,0.01834862385321101,True,True,False,True
YFF,10,27,109,7,7,0.091743119266055,0.2,0.1087614678899082,0.033025954147529,0.736318407960199,False,0.1834862385321101,100,0.8,0.1130275229357798,0.0352962000158808,0.0497512437810945,True,0.091743119266055,success,,12.952856063842772,0.091743119266055,0.1559633027522936,False,False,0.073394495412844,0.146788990825688,False,False,0.091743119266055,0.1559633027522936,0.0,0.027522935779816515,True,True,False,True
YFF,10,28,109,7,7,0.110091743119266,0.2,0.1061009174311926,0.0334608253852934,0.5074626865671642,False,0.1743119266055046,100,0.5,0.1115596330275229,0.0345168485509002,0.0696517412935323,False,0.0642201834862385,success,,12.605169296264648,0.091743119266055,0.1559633027522936,False,False,0.0642201834862385,0.1009174311926605,False,False,0.091743119266055,0.1559633027522936,0.01834862385321101,0.01834862385321101,True,True,False,False
YFF,10,29,109,7,7,0.1192660550458715,0.5,0.1098165137614679,0.0298440381782394,0.4228855721393035,False,0.146788990825688,180,0.2,0.10848623853211,0.0341472317016004,0.1393034825870646,False,0.0275229357798165,success,,11.416577339172363,0.091743119266055,0.1559633027522936,False,False,0.091743119266055,0.1834862385321101,False,True,0.091743119266055,0.1834862385321101,0.0275229357798165,-0.036697247706422104,True,False,False,False
YFF,10,30,109,7,7,0.1192660550458715,0.5,0.1073394495412844,0.0318604998260495,0.3781094527363184,False,0.1651376146788991,100,0.5,0.1130275229357798,0.0365674714190901,0.1243781094527363,False,0.0458715596330275,success,,12.971305847167969,0.091743119266055,0.1559633027522936,False,False,0.0642201834862385,0.110091743119266,False,False,0.091743119266055,0.1559633027522936,0.0275229357798165,0.009174311926605505,True,True,False,False
YFF,10,31,109,7,7,0.1009174311926605,0.2,0.1078899082568807,0.0366423451734666,0.5970149253731343,False,0.1559633027522936,100,0.2,0.1148165137614679,0.0337928816076217,0.1691542288557214,False,0.055045871559633,success,,13.163906812667848,0.091743119266055,0.1559633027522936,False,False,0.091743119266055,0.1926605504587156,False,True,0.091743119266055,0.1926605504587156,0.009174311926605505,-0.03669724770642202,True,False,False,False
YFF,10,32,109,7,7,0.128440366972477,0.8,0.1059174311926605,0.033082255807834,0.308457711442786,False,0.1743119266055046,100,0.5,0.1131192660550458,0.0355986733239413,0.0746268656716417,False,0.0458715596330275,success,,14.505245923995972,0.091743119266055,0.1559633027522936,False,False,0.0825688073394495,0.1009174311926605,False,False,0.091743119266055,0.1559633027522936,0.03669724770642199,0.01834862385321101,True,True,False,False
YFF,10,33,109,7,7,0.1559633027522936,0.2,0.1103669724770642,0.0357385964331023,0.099502487562189,False,0.1834862385321101,90,0.2,0.1138990825688073,0.0351222273017237,0.0348258706467661,True,0.0275229357798165,success,,16.25537133216858,0.091743119266055,0.1559633027522936,False,False,0.128440366972477,0.1743119266055046,False,False,0.128440366972477,0.1743119266055046,0.0275229357798166,0.009174311926605505,True,True,False,True
YFF,10,34,109,7,7,0.1559633027522936,0.8,0.1094495412844036,0.0323153800445642,0.1243781094527363,False,0.1926605504587156,180,0.8,0.1114678899082568,0.0344347745608517,0.0199004975124378,True,0.036697247706422,success,,11.569928407669067,0.091743119266055,0.1559633027522936,False,False,0.1009174311926605,0.1834862385321101,False,False,0.1009174311926605,0.1834862385321101,0.055045871559633086,0.009174311926605505,True,True,False,True
YFF,10,35,109,7,7,0.073394495412844,0.2,0.1062844036697247,0.0315037558309654,0.9104477611940298,False,0.1926605504587156,90,0.8,0.1163761467889908,0.0352940130485304,0.044776119402985,True,0.1192660550458715,success,,13.33340072631836,0.091743119266055,0.1559633027522936,False,False,0.0825688073394495,0.1834862385321101,False,True,0.091743119266055,0.1834862385321101,-0.018348623853210996,0.009174311926605505,True,False,False,False
YFF,10,36,109,7,7,0.1376146788990825,0.2,0.1095871559633027,0.0340698540846174,0.2487562189054726,False,0.2018348623853211,90,0.5,0.113440366972477,0.0348550749501199,0.0199004975124378,True,0.0642201834862385,success,,13.066532611846924,0.091743119266055,0.1559633027522936,False,False,0.1192660550458715,0.1651376146788991,False,False,0.1192660550458715,0.1651376146788991,0.018348623853210996,0.03669724770642202,True,True,False,True
YFF,10,37,109,7,7,0.128440366972477,0.2,0.1064220183486238,0.0307389160066693,0.2835820895522388,False,0.1743119266055046,100,0.5,0.1129816513761468,0.0350655824961083,0.0547263681592039,False,0.0458715596330275,success,,13.68772029876709,0.091743119266055,0.1559633027522936,False,False,0.055045871559633,0.0642201834862385,False,False,0.091743119266055,0.1559633027522936,0.03669724770642199,0.01834862385321101,True,True,False,False
YFF,10,38,109,7,7,0.1376146788990825,0.5,0.1097706422018348,0.0337227186614202,0.263681592039801,False,0.1376146788990825,100,0.8,0.1165596330275229,0.0322536422549887,0.2835820895522388,False,0.0,success,,13.709649801254272,0.091743119266055,0.1559633027522936,False,False,0.055045871559633,0.146788990825688,False,False,0.091743119266055,0.1559633027522936,0.0458715596330275,-0.018348623853211093,True,True,False,False
YFF,10,39,109,7,7,0.1192660550458715,0.2,0.1103211009174311,0.0344800375650754,0.4477611940298507,False,0.1743119266055046,180,0.5,0.1108715596330275,0.03563035231548,0.0746268656716417,False,0.055045871559633,success,,12.367496252059937,0.091743119266055,0.1559633027522936,False,False,0.128440366972477,0.2018348623853211,False,True,0.128440366972477,0.2018348623853211,-0.009174311926605491,-0.027522935779816515,True,False,False,False
YFF,10,40,109,7,7,0.128440366972477,0.8,0.1070183486238532,0.0319437262433353,0.308457711442786,False,0.1651376146788991,90,0.2,0.1156880733944954,0.0343861003499151,0.0945273631840796,False,0.036697247706422,success,,13.715040683746338,0.091743119266055,0.1559633027522936,False,False,0.1743119266055046,0.2018348623853211,True,True,0.1743119266055046,0.2018348623853211,-0.04587155963302761,-0.03669724770642202,False,False,False,False
YFF,10,41,109,7,7,0.0825688073394495,0.2,0.1076146788990825,0.0337394269124513,0.8009950248756219,False,0.1926605504587156,100,0.2,0.1165596330275229,0.0366718539681662,0.0398009950248756,True,0.110091743119266,success,,13.425840854644775,0.091743119266055,0.1559633027522936,False,False,0.036697247706422,0.1743119266055046,False,False,0.091743119266055,0.1743119266055046,-0.009174311926605491,0.01834862385321101,True,True,False,True
YFF,10,42,109,7,7,0.1009174311926605,0.5,0.106743119266055,0.0332655952679962,0.5771144278606966,False,0.1559633027522936,90,0.8,0.1130733944954128,0.0352623617456583,0.1293532338308457,False,0.055045871559633,success,,14.98663592338562,0.091743119266055,0.1559633027522936,False,False,0.0458715596330275,0.1009174311926605,False,False,0.091743119266055,0.1559633027522936,0.009174311926605505,0.0,True,True,False,False
YFF,10,43,109,7,7,0.0825688073394495,0.2,0.1124770642201835,0.0336707856040148,0.845771144278607,False,0.1651376146788991,100,0.5,0.1188532110091743,0.0378132090985429,0.154228855721393,False,0.0825688073394495,success,,15.86025619506836,0.091743119266055,0.1559633027522936,False,False,0.073394495412844,0.110091743119266,False,False,0.091743119266055,0.1559633027522936,-0.009174311926605491,0.009174311926605505,True,True,False,False
YFF,10,44,109,7,7,0.128440366972477,0.5,0.1077981651376146,0.0330432707220223,0.2935323383084577,False,0.1651376146788991,100,0.2,0.1123394495412844,0.0356744837330219,0.0895522388059701,False,0.036697247706422,success,,12.562666893005373,0.091743119266055,0.1559633027522936,False,False,0.128440366972477,0.128440366972477,False,False,0.128440366972477,0.1559633027522936,0.0,0.009174311926605505,True,True,False,False
YFF,10,45,109,7,7,0.1009174311926605,0.2,0.1068807339449541,0.0328635817651584,0.6417910447761194,False,0.1559633027522936,100,0.2,0.1161467889908257,0.0344186803575908,0.1442786069651741,False,0.055045871559633,success,,13.199998378753662,0.091743119266055,0.1559633027522936,False,False,0.1376146788990825,0.1376146788990825,False,False,0.1376146788990825,0.1559633027522936,-0.03669724770642199,0.0,True,True,False,False
YFF,10,46,109,7,7,0.1009174311926605,0.5,0.1071559633027523,0.03338720947774,0.6467661691542289,False,0.146788990825688,90,0.5,0.1142660550458715,0.0326187508323049,0.1741293532338308,False,0.0458715596330275,success,,13.734201431274414,0.091743119266055,0.1559633027522936,False,False,0.1376146788990825,0.1376146788990825,False,False,0.1376146788990825,0.1559633027522936,-0.03669724770642199,-0.009174311926605588,True,True,False,False
YFF,10,47,109,7,7,0.128440366972477,0.2,0.106743119266055,0.0339203054919122,0.2885572139303483,False,0.146788990825688,100,0.8,0.1154587155963302,0.0356718753294332,0.1890547263681592,False,0.018348623853211,success,,14.132548332214355,0.091743119266055,0.1559633027522936,False,False,0.1376146788990825,0.1651376146788991,False,False,0.1376146788990825,0.1651376146788991,-0.009174311926605505,-0.018348623853211093,True,True,False,False
YFF,10,48,109,7,7,0.1192660550458715,0.8,0.1060091743119266,0.0306796582683876,0.3681592039800995,False,0.1651376146788991,90,0.8,0.1126146788990825,0.0345351934035903,0.0945273631840796,False,0.0458715596330275,success,,15.369709253311155,0.091743119266055,0.1559633027522936,False,False,0.1009174311926605,0.1376146788990825,False,False,0.1009174311926605,0.1559633027522936,0.018348623853210996,0.009174311926605505,True,True,False,False
YFF,10,49,109,7,7,0.128440366972477,0.8,0.1120183486238532,0.0338880264064962,0.3830845771144278,False,0.146788990825688,100,0.8,0.1171559633027523,0.0372430709451602,0.2537313432835821,False,0.018348623853211,success,,19.810330629348755,0.091743119266055,0.1559633027522936,False,False,0.1009174311926605,0.1559633027522936,False,False,0.1009174311926605,0.1559633027522936,0.027522935779816488,-0.009174311926605588,True,True,False,False
YFF,10,50,109,7,7,0.1559633027522936,0.2,0.1062844036697247,0.0333176838578572,0.0945273631840796,False,0.1559633027522936,900,0.2,0.1062844036697247,0.0333176838578572,0.0945273631840796,False,0.0,success,,12.047442197799684,0.091743119266055,0.1559633027522936,False,False,0.110091743119266,0.110091743119266,False,False,0.110091743119266,0.1559633027522936,0.04587155963302758,0.0,True,True,False,False
YFF,10,51,109,7,7,0.1376146788990825,0.2,0.1097706422018348,0.0310043959688823,0.2189054726368159,False,0.2018348623853211,90,0.2,0.1157798165137614,0.0384813643994456,0.0248756218905472,True,0.0642201834862385,success,,13.080323457717896,0.091743119266055,0.1559633027522936,False,False,0.1743119266055046,0.2293577981651376,False,True,0.1743119266055046,0.2293577981651376,-0.036697247706422104,-0.027522935779816488,True,False,False,False
YFF,10,52,109,7,7,0.0825688073394495,0.2,0.1023853211009174,0.0329624035956925,0.7512437810945274,False,0.1834862385321101,100,0.2,0.1153669724770642,0.0327564250701436,0.0398009950248756,True,0.1009174311926605,success,,12.787335395812988,0.091743119266055,0.1559633027522936,False,False,0.1009174311926605,0.1559633027522936,False,False,0.1009174311926605,0.1559633027522936,-0.018348623853210996,0.027522935779816515,True,True,False,True
YFF,10,53,109,7,7,0.091743119266055,0.2,0.1095871559633027,0.0331512226148028,0.7213930348258707,False,0.1651376146788991,90,0.2,0.1149541284403669,0.0340911070139419,0.0845771144278607,False,0.073394495412844,success,,14.089516162872314,0.091743119266055,0.1559633027522936,False,False,0.0825688073394495,0.1834862385321101,False,True,0.091743119266055,0.1834862385321101,0.0,-0.01834862385321101,True,False,False,False
YFF,10,54,109,7,7,0.1009174311926605,0.2,0.1053211009174312,0.0324127415302202,0.5870646766169154,False,0.1651376146788991,90,0.8,0.1121559633027522,0.034134843244723,0.0945273631840796,False,0.0642201834862385,success,,13.39638614654541,0.091743119266055,0.1559633027522936,False,False,0.1192660550458715,0.146788990825688,False,False,0.1192660550458715,0.1559633027522936,-0.018348623853210996,0.009174311926605505,True,True,False,False
YFF,11,12,109,7,7,0.1192660550458715,0.5,0.1087614678899082,0.0358507021099743,0.4129353233830846,False,0.1743119266055046,450,0.2,0.106788990825688,0.0353474500975165,0.0547263681592039,False,0.055045871559633,success,,10.928642988204956,0.110091743119266,0.2018348623853211,False,True,0.1009174311926605,0.1743119266055046,False,True,0.110091743119266,0.2018348623853211,0.009174311926605491,-0.027522935779816515,True,False,False,False
YFF,11,13,109,7,7,0.0825688073394495,0.2,0.1101834862385321,0.0341045035111242,0.8109452736318408,False,0.1743119266055046,75,0.5,0.1187614678899082,0.0347945918249437,0.0746268656716417,False,0.091743119266055,success,,15.91650390625,0.110091743119266,0.2018348623853211,False,True,0.146788990825688,0.1559633027522936,False,False,0.146788990825688,0.2018348623853211,-0.0642201834862385,-0.027522935779816515,True,False,False,False
YFF,11,14,109,7,7,0.091743119266055,0.8,0.1055504587155963,0.0340549536176157,0.6766169154228856,False,0.1926605504587156,100,0.5,0.1155504587155963,0.0355866415809985,0.0298507462686567,True,0.1009174311926605,success,,12.935432195663452,0.110091743119266,0.2018348623853211,False,True,0.1192660550458715,0.1926605504587156,False,True,0.1192660550458715,0.2018348623853211,-0.0275229357798165,-0.009174311926605505,True,False,False,False
YFF,11,15,109,7,7,0.055045871559633,0.2,0.1088990825688073,0.0339593424009026,0.9751243781094528,False,0.1743119266055046,100,0.8,0.1128899082568807,0.0323766735227374,0.0398009950248756,True,0.1192660550458715,success,,12.77286410331726,0.110091743119266,0.2018348623853211,False,True,0.055045871559633,0.1651376146788991,False,False,0.110091743119266,0.2018348623853211,-0.055045871559633,-0.027522935779816515,True,False,False,False
YFF,11,16,109,7,7,0.1009174311926605,0.2,0.1061467889908256,0.0335609447557551,0.6318407960199005,False,0.1651376146788991,60,0.8,0.1116055045871559,0.0329539016769552,0.0746268656716417,False,0.0642201834862385,success,,14.700435876846312,0.110091743119266,0.2018348623853211,False,True,0.091743119266055,0.146788990825688,False,False,0.110091743119266,0.2018348623853211,-0.009174311926605505,-0.03669724770642202,True,False,False,False
YFF,11,17,109,7,7,0.146788990825688,0.2,0.1094036697247706,0.032840246579346,0.1641791044776119,False,0.1743119266055046,100,0.2,0.1128899082568807,0.033745537620282,0.044776119402985,True,0.0275229357798165,success,,12.563068151474,0.110091743119266,0.2018348623853211,False,True,0.1559633027522936,0.1651376146788991,False,False,0.1559633027522936,0.2018348623853211,-0.009174311926605588,-0.027522935779816515,True,False,False,False
YFF,11,27,109,7,7,0.1009174311926605,0.5,0.1113302752293578,0.034323158140623,0.6616915422885572,False,0.1743119266055046,100,0.2,0.1156880733944954,0.0374139365651904,0.0895522388059701,False,0.073394495412844,success,,12.90276265144348,0.110091743119266,0.2018348623853211,False,True,0.073394495412844,0.146788990825688,False,False,0.110091743119266,0.2018348623853211,-0.009174311926605505,-0.027522935779816515,True,False,False,False
YFF,11,28,109,7,7,0.1192660550458715,0.2,0.1091284403669724,0.0321564567094947,0.4129353233830846,False,0.1834862385321101,75,0.2,0.1149541284403669,0.0351659439947447,0.0348258706467661,True,0.0642201834862385,success,,14.939279317855837,0.110091743119266,0.2018348623853211,False,True,0.0642201834862385,0.1009174311926605,False,False,0.110091743119266,0.2018348623853211,0.009174311926605491,-0.01834862385321101,True,False,False,False
YFF,11,29,109,7,7,0.128440366972477,0.2,0.1119266055045871,0.0332887593441473,0.3582089552238806,False,0.146788990825688,180,0.8,0.1152752293577981,0.0351378788921188,0.2189054726368159,False,0.018348623853211,success,,11.459866523742676,0.110091743119266,0.2018348623853211,False,True,0.091743119266055,0.1834862385321101,False,True,0.110091743119266,0.2018348623853211,0.018348623853210982,-0.055045871559633114,True,False,False,False
YFF,11,30,109,7,7,0.091743119266055,0.2,0.1106880733944954,0.0335554936936171,0.7661691542288557,False,0.1926605504587156,100,0.8,0.1115137614678899,0.0342913507772807,0.0199004975124378,True,0.1009174311926605,success,,13.99512529373169,0.110091743119266,0.2018348623853211,False,True,0.0642201834862385,0.110091743119266,False,False,0.110091743119266,0.2018348623853211,-0.01834862385321101,-0.009174311926605505,True,False,False,False
YFF,11,31,109,7,7,0.055045871559633,0.2,0.1069266055045871,0.0351381196313637,0.9601990049751244,False,0.1834862385321101,150,0.2,0.1121100917431192,0.0368141607287571,0.0547263681592039,False,0.128440366972477,success,,12.179056406021118,0.110091743119266,0.2018348623853211,False,True,0.091743119266055,0.1926605504587156,False,True,0.110091743119266,0.2018348623853211,-0.055045871559633,-0.01834862385321101,True,False,False,False
YFF,11,32,109,7,7,0.128440366972477,0.2,0.1085321100917431,0.0339693047313971,0.308457711442786,False,0.1743119266055046,100,0.5,0.1111009174311926,0.0352965595043949,0.0398009950248756,True,0.0458715596330275,success,,12.747908115386965,0.110091743119266,0.2018348623853211,False,True,0.0825688073394495,0.1009174311926605,False,False,0.110091743119266,0.2018348623853211,0.018348623853210982,-0.027522935779816515,True,False,False,False
YFF,11,33,109,7,7,0.1192660550458715,0.2,0.1090825688073394,0.031976975998847,0.4427860696517413,False,0.1743119266055046,75,0.5,0.1208715596330275,0.0356500521172584,0.0895522388059701,False,0.055045871559633,success,,14.849027156829834,0.110091743119266,0.2018348623853211,False,True,0.128440366972477,0.1743119266055046,False,False,0.128440366972477,0.2018348623853211,-0.009174311926605491,-0.027522935779816515,True,False,False,False
YFF,11,34,109,7,7,0.1009174311926605,0.2,0.1103669724770642,0.0334017746936089,0.6318407960199005,False,0.1926605504587156,60,0.2,0.1206880733944954,0.0336564310576889,0.0348258706467661,True,0.091743119266055,success,,15.100382328033447,0.110091743119266,0.2018348623853211,False,True,0.1009174311926605,0.1834862385321101,False,False,0.110091743119266,0.2018348623853211,-0.009174311926605505,-0.009174311926605505,True,False,False,False
YFF,11,35,109,7,7,0.0825688073394495,0.2,0.1088990825688073,0.0361668132726607,0.7960199004975125,False,0.1743119266055046,90,0.2,0.1125688073394495,0.0331066979829169,0.0398009950248756,True,0.091743119266055,success,,13.185647249221802,0.110091743119266,0.2018348623853211,False,True,0.0825688073394495,0.1834862385321101,False,True,0.110091743119266,0.2018348623853211,-0.0275229357798165,-0.027522935779816515,True,False,False,False
YFF,11,36,109,7,7,0.128440366972477,0.5,0.1119266055045871,0.0325824565359815,0.3432835820895522,False,0.1743119266055046,100,0.8,0.115045871559633,0.0342140827610194,0.0646766169154228,False,0.0458715596330275,success,,13.184475421905518,0.110091743119266,0.2018348623853211,False,True,0.1192660550458715,0.1651376146788991,False,False,0.1192660550458715,0.2018348623853211,0.009174311926605491,-0.027522935779816515,True,False,False,False
YFF,11,37,109,7,7,0.1192660550458715,0.2,0.108394495412844,0.0328420496121661,0.4029850746268656,False,0.1834862385321101,100,0.8,0.1115137614678899,0.0337066609100465,0.0248756218905472,True,0.0642201834862385,success,,13.473607540130615,0.110091743119266,0.2018348623853211,False,True,0.055045871559633,0.0642201834862385,False,False,0.110091743119266,0.2018348623853211,0.009174311926605491,-0.01834862385321101,True,False,False,False
YFF,11,38,109,7,7,0.091743119266055,0.8,0.1107798165137614,0.0323340582558756,0.736318407960199,False,0.1651376146788991,90,0.5,0.1189449541284403,0.0337978876730947,0.099502487562189,False,0.073394495412844,success,,13.610772848129272,0.110091743119266,0.2018348623853211,False,True,0.055045871559633,0.146788990825688,False,False,0.110091743119266,0.2018348623853211,-0.01834862385321101,-0.03669724770642202,True,False,False,False
YFF,11,39,109,7,7,0.128440366972477,0.2,0.106697247706422,0.0364927917464081,0.3034825870646766,False,0.1651376146788991,300,0.5,0.1140366972477064,0.0344931910450701,0.0895522388059701,False,0.036697247706422,success,,11.134464502334597,0.110091743119266,0.2018348623853211,False,True,0.128440366972477,0.2018348623853211,False,True,0.128440366972477,0.2018348623853211,0.0,-0.03669724770642202,True,False,False,False
YFF,11,40,109,7,7,0.146788990825688,0.2,0.1062385321100917,0.0307438690587216,0.1144278606965174,False,0.1743119266055046,60,0.8,0.1161926605504587,0.0351342676055004,0.0597014925373134,False,0.0275229357798165,success,,16.60512948036194,0.110091743119266,0.2018348623853211,False,True,0.1743119266055046,0.2018348623853211,True,True,0.1743119266055046,0.2018348623853211,-0.0275229357798166,-0.027522935779816515,False,False,False,False
YFF,11,41,109,7,7,0.1009174311926605,0.2,0.1089449541284403,0.0343140381139542,0.6169154228855721,False,0.1926605504587156,100,0.8,0.1166055045871559,0.0358293714748502,0.0298507462686567,True,0.091743119266055,success,,16.787386894226074,0.110091743119266,0.2018348623853211,False,True,0.036697247706422,0.1743119266055046,False,False,0.110091743119266,0.2018348623853211,-0.009174311926605505,-0.009174311926605505,True,False,False,False
YFF,11,42,109,7,7,0.0642201834862385,0.2,0.1070183486238532,0.0331904950587122,0.9303482587064676,False,0.1834862385321101,60,0.8,0.1122935779816513,0.0353857194207992,0.0348258706467661,True,0.1192660550458715,success,,16.778562545776367,0.110091743119266,0.2018348623853211,False,True,0.0458715596330275,0.1009174311926605,False,False,0.110091743119266,0.2018348623853211,-0.04587155963302751,-0.01834862385321101,True,False,False,False
YFF,11,43,109,7,7,0.055045871559633,0.2,0.1103211009174311,0.0360980716731539,0.9552238805970148,False,0.1651376146788991,100,0.8,0.1199541284403669,0.0398037146619904,0.1741293532338308,False,0.110091743119266,success,,13.914572954177856,0.110091743119266,0.2018348623853211,False,True,0.073394495412844,0.110091743119266,False,False,0.110091743119266,0.2018348623853211,-0.055045871559633,-0.03669724770642202,True,False,False,False
YFF,11,44,109,7,7,0.110091743119266,0.2,0.1085779816513761,0.0336775367206362,0.5024875621890548,False,0.1834862385321101,60,0.8,0.1127522935779816,0.0342850906231625,0.0248756218905472,True,0.073394495412844,success,,15.875656127929688,0.110091743119266,0.2018348623853211,False,True,0.128440366972477,0.128440366972477,False,False,0.128440366972477,0.2018348623853211,-0.018348623853210982,-0.01834862385321101,True,False,False,False
YFF,11,45,109,7,7,0.128440366972477,0.2,0.1076146788990825,0.0362882328245068,0.3333333333333333,False,0.146788990825688,100,0.2,0.1142201834862385,0.0349105166268643,0.1641791044776119,False,0.018348623853211,success,,14.285639762878418,0.110091743119266,0.2018348623853211,False,True,0.1376146788990825,0.1376146788990825,False,False,0.1376146788990825,0.2018348623853211,-0.009174311926605505,-0.055045871559633114,True,False,False,False
YFF,11,46,109,7,7,0.0825688073394495,0.2,0.1058715596330275,0.0331849194185887,0.8059701492537313,False,0.1834862385321101,60,0.8,0.1127522935779816,0.035521123465025,0.0248756218905472,True,0.1009174311926605,success,,16.547783136367798,0.110091743119266,0.2018348623853211,False,True,0.1376146788990825,0.1376146788990825,False,False,0.1376146788990825,0.2018348623853211,-0.05504587155963299,-0.01834862385321101,True,False,False,False
YFF,11,47,109,7,7,0.110091743119266,0.5,0.1039449541284403,0.0343900361780494,0.4527363184079602,False,0.146788990825688,60,0.5,0.1174311926605504,0.037450207194762,0.2537313432835821,False,0.036697247706422,success,,15.31708812713623,0.110091743119266,0.2018348623853211,False,True,0.1376146788990825,0.1651376146788991,False,False,0.1376146788990825,0.2018348623853211,-0.027522935779816488,-0.055045871559633114,True,False,False,False
YFF,11,48,109,7,7,0.1009174311926605,0.8,0.1080275229357798,0.0327564250701436,0.6616915422885572,False,0.1743119266055046,60,0.8,0.1114220183486238,0.0350513466579107,0.0547263681592039,False,0.073394495412844,success,,16.651171922683716,0.110091743119266,0.2018348623853211,False,True,0.1009174311926605,0.1376146788990825,False,False,0.110091743119266,0.2018348623853211,-0.009174311926605505,-0.027522935779816515,True,False,False,False
YFF,11,49,109,7,7,0.091743119266055,0.5,0.1113302752293578,0.033663719032138,0.7412935323383084,False,0.146788990825688,100,0.2,0.1137155963302752,0.035033241902821,0.1791044776119403,False,0.055045871559633,success,,13.838843584060667,0.110091743119266,0.2018348623853211,False,True,0.1009174311926605,0.1559633027522936,False,False,0.110091743119266,0.2018348623853211,-0.01834862385321101,-0.055045871559633114,True,False,False,False
YFF,11,50,109,7,7,0.1192660550458715,0.2,0.1079357798165137,0.0343022031147646,0.4328358208955223,False,0.1743119266055046,60,0.8,0.1149082568807339,0.034633031339332,0.0547263681592039,False,0.055045871559633,success,,14.43125295639038,0.110091743119266,0.2018348623853211,False,True,0.110091743119266,0.110091743119266,False,False,0.110091743119266,0.2018348623853211,0.009174311926605491,-0.027522935779816515,True,False,False,False
YFF,11,51,109,7,7,0.128440366972477,0.8,0.1071100917431192,0.0335158917688867,0.2985074626865671,False,0.1926605504587156,60,0.8,0.1181192660550458,0.0375510097794059,0.0348258706467661,True,0.0642201834862385,success,,14.400721549987791,0.110091743119266,0.2018348623853211,False,True,0.1743119266055046,0.2293577981651376,False,True,0.1743119266055046,0.2293577981651376,-0.04587155963302761,-0.03669724770642199,True,False,False,False
YFF,11,52,109,7,7,0.128440366972477,0.2,0.1057798165137614,0.0340290174664385,0.3184079601990049,False,0.2293577981651376,100,0.8,0.1138073394495413,0.0351802236294971,0.0049751243781094,True,0.1009174311926605,success,,12.636880159378052,0.110091743119266,0.2018348623853211,False,True,0.1009174311926605,0.1559633027522936,False,False,0.110091743119266,0.2018348623853211,0.018348623853210982,0.027522935779816488,True,False,False,False
YFF,11,53,109,7,7,0.091743119266055,0.2,0.1089449541284403,0.0337798623653817,0.6915422885572139,False,0.1834862385321101,100,0.8,0.1174770642201835,0.0357360814755996,0.0497512437810945,True,0.091743119266055,success,,12.996723175048828,0.110091743119266,0.2018348623853211,False,True,0.0825688073394495,0.1834862385321101,False,True,0.110091743119266,0.2018348623853211,-0.01834862385321101,-0.01834862385321101,True,False,False,False
YFF,11,54,109,7,7,0.1192660550458715,0.8,0.1079816513761467,0.0353075820416095,0.4328358208955223,False,0.1834862385321101,100,0.5,0.1119724770642201,0.0351104237981228,0.044776119402985,True,0.0642201834862385,success,,12.736443281173706,0.110091743119266,0.2018348623853211,False,True,0.1192660550458715,0.146788990825688,False,False,0.1192660550458715,0.2018348623853211,0.0,-0.01834862385321101,True,False,False,False
YFF,12,13,109,7,7,0.1009174311926605,0.2,0.1092201834862385,0.0334989773318355,0.6069651741293532,False,0.1376146788990825,75,0.8,0.1154128440366972,0.0375445045604963,0.2985074626865671,False,0.036697247706422,success,,13.756256103515623,0.1009174311926605,0.1743119266055046,False,True,0.146788990825688,0.1559633027522936,False,False,0.146788990825688,0.1743119266055046,-0.0458715596330275,-0.036697247706422104,True,False,False,False
YFF,12,14,109,7,7,0.1651376146788991,0.8,0.1088990825688073,0.0339842427513647,0.0746268656716417,False,0.1651376146788991,60,0.8,0.1208256880733945,0.0358355093900466,0.1044776119402985,False,0.0,success,,15.25315761566162,0.1009174311926605,0.1743119266055046,False,True,0.1192660550458715,0.1926605504587156,False,True,0.1192660550458715,0.1926605504587156,0.045871559633027595,-0.027522935779816515,True,False,False,False
YFF,12,15,109,7,7,0.073394495412844,0.5,0.1046788990825688,0.0335569116851616,0.8507462686567164,False,0.1651376146788991,300,0.5,0.108440366972477,0.0327347578289645,0.0746268656716417,False,0.091743119266055,success,,11.239759922027588,0.1009174311926605,0.1743119266055046,False,True,0.055045871559633,0.1651376146788991,False,False,0.1009174311926605,0.1743119266055046,-0.0275229357798165,-0.009174311926605505,True,False,False,False
YFF,12,16,109,7,7,0.110091743119266,0.2,0.1074770642201835,0.0333316449961172,0.4825870646766169,False,0.128440366972477,300,0.2,0.1080733944954128,0.0319818695601273,0.2935323383084577,False,0.018348623853211,success,,11.667248964309692,0.1009174311926605,0.1743119266055046,False,True,0.091743119266055,0.146788990825688,False,False,0.1009174311926605,0.1743119266055046,0.009174311926605505,-0.04587155963302761,True,False,False,False
YFF,12,17,109,7,7,0.1376146788990825,0.5,0.110045871559633,0.0367029812034816,0.2537313432835821,False,0.146788990825688,450,0.5,0.1099541284403669,0.0340360703283396,0.1791044776119403,False,0.0091743119266055,success,,11.45317316055298,0.1009174311926605,0.1743119266055046,False,True,0.1559633027522936,0.1651376146788991,False,False,0.1559633027522936,0.1743119266055046,-0.018348623853211093,-0.0275229357798166,True,False,False,False
YFF,12,27,109,7,7,0.0825688073394495,0.2,0.1108256880733945,0.0332424786672627,0.8208955223880597,False,0.1376146788990825,180,0.2,0.1153211009174312,0.0348712406467252,0.308457711442786,False,0.055045871559633,success,,11.544434070587158,0.1009174311926605,0.1743119266055046,False,True,0.073394495412844,0.146788990825688,False,False,0.1009174311926605,0.1743119266055046,-0.018348623853210996,-0.036697247706422104,True,False,False,False
YFF,12,28,109,7,7,0.128440366972477,0.5,0.1086238532110091,0.0319855722980294,0.308457711442786,False,0.1651376146788991,300,0.8,0.1088532110091743,0.0347639458091453,0.0696517412935323,False,0.036697247706422,success,,11.378758430480955,0.1009174311926605,0.1743119266055046,False,True,0.0642201834862385,0.1009174311926605,False,False,0.1009174311926605,0.1743119266055046,0.027522935779816488,-0.009174311926605505,True,False,False,False
YFF,12,29,109,7,7,0.1009174311926605,0.2,0.111788990825688,0.031874800653433,0.6567164179104478,False,0.1376146788990825,450,0.2,0.1094954128440367,0.0295759365592008,0.2487562189054726,False,0.036697247706422,success,,11.024768829345703,0.1009174311926605,0.1743119266055046,False,True,0.091743119266055,0.1834862385321101,False,True,0.1009174311926605,0.1834862385321101,0.0,-0.04587155963302761,True,False,False,False
YFF,12,30,109,7,7,0.128440366972477,0.5,0.1098165137614679,0.0337669946748416,0.3034825870646766,False,0.1651376146788991,300,0.8,0.1077064220183486,0.034563380768401,0.0646766169154228,False,0.036697247706422,success,,10.966041564941406,0.1009174311926605,0.1743119266055046,False,True,0.0642201834862385,0.110091743119266,False,False,0.1009174311926605,0.1743119266055046,0.027522935779816488,-0.009174311926605505,True,False,False,False
YFF,12,31,109,7,7,0.110091743119266,0.2,0.1090366972477064,0.0346847735498572,0.4975124378109453,False,0.1376146788990825,300,0.8,0.1109633027522935,0.0359002181309556,0.2835820895522388,False,0.0275229357798165,success,,11.802666902542114,0.1009174311926605,0.1743119266055046,False,True,0.091743119266055,0.1926605504587156,False,True,0.1009174311926605,0.1926605504587156,0.009174311926605505,-0.055045871559633114,True,False,False,False
YFF,12,32,109,7,7,0.128440366972477,0.2,0.1085321100917431,0.031028021330323,0.3383084577114428,False,0.1559633027522936,300,0.8,0.1081651376146789,0.035497301209185,0.1094527363184079,False,0.0275229357798165,success,,10.864301443099976,0.1009174311926605,0.1743119266055046,False,True,0.0825688073394495,0.1009174311926605,False,False,0.1009174311926605,0.1743119266055046,0.027522935779816488,-0.01834862385321101,True,False,False,False
YFF,12,33,109,7,7,0.128440366972477,0.2,0.1105045871559633,0.0358495223235125,0.36318407960199,False,0.1651376146788991,450,0.2,0.1110091743119266,0.0341170269568828,0.0845771144278607,False,0.036697247706422,success,,10.926607847213743,0.1009174311926605,0.1743119266055046,False,True,0.128440366972477,0.1743119266055046,False,False,0.128440366972477,0.1743119266055046,0.0,-0.009174311926605505,True,False,False,False
YFF,12,34,109,7,7,0.1009174311926605,0.2,0.1102293577981651,0.0346151965446007,0.6467661691542289,False,0.1926605504587156,90,0.8,0.1205504587155963,0.0345609332662368,0.0149253731343283,True,0.091743119266055,success,,13.54766297340393,0.1009174311926605,0.1743119266055046,False,True,0.1009174311926605,0.1834862385321101,False,False,0.1009174311926605,0.1834862385321101,0.0,0.009174311926605505,True,False,False,False
YFF,12,35,109,7,7,0.1192660550458715,0.2,0.1080275229357798,0.0334464123425575,0.4427860696517413,False,0.2477064220183486,300,0.2,0.1094036697247706,0.0326982689211762,0.0049751243781094,True,0.128440366972477,success,,12.14814567565918,0.1009174311926605,0.1743119266055046,False,True,0.0825688073394495,0.1834862385321101,False,True,0.1009174311926605,0.1834862385321101,0.018348623853210996,0.06422018348623851,True,False,False,False
YFF,12,36,109,7,7,0.146788990825688,0.8,0.1111926605504587,0.0316815786370415,0.1741293532338308,False,0.1834862385321101,150,0.5,0.1165596330275229,0.0321880084970775,0.0298507462686567,True,0.036697247706422,success,,12.713989973068236,0.1009174311926605,0.1743119266055046,False,True,0.1192660550458715,0.1651376146788991,False,False,0.1192660550458715,0.1743119266055046,0.0275229357798165,0.009174311926605505,True,False,False,False
YFF,12,37,109,7,7,0.128440366972477,0.8,0.108348623853211,0.0334331633014918,0.3233830845771144,False,0.1651376146788991,300,0.8,0.1078440366972477,0.03531701436119,0.0796019900497512,False,0.036697247706422,success,,11.699055671691896,0.1009174311926605,0.1743119266055046,False,True,0.055045871559633,0.0642201834862385,False,False,0.1009174311926605,0.1743119266055046,0.027522935779816488,-0.009174311926605505,True,False,False,False
YFF,12,38,109,7,7,0.1009174311926605,0.8,0.1092660550458715,0.0304095355290827,0.6716417910447762,False,0.1192660550458715,60,0.5,0.1196788990825688,0.0341950090468029,0.527363184079602,False,0.018348623853211,success,,17.708839416503906,0.1009174311926605,0.1743119266055046,False,True,0.055045871559633,0.146788990825688,False,False,0.1009174311926605,0.1743119266055046,0.0,-0.0550458715596331,True,False,False,False
YFF,12,39,109,7,7,0.146788990825688,0.5,0.1090366972477064,0.033720210141829,0.1840796019900497,False,0.1834862385321101,450,0.8,0.1083027522935779,0.0320550184003086,0.0099502487562189,True,0.036697247706422,success,,11.034855604171751,0.1009174311926605,0.1743119266055046,False,True,0.128440366972477,0.2018348623853211,False,True,0.128440366972477,0.2018348623853211,0.01834862385321101,-0.01834862385321101,True,False,False,False
YFF,12,40,109,7,7,0.1926605504587156,0.2,0.1099541284403669,0.0347615124284458,0.0199004975124378,True,0.2018348623853211,300,0.2,0.110045871559633,0.0334092131684948,0.0149253731343283,True,0.0091743119266055,success,,11.36042833328247,0.1009174311926605,0.1743119266055046,False,True,0.1743119266055046,0.2018348623853211,True,True,0.1743119266055046,0.2018348623853211,0.01834862385321101,0.0,False,False,False,False
YFF,12,41,109,7,7,0.091743119266055,0.2,0.1104587155963302,0.0356310942222034,0.736318407960199,False,0.1743119266055046,60,0.8,0.1209633027522935,0.0369508262034462,0.1044776119402985,False,0.0825688073394495,success,,14.965560913085938,0.1009174311926605,0.1743119266055046,False,True,0.036697247706422,0.1743119266055046,False,False,0.1009174311926605,0.1743119266055046,-0.009174311926605505,0.0,True,False,False,False
YFF,12,42,109,7,7,0.1009174311926605,0.5,0.1073853211009174,0.0336275149185416,0.6169154228855721,False,0.1743119266055046,300,0.2,0.1101834862385321,0.0338430651593482,0.0497512437810945,True,0.073394495412844,success,,10.741330862045288,0.1009174311926605,0.1743119266055046,False,True,0.0458715596330275,0.1009174311926605,False,False,0.1009174311926605,0.1743119266055046,0.0,0.0,True,False,False,False
YFF,12,43,109,7,7,0.128440366972477,0.2,0.1070183486238532,0.0322730442449024,0.2935323383084577,False,0.146788990825688,300,0.8,0.1113761467889908,0.0331874683988764,0.1990049751243781,False,0.018348623853211,success,,11.018080472946169,0.1009174311926605,0.1743119266055046,False,True,0.073394495412844,0.110091743119266,False,False,0.1009174311926605,0.1743119266055046,0.027522935779816488,-0.0275229357798166,True,False,False,False
YFF,12,44,109,7,7,0.091743119266055,0.2,0.106788990825688,0.0325310109301399,0.7064676616915423,False,0.1376146788990825,300,0.2,0.108394495412844,0.03601173259229,0.2437810945273631,False,0.0458715596330275,success,,10.901471614837646,0.1009174311926605,0.1743119266055046,False,True,0.128440366972477,0.128440366972477,False,False,0.128440366972477,0.1743119266055046,-0.03669724770642199,-0.036697247706422104,True,False,False,False
YFF,12,45,109,7,7,0.128440366972477,0.8,0.1065137614678899,0.030791020678525,0.2786069651741293,False,0.128440366972477,150,0.5,0.1166055045871559,0.0348964599363179,0.4029850746268656,False,0.0,success,,12.78562355041504,0.1009174311926605,0.1743119266055046,False,True,0.1376146788990825,0.1376146788990825,False,False,0.1376146788990825,0.1743119266055046,-0.009174311926605505,-0.04587155963302761,True,False,False,False
YFF,12,46,109,7,7,0.110091743119266,0.2,0.1058256880733944,0.033044902685215,0.4577114427860697,False,0.128440366972477,300,0.5,0.110137614678899,0.0366568573538327,0.3582089552238806,False,0.018348623853211,success,,13.511144638061523,0.1009174311926605,0.1743119266055046,False,True,0.1376146788990825,0.1376146788990825,False,False,0.1376146788990825,0.1743119266055046,-0.027522935779816488,-0.04587155963302761,True,False,False,False
YFF,12,47,109,7,7,0.110091743119266,0.8,0.1107339449541284,0.0336616144774225,0.5223880597014925,False,0.1192660550458715,450,0.8,0.1106422018348623,0.0342610261876899,0.3980099502487562,False,0.0091743119266055,success,,11.439919710159302,0.1009174311926605,0.1743119266055046,False,True,0.1376146788990825,0.1651376146788991,False,False,0.1376146788990825,0.1743119266055046,-0.027522935779816488,-0.0550458715596331,True,False,False,False
YFF,12,48,109,7,7,0.1009174311926605,0.2,0.1070642201834862,0.0326228026477117,0.6268656716417911,False,0.1559633027522936,300,0.2,0.1079357798165137,0.0357038743735081,0.1442786069651741,False,0.055045871559633,success,,13.366467952728271,0.1009174311926605,0.1743119266055046,False,True,0.1009174311926605,0.1376146788990825,False,False,0.1009174311926605,0.1743119266055046,0.0,-0.01834862385321101,True,False,False,False
YFF,12,49,109,7,7,0.110091743119266,0.8,0.1112385321100917,0.0326853312802637,0.5522388059701493,False,0.128440366972477,300,0.2,0.1094495412844036,0.0338370658125113,0.3034825870646766,False,0.018348623853211,success,,13.65930986404419,0.1009174311926605,0.1743119266055046,False,True,0.1009174311926605,0.1559633027522936,False,False,0.1009174311926605,0.1743119266055046,0.009174311926605505,-0.04587155963302761,True,False,False,False
YFF,12,50,109,7,7,0.1192660550458715,0.8,0.1076605504587156,0.0334721997193487,0.4079601990049751,False,0.1376146788990825,450,0.8,0.1072018348623853,0.0316283668593262,0.2039800995024875,False,0.018348623853211,success,,10.799144983291626,0.1009174311926605,0.1743119266055046,False,True,0.110091743119266,0.110091743119266,False,False,0.110091743119266,0.1743119266055046,0.009174311926605491,-0.036697247706422104,True,False,False,False
YFF,12,51,109,7,7,0.1376146788990825,0.2,0.106697247706422,0.0342075302692429,0.2487562189054726,False,0.1651376146788991,300,0.8,0.1111009174311926,0.0343614912102559,0.0845771144278607,False,0.0275229357798165,success,,11.311633110046388,0.1009174311926605,0.1743119266055046,False,True,0.1743119266055046,0.2293577981651376,False,True,0.1743119266055046,0.2293577981651376,-0.036697247706422104,-0.06422018348623851,True,False,False,False
YFF,12,52,109,7,7,0.128440366972477,0.8,0.1070642201834862,0.0329324927932105,0.3184079601990049,False,0.1834862385321101,450,0.2,0.1065596330275229,0.0317231705213874,0.0199004975124378,True,0.055045871559633,success,,10.853488445281982,0.1009174311926605,0.1743119266055046,False,True,0.1009174311926605,0.1559633027522936,False,False,0.1009174311926605,0.1743119266055046,0.027522935779816488,0.009174311926605505,True,False,False,False
YFF,12,53,109,7,7,0.110091743119266,0.8,0.1103211009174311,0.0340355732581962,0.572139303482587,False,0.146788990825688,300,0.8,0.1113761467889908,0.0327383754146784,0.1840796019900497,False,0.036697247706422,success,,10.971188306808472,0.1009174311926605,0.1743119266055046,False,True,0.0825688073394495,0.1834862385321101,False,True,0.1009174311926605,0.1834862385321101,0.009174311926605505,-0.036697247706422104,True,False,False,False
YFF,12,54,109,7,7,0.1559633027522936,0.2,0.1063302752293578,0.0331638828558362,0.0796019900497512,False,0.1743119266055046,300,0.8,0.1088532110091743,0.0340509790585358,0.0497512437810945,True,0.018348623853211,success,,10.943366765975952,0.1009174311926605,0.1743119266055046,False,True,0.1192660550458715,0.146788990825688,False,False,0.1192660550458715,0.1743119266055046,0.03669724770642209,0.0,True,False,False,False
YFF,13,14,109,7,7,0.1376146788990825,0.8,0.1075229357798165,0.0332653727638391,0.1990049751243781,False,0.1651376146788991,75,0.5,0.1158715596330275,0.0321553057989622,0.0845771144278607,False,0.0275229357798165,success,,14.57570743560791,0.146788990825688,0.1559633027522936,False,False,0.1192660550458715,0.1926605504587156,False,True,0.146788990825688,0.1926605504587156,-0.009174311926605505,-0.027522935779816515,True,False,False,False
YFF,13,15,109,7,7,0.110091743119266,0.5,0.1042660550458715,0.0345503764270983,0.417910447761194,False,0.1376146788990825,60,0.5,0.1176146788990825,0.0320954015804967,0.3034825870646766,False,0.0275229357798165,success,,15.475653886795044,0.146788990825688,0.1559633027522936,False,False,0.055045871559633,0.1651376146788991,False,False,0.146788990825688,0.1651376146788991,-0.03669724770642199,-0.0275229357798166,True,True,False,False
YFF,13,16,109,7,7,0.1192660550458715,0.2,0.1096330275229357,0.033890023299696,0.4577114427860697,False,0.128440366972477,60,0.2,0.1131651376146789,0.0338216563652783,0.3930348258706467,False,0.0091743119266055,success,,14.78544545173645,0.146788990825688,0.1559633027522936,False,False,0.091743119266055,0.146788990825688,False,False,0.146788990825688,0.1559633027522936,-0.0275229357798165,-0.0275229357798166,True,True,False,False
YFF,13,17,109,7,7,0.146788990825688,0.2,0.1115596330275229,0.0333451246366612,0.1791044776119403,False,0.146788990825688,60,0.8,0.1177522935779816,0.0328381858491861,0.2388059701492537,False,0.0,success,,17.574247360229492,0.146788990825688,0.1559633027522936,False,False,0.1559633027522936,0.1651376146788991,False,False,0.1559633027522936,0.1651376146788991,-0.009174311926605588,-0.018348623853211093,True,True,False,False
YFF,13,27,109,7,7,0.073394495412844,0.5,0.108394495412844,0.0359882350944953,0.8557213930348259,False,0.1376146788990825,60,0.2,0.1171100917431192,0.0351186144056347,0.3383084577114428,False,0.0642201834862385,success,,16.409788846969604,0.146788990825688,0.1559633027522936,False,False,0.073394495412844,0.146788990825688,False,False,0.146788990825688,0.1559633027522936,-0.073394495412844,-0.018348623853211093,True,True,False,False
YFF,13,28,109,7,7,0.146788990825688,0.8,0.1087155963302752,0.0326958435034581,0.1492537313432835,False,0.146788990825688,75,0.5,0.1115596330275229,0.0307999479809136,0.1840796019900497,False,0.0,success,,15.88451075553894,0.146788990825688,0.1559633027522936,False,False,0.0642201834862385,0.1009174311926605,False,False,0.146788990825688,0.1559633027522936,0.0,-0.009174311926605588,True,True,False,False
YFF,13,29,109,7,7,0.1009174311926605,0.2,0.1146330275229357,0.0340301050074197,0.7114427860696517,False,0.1192660550458715,100,0.5,0.1154587155963302,0.0343674913121938,0.5074626865671642,False,0.018348623853211,success,,13.003515481948853,0.146788990825688,0.1559633027522936,False,False,0.091743119266055,0.1834862385321101,False,True,0.146788990825688,0.1834862385321101,-0.0458715596330275,-0.0642201834862386,True,False,False,False
YFF,13,30,109,7,7,0.1376146788990825,0.8,0.1088073394495412,0.0327900116339764,0.2437810945273631,False,0.146788990825688,100,0.8,0.1128899082568807,0.0343172427238342,0.1990049751243781,False,0.0091743119266055,success,,13.310091972351074,0.146788990825688,0.1559633027522936,False,False,0.0642201834862385,0.110091743119266,False,False,0.146788990825688,0.1559633027522936,-0.009174311926605505,-0.009174311926605588,True,True,False,False
YFF,13,31,109,7,7,0.0642201834862385,0.2,0.1080733944954128,0.0353967141936257,0.9253731343283582,False,0.1651376146788991,225,0.8,0.1112385321100917,0.0341162521246159,0.0845771144278607,False,0.1009174311926605,success,,14.71501350402832,0.146788990825688,0.1559633027522936,False,False,0.091743119266055,0.1926605504587156,False,True,0.146788990825688,0.1926605504587156,-0.0825688073394495,-0.027522935779816515,True,False,False,False
YFF,13,32,109,7,7,0.091743119266055,0.5,0.1097247706422018,0.0328261086586733,0.7512437810945274,False,0.146788990825688,100,0.5,0.1114678899082569,0.0339648220442823,0.1940298507462686,False,0.055045871559633,success,,13.469662189483644,0.146788990825688,0.1559633027522936,False,False,0.0825688073394495,0.1009174311926605,False,False,0.146788990825688,0.1559633027522936,-0.055045871559633,-0.009174311926605588,True,True,False,False
YFF,13,33,109,7,7,0.1192660550458715,0.2,0.1103669724770642,0.03379203676094,0.417910447761194,False,0.146788990825688,90,0.8,0.1158715596330275,0.0339468853764343,0.2189054726368159,False,0.0275229357798165,success,,13.262045621871948,0.146788990825688,0.1559633027522936,False,False,0.128440366972477,0.1743119266055046,False,False,0.146788990825688,0.1743119266055046,-0.0275229357798165,-0.0275229357798166,True,True,False,False
YFF,13,34,109,7,7,0.091743119266055,0.5,0.1053211009174312,0.0321375436700514,0.6915422885572139,False,0.1651376146788991,60,0.8,0.1172935779816513,0.0338416591578564,0.099502487562189,False,0.073394495412844,success,,14.608585834503174,0.146788990825688,0.1559633027522936,False,False,0.1009174311926605,0.1834862385321101,False,False,0.146788990825688,0.1834862385321101,-0.055045871559633,-0.01834862385321101,True,True,False,False
YFF,13,35,109,7,7,0.073394495412844,0.2,0.108394495412844,0.0342787676324386,0.8606965174129353,False,0.1376146788990825,90,0.2,0.1142201834862385,0.0355825112302233,0.2835820895522388,False,0.0642201834862385,success,,14.045834302902222,0.146788990825688,0.1559633027522936,False,False,0.0825688073394495,0.1834862385321101,False,True,0.146788990825688,0.1834862385321101,-0.073394495412844,-0.04587155963302761,True,False,False,False
YFF,13,36,109,7,7,0.128440366972477,0.8,0.1109633027522935,0.0338631489818504,0.3532338308457711,False,0.1376146788990825,225,0.5,0.1103211009174312,0.0364826779906877,0.2487562189054726,False,0.0091743119266055,success,,11.54578185081482,0.146788990825688,0.1559633027522936,False,False,0.1192660550458715,0.1651376146788991,False,False,0.146788990825688,0.1651376146788991,-0.01834862385321101,-0.0275229357798166,True,True,False,False
YFF,13,37,109,7,7,0.1376146788990825,0.2,0.1108256880733945,0.0355540909270093,0.2537313432835821,False,0.1376146788990825,75,0.2,0.1125688073394495,0.0329786954854548,0.263681592039801,False,0.0,success,,14.145140886306764,0.146788990825688,0.1559633027522936,False,False,0.055045871559633,0.0642201834862385,False,False,0.146788990825688,0.1559633027522936,-0.009174311926605505,-0.018348623853211093,True,True,False,False
YFF,13,38,109,7,7,0.1192660550458715,0.2,0.1097247706422018,0.0327099407489877,0.4228855721393035,False,0.146788990825688,100,0.2,0.1154128440366972,0.0386874463542527,0.2437810945273631,False,0.0275229357798165,success,,12.867547273635864,0.146788990825688,0.1559633027522936,False,False,0.055045871559633,0.146788990825688,False,False,0.146788990825688,0.1559633027522936,-0.0275229357798165,-0.009174311926605588,True,True,False,False
YFF,13,39,109,7,7,0.110091743119266,0.5,0.110045871559633,0.0339865762238948,0.5572139303482587,False,0.1559633027522936,180,0.2,0.1108256880733945,0.0332551995556242,0.1442786069651741,False,0.0458715596330275,success,,11.71788763999939,0.146788990825688,0.1559633027522936,False,False,0.128440366972477,0.2018348623853211,False,True,0.146788990825688,0.2018348623853211,-0.03669724770642199,-0.045871559633027525,True,False,False,False
YFF,13,40,109,7,7,0.146788990825688,0.2,0.105045871559633,0.0350917770178305,0.1442786069651741,False,0.146788990825688,900,0.2,0.105045871559633,0.0350917770178305,0.1442786069651741,False,0.0,success,,10.66343903541565,0.146788990825688,0.1559633027522936,False,False,0.1743119266055046,0.2018348623853211,True,True,0.1743119266055046,0.2018348623853211,-0.0275229357798166,-0.055045871559633114,False,False,False,False
YFF,13,41,109,7,7,0.1009174311926605,0.2,0.1088532110091743,0.0324481828872196,0.6119402985074627,False,0.1743119266055046,100,0.5,0.1142201834862385,0.0342747264762835,0.0646766169154228,False,0.073394495412844,success,,14.274565935134888,0.146788990825688,0.1559633027522936,False,False,0.036697247706422,0.1743119266055046,False,False,0.146788990825688,0.1743119266055046,-0.0458715596330275,0.0,True,True,False,False
YFF,13,42,109,7,7,0.1192660550458715,0.5,0.1085321100917431,0.0321000135662384,0.4079601990049751,False,0.1376146788990825,100,0.8,0.1113761467889908,0.0329957484475174,0.2537313432835821,False,0.018348623853211,success,,14.351895093917848,0.146788990825688,0.1559633027522936,False,False,0.0458715596330275,0.1009174311926605,False,False,0.146788990825688,0.1559633027522936,-0.0275229357798165,-0.018348623853211093,True,True,False,False
YFF,13,43,109,7,7,0.0825688073394495,0.2,0.1109174311926605,0.0329976711609016,0.8557213930348259,False,0.1559633027522936,60,0.8,0.1188532110091743,0.034880790960145,0.1890547263681592,False,0.073394495412844,success,,15.51409649848938,0.146788990825688,0.1559633027522936,False,False,0.073394495412844,0.110091743119266,False,False,0.146788990825688,0.1559633027522936,-0.0642201834862385,0.0,True,True,False,False
YFF,13,44,109,7,7,0.1009174311926605,0.8,0.1097706422018348,0.0352556441798859,0.6318407960199005,False,0.146788990825688,75,0.8,0.1120642201834862,0.0328523507585189,0.2039800995024875,False,0.0458715596330275,success,,13.678989887237549,0.146788990825688,0.1559633027522936,False,False,0.128440366972477,0.128440366972477,False,False,0.146788990825688,0.1559633027522936,-0.0458715596330275,-0.009174311926605588,True,True,False,False
YFF,13,45,109,7,7,0.110091743119266,0.5,0.1082110091743119,0.0327546173239773,0.5074626865671642,False,0.1651376146788991,100,0.5,0.1140825688073394,0.0319741651689826,0.0845771144278607,False,0.055045871559633,success,,13.033785820007324,0.146788990825688,0.1559633027522936,False,False,0.1376146788990825,0.1376146788990825,False,False,0.146788990825688,0.1559633027522936,-0.03669724770642199,0.009174311926605505,True,True,False,False
YFF,13,46,109,7,7,0.091743119266055,0.2,0.1081192660550458,0.0358209596428525,0.6915422885572139,False,0.1376146788990825,75,0.5,0.1135779816513761,0.0330792192443985,0.2736318407960199,False,0.0458715596330275,success,,13.125360012054443,0.146788990825688,0.1559633027522936,False,False,0.1376146788990825,0.1376146788990825,False,False,0.146788990825688,0.1559633027522936,-0.055045871559633,-0.018348623853211093,True,True,False,False
YFF,13,47,109,7,7,0.128440366972477,0.2,0.106788990825688,0.0343276248370728,0.3233830845771144,False,0.128440366972477,60,0.5,0.115,0.0344854344714843,0.3582089552238806,False,0.0,success,,14.622513771057127,0.146788990825688,0.1559633027522936,False,False,0.1376146788990825,0.1651376146788991,False,False,0.146788990825688,0.1651376146788991,-0.01834862385321101,-0.036697247706422104,True,True,False,False
YFF,13,48,109,7,7,0.128440366972477,0.8,0.1081651376146789,0.0320799795581358,0.3134328358208955,False,0.146788990825688,100,0.8,0.1126605504587156,0.034769815639067,0.1940298507462686,False,0.018348623853211,success,,13.01793932914734,0.146788990825688,0.1559633027522936,False,False,0.1009174311926605,0.1376146788990825,False,False,0.146788990825688,0.1559633027522936,-0.01834862385321101,-0.009174311926605588,True,True,False,False
YFF,13,49,109,7,7,0.128440366972477,0.5,0.1108715596330275,0.0370959109375633,0.3383084577114428,False,0.128440366972477,60,0.8,0.1179357798165137,0.0362379339453862,0.4029850746268656,False,0.0,success,,15.30831217765808,0.146788990825688,0.1559633027522936,False,False,0.1009174311926605,0.1559633027522936,False,False,0.146788990825688,0.1559633027522936,-0.01834862385321101,-0.0275229357798166,True,True,False,False
YFF,13,50,109,7,7,0.1651376146788991,0.2,0.1077981651376146,0.0364399026060702,0.0696517412935323,False,0.1651376146788991,900,0.2,0.1077981651376146,0.0364399026060702,0.0696517412935323,False,0.0,success,,12.135251998901367,0.146788990825688,0.1559633027522936,False,False,0.110091743119266,0.110091743119266,False,False,0.146788990825688,0.1559633027522936,0.018348623853211093,0.009174311926605505,True,True,False,False
YFF,13,51,109,7,7,0.146788990825688,0.8,0.1087614678899082,0.0340350761807933,0.154228855721393,False,0.1834862385321101,60,0.8,0.1154128440366972,0.0334959785461307,0.0398009950248756,True,0.036697247706422,success,,15.098094463348389,0.146788990825688,0.1559633027522936,False,False,0.1743119266055046,0.2293577981651376,False,True,0.1743119266055046,0.2293577981651376,-0.0275229357798166,-0.0458715596330275,True,False,False,False
YFF,13,52,109,7,7,0.1376146788990825,0.2,0.1044954128440367,0.0341392106888107,0.1940298507462686,False,0.1651376146788991,225,0.2,0.1069724770642202,0.0337861535391122,0.0597014925373134,False,0.0275229357798165,success,,11.189391136169434,0.146788990825688,0.1559633027522936,False,False,0.1009174311926605,0.1559633027522936,False,False,0.146788990825688,0.1559633027522936,-0.009174311926605505,0.009174311926605505,True,True,False,False
YFF,13,53,109,7,7,0.1192660550458715,0.5,0.108348623853211,0.0337604806898461,0.4228855721393035,False,0.1192660550458715,60,0.2,0.1149082568807339,0.0346452416544051,0.4825870646766169,False,0.0,success,,16.908516883850098,0.146788990825688,0.1559633027522936,False,False,0.0825688073394495,0.1834862385321101,False,True,0.146788990825688,0.1834862385321101,-0.0275229357798165,-0.0642201834862386,True,False,False,False
YFF,13,54,109,7,7,0.091743119266055,0.2,0.106651376146789,0.0329366986346466,0.7263681592039801,False,0.1376146788990825,300,0.2,0.1094036697247706,0.0344370775051486,0.263681592039801,False,0.0458715596330275,success,,10.83887219429016,0.146788990825688,0.1559633027522936,False,False,0.1192660550458715,0.146788990825688,False,False,0.146788990825688,0.1559633027522936,-0.055045871559633,-0.018348623853211093,True,True,False,False
YFF,14,15,109,7,7,0.1009174311926605,0.2,0.1077064220183486,0.0367460834059932,0.5970149253731343,False,0.1743119266055046,60,0.5,0.1174770642201835,0.0360424911361014,0.0646766169154228,False,0.073394495412844,success,,15.10608458518982,0.1192660550458715,0.1926605504587156,False,True,0.055045871559633,0.1651376146788991,False,False,0.1192660550458715,0.1926605504587156,-0.018348623853210996,-0.01834862385321101,True,False,False,False
YFF,14,16,109,7,7,0.1376146788990825,0.5,0.1077981651376146,0.0332855827842523,0.2288557213930348,False,0.1559633027522936,100,0.8,0.1142660550458715,0.0362542705069007,0.1442786069651741,False,0.018348623853211,success,,13.0816011428833,0.1192660550458715,0.1926605504587156,False,True,0.091743119266055,0.146788990825688,False,False,0.1192660550458715,0.1926605504587156,0.018348623853210996,-0.03669724770642202,True,False,False,False
YFF,14,17,109,7,7,0.1192660550458715,0.8,0.1092201834862385,0.0389840860677199,0.4029850746268656,False,0.1651376146788991,60,0.8,0.113348623853211,0.034399720087394,0.0895522388059701,False,0.0458715596330275,success,,14.904592990875244,0.1192660550458715,0.1926605504587156,False,True,0.1559633027522936,0.1651376146788991,False,False,0.1559633027522936,0.1926605504587156,-0.03669724770642209,-0.027522935779816515,True,False,False,False
YFF,14,27,109,7,7,0.1559633027522936,0.2,0.110091743119266,0.0343148084801913,0.1094527363184079,False,0.1834862385321101,100,0.2,0.1116055045871559,0.0353203674677936,0.0497512437810945,True,0.0275229357798165,success,,13.565483570098875,0.1192660550458715,0.1926605504587156,False,True,0.073394495412844,0.146788990825688,False,False,0.1192660550458715,0.1926605504587156,0.03669724770642209,-0.009174311926605505,True,False,False,False
YFF,14,28,109,7,7,0.1376146788990825,0.2,0.1080275229357798,0.0332180090741589,0.2189054726368159,False,0.1926605504587156,60,0.8,0.113394495412844,0.0359172087774516,0.0298507462686567,True,0.055045871559633,success,,15.651464700698853,0.1192660550458715,0.1926605504587156,False,True,0.0642201834862385,0.1009174311926605,False,False,0.1192660550458715,0.1926605504587156,0.018348623853210996,0.0,True,False,False,False
YFF,14,29,109,7,7,0.1651376146788991,0.2,0.1089908256880734,0.0335237465053204,0.0746268656716417,False,0.1651376146788991,60,0.8,0.115,0.0354172306277868,0.0945273631840796,False,0.0,success,,17.532283306121826,0.1192660550458715,0.1926605504587156,False,True,0.091743119266055,0.1834862385321101,False,True,0.1192660550458715,0.1926605504587156,0.045871559633027595,-0.027522935779816515,True,False,False,False
YFF,14,30,109,7,7,0.128440366972477,0.2,0.1075688073394495,0.035833473371253,0.308457711442786,False,0.1834862385321101,60,0.8,0.1135779816513761,0.0354731052597237,0.044776119402985,True,0.055045871559633,success,,15.66705584526062,0.1192660550458715,0.1926605504587156,False,True,0.0642201834862385,0.110091743119266,False,False,0.1192660550458715,0.1926605504587156,0.009174311926605491,-0.009174311926605505,True,False,False,False
YFF,14,31,109,7,7,0.110091743119266,0.8,0.1092201834862385,0.0339629229498106,0.5472636815920398,False,0.2018348623853211,60,0.8,0.1198165137614679,0.0367046232964284,0.0298507462686567,True,0.091743119266055,success,,18.19538688659668,0.1192660550458715,0.1926605504587156,False,True,0.091743119266055,0.1926605504587156,False,True,0.1192660550458715,0.1926605504587156,-0.009174311926605491,0.009174311926605505,True,False,False,False
YFF,14,32,109,7,7,0.110091743119266,0.8,0.1076605504587156,0.0348344399059153,0.4875621890547263,False,0.2018348623853211,100,0.5,0.1152752293577981,0.0366808489937796,0.0248756218905472,True,0.091743119266055,success,,14.222172498703005,0.1192660550458715,0.1926605504587156,False,True,0.0825688073394495,0.1009174311926605,False,False,0.1192660550458715,0.1926605504587156,-0.009174311926605491,0.009174311926605505,True,False,False,False
YFF,14,33,109,7,7,0.1376146788990825,0.2,0.1111926605504587,0.0318413777878203,0.2288557213930348,False,0.1834862385321101,300,0.2,0.1137614678899082,0.0307389160066693,0.0248756218905472,True,0.0458715596330275,success,,11.818076610565186,0.1192660550458715,0.1926605504587156,False,True,0.128440366972477,0.1743119266055046,False,False,0.128440366972477,0.1926605504587156,0.009174311926605505,-0.009174311926605505,True,False,False,False
YFF,14,34,109,7,7,0.0825688073394495,0.2,0.1101834862385321,0.0318736395727137,0.835820895522388,False,0.1926605504587156,60,0.2,0.1138073394495413,0.034180163139777,0.0199004975124378,True,0.110091743119266,success,,14.897158861160278,0.1192660550458715,0.1926605504587156,False,True,0.1009174311926605,0.1834862385321101,False,False,0.1192660550458715,0.1926605504587156,-0.03669724770642199,0.0,True,False,False,False
YFF,14,35,109,7,7,0.110091743119266,0.2,0.1075229357798165,0.0327528417618733,0.4925373134328358,False,0.2018348623853211,75,0.8,0.1155963302752293,0.0356922928473774,0.0199004975124378,True,0.091743119266055,success,,17.926434993743896,0.1192660550458715,0.1926605504587156,False,True,0.0825688073394495,0.1834862385321101,False,True,0.1192660550458715,0.1926605504587156,-0.009174311926605491,0.009174311926605505,True,False,False,False
YFF,14,36,109,7,7,0.1559633027522936,0.8,0.1089908256880734,0.0336245275963954,0.1144278606965174,False,0.2293577981651376,180,0.2,0.1127981651376146,0.0362192545666613,0.0099502487562189,True,0.073394495412844,success,,17.07272696495056,0.1192660550458715,0.1926605504587156,False,True,0.1192660550458715,0.1651376146788991,False,False,0.1192660550458715,0.1926605504587156,0.03669724770642209,0.03669724770642199,True,False,False,False
YFF,14,37,109,7,7,0.1192660550458715,0.2,0.1066055045871559,0.0334100043981476,0.3880597014925373,False,0.2018348623853211,100,0.5,0.1140825688073394,0.0363798163112351,0.0248756218905472,True,0.0825688073394495,success,,14.23207402229309,0.1192660550458715,0.1926605504587156,False,True,0.055045871559633,0.0642201834862385,False,False,0.1192660550458715,0.1926605504587156,0.0,0.009174311926605505,True,False,False,False
YFF,14,38,109,7,7,0.1192660550458715,0.2,0.1079357798165137,0.0325951430506974,0.3980099502487562,False,0.1559633027522936,60,0.8,0.1154587155963302,0.034941124874843,0.1641791044776119,False,0.036697247706422,success,,16.127370595932007,0.1192660550458715,0.1926605504587156,False,True,0.055045871559633,0.146788990825688,False,False,0.1192660550458715,0.1926605504587156,0.0,-0.03669724770642202,True,False,False,False
YFF,14,39,109,7,7,0.1192660550458715,0.2,0.1088532110091743,0.0351992140778194,0.4378109452736318,False,0.1743119266055046,60,0.8,0.115045871559633,0.034164598944141,0.0597014925373134,False,0.055045871559633,success,,16.832547664642334,0.1192660550458715,0.1926605504587156,False,True,0.128440366972477,0.2018348623853211,False,True,0.128440366972477,0.2018348623853211,-0.009174311926605491,-0.027522935779816515,True,False,False,False
YFF,14,40,109,7,7,0.146788990825688,0.5,0.1079816513761467,0.0347765054285539,0.1741293532338308,False,0.2568807339449541,300,0.2,0.1089908256880734,0.0350653714136099,0.0049751243781094,True,0.110091743119266,success,,11.495615482330322,0.1192660550458715,0.1926605504587156,False,True,0.1743119266055046,0.2018348623853211,True,True,0.1743119266055046,0.2018348623853211,-0.0275229357798166,0.055045871559632975,False,False,False,False
YFF,14,41,109,7,7,0.1376146788990825,0.8,0.106697247706422,0.0342198924116096,0.2288557213930348,False,0.1834862385321101,60,0.8,0.1186697247706422,0.0354076756891647,0.0696517412935323,False,0.0458715596330275,success,,17.31186556816101,0.1192660550458715,0.1926605504587156,False,True,0.036697247706422,0.1743119266055046,False,False,0.1192660550458715,0.1926605504587156,0.018348623853210996,-0.009174311926605505,True,False,False,False
YFF,14,42,109,7,7,0.110091743119266,0.2,0.1078440366972477,0.0341355866789231,0.5124378109452736,False,0.1926605504587156,100,0.2,0.1125229357798165,0.036771828459816,0.0248756218905472,True,0.0825688073394495,success,,14.825021505355837,0.1192660550458715,0.1926605504587156,False,True,0.0458715596330275,0.1009174311926605,False,False,0.1192660550458715,0.1926605504587156,-0.009174311926605491,0.0,True,False,False,False
YFF,14,43,109,7,7,0.146788990825688,0.2,0.1058715596330275,0.0320040795616719,0.1343283582089552,False,0.1926605504587156,60,0.8,0.120091743119266,0.0355044495642475,0.0497512437810945,True,0.0458715596330275,success,,18.27566361427307,0.1192660550458715,0.1926605504587156,False,True,0.073394495412844,0.110091743119266,False,False,0.1192660550458715,0.1926605504587156,0.0275229357798165,0.0,True,False,False,False
YFF,14,44,109,7,7,0.146788990825688,0.5,0.1047247706422018,0.0348198666296937,0.154228855721393,False,0.1926605504587156,100,0.5,0.1137155963302752,0.0370059568327151,0.0298507462686567,True,0.0458715596330275,success,,13.154935359954834,0.1192660550458715,0.1926605504587156,False,True,0.128440366972477,0.128440366972477,False,False,0.128440366972477,0.1926605504587156,0.01834862385321101,0.0,True,False,False,False
YFF,14,45,109,7,7,0.1559633027522936,0.2,0.1072018348623853,0.0328227262489959,0.0845771144278607,False,0.1926605504587156,100,0.2,0.1120642201834862,0.0361734493235579,0.0199004975124378,True,0.036697247706422,success,,12.834193706512451,0.1192660550458715,0.1926605504587156,False,True,0.1376146788990825,0.1376146788990825,False,False,0.1376146788990825,0.1926605504587156,0.018348623853211093,0.0,True,False,False,False
YFF,14,46,109,7,7,0.1192660550458715,0.2,0.1041743119266055,0.0338668958103528,0.3582089552238806,False,0.1926605504587156,100,0.2,0.1126146788990825,0.0354179471442699,0.0298507462686567,True,0.073394495412844,success,,13.164521932601929,0.1192660550458715,0.1926605504587156,False,True,0.1376146788990825,0.1376146788990825,False,False,0.1376146788990825,0.1926605504587156,-0.018348623853210996,0.0,True,False,False,False
YFF,14,47,109,7,7,0.146788990825688,0.2,0.1039908256880734,0.0305218142400996,0.0895522388059701,False,0.1651376146788991,60,0.8,0.1195412844036697,0.03459603833701,0.1293532338308457,False,0.018348623853211,success,,15.01241660118103,0.1192660550458715,0.1926605504587156,False,True,0.1376146788990825,0.1651376146788991,False,False,0.1376146788990825,0.1926605504587156,0.009174311926605505,-0.027522935779816515,True,False,False,False
YFF,14,48,109,7,7,0.1192660550458715,0.5,0.106697247706422,0.0323912034781398,0.3830845771144278,False,0.2018348623853211,100,0.5,0.1154128440366972,0.0377018906192611,0.0348258706467661,True,0.0825688073394495,success,,12.783982753753662,0.1192660550458715,0.1926605504587156,False,True,0.1009174311926605,0.1376146788990825,False,False,0.1192660550458715,0.1926605504587156,0.0,0.009174311926605505,True,False,False,False
YFF,14,49,109,7,7,0.128440366972477,0.2,0.1074311926605504,0.0351139471980084,0.3233830845771144,False,0.1651376146788991,60,0.8,0.1202752293577981,0.0349352232942363,0.1442786069651741,False,0.036697247706422,success,,14.65172529220581,0.1192660550458715,0.1926605504587156,False,True,0.1009174311926605,0.1559633027522936,False,False,0.1192660550458715,0.1926605504587156,0.009174311926605491,-0.027522935779816515,True,False,False,False
YFF,14,50,109,7,7,0.146788990825688,0.2,0.1072477064220183,0.0351596891920309,0.1442786069651741,False,0.2018348623853211,100,0.5,0.1154128440366972,0.0379590368121883,0.0298507462686567,True,0.055045871559633,success,,12.902653217315674,0.1192660550458715,0.1926605504587156,False,True,0.110091743119266,0.110091743119266,False,False,0.1192660550458715,0.1926605504587156,0.0275229357798165,0.009174311926605505,True,False,False,False
YFF,14,51,109,7,7,0.1376146788990825,0.2,0.1081651376146789,0.0344205235867956,0.2238805970149253,False,0.2293577981651376,90,0.2,0.1149541284403669,0.036208889193774,0.0149253731343283,True,0.091743119266055,success,,13.848719358444214,0.1192660550458715,0.1926605504587156,False,True,0.1743119266055046,0.2293577981651376,False,True,0.1743119266055046,0.2293577981651376,-0.036697247706422104,0.0,True,False,False,False
YFF,14,52,109,7,7,0.110091743119266,0.5,0.1056880733944954,0.0343512732409366,0.4676616915422885,False,0.2201834862385321,100,0.5,0.1146330275229357,0.0392047895182618,0.0099502487562189,True,0.110091743119266,success,,12.924713611602783,0.1192660550458715,0.1926605504587156,False,True,0.1009174311926605,0.1559633027522936,False,False,0.1192660550458715,0.1926605504587156,-0.009174311926605491,0.027522935779816488,True,False,False,False
YFF,14,53,109,7,7,0.1192660550458715,0.5,0.1081192660550458,0.0334898854493312,0.4129353233830846,False,0.1743119266055046,60,0.8,0.1131192660550458,0.0351081650224682,0.0845771144278607,False,0.055045871559633,success,,14.786831617355348,0.1192660550458715,0.1926605504587156,False,True,0.0825688073394495,0.1834862385321101,False,True,0.1192660550458715,0.1926605504587156,0.0,-0.01834862385321101,True,False,False,False
YFF,14,54,109,7,7,0.110091743119266,0.5,0.1062385321100917,0.035099128466233,0.4825870646766169,False,0.2018348623853211,100,0.5,0.1145412844036697,0.0376639252766409,0.0248756218905472,True,0.091743119266055,success,,13.078132629394531,0.1192660550458715,0.1926605504587156,False,True,0.1192660550458715,0.146788990825688,False,False,0.1192660550458715,0.1926605504587156,-0.009174311926605491,0.009174311926605505,True,False,False,False
YFF,15,16,109,7,7,0.0642201834862385,0.2,0.1081651376146789,0.0349085781095136,0.9303482587064676,False,0.128440366972477,60,0.2,0.1168348623853211,0.0347249912554356,0.4527363184079602,False,0.0642201834862385,success,,14.908679485321043,0.055045871559633,0.1651376146788991,False,False,0.091743119266055,0.146788990825688,False,False,0.091743119266055,0.1651376146788991,-0.0275229357798165,-0.036697247706422104,True,True,False,False
YFF,15,17,109,7,7,0.128440366972477,0.2,0.1058256880733945,0.0349483869905888,0.2686567164179104,False,0.1651376146788991,90,0.8,0.1170183486238532,0.034517553124235,0.1343283582089552,False,0.036697247706422,success,,13.786351442337036,0.055045871559633,0.1651376146788991,False,False,0.1559633027522936,0.1651376146788991,False,False,0.1559633027522936,0.1651376146788991,-0.0275229357798166,0.0,True,True,False,False
YFF,15,27,109,7,7,0.091743119266055,0.2,0.1090825688073394,0.0349715249201556,0.6965174129353234,False,0.1192660550458715,75,0.5,0.1148623853211009,0.0335035539083159,0.4577114427860697,False,0.0275229357798165,success,,14.539690494537354,0.055045871559633,0.1651376146788991,False,False,0.073394495412844,0.146788990825688,False,False,0.073394495412844,0.1651376146788991,0.018348623853210996,-0.045871559633027595,True,True,False,False
YFF,15,28,109,7,7,0.0825688073394495,0.2,0.1020642201834862,0.0332116421165894,0.746268656716418,False,0.1651376146788991,75,0.2,0.111697247706422,0.0318264639249628,0.0895522388059701,False,0.0825688073394495,success,,13.66704487800598,0.055045871559633,0.1651376146788991,False,False,0.0642201834862385,0.1009174311926605,False,False,0.0642201834862385,0.1651376146788991,0.01834862385321101,0.0,True,True,False,False
YFF,15,29,109,7,7,0.091743119266055,0.2,0.1104128440366972,0.0332427013246575,0.7661691542288557,False,0.1559633027522936,60,0.8,0.1169724770642201,0.0332092541927921,0.1890547263681592,False,0.0642201834862385,success,,15.7921884059906,0.055045871559633,0.1651376146788991,False,False,0.091743119266055,0.1834862385321101,False,True,0.091743119266055,0.1834862385321101,0.0,-0.027522935779816515,True,False,False,False
YFF,15,30,109,7,7,0.073394495412844,0.2,0.1029816513761468,0.0346024867010845,0.8606965174129353,False,0.1559633027522936,75,0.5,0.1122935779816513,0.0321412284739699,0.1144278606965174,False,0.0825688073394495,success,,15.228603601455688,0.055045871559633,0.1651376146788991,False,False,0.0642201834862385,0.110091743119266,False,False,0.0642201834862385,0.1651376146788991,0.009174311926605505,-0.009174311926605505,True,True,False,False
YFF,15,31,109,7,7,0.1009174311926605,0.8,0.1071559633027522,0.033234843797118,0.582089552238806,False,0.1559633027522936,300,0.8,0.1132110091743119,0.0355312430872799,0.1243781094527363,False,0.055045871559633,success,,14.389849185943604,0.055045871559633,0.1651376146788991,False,False,0.091743119266055,0.1926605504587156,False,True,0.091743119266055,0.1926605504587156,0.009174311926605505,-0.03669724770642202,True,False,False,False
YFF,15,32,109,7,7,0.0825688073394495,0.2,0.1032110091743119,0.0342747264762836,0.7562189054726368,False,0.1559633027522936,90,0.2,0.1142201834862385,0.0321873843346231,0.1293532338308457,False,0.073394495412844,success,,14.495255708694458,0.055045871559633,0.1651376146788991,False,False,0.0825688073394495,0.1009174311926605,False,False,0.0825688073394495,0.1651376146788991,0.0,-0.009174311926605505,True,True,False,False
YFF,15,33,109,7,7,0.146788990825688,0.8,0.1094036697247706,0.035584739896308,0.1940298507462686,False,0.1651376146788991,75,0.5,0.1177522935779816,0.0328381858491861,0.1094527363184079,False,0.018348623853211,success,,14.783102750778198,0.055045871559633,0.1651376146788991,False,False,0.128440366972477,0.1743119266055046,False,False,0.128440366972477,0.1743119266055046,0.01834862385321101,-0.009174311926605505,True,True,False,False
YFF,15,34,109,7,7,0.110091743119266,0.8,0.1046330275229358,0.0331882011944761,0.4527363184079602,False,0.1651376146788991,90,0.2,0.1194954128440367,0.0359924657762067,0.1293532338308457,False,0.055045871559633,success,,13.549140453338625,0.055045871559633,0.1651376146788991,False,False,0.1009174311926605,0.1834862385321101,False,False,0.1009174311926605,0.1834862385321101,0.009174311926605505,-0.01834862385321101,True,True,False,False
YFF,15,35,109,7,7,0.0825688073394495,0.2,0.1037155963302752,0.0335822048896322,0.7711442786069652,False,0.1559633027522936,75,0.5,0.113440366972477,0.0345013749449251,0.1592039800995024,False,0.073394495412844,success,,14.377604246139526,0.055045871559633,0.1651376146788991,False,False,0.0825688073394495,0.1834862385321101,False,True,0.0825688073394495,0.1834862385321101,0.0,-0.027522935779816515,True,False,False,False
YFF,15,36,109,7,7,0.1009174311926605,0.2,0.1040366972477064,0.0336858560027899,0.6268656716417911,False,0.1834862385321101,150,0.8,0.1121559633027522,0.0347001349021369,0.0248756218905472,True,0.0825688073394495,success,,16.94509482383728,0.055045871559633,0.1651376146788991,False,False,0.1192660550458715,0.1651376146788991,False,False,0.1192660550458715,0.1651376146788991,-0.018348623853210996,0.01834862385321101,True,True,False,True
YFF,15,37,109,7,7,0.055045871559633,0.2,0.101697247706422,0.0332096044323605,0.9552238805970148,False,0.1376146788990825,75,0.5,0.1122477064220183,0.0313381866754147,0.2537313432835821,False,0.0825688073394495,success,,17.62533974647522,0.055045871559633,0.1651376146788991,False,False,0.055045871559633,0.0642201834862385,False,False,0.055045871559633,0.1651376146788991,0.0,-0.0275229357798166,True,True,False,False
YFF,15,38,109,7,7,0.055045871559633,0.2,0.110091743119266,0.0330336693065291,0.9800995024875622,False,0.128440366972477,300,0.5,0.1118348623853211,0.0341714072180461,0.3532338308457711,False,0.073394495412844,success,,11.361417531967165,0.055045871559633,0.1651376146788991,False,False,0.055045871559633,0.146788990825688,False,False,0.055045871559633,0.1651376146788991,0.0,-0.036697247706422104,True,True,False,False
YFF,15,39,109,7,7,0.1009174311926605,0.5,0.1046788990825688,0.03642179132135,0.5472636815920398,False,0.1743119266055046,300,0.8,0.1115596330275229,0.0327822713860972,0.044776119402985,True,0.073394495412844,success,,11.254113912582396,0.055045871559633,0.1651376146788991,False,False,0.128440366972477,0.2018348623853211,False,True,0.128440366972477,0.2018348623853211,-0.027522935779816488,-0.027522935779816515,True,False,False,False
YFF,15,40,109,7,7,0.110091743119266,0.2,0.1013302752293578,0.0349534695738658,0.4079601990049751,False,0.1743119266055046,300,0.5,0.1077522935779816,0.0342777805237656,0.0646766169154228,False,0.0642201834862385,success,,10.68600869178772,0.055045871559633,0.1651376146788991,False,False,0.1743119266055046,0.2018348623853211,True,True,0.1743119266055046,0.2018348623853211,-0.06422018348623859,-0.027522935779816515,False,False,False,False
YFF,15,41,109,7,7,0.073394495412844,0.2,0.108394495412844,0.0379893042169327,0.835820895522388,False,0.146788990825688,60,0.2,0.1175688073394495,0.0375751058797007,0.2139303482587064,False,0.073394495412844,success,,15.313168048858644,0.055045871559633,0.1651376146788991,False,False,0.036697247706422,0.1743119266055046,False,False,0.055045871559633,0.1743119266055046,0.018348623853210996,-0.0275229357798166,True,True,False,False
YFF,15,42,109,7,7,0.0458715596330275,0.2,0.1,0.0357751468968298,0.9601990049751244,False,0.146788990825688,180,0.2,0.1124770642201834,0.0377453929014614,0.2388059701492537,False,0.1009174311926605,success,,11.896262168884276,0.055045871559633,0.1651376146788991,False,False,0.0458715596330275,0.1009174311926605,False,False,0.055045871559633,0.1651376146788991,-0.009174311926605505,-0.018348623853211093,True,True,False,False
YFF,15,43,109,7,7,0.0825688073394495,0.2,0.106743119266055,0.0331509674468995,0.7960199004975125,False,0.1651376146788991,90,0.8,0.1177064220183486,0.0364672846323464,0.1393034825870646,False,0.0825688073394495,success,,12.65985894203186,0.055045871559633,0.1651376146788991,False,False,0.073394495412844,0.110091743119266,False,False,0.073394495412844,0.1651376146788991,0.009174311926605505,0.0,True,True,False,False
YFF,15,44,109,7,7,0.0642201834862385,0.2,0.1023394495412844,0.0328165403697108,0.9253731343283582,False,0.1559633027522936,75,0.2,0.1110091743119266,0.0317007970668569,0.1442786069651741,False,0.091743119266055,success,,13.469504356384276,0.055045871559633,0.1651376146788991,False,False,0.128440366972477,0.128440366972477,False,False,0.128440366972477,0.1651376146788991,-0.0642201834862385,-0.009174311926605505,True,True,False,False
YFF,15,45,109,7,7,0.1009174311926605,0.8,0.1043119266055045,0.0347351297303312,0.5920398009950248,False,0.1376146788990825,100,0.2,0.1169724770642202,0.0363934453408302,0.3233830845771144,False,0.036697247706422,success,,13.55008578300476,0.055045871559633,0.1651376146788991,False,False,0.1376146788990825,0.1376146788990825,False,False,0.1376146788990825,0.1651376146788991,-0.03669724770642199,-0.0275229357798166,True,True,False,False
YFF,15,46,109,7,7,0.073394495412844,0.8,0.1011926605504587,0.0328141236938902,0.845771144278607,False,0.1559633027522936,75,0.8,0.1122477064220183,0.0335037748306724,0.1343283582089552,False,0.0825688073394495,success,,13.986144304275513,0.055045871559633,0.1651376146788991,False,False,0.1376146788990825,0.1376146788990825,False,False,0.1376146788990825,0.1651376146788991,-0.0642201834862385,-0.009174311926605505,True,True,False,False
YFF,15,47,109,7,7,0.110091743119266,0.2,0.1035779816513761,0.0320404019922893,0.4577114427860697,False,0.1743119266055046,75,0.2,0.1124311926605504,0.0318737390955755,0.0398009950248756,True,0.0642201834862385,success,,13.789430618286133,0.055045871559633,0.1651376146788991,False,False,0.1376146788990825,0.1651376146788991,False,False,0.1376146788990825,0.1651376146788991,-0.027522935779816488,0.009174311926605505,True,True,False,True
YFF,15,48,109,7,7,0.055045871559633,0.2,0.1015596330275229,0.0350285633201598,0.945273631840796,False,0.1559633027522936,75,0.2,0.1126146788990825,0.0329174308328896,0.1293532338308457,False,0.1009174311926605,success,,14.071608781814575,0.055045871559633,0.1651376146788991,False,False,0.1009174311926605,0.1376146788990825,False,False,0.1009174311926605,0.1651376146788991,-0.0458715596330275,-0.009174311926605505,True,True,False,False
YFF,15,49,109,7,7,0.1376146788990825,0.2,0.1115596330275229,0.0348825188327179,0.2885572139303483,False,0.1376146788990825,900,0.2,0.1115596330275229,0.0348825188327179,0.2885572139303483,False,0.0,success,,10.328649282455444,0.055045871559633,0.1651376146788991,False,False,0.1009174311926605,0.1559633027522936,False,False,0.1009174311926605,0.1651376146788991,0.03669724770642199,-0.0275229357798166,True,True,False,False
YFF,15,50,109,7,7,0.0825688073394495,0.5,0.101651376146789,0.0326778574594583,0.7512437810945274,False,0.1559633027522936,75,0.8,0.1111467889908257,0.0338454083653724,0.1393034825870646,False,0.073394495412844,success,,13.80545973777771,0.055045871559633,0.1651376146788991,False,False,0.110091743119266,0.110091743119266,False,False,0.110091743119266,0.1651376146788991,-0.0275229357798165,-0.009174311926605505,True,True,False,False
YFF,15,51,109,7,7,0.1743119266055046,0.8,0.1098623853211009,0.0346391370348864,0.0547263681592039,False,0.1743119266055046,900,0.8,0.1098623853211009,0.0346391370348864,0.0547263681592039,False,0.0,success,,10.68489146232605,0.055045871559633,0.1651376146788991,False,False,0.1743119266055046,0.2293577981651376,False,True,0.1743119266055046,0.2293577981651376,0.0,-0.055045871559633,True,False,False,False
YFF,15,52,109,7,7,0.055045871559633,0.2,0.1012385321100917,0.0343317829630926,0.9502487562189056,False,0.1376146788990825,60,0.8,0.1173394495412844,0.0340871366703472,0.3283582089552239,False,0.0825688073394495,success,,16.806092739105225,0.055045871559633,0.1651376146788991,False,False,0.1009174311926605,0.1559633027522936,False,False,0.1009174311926605,0.1651376146788991,-0.0458715596330275,-0.0275229357798166,True,True,False,False
YFF,15,53,109,7,7,0.0642201834862385,0.5,0.103440366972477,0.0341534242449168,0.9104477611940298,False,0.1376146788990825,75,0.8,0.1153669724770642,0.0308684989683332,0.308457711442786,False,0.073394495412844,success,,13.420541524887083,0.055045871559633,0.1651376146788991,False,False,0.0825688073394495,0.1834862385321101,False,True,0.0825688073394495,0.1834862385321101,-0.01834862385321101,-0.04587155963302761,True,False,False,False
YFF,15,54,109,7,7,0.1192660550458715,0.2,0.1025688073394495,0.0354635653753914,0.3283582089552239,False,0.1559633027522936,75,0.5,0.1111009174311926,0.0320957969195279,0.1194029850746268,False,0.036697247706422,success,,13.453121185302734,0.055045871559633,0.1651376146788991,False,False,0.1192660550458715,0.146788990825688,False,False,0.1192660550458715,0.1651376146788991,0.0,-0.009174311926605505,True,True,False,False
YFF,16,17,109,7,7,0.146788990825688,0.2,0.1079816513761467,0.0324616385027543,0.1243781094527363,False,0.146788990825688,60,0.5,0.113394495412844,0.0325699923358878,0.2039800995024875,False,0.0,success,,15.503296613693236,0.091743119266055,0.146788990825688,False,False,0.1559633027522936,0.1651376146788991,False,False,0.1559633027522936,0.1651376146788991,-0.009174311926605588,-0.018348623853211093,True,True,False,False
YFF,16,27,109,7,7,0.073394495412844,0.8,0.1083027522935779,0.0311720094786976,0.8955223880597015,False,0.1009174311926605,60,0.5,0.1163761467889908,0.032964167870086,0.7014925373134329,False,0.0275229357798165,success,,20.686156272888184,0.091743119266055,0.146788990825688,False,False,0.073394495412844,0.146788990825688,False,False,0.091743119266055,0.146788990825688,-0.018348623853210996,-0.0458715596330275,True,True,False,False
YFF,16,28,109,7,7,0.128440366972477,0.2,0.1086697247706422,0.037042512760825,0.3383084577114428,False,0.1651376146788991,60,0.2,0.1120642201834862,0.0349120613058158,0.0895522388059701,False,0.036697247706422,success,,18.75637149810791,0.091743119266055,0.146788990825688,False,False,0.0642201834862385,0.1009174311926605,False,False,0.091743119266055,0.146788990825688,0.03669724770642199,0.018348623853211093,True,True,False,False
YFF,16,29,109,7,7,0.110091743119266,0.8,0.1107798165137614,0.0316331806434774,0.5422885572139303,False,0.146788990825688,60,0.5,0.1138073394495413,0.0362927490206066,0.2437810945273631,False,0.036697247706422,success,,16.212685585021973,0.091743119266055,0.146788990825688,False,False,0.091743119266055,0.1834862385321101,False,True,0.091743119266055,0.1834862385321101,0.01834862385321101,-0.036697247706422104,True,False,False,False
YFF,16,30,109,7,7,0.1192660550458715,0.5,0.1081192660550458,0.0340534632123231,0.4378109452736318,False,0.1651376146788991,60,0.2,0.1130275229357798,0.0340644223776501,0.0845771144278607,False,0.0458715596330275,success,,14.644978284835815,0.091743119266055,0.146788990825688,False,False,0.0642201834862385,0.110091743119266,False,False,0.091743119266055,0.146788990825688,0.0275229357798165,0.018348623853211093,True,True,False,False
YFF,16,31,109,7,7,0.073394495412844,0.2,0.106788990825688,0.0359760397218469,0.8606965174129353,False,0.146788990825688,60,0.2,0.1151834862385321,0.0351393233028487,0.2139303482587064,False,0.073394495412844,success,,14.927655220031738,0.091743119266055,0.146788990825688,False,False,0.091743119266055,0.1926605504587156,False,True,0.091743119266055,0.1926605504587156,-0.018348623853210996,-0.04587155963302761,True,False,False,False
YFF,16,32,109,7,7,0.091743119266055,0.2,0.1097706422018348,0.0344424811431122,0.7313432835820896,False,0.1559633027522936,60,0.2,0.1121559633027522,0.0339110771224437,0.1393034825870646,False,0.0642201834862385,success,,14.674779653549194,0.091743119266055,0.146788990825688,False,False,0.0825688073394495,0.1009174311926605,False,False,0.091743119266055,0.146788990825688,0.0,0.009174311926605588,True,True,False,False
YFF,16,33,109,7,7,0.1559633027522936,0.2,0.1087155963302752,0.0320952697997375,0.0796019900497512,False,0.1559633027522936,60,0.2,0.1148165137614679,0.0359753049288202,0.154228855721393,False,0.0,success,,16.925257921218872,0.091743119266055,0.146788990825688,False,False,0.128440366972477,0.1743119266055046,False,False,0.128440366972477,0.1743119266055046,0.0275229357798166,-0.01834862385321101,True,True,False,False
YFF,16,34,109,7,7,0.091743119266055,0.2,0.1090366972477064,0.0369519708279733,0.6865671641791045,False,0.1651376146788991,100,0.5,0.1148623853211009,0.0338551855944496,0.0895522388059701,False,0.073394495412844,success,,12.890929222106934,0.091743119266055,0.146788990825688,False,False,0.1009174311926605,0.1834862385321101,False,False,0.1009174311926605,0.1834862385321101,-0.009174311926605505,-0.01834862385321101,True,True,False,False
YFF,16,35,109,7,7,0.091743119266055,0.8,0.1107798165137614,0.0331479052788492,0.7313432835820896,False,0.1376146788990825,300,0.2,0.1062844036697247,0.0307152059749035,0.1840796019900497,False,0.0458715596330275,success,,11.250829458236694,0.091743119266055,0.146788990825688,False,False,0.0825688073394495,0.1834862385321101,False,True,0.091743119266055,0.1834862385321101,0.0,-0.04587155963302761,True,False,False,False
YFF,16,36,109,7,7,0.1192660550458715,0.5,0.1093577981651376,0.0346748033181896,0.4079601990049751,False,0.1376146788990825,60,0.2,0.1128440366972477,0.0336426361306565,0.2736318407960199,False,0.018348623853211,success,,16.751683712005615,0.091743119266055,0.146788990825688,False,False,0.1192660550458715,0.1651376146788991,False,False,0.1192660550458715,0.1651376146788991,0.0,-0.0275229357798166,True,True,False,False
YFF,16,37,109,7,7,0.1192660550458715,0.5,0.1114678899082568,0.0336394929871797,0.4577114427860697,False,0.146788990825688,60,0.2,0.1128440366972477,0.0337681219677593,0.1890547263681592,False,0.0275229357798165,success,,17.343066930770874,0.091743119266055,0.146788990825688,False,False,0.055045871559633,0.0642201834862385,False,False,0.091743119266055,0.146788990825688,0.0275229357798165,0.0,True,True,False,False
YFF,16,38,109,7,7,0.128440366972477,0.8,0.1115596330275229,0.0334969886934053,0.308457711442786,False,0.1376146788990825,60,0.5,0.116834862385321,0.0326664331228674,0.2885572139303483,False,0.0091743119266055,success,,15.24322247505188,0.091743119266055,0.146788990825688,False,False,0.055045871559633,0.146788990825688,False,False,0.091743119266055,0.146788990825688,0.03669724770642199,-0.009174311926605505,True,True,False,False
YFF,16,39,109,7,7,0.110091743119266,0.5,0.1110550458715596,0.0327300737535427,0.5671641791044776,False,0.128440366972477,60,0.8,0.1120183486238532,0.0357584731642303,0.3482587064676617,False,0.018348623853211,success,,14.818073272705078,0.091743119266055,0.146788990825688,False,False,0.128440366972477,0.2018348623853211,False,True,0.128440366972477,0.2018348623853211,-0.018348623853210982,-0.07339449541284412,True,False,False,False
YFF,16,40,109,7,7,0.1192660550458715,0.5,0.1049541284403669,0.0361238687613072,0.3930348258706467,False,0.1743119266055046,60,0.2,0.1129357798165137,0.0363310994691378,0.0597014925373134,False,0.055045871559633,success,,14.957385540008543,0.091743119266055,0.146788990825688,False,False,0.1743119266055046,0.2018348623853211,True,True,0.1743119266055046,0.2018348623853211,-0.0550458715596331,-0.027522935779816515,False,False,False,False
YFF,16,41,109,7,7,0.0642201834862385,0.5,0.1079816513761467,0.0340389594048343,0.9353233830845772,False,0.1376146788990825,60,0.5,0.1173394495412844,0.0352701872954646,0.3283582089552239,False,0.073394495412844,success,,15.061128854751589,0.091743119266055,0.146788990825688,False,False,0.036697247706422,0.1743119266055046,False,False,0.091743119266055,0.1743119266055046,-0.0275229357798165,-0.036697247706422104,True,True,False,False
YFF,16,42,109,7,7,0.0825688073394495,0.2,0.1053669724770642,0.0344007036970806,0.7860696517412935,False,0.1559633027522936,60,0.2,0.1105045871559633,0.0353026402969995,0.1293532338308457,False,0.073394495412844,success,,14.669170379638672,0.091743119266055,0.146788990825688,False,False,0.0458715596330275,0.1009174311926605,False,False,0.091743119266055,0.146788990825688,-0.009174311926605491,0.009174311926605588,True,True,False,False
YFF,16,43,109,7,7,0.110091743119266,0.2,0.1089908256880733,0.0321454391612409,0.5223880597014925,False,0.1376146788990825,180,0.2,0.1120183486238532,0.0337002921443244,0.2537313432835821,False,0.0275229357798165,success,,11.915999174118042,0.091743119266055,0.146788990825688,False,False,0.073394495412844,0.110091743119266,False,False,0.091743119266055,0.146788990825688,0.01834862385321101,-0.009174311926605505,True,True,False,False
YFF,16,44,109,7,7,0.073394495412844,0.5,0.1089908256880733,0.034956645813145,0.8855721393034826,False,0.1192660550458715,60,0.5,0.1104587155963302,0.0317253370073421,0.4328358208955223,False,0.0458715596330275,success,,15.826350927352903,0.091743119266055,0.146788990825688,False,False,0.128440366972477,0.128440366972477,False,False,0.128440366972477,0.146788990825688,-0.05504587155963299,-0.0275229357798165,True,True,False,False
YFF,16,45,109,7,7,0.110091743119266,0.8,0.1086238532110092,0.0314656378154739,0.5422885572139303,False,0.128440366972477,300,0.2,0.1132568807339449,0.0339504672391088,0.3532338308457711,False,0.018348623853211,success,,11.207138538360596,0.091743119266055,0.146788990825688,False,False,0.1376146788990825,0.1376146788990825,False,False,0.1376146788990825,0.146788990825688,-0.027522935779816488,-0.01834862385321101,True,True,False,False
YFF,16,46,109,7,7,0.0825688073394495,0.5,0.1082110091743119,0.034880790960145,0.8009950248756219,False,0.1376146788990825,60,0.5,0.1146330275229357,0.0338056456095506,0.2686567164179104,False,0.055045871559633,success,,15.693500518798828,0.091743119266055,0.146788990825688,False,False,0.1376146788990825,0.1376146788990825,False,False,0.1376146788990825,0.146788990825688,-0.05504587155963299,-0.009174311926605505,True,True,False,False
YFF,16,47,109,7,7,0.110091743119266,0.5,0.1038990825688073,0.0345474382981482,0.4278606965174129,False,0.110091743119266,60,0.2,0.1143119266055046,0.0374935502662516,0.5472636815920398,False,0.0,success,,15.412213325500488,0.091743119266055,0.146788990825688,False,False,0.1376146788990825,0.1651376146788991,False,False,0.1376146788990825,0.1651376146788991,-0.027522935779816488,-0.055045871559633086,True,True,False,False
YFF,16,48,109,7,7,0.0825688073394495,0.8,0.1111467889908257,0.035871695816633,0.8308457711442786,False,0.1559633027522936,60,0.2,0.1124311926605504,0.0359990458483882,0.1293532338308457,False,0.073394495412844,success,,14.95905828475952,0.091743119266055,0.146788990825688,False,False,0.1009174311926605,0.1376146788990825,False,False,0.1009174311926605,0.146788990825688,-0.018348623853210996,0.009174311926605588,True,True,False,False
YFF,16,49,109,7,7,0.1376146788990825,0.2,0.1104587155963302,0.0363130503930458,0.2537313432835821,False,0.1376146788990825,60,0.2,0.1164678899082568,0.0361888800124858,0.2736318407960199,False,0.0,success,,17.163999795913696,0.091743119266055,0.146788990825688,False,False,0.1009174311926605,0.1559633027522936,False,False,0.1009174311926605,0.1559633027522936,0.03669724770642199,-0.018348623853211093,True,True,False,False
YFF,16,50,109,7,7,0.1009174311926605,0.2,0.1089908256880734,0.0389185275631257,0.6169154228855721,False,0.1376146788990825,60,0.2,0.1126605504587156,0.0349759995106819,0.2288557213930348,False,0.036697247706422,success,,15.597997426986694,0.091743119266055,0.146788990825688,False,False,0.110091743119266,0.110091743119266,False,False,0.110091743119266,0.146788990825688,-0.009174311926605505,-0.009174311926605505,True,True,False,False
YFF,16,51,109,7,7,0.1192660550458715,0.5,0.1111926605504587,0.0342353388122325,0.4378109452736318,False,0.1376146788990825,300,0.8,0.1082110091743119,0.0351826280503549,0.2537313432835821,False,0.018348623853211,success,,11.159542322158812,0.091743119266055,0.146788990825688,False,False,0.1743119266055046,0.2293577981651376,False,True,0.1743119266055046,0.2293577981651376,-0.0550458715596331,-0.0917431192660551,True,False,False,False
YFF,16,52,109,7,7,0.0458715596330275,0.2,0.1083027522935779,0.0373336716100191,0.9751243781094528,False,0.1376146788990825,60,0.2,0.1133027522935779,0.0348620213554906,0.2587064676616915,False,0.091743119266055,success,,14.402295351028442,0.091743119266055,0.146788990825688,False,False,0.1009174311926605,0.1559633027522936,False,False,0.1009174311926605,0.1559633027522936,-0.055045871559633,-0.018348623853211093,True,True,False,False
YFF,16,53,109,7,7,0.036697247706422,0.5,0.1088990825688073,0.0328579184708531,0.9900497512437813,False,0.146788990825688,60,0.2,0.1164678899082568,0.0374524376518398,0.2189054726368159,False,0.110091743119266,success,,15.082661628723145,0.091743119266055,0.146788990825688,False,False,0.0825688073394495,0.1834862385321101,False,True,0.091743119266055,0.1834862385321101,-0.055045871559632996,-0.036697247706422104,True,False,False,False
YFF,16,54,109,7,7,0.1376146788990825,0.2,0.1078899082568807,0.0368954125835833,0.2338308457711442,False,0.1559633027522936,60,0.5,0.111788990825688,0.0336436104455092,0.1194029850746268,False,0.018348623853211,success,,17.51691198348999,0.091743119266055,0.146788990825688,False,False,0.1192660550458715,0.146788990825688,False,False,0.1192660550458715,0.146788990825688,0.018348623853210996,0.009174311926605588,True,True,False,False
YFF,17,27,109,7,7,0.1376146788990825,0.5,0.1128899082568807,0.0347581054092642,0.2835820895522388,False,0.1651376146788991,100,0.8,0.1104587155963302,0.0342140827610194,0.099502487562189,False,0.0275229357798165,success,,12.555771589279177,0.1559633027522936,0.1651376146788991,False,False,0.073394495412844,0.146788990825688,False,False,0.1559633027522936,0.1651376146788991,-0.018348623853211093,0.0,True,True,False,False
YFF,17,28,109,7,7,0.146788990825688,0.8,0.1110091743119266,0.0342160606251573,0.1840796019900497,False,0.1743119266055046,300,0.2,0.111697247706422,0.0333197149324341,0.0597014925373134,False,0.0275229357798165,success,,11.020540237426758,0.1559633027522936,0.1651376146788991,False,False,0.0642201834862385,0.1009174311926605,False,False,0.1559633027522936,0.1651376146788991,-0.009174311926605588,0.009174311926605505,True,True,False,False
YFF,17,29,109,7,7,0.1192660550458715,0.2,0.1138073394495413,0.0345249043359858,0.472636815920398,False,0.1926605504587156,180,0.8,0.1130275229357798,0.032940839740002,0.0199004975124378,True,0.073394495412844,success,,11.976851224899292,0.1559633027522936,0.1651376146788991,False,False,0.091743119266055,0.1834862385321101,False,True,0.1559633027522936,0.1834862385321101,-0.03669724770642209,0.009174311926605505,True,False,False,False
YFF,17,30,109,7,7,0.1559633027522936,0.2,0.1127064220183486,0.0345283343658573,0.1393034825870646,False,0.1743119266055046,180,0.2,0.1113761467889908,0.0360347746180375,0.0746268656716417,False,0.018348623853211,success,,11.501557350158691,0.1559633027522936,0.1651376146788991,False,False,0.0642201834862385,0.110091743119266,False,False,0.1559633027522936,0.1651376146788991,0.0,0.009174311926605505,True,True,False,False
YFF,17,31,109,7,7,0.1192660550458715,0.8,0.1088990825688073,0.0374311158236882,0.4577114427860697,False,0.2110091743119266,150,0.2,0.11,0.0347434088118998,0.0149253731343283,True,0.091743119266055,success,,12.259759187698364,0.1559633027522936,0.1651376146788991,False,False,0.091743119266055,0.1926605504587156,False,True,0.1559633027522936,0.1926605504587156,-0.03669724770642209,0.018348623853210982,True,False,False,False
YFF,17,32,109,7,7,0.1834862385321101,0.2,0.1103211009174311,0.034072833396079,0.0398009950248756,True,0.1834862385321101,900,0.2,0.1103211009174311,0.034072833396079,0.0398009950248756,True,0.0,success,,10.068209648132324,0.1559633027522936,0.1651376146788991,False,False,0.0825688073394495,0.1009174311926605,False,False,0.1559633027522936,0.1651376146788991,0.027522935779816515,0.01834862385321101,True,True,True,True
YFF,17,33,109,7,7,0.128440366972477,0.2,0.1129357798165137,0.0353396715773476,0.4029850746268656,False,0.1926605504587156,300,0.5,0.1125229357798165,0.0352208362886219,0.0248756218905472,True,0.0642201834862385,success,,11.20124101638794,0.1559633027522936,0.1651376146788991,False,False,0.128440366972477,0.1743119266055046,False,False,0.1559633027522936,0.1743119266055046,-0.0275229357798166,0.01834862385321101,True,True,False,True
YFF,17,34,109,7,7,0.128440366972477,0.2,0.1111926605504587,0.0350894869078525,0.3432835820895522,False,0.1559633027522936,300,0.5,0.1103669724770642,0.0321368856248923,0.099502487562189,False,0.0275229357798165,success,,11.559864044189451,0.1559633027522936,0.1651376146788991,False,False,0.1009174311926605,0.1834862385321101,False,False,0.1559633027522936,0.1834862385321101,-0.0275229357798166,-0.027522935779816515,True,True,False,False
YFF,17,35,109,7,7,0.1651376146788991,0.2,0.1072018348623853,0.0343957853673666,0.0796019900497512,False,0.1651376146788991,150,0.5,0.1157798165137614,0.036274826609558,0.1243781094527363,False,0.0,success,,12.059948682785034,0.1559633027522936,0.1651376146788991,False,False,0.0825688073394495,0.1834862385321101,False,True,0.1559633027522936,0.1834862385321101,0.009174311926605505,-0.01834862385321101,True,False,False,False
YFF,17,36,109,7,7,0.1651376146788991,0.2,0.1143577981651376,0.0335151345885895,0.099502487562189,False,0.2018348623853211,150,0.2,0.11,0.0351308064408132,0.0149253731343283,True,0.036697247706422,success,,11.743392705917358,0.1559633027522936,0.1651376146788991,False,False,0.1192660550458715,0.1651376146788991,False,False,0.1559633027522936,0.1651376146788991,0.009174311926605505,0.03669724770642202,True,True,False,True
YFF,17,37,109,7,7,0.146788990825688,0.8,0.111788990825688,0.0342417315826143,0.1990049751243781,False,0.1559633027522936,150,0.5,0.1110091743119266,0.0330720582437205,0.1044776119402985,False,0.0091743119266055,success,,14.041558265686035,0.1559633027522936,0.1651376146788991,False,False,0.055045871559633,0.0642201834862385,False,False,0.1559633027522936,0.1651376146788991,-0.009174311926605588,-0.009174311926605505,True,True,False,False
YFF,17,38,109,7,7,0.1192660550458715,0.2,0.1120642201834862,0.0355126386188018,0.4825870646766169,False,0.1376146788990825,150,0.2,0.115045871559633,0.0384514568266467,0.3333333333333333,False,0.018348623853211,success,,12.822379112243652,0.1559633027522936,0.1651376146788991,False,False,0.055045871559633,0.146788990825688,False,False,0.1559633027522936,0.1651376146788991,-0.03669724770642209,-0.0275229357798166,True,True,False,False
YFF,17,39,109,7,7,0.1743119266055046,0.5,0.1062385321100917,0.0362141452465807,0.0547263681592039,False,0.1926605504587156,90,0.2,0.1108715596330275,0.0339776148155387,0.0199004975124378,True,0.018348623853211,success,,13.872703552246094,0.1559633027522936,0.1651376146788991,False,False,0.128440366972477,0.2018348623853211,False,True,0.1559633027522936,0.2018348623853211,0.01834862385321101,-0.009174311926605505,True,False,False,False
YFF,17,40,109,7,7,0.1834862385321101,0.8,0.1088073394495413,0.0331364515384876,0.0149253731343283,True,0.2477064220183486,300,0.2,0.1083027522935779,0.0338394094339596,0.0049751243781094,True,0.0642201834862385,success,,11.250041246414185,0.1559633027522936,0.1651376146788991,False,False,0.1743119266055046,0.2018348623853211,True,True,0.1743119266055046,0.2018348623853211,0.009174311926605505,0.0458715596330275,False,False,False,False
YFF,17,41,109,7,7,0.1009174311926605,0.2,0.1075229357798165,0.0362818217745206,0.6268656716417911,False,0.1834862385321101,100,0.8,0.1119266055045871,0.0355617036115013,0.0398009950248756,True,0.0825688073394495,success,,14.133737564086914,0.1559633027522936,0.1651376146788991,False,False,0.036697247706422,0.1743119266055046,False,False,0.1559633027522936,0.1743119266055046,-0.055045871559633086,0.009174311926605505,True,True,False,True
YFF,17,42,109,7,7,0.1376146788990825,0.8,0.1096330275229357,0.0325402407475877,0.2338308457711442,False,0.1559633027522936,150,0.8,0.1104587155963302,0.0353450568890223,0.1144278606965174,False,0.018348623853211,success,,12.26883840560913,0.1559633027522936,0.1651376146788991,False,False,0.0458715596330275,0.1009174311926605,False,False,0.1559633027522936,0.1651376146788991,-0.018348623853211093,-0.009174311926605505,True,True,False,False
YFF,17,43,109,7,7,0.146788990825688,0.2,0.1088532110091743,0.0322258298649691,0.1492537313432835,False,0.146788990825688,900,0.2,0.1088532110091743,0.0322258298649691,0.1492537313432835,False,0.0,success,,10.203663110733032,0.1559633027522936,0.1651376146788991,False,False,0.073394495412844,0.110091743119266,False,False,0.1559633027522936,0.1651376146788991,-0.009174311926605588,-0.018348623853211093,True,True,False,False
YFF,17,44,109,7,7,0.1651376146788991,0.5,0.10848623853211,0.0339110771224437,0.0497512437810945,True,0.1651376146788991,900,0.5,0.10848623853211,0.0339110771224437,0.0497512437810945,True,0.0,success,,9.883112668991089,0.1559633027522936,0.1651376146788991,False,False,0.128440366972477,0.128440366972477,False,False,0.1559633027522936,0.1651376146788991,0.009174311926605505,0.0,True,True,True,True
YFF,17,45,109,7,7,0.1192660550458715,0.5,0.1086238532110092,0.0349430918468841,0.4527363184079602,False,0.1651376146788991,60,0.5,0.1203669724770642,0.0351857836033834,0.1442786069651741,False,0.0458715596330275,success,,14.96845555305481,0.1559633027522936,0.1651376146788991,False,False,0.1376146788990825,0.1376146788990825,False,False,0.1559633027522936,0.1651376146788991,-0.03669724770642209,0.0,True,True,False,False
YFF,17,46,109,7,7,0.1834862385321101,0.2,0.1095412844036697,0.0385591032778642,0.0497512437810945,True,0.1834862385321101,150,0.2,0.1120642201834862,0.0347054975821487,0.0547263681592039,False,0.0,success,,11.99449372291565,0.1559633027522936,0.1651376146788991,False,False,0.1376146788990825,0.1376146788990825,False,False,0.1559633027522936,0.1651376146788991,0.027522935779816515,0.01834862385321101,True,True,True,False
YFF,17,47,109,7,7,0.1651376146788991,0.2,0.1071559633027522,0.0335388829748719,0.0597014925373134,False,0.1651376146788991,900,0.2,0.1071559633027522,0.0335388829748719,0.0597014925373134,False,0.0,success,,10.022396802902222,0.1559633027522936,0.1651376146788991,False,False,0.1376146788990825,0.1651376146788991,False,False,0.1559633027522936,0.1651376146788991,0.009174311926605505,0.0,True,True,False,False
YFF,17,48,109,7,7,0.1834862385321101,0.2,0.1064678899082568,0.0338793822459953,0.0199004975124378,True,0.2018348623853211,150,0.2,0.1126146788990825,0.0350337248177126,0.0298507462686567,True,0.018348623853211,success,,13.104016065597534,0.1559633027522936,0.1651376146788991,False,False,0.1009174311926605,0.1376146788990825,False,False,0.1559633027522936,0.1651376146788991,0.027522935779816515,0.03669724770642202,True,True,True,True
YFF,17,49,109,7,7,0.1651376146788991,0.2,0.1099082568807339,0.0339425243377894,0.0895522388059701,False,0.1651376146788991,900,0.2,0.1099082568807339,0.0339425243377894,0.0895522388059701,False,0.0,success,,12.847035884857178,0.1559633027522936,0.1651376146788991,False,False,0.1009174311926605,0.1559633027522936,False,False,0.1559633027522936,0.1651376146788991,0.009174311926605505,0.0,True,True,False,False
YFF,17,50,109,7,7,0.128440366972477,0.5,0.1081651376146789,0.0343836402285482,0.308457711442786,False,0.1559633027522936,150,0.5,0.1111009174311926,0.0326575303744994,0.1293532338308457,False,0.0275229357798165,success,,14.826679229736328,0.1559633027522936,0.1651376146788991,False,False,0.110091743119266,0.110091743119266,False,False,0.1559633027522936,0.1651376146788991,-0.0275229357798166,-0.009174311926605505,True,True,False,False
YFF,17,51,109,7,7,0.1651376146788991,0.5,0.1090825688073394,0.0363473941568546,0.0845771144278607,False,0.2110091743119266,180,0.8,0.1111467889908257,0.0345870819797956,0.0149253731343283,True,0.0458715596330275,success,,12.752538681030272,0.1559633027522936,0.1651376146788991,False,False,0.1743119266055046,0.2293577981651376,False,True,0.1743119266055046,0.2293577981651376,-0.009174311926605505,-0.01834862385321101,True,False,False,False
YFF,17,52,109,7,7,0.1743119266055046,0.2,0.1064678899082569,0.0367421409509902,0.0398009950248756,True,0.1743119266055046,900,0.2,0.1064678899082569,0.0367421409509902,0.0398009950248756,True,0.0,success,,10.51047158241272,0.1559633027522936,0.1651376146788991,False,False,0.1009174311926605,0.1559633027522936,False,False,0.1559633027522936,0.1651376146788991,0.01834862385321101,0.009174311926605505,True,True,True,True
YFF,17,53,109,7,7,0.1376146788990825,0.8,0.1094954128440367,0.0359764805904592,0.2736318407960199,False,0.2018348623853211,60,0.2,0.1155963302752293,0.0345849113188625,0.0099502487562189,True,0.0642201834862385,success,,16.911715507507324,0.1559633027522936,0.1651376146788991,False,False,0.0825688073394495,0.1834862385321101,False,True,0.1559633027522936,0.1834862385321101,-0.018348623853211093,0.01834862385321101,True,False,False,False
YFF,17,54,109,7,7,0.146788990825688,0.5,0.1080275229357798,0.035112110255858,0.1840796019900497,False,0.1834862385321101,150,0.2,0.1098165137614678,0.0364417596647916,0.044776119402985,True,0.036697247706422,success,,12.962712526321411,0.1559633027522936,0.1651376146788991,False,False,0.1192660550458715,0.146788990825688,False,False,0.1559633027522936,0.1651376146788991,-0.009174311926605588,0.01834862385321101,True,True,False,True
YFF,27,28,109,7,7,0.073394495412844,0.8,0.1090366972477064,0.0332146984085397,0.8606965174129353,False,0.1559633027522936,100,0.2,0.1109174311926605,0.0380684090355352,0.1492537313432835,False,0.0825688073394495,success,,15.681118488311768,0.073394495412844,0.146788990825688,False,False,0.0642201834862385,0.1009174311926605,False,False,0.073394495412844,0.146788990825688,0.0,0.009174311926605588,True,True,False,False
YFF,27,29,109,7,7,0.1009174311926605,0.5,0.1123394495412844,0.0335355724559406,0.6865671641791045,False,0.1651376146788991,180,0.5,0.1113761467889908,0.0329957484475174,0.0796019900497512,False,0.0642201834862385,success,,15.362980127334597,0.073394495412844,0.146788990825688,False,False,0.091743119266055,0.1834862385321101,False,True,0.091743119266055,0.1834862385321101,0.009174311926605505,-0.01834862385321101,True,False,False,False
YFF,27,30,109,7,7,0.0642201834862385,0.5,0.1099541284403669,0.0330141698453406,0.945273631840796,False,0.1559633027522936,60,0.5,0.1143577981651376,0.034028613513793,0.1343283582089552,False,0.091743119266055,success,,17.3644757270813,0.073394495412844,0.146788990825688,False,False,0.0642201834862385,0.110091743119266,False,False,0.073394495412844,0.146788990825688,-0.009174311926605505,0.009174311926605588,True,True,False,False
YFF,27,31,109,7,7,0.091743119266055,0.2,0.1078440366972477,0.0341107968073501,0.746268656716418,False,0.2018348623853211,60,0.2,0.1146788990825688,0.035442568591209,0.0298507462686567,True,0.110091743119266,success,,15.66781759262085,0.073394495412844,0.146788990825688,False,False,0.091743119266055,0.1926605504587156,False,True,0.091743119266055,0.1926605504587156,0.0,0.009174311926605505,True,False,False,False
YFF,27,32,109,7,7,0.0642201834862385,0.5,0.1106422018348623,0.0323301664889917,0.945273631840796,False,0.1651376146788991,90,0.2,0.1119266055045871,0.0327765940426045,0.0796019900497512,False,0.1009174311926605,success,,12.999453783035278,0.073394495412844,0.146788990825688,False,False,0.0825688073394495,0.1009174311926605,False,False,0.0825688073394495,0.146788990825688,-0.01834862385321101,0.018348623853211093,True,True,False,False
YFF,27,33,109,7,7,0.110091743119266,0.2,0.1089908256880734,0.0323683444288638,0.5323383084577115,False,0.1743119266055046,100,0.2,0.1134862385321101,0.0361200047637818,0.0696517412935323,False,0.0642201834862385,success,,12.590174913406372,0.073394495412844,0.146788990825688,False,False,0.128440366972477,0.1743119266055046,False,False,0.128440366972477,0.1743119266055046,-0.018348623853210982,0.0,True,True,False,False
YFF,27,34,109,7,7,0.091743119266055,0.2,0.1115137614678899,0.0357052958876434,0.746268656716418,False,0.1834862385321101,60,0.2,0.1185321100917431,0.034552610462097,0.0547263681592039,False,0.091743119266055,success,,15.243416786193848,0.073394495412844,0.146788990825688,False,False,0.1009174311926605,0.1834862385321101,False,False,0.1009174311926605,0.1834862385321101,-0.009174311926605505,0.0,True,True,False,False
YFF,27,35,109,7,7,0.091743119266055,0.2,0.1102293577981651,0.035992935821256,0.736318407960199,False,0.2201834862385321,150,0.2,0.1127064220183486,0.0352076242932527,0.0049751243781094,True,0.128440366972477,success,,15.635008335113524,0.073394495412844,0.146788990825688,False,False,0.0825688073394495,0.1834862385321101,False,True,0.0825688073394495,0.1834862385321101,0.009174311926605491,0.03669724770642199,True,False,False,False
YFF,27,36,109,7,7,0.1376146788990825,0.2,0.1078440366972477,0.0312099779182032,0.2189054726368159,False,0.1743119266055046,60,0.5,0.1178899082568807,0.0349105166268643,0.0646766169154228,False,0.036697247706422,success,,16.82360053062439,0.073394495412844,0.146788990825688,False,False,0.1192660550458715,0.1651376146788991,False,False,0.1192660550458715,0.1651376146788991,0.018348623853210996,0.009174311926605505,True,True,False,False
YFF,27,37,109,7,7,0.0642201834862385,0.8,0.108394495412844,0.0332770363331984,0.9402985074626866,False,0.1559633027522936,90,0.5,0.111788990825688,0.0336938594104781,0.1343283582089552,False,0.091743119266055,success,,12.977476596832275,0.073394495412844,0.146788990825688,False,False,0.055045871559633,0.0642201834862385,False,False,0.073394495412844,0.146788990825688,-0.009174311926605505,0.009174311926605588,True,True,False,False
YFF,27,38,109,7,7,0.073394495412844,0.5,0.1118348623853211,0.0345529776869034,0.8955223880597015,False,0.1651376146788991,100,0.5,0.1163761467889908,0.0355090654454228,0.1144278606965174,False,0.091743119266055,success,,12.708313465118408,0.073394495412844,0.146788990825688,False,False,0.055045871559633,0.146788990825688,False,False,0.073394495412844,0.146788990825688,0.0,0.018348623853211093,True,True,False,False
YFF,27,39,109,7,7,0.073394495412844,0.2,0.1119266055045871,0.0371667900202092,0.8756218905472637,False,0.1651376146788991,60,0.2,0.1171559633027523,0.0330427587169597,0.099502487562189,False,0.091743119266055,success,,15.584219217300417,0.073394495412844,0.146788990825688,False,False,0.128440366972477,0.2018348623853211,False,True,0.128440366972477,0.2018348623853211,-0.05504587155963299,-0.03669724770642202,True,False,False,False
YFF,27,40,109,7,7,0.128440366972477,0.2,0.1061926605504587,0.0323013397468577,0.2885572139303483,False,0.1559633027522936,225,0.2,0.1111467889908257,0.0374747913530692,0.1442786069651741,False,0.0275229357798165,success,,15.020496129989624,0.073394495412844,0.146788990825688,False,False,0.1743119266055046,0.2018348623853211,True,True,0.1743119266055046,0.2018348623853211,-0.04587155963302761,-0.045871559633027525,False,False,False,False
YFF,27,41,109,7,7,0.0642201834862385,0.5,0.1099082568807339,0.0350581335306064,0.9402985074626866,False,0.1743119266055046,75,0.2,0.1128899082568807,0.0312465466478354,0.0646766169154228,False,0.110091743119266,success,,14.593077421188354,0.073394495412844,0.146788990825688,False,False,0.036697247706422,0.1743119266055046,False,False,0.073394495412844,0.1743119266055046,-0.009174311926605505,0.0,True,True,False,False
YFF,27,42,109,7,7,0.055045871559633,0.5,0.1097706422018348,0.0336850712526244,0.965174129353234,False,0.146788990825688,60,0.5,0.1141743119266055,0.034286416761075,0.2238805970149253,False,0.091743119266055,success,,15.775771379470823,0.073394495412844,0.146788990825688,False,False,0.0458715596330275,0.1009174311926605,False,False,0.073394495412844,0.146788990825688,-0.018348623853210996,0.0,True,True,False,False
YFF,27,43,109,7,7,0.0642201834862385,0.5,0.1106880733944954,0.0327775941005914,0.9552238805970148,False,0.1743119266055046,90,0.2,0.1121100917431192,0.03404455046931,0.0597014925373134,False,0.110091743119266,success,,12.982571363449097,0.073394495412844,0.146788990825688,False,False,0.073394495412844,0.110091743119266,False,False,0.073394495412844,0.146788990825688,-0.009174311926605505,0.0275229357798166,True,True,False,False
YFF,27,44,109,7,7,0.0642201834862385,0.8,0.11,0.0322823805717821,0.9402985074626866,False,0.146788990825688,90,0.5,0.1121559633027522,0.0338611505037918,0.1741293532338308,False,0.0825688073394495,success,,12.959038734436035,0.073394495412844,0.146788990825688,False,False,0.128440366972477,0.128440366972477,False,False,0.128440366972477,0.146788990825688,-0.0642201834862385,0.0,True,True,False,False
YFF,27,45,109,7,7,0.091743119266055,0.8,0.1104587155963302,0.0329675357681115,0.7313432835820896,False,0.1376146788990825,60,0.5,0.1187614678899082,0.0359543717194261,0.3233830845771144,False,0.0458715596330275,success,,14.600977182388306,0.073394495412844,0.146788990825688,False,False,0.1376146788990825,0.1376146788990825,False,False,0.1376146788990825,0.146788990825688,-0.0458715596330275,-0.009174311926605505,True,True,False,False
YFF,27,46,109,7,7,0.0642201834862385,0.2,0.1119266055045871,0.0352030890338209,0.9353233830845772,False,0.146788990825688,60,0.5,0.1141284403669724,0.0337260108102308,0.1940298507462686,False,0.0825688073394495,success,,14.350850582122805,0.073394495412844,0.146788990825688,False,False,0.1376146788990825,0.1376146788990825,False,False,0.1376146788990825,0.146788990825688,-0.073394495412844,0.0,True,True,False,False
YFF,27,47,109,7,7,0.1009174311926605,0.2,0.1074311926605504,0.0334483407629345,0.6268656716417911,False,0.110091743119266,60,0.2,0.1174311926605504,0.0364660088083007,0.5970149253731343,False,0.0091743119266055,success,,14.642446041107178,0.073394495412844,0.146788990825688,False,False,0.1376146788990825,0.1651376146788991,False,False,0.1376146788990825,0.1651376146788991,-0.03669724770642199,-0.055045871559633086,True,True,False,False
YFF,27,48,109,7,7,0.0458715596330275,0.8,0.1113302752293578,0.0341625871490083,0.9850746268656716,False,0.1559633027522936,60,0.5,0.1145871559633027,0.033174084067362,0.1194029850746268,False,0.110091743119266,success,,14.593836545944214,0.073394495412844,0.146788990825688,False,False,0.1009174311926605,0.1376146788990825,False,False,0.1009174311926605,0.146788990825688,-0.055045871559633,0.009174311926605588,True,True,False,False
YFF,27,49,109,7,7,0.0642201834862385,0.2,0.1124311926605504,0.0333141291793834,0.9353233830845772,False,0.1376146788990825,75,0.2,0.1159633027522935,0.032204330976013,0.2686567164179104,False,0.073394495412844,success,,13.46114444732666,0.073394495412844,0.146788990825688,False,False,0.1009174311926605,0.1559633027522936,False,False,0.1009174311926605,0.1559633027522936,-0.036697247706422007,-0.018348623853211093,True,True,False,False
YFF,27,50,109,7,7,0.091743119266055,0.5,0.1105045871559633,0.0323910402564196,0.746268656716418,False,0.1743119266055046,60,0.2,0.1143119266055045,0.0342264425367121,0.0597014925373134,False,0.0825688073394495,success,,14.381106615066528,0.073394495412844,0.146788990825688,False,False,0.110091743119266,0.110091743119266,False,False,0.110091743119266,0.146788990825688,-0.01834862385321101,0.0275229357798166,True,True,False,False
YFF,27,51,109,7,7,0.073394495412844,0.8,0.1120183486238532,0.0350898485141014,0.9104477611940298,False,0.1651376146788991,75,0.2,0.1127064220183486,0.0350269634033593,0.1094527363184079,False,0.091743119266055,success,,13.630259037017822,0.073394495412844,0.146788990825688,False,False,0.1743119266055046,0.2293577981651376,False,True,0.1743119266055046,0.2293577981651376,-0.1009174311926606,-0.06422018348623851,True,False,False,False
YFF,27,52,109,7,7,0.091743119266055,0.2,0.1072018348623853,0.0341737279104938,0.7164179104477612,False,0.1834862385321101,100,0.2,0.1095412844036697,0.0340877570670171,0.0547263681592039,False,0.091743119266055,success,,12.624393463134766,0.073394495412844,0.146788990825688,False,False,0.1009174311926605,0.1559633027522936,False,False,0.1009174311926605,0.1559633027522936,-0.009174311926605505,0.027522935779816515,True,True,False,False
YFF,27,53,109,7,7,0.0825688073394495,0.8,0.1090366972477064,0.0335567541335046,0.7810945273631841,False,0.1376146788990825,180,0.2,0.1111467889908257,0.030741358236236,0.2238805970149253,False,0.055045871559633,success,,11.307358264923096,0.073394495412844,0.146788990825688,False,False,0.0825688073394495,0.1834862385321101,False,True,0.0825688073394495,0.1834862385321101,0.0,-0.04587155963302761,True,False,False,False
YFF,27,54,109,7,7,0.055045871559633,0.8,0.1118348623853211,0.0345407347560916,0.9701492537313432,False,0.1834862385321101,225,0.2,0.1111467889908257,0.0336448675842732,0.044776119402985,True,0.128440366972477,success,,13.65286636352539,0.073394495412844,0.146788990825688,False,False,0.1192660550458715,0.146788990825688,False,False,0.1192660550458715,0.146788990825688,-0.0642201834862385,0.036697247706422104,True,True,False,True
YFF,28,29,109,7,7,0.1559633027522936,0.2,0.1102293577981651,0.0317871029464102,0.0845771144278607,False,0.1743119266055046,180,0.2,0.1111009174311926,0.0337780154799958,0.0298507462686567,True,0.018348623853211,success,,11.546888589859009,0.0642201834862385,0.1009174311926605,False,False,0.091743119266055,0.1834862385321101,False,True,0.091743119266055,0.1834862385321101,0.06422018348623859,-0.009174311926605505,True,False,False,False
YFF,28,30,109,7,7,0.0642201834862385,0.2,0.1020642201834862,0.0276063693206646,0.9552238805970148,False,0.110091743119266,75,0.2,0.1010550458715596,0.027491837732194,0.3830845771144278,False,0.0458715596330275,success,,14.90148901939392,0.0642201834862385,0.1009174311926605,False,False,0.0642201834862385,0.110091743119266,False,False,0.0642201834862385,0.110091743119266,0.0,0.0,True,True,False,False
YFF,28,31,109,7,7,0.0825688073394495,0.2,0.1059174311926605,0.0346923331605166,0.7512437810945274,False,0.2018348623853211,100,0.2,0.1097247706422018,0.0348509792589591,0.0099502487562189,True,0.1192660550458715,success,,20.09126281738281,0.0642201834862385,0.1009174311926605,False,False,0.091743119266055,0.1926605504587156,False,True,0.091743119266055,0.1926605504587156,-0.009174311926605491,0.009174311926605505,True,False,False,False
YFF,28,32,109,7,7,0.0825688073394495,0.2,0.0984862385321101,0.0253298905221113,0.8009950248756219,False,0.1192660550458715,60,0.8,0.1013761467889908,0.0268579478192838,0.3134328358208955,False,0.036697247706422,success,,29.6512770652771,0.0642201834862385,0.1009174311926605,False,False,0.0825688073394495,0.1009174311926605,False,False,0.0825688073394495,0.1009174311926605,0.0,0.018348623853210996,True,True,False,False
YFF,28,33,109,7,7,0.1192660550458715,0.2,0.1090366972477064,0.0346481714897332,0.4676616915422885,False,0.1834862385321101,300,0.8,0.1114678899082568,0.0324491278946626,0.0348258706467661,True,0.0642201834862385,success,,24.259786367416385,0.0642201834862385,0.1009174311926605,False,False,0.128440366972477,0.1743119266055046,False,False,0.128440366972477,0.1743119266055046,-0.009174311926605491,0.009174311926605505,True,True,False,True
YFF,28,34,109,7,7,0.110091743119266,0.2,0.1068807339449541,0.0335513654215102,0.4925373134328358,False,0.2018348623853211,180,0.2,0.1099541284403669,0.0356861006691372,0.0298507462686567,True,0.091743119266055,success,,25.633666515350345,0.0642201834862385,0.1009174311926605,False,False,0.1009174311926605,0.1834862385321101,False,False,0.1009174311926605,0.1834862385321101,0.009174311926605505,0.01834862385321101,True,True,False,True
YFF,28,35,109,7,7,0.1009174311926605,0.2,0.1074311926605504,0.0336751818336719,0.6218905472636815,False,0.1834862385321101,150,0.2,0.1114678899082568,0.0355111200640467,0.0497512437810945,True,0.0825688073394495,success,,25.747809648513797,0.0642201834862385,0.1009174311926605,False,False,0.0825688073394495,0.1834862385321101,False,True,0.0825688073394495,0.1834862385321101,0.018348623853210996,0.0,True,False,False,False
YFF,28,36,109,7,7,0.1559633027522936,0.2,0.108440366972477,0.0317908616298931,0.099502487562189,False,0.1651376146788991,150,0.5,0.1153211009174312,0.0329761303674971,0.0845771144278607,False,0.0091743119266055,success,,25.46449875831604,0.0642201834862385,0.1009174311926605,False,False,0.1192660550458715,0.1651376146788991,False,False,0.1192660550458715,0.1651376146788991,0.03669724770642209,0.0,True,True,False,False
YFF,28,37,109,7,7,0.0642201834862385,0.2,0.0968807339449541,0.0290064728264539,0.945273631840796,False,0.091743119266055,75,0.5,0.0975229357798165,0.0276579908344019,0.6069651741293532,False,0.0275229357798165,success,,28.563425302505493,0.0642201834862385,0.1009174311926605,False,False,0.055045871559633,0.0642201834862385,False,False,0.0642201834862385,0.1009174311926605,0.0,-0.009174311926605505,True,True,False,False
YFF,28,38,109,7,7,0.0642201834862385,0.8,0.1114678899082568,0.0319632171113645,0.945273631840796,False,0.1651376146788991,60,0.2,0.1152293577981651,0.0361121584060434,0.1194029850746268,False,0.1009174311926605,success,,30.875335931777958,0.0642201834862385,0.1009174311926605,False,False,0.055045871559633,0.146788990825688,False,False,0.0642201834862385,0.146788990825688,0.0,0.018348623853211093,True,True,False,False
YFF,28,39,109,7,7,0.1376146788990825,0.5,0.1091743119266055,0.0338431901344317,0.2487562189054726,False,0.2018348623853211,300,0.8,0.1059174311926605,0.0334888750877967,0.0149253731343283,True,0.0642201834862385,success,,22.483852863311768,0.0642201834862385,0.1009174311926605,False,False,0.128440366972477,0.2018348623853211,False,True,0.128440366972477,0.2018348623853211,0.009174311926605505,0.0,True,False,False,False
YFF,28,40,109,7,7,0.1743119266055046,0.5,0.106697247706422,0.0322603621702011,0.0348258706467661,True,0.1926605504587156,300,0.2,0.1091284403669724,0.0347727045696864,0.0199004975124378,True,0.018348623853211,success,,22.965619325637817,0.0642201834862385,0.1009174311926605,False,False,0.1743119266055046,0.2018348623853211,True,True,0.1743119266055046,0.2018348623853211,0.0,-0.009174311926605505,False,False,False,False
YFF,28,41,109,7,7,0.0458715596330275,0.2,0.1075688073394495,0.0335663319298909,0.9900497512437813,False,0.1834862385321101,60,0.8,0.1177522935779816,0.0346920893278202,0.044776119402985,True,0.1376146788990825,success,,30.57048511505127,0.0642201834862385,0.1009174311926605,False,False,0.036697247706422,0.1743119266055046,False,False,0.0642201834862385,0.1743119266055046,-0.018348623853210996,0.009174311926605505,True,True,False,True
YFF,28,42,109,7,7,0.0275229357798165,0.2,0.1012844036697247,0.0284202087624483,1.0,False,0.091743119266055,90,0.2,0.1042660550458715,0.0301018150171033,0.6716417910447762,False,0.0642201834862385,success,,27.78256344795227,0.0642201834862385,0.1009174311926605,False,False,0.0458715596330275,0.1009174311926605,False,False,0.0642201834862385,0.1009174311926605,-0.03669724770642199,-0.009174311926605505,True,True,False,False
YFF,28,43,109,7,7,0.0825688073394495,0.5,0.1076605504587156,0.0337866229827169,0.7810945273631841,False,0.1192660550458715,300,0.2,0.1109174311926605,0.0326108726625623,0.4129353233830846,False,0.036697247706422,success,,23.531043529510494,0.0642201834862385,0.1009174311926605,False,False,0.073394495412844,0.110091743119266,False,False,0.073394495412844,0.110091743119266,0.009174311926605505,0.009174311926605491,True,True,False,False
YFF,28,44,109,7,7,0.0825688073394495,0.2,0.105091743119266,0.031200490139997,0.8208955223880597,False,0.110091743119266,100,0.5,0.1099082568807339,0.0314188255339375,0.5472636815920398,False,0.0275229357798165,success,,27.89909029006958,0.0642201834862385,0.1009174311926605,False,False,0.128440366972477,0.128440366972477,False,False,0.128440366972477,0.128440366972477,-0.045871559633027484,-0.018348623853210982,True,True,False,False
YFF,28,45,109,7,7,0.146788990825688,0.2,0.1074770642201835,0.0344670324567634,0.154228855721393,False,0.146788990825688,900,0.2,0.1074770642201835,0.0344670324567634,0.154228855721393,False,0.0,success,,22.25867247581482,0.0642201834862385,0.1009174311926605,False,False,0.1376146788990825,0.1376146788990825,False,False,0.1376146788990825,0.1376146788990825,0.009174311926605505,0.009174311926605505,True,True,False,False
YFF,28,46,109,7,7,0.1559633027522936,0.8,0.1039908256880734,0.0318641834833927,0.0796019900497512,False,0.1559633027522936,900,0.8,0.1039908256880734,0.0318641834833927,0.0796019900497512,False,0.0,success,,21.837563276290894,0.0642201834862385,0.1009174311926605,False,False,0.1376146788990825,0.1376146788990825,False,False,0.1376146788990825,0.1376146788990825,0.018348623853211093,0.018348623853211093,True,True,False,False
YFF,28,47,109,7,7,0.128440366972477,0.8,0.1074770642201834,0.0328459129206401,0.2835820895522388,False,0.1559633027522936,450,0.2,0.1088073394495412,0.0369274967527933,0.1194029850746268,False,0.0275229357798165,success,,22.201637744903564,0.0642201834862385,0.1009174311926605,False,False,0.1376146788990825,0.1651376146788991,False,False,0.1376146788990825,0.1651376146788991,-0.009174311926605505,-0.009174311926605505,True,True,False,False
YFF,28,48,109,7,7,0.1009174311926605,0.2,0.1036697247706422,0.0303790603738795,0.5671641791044776,False,0.1376146788990825,100,0.2,0.1057339449541284,0.0312023879264358,0.1791044776119403,False,0.036697247706422,success,,25.073280572891235,0.0642201834862385,0.1009174311926605,False,False,0.1009174311926605,0.1376146788990825,False,False,0.1009174311926605,0.1376146788990825,0.0,0.0,True,True,False,False
YFF,28,49,109,7,7,0.1192660550458715,0.2,0.1078899082568807,0.033367948306844,0.4079601990049751,False,0.146788990825688,60,0.8,0.1162844036697247,0.0354418227380625,0.2587064676616915,False,0.0275229357798165,success,,30.55850648880005,0.0642201834862385,0.1009174311926605,False,False,0.1009174311926605,0.1559633027522936,False,False,0.1009174311926605,0.1559633027522936,0.018348623853210996,-0.009174311926605588,True,True,False,False
YFF,28,50,109,7,7,0.110091743119266,0.2,0.1026605504587156,0.0329489278397235,0.4427860696517413,False,0.128440366972477,60,0.8,0.1086238532110091,0.0333324380670466,0.3283582089552239,False,0.018348623853211,success,,30.79425549507141,0.0642201834862385,0.1009174311926605,False,False,0.110091743119266,0.110091743119266,False,False,0.110091743119266,0.110091743119266,0.0,0.018348623853210982,True,True,False,False
YFF,28,51,109,7,7,0.1651376146788991,0.8,0.1091743119266055,0.0332378979556269,0.0696517412935323,False,0.2568807339449541,90,0.2,0.1126146788990825,0.0355133532103358,0.0049751243781094,True,0.091743119266055,success,,27.67825818061829,0.0642201834862385,0.1009174311926605,False,False,0.1743119266055046,0.2293577981651376,False,True,0.1743119266055046,0.2293577981651376,-0.009174311926605505,0.027522935779816488,True,False,False,False
YFF,28,52,109,7,7,0.1009174311926605,0.8,0.1001376146788991,0.033069212594242,0.5223880597014925,False,0.1651376146788991,60,0.8,0.1118807339449541,0.0350670298847264,0.0796019900497512,False,0.0642201834862385,success,,33.44935917854309,0.0642201834862385,0.1009174311926605,False,False,0.1009174311926605,0.1559633027522936,False,False,0.1009174311926605,0.1559633027522936,0.0,0.009174311926605505,True,True,False,False
YFF,28,53,109,7,7,0.073394495412844,0.2,0.1049541284403669,0.0315220428146188,0.8905472636815921,False,0.1926605504587156,60,0.2,0.1163761467889908,0.0375244185689312,0.0348258706467661,True,0.1192660550458715,success,,29.67572021484375,0.0642201834862385,0.1009174311926605,False,False,0.0825688073394495,0.1834862385321101,False,True,0.0825688073394495,0.1834862385321101,-0.009174311926605505,0.009174311926605505,True,False,False,False
YFF,28,54,109,7,7,0.1192660550458715,0.2,0.0993119266055046,0.0307036368214961,0.2786069651741293,False,0.1559633027522936,60,0.2,0.1093577981651376,0.0285319032987505,0.0796019900497512,False,0.036697247706422,success,,27.31571650505066,0.0642201834862385,0.1009174311926605,False,False,0.1192660550458715,0.146788990825688,False,False,0.1192660550458715,0.146788990825688,0.0,0.009174311926605588,True,True,False,False
YFF,29,30,109,7,7,0.146788990825688,0.5,0.111743119266055,0.0311999817847425,0.1492537313432835,False,0.1834862385321101,180,0.2,0.1094036697247706,0.0326335294250668,0.0298507462686567,True,0.036697247706422,success,,19.908260822296143,0.091743119266055,0.1834862385321101,False,True,0.0642201834862385,0.110091743119266,False,False,0.091743119266055,0.1834862385321101,0.055045871559633,0.0,True,False,False,False
YFF,29,31,109,7,7,0.146788990825688,0.8,0.1145871559633027,0.0336676450885162,0.1890547263681592,False,0.2201834862385321,225,0.2,0.1098623853211009,0.0338111501619888,0.0099502487562189,True,0.073394495412844,success,,18.813306093215942,0.091743119266055,0.1834862385321101,False,True,0.091743119266055,0.1926605504587156,False,True,0.091743119266055,0.1926605504587156,0.055045871559633,0.027522935779816488,True,False,False,False
YFF,29,32,109,7,7,0.128440366972477,0.2,0.1104587155963302,0.0296867377151087,0.3034825870646766,False,0.1834862385321101,180,0.2,0.1114220183486238,0.0327559085814192,0.0199004975124378,True,0.055045871559633,success,,19.87308955192566,0.091743119266055,0.1834862385321101,False,True,0.0825688073394495,0.1009174311926605,False,False,0.091743119266055,0.1834862385321101,0.03669724770642199,0.0,True,False,False,False
YFF,29,33,109,7,7,0.1743119266055046,0.5,0.1113761467889908,0.0333019705812609,0.0398009950248756,True,0.1743119266055046,900,0.5,0.1113761467889908,0.0333019705812609,0.0398009950248756,True,0.0,success,,18.41678023338318,0.091743119266055,0.1834862385321101,False,True,0.128440366972477,0.1743119266055046,False,False,0.128440366972477,0.1834862385321101,0.04587155963302761,-0.009174311926605505,True,False,True,False
YFF,29,34,109,7,7,0.110091743119266,0.5,0.1120642201834862,0.0327362759716498,0.5572139303482587,False,0.1743119266055046,60,0.8,0.1172018348623853,0.0323536734793101,0.0746268656716417,False,0.0642201834862385,success,,26.82880544662476,0.091743119266055,0.1834862385321101,False,True,0.1009174311926605,0.1834862385321101,False,False,0.1009174311926605,0.1834862385321101,0.009174311926605505,-0.009174311926605505,True,False,False,False
YFF,29,35,109,7,7,0.1376146788990825,0.8,0.1115596330275229,0.0320120079706727,0.2537313432835821,False,0.1926605504587156,75,0.2,0.1155504587155963,0.0347933762275284,0.0348258706467661,True,0.055045871559633,success,,26.9964280128479,0.091743119266055,0.1834862385321101,False,True,0.0825688073394495,0.1834862385321101,False,True,0.091743119266055,0.1834862385321101,0.0458715596330275,0.009174311926605505,True,False,False,False
YFF,29,36,109,7,7,0.1559633027522936,0.5,0.110091743119266,0.0303372638940446,0.0895522388059701,False,0.2110091743119266,150,0.2,0.1131192660550458,0.0341679413572146,0.0099502487562189,True,0.055045871559633,success,,20.665350914001465,0.091743119266055,0.1834862385321101,False,True,0.1192660550458715,0.1651376146788991,False,False,0.1192660550458715,0.1834862385321101,0.03669724770642209,0.027522935779816488,True,False,False,False
YFF,29,37,109,7,7,0.146788990825688,0.2,0.1120642201834862,0.0304746624602775,0.1442786069651741,False,0.1834862385321101,180,0.5,0.1112844036697247,0.0338470641331415,0.0348258706467661,True,0.036697247706422,success,,20.312232732772827,0.091743119266055,0.1834862385321101,False,True,0.055045871559633,0.0642201834862385,False,False,0.091743119266055,0.1834862385321101,0.055045871559633,0.0,True,False,False,False
YFF,29,38,109,7,7,0.1376146788990825,0.8,0.1138073394495413,0.0330860910685632,0.2288557213930348,False,0.2018348623853211,60,0.2,0.1164678899082568,0.0334433772262694,0.0248756218905472,True,0.0642201834862385,success,,25.64151358604431,0.091743119266055,0.1834862385321101,False,True,0.055045871559633,0.146788990825688,False,False,0.091743119266055,0.1834862385321101,0.0458715596330275,0.01834862385321101,True,False,False,False
YFF,29,39,109,7,7,0.110091743119266,0.8,0.1089908256880734,0.0340991703511635,0.5174129353233831,False,0.1743119266055046,60,0.8,0.1176146788990825,0.0346796820771402,0.0746268656716417,False,0.0642201834862385,success,,27.537952184677124,0.091743119266055,0.1834862385321101,False,True,0.128440366972477,0.2018348623853211,False,True,0.128440366972477,0.2018348623853211,-0.018348623853210982,-0.027522935779816515,True,False,False,False
YFF,29,40,109,7,7,0.2110091743119266,0.2,0.1096788990825688,0.0353385644949289,0.0149253731343283,True,0.2110091743119266,900,0.2,0.1096788990825688,0.0353385644949289,0.0149253731343283,True,0.0,success,,17.31170678138733,0.091743119266055,0.1834862385321101,False,True,0.1743119266055046,0.2018348623853211,True,True,0.1743119266055046,0.2018348623853211,0.03669724770642199,0.009174311926605477,False,False,False,False
YFF,29,41,109,7,7,0.0825688073394495,0.2,0.1143577981651376,0.0324247118030168,0.8805970149253731,False,0.1743119266055046,60,0.5,0.1168807339449541,0.0361776875735945,0.0796019900497512,False,0.091743119266055,success,,25.575428009033203,0.091743119266055,0.1834862385321101,False,True,0.036697247706422,0.1743119266055046,False,False,0.091743119266055,0.1834862385321101,-0.009174311926605491,-0.009174311926605505,True,False,False,False
YFF,29,42,109,7,7,0.091743119266055,0.8,0.110091743119266,0.0309719456841443,0.7661691542288557,False,0.2018348623853211,180,0.2,0.1095412844036697,0.0308164223601013,0.0099502487562189,True,0.110091743119266,success,,20.168900728225708,0.091743119266055,0.1834862385321101,False,True,0.0458715596330275,0.1009174311926605,False,False,0.091743119266055,0.1834862385321101,0.0,0.01834862385321101,True,False,False,False
YFF,29,43,109,7,7,0.0642201834862385,0.2,0.1097706422018348,0.0319715194563096,0.9502487562189056,False,0.1376146788990825,90,0.8,0.1177981651376146,0.0338861542122478,0.3184079601990049,False,0.073394495412844,success,,22.74856472015381,0.091743119266055,0.1834862385321101,False,True,0.073394495412844,0.110091743119266,False,False,0.091743119266055,0.1834862385321101,-0.0275229357798165,-0.04587155963302761,True,False,False,False
YFF,29,44,109,7,7,0.091743119266055,0.5,0.1122477064220183,0.0306972994850929,0.8009950248756219,False,0.1743119266055046,180,0.5,0.1110550458715596,0.0328590447719051,0.0597014925373134,False,0.0825688073394495,success,,20.264294862747192,0.091743119266055,0.1834862385321101,False,True,0.128440366972477,0.128440366972477,False,False,0.128440366972477,0.1834862385321101,-0.03669724770642199,-0.009174311926605505,True,False,False,False
YFF,29,45,109,7,7,0.1376146788990825,0.2,0.1093119266055046,0.0326703171982315,0.2288557213930348,False,0.1651376146788991,180,0.2,0.1137614678899082,0.0342160606251573,0.0845771144278607,False,0.0275229357798165,success,,20.20113468170166,0.091743119266055,0.1834862385321101,False,True,0.1376146788990825,0.1376146788990825,False,False,0.1376146788990825,0.1834862385321101,0.0,-0.01834862385321101,True,False,False,False
YFF,29,46,109,7,7,0.1009174311926605,0.2,0.1102293577981651,0.0344314273405383,0.6616915422885572,False,0.2018348623853211,180,0.5,0.1131192660550458,0.0358473101192417,0.0199004975124378,True,0.1009174311926605,success,,20.006345987319943,0.091743119266055,0.1834862385321101,False,True,0.1376146788990825,0.1376146788990825,False,False,0.1376146788990825,0.1834862385321101,-0.03669724770642199,0.01834862385321101,True,False,False,False
YFF,29,47,109,7,7,0.110091743119266,0.2,0.1076146788990825,0.0336138339522722,0.4825870646766169,False,0.128440366972477,60,0.8,0.1181192660550458,0.0340790394584038,0.4278606965174129,False,0.018348623853211,success,,25.24447178840637,0.091743119266055,0.1834862385321101,False,True,0.1376146788990825,0.1651376146788991,False,False,0.1376146788990825,0.1834862385321101,-0.027522935779816488,-0.055045871559633114,True,False,False,False
YFF,29,48,109,7,7,0.128440366972477,0.2,0.110045871559633,0.030204491804429,0.3034825870646766,False,0.1834862385321101,180,0.8,0.1115137614678899,0.0336689955460798,0.0248756218905472,True,0.055045871559633,success,,20.35831999778748,0.091743119266055,0.1834862385321101,False,True,0.1009174311926605,0.1376146788990825,False,False,0.1009174311926605,0.1834862385321101,0.027522935779816488,0.0,True,False,False,False
YFF,29,49,109,7,7,0.0825688073394495,0.5,0.1149541284403669,0.0344490196395225,0.8656716417910447,False,0.128440366972477,60,0.5,0.1212844036697247,0.0369403226178853,0.4975124378109453,False,0.0458715596330275,success,,26.67232346534729,0.091743119266055,0.1834862385321101,False,True,0.1009174311926605,0.1559633027522936,False,False,0.1009174311926605,0.1834862385321101,-0.018348623853210996,-0.055045871559633114,True,False,False,False
YFF,29,50,109,7,7,0.110091743119266,0.2,0.1074770642201835,0.0329744308669609,0.5124378109452736,False,0.1651376146788991,90,0.5,0.1142660550458715,0.0338281585702249,0.1144278606965174,False,0.055045871559633,success,,22.141929388046265,0.091743119266055,0.1834862385321101,False,True,0.110091743119266,0.110091743119266,False,False,0.110091743119266,0.1834862385321101,0.0,-0.01834862385321101,True,False,False,False
YFF,29,51,109,7,7,0.1743119266055046,0.5,0.1128899082568807,0.0318631215718115,0.0398009950248756,True,0.1926605504587156,450,0.5,0.1138532110091743,0.030892502084301,0.0099502487562189,True,0.018348623853211,success,,18.533950328826904,0.091743119266055,0.1834862385321101,False,True,0.1743119266055046,0.2293577981651376,False,True,0.1743119266055046,0.2293577981651376,0.0,-0.03669724770642199,True,False,True,False
YFF,29,52,109,7,7,0.110091743119266,0.2,0.1061009174311926,0.0339003491043838,0.4825870646766169,False,0.2018348623853211,180,0.5,0.110137614678899,0.0323021253792129,0.0049751243781094,True,0.091743119266055,success,,19.579787969589237,0.091743119266055,0.1834862385321101,False,True,0.1009174311926605,0.1559633027522936,False,False,0.1009174311926605,0.1834862385321101,0.009174311926605505,0.01834862385321101,True,False,False,False
YFF,29,53,109,7,7,0.128440366972477,0.2,0.1116513761467889,0.0350358073119349,0.3781094527363184,False,0.2201834862385321,60,0.8,0.1177064220183486,0.031393911277208,0.0049751243781094,True,0.091743119266055,success,,26.0751793384552,0.091743119266055,0.1834862385321101,False,True,0.0825688073394495,0.1834862385321101,False,True,0.091743119266055,0.1834862385321101,0.03669724770642199,0.03669724770642199,True,False,False,False
YFF,29,54,109,7,7,0.1192660550458715,0.5,0.1115137614678899,0.0306437932811608,0.4577114427860697,False,0.1926605504587156,180,0.5,0.1111009174311926,0.0336274205861106,0.0248756218905472,True,0.073394495412844,success,,21.063740491867065,0.091743119266055,0.1834862385321101,False,True,0.1192660550458715,0.146788990825688,False,False,0.1192660550458715,0.1834862385321101,0.0,0.009174311926605505,True,False,False,False
YFF,30,31,109,7,7,0.0825688073394495,0.2,0.1091284403669724,0.033369944635269,0.8109452736318408,False,0.1834862385321101,60,0.2,0.1146330275229357,0.03411699596393,0.0398009950248756,True,0.1009174311926605,success,,25.55661082267761,0.0642201834862385,0.110091743119266,False,False,0.091743119266055,0.1926605504587156,False,True,0.091743119266055,0.1926605504587156,-0.009174311926605491,-0.009174311926605505,True,False,False,False
YFF,30,32,109,7,7,0.073394495412844,0.2,0.1028899082568807,0.0259142538309042,0.9104477611940298,False,0.1192660550458715,75,0.2,0.1033027522935779,0.0287222008337969,0.3482587064676617,False,0.0458715596330275,success,,22.6493616104126,0.0642201834862385,0.110091743119266,False,False,0.0825688073394495,0.1009174311926605,False,False,0.0825688073394495,0.110091743119266,-0.009174311926605505,0.009174311926605491,True,True,False,False
YFF,30,33,109,7,7,0.110091743119266,0.2,0.1093119266055046,0.0340522211580822,0.5472636815920398,False,0.1834862385321101,300,0.8,0.1120183486238532,0.0328099988226884,0.0348258706467661,True,0.073394495412844,success,,19.77083420753479,0.0642201834862385,0.110091743119266,False,False,0.128440366972477,0.1743119266055046,False,False,0.128440366972477,0.1743119266055046,-0.018348623853210982,0.009174311926605505,True,True,False,True
YFF,30,34,109,7,7,0.110091743119266,0.2,0.1089449541284403,0.0335285089230747,0.5024875621890548,False,0.2018348623853211,225,0.2,0.1098165137614679,0.0327366958710267,0.0199004975124378,True,0.091743119266055,success,,20.479728937149048,0.0642201834862385,0.110091743119266,False,False,0.1009174311926605,0.1834862385321101,False,False,0.1009174311926605,0.1834862385321101,0.009174311926605505,0.01834862385321101,True,True,False,True
YFF,30,35,109,7,7,0.091743119266055,0.2,0.1097706422018348,0.0338103995939725,0.7313432835820896,False,0.1743119266055046,150,0.8,0.1122018348623853,0.0364974274882915,0.0597014925373134,False,0.0825688073394495,success,,21.683449745178223,0.0642201834862385,0.110091743119266,False,False,0.0825688073394495,0.1834862385321101,False,True,0.0825688073394495,0.1834862385321101,0.009174311926605491,-0.009174311926605505,True,False,False,False
YFF,30,36,109,7,7,0.1559633027522936,0.5,0.110137614678899,0.030358134496614,0.0746268656716417,False,0.1651376146788991,150,0.5,0.115,0.0330064821641509,0.0945273631840796,False,0.0091743119266055,success,,20.83886981010437,0.0642201834862385,0.110091743119266,False,False,0.1192660550458715,0.1651376146788991,False,False,0.1192660550458715,0.1651376146788991,0.03669724770642209,0.0,True,True,False,False
YFF,30,37,109,7,7,0.0642201834862385,0.2,0.1014678899082568,0.0278762684145131,0.9502487562189056,False,0.0825688073394495,60,0.2,0.1020642201834862,0.0280923607477196,0.8009950248756219,False,0.018348623853211,success,,24.591938257217407,0.0642201834862385,0.110091743119266,False,False,0.055045871559633,0.0642201834862385,False,False,0.0642201834862385,0.110091743119266,0.0,-0.0275229357798165,True,True,False,False
YFF,30,38,109,7,7,0.073394495412844,0.2,0.1112385321100917,0.0309847455961195,0.900497512437811,False,0.146788990825688,60,0.8,0.1141743119266055,0.0333230151645874,0.1990049751243781,False,0.073394495412844,success,,24.91458868980408,0.0642201834862385,0.110091743119266,False,False,0.055045871559633,0.146788990825688,False,False,0.0642201834862385,0.146788990825688,0.009174311926605505,0.0,True,True,False,False
YFF,30,39,109,7,7,0.146788990825688,0.8,0.1104128440366972,0.0330768856957204,0.1741293532338308,False,0.1926605504587156,300,0.8,0.1063302752293578,0.0336072902806761,0.0149253731343283,True,0.0458715596330275,success,,18.35364961624145,0.0642201834862385,0.110091743119266,False,False,0.128440366972477,0.2018348623853211,False,True,0.128440366972477,0.2018348623853211,0.01834862385321101,-0.009174311926605505,True,False,False,False
YFF,30,40,109,7,7,0.1376146788990825,0.2,0.10848623853211,0.0339982722853843,0.2587064676616915,False,0.2018348623853211,300,0.5,0.1110091743119266,0.0347800322539977,0.0049751243781094,True,0.0642201834862385,success,,18.10973215103149,0.0642201834862385,0.110091743119266,False,False,0.1743119266055046,0.2018348623853211,True,True,0.1743119266055046,0.2018348623853211,-0.036697247706422104,0.0,False,False,False,False
YFF,30,41,109,7,7,0.055045871559633,0.2,0.1097247706422018,0.0332867263807362,0.965174129353234,False,0.1834862385321101,60,0.8,0.1170183486238532,0.0349316818672879,0.0398009950248756,True,0.128440366972477,success,,26.11191821098328,0.0642201834862385,0.110091743119266,False,False,0.036697247706422,0.1743119266055046,False,False,0.0642201834862385,0.1743119266055046,-0.009174311926605491,0.009174311926605505,True,True,False,True
YFF,30,42,109,7,7,0.036697247706422,0.2,0.1022477064220183,0.0323269938618213,0.9950248756218906,False,0.091743119266055,75,0.2,0.1049541284403669,0.0304713660434163,0.6965174129353234,False,0.055045871559633,success,,23.763485431671143,0.0642201834862385,0.110091743119266,False,False,0.0458715596330275,0.1009174311926605,False,False,0.0642201834862385,0.110091743119266,-0.027522935779816494,-0.01834862385321101,True,True,False,False
YFF,30,43,109,7,7,0.091743119266055,0.5,0.108394495412844,0.0339937934181576,0.7213930348258707,False,0.1192660550458715,180,0.5,0.1141743119266055,0.0362997407318196,0.4676616915422885,False,0.0275229357798165,success,,20.05703830718994,0.0642201834862385,0.110091743119266,False,False,0.073394495412844,0.110091743119266,False,False,0.073394495412844,0.110091743119266,0.018348623853210996,0.009174311926605491,True,True,False,False
YFF,30,44,109,7,7,0.0825688073394495,0.2,0.1064678899082568,0.0305719370836305,0.8009950248756219,False,0.1376146788990825,75,0.2,0.1102752293577981,0.0343389583961499,0.2487562189054726,False,0.055045871559633,success,,24.09221124649048,0.0642201834862385,0.110091743119266,False,False,0.128440366972477,0.128440366972477,False,False,0.128440366972477,0.128440366972477,-0.045871559633027484,0.009174311926605505,True,True,False,False
YFF,30,45,109,7,7,0.128440366972477,0.2,0.1081651376146789,0.0350898485141014,0.3233830845771144,False,0.128440366972477,75,0.2,0.1130733944954128,0.0352623617456583,0.373134328358209,False,0.0,success,,24.732943773269653,0.0642201834862385,0.110091743119266,False,False,0.1376146788990825,0.1376146788990825,False,False,0.1376146788990825,0.1376146788990825,-0.009174311926605505,-0.009174311926605505,True,True,False,False
YFF,30,46,109,7,7,0.1651376146788991,0.5,0.1069724770642201,0.033547457276074,0.0845771144278607,False,0.1651376146788991,900,0.5,0.1069724770642201,0.033547457276074,0.0845771144278607,False,0.0,success,,17.98371958732605,0.0642201834862385,0.110091743119266,False,False,0.1376146788990825,0.1376146788990825,False,False,0.1376146788990825,0.1376146788990825,0.0275229357798166,0.0275229357798166,True,True,False,False
YFF,30,47,109,7,7,0.1376146788990825,0.2,0.1074770642201835,0.033445653589307,0.2338308457711442,False,0.146788990825688,75,0.2,0.110137614678899,0.0364717786569794,0.1791044776119403,False,0.0091743119266055,success,,24.562400579452515,0.0642201834862385,0.110091743119266,False,False,0.1376146788990825,0.1651376146788991,False,False,0.1376146788990825,0.1651376146788991,0.0,-0.018348623853211093,True,True,False,False
YFF,30,48,109,7,7,0.091743119266055,0.2,0.1061926605504587,0.0336355636447935,0.6965174129353234,False,0.1559633027522936,100,0.2,0.1111926605504587,0.0326415964901528,0.1144278606965174,False,0.0642201834862385,success,,21.65158104896545,0.0642201834862385,0.110091743119266,False,False,0.1009174311926605,0.1376146788990825,False,False,0.1009174311926605,0.1376146788990825,-0.009174311926605505,0.018348623853211093,True,True,False,False
YFF,30,49,109,7,7,0.146788990825688,0.2,0.1095412844036697,0.0324085655722642,0.1741293532338308,False,0.146788990825688,900,0.2,0.1095412844036697,0.0324085655722642,0.1741293532338308,False,0.0,success,,17.300843715667725,0.0642201834862385,0.110091743119266,False,False,0.1009174311926605,0.1559633027522936,False,False,0.1009174311926605,0.1559633027522936,0.0458715596330275,-0.009174311926605588,True,True,False,False
YFF,30,50,109,7,7,0.1009174311926605,0.2,0.1023394495412844,0.0317154366262749,0.5621890547263682,False,0.128440366972477,60,0.8,0.110045871559633,0.0339865762238949,0.3532338308457711,False,0.0275229357798165,success,,25.0746328830719,0.0642201834862385,0.110091743119266,False,False,0.110091743119266,0.110091743119266,False,False,0.110091743119266,0.110091743119266,-0.009174311926605505,0.018348623853210982,True,True,False,False
YFF,30,51,109,7,7,0.1651376146788991,0.8,0.1090825688073394,0.0337153493539957,0.0796019900497512,False,0.2477064220183486,90,0.2,0.1130733944954128,0.0352623617456583,0.0049751243781094,True,0.0825688073394495,success,,22.550137758255005,0.0642201834862385,0.110091743119266,False,False,0.1743119266055046,0.2293577981651376,False,True,0.1743119266055046,0.2293577981651376,-0.009174311926605505,0.01834862385321101,True,False,False,False
YFF,30,52,109,7,7,0.110091743119266,0.2,0.0985779816513761,0.0323871226883572,0.417910447761194,False,0.146788990825688,100,0.2,0.1113761467889908,0.0342412683784935,0.1940298507462686,False,0.036697247706422,success,,21.761456727981567,0.0642201834862385,0.110091743119266,False,False,0.1009174311926605,0.1559633027522936,False,False,0.1009174311926605,0.1559633027522936,0.009174311926605505,-0.009174311926605588,True,True,False,False
YFF,30,53,109,7,7,0.0642201834862385,0.2,0.1077981651376146,0.0330432707220223,0.9303482587064676,False,0.1926605504587156,60,0.2,0.1178899082568807,0.0359961378398151,0.0248756218905472,True,0.128440366972477,success,,25.451520919799805,0.0642201834862385,0.110091743119266,False,False,0.0825688073394495,0.1834862385321101,False,True,0.0825688073394495,0.1834862385321101,-0.01834862385321101,0.009174311926605505,True,False,False,False
YFF,30,54,109,7,7,0.128440366972477,0.2,0.1038073394495412,0.0309251724984293,0.2487562189054726,False,0.1559633027522936,60,0.5,0.1111009174311926,0.0303761364922567,0.1194029850746268,False,0.0275229357798165,success,,25.140899419784542,0.0642201834862385,0.110091743119266,False,False,0.1192660550458715,0.146788990825688,False,False,0.1192660550458715,0.146788990825688,0.009174311926605491,0.009174311926605588,True,True,False,False
YFF,31,32,109,7,7,0.0642201834862385,0.2,0.106697247706422,0.0354820465717969,0.9154228855721394,False,0.2018348623853211,60,0.2,0.1146330275229357,0.0326731652267128,0.0149253731343283,True,0.1376146788990825,success,,25.02366352081299,0.091743119266055,0.1926605504587156,False,True,0.0825688073394495,0.1009174311926605,False,False,0.091743119266055,0.1926605504587156,-0.0275229357798165,0.009174311926605505,True,False,False,False
YFF,31,33,109,7,7,0.1009174311926605,0.5,0.1076146788990825,0.0314558237719134,0.6467661691542289,False,0.2385321100917431,60,0.5,0.1191743119266055,0.0340920995275931,0.0099502487562189,True,0.1376146788990825,success,,26.456022024154663,0.091743119266055,0.1926605504587156,False,True,0.128440366972477,0.1743119266055046,False,False,0.128440366972477,0.1926605504587156,-0.027522935779816488,0.0458715596330275,True,False,False,False
YFF,31,34,109,7,7,0.073394495412844,0.5,0.1094495412844036,0.0344931910450701,0.8706467661691543,False,0.1926605504587156,60,0.2,0.1190366972477064,0.0354835663707813,0.0497512437810945,True,0.1192660550458715,success,,26.092511415481567,0.091743119266055,0.1926605504587156,False,True,0.1009174311926605,0.1834862385321101,False,False,0.1009174311926605,0.1926605504587156,-0.0275229357798165,0.0,True,False,False,False
YFF,31,35,109,7,7,0.1192660550458715,0.2,0.1079816513761468,0.0354032855248317,0.4477611940298507,False,0.1926605504587156,150,0.2,0.1120183486238532,0.0318816004199263,0.0248756218905472,True,0.073394495412844,success,,20.355860233306885,0.091743119266055,0.1926605504587156,False,True,0.0825688073394495,0.1834862385321101,False,True,0.091743119266055,0.1926605504587156,0.0275229357798165,0.0,True,False,False,False
YFF,31,36,109,7,7,0.110091743119266,0.2,0.1104128440366972,0.0316123156181093,0.5522388059701493,False,0.2201834862385321,150,0.5,0.1126146788990825,0.0323078860994095,0.0049751243781094,True,0.110091743119266,success,,20.21868348121643,0.091743119266055,0.1926605504587156,False,True,0.1192660550458715,0.1651376146788991,False,False,0.1192660550458715,0.1926605504587156,-0.009174311926605491,0.027522935779816488,True,False,False,False
YFF,31,37,109,7,7,0.073394495412844,0.8,0.1081192660550458,0.0356196671452493,0.8756218905472637,False,0.1926605504587156,60,0.2,0.1123394495412844,0.0314125988222768,0.0149253731343283,True,0.1192660550458715,success,,25.1097252368927,0.091743119266055,0.1926605504587156,False,True,0.055045871559633,0.0642201834862385,False,False,0.091743119266055,0.1926605504587156,-0.018348623853210996,0.0,True,False,False,False
YFF,31,38,109,7,7,0.091743119266055,0.5,0.1082110091743119,0.0345518453978815,0.7263681592039801,False,0.1651376146788991,60,0.2,0.1164220183486238,0.0315186881995653,0.0796019900497512,False,0.073394495412844,success,,25.461973190307617,0.091743119266055,0.1926605504587156,False,True,0.055045871559633,0.146788990825688,False,False,0.091743119266055,0.1926605504587156,0.0,-0.027522935779816515,True,False,False,False
YFF,31,39,109,7,7,0.0825688073394495,0.2,0.1083027522935779,0.0353792344886312,0.7761194029850746,False,0.2293577981651376,300,0.2,0.1059174311926605,0.0310373914896918,0.0049751243781094,True,0.146788990825688,success,,18.176179885864254,0.091743119266055,0.1926605504587156,False,True,0.128440366972477,0.2018348623853211,False,True,0.128440366972477,0.2018348623853211,-0.045871559633027484,0.027522935779816488,True,False,False,False
YFF,31,40,109,7,7,0.110091743119266,0.2,0.106743119266055,0.0354327519075939,0.4975124378109453,False,0.2660550458715596,150,0.2,0.1119266055045871,0.0356922928473774,0.0049751243781094,True,0.1559633027522936,success,,20.53053474426269,0.091743119266055,0.1926605504587156,False,True,0.1743119266055046,0.2018348623853211,True,True,0.1743119266055046,0.2018348623853211,-0.06422018348623859,0.06422018348623848,False,False,False,False
YFF,31,41,109,7,7,0.073394495412844,0.2,0.1109174311926605,0.0346849259776367,0.8855721393034826,False,0.1926605504587156,60,0.5,0.1197247706422018,0.0352000852291281,0.0398009950248756,True,0.1192660550458715,success,,26.057875156402588,0.091743119266055,0.1926605504587156,False,True,0.036697247706422,0.1743119266055046,False,False,0.091743119266055,0.1926605504587156,-0.018348623853210996,0.0,True,False,False,False
YFF,31,42,109,7,7,0.0825688073394495,0.5,0.1066055045871559,0.0320663967670709,0.835820895522388,False,0.1743119266055046,60,0.2,0.1144495412844036,0.0326075976369735,0.0497512437810945,True,0.091743119266055,success,,26.19191813468933,0.091743119266055,0.1926605504587156,False,True,0.0458715596330275,0.1009174311926605,False,False,0.091743119266055,0.1926605504587156,-0.009174311926605491,-0.01834862385321101,True,False,False,False
YFF,31,43,109,7,7,0.0642201834862385,0.2,0.1062385321100917,0.0345158682510306,0.9303482587064676,False,0.1376146788990825,300,0.2,0.1139908256880734,0.0342708699669632,0.3184079601990049,False,0.073394495412844,success,,19.119609594345093,0.091743119266055,0.1926605504587156,False,True,0.073394495412844,0.110091743119266,False,False,0.091743119266055,0.1926605504587156,-0.0275229357798165,-0.055045871559633114,True,False,False,False
YFF,31,44,109,7,7,0.055045871559633,0.8,0.106697247706422,0.0367929000965127,0.9701492537313432,False,0.1926605504587156,300,0.5,0.1088532110091743,0.034174965548696,0.0199004975124378,True,0.1376146788990825,success,,19.36120343208313,0.091743119266055,0.1926605504587156,False,True,0.128440366972477,0.128440366972477,False,False,0.128440366972477,0.1926605504587156,-0.07339449541284399,0.0,True,False,False,False
YFF,31,45,109,7,7,0.073394495412844,0.2,0.11,0.0352389946940974,0.8855721393034826,False,0.1651376146788991,225,0.2,0.1098165137614679,0.0365344922476583,0.099502487562189,False,0.091743119266055,success,,19.42474341392517,0.091743119266055,0.1926605504587156,False,True,0.1376146788990825,0.1376146788990825,False,False,0.1376146788990825,0.1926605504587156,-0.0642201834862385,-0.027522935779816515,True,False,False,False
YFF,31,46,109,7,7,0.073394495412844,0.8,0.1071559633027522,0.0340520037939323,0.8805970149253731,False,0.1834862385321101,60,0.2,0.1160550458715596,0.0328378316481663,0.044776119402985,True,0.110091743119266,success,,25.70404887199402,0.091743119266055,0.1926605504587156,False,True,0.1376146788990825,0.1376146788990825,False,False,0.1376146788990825,0.1926605504587156,-0.0642201834862385,-0.009174311926605505,True,False,False,False
YFF,31,47,109,7,7,0.091743119266055,0.5,0.1072935779816514,0.0343665067519298,0.7313432835820896,False,0.1743119266055046,60,0.8,0.1192660550458715,0.0362916127403081,0.099502487562189,False,0.0825688073394495,success,,25.23643469810486,0.091743119266055,0.1926605504587156,False,True,0.1376146788990825,0.1651376146788991,False,False,0.1376146788990825,0.1926605504587156,-0.0458715596330275,-0.01834862385321101,True,False,False,False
YFF,31,48,109,7,7,0.073394495412844,0.8,0.1074311926605504,0.036205151091991,0.8606965174129353,False,0.1743119266055046,60,0.2,0.1135321100917431,0.0339235472960199,0.0547263681592039,False,0.1009174311926605,success,,24.5115327835083,0.091743119266055,0.1926605504587156,False,True,0.1009174311926605,0.1376146788990825,False,False,0.1009174311926605,0.1926605504587156,-0.0275229357798165,-0.01834862385321101,True,False,False,False
YFF,31,49,109,7,7,0.091743119266055,0.8,0.1098623853211009,0.0348096617061304,0.7263681592039801,False,0.146788990825688,60,0.8,0.1197706422018348,0.0344525492977985,0.2537313432835821,False,0.055045871559633,success,,26.096598386764526,0.091743119266055,0.1926605504587156,False,True,0.1009174311926605,0.1559633027522936,False,False,0.1009174311926605,0.1926605504587156,-0.009174311926605505,-0.04587155963302761,True,False,False,False
YFF,31,50,109,7,7,0.091743119266055,0.2,0.1051376146788991,0.0350566857746837,0.7014925373134329,False,0.1926605504587156,100,0.5,0.1124770642201834,0.0351699128118061,0.0348258706467661,True,0.1009174311926605,success,,21.80773401260376,0.091743119266055,0.1926605504587156,False,True,0.110091743119266,0.110091743119266,False,False,0.110091743119266,0.1926605504587156,-0.01834862385321101,0.0,True,False,False,False
YFF,31,51,109,7,7,0.146788990825688,0.2,0.1087155963302752,0.034655159367606,0.1791044776119403,False,0.2018348623853211,60,0.5,0.115045871559633,0.0327874317543798,0.0149253731343283,True,0.055045871559633,success,,25.571175813674927,0.091743119266055,0.1926605504587156,False,True,0.1743119266055046,0.2293577981651376,False,True,0.1743119266055046,0.2293577981651376,-0.0275229357798166,-0.027522935779816488,True,False,False,False
YFF,31,52,109,7,7,0.110091743119266,0.8,0.1069266055045871,0.0339629229498106,0.5124378109452736,False,0.1926605504587156,100,0.5,0.1105504587155963,0.0350073056301444,0.0298507462686567,True,0.0825688073394495,success,,20.663365125656128,0.091743119266055,0.1926605504587156,False,True,0.1009174311926605,0.1559633027522936,False,False,0.1009174311926605,0.1926605504587156,0.009174311926605505,0.0,True,False,False,False
YFF,31,53,109,7,7,0.073394495412844,0.5,0.1101834862385321,0.0326989480058986,0.8955223880597015,False,0.1651376146788991,60,0.2,0.1141284403669724,0.0347513207960853,0.1044776119402985,False,0.091743119266055,success,,25.191960334777832,0.091743119266055,0.1926605504587156,False,True,0.0825688073394495,0.1834862385321101,False,True,0.091743119266055,0.1926605504587156,-0.018348623853210996,-0.027522935779816515,True,False,False,False
YFF,31,54,109,7,7,0.1009174311926605,0.2,0.1036238532110091,0.0336903444224245,0.5920398009950248,False,0.1926605504587156,300,0.5,0.1108715596330275,0.0352364440781582,0.0298507462686567,True,0.091743119266055,success,,18.956815004348755,0.091743119266055,0.1926605504587156,False,True,0.1192660550458715,0.146788990825688,False,False,0.1192660550458715,0.1926605504587156,-0.018348623853210996,0.0,True,False,False,False
YFF,32,33,109,7,7,0.1192660550458715,0.2,0.1104587155963302,0.03207008974566,0.4577114427860697,False,0.1743119266055046,100,0.2,0.1142660550458715,0.0347775695945976,0.0497512437810945,True,0.055045871559633,success,,22.12264919281006,0.0825688073394495,0.1009174311926605,False,False,0.128440366972477,0.1743119266055046,False,False,0.128440366972477,0.1743119266055046,-0.009174311926605491,0.0,True,True,False,True
YFF,32,34,109,7,7,0.128440366972477,0.2,0.1065137614678899,0.0319637464088593,0.2835820895522388,False,0.1926605504587156,225,0.2,0.1108715596330275,0.034324390390804,0.0298507462686567,True,0.0642201834862385,success,,19.547189474105835,0.0825688073394495,0.1009174311926605,False,False,0.1009174311926605,0.1834862385321101,False,False,0.1009174311926605,0.1834862385321101,0.027522935779816488,0.009174311926605505,True,True,False,True
YFF,32,35,109,7,7,0.091743119266055,0.2,0.1070642201834862,0.0334043071263393,0.7213930348258707,False,0.1834862385321101,150,0.2,0.1114678899082568,0.0359843859172557,0.0597014925373134,False,0.091743119266055,success,,20.216083526611328,0.0825688073394495,0.1009174311926605,False,False,0.0825688073394495,0.1834862385321101,False,True,0.0825688073394495,0.1834862385321101,0.009174311926605491,0.0,True,False,False,False
YFF,32,36,109,7,7,0.1192660550458715,0.2,0.1111926605504587,0.0303590052449156,0.4427860696517413,False,0.1651376146788991,150,0.2,0.1142660550458715,0.0327352423502368,0.0945273631840796,False,0.0458715596330275,success,,20.1514310836792,0.0825688073394495,0.1009174311926605,False,False,0.1192660550458715,0.1651376146788991,False,False,0.1192660550458715,0.1651376146788991,0.0,0.0,True,True,False,False
YFF,32,37,109,7,7,0.073394495412844,0.2,0.0945871559633027,0.0257589399013734,0.8507462686567164,False,0.1009174311926605,150,0.2,0.0956880733944954,0.0252468076836928,0.4278606965174129,False,0.0275229357798165,success,,20.00886011123657,0.0825688073394495,0.1009174311926605,False,False,0.055045871559633,0.0642201834862385,False,False,0.0825688073394495,0.1009174311926605,-0.009174311926605505,0.0,True,True,False,False
YFF,32,38,109,7,7,0.073394495412844,0.2,0.110091743119266,0.0313654714000883,0.9054726368159204,False,0.146788990825688,60,0.8,0.1139908256880734,0.0336229866633228,0.2039800995024875,False,0.073394495412844,success,,26.35622763633728,0.0825688073394495,0.1009174311926605,False,False,0.055045871559633,0.146788990825688,False,False,0.0825688073394495,0.146788990825688,-0.009174311926605505,0.0,True,True,False,False
YFF,32,39,109,7,7,0.1376146788990825,0.2,0.1063761467889908,0.0355152587174671,0.2139303482587064,False,0.2018348623853211,300,0.8,0.1062385321100917,0.0335842514513819,0.0099502487562189,True,0.0642201834862385,success,,18.708420038223267,0.0825688073394495,0.1009174311926605,False,False,0.128440366972477,0.2018348623853211,False,True,0.128440366972477,0.2018348623853211,0.009174311926605505,0.0,True,False,False,False
YFF,32,40,109,7,7,0.146788990825688,0.8,0.106743119266055,0.0318495790956215,0.1442786069651741,False,0.2110091743119266,300,0.5,0.1098165137614679,0.0353339263402062,0.0049751243781094,True,0.0642201834862385,success,,18.57329106330872,0.0825688073394495,0.1009174311926605,False,False,0.1743119266055046,0.2018348623853211,True,True,0.1743119266055046,0.2018348623853211,-0.0275229357798166,0.009174311926605477,False,False,False,False
YFF,32,41,109,7,7,0.055045871559633,0.5,0.1085321100917431,0.0346961428238332,0.9502487562189056,False,0.1834862385321101,60,0.8,0.1178440366972477,0.0342296244563924,0.0298507462686567,True,0.128440366972477,success,,24.522735834121704,0.0825688073394495,0.1009174311926605,False,False,0.036697247706422,0.1743119266055046,False,False,0.0825688073394495,0.1743119266055046,-0.0275229357798165,0.009174311926605505,True,True,False,True
YFF,32,42,109,7,7,0.073394495412844,0.2,0.1004587155963302,0.0295712527292842,0.835820895522388,False,0.091743119266055,100,0.2,0.1059174311926605,0.0309691802083868,0.7164179104477612,False,0.018348623853211,success,,21.995216846466064,0.0825688073394495,0.1009174311926605,False,False,0.0458715596330275,0.1009174311926605,False,False,0.0825688073394495,0.1009174311926605,-0.009174311926605505,-0.009174311926605505,True,True,False,False
YFF,32,43,109,7,7,0.0825688073394495,0.8,0.1079357798165137,0.0325171938095771,0.8159203980099502,False,0.110091743119266,300,0.2,0.1099541284403669,0.0317205038740059,0.5323383084577115,False,0.0275229357798165,success,,18.69697999954224,0.0825688073394495,0.1009174311926605,False,False,0.073394495412844,0.110091743119266,False,False,0.0825688073394495,0.110091743119266,0.0,0.0,True,True,False,False
YFF,32,44,109,7,7,0.110091743119266,0.5,0.105,0.0320286182274881,0.4577114427860697,False,0.1192660550458715,450,0.8,0.1044954128440367,0.031604454225372,0.3781094527363184,False,0.0091743119266055,success,,18.666642427444454,0.0825688073394495,0.1009174311926605,False,False,0.128440366972477,0.128440366972477,False,False,0.128440366972477,0.128440366972477,-0.018348623853210982,-0.009174311926605491,True,True,False,False
YFF,32,45,109,7,7,0.146788990825688,0.2,0.1068807339449541,0.0340394564255306,0.1641791044776119,False,0.146788990825688,900,0.2,0.1068807339449541,0.0340394564255306,0.1641791044776119,False,0.0,success,,18.519083738327023,0.0825688073394495,0.1009174311926605,False,False,0.1376146788990825,0.1376146788990825,False,False,0.1376146788990825,0.1376146788990825,0.009174311926605505,0.009174311926605505,True,True,False,False
YFF,32,46,109,7,7,0.073394495412844,0.2,0.1045871559633027,0.0344255612430786,0.8407960199004975,False,0.146788990825688,150,0.2,0.1102752293577981,0.0322688829765484,0.1691542288557214,False,0.073394495412844,success,,20.81392765045166,0.0825688073394495,0.1009174311926605,False,False,0.1376146788990825,0.1376146788990825,False,False,0.1376146788990825,0.1376146788990825,-0.0642201834862385,0.009174311926605505,True,True,False,False
YFF,32,47,109,7,7,0.128440366972477,0.8,0.1071100917431192,0.03236020924494,0.2885572139303483,False,0.146788990825688,75,0.5,0.1075688073394495,0.0368919446773506,0.1641791044776119,False,0.018348623853211,success,,23.936108827590942,0.0825688073394495,0.1009174311926605,False,False,0.1376146788990825,0.1651376146788991,False,False,0.1376146788990825,0.1651376146788991,-0.009174311926605505,-0.018348623853211093,True,True,False,False
YFF,32,48,109,7,7,0.1192660550458715,0.5,0.1055045871559633,0.0287775162342238,0.3880597014925373,False,0.1651376146788991,225,0.2,0.1081192660550458,0.0311065409673356,0.0646766169154228,False,0.0458715596330275,success,,19.50658631324768,0.0825688073394495,0.1009174311926605,False,False,0.1009174311926605,0.1376146788990825,False,False,0.1009174311926605,0.1376146788990825,0.018348623853210996,0.0275229357798166,True,True,False,False
YFF,32,49,109,7,7,0.1376146788990825,0.2,0.1108715596330275,0.0347164641202326,0.2736318407960199,False,0.1376146788990825,60,0.8,0.1161467889908257,0.0354835961701107,0.3184079601990049,False,0.0,success,,25.77308988571167,0.0825688073394495,0.1009174311926605,False,False,0.1009174311926605,0.1559633027522936,False,False,0.1009174311926605,0.1559633027522936,0.03669724770642199,-0.018348623853211093,True,True,False,False
YFF,32,50,109,7,7,0.1192660550458715,0.2,0.1012844036697247,0.031457571702374,0.3333333333333333,False,0.1192660550458715,900,0.2,0.1012844036697247,0.031457571702374,0.3333333333333333,False,0.0,success,,18.418856859207157,0.0825688073394495,0.1009174311926605,False,False,0.110091743119266,0.110091743119266,False,False,0.110091743119266,0.110091743119266,0.009174311926605491,0.009174311926605491,True,True,False,False
YFF,32,51,109,7,7,0.1559633027522936,0.5,0.1087155963302752,0.035415707982128,0.1243781094527363,False,0.2385321100917431,90,0.2,0.1121100917431192,0.0348669952233122,0.0049751243781094,True,0.0825688073394495,success,,23.62068271636963,0.0825688073394495,0.1009174311926605,False,False,0.1743119266055046,0.2293577981651376,False,True,0.1743119266055046,0.2293577981651376,-0.01834862385321101,0.009174311926605505,True,False,False,False
YFF,32,52,109,7,7,0.091743119266055,0.8,0.0988990825688073,0.031300137283588,0.6417910447761194,False,0.146788990825688,60,0.8,0.1112844036697247,0.0336716648958646,0.1890547263681592,False,0.055045871559633,success,,25.98462820053101,0.0825688073394495,0.1009174311926605,False,False,0.1009174311926605,0.1559633027522936,False,False,0.1009174311926605,0.1559633027522936,-0.009174311926605505,-0.009174311926605588,True,True,False,False
YFF,32,53,109,7,7,0.0642201834862385,0.2,0.1077522935779816,0.032465384231155,0.945273631840796,False,0.1651376146788991,60,0.2,0.1189449541284403,0.0360035102124769,0.1094527363184079,False,0.1009174311926605,success,,25.715294361114506,0.0825688073394495,0.1009174311926605,False,False,0.0825688073394495,0.1834862385321101,False,True,0.0825688073394495,0.1834862385321101,-0.01834862385321101,-0.01834862385321101,True,False,False,False
YFF,32,54,109,7,7,0.1009174311926605,0.2,0.1027064220183486,0.0314287520626968,0.5223880597014925,False,0.146788990825688,60,0.2,0.1107339449541284,0.0312236962108102,0.1492537313432835,False,0.0458715596330275,success,,25.861347913742065,0.0825688073394495,0.1009174311926605,False,False,0.1192660550458715,0.146788990825688,False,False,0.1192660550458715,0.146788990825688,-0.018348623853210996,0.0,True,True,False,False
YFF,33,34,109,7,7,0.1559633027522936,0.2,0.1089449541284403,0.0346696493834892,0.1243781094527363,False,0.2018348623853211,180,0.2,0.1164220183486238,0.034084654970745,0.0049751243781094,True,0.0458715596330275,success,,20.745415449142456,0.128440366972477,0.1743119266055046,False,False,0.1009174311926605,0.1834862385321101,False,False,0.128440366972477,0.1834862385321101,0.0275229357798166,0.01834862385321101,True,True,False,True
YFF,33,35,109,7,7,0.1376146788990825,0.5,0.1090366972477064,0.0349762111325425,0.2338308457711442,False,0.2018348623853211,300,0.5,0.1149541284403669,0.0352500352315898,0.0298507462686567,True,0.0642201834862385,success,,18.74923515319824,0.128440366972477,0.1743119266055046,False,False,0.0825688073394495,0.1834862385321101,False,True,0.128440366972477,0.1834862385321101,0.009174311926605505,0.01834862385321101,True,False,False,False
YFF,33,36,109,7,7,0.1651376146788991,0.8,0.111697247706422,0.0338361595686996,0.0696517412935323,False,0.2018348623853211,150,0.5,0.1129357798165137,0.0347604477708237,0.0149253731343283,True,0.036697247706422,success,,20.08627653121948,0.128440366972477,0.1743119266055046,False,False,0.1192660550458715,0.1651376146788991,False,False,0.128440366972477,0.1743119266055046,0.036697247706422104,0.027522935779816515,True,True,False,True
YFF,33,37,109,7,7,0.1376146788990825,0.2,0.1090366972477064,0.0339825936674866,0.263681592039801,False,0.1651376146788991,90,0.2,0.1142201834862385,0.0336646299180082,0.0845771144278607,False,0.0275229357798165,success,,22.11713695526123,0.128440366972477,0.1743119266055046,False,False,0.055045871559633,0.0642201834862385,False,False,0.128440366972477,0.1743119266055046,0.009174311926605505,-0.009174311926605505,True,True,False,False
YFF,33,38,109,7,7,0.128440366972477,0.5,0.1123853211009174,0.0317241371257083,0.373134328358209,False,0.1743119266055046,180,0.5,0.1169266055045871,0.035940252562962,0.0945273631840796,False,0.0458715596330275,success,,19.90572166442871,0.128440366972477,0.1743119266055046,False,False,0.055045871559633,0.146788990825688,False,False,0.128440366972477,0.1743119266055046,0.0,0.0,True,True,False,False
YFF,33,39,109,7,7,0.110091743119266,0.2,0.108440366972477,0.0330817763689796,0.5572139303482587,False,0.1559633027522936,100,0.2,0.1131651376146789,0.0364576278543148,0.1442786069651741,False,0.0458715596330275,success,,21.87468647956848,0.128440366972477,0.1743119266055046,False,False,0.128440366972477,0.2018348623853211,False,True,0.128440366972477,0.2018348623853211,-0.018348623853210982,-0.045871559633027525,True,False,False,False
YFF,33,40,109,7,7,0.1376146788990825,0.2,0.1059174311926605,0.0341393036070826,0.2039800995024875,False,0.2201834862385321,300,0.2,0.1130733944954128,0.0357862288553071,0.0099502487562189,True,0.0825688073394495,success,,18.779723644256592,0.128440366972477,0.1743119266055046,False,False,0.1743119266055046,0.2018348623853211,True,True,0.1743119266055046,0.2018348623853211,-0.036697247706422104,0.018348623853210982,False,False,False,False
YFF,33,41,109,7,7,0.1559633027522936,0.8,0.1102752293577981,0.0343389583961499,0.1094527363184079,False,0.1743119266055046,60,0.2,0.1210091743119266,0.0328460738819655,0.0646766169154228,False,0.018348623853211,success,,26.35269045829773,0.128440366972477,0.1743119266055046,False,False,0.036697247706422,0.1743119266055046,False,False,0.128440366972477,0.1743119266055046,0.0275229357798166,0.0,True,True,False,False
YFF,33,42,109,7,7,0.110091743119266,0.8,0.1091284403669724,0.0338481575202821,0.5074626865671642,False,0.1834862385321101,100,0.2,0.1142201834862385,0.0345818538188504,0.0248756218905472,True,0.073394495412844,success,,21.79655241966248,0.128440366972477,0.1743119266055046,False,False,0.0458715596330275,0.1009174311926605,False,False,0.128440366972477,0.1743119266055046,-0.018348623853210982,0.009174311926605505,True,True,False,True
YFF,33,43,109,7,7,0.110091743119266,0.2,0.1115596330275229,0.0330008754342705,0.5422885572139303,False,0.1559633027522936,225,0.8,0.1127064220183486,0.0375559653803636,0.1741293532338308,False,0.0458715596330275,success,,20.09727954864502,0.128440366972477,0.1743119266055046,False,False,0.073394495412844,0.110091743119266,False,False,0.128440366972477,0.1743119266055046,-0.018348623853210982,-0.01834862385321101,True,True,False,False
YFF,33,44,109,7,7,0.091743119266055,0.2,0.1109174311926605,0.0325329611097426,0.7661691542288557,False,0.1834862385321101,300,0.5,0.1113302752293578,0.0344338840477655,0.044776119402985,True,0.091743119266055,success,,19.21263551712036,0.128440366972477,0.1743119266055046,False,False,0.128440366972477,0.128440366972477,False,False,0.128440366972477,0.1743119266055046,-0.03669724770642199,0.009174311926605505,True,True,False,True
YFF,33,45,109,7,7,0.1559633027522936,0.5,0.1072477064220183,0.0326911861970146,0.0895522388059701,False,0.1926605504587156,300,0.8,0.1119724770642201,0.0346496363144965,0.0199004975124378,True,0.036697247706422,success,,19.77234673500061,0.128440366972477,0.1743119266055046,False,False,0.1376146788990825,0.1376146788990825,False,False,0.1376146788990825,0.1743119266055046,0.018348623853211093,0.01834862385321101,True,True,False,True
YFF,33,46,109,7,7,0.091743119266055,0.8,0.1093577981651376,0.0335338382441641,0.7412935323383084,False,0.1834862385321101,90,0.8,0.1142660550458715,0.035044105878285,0.0497512437810945,True,0.091743119266055,success,,22.588579177856445,0.128440366972477,0.1743119266055046,False,False,0.1376146788990825,0.1376146788990825,False,False,0.1376146788990825,0.1743119266055046,-0.0458715596330275,0.009174311926605505,True,True,False,True
YFF,33,47,109,7,7,0.128440366972477,0.2,0.10848623853211,0.0309642631971889,0.2835820895522388,False,0.146788990825688,300,0.8,0.1129357798165137,0.0318258326719626,0.1641791044776119,False,0.018348623853211,success,,19.57462310791016,0.128440366972477,0.1743119266055046,False,False,0.1376146788990825,0.1651376146788991,False,False,0.1376146788990825,0.1743119266055046,-0.009174311926605505,-0.0275229357798166,True,True,False,False
YFF,33,48,109,7,7,0.091743119266055,0.5,0.110045871559633,0.0320787599794299,0.7164179104477612,False,0.1743119266055046,100,0.2,0.1158256880733945,0.0354000298813834,0.0646766169154228,False,0.0825688073394495,success,,22.635478973388672,0.128440366972477,0.1743119266055046,False,False,0.1009174311926605,0.1376146788990825,False,False,0.128440366972477,0.1743119266055046,-0.03669724770642199,0.0,True,True,False,False
YFF,33,49,109,7,7,0.1743119266055046,0.8,0.1112844036697247,0.0333053995648037,0.044776119402985,True,0.1743119266055046,900,0.8,0.1112844036697247,0.0333053995648037,0.044776119402985,True,0.0,success,,18.148711919784542,0.128440366972477,0.1743119266055046,False,False,0.1009174311926605,0.1559633027522936,False,False,0.128440366972477,0.1743119266055046,0.04587155963302761,0.0,True,True,True,True
YFF,33,50,109,7,7,0.1376146788990825,0.2,0.106743119266055,0.0342058919501742,0.208955223880597,False,0.1651376146788991,90,0.8,0.1135321100917431,0.0356737723691395,0.1094527363184079,False,0.0275229357798165,success,,22.62467861175537,0.128440366972477,0.1743119266055046,False,False,0.110091743119266,0.110091743119266,False,False,0.128440366972477,0.1743119266055046,0.009174311926605505,-0.009174311926605505,True,True,False,False
YFF,33,51,109,7,7,0.1651376146788991,0.8,0.1085779816513761,0.0345087296030278,0.0746268656716417,False,0.2201834862385321,450,0.2,0.1120642201834862,0.0357736986006617,0.0049751243781094,True,0.055045871559633,success,,18.42916464805603,0.128440366972477,0.1743119266055046,False,False,0.1743119266055046,0.2293577981651376,False,True,0.1743119266055046,0.2293577981651376,-0.009174311926605505,-0.009174311926605505,True,False,False,False
YFF,33,52,109,7,7,0.1559633027522936,0.8,0.1035779816513761,0.0327196371611608,0.0895522388059701,False,0.1743119266055046,90,0.2,0.1144036697247706,0.0353099777900409,0.0547263681592039,False,0.018348623853211,success,,22.32144069671631,0.128440366972477,0.1743119266055046,False,False,0.1009174311926605,0.1559633027522936,False,False,0.128440366972477,0.1743119266055046,0.0275229357798166,0.0,True,True,False,False
YFF,33,53,109,7,7,0.1192660550458715,0.5,0.1094954128440367,0.0363972512581742,0.4228855721393035,False,0.1834862385321101,90,0.8,0.1175229357798165,0.0345529776869034,0.0696517412935323,False,0.0642201834862385,success,,22.46145462989807,0.128440366972477,0.1743119266055046,False,False,0.0825688073394495,0.1834862385321101,False,True,0.128440366972477,0.1834862385321101,-0.009174311926605491,0.0,True,False,False,False
YFF,33,54,109,7,7,0.1743119266055046,0.2,0.1088532110091743,0.0306517975686954,0.0398009950248756,True,0.1743119266055046,90,0.8,0.1147247706422018,0.0350223745573412,0.0696517412935323,False,0.0,success,,23.32965970039368,0.128440366972477,0.1743119266055046,False,False,0.1192660550458715,0.146788990825688,False,False,0.128440366972477,0.1743119266055046,0.04587155963302761,0.0,True,True,True,False
YFF,34,35,109,7,7,0.1376146788990825,0.5,0.1055504587155963,0.0331103707367511,0.1691542288557214,False,0.2293577981651376,150,0.5,0.111788990825688,0.0380226901140566,0.0049751243781094,True,0.091743119266055,success,,21.178617238998413,0.1009174311926605,0.1834862385321101,False,False,0.0825688073394495,0.1834862385321101,False,True,0.1009174311926605,0.1834862385321101,0.03669724770642199,0.0458715596330275,True,False,False,False
YFF,34,36,109,7,7,0.1559633027522936,0.5,0.1094954128440366,0.0332897440161678,0.1144278606965174,False,0.2293577981651376,180,0.5,0.1162385321100917,0.0347448696215098,0.0049751243781094,True,0.073394495412844,success,,20.05949592590332,0.1009174311926605,0.1834862385321101,False,False,0.1192660550458715,0.1651376146788991,False,False,0.1192660550458715,0.1834862385321101,0.03669724770642209,0.0458715596330275,True,True,False,True
YFF,34,37,109,7,7,0.091743119266055,0.5,0.1087614678899082,0.0338981032755775,0.7114427860696517,False,0.2110091743119266,225,0.2,0.1090366972477064,0.0325457968751686,0.0049751243781094,True,0.1192660550458715,success,,20.0197548866272,0.1009174311926605,0.1834862385321101,False,False,0.055045871559633,0.0642201834862385,False,False,0.1009174311926605,0.1834862385321101,-0.009174311926605505,0.027522935779816488,True,True,False,True
YFF,34,38,109,7,7,0.128440366972477,0.5,0.1144036697247706,0.0343998737782615,0.3681592039800995,False,0.1743119266055046,60,0.5,0.1211009174311926,0.0334282291427954,0.0597014925373134,False,0.0458715596330275,success,,25.21511149406433,0.1009174311926605,0.1834862385321101,False,False,0.055045871559633,0.146788990825688,False,False,0.1009174311926605,0.1834862385321101,0.027522935779816488,-0.009174311926605505,True,True,False,False
YFF,34,39,109,7,7,0.1192660550458715,0.2,0.1082110091743119,0.0343554285047292,0.3980099502487562,False,0.2201834862385321,180,0.5,0.1089908256880733,0.0323944677398394,0.0099502487562189,True,0.1009174311926605,success,,20.02788519859314,0.1009174311926605,0.1834862385321101,False,False,0.128440366972477,0.2018348623853211,False,True,0.128440366972477,0.2018348623853211,-0.009174311926605491,0.018348623853210982,True,False,False,False
YFF,34,40,109,7,7,0.146788990825688,0.2,0.1062844036697247,0.0320758591735102,0.1343283582089552,False,0.2018348623853211,150,0.2,0.1141284403669724,0.0332968899565526,0.0149253731343283,True,0.055045871559633,success,,24.727715015411377,0.1009174311926605,0.1834862385321101,False,False,0.1743119266055046,0.2018348623853211,True,True,0.1743119266055046,0.2018348623853211,-0.0275229357798166,0.0,False,False,False,False
YFF,34,41,109,7,7,0.055045871559633,0.2,0.1090825688073394,0.0361958041485628,0.9601990049751244,False,0.1834862385321101,180,0.5,0.1127522935779816,0.0347872064158405,0.0497512437810945,True,0.128440366972477,success,,21.118231058120728,0.1009174311926605,0.1834862385321101,False,False,0.036697247706422,0.1743119266055046,False,False,0.1009174311926605,0.1834862385321101,-0.0458715596330275,0.0,True,True,False,True
YFF,34,42,109,7,7,0.073394495412844,0.2,0.1090825688073394,0.0320826163265811,0.8955223880597015,False,0.1834862385321101,60,0.2,0.116743119266055,0.0329302772867014,0.044776119402985,True,0.110091743119266,success,,25.9948947429657,0.1009174311926605,0.1834862385321101,False,False,0.0458715596330275,0.1009174311926605,False,False,0.1009174311926605,0.1834862385321101,-0.0275229357798165,0.0,True,True,False,True
YFF,34,43,109,7,7,0.073394495412844,0.5,0.1104128440366972,0.0316924905298524,0.9253731343283582,False,0.1376146788990825,225,0.2,0.1115137614678899,0.0374626000786361,0.263681592039801,False,0.0642201834862385,success,,20.036638975143436,0.1009174311926605,0.1834862385321101,False,False,0.073394495412844,0.110091743119266,False,False,0.1009174311926605,0.1834862385321101,-0.0275229357798165,-0.04587155963302761,True,True,False,False
YFF,34,44,109,7,7,0.073394495412844,0.2,0.1094036697247706,0.032255478078127,0.8955223880597015,False,0.1834862385321101,225,0.2,0.1118807339449541,0.0343849625656608,0.0199004975124378,True,0.110091743119266,success,,19.46583247184753,0.1009174311926605,0.1834862385321101,False,False,0.128440366972477,0.128440366972477,False,False,0.128440366972477,0.1834862385321101,-0.05504587155963299,0.0,True,True,False,True
YFF,34,45,109,7,7,0.110091743119266,0.2,0.1068348623853211,0.0322549535678923,0.5223880597014925,False,0.1559633027522936,100,0.8,0.1170642201834862,0.0340206888574986,0.154228855721393,False,0.0458715596330275,success,,23.37495732307434,0.1009174311926605,0.1834862385321101,False,False,0.1376146788990825,0.1376146788990825,False,False,0.1376146788990825,0.1834862385321101,-0.027522935779816488,-0.027522935779816515,True,True,False,False
YFF,34,46,109,7,7,0.1009174311926605,0.5,0.1097247706422018,0.0343128363080882,0.6467661691542289,False,0.1743119266055046,60,0.2,0.1153669724770642,0.034072833396079,0.0646766169154228,False,0.073394495412844,success,,26.69736933708191,0.1009174311926605,0.1834862385321101,False,False,0.1376146788990825,0.1376146788990825,False,False,0.1376146788990825,0.1834862385321101,-0.03669724770642199,-0.009174311926605505,True,True,False,False
YFF,34,47,109,7,7,0.1192660550458715,0.2,0.1054128440366972,0.0348042239329604,0.3880597014925373,False,0.1834862385321101,60,0.2,0.1161926605504587,0.0375548391648396,0.0646766169154228,False,0.0642201834862385,success,,26.24657392501831,0.1009174311926605,0.1834862385321101,False,False,0.1376146788990825,0.1651376146788991,False,False,0.1376146788990825,0.1834862385321101,-0.018348623853210996,0.0,True,True,False,False
YFF,34,48,109,7,7,0.1192660550458715,0.5,0.1081651376146789,0.0326419852140182,0.4029850746268656,False,0.1926605504587156,180,0.2,0.1110091743119266,0.0342036970978792,0.0298507462686567,True,0.073394495412844,success,,20.684607982635494,0.1009174311926605,0.1834862385321101,False,False,0.1009174311926605,0.1376146788990825,False,False,0.1009174311926605,0.1834862385321101,0.018348623853210996,0.009174311926605505,True,True,False,True
YFF,34,49,109,7,7,0.146788990825688,0.2,0.1112385321100917,0.0365116497466855,0.1890547263681592,False,0.1559633027522936,60,0.8,0.1187155963302752,0.0362990707511737,0.1990049751243781,False,0.0091743119266055,success,,26.598977088928223,0.1009174311926605,0.1834862385321101,False,False,0.1009174311926605,0.1559633027522936,False,False,0.1009174311926605,0.1834862385321101,0.0458715596330275,-0.027522935779816515,True,True,False,False
YFF,34,50,109,7,7,0.091743119266055,0.2,0.1076605504587156,0.0339863273277916,0.7014925373134329,False,0.1651376146788991,180,0.5,0.1137155963302752,0.0331856522704742,0.0945273631840796,False,0.073394495412844,success,,19.569336652755737,0.1009174311926605,0.1834862385321101,False,False,0.110091743119266,0.110091743119266,False,False,0.110091743119266,0.1834862385321101,-0.01834862385321101,-0.01834862385321101,True,True,False,False
YFF,34,51,109,7,7,0.1559633027522936,0.5,0.1092201834862385,0.0311842186614782,0.099502487562189,False,0.1926605504587156,90,0.8,0.1168807339449541,0.0347464520959485,0.0199004975124378,True,0.036697247706422,success,,22.544936656951904,0.1009174311926605,0.1834862385321101,False,False,0.1743119266055046,0.2293577981651376,False,True,0.1743119266055046,0.2293577981651376,-0.01834862385321101,-0.03669724770642199,True,False,False,False
YFF,34,52,109,7,7,0.1192660550458715,0.2,0.105,0.0342493889827426,0.373134328358209,False,0.2110091743119266,225,0.2,0.1082568807339449,0.031992976488214,0.0099502487562189,True,0.091743119266055,success,,20.5499849319458,0.1009174311926605,0.1834862385321101,False,False,0.1009174311926605,0.1559633027522936,False,False,0.1009174311926605,0.1834862385321101,0.018348623853210996,0.027522935779816488,True,True,False,True
YFF,34,53,109,7,7,0.0458715596330275,0.8,0.1081651376146789,0.032013989766125,0.9950248756218906,False,0.1834862385321101,180,0.8,0.1124770642201835,0.0345021411282925,0.0199004975124378,True,0.1376146788990825,success,,19.86178970336914,0.1009174311926605,0.1834862385321101,False,False,0.0825688073394495,0.1834862385321101,False,True,0.1009174311926605,0.1834862385321101,-0.055045871559633,0.0,True,False,False,False
YFF,34,54,109,7,7,0.110091743119266,0.8,0.1095871559633027,0.0346728211262759,0.5074626865671642,False,0.2110091743119266,60,0.2,0.1155963302752293,0.031230333023201,0.0049751243781094,True,0.1009174311926605,success,,25.09296989440918,0.1009174311926605,0.1834862385321101,False,False,0.1192660550458715,0.146788990825688,False,False,0.1192660550458715,0.1834862385321101,-0.009174311926605491,0.027522935779816488,True,True,False,True
YFF,35,36,109,7,7,0.1192660550458715,0.2,0.1103669724770642,0.0327754326466488,0.4378109452736318,False,0.2568807339449541,150,0.5,0.1142201834862385,0.0341387151204225,0.0049751243781094,True,0.1376146788990825,success,,20.866124629974365,0.0825688073394495,0.1834862385321101,False,True,0.1192660550458715,0.1651376146788991,False,False,0.1192660550458715,0.1834862385321101,0.0,0.07339449541284399,True,False,False,False
YFF,35,37,109,7,7,0.0825688073394495,0.2,0.1094036697247706,0.0343756128584023,0.8159203980099502,False,0.1743119266055046,150,0.2,0.1108256880733944,0.0352194252437322,0.0696517412935323,False,0.091743119266055,success,,20.91806960105896,0.0825688073394495,0.1834862385321101,False,True,0.055045871559633,0.0642201834862385,False,False,0.0825688073394495,0.1834862385321101,0.0,-0.009174311926605505,True,False,False,False
YFF,35,38,109,7,7,0.0825688073394495,0.2,0.1081192660550458,0.0322546913095765,0.8258706467661692,False,0.1743119266055046,60,0.5,0.1178440366972477,0.0340437739874868,0.0646766169154228,False,0.091743119266055,success,,26.33833742141724,0.0825688073394495,0.1834862385321101,False,True,0.055045871559633,0.146788990825688,False,False,0.0825688073394495,0.1834862385321101,0.0,-0.009174311926605505,True,False,False,False
YFF,35,39,109,7,7,0.091743119266055,0.8,0.1098165137614679,0.0341902157607086,0.7313432835820896,False,0.1926605504587156,225,0.5,0.1072477064220183,0.0317859386622583,0.0099502487562189,True,0.1009174311926605,success,,20.061620235443115,0.0825688073394495,0.1834862385321101,False,True,0.128440366972477,0.2018348623853211,False,True,0.128440366972477,0.2018348623853211,-0.03669724770642199,-0.009174311926605505,True,False,False,False
YFF,35,40,109,7,7,0.128440366972477,0.8,0.1052752293577981,0.0355014414735669,0.3333333333333333,False,0.2018348623853211,300,0.2,0.1076146788990825,0.0338270645366612,0.0149253731343283,True,0.073394495412844,success,,20.033504247665405,0.0825688073394495,0.1834862385321101,False,True,0.1743119266055046,0.2018348623853211,True,True,0.1743119266055046,0.2018348623853211,-0.04587155963302761,0.0,False,False,False,False
YFF,35,41,109,7,7,0.073394495412844,0.8,0.1104587155963302,0.0326840695862731,0.9104477611940298,False,0.1926605504587156,60,0.5,0.1176146788990825,0.0332602865486871,0.0298507462686567,True,0.1192660550458715,success,,26.133769989013672,0.0825688073394495,0.1834862385321101,False,True,0.036697247706422,0.1743119266055046,False,False,0.0825688073394495,0.1834862385321101,-0.009174311926605505,0.009174311926605505,True,False,False,False
YFF,35,42,109,7,7,0.110091743119266,0.2,0.1065596330275229,0.0308580838242891,0.5074626865671642,False,0.1926605504587156,180,0.8,0.1087155963302752,0.034014596494206,0.0298507462686567,True,0.0825688073394495,success,,19.46309447288513,0.0825688073394495,0.1834862385321101,False,True,0.0458715596330275,0.1009174311926605,False,False,0.0825688073394495,0.1834862385321101,0.0275229357798165,0.009174311926605505,True,False,False,False
YFF,35,43,109,7,7,0.091743119266055,0.2,0.1085321100917431,0.0361878573484706,0.7213930348258707,False,0.1743119266055046,225,0.8,0.1122477064220183,0.0357867016092018,0.0696517412935323,False,0.0825688073394495,success,,19.92236876487732,0.0825688073394495,0.1834862385321101,False,True,0.073394495412844,0.110091743119266,False,False,0.0825688073394495,0.1834862385321101,0.009174311926605491,-0.009174311926605505,True,False,False,False
YFF,35,44,109,7,7,0.0825688073394495,0.8,0.1078440366972477,0.0326407866338978,0.8109452736318408,False,0.1834862385321101,180,0.8,0.108348623853211,0.0358742012669063,0.0497512437810945,True,0.1009174311926605,success,,19.96618795394897,0.0825688073394495,0.1834862385321101,False,True,0.128440366972477,0.128440366972477,False,False,0.128440366972477,0.1834862385321101,-0.045871559633027484,0.0,True,False,False,False
YFF,35,45,109,7,7,0.1376146788990825,0.5,0.1060091743119266,0.0320945779418742,0.1990049751243781,False,0.2018348623853211,300,0.2,0.1113302752293578,0.0329911014275554,0.0099502487562189,True,0.0642201834862385,success,,19.04058337211609,0.0825688073394495,0.1834862385321101,False,True,0.1376146788990825,0.1376146788990825,False,False,0.1376146788990825,0.1834862385321101,0.0,0.01834862385321101,True,False,False,False
YFF,35,46,109,7,7,0.1009174311926605,0.5,0.1085779816513761,0.0344105382475647,0.6069651741293532,False,0.1743119266055046,150,0.5,0.113348623853211,0.0362087431814161,0.0895522388059701,False,0.073394495412844,success,,19.897308588027958,0.0825688073394495,0.1834862385321101,False,True,0.1376146788990825,0.1376146788990825,False,False,0.1376146788990825,0.1834862385321101,-0.03669724770642199,-0.009174311926605505,True,False,False,False
YFF,35,47,109,7,7,0.146788990825688,0.2,0.1063302752293578,0.0340449231742946,0.1492537313432835,False,0.1651376146788991,75,0.5,0.1145412844036697,0.0355257371797501,0.1094527363184079,False,0.018348623853211,success,,23.895793676376343,0.0825688073394495,0.1834862385321101,False,True,0.1376146788990825,0.1651376146788991,False,False,0.1376146788990825,0.1834862385321101,0.009174311926605505,-0.01834862385321101,True,False,False,False
YFF,35,48,109,7,7,0.128440366972477,0.5,0.1085321100917431,0.0334549155245487,0.2985074626865671,False,0.1926605504587156,180,0.8,0.11,0.0355020669391516,0.0298507462686567,True,0.0642201834862385,success,,20.249953508377075,0.0825688073394495,0.1834862385321101,False,True,0.1009174311926605,0.1376146788990825,False,False,0.1009174311926605,0.1834862385321101,0.027522935779816488,0.009174311926605505,True,False,False,False
YFF,35,49,109,7,7,0.1376146788990825,0.2,0.1078440366972477,0.0338369095653099,0.2139303482587064,False,0.146788990825688,225,0.2,0.1127522935779816,0.0347872064158405,0.1592039800995024,False,0.0091743119266055,success,,20.080505847930908,0.0825688073394495,0.1834862385321101,False,True,0.1009174311926605,0.1559633027522936,False,False,0.1009174311926605,0.1834862385321101,0.03669724770642199,-0.036697247706422104,True,False,False,False
YFF,35,50,109,7,7,0.1192660550458715,0.2,0.1072018348623853,0.0332452458746898,0.3930348258706467,False,0.1834862385321101,150,0.2,0.1127064220183486,0.0380149026939553,0.0497512437810945,True,0.0642201834862385,success,,21.273519039154053,0.0825688073394495,0.1834862385321101,False,True,0.110091743119266,0.110091743119266,False,False,0.110091743119266,0.1834862385321101,0.009174311926605491,0.0,True,False,False,False
YFF,35,51,109,7,7,0.146788990825688,0.8,0.1087614678899082,0.0334964520564586,0.1791044776119403,False,0.2018348623853211,150,0.8,0.1109633027522935,0.0342358020965792,0.0099502487562189,True,0.055045871559633,success,,21.865915536880493,0.0825688073394495,0.1834862385321101,False,True,0.1743119266055046,0.2293577981651376,False,True,0.1743119266055046,0.2293577981651376,-0.0275229357798166,-0.027522935779816488,True,False,False,False
YFF,35,52,109,7,7,0.073394495412844,0.5,0.1029357798165137,0.0321270133300885,0.8507462686567164,False,0.1834862385321101,180,0.2,0.110137614678899,0.0345420510793197,0.0348258706467661,True,0.110091743119266,success,,19.73701572418213,0.0825688073394495,0.1834862385321101,False,True,0.1009174311926605,0.1559633027522936,False,False,0.1009174311926605,0.1834862385321101,-0.0275229357798165,0.0,True,False,False,False
YFF,35,53,109,7,7,0.073394495412844,0.2,0.1056880733944954,0.0307521223726819,0.8855721393034826,False,0.1926605504587156,300,0.2,0.1080275229357798,0.0347245040469758,0.0099502487562189,True,0.1192660550458715,success,,18.73947048187256,0.0825688073394495,0.1834862385321101,False,True,0.0825688073394495,0.1834862385321101,False,True,0.0825688073394495,0.1834862385321101,-0.009174311926605505,0.009174311926605505,True,False,False,False
YFF,35,54,109,7,7,0.146788990825688,0.2,0.1072018348623853,0.0334355352339865,0.1592039800995024,False,0.1926605504587156,150,0.5,0.1109174311926605,0.0371803296483514,0.0348258706467661,True,0.0458715596330275,success,,19.85337233543396,0.0825688073394495,0.1834862385321101,False,True,0.1192660550458715,0.146788990825688,False,False,0.1192660550458715,0.1834862385321101,0.0275229357798165,0.009174311926605505,True,False,False,False
YFF,36,37,109,7,7,0.146788990825688,0.5,0.1102293577981651,0.0308004629386438,0.154228855721393,False,0.1651376146788991,150,0.5,0.1141743119266055,0.0319492868201522,0.0796019900497512,False,0.018348623853211,success,,20.52854347229004,0.1192660550458715,0.1651376146788991,False,False,0.055045871559633,0.0642201834862385,False,False,0.1192660550458715,0.1651376146788991,0.0275229357798165,0.0,True,True,False,False
YFF,36,38,109,7,7,0.1192660550458715,0.5,0.1118348623853211,0.0309499516170966,0.4577114427860697,False,0.1743119266055046,150,0.5,0.1196330275229358,0.0379086397089618,0.099502487562189,False,0.055045871559633,success,,21.861130237579346,0.1192660550458715,0.1651376146788991,False,False,0.055045871559633,0.146788990825688,False,False,0.1192660550458715,0.1651376146788991,0.0,0.009174311926605505,True,True,False,False
YFF,36,39,109,7,7,0.1192660550458715,0.2,0.1111467889908257,0.0357890652850035,0.4328358208955223,False,0.1559633027522936,150,0.2,0.1098623853211009,0.0332434647101177,0.1044776119402985,False,0.036697247706422,success,,21.04279565811157,0.1192660550458715,0.1651376146788991,False,False,0.128440366972477,0.2018348623853211,False,True,0.128440366972477,0.2018348623853211,-0.009174311926605491,-0.045871559633027525,True,False,False,False
YFF,36,40,109,7,7,0.146788990825688,0.2,0.1087614678899082,0.0324184499772743,0.1791044776119403,False,0.2568807339449541,150,0.2,0.1118348623853211,0.0335846292645293,0.0049751243781094,True,0.110091743119266,success,,21.22975897789001,0.1192660550458715,0.1651376146788991,False,False,0.1743119266055046,0.2018348623853211,True,True,0.1743119266055046,0.2018348623853211,-0.0275229357798166,0.055045871559632975,False,False,False,False
YFF,36,41,109,7,7,0.1009174311926605,0.8,0.1118807339449541,0.0336388328897364,0.6517412935323383,False,0.1926605504587156,180,0.2,0.1105963302752293,0.0321275070168768,0.0049751243781094,True,0.091743119266055,success,,21.05524086952209,0.1192660550458715,0.1651376146788991,False,False,0.036697247706422,0.1743119266055046,False,False,0.1192660550458715,0.1743119266055046,-0.018348623853210996,0.01834862385321101,True,True,False,True
YFF,36,42,109,7,7,0.091743119266055,0.8,0.1111009174311926,0.0324626808357963,0.7810945273631841,False,0.1651376146788991,150,0.5,0.1139908256880734,0.0338611505037918,0.0945273631840796,False,0.073394495412844,success,,21.04693555831909,0.1192660550458715,0.1651376146788991,False,False,0.0458715596330275,0.1009174311926605,False,False,0.1192660550458715,0.1651376146788991,-0.0275229357798165,0.0,True,True,False,False
YFF,36,43,109,7,7,0.1009174311926605,0.5,0.1096330275229357,0.034014596494206,0.6169154228855721,False,0.1743119266055046,180,0.2,0.1194036697247706,0.034541806185773,0.0746268656716417,False,0.073394495412844,success,,21.291869401931763,0.1192660550458715,0.1651376146788991,False,False,0.073394495412844,0.110091743119266,False,False,0.1192660550458715,0.1651376146788991,-0.018348623853210996,0.009174311926605505,True,True,False,False
YFF,36,44,109,7,7,0.128440366972477,0.8,0.1103211009174311,0.0319590816729247,0.3184079601990049,False,0.1559633027522936,150,0.5,0.1123853211009174,0.0328764492604695,0.1492537313432835,False,0.0275229357798165,success,,20.93554973602295,0.1192660550458715,0.1651376146788991,False,False,0.128440366972477,0.128440366972477,False,False,0.128440366972477,0.1651376146788991,0.0,-0.009174311926605505,True,True,False,False
YFF,36,45,109,7,7,0.128440366972477,0.5,0.1085779816513761,0.0291829178267929,0.308457711442786,False,0.1834862385321101,150,0.2,0.1138073394495412,0.0359178858810155,0.0398009950248756,True,0.055045871559633,success,,21.211552143096924,0.1192660550458715,0.1651376146788991,False,False,0.1376146788990825,0.1376146788990825,False,False,0.1376146788990825,0.1651376146788991,-0.009174311926605505,0.01834862385321101,True,True,False,True
YFF,36,46,109,7,7,0.1192660550458715,0.8,0.1077064220183486,0.0318902224284729,0.373134328358209,False,0.1743119266055046,150,0.5,0.1158256880733945,0.0343325221327731,0.0696517412935323,False,0.055045871559633,success,,20.27058267593384,0.1192660550458715,0.1651376146788991,False,False,0.1376146788990825,0.1376146788990825,False,False,0.1376146788990825,0.1651376146788991,-0.018348623853210996,0.009174311926605505,True,True,False,False
YFF,36,47,109,7,7,0.1559633027522936,0.2,0.1096788990825688,0.0319439910546563,0.1094527363184079,False,0.1559633027522936,900,0.2,0.1096788990825688,0.0319439910546563,0.1094527363184079,False,0.0,success,,17.71813678741455,0.1192660550458715,0.1651376146788991,False,False,0.1376146788990825,0.1651376146788991,False,False,0.1376146788990825,0.1651376146788991,0.018348623853211093,-0.009174311926605505,True,True,False,False
YFF,36,48,109,7,7,0.128440366972477,0.8,0.1105963302752293,0.0313816152042094,0.3184079601990049,False,0.1743119266055046,150,0.2,0.1141284403669724,0.0336129531476046,0.0547263681592039,False,0.0458715596330275,success,,20.713300943374637,0.1192660550458715,0.1651376146788991,False,False,0.1009174311926605,0.1376146788990825,False,False,0.1192660550458715,0.1651376146788991,0.009174311926605491,0.009174311926605505,True,True,False,False
YFF,36,49,109,7,7,0.1559633027522936,0.8,0.1119266055045871,0.0310946073352009,0.1343283582089552,False,0.1651376146788991,75,0.5,0.1186697247706422,0.0320732218495533,0.0895522388059701,False,0.0091743119266055,success,,28.808200120925903,0.1192660550458715,0.1651376146788991,False,False,0.1009174311926605,0.1559633027522936,False,False,0.1192660550458715,0.1651376146788991,0.03669724770642209,0.0,True,True,False,False
YFF,36,50,109,7,7,0.128440366972477,0.2,0.106697247706422,0.0325734983742283,0.3184079601990049,False,0.1651376146788991,150,0.8,0.1129816513761468,0.0344817548541943,0.0895522388059701,False,0.036697247706422,success,,21.16172242164612,0.1192660550458715,0.1651376146788991,False,False,0.110091743119266,0.110091743119266,False,False,0.1192660550458715,0.1651376146788991,0.009174311926605491,0.0,True,True,False,False
YFF,36,51,109,7,7,0.146788990825688,0.2,0.1114678899082568,0.0335765683286671,0.1840796019900497,False,0.1926605504587156,75,0.2,0.1146330275229357,0.0382878455874656,0.044776119402985,True,0.0458715596330275,success,,23.523077726364136,0.1192660550458715,0.1651376146788991,False,False,0.1743119266055046,0.2293577981651376,False,True,0.1743119266055046,0.2293577981651376,-0.0275229357798166,-0.03669724770642199,True,False,False,False
YFF,36,52,109,7,7,0.128440366972477,0.2,0.1046788990825688,0.0340449231742946,0.2885572139303483,False,0.1834862385321101,150,0.2,0.1137614678899082,0.0354067499174894,0.0348258706467661,True,0.055045871559633,success,,20.27707290649414,0.1192660550458715,0.1651376146788991,False,False,0.1009174311926605,0.1559633027522936,False,False,0.1192660550458715,0.1651376146788991,0.009174311926605491,0.01834862385321101,True,True,False,True
YFF,36,53,109,7,7,0.110091743119266,0.2,0.1096330275229357,0.0326440583297901,0.5373134328358209,False,0.1651376146788991,75,0.5,0.1153211009174312,0.0389288505063494,0.1492537313432835,False,0.055045871559633,success,,24.063159465789795,0.1192660550458715,0.1651376146788991,False,False,0.0825688073394495,0.1834862385321101,False,True,0.1192660550458715,0.1834862385321101,-0.009174311926605491,-0.01834862385321101,True,False,False,False
YFF,36,54,109,7,7,0.1192660550458715,0.8,0.108440366972477,0.0299974121101096,0.4029850746268656,False,0.1834862385321101,150,0.2,0.1136238532110091,0.0330551406154641,0.0398009950248756,True,0.0642201834862385,success,,20.493703603744507,0.1192660550458715,0.1651376146788991,False,False,0.1192660550458715,0.146788990825688,False,False,0.1192660550458715,0.1651376146788991,0.0,0.01834862385321101,True,True,False,True
YFF,37,38,109,7,7,0.0642201834862385,0.2,0.1092201834862385,0.0313195560143595,0.9502487562189056,False,0.1651376146788991,60,0.2,0.1161009174311926,0.0345187784349111,0.1194029850746268,False,0.1009174311926605,success,,25.76370596885681,0.055045871559633,0.0642201834862385,False,False,0.055045871559633,0.146788990825688,False,False,0.055045871559633,0.146788990825688,0.009174311926605491,0.018348623853211093,True,True,False,False
YFF,37,39,109,7,7,0.146788990825688,0.5,0.1088073394495412,0.0327771102053756,0.1442786069651741,False,0.2018348623853211,300,0.8,0.106697247706422,0.0338970114994948,0.0099502487562189,True,0.055045871559633,success,,18.74887633323669,0.055045871559633,0.0642201834862385,False,False,0.128440366972477,0.2018348623853211,False,True,0.128440366972477,0.2018348623853211,0.01834862385321101,0.0,True,False,False,False
YFF,37,40,109,7,7,0.1651376146788991,0.8,0.1054587155963302,0.0311217658502601,0.0597014925373134,False,0.2018348623853211,300,0.8,0.1105504587155963,0.0357367028345033,0.0099502487562189,True,0.036697247706422,success,,18.24080204963684,0.055045871559633,0.0642201834862385,False,False,0.1743119266055046,0.2018348623853211,True,True,0.1743119266055046,0.2018348623853211,-0.009174311926605505,0.0,False,False,False,False
YFF,37,41,109,7,7,0.073394495412844,0.2,0.1069724770642201,0.033547457276074,0.8706467661691543,False,0.1651376146788991,60,0.5,0.1182110091743119,0.0354923858799315,0.1343283582089552,False,0.091743119266055,success,,25.194085121154785,0.055045871559633,0.0642201834862385,False,False,0.036697247706422,0.1743119266055046,False,False,0.055045871559633,0.1743119266055046,0.018348623853210996,-0.009174311926605505,True,True,False,False
YFF,37,42,109,7,7,0.0642201834862385,0.5,0.0985779816513761,0.0307251189249162,0.9054726368159204,False,0.073394495412844,60,0.8,0.1043577981651376,0.0307036368214961,0.8805970149253731,False,0.0091743119266055,success,,25.31458950042725,0.055045871559633,0.0642201834862385,False,False,0.0458715596330275,0.1009174311926605,False,False,0.055045871559633,0.1009174311926605,0.009174311926605491,-0.0275229357798165,True,True,False,False
YFF,37,43,109,7,7,0.0825688073394495,0.5,0.1092201834862385,0.0340375614952158,0.8159203980099502,False,0.1192660550458715,300,0.2,0.1089449541284403,0.0324254944462094,0.4228855721393035,False,0.036697247706422,success,,19.29191303253174,0.055045871559633,0.0642201834862385,False,False,0.073394495412844,0.110091743119266,False,False,0.073394495412844,0.110091743119266,0.009174311926605505,0.009174311926605491,True,True,False,False
YFF,37,44,109,7,7,0.0642201834862385,0.2,0.1076146788990825,0.0319362113069889,0.9402985074626866,False,0.110091743119266,60,0.8,0.1115596330275229,0.0336607349230339,0.5572139303482587,False,0.0458715596330275,success,,25.494989156723022,0.055045871559633,0.0642201834862385,False,False,0.128440366972477,0.128440366972477,False,False,0.128440366972477,0.128440366972477,-0.0642201834862385,-0.018348623853210982,True,True,False,False
YFF,37,45,109,7,7,0.128440366972477,0.8,0.1072018348623853,0.0347992107078595,0.3034825870646766,False,0.128440366972477,75,0.2,0.1143119266055046,0.0349963093739905,0.4029850746268656,False,0.0,success,,22.728530406951904,0.055045871559633,0.0642201834862385,False,False,0.1376146788990825,0.1376146788990825,False,False,0.1376146788990825,0.1376146788990825,-0.009174311926605505,-0.009174311926605505,True,True,False,False
YFF,37,46,109,7,7,0.1376146788990825,0.5,0.1062385321100917,0.0321033074361184,0.1940298507462686,False,0.1376146788990825,900,0.5,0.1062385321100917,0.0321033074361184,0.1940298507462686,False,0.0,success,,16.81593108177185,0.055045871559633,0.0642201834862385,False,False,0.1376146788990825,0.1376146788990825,False,False,0.1376146788990825,0.1376146788990825,0.0,0.0,True,True,False,False
YFF,37,47,109,7,7,0.146788990825688,0.5,0.1087155963302752,0.0328635817651584,0.154228855721393,False,0.1743119266055046,450,0.8,0.1102293577981651,0.036806318708899,0.0646766169154228,False,0.0275229357798165,success,,17.88157033920288,0.055045871559633,0.0642201834862385,False,False,0.1376146788990825,0.1651376146788991,False,False,0.1376146788990825,0.1651376146788991,0.009174311926605505,0.009174311926605505,True,True,False,False
YFF,37,48,109,7,7,0.0825688073394495,0.8,0.1056880733944954,0.029011138496876,0.8208955223880597,False,0.1192660550458715,180,0.5,0.1088990825688073,0.0311124211020133,0.3930348258706467,False,0.036697247706422,success,,20.010321855545044,0.055045871559633,0.0642201834862385,False,False,0.1009174311926605,0.1376146788990825,False,False,0.1009174311926605,0.1376146788990825,-0.018348623853210996,-0.018348623853210996,True,True,False,False
YFF,37,49,109,7,7,0.146788990825688,0.2,0.1088532110091743,0.0334620893911183,0.154228855721393,False,0.146788990825688,900,0.2,0.1088532110091743,0.0334620893911183,0.154228855721393,False,0.0,success,,17.51411771774292,0.055045871559633,0.0642201834862385,False,False,0.1009174311926605,0.1559633027522936,False,False,0.1009174311926605,0.1559633027522936,0.0458715596330275,-0.009174311926605588,True,True,False,False
YFF,37,50,109,7,7,0.1009174311926605,0.2,0.1014678899082568,0.0347513207960853,0.5373134328358209,False,0.1009174311926605,60,0.8,0.1068807339449541,0.0328120613231075,0.6218905472636815,False,0.0,success,,24.82034540176392,0.055045871559633,0.0642201834862385,False,False,0.110091743119266,0.110091743119266,False,False,0.110091743119266,0.110091743119266,-0.009174311926605505,-0.009174311926605505,True,True,False,False
YFF,37,51,109,7,7,0.146788990825688,0.2,0.1091743119266055,0.0348043454567252,0.1691542288557214,False,0.2110091743119266,90,0.2,0.1130275229357798,0.0351881876443263,0.0049751243781094,True,0.0642201834862385,success,,22.68220806121826,0.055045871559633,0.0642201834862385,False,False,0.1743119266055046,0.2293577981651376,False,True,0.1743119266055046,0.2293577981651376,-0.0275229357798166,-0.01834862385321101,True,False,False,False
YFF,37,52,109,7,7,0.1192660550458715,0.5,0.0981651376146789,0.0309309503707641,0.2835820895522388,False,0.1559633027522936,150,0.2,0.1076146788990825,0.0337895333874934,0.1144278606965174,False,0.036697247706422,success,,20.24155855178833,0.055045871559633,0.0642201834862385,False,False,0.1009174311926605,0.1559633027522936,False,False,0.1009174311926605,0.1559633027522936,0.018348623853210996,0.0,True,True,False,False
YFF,37,53,109,7,7,0.0642201834862385,0.2,0.1055045871559633,0.0333141609192622,0.945273631840796,False,0.1834862385321101,60,0.5,0.1194495412844036,0.0363842630162908,0.044776119402985,True,0.1192660550458715,success,,25.491726875305176,0.055045871559633,0.0642201834862385,False,False,0.0825688073394495,0.1834862385321101,False,True,0.0825688073394495,0.1834862385321101,-0.01834862385321101,0.0,True,False,False,False
YFF,37,54,109,7,7,0.128440366972477,0.8,0.1018348623853211,0.0299866944169012,0.2238805970149253,False,0.146788990825688,60,0.8,0.110091743119266,0.0292729630376572,0.1393034825870646,False,0.018348623853211,success,,24.772703409194943,0.055045871559633,0.0642201834862385,False,False,0.1192660550458715,0.146788990825688,False,False,0.1192660550458715,0.146788990825688,0.009174311926605491,0.0,True,True,False,False
YFF,38,39,109,7,7,0.110091743119266,0.5,0.1099082568807339,0.0343266391333545,0.572139303482587,False,0.146788990825688,300,0.5,0.1096330275229357,0.0300958076980024,0.1492537313432835,False,0.036697247706422,success,,18.16751194000244,0.055045871559633,0.146788990825688,False,False,0.128440366972477,0.2018348623853211,False,True,0.128440366972477,0.2018348623853211,-0.018348623853210982,-0.055045871559633114,True,False,False,False
YFF,38,40,109,7,7,0.1376146788990825,0.2,0.1062385321100917,0.0326907980581944,0.1890547263681592,False,0.1926605504587156,300,0.8,0.1119266055045871,0.0351670264438182,0.0298507462686567,True,0.055045871559633,success,,18.324939727783203,0.055045871559633,0.146788990825688,False,False,0.1743119266055046,0.2018348623853211,True,True,0.1743119266055046,0.2018348623853211,-0.036697247706422104,-0.009174311926605505,False,False,False,False
YFF,38,41,109,7,7,0.073394495412844,0.2,0.1079357798165137,0.0348647813331914,0.8706467661691543,False,0.1834862385321101,60,0.5,0.1182568807339449,0.0345456324490819,0.0497512437810945,True,0.110091743119266,success,,25.505719661712646,0.055045871559633,0.146788990825688,False,False,0.036697247706422,0.1743119266055046,False,False,0.055045871559633,0.1743119266055046,0.018348623853210996,0.009174311926605505,True,True,False,True
YFF,38,42,109,7,7,0.091743119266055,0.2,0.106743119266055,0.0323894732860551,0.7114427860696517,False,0.1559633027522936,60,0.2,0.1160550458715596,0.0326181349122968,0.1343283582089552,False,0.0642201834862385,success,,25.863113403320312,0.055045871559633,0.146788990825688,False,False,0.0458715596330275,0.1009174311926605,False,False,0.055045871559633,0.146788990825688,0.03669724770642199,0.009174311926605588,True,True,False,False
YFF,38,43,109,7,7,0.091743119266055,0.2,0.1120183486238532,0.0343097545622293,0.7512437810945274,False,0.1192660550458715,180,0.8,0.1166055045871559,0.0362868341465702,0.4925373134328358,False,0.0275229357798165,success,,20.32363963127136,0.055045871559633,0.146788990825688,False,False,0.073394495412844,0.110091743119266,False,False,0.073394495412844,0.146788990825688,0.018348623853210996,-0.0275229357798165,True,True,False,False
YFF,38,44,109,7,7,0.091743119266055,0.2,0.1063302752293578,0.0315562395182972,0.736318407960199,False,0.1376146788990825,60,0.2,0.1139449541284403,0.0333187311461473,0.2935323383084577,False,0.0458715596330275,success,,25.260491847991943,0.055045871559633,0.146788990825688,False,False,0.128440366972477,0.128440366972477,False,False,0.128440366972477,0.146788990825688,-0.03669724770642199,-0.009174311926605505,True,True,False,False
YFF,38,45,109,7,7,0.146788990825688,0.8,0.1096330275229357,0.0339399074456284,0.1840796019900497,False,0.146788990825688,900,0.8,0.1096330275229357,0.0339399074456284,0.1840796019900497,False,0.0,success,,18.014906644821167,0.055045871559633,0.146788990825688,False,False,0.1376146788990825,0.1376146788990825,False,False,0.1376146788990825,0.146788990825688,0.009174311926605505,0.0,True,True,False,False
YFF,38,46,109,7,7,0.110091743119266,0.2,0.1109174311926605,0.0327144660989848,0.527363184079602,False,0.146788990825688,60,0.2,0.1147247706422018,0.0371781397486943,0.2288557213930348,False,0.036697247706422,success,,23.92834758758545,0.055045871559633,0.146788990825688,False,False,0.1376146788990825,0.1376146788990825,False,False,0.1376146788990825,0.146788990825688,-0.027522935779816488,0.0,True,True,False,False
YFF,38,47,109,7,7,0.1192660550458715,0.8,0.110045871559633,0.0334724524384274,0.4378109452736318,False,0.128440366972477,75,0.2,0.1185779816513761,0.0326075976369735,0.4328358208955223,False,0.0091743119266055,success,,22.48923683166504,0.055045871559633,0.146788990825688,False,False,0.1376146788990825,0.1651376146788991,False,False,0.1376146788990825,0.1651376146788991,-0.018348623853210996,-0.036697247706422104,True,True,False,False
YFF,38,48,109,7,7,0.073394495412844,0.5,0.1103211009174312,0.0311956095875894,0.9253731343283582,False,0.1376146788990825,60,0.8,0.1137614678899082,0.034017704979156,0.2537313432835821,False,0.0642201834862385,success,,24.41779351234436,0.055045871559633,0.146788990825688,False,False,0.1009174311926605,0.1376146788990825,False,False,0.1009174311926605,0.146788990825688,-0.0275229357798165,-0.009174311926605505,True,True,False,False
YFF,38,49,109,7,7,0.1376146788990825,0.2,0.1097247706422018,0.0317386659733896,0.2338308457711442,False,0.1559633027522936,60,0.2,0.116743119266055,0.0338048949193171,0.1840796019900497,False,0.018348623853211,success,,24.74543333053589,0.055045871559633,0.146788990825688,False,False,0.1009174311926605,0.1559633027522936,False,False,0.1009174311926605,0.1559633027522936,0.03669724770642199,0.0,True,True,False,False
YFF,38,50,109,7,7,0.1009174311926605,0.2,0.10848623853211,0.0336732664041651,0.6368159203980099,False,0.128440366972477,60,0.8,0.1135779816513761,0.0327709157155498,0.3333333333333333,False,0.0275229357798165,success,,24.540531158447266,0.055045871559633,0.146788990825688,False,False,0.110091743119266,0.110091743119266,False,False,0.110091743119266,0.146788990825688,-0.009174311926605505,-0.01834862385321101,True,True,False,False
YFF,38,51,109,7,7,0.128440366972477,0.5,0.1080733944954128,0.0339450164284777,0.2885572139303483,False,0.2018348623853211,90,0.5,0.1112844036697247,0.0345642373532144,0.0199004975124378,True,0.073394495412844,success,,22.496524333953857,0.055045871559633,0.146788990825688,False,False,0.1743119266055046,0.2293577981651376,False,True,0.1743119266055046,0.2293577981651376,-0.04587155963302761,-0.027522935779816488,True,False,False,False
YFF,38,52,109,7,7,0.1009174311926605,0.8,0.1046330275229358,0.0316754035771029,0.5970149253731343,False,0.1559633027522936,60,0.2,0.1170183486238532,0.0330016123731378,0.1641791044776119,False,0.055045871559633,success,,25.406726360321045,0.055045871559633,0.146788990825688,False,False,0.1009174311926605,0.1559633027522936,False,False,0.1009174311926605,0.1559633027522936,0.0,0.0,True,True,False,False
YFF,38,53,109,7,7,0.110091743119266,0.2,0.1103669724770642,0.0345103535454082,0.5422885572139303,False,0.146788990825688,60,0.2,0.1161926605504587,0.0347955642722993,0.2338308457711442,False,0.036697247706422,success,,25.40211033821106,0.055045871559633,0.146788990825688,False,False,0.0825688073394495,0.1834862385321101,False,True,0.0825688073394495,0.1834862385321101,0.0275229357798165,-0.036697247706422104,True,False,False,False
YFF,38,54,109,7,7,0.073394495412844,0.5,0.1112385321100917,0.0321372475513972,0.9253731343283582,False,0.146788990825688,60,0.2,0.1156422018348623,0.0341033563320056,0.2288557213930348,False,0.073394495412844,success,,24.666024446487427,0.055045871559633,0.146788990825688,False,False,0.1192660550458715,0.146788990825688,False,False,0.1192660550458715,0.146788990825688,-0.0458715596330275,0.0,True,True,False,False
YFF,39,40,109,7,7,0.1376146788990825,0.5,0.1047247706422018,0.0387739086784377,0.2537313432835821,False,0.2018348623853211,300,0.8,0.1123394495412844,0.035136915918645,0.0248756218905472,True,0.0642201834862385,success,,18.32452654838562,0.128440366972477,0.2018348623853211,False,True,0.1743119266055046,0.2018348623853211,True,True,0.1743119266055046,0.2018348623853211,-0.036697247706422104,0.0,False,False,False,False
YFF,39,41,109,7,7,0.1009174311926605,0.8,0.1096330275229357,0.0330176607428042,0.6567164179104478,False,0.1834862385321101,60,0.5,0.1179357798165137,0.0332938094503331,0.0348258706467661,True,0.0825688073394495,success,,24.109682083129883,0.128440366972477,0.2018348623853211,False,True,0.036697247706422,0.1743119266055046,False,False,0.128440366972477,0.2018348623853211,-0.027522935779816488,-0.01834862385321101,True,False,False,False
YFF,39,42,109,7,7,0.1376146788990825,0.8,0.1112844036697247,0.0357669883818373,0.263681592039801,False,0.1926605504587156,300,0.8,0.1061926605504587,0.034060417879057,0.0298507462686567,True,0.055045871559633,success,,18.56999373435974,0.128440366972477,0.2018348623853211,False,True,0.0458715596330275,0.1009174311926605,False,False,0.128440366972477,0.2018348623853211,0.009174311926605505,-0.009174311926605505,True,False,False,False
YFF,39,43,109,7,7,0.128440366972477,0.8,0.1118807339449541,0.0356768548435234,0.36318407960199,False,0.1651376146788991,300,0.2,0.1137614678899082,0.0354545001076524,0.0845771144278607,False,0.036697247706422,success,,18.235669136047363,0.128440366972477,0.2018348623853211,False,True,0.073394495412844,0.110091743119266,False,False,0.128440366972477,0.2018348623853211,0.0,-0.03669724770642202,True,False,False,False
YFF,39,44,109,7,7,0.1651376146788991,0.2,0.1098165137614679,0.0328398924005525,0.0547263681592039,False,0.1926605504587156,300,0.8,0.1070183486238532,0.0331011721160385,0.0149253731343283,True,0.0275229357798165,success,,18.16783094406128,0.128440366972477,0.2018348623853211,False,True,0.128440366972477,0.128440366972477,False,False,0.128440366972477,0.2018348623853211,0.036697247706422104,-0.009174311926605505,True,False,False,False
YFF,39,45,109,7,7,0.128440366972477,0.2,0.1074770642201835,0.0328072593638566,0.3134328358208955,False,0.1651376146788991,225,0.2,0.1130275229357798,0.0323709577086275,0.0845771144278607,False,0.036697247706422,success,,18.84689974784851,0.128440366972477,0.2018348623853211,False,True,0.1376146788990825,0.1376146788990825,False,False,0.1376146788990825,0.2018348623853211,-0.009174311926605505,-0.03669724770642202,True,False,False,False
YFF,39,46,109,7,7,0.128440366972477,0.2,0.1093119266055045,0.035248445367337,0.308457711442786,False,0.1926605504587156,300,0.8,0.1068807339449541,0.0321479389958645,0.0149253731343283,True,0.0642201834862385,success,,18.132603406906128,0.128440366972477,0.2018348623853211,False,True,0.1376146788990825,0.1376146788990825,False,False,0.1376146788990825,0.2018348623853211,-0.009174311926605505,-0.009174311926605505,True,False,False,False
YFF,39,47,109,7,7,0.1192660550458715,0.2,0.1086697247706422,0.0374738884317173,0.4477611940298507,False,0.1376146788990825,60,0.8,0.115091743119266,0.0321090708953421,0.263681592039801,False,0.018348623853211,success,,24.510554790496823,0.128440366972477,0.2018348623853211,False,True,0.1376146788990825,0.1651376146788991,False,False,0.1376146788990825,0.2018348623853211,-0.018348623853210996,-0.06422018348623862,True,False,False,False
YFF,39,48,109,7,7,0.128440366972477,0.5,0.1090825688073394,0.0328383468483867,0.3184079601990049,False,0.1834862385321101,300,0.8,0.1061467889908256,0.0341605133284832,0.0298507462686567,True,0.055045871559633,success,,17.951716899871826,0.128440366972477,0.2018348623853211,False,True,0.1009174311926605,0.1376146788990825,False,False,0.128440366972477,0.2018348623853211,0.0,-0.01834862385321101,True,False,False,False
YFF,39,49,109,7,7,0.1376146788990825,0.8,0.1127981651376146,0.0357845741674912,0.2736318407960199,False,0.1651376146788991,90,0.2,0.113440366972477,0.0349883016839795,0.0845771144278607,False,0.0275229357798165,success,,22.64307689666748,0.128440366972477,0.2018348623853211,False,True,0.1009174311926605,0.1559633027522936,False,False,0.128440366972477,0.2018348623853211,0.009174311926605505,-0.03669724770642202,True,False,False,False
YFF,39,50,109,7,7,0.2110091743119266,0.2,0.1065137614678899,0.033374919092872,0.0049751243781094,True,0.2110091743119266,900,0.2,0.1065137614678899,0.033374919092872,0.0049751243781094,True,0.0,success,,18.278904676437374,0.128440366972477,0.2018348623853211,False,True,0.110091743119266,0.110091743119266,False,False,0.128440366972477,0.2018348623853211,0.0825688073394496,0.009174311926605477,True,False,True,False
YFF,39,51,109,7,7,0.1743119266055046,0.5,0.1092201834862385,0.0310755244074676,0.0348258706467661,True,0.1834862385321101,90,0.5,0.1115137614678899,0.0339566956655721,0.0398009950248756,True,0.0091743119266055,success,,22.461832523345947,0.128440366972477,0.2018348623853211,False,True,0.1743119266055046,0.2293577981651376,False,True,0.1743119266055046,0.2293577981651376,0.0,-0.0458715596330275,True,False,True,False
YFF,39,52,109,7,7,0.1651376146788991,0.5,0.1058256880733945,0.0354411067042747,0.0945273631840796,False,0.1834862385321101,150,0.5,0.1056422018348623,0.0328278802579897,0.0149253731343283,True,0.018348623853211,success,,20.39359474182129,0.128440366972477,0.2018348623853211,False,True,0.1009174311926605,0.1559633027522936,False,False,0.128440366972477,0.2018348623853211,0.036697247706422104,-0.01834862385321101,True,False,False,False
YFF,39,53,109,7,7,0.110091743119266,0.2,0.1097247706422018,0.0322541995694868,0.5223880597014925,False,0.2293577981651376,60,0.5,0.1157339449541284,0.0354983437672865,0.0049751243781094,True,0.1192660550458715,success,,25.30299544334412,0.128440366972477,0.2018348623853211,False,True,0.0825688073394495,0.1834862385321101,False,True,0.128440366972477,0.2018348623853211,-0.018348623853210982,0.027522935779816488,True,False,False,False
YFF,39,54,109,7,7,0.1559633027522936,0.5,0.1093577981651376,0.0346869989289374,0.1094527363184079,False,0.1926605504587156,300,0.8,0.1056880733944954,0.0335918069069562,0.0248756218905472,True,0.036697247706422,success,,18.142253875732425,0.128440366972477,0.2018348623853211,False,True,0.1192660550458715,0.146788990825688,False,False,0.128440366972477,0.2018348623853211,0.0275229357798166,-0.009174311926605505,True,False,False,False
YFF,40,41,109,7,7,0.1651376146788991,0.2,0.108348623853211,0.0356257521489456,0.0696517412935323,False,0.1743119266055046,60,0.8,0.1174770642201835,0.0326174541450723,0.0597014925373134,False,0.0091743119266055,success,,24.575183391571045,0.1743119266055046,0.2018348623853211,True,True,0.036697247706422,0.1743119266055046,False,False,0.1743119266055046,0.2018348623853211,-0.009174311926605505,-0.027522935779816515,False,False,False,False
YFF,40,42,109,7,7,0.128440366972477,0.8,0.108394495412844,0.0323881674195065,0.3333333333333333,False,0.1834862385321101,300,0.5,0.1096788990825688,0.0351465444660881,0.0298507462686567,True,0.055045871559633,success,,18.118279933929443,0.1743119266055046,0.2018348623853211,True,True,0.0458715596330275,0.1009174311926605,False,False,0.1743119266055046,0.2018348623853211,-0.04587155963302761,-0.01834862385321101,False,False,False,False
YFF,40,43,109,7,7,0.1376146788990825,0.8,0.1045871559633027,0.0335671194560082,0.1890547263681592,False,0.1376146788990825,900,0.8,0.1045871559633027,0.0335671194560082,0.1890547263681592,False,0.0,success,,16.67227840423584,0.1743119266055046,0.2018348623853211,True,True,0.073394495412844,0.110091743119266,False,False,0.1743119266055046,0.2018348623853211,-0.036697247706422104,-0.06422018348623862,False,False,False,False
YFF,40,44,109,7,7,0.1376146788990825,0.5,0.1049541284403669,0.0319087849955907,0.1940298507462686,False,0.1926605504587156,300,0.2,0.1109174311926605,0.0366879108494652,0.0199004975124378,True,0.055045871559633,success,,18.267646074295044,0.1743119266055046,0.2018348623853211,True,True,0.128440366972477,0.128440366972477,False,False,0.1743119266055046,0.2018348623853211,-0.036697247706422104,-0.009174311926605505,False,False,False,False
YFF,40,45,109,7,7,0.1376146788990825,0.2,0.1062844036697247,0.0357192710967415,0.2288557213930348,False,0.1651376146788991,150,0.2,0.1135321100917431,0.0318795772263505,0.0597014925373134,False,0.0275229357798165,success,,20.0480694770813,0.1743119266055046,0.2018348623853211,True,True,0.1376146788990825,0.1376146788990825,False,False,0.1743119266055046,0.2018348623853211,-0.036697247706422104,-0.03669724770642202,False,False,False,False
YFF,40,46,109,7,7,0.128440366972477,0.8,0.1058256880733944,0.0334013631551547,0.2786069651741293,False,0.2018348623853211,300,0.8,0.1109174311926605,0.0360365351858903,0.0149253731343283,True,0.073394495412844,success,,17.79170513153076,0.1743119266055046,0.2018348623853211,True,True,0.1376146788990825,0.1376146788990825,False,False,0.1743119266055046,0.2018348623853211,-0.04587155963302761,0.0,False,False,False,False
YFF,40,47,109,7,7,0.146788990825688,0.2,0.1052752293577981,0.0329431187309279,0.1343283582089552,False,0.1651376146788991,150,0.2,0.1144036697247706,0.0338920200752403,0.1044776119402985,False,0.018348623853211,success,,20.32592463493347,0.1743119266055046,0.2018348623853211,True,True,0.1376146788990825,0.1651376146788991,False,False,0.1743119266055046,0.2018348623853211,-0.0275229357798166,-0.03669724770642202,False,False,False,False
YFF,40,48,109,7,7,0.1651376146788991,0.8,0.1078440366972477,0.031182862321679,0.0646766169154228,False,0.1926605504587156,225,0.8,0.1115137614678899,0.0337066609100465,0.0348258706467661,True,0.0275229357798165,success,,19.16150045394897,0.1743119266055046,0.2018348623853211,True,True,0.1009174311926605,0.1376146788990825,False,False,0.1743119266055046,0.2018348623853211,-0.009174311926605505,-0.009174311926605505,False,False,False,False
YFF,40,49,109,7,7,0.1926605504587156,0.2,0.1098165137614679,0.0351779693356864,0.0298507462686567,True,0.1926605504587156,900,0.2,0.1098165137614679,0.0351779693356864,0.0298507462686567,True,0.0,success,,17.704210996627808,0.1743119266055046,0.2018348623853211,True,True,0.1009174311926605,0.1559633027522936,False,False,0.1743119266055046,0.2018348623853211,0.01834862385321101,-0.009174311926605505,False,False,False,False
YFF,40,50,109,7,7,0.1834862385321101,0.2,0.1044036697247706,0.0332958737385805,0.0248756218905472,True,0.1926605504587156,450,0.8,0.1077522935779816,0.0341912981743695,0.0099502487562189,True,0.0091743119266055,success,,17.661226511001587,0.1743119266055046,0.2018348623853211,True,True,0.110091743119266,0.110091743119266,False,False,0.1743119266055046,0.2018348623853211,0.009174311926605505,-0.009174311926605505,False,False,False,False
YFF,40,51,109,7,7,0.1743119266055046,0.5,0.1075229357798165,0.0323107987998638,0.0597014925373134,False,0.2201834862385321,90,0.8,0.1139449541284403,0.038136898515278,0.0199004975124378,True,0.0458715596330275,success,,21.86349081993103,0.1743119266055046,0.2018348623853211,True,True,0.1743119266055046,0.2293577981651376,False,True,0.1743119266055046,0.2293577981651376,0.0,-0.009174311926605505,False,False,False,False
YFF,40,52,109,7,7,0.1834862385321101,0.8,0.1045412844036697,0.0334522288790632,0.0298507462686567,True,0.2293577981651376,300,0.2,0.1077064220183486,0.0316372249930207,0.0049751243781094,True,0.0458715596330275,success,,17.802956104278564,0.1743119266055046,0.2018348623853211,True,True,0.1009174311926605,0.1559633027522936,False,False,0.1743119266055046,0.2018348623853211,0.009174311926605505,0.027522935779816488,False,False,False,False
YFF,40,53,109,7,7,0.110091743119266,0.5,0.1068348623853211,0.033083534277478,0.5373134328358209,False,0.1926605504587156,60,0.5,0.1188990825688073,0.0340281474086279,0.0298507462686567,True,0.0825688073394495,success,,24.5004301071167,0.1743119266055046,0.2018348623853211,True,True,0.0825688073394495,0.1834862385321101,False,True,0.1743119266055046,0.2018348623853211,-0.06422018348623859,-0.009174311926605505,False,False,False,False
YFF,40,54,109,7,7,0.2293577981651376,0.5,0.1054128440366972,0.0306146911188226,0.0049751243781094,True,0.2293577981651376,900,0.5,0.1054128440366972,0.0306146911188226,0.0049751243781094,True,0.0,success,,18.062472820281982,0.1743119266055046,0.2018348623853211,True,True,0.1192660550458715,0.146788990825688,False,False,0.1743119266055046,0.2018348623853211,0.055045871559633,0.027522935779816488,False,False,False,False
YFF,41,42,109,7,7,0.036697247706422,0.5,0.1074770642201835,0.0342083648544502,0.9900497512437813,False,0.1834862385321101,60,0.8,0.1169724770642201,0.0344838706821112,0.0348258706467661,True,0.146788990825688,success,,25.18439245223999,0.036697247706422,0.1743119266055046,False,False,0.0458715596330275,0.1009174311926605,False,False,0.0458715596330275,0.1743119266055046,-0.009174311926605498,0.009174311926605505,True,True,False,True
YFF,41,43,109,7,7,0.073394495412844,0.8,0.1114220183486238,0.0363428265617703,0.8955223880597015,False,0.128440366972477,100,0.8,0.1189908256880733,0.0383200056271876,0.4328358208955223,False,0.055045871559633,success,,22.618736028671265,0.036697247706422,0.1743119266055046,False,False,0.073394495412844,0.110091743119266,False,False,0.073394495412844,0.1743119266055046,0.0,-0.04587155963302761,True,True,False,False
YFF,41,44,109,7,7,0.055045871559633,0.2,0.1085321100917431,0.0338320655441525,0.9552238805970148,False,0.1651376146788991,60,0.8,0.1184862385321101,0.0343859465974862,0.1243781094527363,False,0.110091743119266,success,,24.703165292739868,0.036697247706422,0.1743119266055046,False,False,0.128440366972477,0.128440366972477,False,False,0.128440366972477,0.1743119266055046,-0.07339449541284399,-0.009174311926605505,True,True,False,False
YFF,41,45,109,7,7,0.091743119266055,0.8,0.1077064220183486,0.0328054866509472,0.7412935323383084,False,0.1376146788990825,180,0.2,0.1084403669724771,0.0340520037939323,0.2437810945273631,False,0.0458715596330275,success,,19.807859897613525,0.036697247706422,0.1743119266055046,False,False,0.1376146788990825,0.1376146788990825,False,False,0.1376146788990825,0.1743119266055046,-0.0458715596330275,-0.036697247706422104,True,True,False,False
YFF,41,46,109,7,7,0.091743119266055,0.2,0.1083027522935779,0.0346911139798966,0.7562189054726368,False,0.1834862385321101,60,0.2,0.1165137614678899,0.034828641686879,0.0497512437810945,True,0.091743119266055,success,,25.854440689086918,0.036697247706422,0.1743119266055046,False,False,0.1376146788990825,0.1376146788990825,False,False,0.1376146788990825,0.1743119266055046,-0.0458715596330275,0.009174311926605505,True,True,False,True
YFF,41,47,109,7,7,0.1009174311926605,0.8,0.1088073394495412,0.0332129474423509,0.6268656716417911,False,0.1559633027522936,75,0.2,0.1173394495412844,0.039533454298902,0.1890547263681592,False,0.055045871559633,success,,23.900362730026245,0.036697247706422,0.1743119266055046,False,False,0.1376146788990825,0.1651376146788991,False,False,0.1376146788990825,0.1743119266055046,-0.03669724770642199,-0.01834862385321101,True,True,False,False
YFF,41,48,109,7,7,0.0458715596330275,0.2,0.1078440366972477,0.0358990399717889,0.9900497512437813,False,0.1743119266055046,60,0.8,0.1181192660550458,0.0348764254270787,0.0895522388059701,False,0.128440366972477,success,,25.444408416748047,0.036697247706422,0.1743119266055046,False,False,0.1009174311926605,0.1376146788990825,False,False,0.1009174311926605,0.1743119266055046,-0.055045871559633,0.0,True,True,False,False
YFF,41,49,109,7,7,0.091743119266055,0.2,0.1110550458715596,0.0330899258847696,0.7562189054726368,False,0.1651376146788991,60,0.8,0.1228899082568807,0.0354174694682251,0.1641791044776119,False,0.073394495412844,success,,25.436994552612305,0.036697247706422,0.1743119266055046,False,False,0.1009174311926605,0.1559633027522936,False,False,0.1009174311926605,0.1743119266055046,-0.009174311926605505,-0.009174311926605505,True,True,False,False
YFF,41,50,109,7,7,0.073394495412844,0.5,0.1076605504587155,0.035495960732346,0.8855721393034826,False,0.1834862385321101,60,0.8,0.1180733944954128,0.0342446033083183,0.0398009950248756,True,0.110091743119266,success,,25.077744722366333,0.036697247706422,0.1743119266055046,False,False,0.110091743119266,0.110091743119266,False,False,0.110091743119266,0.1743119266055046,-0.036697247706422007,0.009174311926605505,True,True,False,True
YFF,41,51,109,7,7,0.1376146788990825,0.5,0.1091743119266055,0.0344132729823826,0.2338308457711442,False,0.2293577981651376,90,0.5,0.1132110091743119,0.0359454596473794,0.0099502487562189,True,0.091743119266055,success,,22.67708396911621,0.036697247706422,0.1743119266055046,False,False,0.1743119266055046,0.2293577981651376,False,True,0.1743119266055046,0.2293577981651376,-0.036697247706422104,0.0,True,False,False,False
YFF,41,52,109,7,7,0.055045871559633,0.2,0.1055504587155963,0.0362449362305241,0.9303482587064676,False,0.1651376146788991,60,0.2,0.1179816513761468,0.037720732817584,0.1442786069651741,False,0.110091743119266,success,,24.792184829711918,0.036697247706422,0.1743119266055046,False,False,0.1009174311926605,0.1559633027522936,False,False,0.1009174311926605,0.1743119266055046,-0.0458715596330275,-0.009174311926605505,True,True,False,False
YFF,41,53,109,7,7,0.0642201834862385,0.2,0.1090825688073394,0.0351645006774816,0.9154228855721394,False,0.2110091743119266,60,0.5,0.1197706422018348,0.0353134213936601,0.0149253731343283,True,0.146788990825688,success,,25.59556889533997,0.036697247706422,0.1743119266055046,False,False,0.0825688073394495,0.1834862385321101,False,True,0.0825688073394495,0.1834862385321101,-0.01834862385321101,0.027522935779816488,True,False,False,False
YFF,41,54,109,7,7,0.0642201834862385,0.5,0.10848623853211,0.0357211656194065,0.945273631840796,False,0.1834862385321101,60,0.8,0.1182568807339449,0.0350077889028138,0.044776119402985,True,0.1192660550458715,success,,24.92105221748352,0.036697247706422,0.1743119266055046,False,False,0.1192660550458715,0.146788990825688,False,False,0.1192660550458715,0.1743119266055046,-0.055045871559633,0.009174311926605505,True,True,False,True
YFF,42,43,109,7,7,0.091743119266055,0.8,0.1075229357798165,0.0302277628973049,0.7412935323383084,False,0.1192660550458715,450,0.5,0.1087155963302752,0.0341634847337813,0.4228855721393035,False,0.0275229357798165,success,,17.986597537994385,0.0458715596330275,0.1009174311926605,False,False,0.073394495412844,0.110091743119266,False,False,0.073394495412844,0.110091743119266,0.018348623853210996,0.009174311926605491,True,True,False,False
YFF,42,44,109,7,7,0.091743119266055,0.5,0.1061926605504587,0.0345168179169507,0.6716417910447762,False,0.110091743119266,180,0.5,0.1074770642201835,0.0336976250622407,0.472636815920398,False,0.018348623853211,success,,20.132142543792725,0.0458715596330275,0.1009174311926605,False,False,0.128440366972477,0.128440366972477,False,False,0.128440366972477,0.128440366972477,-0.03669724770642199,-0.018348623853210982,True,True,False,False
YFF,42,45,109,7,7,0.128440366972477,0.2,0.1089449541284403,0.0333514344073999,0.3532338308457711,False,0.1376146788990825,300,0.2,0.1087155963302752,0.0327475467869963,0.2338308457711442,False,0.0091743119266055,success,,18.53004217147827,0.0458715596330275,0.1009174311926605,False,False,0.1376146788990825,0.1376146788990825,False,False,0.1376146788990825,0.1376146788990825,-0.009174311926605505,0.0,True,True,False,False
YFF,42,46,109,7,7,0.128440366972477,0.2,0.1072477064220183,0.0328589482333276,0.2537313432835821,False,0.128440366972477,180,0.2,0.1071100917431192,0.0355252609530604,0.3034825870646766,False,0.0,success,,19.75437474250793,0.0458715596330275,0.1009174311926605,False,False,0.1376146788990825,0.1376146788990825,False,False,0.1376146788990825,0.1376146788990825,-0.009174311926605505,-0.009174311926605505,True,True,False,False
YFF,42,47,109,7,7,0.1376146788990825,0.8,0.1052752293577981,0.0322161161132998,0.1890547263681592,False,0.146788990825688,450,0.8,0.1099082568807339,0.036326093204937,0.1890547263681592,False,0.0091743119266055,success,,18.346433639526367,0.0458715596330275,0.1009174311926605,False,False,0.1376146788990825,0.1651376146788991,False,False,0.1376146788990825,0.1651376146788991,0.0,-0.018348623853211093,True,True,False,False
YFF,42,48,109,7,7,0.091743119266055,0.2,0.101697247706422,0.0308868539567061,0.6517412935323383,False,0.146788990825688,225,0.2,0.105091743119266,0.0332480446548003,0.1442786069651741,False,0.055045871559633,success,,18.529939651489254,0.0458715596330275,0.1009174311926605,False,False,0.1009174311926605,0.1376146788990825,False,False,0.1009174311926605,0.1376146788990825,-0.009174311926605505,0.009174311926605505,True,True,False,False
YFF,42,49,109,7,7,0.1009174311926605,0.2,0.1129816513761468,0.0342355550123745,0.6666666666666666,False,0.146788990825688,100,0.2,0.1146330275229357,0.0370413709341566,0.208955223880597,False,0.0458715596330275,success,,21.357243537902832,0.0458715596330275,0.1009174311926605,False,False,0.1009174311926605,0.1559633027522936,False,False,0.1009174311926605,0.1559633027522936,0.0,-0.009174311926605588,True,True,False,False
YFF,42,50,109,7,7,0.073394495412844,0.2,0.1026605504587156,0.0327558117388767,0.8507462686567164,False,0.0825688073394495,60,0.2,0.1094495412844036,0.033231662083525,0.8308457711442786,False,0.0091743119266055,success,,24.98753881454468,0.0458715596330275,0.1009174311926605,False,False,0.110091743119266,0.110091743119266,False,False,0.110091743119266,0.110091743119266,-0.036697247706422007,-0.0275229357798165,True,True,False,False
YFF,42,51,109,7,7,0.1743119266055046,0.5,0.1096330275229357,0.0358076442499004,0.0696517412935323,False,0.2018348623853211,90,0.2,0.1102752293577981,0.0329690752640505,0.0099502487562189,True,0.0275229357798165,success,,22.35405850410461,0.0458715596330275,0.1009174311926605,False,False,0.1743119266055046,0.2293577981651376,False,True,0.1743119266055046,0.2293577981651376,0.0,-0.027522935779816488,True,False,False,False
YFF,42,52,109,7,7,0.1192660550458715,0.5,0.0984862385321101,0.0331675492773984,0.2935323383084577,False,0.1834862385321101,100,0.8,0.110045871559633,0.0324849201567125,0.0348258706467661,True,0.0642201834862385,success,,21.731547594070435,0.0458715596330275,0.1009174311926605,False,False,0.1009174311926605,0.1559633027522936,False,False,0.1009174311926605,0.1559633027522936,0.018348623853210996,0.027522935779816515,True,True,False,True
YFF,42,53,109,7,7,0.0642201834862385,0.5,0.1078440366972477,0.0333712120833963,0.9402985074626866,False,0.1651376146788991,60,0.2,0.1180275229357798,0.0367165766715999,0.1393034825870646,False,0.1009174311926605,success,,24.523053407669067,0.0458715596330275,0.1009174311926605,False,False,0.0825688073394495,0.1834862385321101,False,True,0.0825688073394495,0.1834862385321101,-0.01834862385321101,-0.01834862385321101,True,False,False,False
YFF,42,54,109,7,7,0.0825688073394495,0.2,0.0994036697247706,0.030968907061579,0.7213930348258707,False,0.1192660550458715,60,0.2,0.1082110091743119,0.0317980118804506,0.3880597014925373,False,0.036697247706422,success,,24.287067651748657,0.0458715596330275,0.1009174311926605,False,False,0.1192660550458715,0.146788990825688,False,False,0.1192660550458715,0.146788990825688,-0.03669724770642199,-0.0275229357798165,True,True,False,False
YFF,43,44,109,7,7,0.128440366972477,0.2,0.11,0.0347677476255328,0.3482587064676617,False,0.128440366972477,900,0.2,0.11,0.0347677476255328,0.3482587064676617,False,0.0,success,,16.91196060180664,0.073394495412844,0.110091743119266,False,False,0.128440366972477,0.128440366972477,False,False,0.128440366972477,0.128440366972477,0.0,0.0,True,True,False,False
YFF,43,45,109,7,7,0.091743119266055,0.2,0.1099082568807339,0.0335792135365505,0.736318407960199,False,0.146788990825688,150,0.8,0.1147706422018348,0.0341664558806608,0.2189054726368159,False,0.055045871559633,success,,20.49489712715149,0.073394495412844,0.110091743119266,False,False,0.1376146788990825,0.1376146788990825,False,False,0.1376146788990825,0.1376146788990825,-0.0458715596330275,0.009174311926605505,True,True,False,False
YFF,43,46,109,7,7,0.073394495412844,0.2,0.10848623853211,0.0320911513783221,0.8955223880597015,False,0.1192660550458715,300,0.5,0.1105504587155963,0.0320557111119848,0.4328358208955223,False,0.0458715596330275,success,,18.13225483894348,0.073394495412844,0.110091743119266,False,False,0.1376146788990825,0.1376146788990825,False,False,0.1376146788990825,0.1376146788990825,-0.0642201834862385,-0.018348623853210996,True,True,False,False
YFF,43,47,109,7,7,0.128440366972477,0.5,0.1086238532110091,0.0340728644292024,0.3233830845771144,False,0.128440366972477,900,0.5,0.1086238532110091,0.0340728644292024,0.3233830845771144,False,0.0,success,,17.706446886062622,0.073394495412844,0.110091743119266,False,False,0.1376146788990825,0.1651376146788991,False,False,0.1376146788990825,0.1651376146788991,-0.009174311926605505,-0.036697247706422104,True,True,False,False
YFF,43,48,109,7,7,0.073394495412844,0.2,0.108440366972477,0.0348257270342369,0.8855721393034826,False,0.110091743119266,60,0.8,0.1155504587155963,0.0358235571912377,0.6318407960199005,False,0.036697247706422,success,,24.086283683776852,0.073394495412844,0.110091743119266,False,False,0.1009174311926605,0.1376146788990825,False,False,0.1009174311926605,0.1376146788990825,-0.0275229357798165,-0.027522935779816488,True,True,False,False
YFF,43,49,109,7,7,0.091743119266055,0.2,0.1116055045871559,0.0351523203286265,0.7562189054726368,False,0.128440366972477,90,0.5,0.1154128440366972,0.0371253440344623,0.4079601990049751,False,0.036697247706422,success,,20.92145657539368,0.073394495412844,0.110091743119266,False,False,0.1009174311926605,0.1559633027522936,False,False,0.1009174311926605,0.1559633027522936,-0.009174311926605505,-0.0275229357798166,True,True,False,False
YFF,43,50,109,7,7,0.1559633027522936,0.2,0.1096330275229357,0.0332474403926738,0.1044776119402985,False,0.1559633027522936,900,0.2,0.1096330275229357,0.0332474403926738,0.1044776119402985,False,0.0,success,,16.591963052749634,0.073394495412844,0.110091743119266,False,False,0.110091743119266,0.110091743119266,False,False,0.110091743119266,0.110091743119266,0.04587155963302758,0.04587155963302758,True,True,False,False
YFF,43,51,109,7,7,0.110091743119266,0.2,0.1083027522935779,0.0361245419913215,0.5422885572139303,False,0.2201834862385321,90,0.2,0.115137614678899,0.039503058434848,0.0149253731343283,True,0.110091743119266,success,,21.504818439483643,0.073394495412844,0.110091743119266,False,False,0.1743119266055046,0.2293577981651376,False,True,0.1743119266055046,0.2293577981651376,-0.06422018348623859,-0.009174311926605505,True,False,False,False
YFF,43,52,109,7,7,0.1009174311926605,0.2,0.1043119266055045,0.0319176646903762,0.5323383084577115,False,0.146788990825688,300,0.2,0.11,0.0335795914063808,0.1691542288557214,False,0.0458715596330275,success,,17.85659146308899,0.073394495412844,0.110091743119266,False,False,0.1009174311926605,0.1559633027522936,False,False,0.1009174311926605,0.1559633027522936,0.0,-0.009174311926605588,True,True,False,False
YFF,43,53,109,7,7,0.1009174311926605,0.8,0.108440366972477,0.0339524916030356,0.6069651741293532,False,0.1651376146788991,300,0.2,0.113394495412844,0.0340057668475446,0.1094527363184079,False,0.0642201834862385,success,,18.63933658599853,0.073394495412844,0.110091743119266,False,False,0.0825688073394495,0.1834862385321101,False,True,0.0825688073394495,0.1834862385321101,0.018348623853210996,-0.01834862385321101,True,False,False,False
YFF,43,54,109,7,7,0.0825688073394495,0.2,0.1071559633027523,0.0328765779099899,0.8009950248756219,False,0.1192660550458715,300,0.2,0.110091743119266,0.0339554812120818,0.4278606965174129,False,0.036697247706422,success,,18.00677227973938,0.073394495412844,0.110091743119266,False,False,0.1192660550458715,0.146788990825688,False,False,0.1192660550458715,0.146788990825688,-0.03669724770642199,-0.0275229357798165,True,True,False,False
YFF,44,45,109,7,7,0.146788990825688,0.5,0.1051376146788991,0.0351169583707041,0.1442786069651741,False,0.146788990825688,900,0.5,0.1051376146788991,0.0351169583707041,0.1442786069651741,False,0.0,success,,17.963607788085938,0.128440366972477,0.128440366972477,False,False,0.1376146788990825,0.1376146788990825,False,False,0.1376146788990825,0.1376146788990825,0.009174311926605505,0.009174311926605505,True,True,False,False
YFF,44,46,109,7,7,0.1651376146788991,0.2,0.1055963302752293,0.0348770621013509,0.0547263681592039,False,0.1651376146788991,900,0.2,0.1055963302752293,0.0348770621013509,0.0547263681592039,False,0.0,success,,17.537307500839233,0.128440366972477,0.128440366972477,False,False,0.1376146788990825,0.1376146788990825,False,False,0.1376146788990825,0.1376146788990825,0.0275229357798166,0.0275229357798166,True,True,False,False
YFF,44,47,109,7,7,0.146788990825688,0.5,0.1058256880733945,0.0358799484035265,0.1641791044776119,False,0.146788990825688,450,0.8,0.1094495412844036,0.0369443297875708,0.1940298507462686,False,0.0,success,,17.566418886184692,0.128440366972477,0.128440366972477,False,False,0.1376146788990825,0.1651376146788991,False,False,0.1376146788990825,0.1651376146788991,0.009174311926605505,-0.018348623853211093,True,True,False,False
YFF,44,48,109,7,7,0.110091743119266,0.5,0.1038073394495412,0.0329128048820413,0.4477611940298507,False,0.1376146788990825,100,0.2,0.1115596330275229,0.0366907928489362,0.2835820895522388,False,0.0275229357798165,success,,22.193342447280884,0.128440366972477,0.128440366972477,False,False,0.1009174311926605,0.1376146788990825,False,False,0.128440366972477,0.1376146788990825,-0.018348623853210982,0.0,True,True,False,False
YFF,44,49,109,7,7,0.1376146788990825,0.2,0.1125688073394495,0.033208744746826,0.2587064676616915,False,0.1376146788990825,900,0.2,0.1125688073394495,0.033208744746826,0.2587064676616915,False,0.0,success,,18.264925956726078,0.128440366972477,0.128440366972477,False,False,0.1009174311926605,0.1559633027522936,False,False,0.128440366972477,0.1559633027522936,0.009174311926605505,-0.018348623853211093,True,True,False,False
YFF,44,50,109,7,7,0.146788990825688,0.2,0.1044954128440367,0.0317246704120371,0.154228855721393,False,0.146788990825688,900,0.2,0.1044954128440367,0.0317246704120371,0.154228855721393,False,0.0,success,,17.578055381774902,0.128440366972477,0.128440366972477,False,False,0.110091743119266,0.110091743119266,False,False,0.128440366972477,0.128440366972477,0.01834862385321101,0.01834862385321101,True,True,False,False
YFF,44,51,109,7,7,0.1376146788990825,0.2,0.1095871559633027,0.0333420485868937,0.2388059701492537,False,0.2293577981651376,300,0.5,0.1113761467889908,0.0344137645970565,0.0049751243781094,True,0.091743119266055,success,,18.77708148956299,0.128440366972477,0.128440366972477,False,False,0.1743119266055046,0.2293577981651376,False,True,0.1743119266055046,0.2293577981651376,-0.036697247706422104,0.0,True,False,False,False
YFF,44,52,109,7,7,0.110091743119266,0.8,0.101834862385321,0.0354783511026861,0.4129353233830846,False,0.1559633027522936,100,0.8,0.1085321100917431,0.0358000838633264,0.1243781094527363,False,0.0458715596330275,success,,21.2441668510437,0.128440366972477,0.128440366972477,False,False,0.1009174311926605,0.1559633027522936,False,False,0.128440366972477,0.1559633027522936,-0.018348623853210982,0.0,True,True,False,False
YFF,44,53,109,7,7,0.091743119266055,0.8,0.1086238532110091,0.0334717258659332,0.736318407960199,False,0.1834862385321101,60,0.5,0.1177064220183486,0.0348542558503902,0.0348258706467661,True,0.091743119266055,success,,25.160617113113403,0.128440366972477,0.128440366972477,False,False,0.0825688073394495,0.1834862385321101,False,True,0.128440366972477,0.1834862385321101,-0.03669724770642199,0.0,True,False,False,False
YFF,44,54,109,7,7,0.1009174311926605,0.5,0.1029816513761468,0.0306208728944898,0.5472636815920398,False,0.128440366972477,225,0.2,0.105,0.0332085855433588,0.2537313432835821,False,0.0275229357798165,success,,18.470375776290894,0.128440366972477,0.128440366972477,False,False,0.1192660550458715,0.146788990825688,False,False,0.128440366972477,0.146788990825688,-0.027522935779816488,-0.01834862385321101,True,True,False,False
YFF,45,46,109,7,7,0.1192660550458715,0.2,0.1080733944954128,0.0327528417618733,0.4477611940298507,False,0.128440366972477,100,0.8,0.1160550458715596,0.0353798621146614,0.3930348258706467,False,0.0091743119266055,success,,21.50466799736023,0.1376146788990825,0.1376146788990825,False,False,0.1376146788990825,0.1376146788990825,False,False,0.1376146788990825,0.1376146788990825,-0.018348623853210996,-0.009174311926605505,True,True,False,False
YFF,45,47,109,7,7,0.146788990825688,0.2,0.1075688073394495,0.0327241288581301,0.1442786069651741,False,0.146788990825688,900,0.2,0.1075688073394495,0.0327241288581301,0.1442786069651741,False,0.0,success,,17.24211025238037,0.1376146788990825,0.1376146788990825,False,False,0.1376146788990825,0.1651376146788991,False,False,0.1376146788990825,0.1651376146788991,0.009174311926605505,-0.018348623853211093,True,True,False,False
YFF,45,48,109,7,7,0.1376146788990825,0.8,0.1060091743119266,0.0336514039487891,0.2288557213930348,False,0.146788990825688,300,0.2,0.1090825688073394,0.0344966242282223,0.1592039800995024,False,0.0091743119266055,success,,18.88821673393249,0.1376146788990825,0.1376146788990825,False,False,0.1009174311926605,0.1376146788990825,False,False,0.1376146788990825,0.1376146788990825,0.0,0.009174311926605505,True,True,False,False
YFF,45,49,109,7,7,0.128440366972477,0.2,0.1120183486238532,0.0369566920294152,0.3432835820895522,False,0.128440366972477,900,0.2,0.1120183486238532,0.0369566920294152,0.3432835820895522,False,0.0,success,,17.704744338989258,0.1376146788990825,0.1376146788990825,False,False,0.1009174311926605,0.1559633027522936,False,False,0.1376146788990825,0.1559633027522936,-0.009174311926605505,-0.0275229357798166,True,True,False,False
YFF,45,50,109,7,7,0.146788990825688,0.5,0.1072935779816513,0.0334686614518791,0.154228855721393,False,0.1559633027522936,150,0.2,0.1096788990825688,0.0332034906293629,0.1194029850746268,False,0.0091743119266055,success,,19.50108742713928,0.1376146788990825,0.1376146788990825,False,False,0.110091743119266,0.110091743119266,False,False,0.1376146788990825,0.1376146788990825,0.009174311926605505,0.018348623853211093,True,True,False,False
YFF,45,51,109,7,7,0.146788990825688,0.2,0.1089908256880734,0.0354850265084924,0.1940298507462686,False,0.146788990825688,300,0.2,0.1107798165137615,0.0357625831925278,0.1641791044776119,False,0.0,success,,19.021952390670776,0.1376146788990825,0.1376146788990825,False,False,0.1743119266055046,0.2293577981651376,False,True,0.1743119266055046,0.2293577981651376,-0.0275229357798166,-0.0825688073394496,True,False,False,False
YFF,45,52,109,7,7,0.1559633027522936,0.5,0.1069724770642201,0.0336858560027899,0.1343283582089552,False,0.1559633027522936,900,0.5,0.1069724770642201,0.0336858560027899,0.1343283582089552,False,0.0,success,,17.947171211242676,0.1376146788990825,0.1376146788990825,False,False,0.1009174311926605,0.1559633027522936,False,False,0.1376146788990825,0.1559633027522936,0.018348623853211093,0.0,True,True,False,False
YFF,45,53,109,7,7,0.1376146788990825,0.2,0.108348623853211,0.0353994623532568,0.2537313432835821,False,0.146788990825688,60,0.2,0.1195871559633027,0.0358740538923222,0.2338308457711442,False,0.0091743119266055,success,,25.373567819595337,0.1376146788990825,0.1376146788990825,False,False,0.0825688073394495,0.1834862385321101,False,True,0.1376146788990825,0.1834862385321101,0.0,-0.036697247706422104,True,False,False,False
YFF,45,54,109,7,7,0.146788990825688,0.2,0.1065137614678899,0.0347531463827892,0.1492537313432835,False,0.146788990825688,225,0.5,0.1112844036697247,0.0352788203703958,0.2039800995024875,False,0.0,success,,18.76612234115601,0.1376146788990825,0.1376146788990825,False,False,0.1192660550458715,0.146788990825688,False,False,0.1376146788990825,0.146788990825688,0.009174311926605505,0.0,True,True,False,False
YFF,46,47,109,7,7,0.146788990825688,0.8,0.1052293577981651,0.0332240247277329,0.1442786069651741,False,0.146788990825688,900,0.8,0.1052293577981651,0.0332240247277329,0.1442786069651741,False,0.0,success,,16.65362238883972,0.1376146788990825,0.1376146788990825,False,False,0.1376146788990825,0.1651376146788991,False,False,0.1376146788990825,0.1651376146788991,0.009174311926605505,-0.018348623853211093,True,True,False,False
YFF,46,48,109,7,7,0.110091743119266,0.2,0.1026146788990825,0.0321522474650917,0.4079601990049751,False,0.146788990825688,225,0.2,0.1090825688073394,0.03348878036484,0.1840796019900497,False,0.036697247706422,success,,18.62448263168335,0.1376146788990825,0.1376146788990825,False,False,0.1009174311926605,0.1376146788990825,False,False,0.1376146788990825,0.1376146788990825,-0.027522935779816488,0.009174311926605505,True,True,False,False
YFF,46,49,109,7,7,0.128440366972477,0.8,0.1123853211009174,0.0327475467869963,0.3482587064676617,False,0.1559633027522936,100,0.8,0.1130275229357798,0.0377624213708281,0.1840796019900497,False,0.0275229357798165,success,,21.641380310058597,0.1376146788990825,0.1376146788990825,False,False,0.1009174311926605,0.1559633027522936,False,False,0.1376146788990825,0.1559633027522936,-0.009174311926605505,0.0,True,True,False,False
YFF,46,50,109,7,7,0.146788990825688,0.2,0.1029357798165137,0.0318891613839906,0.0945273631840796,False,0.146788990825688,900,0.2,0.1029357798165137,0.0318891613839906,0.0945273631840796,False,0.0,success,,16.953394174575806,0.1376146788990825,0.1376146788990825,False,False,0.110091743119266,0.110091743119266,False,False,0.1376146788990825,0.1376146788990825,0.009174311926605505,0.009174311926605505,True,True,False,False
YFF,46,51,109,7,7,0.1651376146788991,0.8,0.1106422018348623,0.034199245133902,0.0646766169154228,False,0.2110091743119266,90,0.2,0.1122935779816513,0.0342684324292512,0.0099502487562189,True,0.0458715596330275,success,,21.326294422149655,0.1376146788990825,0.1376146788990825,False,False,0.1743119266055046,0.2293577981651376,False,True,0.1743119266055046,0.2293577981651376,-0.009174311926605505,-0.01834862385321101,True,False,False,False
YFF,46,52,109,7,7,0.1192660550458715,0.5,0.1026146788990825,0.0341427723749557,0.3333333333333333,False,0.1192660550458715,60,0.8,0.1132110091743119,0.0385678774788784,0.4875621890547263,False,0.0,success,,22.829731464385983,0.1376146788990825,0.1376146788990825,False,False,0.1009174311926605,0.1559633027522936,False,False,0.1376146788990825,0.1559633027522936,-0.018348623853210996,-0.03669724770642209,True,True,False,False
YFF,46,53,109,7,7,0.0825688073394495,0.2,0.1081192660550458,0.0357026897351608,0.7860696517412935,False,0.1834862385321101,60,0.5,0.1192660550458715,0.0355854827539856,0.0497512437810945,True,0.1009174311926605,success,,24.161288022994995,0.1376146788990825,0.1376146788990825,False,False,0.0825688073394495,0.1834862385321101,False,True,0.1376146788990825,0.1834862385321101,-0.05504587155963299,0.0,True,False,False,False
YFF,46,54,109,7,7,0.110091743119266,0.2,0.1037155963302752,0.0304513369827831,0.4925373134328358,False,0.146788990825688,300,0.2,0.1079816513761467,0.0344956433536164,0.1592039800995024,False,0.036697247706422,success,,17.7861270904541,0.1376146788990825,0.1376146788990825,False,False,0.1192660550458715,0.146788990825688,False,False,0.1376146788990825,0.146788990825688,-0.027522935779816488,0.0,True,True,False,False
YFF,47,48,109,7,7,0.1376146788990825,0.8,0.1052752293577981,0.031912728150117,0.2139303482587064,False,0.1559633027522936,450,0.8,0.1094495412844036,0.037410771104491,0.1343283582089552,False,0.018348623853211,success,,15.7203631401062,0.1376146788990825,0.1651376146788991,False,False,0.1009174311926605,0.1376146788990825,False,False,0.1376146788990825,0.1651376146788991,0.0,-0.009174311926605505,True,True,False,False
YFF,47,49,109,7,7,0.110091743119266,0.5,0.108440366972477,0.0319368734869538,0.5174129353233831,False,0.1559633027522936,60,0.8,0.1213302752293578,0.0381599319369935,0.2039800995024875,False,0.0458715596330275,success,,22.348048448562626,0.1376146788990825,0.1651376146788991,False,False,0.1009174311926605,0.1559633027522936,False,False,0.1376146788990825,0.1651376146788991,-0.027522935779816488,-0.009174311926605505,True,True,False,False
YFF,47,50,109,7,7,0.1743119266055046,0.2,0.1029816513761468,0.0354000298813834,0.0248756218905472,True,0.1834862385321101,450,0.8,0.1090366972477064,0.0363053331313319,0.0497512437810945,True,0.0091743119266055,success,,17.465682983398438,0.1376146788990825,0.1651376146788991,False,False,0.110091743119266,0.110091743119266,False,False,0.1376146788990825,0.1651376146788991,0.036697247706422104,0.01834862385321101,True,True,True,True
YFF,47,51,109,7,7,0.128440366972477,0.5,0.1077064220183486,0.0323249331227387,0.2835820895522388,False,0.1834862385321101,90,0.5,0.1132568807339449,0.0345065233701906,0.044776119402985,True,0.055045871559633,success,,21.013466835021973,0.1376146788990825,0.1651376146788991,False,False,0.1743119266055046,0.2293577981651376,False,True,0.1743119266055046,0.2293577981651376,-0.04587155963302761,-0.0458715596330275,True,False,False,False
YFF,47,52,109,7,7,0.128440366972477,0.5,0.1036238532110091,0.0361140030389304,0.2238805970149253,False,0.1559633027522936,75,0.2,0.1129357798165137,0.0340598280294071,0.1293532338308457,False,0.0275229357798165,success,,23.58070993423462,0.1376146788990825,0.1651376146788991,False,False,0.1009174311926605,0.1559633027522936,False,False,0.1376146788990825,0.1651376146788991,-0.009174311926605505,-0.009174311926605505,True,True,False,False
YFF,47,53,109,7,7,0.146788990825688,0.5,0.1087155963302752,0.0358312601761278,0.1741293532338308,False,0.146788990825688,900,0.5,0.1087155963302752,0.0358312601761278,0.1741293532338308,False,0.0,success,,18.02333164215088,0.1376146788990825,0.1651376146788991,False,False,0.0825688073394495,0.1834862385321101,False,True,0.1376146788990825,0.1834862385321101,0.009174311926605505,-0.036697247706422104,True,False,False,False
YFF,47,54,109,7,7,0.146788990825688,0.5,0.1052752293577981,0.0335158917688867,0.1691542288557214,False,0.146788990825688,900,0.5,0.1052752293577981,0.0335158917688867,0.1691542288557214,False,0.0,success,,17.582778453826904,0.1376146788990825,0.1651376146788991,False,False,0.1192660550458715,0.146788990825688,False,False,0.1376146788990825,0.1651376146788991,0.009174311926605505,-0.018348623853211093,True,True,False,False
YFF,48,49,109,7,7,0.1009174311926605,0.2,0.1101834862385321,0.0333647792862919,0.6268656716417911,False,0.146788990825688,100,0.2,0.1141743119266055,0.0360190137040703,0.1940298507462686,False,0.0458715596330275,success,,21.534592628479004,0.1009174311926605,0.1376146788990825,False,False,0.1009174311926605,0.1559633027522936,False,False,0.1009174311926605,0.1559633027522936,0.0,-0.009174311926605588,True,True,False,False
YFF,48,50,109,7,7,0.146788990825688,0.5,0.1007339449541284,0.030572801742591,0.0895522388059701,False,0.146788990825688,900,0.5,0.1007339449541284,0.030572801742591,0.0895522388059701,False,0.0,success,,17.105977535247803,0.1009174311926605,0.1376146788990825,False,False,0.110091743119266,0.110091743119266,False,False,0.110091743119266,0.1376146788990825,0.03669724770642199,0.009174311926605505,True,True,False,False
YFF,48,51,109,7,7,0.1926605504587156,0.8,0.1096330275229357,0.0364399026060702,0.0348258706467661,True,0.2385321100917431,90,0.2,0.111697247706422,0.0363083619880826,0.0049751243781094,True,0.0458715596330275,success,,22.003750801086422,0.1009174311926605,0.1376146788990825,False,False,0.1743119266055046,0.2293577981651376,False,True,0.1743119266055046,0.2293577981651376,0.01834862385321101,0.009174311926605505,True,False,True,False
YFF,48,52,109,7,7,0.091743119266055,0.2,0.0971559633027523,0.0331128296572754,0.6069651741293532,False,0.1559633027522936,100,0.2,0.1123853211009174,0.0374360872956081,0.1592039800995024,False,0.0642201834862385,success,,21.262210369110107,0.1009174311926605,0.1376146788990825,False,False,0.1009174311926605,0.1559633027522936,False,False,0.1009174311926605,0.1559633027522936,-0.009174311926605505,0.0,True,True,False,False
YFF,48,53,109,7,7,0.0825688073394495,0.8,0.108394495412844,0.0332134249877388,0.8059701492537313,False,0.1559633027522936,60,0.2,0.1187155963302752,0.0370487065572046,0.1840796019900497,False,0.073394495412844,success,,25.75260853767395,0.1009174311926605,0.1376146788990825,False,False,0.0825688073394495,0.1834862385321101,False,True,0.1009174311926605,0.1834862385321101,-0.018348623853210996,-0.027522935779816515,True,False,False,False
YFF,48,54,109,7,7,0.110091743119266,0.2,0.1011926605504587,0.0306550055971379,0.417910447761194,False,0.1743119266055046,225,0.5,0.1080275229357798,0.0318530316461228,0.0547263681592039,False,0.0642201834862385,success,,18.494492530822757,0.1009174311926605,0.1376146788990825,False,False,0.1192660550458715,0.146788990825688,False,False,0.1192660550458715,0.146788990825688,-0.009174311926605491,0.0275229357798166,True,True,False,False
YFF,49,50,109,7,7,0.1651376146788991,0.2,0.1112844036697247,0.0323650775324317,0.0746268656716417,False,0.1651376146788991,900,0.2,0.1112844036697247,0.0323650775324317,0.0746268656716417,False,0.0,success,,18.18841862678528,0.1009174311926605,0.1559633027522936,False,False,0.110091743119266,0.110091743119266,False,False,0.110091743119266,0.1559633027522936,0.055045871559633086,0.009174311926605505,True,True,False,False
YFF,49,51,109,7,7,0.1834862385321101,0.5,0.110091743119266,0.0347435305483799,0.044776119402985,True,0.2018348623853211,90,0.2,0.1111926605504587,0.0333593278667355,0.0149253731343283,True,0.018348623853211,success,,22.76602339744568,0.1009174311926605,0.1559633027522936,False,False,0.1743119266055046,0.2293577981651376,False,True,0.1743119266055046,0.2293577981651376,0.009174311926605505,-0.027522935779816488,True,False,True,False
YFF,49,52,109,7,7,0.128440366972477,0.8,0.1096330275229357,0.0351158743782791,0.3383084577114428,False,0.146788990825688,60,0.8,0.1159174311926605,0.0353730174008416,0.2437810945273631,False,0.018348623853211,success,,25.43674325942993,0.1009174311926605,0.1559633027522936,False,False,0.1009174311926605,0.1559633027522936,False,False,0.1009174311926605,0.1559633027522936,0.027522935779816488,-0.009174311926605588,True,True,False,False
YFF,49,53,109,7,7,0.091743119266055,0.5,0.1114678899082568,0.0321873843346231,0.7611940298507462,False,0.146788990825688,60,0.8,0.1194036697247706,0.0362155175347738,0.2786069651741293,False,0.055045871559633,success,,24.96717119216919,0.1009174311926605,0.1559633027522936,False,False,0.0825688073394495,0.1834862385321101,False,True,0.1009174311926605,0.1834862385321101,-0.009174311926605505,-0.036697247706422104,True,False,False,False
YFF,49,54,109,7,7,0.128440366972477,0.5,0.1115596330275229,0.0335222324824596,0.3432835820895522,False,0.146788990825688,100,0.2,0.113440366972477,0.036560733358049,0.2338308457711442,False,0.018348623853211,success,,22.241355895996094,0.1009174311926605,0.1559633027522936,False,False,0.1192660550458715,0.146788990825688,False,False,0.1192660550458715,0.1559633027522936,0.009174311926605491,-0.009174311926605588,True,True,False,False
YFF,50,51,109,7,7,0.1651376146788991,0.2,0.1071100917431192,0.0322161161132998,0.0746268656716417,False,0.2293577981651376,90,0.2,0.1110550458715596,0.0345285793549526,0.0049751243781094,True,0.0642201834862385,success,,22.66155433654785,0.110091743119266,0.110091743119266,False,False,0.1743119266055046,0.2293577981651376,False,True,0.1743119266055046,0.2293577981651376,-0.009174311926605505,0.0,True,False,False,False
YFF,50,52,109,7,7,0.1651376146788991,0.2,0.0999082568807339,0.0328254644170342,0.0646766169154228,False,0.1926605504587156,450,0.2,0.1015137614678899,0.0341303822994566,0.0199004975124378,True,0.0275229357798165,success,,17.35532307624817,0.110091743119266,0.110091743119266,False,False,0.1009174311926605,0.1559633027522936,False,False,0.110091743119266,0.1559633027522936,0.055045871559633086,0.03669724770642202,True,True,False,True
YFF,50,53,109,7,7,0.110091743119266,0.2,0.1071100917431192,0.0341286473299386,0.4875621890547263,False,0.2018348623853211,60,0.2,0.1161009174311926,0.0359943459195742,0.0248756218905472,True,0.091743119266055,success,,40.841657876968384,0.110091743119266,0.110091743119266,False,False,0.0825688073394495,0.1834862385321101,False,True,0.110091743119266,0.1834862385321101,0.0,0.01834862385321101,True,False,False,False
YFF,50,54,109,7,7,0.146788990825688,0.5,0.1022477064220183,0.0328461704583821,0.1044776119402985,False,0.146788990825688,900,0.5,0.1022477064220183,0.0328461704583821,0.1044776119402985,False,0.0,success,,38.136244773864746,0.110091743119266,0.110091743119266,False,False,0.1192660550458715,0.146788990825688,False,False,0.1192660550458715,0.146788990825688,0.0275229357798165,0.0,True,True,False,False
YFF,51,52,109,7,7,0.128440366972477,0.8,0.1046788990825688,0.0367224799151857,0.2885572139303483,False,0.2018348623853211,90,0.2,0.111788990825688,0.0344265134001452,0.0199004975124378,True,0.073394495412844,success,,49.16067719459534,0.1743119266055046,0.2293577981651376,False,True,0.1009174311926605,0.1559633027522936,False,False,0.1743119266055046,0.2293577981651376,-0.04587155963302761,-0.027522935779816488,True,False,False,False
YFF,51,53,109,7,7,0.110091743119266,0.5,0.108348623853211,0.0338980096961482,0.5572139303482587,False,0.2110091743119266,90,0.5,0.1151834862385321,0.0327210267447962,0.0099502487562189,True,0.1009174311926605,success,,49.41739845275879,0.1743119266055046,0.2293577981651376,False,True,0.0825688073394495,0.1834862385321101,False,True,0.1743119266055046,0.2293577981651376,-0.06422018348623859,-0.01834862385321101,True,False,False,False
YFF,51,54,109,7,7,0.1559633027522936,0.5,0.1101834862385321,0.0349497484692997,0.1194029850746268,False,0.1926605504587156,90,0.2,0.1118348623853211,0.0346751692489216,0.0298507462686567,True,0.036697247706422,success,,48.36967897415161,0.1743119266055046,0.2293577981651376,False,True,0.1192660550458715,0.146788990825688,False,False,0.1743119266055046,0.2293577981651376,-0.01834862385321101,-0.03669724770642199,True,False,False,False
YFF,52,53,109,7,7,0.1009174311926605,0.2,0.105,0.031776722680033,0.582089552238806,False,0.1926605504587156,75,0.2,0.1163302752293578,0.0350918975457946,0.0199004975124378,True,0.091743119266055,success,,52.61276602745056,0.1009174311926605,0.1559633027522936,False,False,0.0825688073394495,0.1834862385321101,False,True,0.1009174311926605,0.1834862385321101,0.0,0.009174311926605505,True,False,False,False
YFF,52,54,109,7,7,0.128440366972477,0.5,0.0988532110091743,0.0316398652398103,0.2039800995024875,False,0.1651376146788991,100,0.8,0.1055963302752293,0.0332377707046255,0.0497512437810945,True,0.036697247706422,success,,27.45401620864868,0.1009174311926605,0.1559633027522936,False,False,0.1192660550458715,0.146788990825688,False,False,0.1192660550458715,0.1559633027522936,0.009174311926605491,0.009174311926605505,True,True,False,True
YFF,53,54,109,7,7,0.1192660550458715,0.2,0.1085321100917431,0.0343900361780494,0.4228855721393035,False,0.1651376146788991,60,0.2,0.1169724770642201,0.0376389027967325,0.1293532338308457,False,0.0458715596330275,success,,16.563189268112183,0.0825688073394495,0.1834862385321101,False,True,0.1192660550458715,0.146788990825688,False,False,0.1192660550458715,0.1834862385321101,0.0,-0.01834862385321101,True,False,False,False
