subject,neuron_1,neuron_2,n_presentations,min_class_count,n_splits,FR_accuracy,FR_best_gamma,FR_null_mean,FR_null_sd,FR_p,FR_coding,TC_accuracy,TC_best_bin_ms,TC_best_gamma,TC_null_mean,TC_null_sd,TC_p,TC_coding,TC_minus_FR
YFP,30,31,158,9,9,0.12025316455696203,0.2,0.10477848101265823,0.028817025033300872,0.34328358208955223,False,0.18354430379746836,300,0.2,0.10794303797468356,0.030615494740998537,0.024875621890547265,True,0.06329113924050633
YFP,30,32,158,9,9,0.12658227848101267,0.2,0.10696202531645568,0.029200773158472304,0.27860696517412936,False,0.1518987341772152,90,0.5,0.11177215189873418,0.02843549571937924,0.09950248756218906,False,0.025316455696202528
YFP,30,33,158,9,9,0.0949367088607595,0.2,0.10034810126582279,0.030352684313099305,0.6119402985074627,False,0.16455696202531644,180,0.5,0.10683544303797468,0.02650173627865653,0.03482587064676617,True,0.06962025316455694
YFP,30,34,158,9,9,0.10126582278481013,0.2,0.10389240506329113,0.028869924875183785,0.5422885572139303,False,0.17721518987341772,300,0.8,0.10838607594936707,0.030356265308690605,0.029850746268656716,True,0.0759493670886076
YFP,30,35,158,9,9,0.08227848101265822,0.2,0.1074367088607595,0.025343773029778596,0.8656716417910447,False,0.17721518987341772,300,0.8,0.10591772151898735,0.02976390014084267,0.029850746268656716,True,0.0949367088607595
YFP,30,36,158,9,9,0.10126582278481013,0.5,0.10316455696202531,0.028679102489225887,0.5323383084577115,False,0.20253164556962025,300,0.8,0.10943037974683545,0.030114277535415134,0.009950248756218905,True,0.10126582278481013
YFP,30,37,158,9,9,0.10759493670886076,0.2,0.10420886075949368,0.029096339788907414,0.472636815920398,False,0.17721518987341772,90,0.2,0.11183544303797469,0.031220412251074487,0.04477611940298507,True,0.06962025316455696
YFP,30,38,158,9,9,0.08227848101265822,0.2,0.10313291139240505,0.029995110148616784,0.7711442786069652,False,0.17088607594936708,90,0.8,0.11060126582278482,0.02691159325495349,0.029850746268656716,True,0.08860759493670886
YFP,30,39,158,9,9,0.08860759493670886,0.2,0.10689873417721518,0.028501607520374634,0.7562189054726368,False,0.17721518987341772,300,0.8,0.10566455696202531,0.028645374533619063,0.024875621890547265,True,0.08860759493670886
YFP,30,40,158,9,9,0.08227848101265822,0.2,0.10487341772151898,0.028996771897128567,0.8407960199004975,False,0.17721518987341772,300,0.8,0.10680379746835442,0.030679467770624188,0.029850746268656716,True,0.0949367088607595
YFP,30,41,158,9,9,0.10759493670886076,0.2,0.10430379746835444,0.02814032680605848,0.4527363184079602,False,0.17721518987341772,300,0.8,0.1064240506329114,0.02867262685063757,0.03482587064676617,True,0.06962025316455696
YFP,30,42,158,9,9,0.08860759493670886,0.2,0.10591772151898735,0.028229725650758417,0.7611940298507462,False,0.17721518987341772,300,0.8,0.10604430379746838,0.02875268867076918,0.024875621890547265,True,0.08860759493670886
YFP,30,43,158,9,9,0.11392405063291139,0.2,0.10246835443037976,0.02901675789986129,0.373134328358209,False,0.17721518987341772,90,0.8,0.11018987341772152,0.027211010576984124,0.024875621890547265,True,0.06329113924050633
YFP,30,44,158,9,9,0.08860759493670886,0.8,0.10544303797468356,0.028871057880478328,0.7661691542288557,False,0.17721518987341772,300,0.8,0.1064240506329114,0.029208199936661693,0.024875621890547265,True,0.08860759493670886
YFP,30,45,158,9,9,0.0949367088607595,0.2,0.10474683544303798,0.02835262143584055,0.681592039800995,False,0.16455696202531644,180,0.5,0.10639240506329113,0.026485248837076678,0.03482587064676617,True,0.06962025316455694
YFP,30,46,158,9,9,0.10126582278481013,0.2,0.10158227848101266,0.02636611275501118,0.5671641791044776,False,0.18354430379746836,225,0.8,0.10721518987341774,0.028280752458394714,0.014925373134328358,True,0.08227848101265824
YFP,30,47,158,9,9,0.06962025316455696,0.2,0.10544303797468356,0.028975452193726613,0.9104477611940298,False,0.17721518987341772,300,0.8,0.1064240506329114,0.029111555894979768,0.009950248756218905,True,0.10759493670886076
YFP,30,74,158,9,9,0.0949367088607595,0.2,0.10636075949367088,0.028655913296222336,0.6766169154228856,False,0.17721518987341772,300,0.2,0.10718354430379745,0.026740057014896505,0.009950248756218905,True,0.08227848101265822
YFP,30,75,158,9,9,0.13291139240506328,0.2,0.1024367088607595,0.029713811388401595,0.17412935323383086,False,0.18354430379746836,300,0.2,0.10598101265822786,0.028254814215298723,0.01990049751243781,True,0.05063291139240508
YFP,30,76,158,9,9,0.0949367088607595,0.2,0.10452531645569621,0.028580510919226237,0.6616915422885572,False,0.17088607594936708,300,0.8,0.10579113924050632,0.029992291428302866,0.03482587064676617,True,0.07594936708860758
YFP,30,77,158,9,9,0.11392405063291139,0.5,0.10322784810126581,0.02837135843244123,0.39303482587064675,False,0.17088607594936708,90,0.8,0.10993670886075949,0.027593877508064045,0.03980099502487562,True,0.056962025316455694
YFP,30,78,158,9,9,0.06962025316455696,0.2,0.10481012658227847,0.02807357932303109,0.9353233830845771,False,0.16455696202531644,300,0.2,0.1075632911392405,0.02739023635689841,0.03482587064676617,True,0.09493670886075949
YFP,30,79,158,9,9,0.08860759493670886,0.2,0.10677215189873417,0.029681496600602486,0.7512437810945274,False,0.17088607594936708,300,0.8,0.10632911392405063,0.03056813501504328,0.03980099502487562,True,0.08227848101265822
YFP,30,80,158,9,9,0.0949367088607595,0.2,0.10585443037974684,0.030129965001431117,0.681592039800995,False,0.18354430379746836,90,0.5,0.11060126582278482,0.028054195000522267,0.014925373134328358,True,0.08860759493670886
YFP,30,81,158,9,9,0.08860759493670886,0.2,0.10088607594936709,0.029438594786701466,0.6915422885572139,False,0.17721518987341772,90,0.5,0.11196202531645567,0.02905835125564362,0.024875621890547265,True,0.08860759493670886
YFP,30,82,158,9,9,0.0949367088607595,0.5,0.10734177215189873,0.029494611358819155,0.7014925373134329,False,0.15822784810126583,90,0.2,0.11395569620253167,0.028315305745604865,0.0845771144278607,False,0.06329113924050633
YFP,30,83,158,9,9,0.08860759493670886,0.2,0.10674050632911392,0.028059504157489732,0.7910447761194029,False,0.17088607594936708,225,0.5,0.10784810126582277,0.02988782873379636,0.03980099502487562,True,0.08227848101265822
YFP,30,84,158,9,9,0.11392405063291139,0.2,0.10664556962025315,0.028522505096728372,0.43283582089552236,False,0.1962025316455696,300,0.2,0.1100632911392405,0.029033402392589877,0.009950248756218905,True,0.08227848101265822
YFP,30,85,158,9,9,0.0949367088607595,0.8,0.10370253164556961,0.030088113582735335,0.6517412935323383,False,0.15822784810126583,100,0.8,0.1138607594936709,0.03031016085404863,0.08955223880597014,False,0.06329113924050633
YFP,30,86,158,9,9,0.13291139240506328,0.2,0.10816455696202532,0.030251662118607706,0.24378109452736318,False,0.17088607594936708,180,0.8,0.10537974683544304,0.02869138288235175,0.029850746268656716,True,0.037974683544303806
YFP,30,87,158,9,9,0.13291139240506328,0.2,0.10183544303797469,0.028277549296433172,0.17412935323383086,False,0.16455696202531644,300,0.8,0.10664556962025315,0.028719432634017023,0.04477611940298507,True,0.03164556962025317
YFP,30,88,158,9,9,0.0759493670886076,0.2,0.10468354430379748,0.03072472324760632,0.8606965174129353,False,0.13924050632911392,60,0.8,0.11620253164556962,0.027350098975414218,0.24378109452736318,False,0.06329113924050632
YFP,30,89,158,9,9,0.12025316455696203,0.5,0.1055379746835443,0.02941326697864219,0.38308457711442784,False,0.15822784810126583,75,0.2,0.11465189873417721,0.028077433073787537,0.07462686567164178,False,0.037974683544303806
YFP,30,90,158,9,9,0.0759493670886076,0.2,0.1044620253164557,0.03110341193093189,0.8656716417910447,False,0.17088607594936708,90,0.8,0.11427215189873419,0.031026950774233966,0.05472636815920398,False,0.09493670886075949
YFP,30,91,158,9,9,0.11392405063291139,0.5,0.10465189873417721,0.029364910871878605,0.39303482587064675,False,0.16455696202531644,90,0.5,0.11237341772151897,0.027914360315314263,0.04975124378109453,True,0.050632911392405056
YFP,30,92,158,9,9,0.08860759493670886,0.5,0.10515822784810126,0.028550209602593375,0.7512437810945274,False,0.17088607594936708,90,0.2,0.11145569620253166,0.029123394747590514,0.04975124378109453,True,0.08227848101265822
YFP,30,93,158,9,9,0.12658227848101267,0.8,0.10145569620253164,0.028147121576501045,0.22885572139303484,False,0.16455696202531644,300,0.2,0.10895569620253165,0.02928253597554298,0.05472636815920398,False,0.03797468354430378
YFP,30,94,158,9,9,0.13291139240506328,0.2,0.10607594936708863,0.03108556083502712,0.22388059701492538,False,0.1518987341772152,450,0.2,0.10819620253164558,0.031133167952058647,0.10945273631840796,False,0.018987341772151917
YFP,30,95,158,9,9,0.11392405063291139,0.2,0.10376582278481013,0.027385826513345167,0.39800995024875624,False,0.12025316455696203,300,0.2,0.1104746835443038,0.027517082891772772,0.40298507462686567,False,0.006329113924050639
YFP,30,96,158,9,9,0.13291139240506328,0.8,0.10493670886075948,0.0289679483717615,0.22885572139303484,False,0.17088607594936708,300,0.2,0.10933544303797468,0.027393469790987675,0.03980099502487562,True,0.037974683544303806
YFP,30,97,158,9,9,0.10126582278481013,0.8,0.10471518987341773,0.030421577518560998,0.5920398009950248,False,0.15822784810126583,300,0.2,0.11094936708860759,0.028860388437705456,0.08955223880597014,False,0.05696202531645571
YFP,30,98,158,9,9,0.13291139240506328,0.2,0.1045253164556962,0.02920061805480351,0.18407960199004975,False,0.20253164556962025,150,0.5,0.11212025316455698,0.02698211072245567,0.009950248756218905,True,0.06962025316455697
YFP,31,32,158,9,9,0.10126582278481013,0.2,0.10588607594936708,0.02808125045418419,0.5920398009950248,False,0.12658227848101267,300,0.8,0.10905063291139239,0.02915047638649762,0.3383084577114428,False,0.02531645569620254
YFP,31,33,158,9,9,0.13291139240506328,0.5,0.10686708860759492,0.028834343315274808,0.19900497512437812,False,0.14556962025316456,450,0.5,0.10487341772151898,0.027360915937535212,0.11442786069651742,False,0.012658227848101278
YFP,31,34,158,9,9,0.0759493670886076,0.2,0.10746835443037975,0.030116750649737036,0.8855721393034826,False,0.1518987341772152,300,0.5,0.10670886075949367,0.03327973237705832,0.11442786069651742,False,0.0759493670886076
YFP,31,35,158,9,9,0.10759493670886076,0.2,0.10794303797468356,0.028106238790111066,0.4925373134328358,False,0.15822784810126583,450,0.2,0.11009493670886077,0.02871345682833729,0.07462686567164178,False,0.05063291139240507
YFP,31,36,158,9,9,0.11392405063291139,0.5,0.10522151898734178,0.029831184116595348,0.417910447761194,False,0.1962025316455696,150,0.2,0.11031645569620252,0.030485775895514575,0.009950248756218905,True,0.08227848101265822
YFP,31,37,158,9,9,0.13924050632911392,0.2,0.10522151898734176,0.02856966251364423,0.13930348258706468,False,0.14556962025316456,450,0.8,0.10693037974683545,0.02852707440091157,0.11940298507462686,False,0.006329113924050639
YFP,31,38,158,9,9,0.0949367088607595,0.2,0.10408227848101266,0.03234515502513472,0.6169154228855721,False,0.15822784810126583,75,0.5,0.11262658227848102,0.03053056026475969,0.08955223880597014,False,0.06329113924050633
YFP,31,39,158,9,9,0.12658227848101267,0.2,0.10487341772151898,0.02859130240547194,0.263681592039801,False,0.17088607594936708,300,0.2,0.10420886075949368,0.03171151134883675,0.03482587064676617,True,0.04430379746835442
YFP,31,40,158,9,9,0.0949367088607595,0.2,0.10329113924050634,0.029954565545734738,0.6318407960199005,False,0.14556962025316456,150,0.8,0.1124367088607595,0.031990219775813386,0.18407960199004975,False,0.050632911392405056
YFP,31,41,158,9,9,0.08860759493670886,0.2,0.10253164556962027,0.029618290457150243,0.7164179104477612,False,0.14556962025316456,450,0.2,0.10332278481012658,0.028978908161734707,0.1044776119402985,False,0.056962025316455694
YFP,31,42,158,9,9,0.10126582278481013,0.2,0.10452531645569621,0.029296968302129658,0.5621890547263682,False,0.14556962025316456,300,0.2,0.10268987341772152,0.03144096120960662,0.10945273631840796,False,0.04430379746835443
YFP,31,43,158,9,9,0.11392405063291139,0.2,0.10414556962025316,0.029233825913141605,0.3880597014925373,False,0.17088607594936708,300,0.5,0.10610759493670888,0.030310077839326936,0.01990049751243781,True,0.056962025316455694
YFP,31,44,158,9,9,0.10759493670886076,0.2,0.10661392405063293,0.029666488005228364,0.48756218905472637,False,0.14556962025316456,450,0.8,0.10626582278481013,0.0286059427389236,0.1044776119402985,False,0.03797468354430379
YFP,31,45,158,9,9,0.08227848101265822,0.8,0.10693037974683545,0.03080688461689198,0.8208955223880597,False,0.13291139240506328,300,0.2,0.1089873417721519,0.03284208327338166,0.23383084577114427,False,0.050632911392405056
YFP,31,46,158,9,9,0.11392405063291139,0.2,0.10484177215189874,0.028626957521695057,0.4079601990049751,False,0.17721518987341772,450,0.8,0.10905063291139241,0.03097833571017782,0.024875621890547265,True,0.06329113924050633
YFP,31,47,158,9,9,0.06962025316455696,0.5,0.1081012658227848,0.03259722933794053,0.9104477611940298,False,0.13924050632911392,300,0.2,0.10943037974683545,0.030729636525293473,0.19402985074626866,False,0.06962025316455696
YFP,31,74,158,9,9,0.06962025316455696,0.8,0.10841772151898735,0.030557004132776212,0.9154228855721394,False,0.13291139240506328,300,0.2,0.10512658227848101,0.02777188279056769,0.18407960199004975,False,0.06329113924050632
YFP,31,75,158,9,9,0.06962025316455696,0.2,0.10496835443037973,0.03147193315188839,0.8756218905472637,False,0.12025316455696203,150,0.2,0.10984177215189873,0.02907571618324381,0.4129353233830846,False,0.05063291139240507
YFP,31,76,158,9,9,0.10759493670886076,0.2,0.10496835443037973,0.02860374364792958,0.5024875621890548,False,0.12025316455696203,300,0.2,0.10582278481012658,0.029119039992123303,0.35323383084577115,False,0.012658227848101264
YFP,31,77,158,9,9,0.08860759493670886,0.2,0.10484177215189874,0.025754569739947598,0.736318407960199,False,0.13924050632911392,90,0.2,0.11297468354430379,0.030822252225540706,0.21890547263681592,False,0.050632911392405056
YFP,31,78,158,9,9,0.06962025316455696,0.2,0.10674050632911392,0.027800045710411475,0.9303482587064676,False,0.13291139240506328,300,0.2,0.10648734177215191,0.028912843432299832,0.22388059701492538,False,0.06329113924050632
YFP,31,79,158,9,9,0.08860759493670886,0.8,0.10936708860759493,0.028869105597500944,0.7661691542288557,False,0.14556962025316456,75,0.2,0.11208860759493672,0.032163499057040086,0.14925373134328357,False,0.056962025316455694
YFP,31,80,158,9,9,0.11392405063291139,0.2,0.10496835443037973,0.030065358366684534,0.373134328358209,False,0.14556962025316456,300,0.8,0.10531645569620253,0.031820267112622584,0.13432835820895522,False,0.03164556962025317
YFP,31,81,158,9,9,0.06962025316455696,0.2,0.10300632911392406,0.030190033107025047,0.8955223880597015,False,0.12025316455696203,60,0.8,0.11626582278481014,0.031783998484802414,0.47761194029850745,False,0.05063291139240507
YFP,31,82,158,9,9,0.0949367088607595,0.8,0.10319620253164556,0.03168814323431901,0.6268656716417911,False,0.16455696202531644,90,0.8,0.11205696202531647,0.029157985011742462,0.05970149253731343,False,0.06962025316455694
YFP,31,83,158,9,9,0.10126582278481013,0.2,0.10471518987341773,0.029419151951871114,0.5472636815920398,False,0.14556962025316456,300,0.2,0.10300632911392406,0.03111596467920498,0.1044776119402985,False,0.04430379746835443
YFP,31,84,158,9,9,0.11392405063291139,0.5,0.1075,0.027631548248619433,0.4427860696517413,False,0.15822784810126583,300,0.2,0.11234177215189874,0.03022210386980487,0.1044776119402985,False,0.044303797468354444
YFP,31,85,158,9,9,0.0759493670886076,0.2,0.10481012658227847,0.029376990230447413,0.8656716417910447,False,0.14556962025316456,100,0.5,0.1118987341772152,0.02919911867686195,0.14427860696517414,False,0.06962025316455696
YFP,31,86,158,9,9,0.13291139240506328,0.2,0.10582278481012658,0.029741455243488858,0.1890547263681592,False,0.17088607594936708,180,0.5,0.10683544303797468,0.030013643349210632,0.024875621890547265,True,0.037974683544303806
YFP,31,87,158,9,9,0.10759493670886076,0.2,0.10376582278481013,0.030309546539723998,0.4577114427860697,False,0.1518987341772152,225,0.5,0.1053481012658228,0.03008958538629404,0.07960199004975124,False,0.04430379746835443
YFP,31,88,158,9,9,0.10759493670886076,0.5,0.10180379746835445,0.028146173983270666,0.42786069651741293,False,0.13291139240506328,100,0.2,0.11113924050632912,0.02823088434952511,0.24875621890547264,False,0.025316455696202514
YFP,31,89,158,9,9,0.10126582278481013,0.2,0.10430379746835444,0.03176911194383654,0.572139303482587,False,0.15822784810126583,75,0.2,0.1130379746835443,0.02858799321471804,0.0945273631840796,False,0.05696202531645571
YFP,31,90,158,9,9,0.0759493670886076,0.5,0.10841772151898735,0.03148493036428434,0.8905472636815921,False,0.13924050632911392,300,0.2,0.11183544303797469,0.03041040954122211,0.21393034825870647,False,0.06329113924050632
YFP,31,91,158,9,9,0.13291139240506328,0.8,0.10591772151898735,0.029190275951302965,0.21393034825870647,False,0.17721518987341772,75,0.8,0.11202531645569619,0.032097153235559,0.029850746268656716,True,0.044303797468354444
YFP,31,92,158,9,9,0.08227848101265822,0.8,0.10740506329113923,0.032414859115890364,0.7960199004975125,False,0.13291139240506328,300,0.8,0.10765822784810127,0.030422851234727755,0.20398009950248755,False,0.050632911392405056
YFP,31,93,158,9,9,0.10126582278481013,0.2,0.10677215189873418,0.031047137308221135,0.6019900497512438,False,0.1518987341772152,300,0.2,0.10933544303797468,0.028168764502545532,0.09950248756218906,False,0.05063291139240507
YFP,31,94,158,9,9,0.13291139240506328,0.8,0.10518987341772153,0.0289136962802869,0.17412935323383086,False,0.1518987341772152,300,0.8,0.10727848101265822,0.03075032918002631,0.08955223880597014,False,0.018987341772151917
YFP,31,95,158,9,9,0.08860759493670886,0.8,0.10506329113924051,0.03050881135478914,0.7263681592039801,False,0.10759493670886076,75,0.8,0.1110759493670886,0.029254148831301573,0.572139303482587,False,0.018987341772151903
YFP,31,96,158,9,9,0.12658227848101267,0.2,0.10699367088607595,0.030334109408848155,0.26865671641791045,False,0.12658227848101267,300,0.2,0.10879746835443037,0.02877992679829144,0.3283582089552239,False,0.0
YFP,31,97,158,9,9,0.13924050632911392,0.2,0.10689873417721518,0.027851498367375164,0.14427860696517414,False,0.13924050632911392,900,0.2,0.10689873417721518,0.027851498367375164,0.14427860696517414,False,0.0
YFP,31,98,158,9,9,0.14556962025316456,0.8,0.10414556962025316,0.030288951502604713,0.11940298507462686,False,0.14556962025316456,90,0.8,0.11287974683544305,0.02861429774336201,0.1791044776119403,False,0.0
YFP,32,33,158,9,9,0.14556962025316456,0.2,0.1025,0.027879725265350618,0.08955223880597014,False,0.15822784810126583,300,0.8,0.10854430379746834,0.027923390831202037,0.04975124378109453,True,0.012658227848101278
YFP,32,34,158,9,9,0.13291139240506328,0.2,0.10490506329113923,0.02973656484674613,0.21393034825870647,False,0.14556962025316456,300,0.2,0.10962025316455694,0.02989402430282538,0.15422885572139303,False,0.012658227848101278
YFP,32,35,158,9,9,0.13924050632911392,0.8,0.10420886075949369,0.02682123447529738,0.14925373134328357,False,0.14556962025316456,150,0.8,0.10863924050632912,0.026586802677933653,0.13930348258706468,False,0.006329113924050639
YFP,32,36,158,9,9,0.13291139240506328,0.2,0.10775316455696203,0.028215175476449528,0.21393034825870647,False,0.16455696202531644,300,0.8,0.1099367088607595,0.0319671341112775,0.07462686567164178,False,0.03164556962025317
YFP,32,37,158,9,9,0.13924050632911392,0.2,0.1055379746835443,0.028218742389706276,0.1791044776119403,False,0.14556962025316456,450,0.5,0.10977848101265825,0.03014105323344707,0.1691542288557214,False,0.006329113924050639
YFP,32,38,158,9,9,0.10126582278481013,0.5,0.10224683544303798,0.028119843162931372,0.5124378109452736,False,0.13924050632911392,300,0.5,0.105,0.02967389997790144,0.14925373134328357,False,0.03797468354430379
YFP,32,39,158,9,9,0.16455696202531644,0.2,0.1064240506329114,0.027150931605274136,0.024875621890547265,True,0.16455696202531644,900,0.2,0.1064240506329114,0.027150931605274136,0.024875621890547265,True,0.0
YFP,32,40,158,9,9,0.0949367088607595,0.8,0.10632911392405063,0.028190640730563248,0.6666666666666666,False,0.1518987341772152,300,0.2,0.10639240506329115,0.030517981094359152,0.12437810945273632,False,0.056962025316455694
YFP,32,41,158,9,9,0.10126582278481013,0.2,0.10563291139240509,0.030112940632294645,0.6019900497512438,False,0.12025316455696203,150,0.8,0.10914556962025315,0.030768309347431595,0.4079601990049751,False,0.018987341772151903
YFP,32,42,158,9,9,0.15822784810126583,0.2,0.10822784810126582,0.028672082760204026,0.04975124378109453,True,0.15822784810126583,900,0.2,0.10822784810126582,0.028672082760204026,0.04975124378109453,True,0.0
YFP,32,43,158,9,9,0.10126582278481013,0.2,0.10113924050632912,0.028790905725052864,0.5124378109452736,False,0.12658227848101267,100,0.5,0.11240506329113924,0.0320296016178655,0.36318407960199006,False,0.02531645569620254
YFP,32,44,158,9,9,0.11392405063291139,0.2,0.10544303797468356,0.03014667928496848,0.4129353233830846,False,0.12658227848101267,450,0.5,0.10762658227848103,0.02886448583070066,0.29850746268656714,False,0.012658227848101278
YFP,32,45,158,9,9,0.12025316455696203,0.2,0.10148734177215189,0.028512817162120015,0.2885572139303483,False,0.13291139240506328,300,0.2,0.10620253164556961,0.02819178318525483,0.20398009950248755,False,0.01265822784810125
YFP,32,46,158,9,9,0.10759493670886076,0.2,0.10693037974683545,0.02794967265877916,0.5074626865671642,False,0.14556962025316456,300,0.2,0.10914556962025315,0.026870872020077697,0.12935323383084577,False,0.03797468354430379
YFP,32,47,158,9,9,0.17721518987341772,0.2,0.10481012658227847,0.029404385967367826,0.009950248756218905,True,0.17721518987341772,900,0.2,0.10481012658227847,0.029404385967367826,0.009950248756218905,True,0.0
YFP,32,74,158,9,9,0.10759493670886076,0.2,0.10702531645569621,0.030084851943296312,0.5522388059701493,False,0.14556962025316456,300,0.5,0.1040506329113924,0.02715510161618369,0.07960199004975124,False,0.03797468354430379
YFP,32,75,158,9,9,0.12658227848101267,0.2,0.10575949367088608,0.026998611611082444,0.2835820895522388,False,0.1518987341772152,300,0.2,0.10575949367088608,0.027705119522595804,0.05472636815920398,False,0.025316455696202528
YFP,32,76,158,9,9,0.0949367088607595,0.2,0.10667721518987343,0.028653805853791084,0.7014925373134329,False,0.14556962025316456,300,0.2,0.10455696202531646,0.02753289761850241,0.1044776119402985,False,0.050632911392405056
YFP,32,77,158,9,9,0.14556962025316456,0.8,0.10414556962025316,0.026549071161404154,0.06965174129353234,False,0.14556962025316456,300,0.2,0.10541139240506331,0.027317382906665397,0.10945273631840796,False,0.0
YFP,32,78,158,9,9,0.10759493670886076,0.2,0.10585443037974684,0.027627614086902896,0.5074626865671642,False,0.14556962025316456,150,0.2,0.10712025316455698,0.028734760760489583,0.11442786069651742,False,0.03797468354430379
YFP,32,79,158,9,9,0.14556962025316456,0.2,0.10598101265822785,0.030442744061801065,0.14427860696517414,False,0.16455696202531644,100,0.2,0.11120253164556962,0.03302148457845364,0.08955223880597014,False,0.01898734177215189
YFP,32,80,158,9,9,0.17088607594936708,0.2,0.10806962025316455,0.027275643910221692,0.014925373134328358,True,0.17088607594936708,900,0.2,0.10806962025316455,0.027275643910221692,0.014925373134328358,True,0.0
YFP,32,81,158,9,9,0.12658227848101267,0.2,0.10221518987341772,0.02847306039989659,0.21393034825870647,False,0.13291139240506328,300,0.2,0.1060759493670886,0.030364901064871847,0.24378109452736318,False,0.006329113924050611
YFP,32,82,158,9,9,0.12658227848101267,0.8,0.10781645569620252,0.02995199503276947,0.31840796019900497,False,0.13291139240506328,90,0.8,0.11367088607594936,0.030659137640296773,0.3333333333333333,False,0.006329113924050611
YFP,32,83,158,9,9,0.15822784810126583,0.2,0.10800632911392405,0.028347846490648077,0.04477611940298507,True,0.15822784810126583,900,0.2,0.10800632911392405,0.028347846490648077,0.04477611940298507,True,0.0
YFP,32,84,158,9,9,0.13291139240506328,0.8,0.10522151898734178,0.03117090423846522,0.21890547263681592,False,0.13291139240506328,150,0.2,0.11392405063291139,0.026769568684798364,0.2537313432835821,False,0.0
YFP,32,85,158,9,9,0.11392405063291139,0.2,0.10344936708860761,0.027383621325258987,0.4079601990049751,False,0.20253164556962025,300,0.5,0.10905063291139241,0.02928138451936481,0.009950248756218905,True,0.08860759493670886
YFP,32,86,158,9,9,0.13924050632911392,0.8,0.1078481012658228,0.031276648636041106,0.208955223880597,False,0.17088607594936708,150,0.8,0.10737341772151901,0.0272567445026292,0.014925373134328358,True,0.03164556962025317
YFP,32,87,158,9,9,0.13924050632911392,0.5,0.10063291139240504,0.027845788108474677,0.12935323383084577,False,0.14556962025316456,450,0.2,0.1060759493670886,0.026331658168529108,0.0845771144278607,False,0.006329113924050639
YFP,32,88,158,9,9,0.10126582278481013,0.2,0.10189873417721518,0.029427378676619695,0.5024875621890548,False,0.11392405063291139,90,0.2,0.11237341772151899,0.029458127287908586,0.5174129353233831,False,0.012658227848101264
YFP,32,89,158,9,9,0.13291139240506328,0.2,0.10620253164556964,0.027600077486171055,0.208955223880597,False,0.13291139240506328,75,0.2,0.11360759493670886,0.02931601152714583,0.3034825870646766,False,0.0
YFP,32,90,158,9,9,0.08227848101265822,0.5,0.1074367088607595,0.028696205884665944,0.8407960199004975,False,0.12025316455696203,225,0.8,0.11177215189873417,0.029756882644151213,0.3880597014925373,False,0.037974683544303806
YFP,32,91,158,9,9,0.14556962025316456,0.5,0.10471518987341773,0.027126603041247224,0.08955223880597014,False,0.17721518987341772,75,0.5,0.11278481012658227,0.031881696500903445,0.03482587064676617,True,0.03164556962025317
YFP,32,92,158,9,9,0.12658227848101267,0.5,0.10645569620253165,0.029295473855511216,0.2885572139303483,False,0.12658227848101267,900,0.5,0.10645569620253165,0.029295473855511216,0.2885572139303483,False,0.0
YFP,32,93,158,9,9,0.15822784810126583,0.8,0.10588607594936708,0.03139144834604865,0.05472636815920398,False,0.16455696202531644,450,0.2,0.10531645569620253,0.028735478792165172,0.03482587064676617,True,0.006329113924050611
YFP,32,94,158,9,9,0.13924050632911392,0.8,0.10496835443037973,0.029599781737866523,0.16417910447761194,False,0.1518987341772152,300,0.8,0.10708860759493671,0.030511186515813225,0.08955223880597014,False,0.012658227848101278
YFP,32,95,158,9,9,0.13291139240506328,0.2,0.10556962025316455,0.03150697977882402,0.22388059701492538,False,0.13291139240506328,900,0.2,0.10556962025316455,0.03150697977882402,0.22388059701492538,False,0.0
YFP,32,96,158,9,9,0.13291139240506328,0.2,0.10800632911392405,0.0324593384675016,0.25870646766169153,False,0.14556962025316456,225,0.5,0.11037974683544302,0.030020885797316377,0.18407960199004975,False,0.012658227848101278
YFP,32,97,158,9,9,0.14556962025316456,0.2,0.10544303797468356,0.029355055232536943,0.09950248756218906,False,0.14556962025316456,100,0.8,0.1099367088607595,0.026194231944403807,0.0845771144278607,False,0.0
YFP,32,98,158,9,9,0.15822784810126583,0.2,0.10613924050632911,0.028401992309513083,0.04975124378109453,True,0.15822784810126583,900,0.2,0.10613924050632911,0.028401992309513083,0.04975124378109453,True,0.0
YFP,33,34,158,9,9,0.0949367088607595,0.5,0.10221518987341771,0.029799537013293447,0.6417910447761194,False,0.13291139240506328,150,0.2,0.11091772151898734,0.029013618649591497,0.23880597014925373,False,0.03797468354430378
YFP,33,35,158,9,9,0.12025316455696203,0.8,0.10386075949367089,0.029896919617631412,0.31343283582089554,False,0.13924050632911392,150,0.5,0.11094936708860759,0.028431743601539498,0.19900497512437812,False,0.01898734177215189
YFP,33,36,158,9,9,0.11392405063291139,0.2,0.10693037974683545,0.03140226742634366,0.4527363184079602,False,0.17088607594936708,180,0.5,0.10825949367088608,0.03194878903112776,0.04477611940298507,True,0.056962025316455694
YFP,33,37,158,9,9,0.12658227848101267,0.8,0.10287974683544303,0.030568118552234545,0.24378109452736318,False,0.1518987341772152,60,0.2,0.11392405063291139,0.030056803976368035,0.12935323383084577,False,0.025316455696202528
YFP,33,38,158,9,9,0.10126582278481013,0.8,0.09987341772151899,0.029687260597168284,0.5074626865671642,False,0.16455696202531644,75,0.5,0.11218354430379747,0.026175993637401446,0.03482587064676617,True,0.06329113924050632
YFP,33,39,158,9,9,0.12025316455696203,0.2,0.10234177215189874,0.02767982361447669,0.32338308457711445,False,0.16455696202531644,75,0.2,0.10816455696202532,0.029496999942886067,0.04975124378109453,True,0.04430379746835442
YFP,33,40,158,9,9,0.10759493670886076,0.2,0.10082278481012658,0.03045274344051565,0.43781094527363185,False,0.14556962025316456,75,0.2,0.1105379746835443,0.027823206659108788,0.13930348258706468,False,0.03797468354430379
YFP,33,41,158,9,9,0.08227848101265822,0.8,0.10123417721518986,0.02859121440003732,0.7761194029850746,False,0.14556962025316456,75,0.2,0.11098101265822784,0.032027323350603175,0.1691542288557214,False,0.06329113924050633
YFP,33,42,158,9,9,0.0949367088607595,0.2,0.10006329113924052,0.02755796317246136,0.5522388059701493,False,0.12658227848101267,75,0.2,0.10737341772151898,0.029552820668263688,0.2736318407960199,False,0.03164556962025317
YFP,33,43,158,9,9,0.10759493670886076,0.8,0.09984177215189874,0.02718323708598815,0.42786069651741293,False,0.13924050632911392,100,0.8,0.11041139240506329,0.03034804165288085,0.22388059701492538,False,0.03164556962025315
YFP,33,44,158,9,9,0.12658227848101267,0.2,0.10056962025316456,0.028494544064889722,0.21890547263681592,False,0.12658227848101267,900,0.2,0.10056962025316456,0.028494544064889722,0.21890547263681592,False,0.0
YFP,33,45,158,9,9,0.12025316455696203,0.8,0.09936708860759494,0.028481896105431195,0.2537313432835821,False,0.13291139240506328,75,0.5,0.11060126582278482,0.02939272877802062,0.2736318407960199,False,0.01265822784810125
YFP,33,46,158,9,9,0.10759493670886076,0.2,0.10123417721518986,0.02770444744452977,0.44776119402985076,False,0.17721518987341772,75,0.5,0.11215189873417723,0.030602095378589832,0.03980099502487562,True,0.06962025316455696
YFP,33,47,158,9,9,0.1518987341772152,0.2,0.1036392405063291,0.02692281070373892,0.029850746268656716,True,0.1518987341772152,900,0.2,0.1036392405063291,0.02692281070373892,0.029850746268656716,True,0.0
YFP,33,74,158,9,9,0.0949367088607595,0.5,0.10848101265822784,0.027642928664421668,0.7263681592039801,False,0.16455696202531644,180,0.2,0.10832278481012658,0.029277723619046875,0.04477611940298507,True,0.06962025316455694
YFP,33,75,158,9,9,0.12658227848101267,0.2,0.10348101265822784,0.026004810750549123,0.208955223880597,False,0.1518987341772152,75,0.2,0.11177215189873418,0.02756563174467886,0.10945273631840796,False,0.025316455696202528
YFP,33,76,158,9,9,0.16455696202531644,0.2,0.10677215189873417,0.030232492493563065,0.03482587064676617,True,0.16455696202531644,900,0.2,0.10677215189873417,0.030232492493563065,0.03482587064676617,True,0.0
YFP,33,77,158,9,9,0.10759493670886076,0.5,0.10227848101265823,0.026810443785413193,0.4577114427860697,False,0.13924050632911392,90,0.2,0.11424050632911392,0.030122030403415167,0.21393034825870647,False,0.03164556962025315
YFP,33,78,158,9,9,0.12025316455696203,0.2,0.10405063291139241,0.02876768420295297,0.3283582089552239,False,0.1518987341772152,450,0.8,0.10601265822784811,0.029772504884347756,0.0845771144278607,False,0.03164556962025317
YFP,33,79,158,9,9,0.12025316455696203,0.5,0.1080379746835443,0.030247137052757927,0.373134328358209,False,0.16455696202531644,180,0.5,0.11041139240506329,0.029765387975726965,0.06467661691542288,False,0.04430379746835442
YFP,33,80,158,9,9,0.10126582278481013,0.2,0.10123417721518986,0.028745686911581095,0.5074626865671642,False,0.17721518987341772,75,0.2,0.10794303797468353,0.028589102188334655,0.024875621890547265,True,0.0759493670886076
YFP,33,81,158,9,9,0.10126582278481013,0.8,0.10069620253164559,0.027151765658690992,0.4925373134328358,False,0.13291139240506328,60,0.8,0.11306962025316455,0.031088393741985416,0.31840796019900497,False,0.03164556962025315
YFP,33,82,158,9,9,0.0759493670886076,0.5,0.10424050632911391,0.029874827332492537,0.8557213930348259,False,0.16455696202531644,90,0.8,0.1149367088607595,0.03199312987311301,0.0945273631840796,False,0.08860759493670885
YFP,33,83,158,9,9,0.0949367088607595,0.2,0.10151898734177214,0.026229020547067956,0.6169154228855721,False,0.12658227848101267,75,0.2,0.10765822784810127,0.02929705418754988,0.2736318407960199,False,0.03164556962025317
YFP,33,84,158,9,9,0.12658227848101267,0.8,0.10629746835443038,0.031060020641048517,0.2885572139303483,False,0.1518987341772152,300,0.2,0.1086392405063291,0.029240573104913882,0.10945273631840796,False,0.025316455696202528
YFP,33,85,158,9,9,0.10759493670886076,0.2,0.10212025316455697,0.029616098568181082,0.472636815920398,False,0.17721518987341772,300,0.2,0.1078481012658228,0.03146273753996705,0.024875621890547265,True,0.06962025316455696
YFP,33,86,158,9,9,0.17721518987341772,0.5,0.1063607594936709,0.03068445389641494,0.014925373134328358,True,0.17721518987341772,450,0.8,0.10800632911392405,0.029235753841112756,0.024875621890547265,True,0.0
YFP,33,87,158,9,9,0.10126582278481013,0.8,0.09908227848101266,0.028123422167254556,0.5024875621890548,False,0.15822784810126583,180,0.2,0.10715189873417721,0.028752776181969326,0.03980099502487562,True,0.05696202531645571
YFP,33,88,158,9,9,0.11392405063291139,0.5,0.10313291139240505,0.028887490173830962,0.373134328358209,False,0.12658227848101267,150,0.2,0.11012658227848102,0.02595250857162024,0.2935323383084577,False,0.012658227848101278
YFP,33,89,158,9,9,0.11392405063291139,0.2,0.10579113924050633,0.028136159727389864,0.4129353233830846,False,0.15822784810126583,75,0.2,0.11063291139240507,0.028097374505006174,0.06965174129353234,False,0.044303797468354444
YFP,33,90,158,9,9,0.10126582278481013,0.5,0.10601265822784811,0.028571864227761413,0.5920398009950248,False,0.1518987341772152,225,0.5,0.11218354430379747,0.02951574361336488,0.11442786069651742,False,0.05063291139240507
YFP,33,91,158,9,9,0.12025316455696203,0.8,0.1060759493670886,0.028694820450626247,0.32338308457711445,False,0.17088607594936708,75,0.5,0.11205696202531644,0.032643125187328086,0.04477611940298507,True,0.050632911392405056
YFP,33,92,158,9,9,0.08860759493670886,0.5,0.10174050632911392,0.027408162411019493,0.7064676616915423,False,0.14556962025316456,60,0.2,0.11329113924050631,0.030607620243578517,0.1691542288557214,False,0.056962025316455694
YFP,33,93,158,9,9,0.13924050632911392,0.5,0.10496835443037975,0.030331985838360786,0.15422885572139303,False,0.189873417721519,450,0.8,0.10518987341772153,0.029294099584439095,0.009950248756218905,True,0.05063291139240508
YFP,33,94,158,9,9,0.13291139240506328,0.2,0.10281645569620254,0.027943190063615266,0.1691542288557214,False,0.13291139240506328,900,0.2,0.10281645569620254,0.027943190063615266,0.1691542288557214,False,0.0
YFP,33,95,158,9,9,0.1518987341772152,0.2,0.10531645569620253,0.02891703780961758,0.08955223880597014,False,0.1518987341772152,900,0.2,0.10531645569620253,0.02891703780961758,0.08955223880597014,False,0.0
YFP,33,96,158,9,9,0.13291139240506328,0.5,0.10693037974683545,0.030213094175215737,0.24875621890547264,False,0.14556962025316456,225,0.2,0.11094936708860759,0.02775100025526958,0.12437810945273632,False,0.012658227848101278
YFP,33,97,158,9,9,0.14556962025316456,0.5,0.1075632911392405,0.02926617073488909,0.12935323383084577,False,0.14556962025316456,450,0.8,0.10813291139240506,0.02897779673959925,0.12437810945273632,False,0.0
YFP,33,98,158,9,9,0.13291139240506328,0.5,0.1025,0.0303546738072496,0.1791044776119403,False,0.14556962025316456,150,0.5,0.11319620253164558,0.031630792937062495,0.1791044776119403,False,0.012658227848101278
YFP,34,35,158,9,9,0.0759493670886076,0.2,0.1058860759493671,0.027662364683042923,0.9054726368159204,False,0.20253164556962025,150,0.2,0.11117088607594937,0.02983212879375767,0.004975124378109453,True,0.12658227848101267
YFP,34,36,158,9,9,0.10759493670886076,0.2,0.10452531645569621,0.029262593917804367,0.48756218905472637,False,0.18354430379746836,150,0.8,0.11022151898734178,0.02985708442818254,0.004975124378109453,True,0.0759493670886076
YFP,34,37,158,9,9,0.10759493670886076,0.2,0.10351265822784811,0.027231032085634023,0.44776119402985076,False,0.17088607594936708,180,0.2,0.11044303797468355,0.028224537662333408,0.029850746268656716,True,0.06329113924050632
YFP,34,38,158,9,9,0.13924050632911392,0.2,0.10300632911392406,0.02808288119558718,0.12437810945273632,False,0.16455696202531644,150,0.2,0.11018987341772153,0.03208579994835721,0.07960199004975124,False,0.025316455696202528
YFP,34,39,158,9,9,0.13924050632911392,0.2,0.10338607594936708,0.02847678940198251,0.15920398009950248,False,0.17721518987341772,150,0.2,0.10952531645569621,0.032342043205558786,0.04975124378109453,True,0.037974683544303806
YFP,34,40,158,9,9,0.10759493670886076,0.5,0.10186708860759491,0.029629145562721216,0.47761194029850745,False,0.13924050632911392,75,0.5,0.115,0.03171298715276036,0.24378109452736318,False,0.03164556962025315
YFP,34,41,158,9,9,0.06962025316455696,0.2,0.10569620253164558,0.030016594187159386,0.900497512437811,False,0.17088607594936708,150,0.5,0.11474683544303797,0.03385702150462059,0.06965174129353234,False,0.10126582278481013
YFP,34,42,158,9,9,0.0759493670886076,0.5,0.10300632911392406,0.027903108639668075,0.8606965174129353,False,0.17088607594936708,150,0.5,0.10911392405063293,0.03228624414143053,0.04975124378109453,True,0.09493670886075949
YFP,34,43,158,9,9,0.13291139240506328,0.2,0.10145569620253166,0.0304024653725551,0.1691542288557214,False,0.14556962025316456,90,0.8,0.11496835443037973,0.03374069235056681,0.1890547263681592,False,0.012658227848101278
YFP,34,44,158,9,9,0.12025316455696203,0.5,0.10572784810126583,0.02912344658599544,0.31840796019900497,False,0.12025316455696203,150,0.2,0.11588607594936709,0.03361285366323155,0.48756218905472637,False,0.0
YFP,34,45,158,9,9,0.08860759493670886,0.2,0.10373417721518989,0.03038842559917839,0.681592039800995,False,0.1518987341772152,225,0.2,0.1078481012658228,0.031115333927406716,0.08955223880597014,False,0.06329113924050633
YFP,34,46,158,9,9,0.11392405063291139,0.5,0.10515822784810126,0.02954805233183534,0.39303482587064675,False,0.15822784810126583,150,0.2,0.10977848101265825,0.03249974675455779,0.0845771144278607,False,0.044303797468354444
YFP,34,47,158,9,9,0.1518987341772152,0.2,0.10259493670886076,0.027639651585096275,0.07462686567164178,False,0.1518987341772152,90,0.8,0.11778481012658228,0.035683426528455194,0.1791044776119403,False,0.0
YFP,34,74,158,9,9,0.12025316455696203,0.2,0.10518987341772153,0.028556431041578945,0.34328358208955223,False,0.1518987341772152,60,0.8,0.11420886075949367,0.028042425178448693,0.10945273631840796,False,0.03164556962025317
YFP,34,75,158,9,9,0.10126582278481013,0.5,0.10398734177215191,0.028787759326979436,0.6019900497512438,False,0.15822784810126583,150,0.2,0.11145569620253166,0.027677496393263074,0.05970149253731343,False,0.05696202531645571
YFP,34,76,158,9,9,0.10126582278481013,0.2,0.10636075949367088,0.031088523240133305,0.5771144278606966,False,0.10759493670886076,75,0.8,0.11379746835443039,0.030528334969819937,0.5920398009950248,False,0.006329113924050639
YFP,34,77,158,9,9,0.0949367088607595,0.2,0.10433544303797468,0.031006053203473653,0.6119402985074627,False,0.11392405063291139,90,0.2,0.11199367088607595,0.030324817690080556,0.4925373134328358,False,0.01898734177215189
YFP,34,78,158,9,9,0.08860759493670886,0.2,0.10531645569620253,0.029598166562418985,0.7611940298507462,False,0.15822784810126583,180,0.5,0.10958860759493672,0.028753248737847712,0.07960199004975124,False,0.06962025316455697
YFP,34,79,158,9,9,0.12025316455696203,0.2,0.10835443037974685,0.029892677549226126,0.373134328358209,False,0.16455696202531644,60,0.5,0.11879746835443038,0.03208906207746429,0.09950248756218906,False,0.04430379746835442
YFP,34,80,158,9,9,0.11392405063291139,0.2,0.10424050632911391,0.02921393673457013,0.3681592039800995,False,0.20253164556962025,100,0.2,0.10724683544303798,0.03282392056890624,0.01990049751243781,True,0.08860759493670886
YFP,34,81,158,9,9,0.08860759493670886,0.2,0.10281645569620253,0.02941025560674181,0.7263681592039801,False,0.12658227848101267,150,0.2,0.11322784810126581,0.029941324205319256,0.3781094527363184,False,0.037974683544303806
YFP,34,82,158,9,9,0.08860759493670886,0.5,0.10474683544303799,0.03167894684065179,0.7164179104477612,False,0.16455696202531644,90,0.8,0.11183544303797469,0.02760700522572493,0.029850746268656716,True,0.07594936708860758
YFP,34,83,158,9,9,0.0759493670886076,0.2,0.10253164556962027,0.028573625476906422,0.835820895522388,False,0.17088607594936708,150,0.5,0.10787974683544302,0.03154871955352432,0.03980099502487562,True,0.09493670886075949
YFP,34,84,158,9,9,0.11392405063291139,0.2,0.10509493670886076,0.030183098012506154,0.39303482587064675,False,0.14556962025316456,150,0.8,0.10873417721518987,0.02749485378061429,0.12935323383084577,False,0.03164556962025317
YFP,34,85,158,9,9,0.06962025316455696,0.2,0.10335443037974684,0.02775245093904103,0.9104477611940298,False,0.15822784810126583,180,0.2,0.11189873417721519,0.029833360203002788,0.08955223880597014,False,0.08860759493670887
YFP,34,86,158,9,9,0.1518987341772152,0.2,0.10658227848101266,0.03149215404659877,0.1044776119402985,False,0.17721518987341772,180,0.5,0.1074367088607595,0.03142815397418246,0.029850746268656716,True,0.025316455696202528
YFP,34,87,158,9,9,0.16455696202531644,0.2,0.09759493670886077,0.027182663183822287,0.009950248756218905,True,0.16455696202531644,900,0.2,0.09759493670886077,0.027182663183822287,0.009950248756218905,True,0.0
YFP,34,88,158,9,9,0.10126582278481013,0.8,0.10246835443037976,0.028357164874912775,0.5621890547263682,False,0.12658227848101267,100,0.5,0.11025316455696203,0.028526809789361507,0.32338308457711445,False,0.02531645569620254
YFP,34,89,158,9,9,0.11392405063291139,0.2,0.10287974683544304,0.029014034923303848,0.4079601990049751,False,0.12658227848101267,75,0.5,0.11139240506329112,0.026573341402658768,0.3034825870646766,False,0.012658227848101278
YFP,34,90,158,9,9,0.056962025316455694,0.2,0.10531645569620253,0.03064731732539574,0.9701492537313433,False,0.13924050632911392,225,0.2,0.11164556962025317,0.02954370907012908,0.208955223880597,False,0.08227848101265822
YFP,34,91,158,9,9,0.12025316455696203,0.8,0.10680379746835442,0.02871373724585448,0.3283582089552239,False,0.17088607594936708,300,0.5,0.10870253164556962,0.0297703919655487,0.04975124378109453,True,0.050632911392405056
YFP,34,92,158,9,9,0.0759493670886076,0.2,0.10509493670886076,0.03172433109432033,0.8407960199004975,False,0.15822784810126583,90,0.8,0.11819620253164559,0.03384886040462708,0.1691542288557214,False,0.08227848101265824
YFP,34,93,158,9,9,0.11392405063291139,0.5,0.10705696202531645,0.03125693233032553,0.4427860696517413,False,0.15822784810126583,450,0.5,0.10569620253164556,0.028812152390938525,0.03980099502487562,True,0.044303797468354444
YFP,34,94,158,9,9,0.13291139240506328,0.5,0.10465189873417721,0.030823084895119427,0.22388059701492538,False,0.13924050632911392,225,0.8,0.10927215189873418,0.027704302128209644,0.14925373134328357,False,0.006329113924050639
YFP,34,95,158,9,9,0.10759493670886076,0.2,0.10500000000000002,0.029056965769681774,0.4577114427860697,False,0.12025316455696203,450,0.2,0.10974683544303797,0.02970949235919475,0.39800995024875624,False,0.012658227848101264
YFP,34,96,158,9,9,0.13924050632911392,0.2,0.10610759493670888,0.029563716834961864,0.12935323383084577,False,0.13924050632911392,450,0.8,0.1096518987341772,0.030659777777246967,0.21393034825870647,False,0.0
YFP,34,97,158,9,9,0.13291139240506328,0.8,0.1064873417721519,0.029010149469696923,0.1890547263681592,False,0.13291139240506328,75,0.2,0.11259493670886074,0.02751556493138821,0.2537313432835821,False,0.0
YFP,34,98,158,9,9,0.13924050632911392,0.2,0.10598101265822785,0.031354796046969495,0.16417910447761194,False,0.14556962025316456,150,0.8,0.11098101265822784,0.03094041335346617,0.14427860696517414,False,0.006329113924050639
YFP,35,36,158,9,9,0.08860759493670886,0.8,0.10803797468354429,0.030676662718718564,0.7810945273631841,False,0.16455696202531644,150,0.2,0.11186708860759494,0.03332746674850178,0.06965174129353234,False,0.07594936708860758
YFP,35,37,158,9,9,0.15822784810126583,0.2,0.10569620253164556,0.029618290457150247,0.05970149253731343,False,0.17721518987341772,75,0.5,0.11183544303797469,0.027173405022939436,0.014925373134328358,True,0.01898734177215189
YFP,35,38,158,9,9,0.11392405063291139,0.2,0.10370253164556961,0.030546248112581907,0.3582089552238806,False,0.20253164556962025,75,0.2,0.1116139240506329,0.029782154791062308,0.009950248756218905,True,0.08860759493670886
YFP,35,39,158,9,9,0.11392405063291139,0.2,0.1053481012658228,0.028360767162686203,0.4527363184079602,False,0.18354430379746836,75,0.2,0.10952531645569621,0.02972139780997156,0.014925373134328358,True,0.06962025316455697
YFP,35,40,158,9,9,0.10126582278481013,0.5,0.10300632911392403,0.02829710072836928,0.5771144278606966,False,0.189873417721519,75,0.2,0.1111392405063291,0.030938868166284113,0.009950248756218905,True,0.08860759493670887
YFP,35,41,158,9,9,0.05063291139240506,0.2,0.10443037974683544,0.02930399289765071,1.0,False,0.15822784810126583,150,0.5,0.1111392405063291,0.032288737923181064,0.12437810945273632,False,0.10759493670886078
YFP,35,42,158,9,9,0.06962025316455696,0.2,0.10525316455696203,0.027985030355975445,0.9203980099502488,False,0.13924050632911392,75,0.2,0.10955696202531645,0.03176550011452178,0.19402985074626866,False,0.06962025316455696
YFP,35,43,158,9,9,0.056962025316455694,0.2,0.1014873417721519,0.02846335563604104,0.9701492537313433,False,0.18354430379746836,150,0.8,0.10962025316455698,0.030068588648052518,0.014925373134328358,True,0.12658227848101267
YFP,35,44,158,9,9,0.08227848101265822,0.2,0.10544303797468353,0.029505529021778918,0.8109452736318408,False,0.17088607594936708,100,0.2,0.11015822784810127,0.02790426286648412,0.03482587064676617,True,0.08860759493670886
YFP,35,45,158,9,9,0.06329113924050633,0.5,0.10183544303797469,0.02909850165245044,0.9502487562189055,False,0.16455696202531644,150,0.8,0.10949367088607595,0.02929025128240616,0.06467661691542288,False,0.10126582278481011
YFP,35,46,158,9,9,0.11392405063291139,0.5,0.10335443037974684,0.02965978680228617,0.40298507462686567,False,0.1962025316455696,150,0.5,0.10604430379746838,0.02822273679736153,0.004975124378109453,True,0.08227848101265822
YFP,35,47,158,9,9,0.13291139240506328,0.2,0.10791139240506328,0.027728069378603438,0.23880597014925373,False,0.17721518987341772,75,0.5,0.11231012658227847,0.0341629443168178,0.05472636815920398,False,0.044303797468354444
YFP,35,74,158,9,9,0.0949367088607595,0.8,0.10718354430379748,0.03255222727311966,0.6915422885572139,False,0.15822784810126583,150,0.2,0.10854430379746835,0.02860706860807834,0.06467661691542288,False,0.06329113924050633
YFP,35,75,158,9,9,0.11392405063291139,0.5,0.10813291139240505,0.028210466460382153,0.39800995024875624,False,0.15822784810126583,300,0.5,0.10952531645569621,0.02923658005703956,0.07462686567164178,False,0.044303797468354444
YFP,35,76,158,9,9,0.10126582278481013,0.5,0.10604430379746836,0.02969632815003072,0.6169154228855721,False,0.12658227848101267,180,0.5,0.1075,0.030373103587411486,0.2736318407960199,False,0.02531645569620254
YFP,35,77,158,9,9,0.08860759493670886,0.8,0.105,0.025751540904385802,0.7860696517412935,False,0.15822784810126583,150,0.2,0.10996835443037974,0.028773263974565137,0.07960199004975124,False,0.06962025316455697
YFP,35,78,158,9,9,0.08860759493670886,0.5,0.1086392405063291,0.028210466460382156,0.7611940298507462,False,0.13924050632911392,180,0.5,0.1085759493670886,0.028826802761687545,0.1890547263681592,False,0.050632911392405056
YFP,35,79,158,9,9,0.08860759493670886,0.2,0.10756329113924051,0.02876668707649955,0.7860696517412935,False,0.17721518987341772,150,0.2,0.10977848101265825,0.031658908835474134,0.03482587064676617,True,0.08860759493670886
YFP,35,80,158,9,9,0.08227848101265822,0.2,0.10575949367088608,0.029410888704840165,0.8109452736318408,False,0.15822784810126583,75,0.2,0.10936708860759495,0.03101372918033137,0.1044776119402985,False,0.07594936708860761
YFP,35,81,158,9,9,0.056962025316455694,0.2,0.10509493670886076,0.028467032875751325,0.9950248756218906,False,0.13924050632911392,150,0.5,0.11025316455696203,0.03172092040555508,0.208955223880597,False,0.08227848101265822
YFP,35,82,158,9,9,0.0759493670886076,0.8,0.1059493670886076,0.03276894205743744,0.8507462686567164,False,0.17088607594936708,150,0.8,0.11082278481012658,0.03042285123472776,0.04477611940298507,True,0.09493670886075949
YFP,35,83,158,9,9,0.056962025316455694,0.2,0.10620253164556964,0.027854172389901104,0.9900497512437811,False,0.14556962025316456,75,0.2,0.10949367088607595,0.030679877844443728,0.15422885572139303,False,0.08860759493670886
YFP,35,84,158,9,9,0.14556962025316456,0.5,0.10414556962025318,0.031456067040615356,0.12935323383084577,False,0.17088607594936708,150,0.8,0.10832278481012658,0.02762936267238033,0.024875621890547265,True,0.025316455696202528
YFP,35,85,158,9,9,0.10126582278481013,0.5,0.10471518987341773,0.029941374627618277,0.6069651741293532,False,0.13291139240506328,150,0.2,0.11370253164556963,0.030299450077168128,0.2835820895522388,False,0.03164556962025315
YFP,35,86,158,9,9,0.14556962025316456,0.5,0.10718354430379748,0.0324469332015949,0.13432835820895522,False,0.18354430379746836,150,0.2,0.10740506329113923,0.02874857534387926,0.01990049751243781,True,0.037974683544303806
YFP,35,87,158,9,9,0.10759493670886076,0.2,0.09984177215189874,0.029898585979834375,0.3781094527363184,False,0.17721518987341772,150,0.5,0.1075632911392405,0.02981133898110552,0.01990049751243781,True,0.06962025316455696
YFP,35,88,158,9,9,0.10126582278481013,0.2,0.10477848101265823,0.027785705204969886,0.572139303482587,False,0.14556962025316456,100,0.2,0.11056962025316455,0.028720554054275614,0.12935323383084577,False,0.04430379746835443
YFP,35,89,158,9,9,0.08860759493670886,0.8,0.10322784810126581,0.029320405681345012,0.7064676616915423,False,0.13291139240506328,75,0.2,0.11237341772151899,0.028471275254488112,0.2736318407960199,False,0.04430379746835442
YFP,35,90,158,9,9,0.06962025316455696,0.2,0.11047468354430379,0.03083562120062517,0.9402985074626866,False,0.1518987341772152,225,0.2,0.11227848101265823,0.029850088838315945,0.10945273631840796,False,0.08227848101265824
YFP,35,91,158,9,9,0.13291139240506328,0.8,0.10629746835443038,0.027070891548135235,0.208955223880597,False,0.1962025316455696,75,0.2,0.1114240506329114,0.032102781346077906,0.01990049751243781,True,0.06329113924050633
YFP,35,92,158,9,9,0.056962025316455694,0.5,0.10363924050632912,0.029498688896306142,0.9701492537313433,False,0.17088607594936708,75,0.2,0.11,0.030100705211465642,0.03980099502487562,True,0.11392405063291139
YFP,35,93,158,9,9,0.10126582278481013,0.5,0.1050632911392405,0.03101269068149702,0.5621890547263682,False,0.14556962025316456,75,0.2,0.10936708860759495,0.026725618482228992,0.1044776119402985,False,0.04430379746835443
YFP,35,94,158,9,9,0.13924050632911392,0.2,0.10477848101265823,0.030776159081904404,0.15422885572139303,False,0.13924050632911392,900,0.2,0.10477848101265823,0.030776159081904404,0.15422885572139303,False,0.0
YFP,35,95,158,9,9,0.10126582278481013,0.5,0.10718354430379748,0.03196567004091514,0.6218905472636815,False,0.13291139240506328,450,0.2,0.10908227848101265,0.03136108692521669,0.2736318407960199,False,0.03164556962025315
YFP,35,96,158,9,9,0.12658227848101267,0.8,0.10876582278481013,0.03164288201805324,0.31343283582089554,False,0.17721518987341772,450,0.5,0.11009493670886077,0.03097955404708307,0.024875621890547265,True,0.050632911392405056
YFP,35,97,158,9,9,0.13924050632911392,0.5,0.1060759493670886,0.028469454644383288,0.14427860696517414,False,0.14556962025316456,100,0.5,0.11145569620253165,0.02404234555023309,0.0945273631840796,False,0.006329113924050639
YFP,35,98,158,9,9,0.13291139240506328,0.2,0.10367088607594938,0.02968997267893647,0.18407960199004975,False,0.16455696202531644,150,0.2,0.11158227848101265,0.029857303540665812,0.04975124378109453,True,0.03164556962025317
YFP,36,37,158,9,9,0.13924050632911392,0.5,0.10582278481012658,0.029626173120205327,0.1691542288557214,False,0.17088607594936708,150,0.5,0.10987341772151898,0.030502476687865175,0.03980099502487562,True,0.03164556962025317
YFP,36,38,158,9,9,0.10126582278481013,0.8,0.1078481012658228,0.030861999352151663,0.6069651741293532,False,0.17088607594936708,150,0.5,0.11098101265822784,0.029358055125192482,0.029850746268656716,True,0.06962025316455696
YFP,36,39,158,9,9,0.13924050632911392,0.2,0.10813291139240506,0.029853713264213107,0.19900497512437812,False,0.17721518987341772,180,0.2,0.10854430379746835,0.030697915669369268,0.024875621890547265,True,0.037974683544303806
YFP,36,40,158,9,9,0.13924050632911392,0.2,0.1061392405063291,0.03062543771569076,0.15422885572139303,False,0.17088607594936708,150,0.2,0.11224683544303797,0.02914887084324217,0.03980099502487562,True,0.03164556962025317
YFP,36,41,158,9,9,0.13924050632911392,0.2,0.10860759493670886,0.030032952663011224,0.1691542288557214,False,0.17088607594936708,180,0.5,0.10895569620253166,0.031096162676320024,0.03980099502487562,True,0.03164556962025317
YFP,36,42,158,9,9,0.12658227848101267,0.2,0.1072151898734177,0.03041391755509319,0.2835820895522388,False,0.17088607594936708,150,0.5,0.11066455696202532,0.03121310955675067,0.04477611940298507,True,0.04430379746835442
YFP,36,43,158,9,9,0.14556962025316456,0.2,0.10632911392405063,0.02986869517482924,0.11940298507462686,False,0.18354430379746836,300,0.5,0.1085759493670886,0.03046323512578529,0.014925373134328358,True,0.037974683544303806
YFP,36,44,158,9,9,0.12658227848101267,0.8,0.10822784810126582,0.031213254660028,0.3283582089552239,False,0.17721518987341772,300,0.2,0.10768987341772153,0.032256537739426216,0.03482587064676617,True,0.050632911392405056
YFP,36,45,158,9,9,0.12025316455696203,0.8,0.10458860759493671,0.03020336535160173,0.27860696517412936,False,0.17088607594936708,300,0.5,0.10933544303797468,0.0314313562722751,0.03482587064676617,True,0.050632911392405056
YFP,36,46,158,9,9,0.13924050632911392,0.2,0.10591772151898732,0.030617335667467518,0.15920398009950248,False,0.17721518987341772,180,0.5,0.1089873417721519,0.03103968035900294,0.024875621890547265,True,0.037974683544303806
YFP,36,47,158,9,9,0.10759493670886076,0.5,0.10819620253164557,0.03043348551055197,0.5422885572139303,False,0.16455696202531644,150,0.8,0.11031645569620252,0.030801085068048486,0.05970149253731343,False,0.05696202531645568
YFP,36,74,158,9,9,0.12658227848101267,0.2,0.10955696202531645,0.029925184706149365,0.3482587064676617,False,0.17721518987341772,180,0.2,0.10936708860759495,0.030811866456048883,0.029850746268656716,True,0.050632911392405056
YFP,36,75,158,9,9,0.10126582278481013,0.2,0.10604430379746836,0.030931433923883825,0.5771144278606966,False,0.14556962025316456,90,0.5,0.11585443037974684,0.031162895560537168,0.1890547263681592,False,0.04430379746835443
YFP,36,76,158,9,9,0.12025316455696203,0.8,0.1085759493670886,0.031200982987979665,0.4079601990049751,False,0.17088607594936708,150,0.2,0.11268987341772153,0.03076307507834058,0.03980099502487562,True,0.050632911392405056
YFP,36,77,158,9,9,0.11392405063291139,0.2,0.10626582278481013,0.030899480501207926,0.42786069651741293,False,0.15822784810126583,60,0.2,0.11462025316455696,0.029738950919325036,0.0845771144278607,False,0.044303797468354444
YFP,36,78,158,9,9,0.0949367088607595,0.2,0.10851265822784811,0.02963458011513829,0.7014925373134329,False,0.1518987341772152,90,0.5,0.11721518987341772,0.03132886494771533,0.15422885572139303,False,0.056962025316455694
YFP,36,79,158,9,9,0.13291139240506328,0.2,0.1086392405063291,0.030428061336564956,0.22388059701492538,False,0.17721518987341772,180,0.5,0.10844936708860761,0.030506683449339607,0.029850746268656716,True,0.044303797468354444
YFP,36,80,158,9,9,0.13291139240506328,0.2,0.10768987341772153,0.029444320877818977,0.22388059701492538,False,0.17088607594936708,150,0.8,0.11015822784810127,0.03050945464582439,0.029850746268656716,True,0.037974683544303806
YFP,36,81,158,9,9,0.14556962025316456,0.2,0.10620253164556961,0.030044478695418753,0.12437810945273632,False,0.16455696202531644,180,0.2,0.11110759493670885,0.03040767896733973,0.07462686567164178,False,0.01898734177215189
YFP,36,82,158,9,9,0.11392405063291139,0.2,0.10705696202531646,0.030946268099480558,0.417910447761194,False,0.18354430379746836,150,0.5,0.11170886075949368,0.028670327559396757,0.009950248756218905,True,0.06962025316455697
YFP,36,83,158,9,9,0.12658227848101267,0.2,0.1069620253164557,0.03068643828028145,0.2935323383084577,False,0.17088607594936708,150,0.5,0.11056962025316455,0.031148116084223514,0.04477611940298507,True,0.04430379746835442
YFP,36,84,158,9,9,0.08227848101265822,0.2,0.1059493670886076,0.030523587131729233,0.8109452736318408,False,0.16455696202531644,90,0.8,0.11699367088607594,0.028432221493119397,0.04975124378109453,True,0.08227848101265822
YFP,36,85,158,9,9,0.08860759493670886,0.8,0.10547468354430378,0.030464424506121805,0.7412935323383084,False,0.17088607594936708,90,0.8,0.11531645569620254,0.02896655856178178,0.04477611940298507,True,0.08227848101265822
YFP,36,86,158,9,9,0.15822784810126583,0.8,0.11037974683544304,0.031075198290291213,0.0945273631840796,False,0.18354430379746836,75,0.2,0.10990506329113924,0.030377742417390108,0.024875621890547265,True,0.025316455696202528
YFP,36,87,158,9,9,0.16455696202531644,0.2,0.10351265822784811,0.030409002912570184,0.029850746268656716,True,0.16455696202531644,900,0.2,0.10351265822784811,0.030409002912570184,0.029850746268656716,True,0.0
YFP,36,88,158,9,9,0.12658227848101267,0.2,0.10246835443037976,0.029749778913956276,0.23880597014925373,False,0.13291139240506328,60,0.8,0.11778481012658228,0.02867060839874673,0.3383084577114428,False,0.006329113924050611
YFP,36,89,158,9,9,0.10759493670886076,0.5,0.10759493670886076,0.029007113596937053,0.527363184079602,False,0.15822784810126583,75,0.8,0.11604430379746836,0.029606581510010076,0.0945273631840796,False,0.05063291139240507
YFP,36,90,158,9,9,0.0759493670886076,0.2,0.11018987341772153,0.027716742077823164,0.9154228855721394,False,0.14556962025316456,75,0.5,0.115,0.030713386956234684,0.19900497512437812,False,0.06962025316455696
YFP,36,91,158,9,9,0.1518987341772152,0.5,0.10674050632911394,0.030991117739825245,0.1044776119402985,False,0.17721518987341772,450,0.5,0.10800632911392405,0.030967726031424867,0.029850746268656716,True,0.025316455696202528
YFP,36,92,158,9,9,0.12658227848101267,0.5,0.10791139240506328,0.031269632665617934,0.2885572139303483,False,0.17088607594936708,150,0.2,0.11243670886075949,0.030607472269122096,0.04975124378109453,True,0.04430379746835442
YFP,36,93,158,9,9,0.13291139240506328,0.2,0.10924050632911392,0.030766624664252923,0.2537313432835821,False,0.15822784810126583,300,0.2,0.10914556962025318,0.028829595789276168,0.04975124378109453,True,0.025316455696202556
YFP,36,94,158,9,9,0.1518987341772152,0.8,0.10806962025316456,0.030797343371147718,0.08955223880597014,False,0.1518987341772152,900,0.8,0.10806962025316456,0.030797343371147718,0.08955223880597014,False,0.0
YFP,36,95,158,9,9,0.10126582278481013,0.8,0.1069620253164557,0.030316867692352898,0.5920398009950248,False,0.13924050632911392,450,0.8,0.10686708860759495,0.029984236481604944,0.17412935323383086,False,0.03797468354430379
YFP,36,96,158,9,9,0.16455696202531644,0.5,0.1063607594936709,0.029880132991632183,0.03980099502487562,True,0.17088607594936708,150,0.2,0.11063291139240505,0.030528334969819937,0.05472636815920398,False,0.006329113924050639
YFP,36,97,158,9,9,0.13924050632911392,0.8,0.10930379746835442,0.028002288111790938,0.17412935323383086,False,0.16455696202531644,100,0.2,0.11069620253164557,0.026542947995396596,0.03980099502487562,True,0.025316455696202528
YFP,36,98,158,9,9,0.12658227848101267,0.8,0.10474683544303798,0.030168772664478816,0.2736318407960199,False,0.1518987341772152,90,0.8,0.11490506329113924,0.028693820792116458,0.12437810945273632,False,0.025316455696202528
YFP,37,38,158,9,9,0.10759493670886076,0.8,0.10601265822784811,0.027735328035633174,0.48258706467661694,False,0.16455696202531644,75,0.2,0.11550632911392404,0.031672591986657936,0.06965174129353234,False,0.05696202531645568
YFP,37,39,158,9,9,0.16455696202531644,0.2,0.10715189873417721,0.027485700776821075,0.04477611940298507,True,0.17088607594936708,75,0.2,0.11379746835443039,0.028339910137096757,0.029850746268656716,True,0.006329113924050639
YFP,37,40,158,9,9,0.12025316455696203,0.2,0.10515822784810126,0.028423016242482196,0.35323383084577115,False,0.14556962025316456,75,0.8,0.11651898734177216,0.028106185075591414,0.1890547263681592,False,0.025316455696202528
YFP,37,41,158,9,9,0.11392405063291139,0.2,0.10572784810126581,0.028691716134038318,0.42786069651741293,False,0.14556962025316456,75,0.5,0.11569620253164556,0.031496755882725,0.21393034825870647,False,0.03164556962025317
YFP,37,42,158,9,9,0.14556962025316456,0.2,0.10674050632911392,0.03046706740730076,0.10945273631840796,False,0.1518987341772152,75,0.2,0.11151898734177217,0.02810883486951789,0.08955223880597014,False,0.006329113924050639
YFP,37,43,158,9,9,0.10759493670886076,0.5,0.10319620253164558,0.029707849269503074,0.4925373134328358,False,0.14556962025316456,100,0.2,0.11367088607594937,0.031102392606597966,0.17412935323383086,False,0.03797468354430379
YFP,37,44,158,9,9,0.11392405063291139,0.2,0.10579113924050632,0.030418798316343986,0.4079601990049751,False,0.15822784810126583,75,0.2,0.11575949367088607,0.03213219137709953,0.11442786069651742,False,0.044303797468354444
YFP,37,45,158,9,9,0.12025316455696203,0.8,0.10376582278481013,0.02782335135441211,0.2935323383084577,False,0.13924050632911392,450,0.8,0.10787974683544302,0.026263207397436907,0.14925373134328357,False,0.01898734177215189
YFP,37,46,158,9,9,0.14556962025316456,0.2,0.10325949367088608,0.028704201513433617,0.07960199004975124,False,0.17721518987341772,180,0.5,0.10708860759493671,0.02825739664470398,0.004975124378109453,True,0.03164556962025317
YFP,37,47,158,9,9,0.13291139240506328,0.2,0.10930379746835443,0.02970454587604382,0.23383084577114427,False,0.17088607594936708,75,0.5,0.11737341772151899,0.031881933267799985,0.07462686567164178,False,0.037974683544303806
YFP,37,74,158,9,9,0.06962025316455696,0.2,0.10759493670886076,0.030183781590200978,0.9054726368159204,False,0.15822784810126583,300,0.2,0.10696202531645571,0.029207665823069297,0.05472636815920398,False,0.08860759493670887
YFP,37,75,158,9,9,0.12658227848101267,0.5,0.10639240506329113,0.029002880192492864,0.25870646766169153,False,0.14556962025316456,450,0.2,0.10759493670886076,0.02795401155603747,0.1044776119402985,False,0.01898734177215189
YFP,37,76,158,9,9,0.13291139240506328,0.2,0.10800632911392405,0.02907696231948692,0.23880597014925373,False,0.14556962025316456,450,0.2,0.10759493670886076,0.026060870247815886,0.0945273631840796,False,0.012658227848101278
YFP,37,77,158,9,9,0.13291139240506328,0.2,0.1044620253164557,0.03022375230324172,0.19900497512437812,False,0.14556962025316456,450,0.8,0.10835443037974685,0.03080141183222185,0.14925373134328357,False,0.012658227848101278
YFP,37,78,158,9,9,0.13924050632911392,0.2,0.10591772151898735,0.028654367853594584,0.1791044776119403,False,0.13924050632911392,900,0.2,0.10591772151898735,0.028654367853594584,0.1791044776119403,False,0.0
YFP,37,79,158,9,9,0.13924050632911392,0.2,0.10813291139240505,0.030001686132809215,0.1890547263681592,False,0.17721518987341772,75,0.2,0.11234177215189874,0.030743782377912508,0.01990049751243781,True,0.037974683544303806
YFP,37,80,158,9,9,0.17088607594936708,0.5,0.10582278481012658,0.029146678184331944,0.024875621890547265,True,0.1962025316455696,75,0.2,0.11050632911392405,0.028182356549008324,0.009950248756218905,True,0.025316455696202528
YFP,37,81,158,9,9,0.10759493670886076,0.5,0.10348101265822784,0.0296301816011698,0.4925373134328358,False,0.1518987341772152,450,0.8,0.10651898734177216,0.03063463825425398,0.0945273631840796,False,0.04430379746835443
YFP,37,82,158,9,9,0.13291139240506328,0.2,0.10651898734177216,0.028411912868390038,0.22885572139303484,False,0.13924050632911392,60,0.8,0.11569620253164559,0.031808372016391015,0.25870646766169153,False,0.006329113924050639
YFP,37,83,158,9,9,0.14556962025316456,0.2,0.10674050632911392,0.030847891396560124,0.13930348258706468,False,0.1518987341772152,75,0.2,0.11158227848101265,0.028214265841413424,0.09950248756218906,False,0.006329113924050639
YFP,37,84,158,9,9,0.14556962025316456,0.2,0.10522151898734176,0.02656908008477657,0.0945273631840796,False,0.15822784810126583,150,0.8,0.11218354430379747,0.029570252607750244,0.08955223880597014,False,0.012658227848101278
YFP,37,85,158,9,9,0.12025316455696203,0.2,0.10452531645569621,0.031083860966923726,0.32338308457711445,False,0.15822784810126583,300,0.2,0.10677215189873418,0.030299001636500913,0.06467661691542288,False,0.037974683544303806
YFP,37,86,158,9,9,0.17721518987341772,0.2,0.10914556962025318,0.03173448167261149,0.029850746268656716,True,0.18354430379746836,100,0.2,0.11193037974683545,0.028180481557956112,0.009950248756218905,True,0.006329113924050639
YFP,37,87,158,9,9,0.12658227848101267,0.2,0.10268987341772151,0.027949960739222672,0.22388059701492538,False,0.14556962025316456,150,0.2,0.11167721518987342,0.030587209454020384,0.17412935323383086,False,0.01898734177215189
YFP,37,88,158,9,9,0.10759493670886076,0.5,0.10265822784810127,0.028163207914693983,0.48258706467661694,False,0.12658227848101267,100,0.5,0.10990506329113924,0.02670314511888441,0.29850746268656714,False,0.018987341772151903
YFP,37,89,158,9,9,0.12025316455696203,0.2,0.10572784810126581,0.03068510990528089,0.3681592039800995,False,0.13924050632911392,75,0.2,0.11199367088607595,0.02786166912484956,0.208955223880597,False,0.01898734177215189
YFP,37,90,158,9,9,0.10126582278481013,0.5,0.10772151898734177,0.03000961901167517,0.6218905472636815,False,0.13924050632911392,75,0.8,0.11183544303797469,0.02786103694798322,0.21890547263681592,False,0.03797468354430379
YFP,37,91,158,9,9,0.17088607594936708,0.8,0.10588607594936708,0.027633241951307938,0.01990049751243781,True,0.1962025316455696,75,0.2,0.11098101265822784,0.033345219354868866,0.004975124378109453,True,0.025316455696202528
YFP,37,92,158,9,9,0.12658227848101267,0.2,0.10674050632911392,0.029404642681635673,0.26865671641791045,False,0.15822784810126583,75,0.2,0.11427215189873417,0.030766346600878472,0.09950248756218906,False,0.03164556962025317
YFP,37,93,158,9,9,0.13291139240506328,0.2,0.10563291139240505,0.03095675508357467,0.20398009950248755,False,0.17721518987341772,75,0.2,0.11015822784810127,0.02715849275290141,0.01990049751243781,True,0.044303797468354444
YFP,37,94,158,9,9,0.12025316455696203,0.8,0.10433544303797468,0.0297943183443078,0.3333333333333333,False,0.12658227848101267,60,0.2,0.11341772151898734,0.02697451878974269,0.3383084577114428,False,0.006329113924050639
YFP,37,95,158,9,9,0.11392405063291139,0.2,0.10667721518987343,0.03353495614541975,0.417910447761194,False,0.13291139240506328,450,0.2,0.1078481012658228,0.02932349492675522,0.23880597014925373,False,0.01898734177215189
YFP,37,96,158,9,9,0.12025316455696203,0.2,0.10917721518987342,0.030526950259988774,0.34328358208955223,False,0.15822784810126583,450,0.8,0.1108860759493671,0.031167820495245437,0.0945273631840796,False,0.037974683544303806
YFP,37,97,158,9,9,0.16455696202531644,0.2,0.10832278481012658,0.028490216833607595,0.03482587064676617,True,0.16455696202531644,900,0.2,0.10832278481012658,0.028490216833607595,0.03482587064676617,True,0.0
YFP,37,98,158,9,9,0.13924050632911392,0.2,0.10405063291139242,0.030473425948911777,0.19402985074626866,False,0.14556962025316456,75,0.5,0.11420886075949367,0.03004539991702818,0.17412935323383086,False,0.006329113924050639
YFP,38,39,158,9,9,0.10126582278481013,0.2,0.10177215189873419,0.030741228747179664,0.47761194029850745,False,0.12658227848101267,180,0.2,0.1061392405063291,0.03309577071281713,0.2935323383084577,False,0.02531645569620254
YFP,38,40,158,9,9,0.06329113924050633,0.2,0.1034493670886076,0.03086041762502045,0.9402985074626866,False,0.14556962025316456,75,0.8,0.11462025316455696,0.03276617765566961,0.21890547263681592,False,0.08227848101265822
YFP,38,41,158,9,9,0.08227848101265822,0.8,0.10389240506329114,0.03240471977487125,0.8159203980099502,False,0.12658227848101267,150,0.5,0.10930379746835443,0.030841577424027277,0.34328358208955223,False,0.044303797468354444
YFP,38,42,158,9,9,0.06329113924050633,0.2,0.09908227848101266,0.030572069372078597,0.9054726368159204,False,0.11392405063291139,60,0.2,0.1135759493670886,0.034875539213796,0.5124378109452736,False,0.050632911392405056
YFP,38,43,158,9,9,0.10126582278481013,0.2,0.10117088607594937,0.03131933810865146,0.5174129353233831,False,0.14556962025316456,75,0.2,0.1124367088607595,0.031174391245452047,0.1691542288557214,False,0.04430379746835443
YFP,38,44,158,9,9,0.056962025316455694,0.2,0.10357594936708861,0.029188207090867304,0.9751243781094527,False,0.11392405063291139,75,0.2,0.11180379746835442,0.03158685157385173,0.5124378109452736,False,0.056962025316455694
YFP,38,45,158,9,9,0.06962025316455696,0.2,0.10009493670886077,0.02879172722793784,0.8756218905472637,False,0.12658227848101267,60,0.8,0.11740506329113924,0.03231435038285242,0.38308457711442784,False,0.05696202531645571
YFP,38,46,158,9,9,0.11392405063291139,0.8,0.10389240506329114,0.0315995944896071,0.40298507462686567,False,0.12025316455696203,75,0.8,0.11401898734177214,0.0313450362686369,0.43283582089552236,False,0.006329113924050639
YFP,38,47,158,9,9,0.12025316455696203,0.2,0.10493670886075951,0.030590253022117164,0.32338308457711445,False,0.1518987341772152,75,0.2,0.11664556962025316,0.032486814755306695,0.15920398009950248,False,0.03164556962025317
YFP,38,74,158,9,9,0.056962025316455694,0.5,0.10496835443037973,0.029408749805158167,0.9601990049751243,False,0.17088607594936708,60,0.8,0.11490506329113924,0.029713946877200526,0.05472636815920398,False,0.11392405063291139
YFP,38,75,158,9,9,0.0949367088607595,0.5,0.10455696202531645,0.028467474819701303,0.6716417910447762,False,0.13924050632911392,300,0.8,0.1074367088607595,0.03059076299579764,0.16417910447761194,False,0.04430379746835442
YFP,38,76,158,9,9,0.10759493670886076,0.5,0.10509493670886075,0.029529107623119527,0.5074626865671642,False,0.11392405063291139,75,0.2,0.11449367088607594,0.03159903709453656,0.5422885572139303,False,0.006329113924050625
YFP,38,77,158,9,9,0.06962025316455696,0.8,0.10297468354430381,0.02803102742701172,0.9054726368159204,False,0.12658227848101267,60,0.5,0.11360759493670887,0.03121809105000512,0.3482587064676617,False,0.05696202531645571
YFP,38,78,158,9,9,0.10126582278481013,0.5,0.10575949367088608,0.029865931923133734,0.5671641791044776,False,0.12658227848101267,180,0.5,0.10674050632911392,0.029561674109629642,0.22885572139303484,False,0.02531645569620254
YFP,38,79,158,9,9,0.06329113924050633,0.2,0.10674050632911392,0.030873981970780884,0.9353233830845771,False,0.17088607594936708,60,0.2,0.11424050632911392,0.03211439502342638,0.03980099502487562,True,0.10759493670886075
YFP,38,80,158,9,9,0.10126582278481013,0.2,0.10303797468354431,0.03136867602474315,0.5024875621890548,False,0.17721518987341772,60,0.5,0.11591772151898734,0.033192139617718476,0.03980099502487562,True,0.0759493670886076
YFP,38,81,158,9,9,0.06962025316455696,0.2,0.10186708860759493,0.03175413918445702,0.8905472636815921,False,0.13291139240506328,75,0.2,0.11180379746835443,0.03086485277853688,0.2736318407960199,False,0.06329113924050632
YFP,38,82,158,9,9,0.08860759493670886,0.8,0.10433544303797468,0.03283483472352856,0.7164179104477612,False,0.13924050632911392,75,0.5,0.11474683544303797,0.031131309033984995,0.20398009950248755,False,0.050632911392405056
YFP,38,83,158,9,9,0.05063291139240506,0.2,0.0999367088607595,0.03053248872251715,0.9900497512437811,False,0.10126582278481013,60,0.2,0.11367088607594937,0.03425028763670057,0.6666666666666666,False,0.05063291139240506
YFP,38,84,158,9,9,0.10759493670886076,0.8,0.1077848101265823,0.03132854368500409,0.5074626865671642,False,0.13924050632911392,150,0.5,0.10819620253164557,0.02659301036465405,0.14427860696517414,False,0.03164556962025315
YFP,38,85,158,9,9,0.0949367088607595,0.5,0.10208860759493671,0.029319856448084568,0.6019900497512438,False,0.14556962025316456,100,0.2,0.11598101265822784,0.029651828217507357,0.19402985074626866,False,0.050632911392405056
YFP,38,86,158,9,9,0.11392405063291139,0.5,0.10443037974683544,0.0267093446069698,0.4079601990049751,False,0.16455696202531644,180,0.5,0.10658227848101266,0.030059750577421766,0.04975124378109453,True,0.050632911392405056
YFP,38,87,158,9,9,0.12025316455696203,0.2,0.09974683544303797,0.030172041910897843,0.2935323383084577,False,0.12658227848101267,300,0.8,0.10354430379746833,0.027246865086675214,0.21393034825870647,False,0.006329113924050639
YFP,38,88,158,9,9,0.08227848101265822,0.8,0.10275316455696203,0.027975444109855314,0.7761194029850746,False,0.13924050632911392,100,0.2,0.11170886075949366,0.030467546408597206,0.23383084577114427,False,0.056962025316455694
YFP,38,89,158,9,9,0.0759493670886076,0.2,0.10221518987341772,0.03196990464157497,0.8109452736318408,False,0.12658227848101267,75,0.2,0.11272151898734178,0.02730111155119978,0.3482587064676617,False,0.05063291139240507
YFP,38,90,158,9,9,0.06962025316455696,0.5,0.10819620253164558,0.03258016584126496,0.8905472636815921,False,0.12025316455696203,75,0.8,0.11310126582278482,0.029504642112448992,0.43781094527363185,False,0.05063291139240507
YFP,38,91,158,9,9,0.13291139240506328,0.5,0.10737341772151898,0.02839963566752125,0.22388059701492538,False,0.17088607594936708,75,0.8,0.11224683544303797,0.03272122339400013,0.05970149253731343,False,0.037974683544303806
YFP,38,92,158,9,9,0.10126582278481013,0.2,0.1044620253164557,0.030863026616041504,0.572139303482587,False,0.15822784810126583,75,0.5,0.11648734177215189,0.03274348538872998,0.13930348258706468,False,0.05696202531645571
YFP,38,93,158,9,9,0.10759493670886076,0.8,0.10718354430379748,0.03101319370871252,0.5124378109452736,False,0.1518987341772152,450,0.8,0.10582278481012658,0.02908445531835189,0.08955223880597014,False,0.04430379746835443
YFP,38,94,158,9,9,0.13924050632911392,0.2,0.10348101265822784,0.02963697439850828,0.15422885572139303,False,0.13924050632911392,900,0.2,0.10348101265822784,0.02963697439850828,0.15422885572139303,False,0.0
YFP,38,95,158,9,9,0.10759493670886076,0.2,0.10452531645569621,0.029590939698089055,0.46766169154228854,False,0.10759493670886076,180,0.5,0.10889240506329113,0.02729305520818278,0.5522388059701493,False,0.0
YFP,38,96,158,9,9,0.0949367088607595,0.5,0.10936708860759493,0.030739919110669738,0.7213930348258707,False,0.13924050632911392,225,0.8,0.11117088607594937,0.02919096553886441,0.22388059701492538,False,0.04430379746835442
YFP,38,97,158,9,9,0.13924050632911392,0.2,0.10471518987341774,0.027829861864419065,0.12437810945273632,False,0.13924050632911392,100,0.8,0.11028481012658227,0.026409498881672506,0.1691542288557214,False,0.0
YFP,38,98,158,9,9,0.12025316455696203,0.2,0.10158227848101266,0.030756874588610445,0.3034825870646766,False,0.14556962025316456,300,0.5,0.11098101265822785,0.03150773046543214,0.1691542288557214,False,0.025316455696202528
YFP,39,40,158,9,9,0.15822784810126583,0.2,0.10414556962025316,0.03043480833317147,0.06467661691542288,False,0.18354430379746836,75,0.2,0.11018987341772152,0.03166267586760847,0.029850746268656716,True,0.025316455696202528
YFP,39,41,158,9,9,0.13291139240506328,0.8,0.1040506329113924,0.031576414482720375,0.18407960199004975,False,0.13291139240506328,180,0.2,0.10721518987341773,0.03310142666971214,0.23880597014925373,False,0.0
YFP,39,42,158,9,9,0.16455696202531644,0.2,0.12310126582278481,0.02829576689273176,0.014925373134328358,True,0.16455696202531644,300,0.5,0.12303797468354433,0.02819521027157969,0.024875621890547265,True,0.0
YFP,39,43,158,9,9,0.10759493670886076,0.2,0.10170886075949367,0.0298249248746362,0.4577114427860697,False,0.13291139240506328,90,0.2,0.10734177215189873,0.03354361369071918,0.24378109452736318,False,0.025316455696202514
YFP,39,44,158,9,9,0.10126582278481013,0.2,0.10569620253164556,0.03248365453821429,0.5771144278606966,False,0.17721518987341772,150,0.5,0.11193037974683545,0.033935810953391196,0.04477611940298507,True,0.0759493670886076
YFP,39,45,158,9,9,0.12025316455696203,0.2,0.10196202531645569,0.02915793323474165,0.24875621890547264,False,0.16455696202531644,300,0.5,0.10462025316455696,0.030679287336407134,0.05472636815920398,False,0.04430379746835442
YFP,39,46,158,9,9,0.1518987341772152,0.5,0.10765822784810127,0.02717251607354693,0.06965174129353234,False,0.1518987341772152,225,0.2,0.1088607594936709,0.0324154180072258,0.12437810945273632,False,0.0
YFP,39,47,158,9,9,0.14556962025316456,0.2,0.10680379746835443,0.02954301068219055,0.14925373134328357,False,0.16455696202531644,75,0.5,0.11376582278481014,0.031999405344208524,0.07462686567164178,False,0.01898734177215189
YFP,39,74,158,9,9,0.08860759493670886,0.2,0.10778481012658228,0.03130926188980839,0.7512437810945274,False,0.15822784810126583,60,0.5,0.11550632911392406,0.02996793537591455,0.0945273631840796,False,0.06962025316455697
YFP,39,75,158,9,9,0.12658227848101267,0.5,0.10389240506329113,0.02938820844767148,0.24875621890547264,False,0.1518987341772152,150,0.2,0.10879746835443037,0.0298578428876203,0.11442786069651742,False,0.025316455696202528
YFP,39,76,158,9,9,0.12025316455696203,0.2,0.10632911392405063,0.029915833264403717,0.3582089552238806,False,0.13291139240506328,180,0.2,0.10680379746835442,0.02960426976271884,0.23880597014925373,False,0.01265822784810125
YFP,39,77,158,9,9,0.06962025316455696,0.2,0.10294303797468356,0.02905895738497984,0.8955223880597015,False,0.13924050632911392,300,0.2,0.10496835443037975,0.02725600597856652,0.12935323383084577,False,0.06962025316455696
YFP,39,78,158,9,9,0.12658227848101267,0.5,0.10768987341772153,0.029148870843242167,0.2736318407960199,False,0.15822784810126583,180,0.2,0.10458860759493671,0.02710537189908924,0.05970149253731343,False,0.03164556962025317
YFP,39,79,158,9,9,0.11392405063291139,0.5,0.10968354430379748,0.02895230916291633,0.47761194029850745,False,0.17721518987341772,60,0.5,0.11300632911392405,0.030498236345080806,0.01990049751243781,True,0.06329113924050633
YFP,39,80,158,9,9,0.18354430379746836,0.2,0.10227848101265823,0.03235599737746985,0.004975124378109453,True,0.1962025316455696,75,0.2,0.10161392405063291,0.03001121204314372,0.004975124378109453,True,0.01265822784810125
YFP,39,81,158,9,9,0.10126582278481013,0.2,0.10218354430379747,0.029648162137974374,0.5522388059701493,False,0.12025316455696203,75,0.2,0.1125,0.031942739932059004,0.43781094527363185,False,0.018987341772151903
YFP,39,82,158,9,9,0.0949367088607595,0.2,0.10617088607594936,0.03248636552750394,0.6318407960199005,False,0.14556962025316456,90,0.2,0.11050632911392405,0.03067226598094327,0.16417910447761194,False,0.050632911392405056
YFP,39,83,158,9,9,0.16455696202531644,0.2,0.11816455696202531,0.03044348793030328,0.009950248756218905,True,0.16455696202531644,300,0.2,0.11813291139240509,0.030205631247954032,0.024875621890547265,True,0.0
YFP,39,84,158,9,9,0.12658227848101267,0.2,0.10651898734177216,0.030974436710047824,0.2537313432835821,False,0.14556962025316456,150,0.8,0.10879746835443037,0.02725683681673006,0.10945273631840796,False,0.01898734177215189
YFP,39,85,158,9,9,0.0949367088607595,0.2,0.10310126582278482,0.03198778138235399,0.6069651741293532,False,0.13924050632911392,100,0.2,0.11329113924050632,0.02863695830409228,0.23383084577114427,False,0.04430379746835442
YFP,39,86,158,9,9,0.12025316455696203,0.5,0.10626582278481013,0.028351485462306193,0.3333333333333333,False,0.17088607594936708,180,0.2,0.10560126582278481,0.029149561410319144,0.03482587064676617,True,0.050632911392405056
YFP,39,87,158,9,9,0.13291139240506328,0.2,0.10056962025316456,0.0293985665093612,0.14427860696517414,False,0.14556962025316456,150,0.2,0.10693037974683545,0.029320457171435707,0.11940298507462686,False,0.012658227848101278
YFP,39,88,158,9,9,0.12025316455696203,0.2,0.10411392405063292,0.027865660539018046,0.3034825870646766,False,0.12658227848101267,100,0.2,0.1096518987341772,0.027838106324628388,0.2935323383084577,False,0.006329113924050639
YFP,39,89,158,9,9,0.10759493670886076,0.8,0.10272151898734178,0.028536334259340004,0.4577114427860697,False,0.12658227848101267,75,0.5,0.11075949367088608,0.027009122172244295,0.3383084577114428,False,0.018987341772151903
YFP,39,90,158,9,9,0.08860759493670886,0.2,0.10829113924050632,0.03014233880365043,0.7761194029850746,False,0.12658227848101267,75,0.8,0.11164556962025315,0.029048997943027132,0.35323383084577115,False,0.037974683544303806
YFP,39,91,158,9,9,0.14556962025316456,0.2,0.10680379746835443,0.029433790848198336,0.11940298507462686,False,0.17721518987341772,300,0.2,0.10651898734177216,0.029930027469723782,0.029850746268656716,True,0.03164556962025317
YFP,39,92,158,9,9,0.10126582278481013,0.2,0.10079113924050631,0.03367595948277423,0.48258706467661694,False,0.17088607594936708,90,0.2,0.10667721518987343,0.03339058443583183,0.05970149253731343,False,0.06962025316455696
YFP,39,93,158,9,9,0.13291139240506328,0.2,0.10579113924050633,0.03149814588849668,0.21890547263681592,False,0.16455696202531644,450,0.8,0.10572784810126583,0.029130357547185428,0.03980099502487562,True,0.03164556962025317
YFP,39,94,158,9,9,0.1518987341772152,0.2,0.10563291139240506,0.02964811121701129,0.0945273631840796,False,0.1518987341772152,900,0.2,0.10563291139240506,0.02964811121701129,0.0945273631840796,False,0.0
YFP,39,95,158,9,9,0.10126582278481013,0.2,0.10563291139240505,0.0306889964701282,0.5870646766169154,False,0.12025316455696203,450,0.2,0.10889240506329113,0.030760457609791923,0.373134328358209,False,0.018987341772151903
YFP,39,96,158,9,9,0.12025316455696203,0.5,0.109873417721519,0.03175060490043897,0.35323383084577115,False,0.1518987341772152,450,0.2,0.10949367088607595,0.029814731815171455,0.11940298507462686,False,0.03164556962025317
YFP,39,97,158,9,9,0.13924050632911392,0.2,0.10708860759493671,0.02923081327112408,0.1791044776119403,False,0.14556962025316456,100,0.2,0.10955696202531646,0.025963287560583966,0.0945273631840796,False,0.006329113924050639
YFP,39,98,158,9,9,0.13924050632911392,0.2,0.10414556962025318,0.030135710016488133,0.17412935323383086,False,0.1518987341772152,300,0.2,0.11031645569620252,0.033264425967486695,0.13432835820895522,False,0.012658227848101278
YFP,40,41,158,9,9,0.11392405063291139,0.2,0.10648734177215191,0.02909329561271053,0.4129353233830846,False,0.16455696202531644,75,0.8,0.11474683544303797,0.030570176334616887,0.0845771144278607,False,0.050632911392405056
YFP,40,42,158,9,9,0.14556962025316456,0.2,0.10367088607594938,0.029865729723947354,0.10945273631840796,False,0.16455696202531644,75,0.2,0.1108860759493671,0.03471217519190402,0.07462686567164178,False,0.01898734177215189
YFP,40,43,158,9,9,0.12658227848101267,0.8,0.10496835443037975,0.03117632830303109,0.2835820895522388,False,0.1518987341772152,75,0.2,0.11566455696202532,0.03551462540163035,0.1890547263681592,False,0.025316455696202528
YFP,40,44,158,9,9,0.12658227848101267,0.2,0.10737341772151898,0.03229333532842771,0.2885572139303483,False,0.17721518987341772,225,0.5,0.11031645569620252,0.031651993495949333,0.029850746268656716,True,0.050632911392405056
YFP,40,45,158,9,9,0.08227848101265822,0.2,0.10424050632911391,0.0322529960970317,0.7512437810945274,False,0.16455696202531644,75,0.5,0.11509493670886077,0.02976795769719136,0.07960199004975124,False,0.08227848101265822
YFP,40,46,158,9,9,0.12658227848101267,0.2,0.10287974683544303,0.029138648536991274,0.208955223880597,False,0.18354430379746836,180,0.2,0.11104430379746834,0.0318250586940016,0.009950248756218905,True,0.056962025316455694
YFP,40,47,158,9,9,0.13924050632911392,0.5,0.10987341772151898,0.030686700668542132,0.1890547263681592,False,0.15822784810126583,75,0.5,0.11756329113924052,0.033130588163170965,0.12935323383084577,False,0.018987341772151917
YFP,40,74,158,9,9,0.08227848101265822,0.2,0.10550632911392405,0.032097843084897534,0.7910447761194029,False,0.15822784810126583,60,0.5,0.11503164556962027,0.03018669912583192,0.07960199004975124,False,0.07594936708860761
YFP,40,75,158,9,9,0.10759493670886076,0.5,0.10386075949367089,0.02955835437987752,0.4626865671641791,False,0.14556962025316456,150,0.8,0.11031645569620252,0.03009368264202712,0.15422885572139303,False,0.03797468354430379
YFP,40,76,158,9,9,0.10126582278481013,0.2,0.10386075949367089,0.029496999942886067,0.5472636815920398,False,0.12658227848101267,75,0.5,0.1137974683544304,0.02931058658460993,0.35323383084577115,False,0.02531645569620254
YFP,40,77,158,9,9,0.08227848101265822,0.2,0.10379746835443036,0.028594752005099065,0.8109452736318408,False,0.12025316455696203,60,0.2,0.11408227848101266,0.029797426011327587,0.42786069651741293,False,0.037974683544303806
YFP,40,78,158,9,9,0.14556962025316456,0.2,0.10484177215189874,0.026781428134947396,0.08955223880597014,False,0.14556962025316456,180,0.2,0.10778481012658228,0.02818999807945246,0.11442786069651742,False,0.0
YFP,40,79,158,9,9,0.10126582278481013,0.2,0.10822784810126582,0.03230344731683556,0.5920398009950248,False,0.18354430379746836,150,0.8,0.11041139240506329,0.03082843956594231,0.01990049751243781,True,0.08227848101265824
YFP,40,80,158,9,9,0.15822784810126583,0.8,0.10588607594936708,0.031166205848305602,0.05970149253731343,False,0.2088607594936709,75,0.5,0.11316455696202532,0.033917907518073144,0.009950248756218905,True,0.050632911392405056
YFP,40,81,158,9,9,0.0949367088607595,0.2,0.10465189873417721,0.027917100421236705,0.6716417910447762,False,0.12658227848101267,90,0.5,0.11164556962025315,0.030283916876275158,0.31343283582089554,False,0.03164556962025317
YFP,40,82,158,9,9,0.0949367088607595,0.2,0.10515822784810126,0.030387680382790043,0.6865671641791045,False,0.15822784810126583,60,0.8,0.11420886075949366,0.02916143660443986,0.06467661691542288,False,0.06329113924050633
YFP,40,83,158,9,9,0.13291139240506328,0.2,0.10287974683544304,0.030123684313089965,0.19900497512437812,False,0.13291139240506328,75,0.5,0.11167721518987342,0.03583039968352067,0.3034825870646766,False,0.0
YFP,40,84,158,9,9,0.10126582278481013,0.5,0.10556962025316455,0.028110267086559882,0.582089552238806,False,0.15822784810126583,150,0.8,0.10848101265822786,0.02634541484789007,0.05970149253731343,False,0.05696202531645571
YFP,40,85,158,9,9,0.0759493670886076,0.2,0.1015506329113924,0.028512252372236802,0.8308457711442786,False,0.13291139240506328,75,0.2,0.11487341772151899,0.03137246186570669,0.3034825870646766,False,0.05696202531645568
YFP,40,86,158,9,9,0.12658227848101267,0.5,0.1053481012658228,0.028594030439599016,0.24875621890547264,False,0.17721518987341772,180,0.8,0.10487341772151901,0.0287737711728759,0.01990049751243781,True,0.050632911392405056
YFP,40,87,158,9,9,0.11392405063291139,0.2,0.10151898734177216,0.031179959961638262,0.3283582089552239,False,0.14556962025316456,150,0.2,0.1102848101265823,0.029320731783725604,0.11940298507462686,False,0.03164556962025317
YFP,40,88,158,9,9,0.11392405063291139,0.5,0.10306962025316457,0.02834287543301976,0.3781094527363184,False,0.12658227848101267,90,0.8,0.11022151898734175,0.02852622763531133,0.2885572139303483,False,0.012658227848101278
YFP,40,89,158,9,9,0.08860759493670886,0.8,0.10351265822784811,0.027989255894366738,0.7213930348258707,False,0.14556962025316456,75,0.2,0.11294303797468355,0.027548520594120638,0.13930348258706468,False,0.056962025316455694
YFP,40,90,158,9,9,0.0759493670886076,0.5,0.10699367088607595,0.03001389485239042,0.8706467661691543,False,0.12025316455696203,75,0.8,0.1125632911392405,0.028867135749619185,0.4228855721393035,False,0.04430379746835443
YFP,40,91,158,9,9,0.13291139240506328,0.8,0.10424050632911391,0.030143140170320586,0.19900497512437812,False,0.1518987341772152,75,0.5,0.11202531645569618,0.033079283861245055,0.14925373134328357,False,0.018987341772151917
YFP,40,92,158,9,9,0.11392405063291139,0.5,0.10335443037974684,0.029434970535613822,0.39800995024875624,False,0.13924050632911392,75,0.2,0.1129746835443038,0.03110828157507797,0.20398009950248755,False,0.025316455696202528
YFP,40,93,158,9,9,0.12658227848101267,0.2,0.10531645569620253,0.030640748513441503,0.2736318407960199,False,0.14556962025316456,450,0.8,0.10708860759493671,0.029931708801592058,0.10945273631840796,False,0.01898734177215189
YFP,40,94,158,9,9,0.1518987341772152,0.2,0.10367088607594938,0.027169330432713405,0.04975124378109453,True,0.1518987341772152,900,0.2,0.10367088607594938,0.027169330432713405,0.04975124378109453,True,0.0
YFP,40,95,158,9,9,0.11392405063291139,0.2,0.1075,0.029471654026778028,0.4577114427860697,False,0.11392405063291139,180,0.5,0.11085443037974685,0.02906934620818595,0.472636815920398,False,0.0
YFP,40,96,158,9,9,0.12025316455696203,0.8,0.10927215189873418,0.03230019125936817,0.3880597014925373,False,0.13924050632911392,450,0.2,0.10854430379746835,0.030401405993221543,0.208955223880597,False,0.01898734177215189
YFP,40,97,158,9,9,0.1518987341772152,0.5,0.10791139240506328,0.02871943263401702,0.0845771144278607,False,0.1518987341772152,900,0.5,0.10791139240506328,0.02871943263401702,0.0845771144278607,False,0.0
YFP,40,98,158,9,9,0.12025316455696203,0.2,0.10291139240506329,0.0289045050827668,0.31840796019900497,False,0.1518987341772152,300,0.5,0.1114240506329114,0.03145670695800247,0.12935323383084577,False,0.03164556962025317
YFP,41,42,158,9,9,0.0759493670886076,0.5,0.1037974683544304,0.031801030269298945,0.8407960199004975,False,0.12025316455696203,180,0.2,0.10661392405063293,0.03420475335137915,0.3482587064676617,False,0.04430379746835443
YFP,41,43,158,9,9,0.10126582278481013,0.8,0.10430379746835441,0.02858742991005666,0.5522388059701493,False,0.14556962025316456,180,0.2,0.10800632911392405,0.03151539602825516,0.12935323383084577,False,0.04430379746835443
YFP,41,44,158,9,9,0.08860759493670886,0.2,0.10582278481012658,0.03204166587704012,0.6965174129353234,False,0.12658227848101267,180,0.2,0.10977848101265822,0.03283863543122259,0.35323383084577115,False,0.037974683544303806
YFP,41,45,158,9,9,0.0759493670886076,0.2,0.10161392405063292,0.03092297265584596,0.835820895522388,False,0.13924050632911392,180,0.2,0.10775316455696203,0.031177361351196847,0.19402985074626866,False,0.06329113924050632
YFP,41,46,158,9,9,0.11392405063291139,0.2,0.10231012658227848,0.030665292249789096,0.3383084577114428,False,0.16455696202531644,150,0.8,0.1099367088607595,0.028723357413373195,0.05472636815920398,False,0.050632911392405056
YFP,41,47,158,9,9,0.0949367088607595,0.2,0.1075,0.030280177750768834,0.6616915422885572,False,0.13924050632911392,75,0.5,0.11585443037974684,0.03329277961567595,0.29850746268656714,False,0.04430379746835442
YFP,41,74,158,9,9,0.08227848101265822,0.2,0.1075632911392405,0.02861936232670177,0.8258706467661692,False,0.189873417721519,180,0.2,0.11028481012658227,0.02780554818257344,0.014925373134328358,True,0.10759493670886078
YFP,41,75,158,9,9,0.0949367088607595,0.8,0.10556962025316455,0.02893596585364284,0.7164179104477612,False,0.11392405063291139,300,0.2,0.10702531645569621,0.029741658287557485,0.46766169154228854,False,0.01898734177215189
YFP,41,76,158,9,9,0.05063291139240506,0.5,0.1036392405063291,0.031106259390165047,0.9800995024875622,False,0.12025316455696203,180,0.2,0.10617088607594936,0.02969592144062102,0.31840796019900497,False,0.06962025316455697
YFP,41,77,158,9,9,0.05063291139240506,0.2,0.10265822784810126,0.028369726534684142,0.9850746268656716,False,0.0949367088607595,300,0.2,0.1039240506329114,0.02777601393122066,0.6517412935323383,False,0.04430379746835444
YFP,41,78,158,9,9,0.10759493670886076,0.8,0.1063607594936709,0.02614336746174941,0.527363184079602,False,0.16455696202531644,180,0.2,0.10794303797468356,0.02929847984874791,0.05472636815920398,False,0.05696202531645568
YFP,41,79,158,9,9,0.10759493670886076,0.2,0.10575949367088608,0.029561078288151774,0.5024875621890548,False,0.14556962025316456,60,0.8,0.11683544303797469,0.03398478575947925,0.19900497512437812,False,0.03797468354430379
YFP,41,80,158,9,9,0.12025316455696203,0.2,0.1044620253164557,0.030791198812771394,0.3333333333333333,False,0.189873417721519,100,0.2,0.10939873417721518,0.029938550848095158,0.009950248756218905,True,0.06962025316455697
YFP,41,81,158,9,9,0.06962025316455696,0.2,0.10303797468354432,0.02907753344741733,0.900497512437811,False,0.11392405063291139,90,0.5,0.1121518987341772,0.03143278119003525,0.5074626865671642,False,0.04430379746835443
YFP,41,82,158,9,9,0.0759493670886076,0.5,0.1040506329113924,0.028955993825946328,0.8507462686567164,False,0.14556962025316456,150,0.2,0.10721518987341773,0.02965659683714043,0.11442786069651742,False,0.06962025316455696
YFP,41,83,158,9,9,0.0759493670886076,0.2,0.10344936708860761,0.03231340040485334,0.845771144278607,False,0.12658227848101267,180,0.2,0.10693037974683543,0.034359180185656674,0.2935323383084577,False,0.05063291139240507
YFP,41,84,158,9,9,0.12025316455696203,0.8,0.1075,0.029858432787196437,0.373134328358209,False,0.1518987341772152,150,0.8,0.11015822784810127,0.027665184318873236,0.0845771144278607,False,0.03164556962025317
YFP,41,85,158,9,9,0.06962025316455696,0.2,0.10490506329113926,0.030551255980529827,0.8606965174129353,False,0.13924050632911392,60,0.8,0.114873417721519,0.030638843294548555,0.24378109452736318,False,0.06962025316455696
YFP,41,86,158,9,9,0.12658227848101267,0.8,0.10496835443037973,0.029292158316694867,0.25870646766169153,False,0.1962025316455696,180,0.2,0.10905063291139239,0.03055305136484378,0.009950248756218905,True,0.06962025316455694
YFP,41,87,158,9,9,0.17088607594936708,0.2,0.10155063291139241,0.028434486943907593,0.014925373134328358,True,0.17088607594936708,900,0.2,0.10155063291139241,0.028434486943907593,0.014925373134328358,True,0.0
YFP,41,88,158,9,9,0.10759493670886076,0.2,0.10424050632911394,0.029303374663430918,0.4626865671641791,False,0.13924050632911392,100,0.2,0.11012658227848102,0.027889127882730083,0.1791044776119403,False,0.03164556962025315
YFP,41,89,158,9,9,0.10759493670886076,0.2,0.10294303797468356,0.02873854335980723,0.48756218905472637,False,0.13291139240506328,75,0.2,0.11354430379746835,0.026759340153859758,0.26865671641791045,False,0.025316455696202514
YFP,41,90,158,9,9,0.0759493670886076,0.2,0.10414556962025316,0.028430947097722307,0.8706467661691543,False,0.12658227848101267,75,0.8,0.11262658227848102,0.029133812413012994,0.36318407960199006,False,0.05063291139240507
YFP,41,91,158,9,9,0.13924050632911392,0.8,0.10626582278481013,0.029458759357196825,0.13432835820895522,False,0.17721518987341772,300,0.2,0.10522151898734178,0.03058418203721539,0.04477611940298507,True,0.037974683544303806
YFP,41,92,158,9,9,0.12025316455696203,0.5,0.1025,0.03020176579300038,0.3333333333333333,False,0.15822784810126583,60,0.8,0.11731012658227848,0.03704563727596921,0.15422885572139303,False,0.037974683544303806
YFP,41,93,158,9,9,0.10759493670886076,0.8,0.10544303797468353,0.030419211904183723,0.4975124378109453,False,0.1518987341772152,450,0.8,0.10569620253164558,0.028847063529869613,0.08955223880597014,False,0.04430379746835443
YFP,41,94,158,9,9,0.1518987341772152,0.2,0.10449367088607595,0.028104752650530314,0.07462686567164178,False,0.1518987341772152,900,0.2,0.10449367088607595,0.028104752650530314,0.07462686567164178,False,0.0
YFP,41,95,158,9,9,0.0949367088607595,0.2,0.10531645569620253,0.030144008293505595,0.6318407960199005,False,0.10759493670886076,75,0.8,0.11091772151898734,0.028608387929608407,0.582089552238806,False,0.012658227848101264
YFP,41,96,158,9,9,0.12025316455696203,0.5,0.10889240506329113,0.030753912963788398,0.35323383084577115,False,0.1518987341772152,450,0.8,0.1113607594936709,0.029042466159518616,0.10945273631840796,False,0.03164556962025317
YFP,41,97,158,9,9,0.13924050632911392,0.5,0.10528481012658229,0.030084768306866114,0.14925373134328357,False,0.1518987341772152,100,0.8,0.11025316455696203,0.025690262376560222,0.07462686567164178,False,0.012658227848101278
YFP,41,98,158,9,9,0.11392405063291139,0.2,0.10215189873417722,0.030986976744743242,0.373134328358209,False,0.14556962025316456,225,0.5,0.10977848101265825,0.02931496438541873,0.13930348258706468,False,0.03164556962025317
YFP,42,43,158,9,9,0.06962025316455696,0.2,0.10072784810126581,0.027502302076699608,0.8855721393034826,False,0.12025316455696203,60,0.2,0.11088607594936707,0.030992952592104377,0.373134328358209,False,0.05063291139240507
YFP,42,44,158,9,9,0.06329113924050633,0.5,0.10303797468354432,0.032503230544999324,0.9104477611940298,False,0.13924050632911392,150,0.8,0.11117088607594937,0.03361996440731333,0.208955223880597,False,0.07594936708860758
YFP,42,45,158,9,9,0.12025316455696203,0.2,0.09734177215189874,0.03031394608381819,0.22388059701492538,False,0.1518987341772152,300,0.5,0.10338607594936708,0.031343751861036925,0.07462686567164178,False,0.03164556962025317
YFP,42,46,158,9,9,0.12658227848101267,0.2,0.10639240506329115,0.026485248837076678,0.24378109452736318,False,0.1518987341772152,225,0.5,0.10658227848101266,0.029851437513313504,0.1044776119402985,False,0.025316455696202528
YFP,42,47,158,9,9,0.10126582278481013,0.2,0.10598101265822785,0.030217091413770707,0.5771144278606966,False,0.16455696202531644,75,0.5,0.1145886075949367,0.03164491761938855,0.07462686567164178,False,0.06329113924050632
YFP,42,74,158,9,9,0.06329113924050633,0.2,0.10680379746835442,0.030699145135123382,0.9402985074626866,False,0.15822784810126583,60,0.5,0.11484177215189874,0.03007954893361567,0.09950248756218906,False,0.0949367088607595
YFP,42,75,158,9,9,0.11392405063291139,0.2,0.10303797468354432,0.029950533270143926,0.3681592039800995,False,0.13291139240506328,150,0.2,0.1085759493670886,0.03028429907198558,0.24378109452736318,False,0.01898734177215189
YFP,42,76,158,9,9,0.08227848101265822,0.2,0.10401898734177216,0.028080300638077784,0.7960199004975125,False,0.11392405063291139,75,0.8,0.11164556962025317,0.029767704116122926,0.5174129353233831,False,0.03164556962025317
YFP,42,77,158,9,9,0.05063291139240506,0.2,0.10151898734177216,0.026298000434906016,0.9950248756218906,False,0.11392405063291139,60,0.5,0.11234177215189874,0.030926568977618408,0.5223880597014925,False,0.06329113924050633
YFP,42,78,158,9,9,0.10126582278481013,0.2,0.10699367088607595,0.0286552108326332,0.6169154228855721,False,0.12658227848101267,180,0.2,0.10458860759493671,0.02803984089769878,0.23880597014925373,False,0.02531645569620254
YFP,42,79,158,9,9,0.11392405063291139,0.5,0.10920886075949367,0.0281334409571416,0.4427860696517413,False,0.16455696202531644,60,0.5,0.11335443037974682,0.03109171196185133,0.06965174129353234,False,0.050632911392405056
YFP,42,80,158,9,9,0.15822784810126583,0.2,0.11044303797468354,0.031634436054339674,0.06965174129353234,False,0.18354430379746836,75,0.2,0.10981012658227847,0.03032184705802536,0.004975124378109453,True,0.025316455696202528
YFP,42,81,158,9,9,0.06962025316455696,0.2,0.10237341772151899,0.029210680852397745,0.9104477611940298,False,0.10759493670886076,90,0.8,0.10996835443037974,0.03013330525974924,0.572139303482587,False,0.037974683544303806
YFP,42,82,158,9,9,0.0949367088607595,0.2,0.10680379746835442,0.032383965381408884,0.6567164179104478,False,0.1518987341772152,90,0.8,0.10857594936708863,0.03046323512578529,0.09950248756218906,False,0.056962025316455694
YFP,42,83,158,9,9,0.13924050632911392,0.2,0.13721518987341774,0.005666618110973658,0.835820895522388,False,0.13924050632911392,60,0.2,0.13721518987341774,0.005666618110973658,0.835820895522388,False,0.0
YFP,42,84,158,9,9,0.10759493670886076,0.2,0.10806962025316455,0.030992806457408626,0.5024875621890548,False,0.14556962025316456,150,0.5,0.10810126582278481,0.027804987125073427,0.12437810945273632,False,0.03797468354430379
YFP,42,85,158,9,9,0.08227848101265822,0.2,0.10287974683544304,0.030096943324473456,0.7810945273631841,False,0.12658227848101267,100,0.2,0.11322784810126583,0.02897093623744734,0.3781094527363184,False,0.044303797468354444
YFP,42,86,158,9,9,0.13291139240506328,0.2,0.10639240506329113,0.02934785423905441,0.21890547263681592,False,0.17088607594936708,180,0.5,0.10452531645569621,0.029027768606873183,0.029850746268656716,True,0.037974683544303806
YFP,42,87,158,9,9,0.11392405063291139,0.2,0.09867088607594937,0.029950734896816544,0.30845771144278605,False,0.14556962025316456,150,0.2,0.1060759493670886,0.029394800363781868,0.09950248756218906,False,0.03164556962025317
YFP,42,88,158,9,9,0.11392405063291139,0.2,0.10370253164556964,0.02852905008957385,0.38308457711442784,False,0.12658227848101267,90,0.8,0.10924050632911392,0.029387951589844717,0.3034825870646766,False,0.012658227848101278
YFP,42,89,158,9,9,0.10126582278481013,0.2,0.10234177215189874,0.028679874554524663,0.5373134328358209,False,0.12658227848101267,75,0.2,0.1119620253164557,0.026757459483760553,0.32338308457711445,False,0.02531645569620254
YFP,42,90,158,9,9,0.06962025316455696,0.2,0.10924050632911392,0.03098827594002553,0.9303482587064676,False,0.13291139240506328,75,0.8,0.11148734177215189,0.02953442427144657,0.27860696517412936,False,0.06329113924050632
YFP,42,91,158,9,9,0.13291139240506328,0.2,0.10658227848101266,0.02914861187637039,0.20398009950248755,False,0.17721518987341772,300,0.2,0.10613924050632911,0.030021355154957276,0.024875621890547265,True,0.044303797468354444
YFP,42,92,158,9,9,0.06962025316455696,0.2,0.09825949367088609,0.03124508046890274,0.8507462686567164,False,0.15822784810126583,90,0.2,0.10430379746835441,0.031090222853325387,0.07462686567164178,False,0.08860759493670887
YFP,42,93,158,9,9,0.12658227848101267,0.2,0.10528481012658228,0.03198518546892006,0.24875621890547264,False,0.16455696202531644,450,0.8,0.10636075949367088,0.02906740724304639,0.04477611940298507,True,0.03797468354430378
YFP,42,94,158,9,9,0.1518987341772152,0.2,0.1053481012658228,0.02940614869353292,0.0845771144278607,False,0.1518987341772152,900,0.2,0.1053481012658228,0.02940614869353292,0.0845771144278607,False,0.0
YFP,42,95,158,9,9,0.0949367088607595,0.2,0.10436708860759496,0.029895572994462025,0.6318407960199005,False,0.11392405063291139,450,0.2,0.10838607594936707,0.030934297213458493,0.46766169154228854,False,0.01898734177215189
YFP,42,96,158,9,9,0.12658227848101267,0.2,0.11104430379746835,0.031011376281549593,0.31343283582089554,False,0.13924050632911392,450,0.5,0.11031645569620252,0.030531961293180535,0.21890547263681592,False,0.01265822784810125
YFP,42,97,158,9,9,0.13924050632911392,0.2,0.1064873417721519,0.029580461861767146,0.18407960199004975,False,0.14556962025316456,100,0.8,0.11050632911392405,0.025481618865826984,0.0845771144278607,False,0.006329113924050639
YFP,42,98,158,9,9,0.12025316455696203,0.2,0.10268987341772152,0.030439040979238902,0.2935323383084577,False,0.1518987341772152,300,0.2,0.11091772151898734,0.033442028133527334,0.12935323383084577,False,0.03164556962025317
YFP,43,44,158,9,9,0.08860759493670886,0.2,0.1053481012658228,0.033405652267471886,0.6915422885572139,False,0.12025316455696203,90,0.2,0.11287974683544304,0.03229582856261921,0.4527363184079602,False,0.03164556962025317
YFP,43,45,158,9,9,0.08860759493670886,0.8,0.10145569620253164,0.027554456828625028,0.6766169154228856,False,0.14556962025316456,90,0.2,0.11344936708860759,0.033260961385648796,0.19402985074626866,False,0.056962025316455694
YFP,43,46,158,9,9,0.17721518987341772,0.2,0.10316455696202531,0.0277008324747,0.009950248756218905,True,0.17721518987341772,900,0.2,0.10316455696202531,0.0277008324747,0.009950248756218905,True,0.0
YFP,43,47,158,9,9,0.14556962025316456,0.5,0.10756329113924051,0.028393397595954512,0.12935323383084577,False,0.14556962025316456,900,0.5,0.10756329113924051,0.028393397595954512,0.12935323383084577,False,0.0
YFP,43,74,158,9,9,0.11392405063291139,0.2,0.1064873417721519,0.029293257811568888,0.44776119402985076,False,0.17721518987341772,180,0.2,0.10740506329113923,0.028888274089903295,0.024875621890547265,True,0.06329113924050633
YFP,43,75,158,9,9,0.08227848101265822,0.2,0.10493670886075951,0.02842784937073043,0.8208955223880597,False,0.14556962025316456,300,0.8,0.10699367088607595,0.02962914556272122,0.10945273631840796,False,0.06329113924050633
YFP,43,76,158,9,9,0.0949367088607595,0.2,0.10379746835443038,0.027584319518865304,0.6915422885572139,False,0.12658227848101267,60,0.5,0.114873417721519,0.02894980610547257,0.3781094527363184,False,0.03164556962025317
YFP,43,77,158,9,9,0.056962025316455694,0.2,0.10370253164556961,0.028059504157489732,0.945273631840796,False,0.13291139240506328,60,0.5,0.11417721518987342,0.029398908862308323,0.3034825870646766,False,0.07594936708860758
YFP,43,78,158,9,9,0.10126582278481013,0.8,0.1089240506329114,0.02707306644474197,0.6716417910447762,False,0.13924050632911392,180,0.8,0.10525316455696203,0.026293943300523873,0.12935323383084577,False,0.03797468354430379
YFP,43,79,158,9,9,0.11392405063291139,0.5,0.10775316455696203,0.028122276935427893,0.4427860696517413,False,0.18354430379746836,150,0.2,0.10996835443037975,0.029107130211816306,0.01990049751243781,True,0.06962025316455697
YFP,43,80,158,9,9,0.10126582278481013,0.2,0.10164556962025317,0.02820234869719412,0.5323383084577115,False,0.2088607594936709,90,0.2,0.10949367088607595,0.031354812096734096,0.009950248756218905,True,0.10759493670886076
YFP,43,81,158,9,9,0.08227848101265822,0.5,0.10493670886075951,0.028940139490868128,0.8258706467661692,False,0.12658227848101267,90,0.2,0.11452531645569619,0.03089301417615869,0.3582089552238806,False,0.044303797468354444
YFP,43,82,158,9,9,0.12658227848101267,0.2,0.10487341772151898,0.030833744343929888,0.3034825870646766,False,0.16455696202531644,150,0.8,0.1094620253164557,0.030665423534667936,0.03980099502487562,True,0.03797468354430378
YFP,43,83,158,9,9,0.08860759493670886,0.2,0.10104430379746837,0.028293116819377438,0.7213930348258707,False,0.12025316455696203,60,0.2,0.11066455696202532,0.03175020865573261,0.38308457711442784,False,0.03164556962025317
YFP,43,84,158,9,9,0.12025316455696203,0.2,0.10477848101265823,0.03144262576704857,0.3333333333333333,False,0.1518987341772152,150,0.8,0.1080379746835443,0.027726327018152936,0.0945273631840796,False,0.03164556962025317
YFP,43,85,158,9,9,0.10759493670886076,0.2,0.10174050632911392,0.028762768209626612,0.44776119402985076,False,0.18354430379746836,100,0.5,0.11575949367088607,0.02876033614428592,0.014925373134328358,True,0.0759493670886076
YFP,43,86,158,9,9,0.1518987341772152,0.2,0.10610759493670885,0.029855061775480557,0.08955223880597014,False,0.17721518987341772,180,0.2,0.10632911392405063,0.02853132549001734,0.024875621890547265,True,0.025316455696202528
YFP,43,87,158,9,9,0.10759493670886076,0.8,0.0993987341772152,0.02897793566969738,0.4228855721393035,False,0.15822784810126583,150,0.8,0.10547468354430378,0.028967375083224722,0.05970149253731343,False,0.05063291139240507
YFP,43,88,158,9,9,0.10126582278481013,0.8,0.10329113924050631,0.028494332134172858,0.5522388059701493,False,0.14556962025316456,100,0.2,0.11126582278481013,0.02916876988279622,0.14427860696517414,False,0.04430379746835443
YFP,43,89,158,9,9,0.08227848101265822,0.2,0.10357594936708861,0.02879941675668909,0.7860696517412935,False,0.12658227848101267,75,0.2,0.11313291139240506,0.02770764421075359,0.3482587064676617,False,0.044303797468354444
YFP,43,90,158,9,9,0.0949367088607595,0.2,0.10810126582278481,0.031053944263234053,0.6616915422885572,False,0.16455696202531644,180,0.2,0.11199367088607595,0.030058126634161207,0.05970149253731343,False,0.06962025316455694
YFP,43,91,158,9,9,0.16455696202531644,0.8,0.1075632911392405,0.028989742294513884,0.03980099502487562,True,0.17721518987341772,75,0.2,0.11164556962025317,0.03253343870520763,0.03980099502487562,True,0.012658227848101278
YFP,43,92,158,9,9,0.08227848101265822,0.2,0.10484177215189872,0.03169055704393566,0.8009950248756219,False,0.13291139240506328,90,0.2,0.1105379746835443,0.03270522476567427,0.22885572139303484,False,0.050632911392405056
YFP,43,93,158,9,9,0.11392405063291139,0.8,0.10585443037974684,0.030396025762734435,0.4079601990049751,False,0.17088607594936708,450,0.5,0.10389240506329114,0.02956575941916033,0.03482587064676617,True,0.056962025316455694
YFP,43,94,158,9,9,0.1518987341772152,0.8,0.10322784810126581,0.02855523268281897,0.05472636815920398,False,0.1518987341772152,900,0.8,0.10322784810126581,0.02855523268281897,0.05472636815920398,False,0.0
YFP,43,95,158,9,9,0.0949367088607595,0.2,0.1070253164556962,0.03141375561271556,0.6517412935323383,False,0.12025316455696203,75,0.8,0.11015822784810127,0.02782479826606067,0.35323383084577115,False,0.025316455696202528
YFP,43,96,158,9,9,0.1518987341772152,0.2,0.10579113924050632,0.030872025942562355,0.09950248756218906,False,0.1518987341772152,900,0.2,0.10579113924050632,0.030872025942562355,0.09950248756218906,False,0.0
YFP,43,97,158,9,9,0.16455696202531644,0.2,0.10405063291139241,0.026714167529473355,0.029850746268656716,True,0.16455696202531644,900,0.2,0.10405063291139241,0.026714167529473355,0.029850746268656716,True,0.0
YFP,43,98,158,9,9,0.1518987341772152,0.2,0.10379746835443036,0.03188321177865879,0.09950248756218906,False,0.15822784810126583,225,0.2,0.10990506329113924,0.029537831876012485,0.06467661691542288,False,0.006329113924050639
YFP,44,45,158,9,9,0.14556962025316456,0.2,0.10512658227848101,0.029405412810992262,0.11442786069651742,False,0.14556962025316456,900,0.2,0.10512658227848101,0.029405412810992262,0.11442786069651742,False,0.0
YFP,44,46,158,9,9,0.12025316455696203,0.2,0.10294303797468356,0.03012020932711698,0.29850746268656714,False,0.16455696202531644,75,0.8,0.1160126582278481,0.03427537398126143,0.12935323383084577,False,0.04430379746835442
YFP,44,47,158,9,9,0.10126582278481013,0.2,0.10936708860759493,0.03332277038781296,0.6119402985074627,False,0.12658227848101267,75,0.8,0.11617088607594937,0.030711994204142064,0.44776119402985076,False,0.02531645569620254
YFP,44,74,158,9,9,0.06962025316455696,0.5,0.10585443037974684,0.02947479571384146,0.8905472636815921,False,0.14556962025316456,60,0.5,0.11632911392405063,0.02905952886677425,0.21393034825870647,False,0.0759493670886076
YFP,44,75,158,9,9,0.0949367088607595,0.8,0.10234177215189874,0.028475605364184822,0.6119402985074627,False,0.12025316455696203,300,0.8,0.10623417721518987,0.02878333630822766,0.31343283582089554,False,0.025316455696202528
YFP,44,76,158,9,9,0.0949367088607595,0.2,0.10458860759493671,0.03265015427749526,0.5920398009950248,False,0.12025316455696203,180,0.2,0.10724683544303798,0.02929847984874791,0.3681592039800995,False,0.025316455696202528
YFP,44,77,158,9,9,0.06962025316455696,0.2,0.10322784810126581,0.02943688528989987,0.9054726368159204,False,0.12025316455696203,60,0.2,0.11484177215189874,0.032330838175139695,0.43781094527363185,False,0.05063291139240507
YFP,44,78,158,9,9,0.12025316455696203,0.8,0.10268987341772151,0.02916240297718794,0.31840796019900497,False,0.13291139240506328,150,0.8,0.1075,0.027227927220804478,0.20398009950248755,False,0.01265822784810125
YFP,44,79,158,9,9,0.10759493670886076,0.8,0.10895569620253166,0.030329331166161672,0.572139303482587,False,0.16455696202531644,60,0.5,0.12056962025316455,0.03254401730746382,0.1044776119402985,False,0.05696202531645568
YFP,44,80,158,9,9,0.0949367088607595,0.2,0.10496835443037975,0.03184706223985856,0.6218905472636815,False,0.1518987341772152,75,0.2,0.11037974683544304,0.0313460798110599,0.10945273631840796,False,0.056962025316455694
YFP,44,81,158,9,9,0.08227848101265822,0.2,0.10357594936708861,0.029476434721990633,0.8059701492537313,False,0.13924050632911392,90,0.2,0.11518987341772152,0.03140612933581235,0.26865671641791045,False,0.056962025316455694
YFP,44,82,158,9,9,0.12025316455696203,0.8,0.1073101265822785,0.034034843413450734,0.34328358208955223,False,0.12025316455696203,60,0.8,0.11316455696202532,0.031068201618681138,0.4427860696517413,False,0.0
YFP,44,83,158,9,9,0.06329113924050633,0.2,0.10373417721518986,0.03200162269761093,0.9154228855721394,False,0.14556962025316456,150,0.8,0.11117088607594937,0.03390613980043492,0.19402985074626866,False,0.08227848101265822
YFP,44,84,158,9,9,0.11392405063291139,0.5,0.10645569620253165,0.02990748850333277,0.43283582089552236,False,0.14556962025316456,150,0.5,0.10977848101265822,0.0281806244188076,0.14427860696517414,False,0.03164556962025317
YFP,44,85,158,9,9,0.06329113924050633,0.2,0.10268987341772152,0.032886658098023464,0.9303482587064676,False,0.13924050632911392,100,0.5,0.11579113924050631,0.028614438438336737,0.2537313432835821,False,0.07594936708860758
YFP,44,86,158,9,9,0.1518987341772152,0.5,0.10715189873417721,0.031415806060403235,0.0945273631840796,False,0.17088607594936708,180,0.8,0.10556962025316458,0.029813111405277863,0.024875621890547265,True,0.01898734177215189
YFP,44,87,158,9,9,0.11392405063291139,0.2,0.10151898734177216,0.027699669771076126,0.35323383084577115,False,0.1518987341772152,150,0.2,0.10860759493670886,0.030577616119973176,0.09950248756218906,False,0.037974683544303806
YFP,44,88,158,9,9,0.10759493670886076,0.2,0.10199367088607594,0.02926396966842038,0.4228855721393035,False,0.12658227848101267,100,0.2,0.11091772151898734,0.029096754879167006,0.3333333333333333,False,0.018987341772151903
YFP,44,89,158,9,9,0.0949367088607595,0.5,0.10218354430379747,0.028786972673726808,0.6169154228855721,False,0.12025316455696203,75,0.5,0.11085443037974682,0.026791948765229806,0.3880597014925373,False,0.025316455696202528
YFP,44,90,158,9,9,0.0949367088607595,0.8,0.1078481012658228,0.029779873571729662,0.7114427860696517,False,0.12025316455696203,75,0.2,0.11199367088607595,0.02933281217928408,0.4079601990049751,False,0.025316455696202528
YFP,44,91,158,9,9,0.13291139240506328,0.8,0.10753164556962026,0.029502458837429937,0.23383084577114427,False,0.17721518987341772,300,0.5,0.10715189873417721,0.02986539272226126,0.024875621890547265,True,0.044303797468354444
YFP,44,92,158,9,9,0.0759493670886076,0.2,0.1077848101265823,0.0312706626314091,0.8507462686567164,False,0.15822784810126583,150,0.5,0.11490506329113924,0.03591569164209081,0.15422885572139303,False,0.08227848101265824
YFP,44,93,158,9,9,0.12025316455696203,0.5,0.10664556962025315,0.03154522606612026,0.3582089552238806,False,0.17088607594936708,450,0.2,0.10556962025316455,0.028564888614659327,0.024875621890547265,True,0.050632911392405056
YFP,44,94,158,9,9,0.1518987341772152,0.5,0.10601265822784808,0.030460938829597665,0.08955223880597014,False,0.1518987341772152,900,0.5,0.10601265822784808,0.030460938829597665,0.08955223880597014,False,0.0
YFP,44,95,158,9,9,0.0759493670886076,0.2,0.1063607594936709,0.031030194476292034,0.8507462686567164,False,0.12025316455696203,450,0.2,0.10844936708860761,0.030460459724394748,0.3482587064676617,False,0.04430379746835443
YFP,44,96,158,9,9,0.12025316455696203,0.5,0.10759493670886076,0.03206578077841372,0.35323383084577115,False,0.14556962025316456,450,0.5,0.1100632911392405,0.029813313961331016,0.15920398009950248,False,0.025316455696202528
YFP,44,97,158,9,9,0.1518987341772152,0.8,0.10626582278481013,0.028323071316529648,0.08955223880597014,False,0.1518987341772152,900,0.8,0.10626582278481013,0.028323071316529648,0.08955223880597014,False,0.0
YFP,44,98,158,9,9,0.13291139240506328,0.2,0.10354430379746836,0.029909373007725375,0.208955223880597,False,0.14556962025316456,225,0.8,0.11012658227848103,0.028986287618234404,0.14427860696517414,False,0.012658227848101278
YFP,45,46,158,9,9,0.17088607594936708,0.2,0.10284810126582279,0.032001371090768366,0.04477611940298507,True,0.17088607594936708,75,0.2,0.11613924050632912,0.03357906081219736,0.07960199004975124,False,0.0
YFP,45,47,158,9,9,0.10759493670886076,0.2,0.10490506329113923,0.030259961858673468,0.46766169154228854,False,0.13291139240506328,75,0.5,0.11778481012658229,0.03362123669761667,0.35323383084577115,False,0.025316455696202514
YFP,45,74,158,9,9,0.11392405063291139,0.2,0.10496835443037975,0.031221492195523164,0.42786069651741293,False,0.1518987341772152,60,0.5,0.11493670886075949,0.028857110104424214,0.11940298507462686,False,0.037974683544303806
YFP,45,75,158,9,9,0.0949367088607595,0.2,0.10215189873417721,0.03131009768039614,0.5920398009950248,False,0.15822784810126583,225,0.2,0.10876582278481012,0.027976163641957624,0.04477611940298507,True,0.06329113924050633
YFP,45,76,158,9,9,0.06962025316455696,0.8,0.10341772151898734,0.031460178282982414,0.8706467661691543,False,0.12658227848101267,75,0.2,0.115126582278481,0.030425497747155916,0.3333333333333333,False,0.05696202531645571
YFP,45,77,158,9,9,0.0759493670886076,0.5,0.10009493670886077,0.028945129675261784,0.8208955223880597,False,0.13291139240506328,60,0.8,0.11341772151898734,0.030911009028407724,0.30845771144278605,False,0.05696202531645568
YFP,45,78,158,9,9,0.08227848101265822,0.2,0.10262658227848101,0.02948121464196224,0.7761194029850746,False,0.13924050632911392,180,0.2,0.10867088607594937,0.028875728878942904,0.1691542288557214,False,0.056962025316455694
YFP,45,79,158,9,9,0.08860759493670886,0.2,0.10306962025316455,0.028884563365849526,0.7164179104477612,False,0.1518987341772152,60,0.5,0.11553797468354432,0.0313226800617282,0.15422885572139303,False,0.06329113924050633
YFP,45,80,158,9,9,0.08860759493670886,0.2,0.09639240506329112,0.029240108424793753,0.6169154228855721,False,0.14556962025316456,75,0.5,0.1110126582278481,0.031970471311376605,0.15920398009950248,False,0.056962025316455694
YFP,45,81,158,9,9,0.12658227848101267,0.2,0.10158227848101266,0.030540135424305115,0.2537313432835821,False,0.12658227848101267,60,0.2,0.11734177215189874,0.03369927823707923,0.39303482587064675,False,0.0
YFP,45,82,158,9,9,0.13291139240506328,0.2,0.09879746835443039,0.03076368033623783,0.1691542288557214,False,0.13291139240506328,150,0.5,0.11079113924050633,0.027349786176482687,0.22388059701492538,False,0.0
YFP,45,83,158,9,9,0.08860759493670886,0.2,0.0972151898734177,0.030824146108058108,0.6218905472636815,False,0.13291139240506328,90,0.2,0.1099367088607595,0.032286680567141374,0.24378109452736318,False,0.04430379746835442
YFP,45,84,158,9,9,0.12658227848101267,0.2,0.10528481012658228,0.028483150553378814,0.24875621890547264,False,0.12658227848101267,90,0.8,0.11066455696202532,0.02587465449227573,0.27860696517412936,False,0.0
YFP,45,85,158,9,9,0.06329113924050633,0.8,0.10329113924050633,0.030454395914198535,0.9303482587064676,False,0.12658227848101267,60,0.5,0.11765822784810126,0.0315671695976093,0.4129353233830846,False,0.06329113924050633
YFP,45,86,158,9,9,0.13924050632911392,0.5,0.10689873417721518,0.031037280785704235,0.1890547263681592,False,0.18354430379746836,180,0.5,0.10424050632911391,0.029576872009168864,0.01990049751243781,True,0.044303797468354444
YFP,45,87,158,9,9,0.12025316455696203,0.8,0.09936708860759491,0.02827619674132462,0.2736318407960199,False,0.13291139240506328,150,0.8,0.10610759493670888,0.029420383541476785,0.21393034825870647,False,0.01265822784810125
YFP,45,88,158,9,9,0.10759493670886076,0.8,0.10193037974683544,0.02886378844318198,0.44776119402985076,False,0.13291139240506328,100,0.5,0.10939873417721518,0.027374651730280475,0.23880597014925373,False,0.025316455696202514
YFP,45,89,158,9,9,0.10759493670886076,0.2,0.10189873417721518,0.02977419511142819,0.4577114427860697,False,0.13291139240506328,75,0.5,0.1113607594936709,0.027017300435059323,0.24378109452736318,False,0.025316455696202514
YFP,45,90,158,9,9,0.0949367088607595,0.2,0.10569620253164558,0.030679877844443728,0.6666666666666666,False,0.12658227848101267,75,0.8,0.11193037974683545,0.029472337030715005,0.3333333333333333,False,0.03164556962025317
YFP,45,91,158,9,9,0.1518987341772152,0.5,0.1050632911392405,0.02799718380038034,0.0845771144278607,False,0.17088607594936708,300,0.5,0.10740506329113923,0.030534598348759854,0.03980099502487562,True,0.01898734177215189
YFP,45,92,158,9,9,0.06962025316455696,0.8,0.10123417721518986,0.02951956251922492,0.9054726368159204,False,0.14556962025316456,180,0.2,0.11126582278481012,0.03386326364119164,0.15422885572139303,False,0.0759493670886076
YFP,45,93,158,9,9,0.08227848101265822,0.8,0.10443037974683543,0.032097153235559,0.7761194029850746,False,0.1518987341772152,450,0.8,0.1058860759493671,0.029893687620113678,0.07462686567164178,False,0.06962025316455697
YFP,45,94,158,9,9,0.14556962025316456,0.5,0.10389240506329113,0.029154394921857677,0.10945273631840796,False,0.14556962025316456,900,0.5,0.10389240506329113,0.029154394921857677,0.10945273631840796,False,0.0
YFP,45,95,158,9,9,0.11392405063291139,0.8,0.10623417721518987,0.030619965370427712,0.43283582089552236,False,0.11392405063291139,180,0.2,0.10924050632911392,0.02849772283651331,0.4626865671641791,False,0.0
YFP,45,96,158,9,9,0.14556962025316456,0.2,0.10639240506329115,0.029661687043985516,0.12437810945273632,False,0.14556962025316456,900,0.2,0.10639240506329115,0.029661687043985516,0.12437810945273632,False,0.0
YFP,45,97,158,9,9,0.13924050632911392,0.2,0.10490506329113923,0.02845670711222554,0.13930348258706468,False,0.14556962025316456,100,0.8,0.11028481012658227,0.025533683363231082,0.1044776119402985,False,0.006329113924050639
YFP,45,98,158,9,9,0.13291139240506328,0.2,0.10161392405063292,0.02827048326180543,0.1691542288557214,False,0.14556962025316456,225,0.5,0.10908227848101265,0.028375526440887935,0.12437810945273632,False,0.012658227848101278
YFP,46,47,158,9,9,0.13924050632911392,0.2,0.10278481012658229,0.0305762994756484,0.14925373134328357,False,0.16455696202531644,75,0.2,0.11541139240506329,0.03486849689794487,0.08955223880597014,False,0.025316455696202528
YFP,46,74,158,9,9,0.08860759493670886,0.8,0.1066772151898734,0.031267363402522355,0.7263681592039801,False,0.17088607594936708,60,0.2,0.11550632911392406,0.027081689955866357,0.029850746268656716,True,0.08227848101265822
YFP,46,75,158,9,9,0.0949367088607595,0.2,0.10335443037974683,0.027321159128620185,0.6616915422885572,False,0.18354430379746836,150,0.2,0.11060126582278482,0.02743752404767888,0.014925373134328358,True,0.08860759493670886
YFP,46,76,158,9,9,0.08860759493670886,0.2,0.10360759493670887,0.027122985271534557,0.746268656716418,False,0.15822784810126583,180,0.2,0.10848101265822784,0.030103914983299618,0.07462686567164178,False,0.06962025316455697
YFP,46,77,158,9,9,0.12025316455696203,0.8,0.10287974683544306,0.027076096137674158,0.26865671641791045,False,0.13924050632911392,60,0.8,0.11316455696202533,0.02828730001626471,0.21890547263681592,False,0.01898734177215189
YFP,46,78,158,9,9,0.12658227848101267,0.2,0.10424050632911391,0.027787244628887577,0.24875621890547264,False,0.17088607594936708,180,0.2,0.10674050632911392,0.029315513710333155,0.024875621890547265,True,0.04430379746835442
YFP,46,79,158,9,9,0.0949367088607595,0.5,0.10604430379746836,0.029107545148198286,0.6865671641791045,False,0.1518987341772152,150,0.2,0.10974683544303797,0.029430388296455865,0.10945273631840796,False,0.056962025316455694
YFP,46,80,158,9,9,0.12025316455696203,0.5,0.10528481012658228,0.025868430050372555,0.31840796019900497,False,0.23417721518987342,75,0.2,0.11414556962025316,0.03228086626897131,0.004975124378109453,True,0.11392405063291139
YFP,46,81,158,9,9,0.10759493670886076,0.8,0.1025,0.02850095422421623,0.43781094527363185,False,0.16455696202531644,90,0.2,0.11180379746835443,0.027666493987448894,0.04477611940298507,True,0.05696202531645568
YFP,46,82,158,9,9,0.08860759493670886,0.2,0.1060759493670886,0.028042012427366373,0.7661691542288557,False,0.17088607594936708,150,0.8,0.10689873417721518,0.027340897511613192,0.029850746268656716,True,0.08227848101265822
YFP,46,83,158,9,9,0.13291139240506328,0.2,0.10496835443037973,0.027115321427055073,0.1890547263681592,False,0.14556962025316456,75,0.2,0.11227848101265822,0.029681021868645453,0.17412935323383086,False,0.012658227848101278
YFP,46,84,158,9,9,0.13924050632911392,0.5,0.10658227848101266,0.031028524012080796,0.1691542288557214,False,0.17721518987341772,300,0.5,0.11025316455696203,0.030418682510741157,0.029850746268656716,True,0.037974683544303806
YFP,46,85,158,9,9,0.10126582278481013,0.2,0.10268987341772152,0.031524081412753764,0.5522388059701493,False,0.15822784810126583,225,0.2,0.10977848101265822,0.029973627500406847,0.0845771144278607,False,0.05696202531645571
YFP,46,86,158,9,9,0.12658227848101267,0.8,0.10601265822784811,0.028550720763424364,0.2835820895522388,False,0.18354430379746836,450,0.5,0.10651898734177216,0.02976817746570336,0.014925373134328358,True,0.056962025316455694
YFP,46,87,158,9,9,0.17088607594936708,0.2,0.09841772151898734,0.02802413267927361,0.029850746268656716,True,0.17088607594936708,900,0.2,0.09841772151898734,0.02802413267927361,0.029850746268656716,True,0.0
YFP,46,88,158,9,9,0.12025316455696203,0.5,0.10439873417721518,0.029152461613410473,0.3283582089552239,False,0.12658227848101267,100,0.2,0.11050632911392405,0.027663310657421315,0.3034825870646766,False,0.006329113924050639
YFP,46,89,158,9,9,0.11392405063291139,0.2,0.10439873417721518,0.02959107574948118,0.4129353233830846,False,0.13291139240506328,75,0.2,0.11401898734177215,0.02847113385204805,0.30845771144278605,False,0.01898734177215189
YFP,46,90,158,9,9,0.10759493670886076,0.2,0.10575949367088608,0.02931491288568025,0.4925373134328358,False,0.14556962025316456,75,0.8,0.11183544303797469,0.0287499756914438,0.12935323383084577,False,0.03797468354430379
YFP,46,91,158,9,9,0.15822784810126583,0.8,0.10693037974683545,0.030359315453254185,0.07960199004975124,False,0.17088607594936708,75,0.5,0.11265822784810126,0.032228584070622235,0.04975124378109453,True,0.01265822784810125
YFP,46,92,158,9,9,0.0949367088607595,0.2,0.10294303797468356,0.03144761891073319,0.5970149253731343,False,0.15822784810126583,90,0.8,0.11560126582278482,0.03296027096068658,0.11442786069651742,False,0.06329113924050633
YFP,46,93,158,9,9,0.13291139240506328,0.2,0.10626582278481013,0.03237558839768579,0.21393034825870647,False,0.16455696202531644,300,0.2,0.10759493670886076,0.029228334064237933,0.024875621890547265,True,0.03164556962025317
YFP,46,94,158,9,9,0.16455696202531644,0.2,0.10471518987341771,0.028824707813391214,0.029850746268656716,True,0.16455696202531644,900,0.2,0.10471518987341771,0.028824707813391214,0.029850746268656716,True,0.0
YFP,46,95,158,9,9,0.12658227848101267,0.8,0.10509493670886076,0.029617593827853658,0.2736318407960199,False,0.13291139240506328,180,0.2,0.10838607594936707,0.028190194446624003,0.21890547263681592,False,0.006329113924050611
YFP,46,96,158,9,9,0.13924050632911392,0.2,0.10822784810126582,0.030607620243578517,0.1791044776119403,False,0.15822784810126583,450,0.2,0.10816455696202532,0.029414994956250037,0.08955223880597014,False,0.018987341772151917
YFP,46,97,158,9,9,0.13924050632911392,0.2,0.10645569620253166,0.029143915544572904,0.13432835820895522,False,0.14556962025316456,100,0.8,0.11094936708860761,0.02478539429761806,0.08955223880597014,False,0.006329113924050639
YFP,46,98,158,9,9,0.1518987341772152,0.2,0.10205696202531646,0.028502649231921532,0.05970149253731343,False,0.15822784810126583,90,0.2,0.1124367088607595,0.027953849534635426,0.07462686567164178,False,0.006329113924050639
YFP,47,74,158,9,9,0.0949367088607595,0.2,0.10699367088607595,0.028844254747004142,0.6716417910447762,False,0.14556962025316456,60,0.8,0.11537974683544305,0.028656001102960203,0.19402985074626866,False,0.050632911392405056
YFP,47,75,158,9,9,0.0949367088607595,0.2,0.10787974683544305,0.02893970476507464,0.7064676616915423,False,0.13924050632911392,75,0.2,0.11639240506329113,0.02943962043713432,0.27860696517412936,False,0.04430379746835442
YFP,47,76,158,9,9,0.08860759493670886,0.2,0.10816455696202532,0.02705521597124171,0.8109452736318408,False,0.13291139240506328,75,0.2,0.11291139240506329,0.029058697616812453,0.26865671641791045,False,0.04430379746835442
YFP,47,77,158,9,9,0.12025316455696203,0.2,0.10632911392405063,0.02519690620542091,0.3333333333333333,False,0.13291139240506328,300,0.5,0.10544303797468356,0.028307786928250447,0.208955223880597,False,0.01265822784810125
YFP,47,78,158,9,9,0.10759493670886076,0.2,0.10876582278481013,0.02754837445529406,0.5373134328358209,False,0.12658227848101267,180,0.5,0.10946202531645569,0.02731148727267975,0.2935323383084577,False,0.018987341772151903
YFP,47,79,158,9,9,0.0949367088607595,0.2,0.10835443037974685,0.028507045188439238,0.7064676616915423,False,0.1518987341772152,75,0.8,0.11588607594936709,0.03324554037512788,0.16417910447761194,False,0.056962025316455694
YFP,47,80,158,9,9,0.12658227848101267,0.2,0.10525316455696203,0.028128521461597354,0.263681592039801,False,0.189873417721519,75,0.2,0.11094936708860759,0.032551191478235694,0.014925373134328358,True,0.06329113924050633
YFP,47,81,158,9,9,0.12025316455696203,0.8,0.10417721518987343,0.029206563106044588,0.31840796019900497,False,0.12025316455696203,75,0.2,0.11534810126582279,0.03156237075371763,0.48258706467661694,False,0.0
YFP,47,82,158,9,9,0.13291139240506328,0.5,0.1078481012658228,0.029961822274281236,0.21393034825870647,False,0.13291139240506328,900,0.5,0.1078481012658228,0.029961822274281236,0.21393034825870647,False,0.0
YFP,47,83,158,9,9,0.10126582278481013,0.2,0.10617088607594936,0.029224459882429034,0.572139303482587,False,0.1518987341772152,75,0.2,0.11174050632911392,0.03028097546961953,0.12437810945273632,False,0.05063291139240507
YFP,47,84,158,9,9,0.10759493670886076,0.5,0.10610759493670885,0.028594593614232007,0.47761194029850745,False,0.16455696202531644,300,0.5,0.1096518987341772,0.030176694972183428,0.04975124378109453,True,0.05696202531645568
YFP,47,85,158,9,9,0.08860759493670886,0.2,0.10487341772151898,0.02840057480393193,0.746268656716418,False,0.13291139240506328,60,0.5,0.11784810126582279,0.03144814698533945,0.3482587064676617,False,0.04430379746835442
YFP,47,86,158,9,9,0.13924050632911392,0.2,0.10800632911392405,0.02889640814116841,0.19900497512437812,False,0.189873417721519,180,0.2,0.10772151898734178,0.030627080871714455,0.014925373134328358,True,0.05063291139240508
YFP,47,87,158,9,9,0.15822784810126583,0.5,0.10031645569620253,0.029254148831301573,0.03980099502487562,True,0.15822784810126583,900,0.5,0.10031645569620253,0.029254148831301573,0.03980099502487562,True,0.0
YFP,47,88,158,9,9,0.08860759493670886,0.2,0.1034493670886076,0.030027305303163918,0.736318407960199,False,0.12658227848101267,90,0.8,0.11034810126582278,0.030247586262352244,0.3034825870646766,False,0.037974683544303806
YFP,47,89,158,9,9,0.10759493670886076,0.2,0.10329113924050633,0.028409433053444604,0.44776119402985076,False,0.12658227848101267,75,0.2,0.11246835443037974,0.026373440958629486,0.31840796019900497,False,0.018987341772151903
YFP,47,90,158,9,9,0.0949367088607595,0.2,0.10860759493670886,0.030715549693122096,0.6965174129353234,False,0.12658227848101267,225,0.8,0.1115506329113924,0.028590791970180354,0.3283582089552239,False,0.03164556962025317
YFP,47,91,158,9,9,0.1518987341772152,0.2,0.1068987341772152,0.02844505076475002,0.07462686567164178,False,0.17088607594936708,75,0.2,0.11199367088607595,0.031143511208249236,0.05472636815920398,False,0.01898734177215189
YFP,47,92,158,9,9,0.06329113924050633,0.2,0.10655063291139238,0.03024226186770449,0.9203980099502488,False,0.1518987341772152,90,0.2,0.11585443037974684,0.03316556631760957,0.15920398009950248,False,0.08860759493670886
YFP,47,93,158,9,9,0.12658227848101267,0.8,0.10712025316455694,0.03290807416250092,0.27860696517412936,False,0.16455696202531644,450,0.2,0.1056012658227848,0.028962510360232153,0.04975124378109453,True,0.03797468354430378
YFP,47,94,158,9,9,0.15822784810126583,0.8,0.10411392405063291,0.030242078824972925,0.05472636815920398,False,0.15822784810126583,900,0.8,0.10411392405063291,0.030242078824972925,0.05472636815920398,False,0.0
YFP,47,95,158,9,9,0.0949367088607595,0.2,0.1061392405063291,0.030559639027356266,0.6766169154228856,False,0.12025316455696203,450,0.2,0.10819620253164558,0.03112023404751359,0.36318407960199006,False,0.025316455696202528
YFP,47,96,158,9,9,0.12658227848101267,0.5,0.1108860759493671,0.03215329610244615,0.2935323383084577,False,0.12658227848101267,225,0.5,0.112373417721519,0.029642050997831387,0.31343283582089554,False,0.0
YFP,47,97,158,9,9,0.13924050632911392,0.2,0.10683544303797468,0.02817321255621426,0.15920398009950248,False,0.13924050632911392,100,0.8,0.11012658227848103,0.025577497761555965,0.12935323383084577,False,0.0
YFP,47,98,158,9,9,0.14556962025316456,0.5,0.10227848101265823,0.029437227197202185,0.09950248756218906,False,0.16455696202531644,60,0.2,0.11547468354430379,0.027507571396968144,0.06965174129353234,False,0.01898734177215189
YFP,74,75,158,9,9,0.08860759493670886,0.2,0.10610759493670888,0.02738641453351281,0.7960199004975125,False,0.15822784810126583,180,0.5,0.10683544303797468,0.027434754386091793,0.03980099502487562,True,0.06962025316455697
YFP,74,76,158,9,9,0.08227848101265822,0.2,0.10693037974683545,0.027652812167517832,0.8308457711442786,False,0.16455696202531644,180,0.2,0.10651898734177216,0.02804107922861085,0.03482587064676617,True,0.08227848101265822
YFP,74,77,158,9,9,0.08227848101265822,0.2,0.10582278481012658,0.02985629223886525,0.8159203980099502,False,0.14556962025316456,60,0.5,0.11528481012658229,0.029144727097166194,0.1890547263681592,False,0.06329113924050633
YFP,74,78,158,9,9,0.12025316455696203,0.2,0.10851265822784811,0.03077419683599926,0.4129353233830846,False,0.17721518987341772,180,0.2,0.10645569620253165,0.026797827246647893,0.014925373134328358,True,0.056962025316455694
YFP,74,79,158,9,9,0.0949367088607595,0.8,0.10813291139240505,0.030612733143721503,0.7114427860696517,False,0.13924050632911392,60,0.8,0.11395569620253167,0.028407573050174894,0.22388059701492538,False,0.04430379746835442
YFP,74,80,158,9,9,0.06329113924050633,0.2,0.10693037974683545,0.02995212944414199,0.9502487562189055,False,0.17088607594936708,60,0.5,0.11556962025316456,0.029036522172788425,0.04975124378109453,True,0.10759493670886075
YFP,74,81,158,9,9,0.08227848101265822,0.8,0.10560126582278481,0.02919786051872129,0.8308457711442786,False,0.1518987341772152,180,0.8,0.10816455696202532,0.029264055650686426,0.08955223880597014,False,0.06962025316455697
YFP,74,82,158,9,9,0.12025316455696203,0.2,0.10319620253164556,0.028298950209754356,0.263681592039801,False,0.17721518987341772,180,0.8,0.11018987341772152,0.02936019771799817,0.029850746268656716,True,0.056962025316455694
YFP,74,83,158,9,9,0.06329113924050633,0.2,0.10705696202531645,0.029164749749122504,0.9552238805970149,False,0.1518987341772152,60,0.2,0.11367088607594937,0.029623998801966717,0.11442786069651742,False,0.08860759493670886
YFP,74,84,158,9,9,0.12025316455696203,0.2,0.1089240506329114,0.030274277302502525,0.35323383084577115,False,0.17088607594936708,300,0.5,0.10943037974683545,0.02824478502708691,0.04477611940298507,True,0.050632911392405056
YFP,74,85,158,9,9,0.06962025316455696,0.8,0.10395569620253164,0.02827931108041076,0.9203980099502488,False,0.14556962025316456,225,0.5,0.1072151898734177,0.028809637156306432,0.09950248756218906,False,0.0759493670886076
YFP,74,86,158,9,9,0.13924050632911392,0.8,0.10800632911392405,0.027084124113924565,0.15422885572139303,False,0.20253164556962025,180,0.5,0.10693037974683545,0.029155223443376056,0.009950248756218905,True,0.06329113924050633
YFP,74,87,158,9,9,0.10759493670886076,0.2,0.10322784810126581,0.029627735812877587,0.4577114427860697,False,0.16455696202531644,150,0.8,0.10696202531645568,0.02818349933950995,0.03482587064676617,True,0.05696202531645568
YFP,74,88,158,9,9,0.12025316455696203,0.5,0.10303797468354431,0.027054992765793647,0.29850746268656714,False,0.12658227848101267,60,0.8,0.11645569620253164,0.02676956868479836,0.39800995024875624,False,0.006329113924050639
YFP,74,89,158,9,9,0.08860759493670886,0.5,0.10382911392405063,0.030549015720032914,0.7064676616915423,False,0.14556962025316456,75,0.5,0.11284810126582279,0.02792598588828495,0.13930348258706468,False,0.056962025316455694
YFP,74,90,158,9,9,0.04430379746835443,0.2,0.10844936708860761,0.03028150727051185,0.9800995024875622,False,0.13924050632911392,180,0.5,0.1113607594936709,0.02791868667543142,0.20398009950248755,False,0.09493670886075949
YFP,74,91,158,9,9,0.13924050632911392,0.8,0.10772151898734177,0.030263437426177806,0.17412935323383086,False,0.18354430379746836,300,0.5,0.1085759493670886,0.028665745978989618,0.014925373134328358,True,0.044303797468354444
YFP,74,92,158,9,9,0.06962025316455696,0.2,0.1075632911392405,0.029403410432709234,0.9253731343283582,False,0.15822784810126583,60,0.5,0.11585443037974683,0.029626427912678048,0.07960199004975124,False,0.08860759493670887
YFP,74,93,158,9,9,0.11392405063291139,0.2,0.10363924050632912,0.027330938038488857,0.40298507462686567,False,0.15822784810126583,225,0.5,0.10563291139240505,0.028730925116645257,0.04477611940298507,True,0.044303797468354444
YFP,74,94,158,9,9,0.0949367088607595,0.5,0.10439873417721518,0.02942736157562758,0.6567164179104478,False,0.13291139240506328,90,0.2,0.1110126582278481,0.029102997814217664,0.263681592039801,False,0.03797468354430378
YFP,74,95,158,9,9,0.0949367088607595,0.5,0.10724683544303798,0.029029294170642005,0.7064676616915423,False,0.12658227848101267,300,0.2,0.1097151898734177,0.026286037745232648,0.26865671641791045,False,0.03164556962025317
YFP,74,96,158,9,9,0.13291139240506328,0.2,0.11212025316455698,0.03153646671855017,0.24875621890547264,False,0.13291139240506328,300,0.2,0.1059493670886076,0.02764438501942505,0.21393034825870647,False,0.0
YFP,74,97,158,9,9,0.14556962025316456,0.8,0.10753164556962026,0.026648908893232404,0.10945273631840796,False,0.17088607594936708,300,0.2,0.10705696202531646,0.02865647525469549,0.01990049751243781,True,0.025316455696202528
YFP,74,98,158,9,9,0.11392405063291139,0.8,0.10357594936708861,0.028334351590891125,0.36318407960199006,False,0.1518987341772152,300,0.8,0.1097151898734177,0.030832226454524603,0.09950248756218906,False,0.037974683544303806
YFP,75,76,158,9,9,0.0949367088607595,0.5,0.10477848101265823,0.028095493842562075,0.6318407960199005,False,0.13924050632911392,180,0.8,0.10677215189873418,0.029749237607826433,0.17412935323383086,False,0.04430379746835442
YFP,75,77,158,9,9,0.12025316455696203,0.5,0.10360759493670885,0.028128521461597354,0.29850746268656714,False,0.12658227848101267,300,0.8,0.10503164556962026,0.026490625478287438,0.23880597014925373,False,0.006329113924050639
YFP,75,78,158,9,9,0.0949367088607595,0.8,0.1053481012658228,0.029915143563941017,0.6716417910447762,False,0.1518987341772152,180,0.8,0.10696202531645571,0.028018744977084193,0.0845771144278607,False,0.056962025316455694
YFP,75,79,158,9,9,0.10759493670886076,0.8,0.1069620253164557,0.028488962696807868,0.5124378109452736,False,0.14556962025316456,150,0.2,0.11180379746835443,0.028723129650658645,0.14925373134328357,False,0.03797468354430379
YFP,75,80,158,9,9,0.11392405063291139,0.2,0.10357594936708861,0.02709229831106909,0.3681592039800995,False,0.16455696202531644,150,0.2,0.11018987341772153,0.030470453289424812,0.05472636815920398,False,0.050632911392405056
YFP,75,81,158,9,9,0.08860759493670886,0.5,0.10401898734177216,0.031048871602709846,0.7114427860696517,False,0.14556962025316456,300,0.5,0.10563291139240506,0.029898266180148653,0.0945273631840796,False,0.056962025316455694
YFP,75,82,158,9,9,0.06962025316455696,0.2,0.10490506329113923,0.02837169544310988,0.9303482587064676,False,0.15822784810126583,300,0.2,0.10677215189873417,0.027520831712263074,0.04477611940298507,True,0.08860759493670887
YFP,75,83,158,9,9,0.12658227848101267,0.2,0.10341772151898734,0.029655239301087776,0.263681592039801,False,0.13291139240506328,150,0.5,0.10879746835443038,0.029552905810136466,0.263681592039801,False,0.006329113924050611
YFP,75,84,158,9,9,0.0949367088607595,0.5,0.1060759493670886,0.029112679496496117,0.6766169154228856,False,0.16455696202531644,300,0.2,0.1064873417721519,0.0268629301818154,0.03482587064676617,True,0.06962025316455694
YFP,75,85,158,9,9,0.08227848101265822,0.2,0.10297468354430381,0.028886880446622673,0.7960199004975125,False,0.1518987341772152,300,0.5,0.10886075949367088,0.029747139953536027,0.11940298507462686,False,0.06962025316455697
YFP,75,86,158,9,9,0.12025316455696203,0.8,0.10844936708860761,0.027944486702955254,0.38308457711442784,False,0.17088607594936708,180,0.5,0.10794303797468356,0.02785444339137046,0.01990049751243781,True,0.050632911392405056
YFP,75,87,158,9,9,0.10126582278481013,0.8,0.09889240506329113,0.02816519125995956,0.4925373134328358,False,0.14556962025316456,150,0.8,0.10702531645569621,0.026958320498810626,0.10945273631840796,False,0.04430379746835443
YFP,75,88,158,9,9,0.08860759493670886,0.2,0.10443037974683544,0.031354812096734096,0.7014925373134329,False,0.12658227848101267,100,0.2,0.11287974683544304,0.02978620986071433,0.3482587064676617,False,0.037974683544303806
YFP,75,89,158,9,9,0.06962025316455696,0.5,0.10306962025316455,0.027433415310354963,0.9154228855721394,False,0.13924050632911392,75,0.5,0.11246835443037974,0.026894926710927226,0.19900497512437812,False,0.06962025316455696
YFP,75,90,158,9,9,0.0759493670886076,0.2,0.10686708860759495,0.029160608259452013,0.8706467661691543,False,0.12658227848101267,75,0.2,0.11218354430379747,0.02869269832701988,0.373134328358209,False,0.05063291139240507
YFP,75,91,158,9,9,0.13291139240506328,0.5,0.10563291139240505,0.028250485890511334,0.208955223880597,False,0.17721518987341772,300,0.2,0.10759493670886076,0.030856520033817836,0.029850746268656716,True,0.044303797468354444
YFP,75,92,158,9,9,0.12025316455696203,0.8,0.10367088607594938,0.02808017518826565,0.31343283582089554,False,0.14556962025316456,150,0.2,0.11056962025316455,0.030986132238598592,0.15422885572139303,False,0.025316455696202528
YFP,75,93,158,9,9,0.10759493670886076,0.5,0.10563291139240505,0.03254179051908288,0.4527363184079602,False,0.17088607594936708,300,0.2,0.10686708860759492,0.027832610289171035,0.024875621890547265,True,0.06329113924050632
YFP,75,94,158,9,9,0.11392405063291139,0.5,0.10382911392405063,0.029882827568846953,0.36318407960199006,False,0.16455696202531644,225,0.5,0.11151898734177217,0.026968548201832344,0.04477611940298507,True,0.050632911392405056
YFP,75,95,158,9,9,0.10759493670886076,0.2,0.10525316455696203,0.029606802476402364,0.48756218905472637,False,0.14556962025316456,300,0.2,0.10680379746835443,0.027598454685302583,0.08955223880597014,False,0.03797468354430379
YFP,75,96,158,9,9,0.10759493670886076,0.2,0.11060126582278482,0.030150001000432244,0.5472636815920398,False,0.13291139240506328,150,0.8,0.11082278481012658,0.030056737004805066,0.2736318407960199,False,0.025316455696202514
YFP,75,97,158,9,9,0.1518987341772152,0.2,0.10544303797468353,0.025557342622166218,0.05472636815920398,False,0.1518987341772152,900,0.2,0.10544303797468353,0.025557342622166218,0.05472636815920398,False,0.0
YFP,75,98,158,9,9,0.12658227848101267,0.2,0.10234177215189874,0.029822225065643235,0.263681592039801,False,0.14556962025316456,100,0.5,0.11550632911392406,0.026947566028011967,0.16417910447761194,False,0.01898734177215189
YFP,76,77,158,9,9,0.10759493670886076,0.2,0.10306962025316455,0.026332709279505432,0.4925373134328358,False,0.14556962025316456,450,0.2,0.10610759493670888,0.027838395559595323,0.11442786069651742,False,0.03797468354430379
YFP,76,78,158,9,9,0.06962025316455696,0.8,0.10579113924050634,0.02864663938984166,0.9104477611940298,False,0.16455696202531644,180,0.5,0.10778481012658228,0.030620179023872922,0.05472636815920398,False,0.09493670886075949
YFP,76,79,158,9,9,0.0949367088607595,0.5,0.10484177215189874,0.030426738220615306,0.6368159203980099,False,0.14556962025316456,75,0.5,0.11338607594936709,0.03205182586287828,0.18407960199004975,False,0.050632911392405056
YFP,76,80,158,9,9,0.08860759493670886,0.8,0.10468354430379746,0.028790066719188715,0.7213930348258707,False,0.1518987341772152,180,0.2,0.10553797468354432,0.030143323813848596,0.1044776119402985,False,0.06329113924050633
YFP,76,81,158,9,9,0.08860759493670886,0.2,0.10287974683544304,0.029828214936452633,0.7014925373134329,False,0.11392405063291139,100,0.2,0.11582278481012658,0.031012690681497018,0.5124378109452736,False,0.025316455696202528
YFP,76,82,158,9,9,0.08860759493670886,0.2,0.1050632911392405,0.029186982946058142,0.746268656716418,False,0.12025316455696203,180,0.8,0.11003164556962026,0.03142328585607296,0.4228855721393035,False,0.03164556962025317
YFP,76,83,158,9,9,0.0759493670886076,0.2,0.10329113924050633,0.02793787681569451,0.8706467661691543,False,0.11392405063291139,75,0.8,0.11174050632911392,0.030027305303163918,0.5223880597014925,False,0.03797468354430379
YFP,76,84,158,9,9,0.0949367088607595,0.8,0.10579113924050633,0.03198644411992558,0.6567164179104478,False,0.13924050632911392,450,0.5,0.10591772151898735,0.026818232284531122,0.14925373134328357,False,0.04430379746835442
YFP,76,85,158,9,9,0.10759493670886076,0.2,0.1062974683544304,0.029978328145158783,0.5422885572139303,False,0.12658227848101267,450,0.2,0.10670886075949367,0.028004660221523744,0.2885572139303483,False,0.018987341772151903
YFP,76,86,158,9,9,0.13924050632911392,0.2,0.1073101265822785,0.027337271284349433,0.14925373134328357,False,0.20253164556962025,180,0.2,0.10984177215189873,0.028748487819891644,0.004975124378109453,True,0.06329113924050633
YFP,76,87,158,9,9,0.16455696202531644,0.2,0.09901898734177214,0.03000249125631305,0.024875621890547265,True,0.16455696202531644,900,0.2,0.09901898734177214,0.03000249125631305,0.024875621890547265,True,0.0
YFP,76,88,158,9,9,0.0759493670886076,0.5,0.102373417721519,0.029891852632682618,0.8706467661691543,False,0.12025316455696203,225,0.2,0.11139240506329112,0.03047580386773156,0.4228855721393035,False,0.04430379746835443
YFP,76,89,158,9,9,0.08860759493670886,0.8,0.102373417721519,0.029100213734405727,0.7263681592039801,False,0.13291139240506328,75,0.2,0.1125632911392405,0.027510352020203646,0.263681592039801,False,0.04430379746835442
YFP,76,90,158,9,9,0.08860759493670886,0.5,0.10667721518987343,0.030767655112492617,0.7611940298507462,False,0.12025316455696203,75,0.2,0.11405063291139239,0.028580387665020714,0.4626865671641791,False,0.03164556962025317
YFP,76,91,158,9,9,0.1518987341772152,0.8,0.10528481012658228,0.03049018302059495,0.0845771144278607,False,0.16455696202531644,75,0.8,0.11313291139240507,0.03265015427749526,0.06965174129353234,False,0.01265822784810125
YFP,76,92,158,9,9,0.08227848101265822,0.5,0.10556962025316455,0.030308633346771165,0.7960199004975125,False,0.11392405063291139,75,0.5,0.11360759493670886,0.03297414664666653,0.4975124378109453,False,0.03164556962025317
YFP,76,93,158,9,9,0.11392405063291139,0.5,0.10433544303797468,0.031142089214226593,0.38308457711442784,False,0.14556962025316456,450,0.2,0.10670886075949367,0.02823373632851443,0.12437810945273632,False,0.03164556962025317
YFP,76,94,158,9,9,0.11392405063291139,0.8,0.10515822784810126,0.030873981970780884,0.3781094527363184,False,0.12658227848101267,180,0.8,0.10721518987341773,0.026342358428880528,0.2736318407960199,False,0.012658227848101278
YFP,76,95,158,9,9,0.12658227848101267,0.2,0.1056012658227848,0.030964475785448437,0.2835820895522388,False,0.13924050632911392,225,0.2,0.10737341772151898,0.02978350654229119,0.17412935323383086,False,0.01265822784810125
YFP,76,96,158,9,9,0.08227848101265822,0.5,0.1085759493670886,0.029160056016387523,0.845771144278607,False,0.10759493670886076,75,0.2,0.11550632911392406,0.03156436371766797,0.6368159203980099,False,0.02531645569620254
YFP,76,97,158,9,9,0.14556962025316456,0.8,0.105126582278481,0.026167167808787906,0.09950248756218906,False,0.14556962025316456,100,0.8,0.1108860759493671,0.024499903218047455,0.0945273631840796,False,0.0
YFP,76,98,158,9,9,0.13924050632911392,0.5,0.10297468354430378,0.02952101152830945,0.11940298507462686,False,0.13924050632911392,225,0.5,0.10984177215189873,0.029282673459821933,0.1791044776119403,False,0.0
YFP,77,78,158,9,9,0.10126582278481013,0.2,0.10389240506329114,0.02774641196862069,0.5572139303482587,False,0.15822784810126583,180,0.8,0.10727848101265822,0.02985352783915021,0.06965174129353234,False,0.05696202531645571
YFP,77,79,158,9,9,0.0949367088607595,0.2,0.10424050632911391,0.03082329714063008,0.6417910447761194,False,0.13291139240506328,60,0.5,0.11731012658227849,0.030408870520641028,0.3283582089552239,False,0.03797468354430378
YFP,77,80,158,9,9,0.08227848101265822,0.2,0.10382911392405063,0.02768700404044885,0.8109452736318408,False,0.13291139240506328,75,0.2,0.10841772151898735,0.029531919431385317,0.23383084577114427,False,0.050632911392405056
YFP,77,81,158,9,9,0.0759493670886076,0.5,0.10015822784810126,0.030859373966850775,0.8059701492537313,False,0.12025316455696203,60,0.8,0.11781645569620253,0.0335726309289382,0.5024875621890548,False,0.04430379746835443
YFP,77,82,158,9,9,0.11392405063291139,0.2,0.10462025316455696,0.028551848810116593,0.38308457711442784,False,0.14556962025316456,180,0.8,0.11012658227848102,0.02915938295601184,0.14427860696517414,False,0.03164556962025317
YFP,77,83,158,9,9,0.06962025316455696,0.2,0.1010126582278481,0.02642018666373986,0.9203980099502488,False,0.12025316455696203,60,0.8,0.11189873417721519,0.03066517737505905,0.44776119402985076,False,0.05063291139240507
YFP,77,84,158,9,9,0.12025316455696203,0.8,0.10481012658227847,0.028976841577143,0.31840796019900497,False,0.17721518987341772,300,0.8,0.10863924050632914,0.030998261685475176,0.029850746268656716,True,0.056962025316455694
YFP,77,85,158,9,9,0.0949367088607595,0.5,0.1025,0.03069101335408702,0.6218905472636815,False,0.14556962025316456,300,0.2,0.1075632911392405,0.027257630705091577,0.11442786069651742,False,0.050632911392405056
YFP,77,86,158,9,9,0.12025316455696203,0.2,0.1064240506329114,0.02893817447832856,0.3482587064676617,False,0.17088607594936708,180,0.5,0.10715189873417721,0.02947870528061689,0.03482587064676617,True,0.050632911392405056
YFP,77,87,158,9,9,0.10126582278481013,0.8,0.09753164556962025,0.029510645285891125,0.43781094527363185,False,0.12658227848101267,60,0.2,0.1121518987341772,0.02948314346161493,0.35323383084577115,False,0.02531645569620254
YFP,77,88,158,9,9,0.12025316455696203,0.2,0.10294303797468354,0.029682632535535807,0.3383084577114428,False,0.12025316455696203,900,0.2,0.10294303797468354,0.029682632535535807,0.3383084577114428,False,0.0
YFP,77,89,158,9,9,0.10759493670886076,0.5,0.105,0.028841410793768583,0.47761194029850745,False,0.13924050632911392,450,0.2,0.10329113924050634,0.029596262242358038,0.14925373134328357,False,0.03164556962025315
YFP,77,90,158,9,9,0.10759493670886076,0.8,0.10601265822784811,0.031011067957445914,0.4626865671641791,False,0.13291139240506328,75,0.8,0.11158227848101265,0.029271758636603126,0.26865671641791045,False,0.025316455696202514
YFP,77,91,158,9,9,0.0949367088607595,0.5,0.10636075949367088,0.028536246084384292,0.6517412935323383,False,0.17088607594936708,75,0.8,0.11259493670886077,0.034593848481259404,0.06965174129353234,False,0.07594936708860758
YFP,77,92,158,9,9,0.0759493670886076,0.2,0.10259493670886076,0.02912892365755401,0.8407960199004975,False,0.12658227848101267,75,0.5,0.11132911392405063,0.030384450900568866,0.35323383084577115,False,0.05063291139240507
YFP,77,93,158,9,9,0.10759493670886076,0.5,0.10471518987341773,0.03197649942669551,0.4626865671641791,False,0.17088607594936708,450,0.8,0.10556962025316455,0.029534986553283276,0.03482587064676617,True,0.06329113924050632
YFP,77,94,158,9,9,0.11392405063291139,0.5,0.10471518987341771,0.030328800203838314,0.3880597014925373,False,0.14556962025316456,60,0.2,0.11341772151898734,0.030332533335600747,0.17412935323383086,False,0.03164556962025317
YFP,77,95,158,9,9,0.10759493670886076,0.5,0.10522151898734178,0.030066429586532106,0.4975124378109453,False,0.10759493670886076,300,0.2,0.10860759493670886,0.029072548679887174,0.5472636815920398,False,0.0
YFP,77,96,158,9,9,0.10126582278481013,0.8,0.10848101265822784,0.03098047995108734,0.5970149253731343,False,0.11392405063291139,225,0.8,0.10984177215189873,0.02867838304603522,0.4527363184079602,False,0.012658227848101264
YFP,77,97,158,9,9,0.12658227848101267,0.5,0.10493670886075951,0.02638603155335312,0.22388059701492538,False,0.13291139240506328,100,0.5,0.1111392405063291,0.026127520620385453,0.24875621890547264,False,0.006329113924050611
YFP,77,98,158,9,9,0.13291139240506328,0.2,0.10449367088607595,0.03101911583504518,0.208955223880597,False,0.14556962025316456,60,0.2,0.11712025316455696,0.02824768904815955,0.19900497512437812,False,0.012658227848101278
YFP,78,79,158,9,9,0.11392405063291139,0.2,0.10854430379746835,0.03030192468592845,0.44776119402985076,False,0.13924050632911392,100,0.2,0.11177215189873418,0.029560056851963397,0.1890547263681592,False,0.025316455696202528
YFP,78,80,158,9,9,0.11392405063291139,0.2,0.1079746835443038,0.028309209079928985,0.42786069651741293,False,0.13291139240506328,75,0.2,0.10984177215189873,0.02816847865981917,0.22885572139303484,False,0.01898734177215189
YFP,78,81,158,9,9,0.08227848101265822,0.2,0.10604430379746836,0.028043860787074236,0.8159203980099502,False,0.13924050632911392,100,0.2,0.11262658227848102,0.028953612752966623,0.19900497512437812,False,0.056962025316455694
YFP,78,82,158,9,9,0.08227848101265822,0.2,0.1060759493670886,0.03184682521371152,0.8059701492537313,False,0.1518987341772152,180,0.5,0.10787974683544302,0.027717522793530323,0.04975124378109453,True,0.06962025316455697
YFP,78,83,158,9,9,0.10126582278481013,0.5,0.10737341772151898,0.02923093378276626,0.6069651741293532,False,0.12658227848101267,180,0.2,0.10484177215189874,0.027508156814691574,0.24378109452736318,False,0.02531645569620254
YFP,78,84,158,9,9,0.10759493670886076,0.8,0.1050632911392405,0.028054643447895565,0.5024875621890548,False,0.1518987341772152,300,0.8,0.10623417721518987,0.029337478272599353,0.07462686567164178,False,0.04430379746835443
YFP,78,85,158,9,9,0.12658227848101267,0.5,0.10525316455696203,0.03128610804939289,0.2537313432835821,False,0.13291139240506328,300,0.8,0.1097151898734177,0.028835041414936213,0.24875621890547264,False,0.006329113924050611
YFP,78,86,158,9,9,0.13924050632911392,0.5,0.10715189873417721,0.028443069241397563,0.14925373134328357,False,0.21518987341772153,180,0.8,0.10708860759493671,0.02886352691851834,0.004975124378109453,True,0.07594936708860761
YFP,78,87,158,9,9,0.15822784810126583,0.2,0.10120253164556964,0.0308499305172649,0.04477611940298507,True,0.15822784810126583,900,0.2,0.10120253164556964,0.0308499305172649,0.04477611940298507,True,0.0
YFP,78,88,158,9,9,0.0949367088607595,0.5,0.10287974683544303,0.027518545906871618,0.6119402985074627,False,0.12025316455696203,100,0.5,0.1112974683544304,0.029579373042556787,0.4129353233830846,False,0.025316455696202528
YFP,78,89,158,9,9,0.0949367088607595,0.2,0.10310126582278482,0.029246165897424643,0.6417910447761194,False,0.12025316455696203,75,0.5,0.11316455696202532,0.028704078790350734,0.4427860696517413,False,0.025316455696202528
YFP,78,90,158,9,9,0.11392405063291139,0.5,0.10870253164556962,0.02846377995717577,0.43781094527363185,False,0.14556962025316456,180,0.8,0.11151898734177217,0.03075563106817026,0.15920398009950248,False,0.03164556962025317
YFP,78,91,158,9,9,0.13924050632911392,0.2,0.10670886075949365,0.027438276026736066,0.17412935323383086,False,0.16455696202531644,300,0.2,0.10727848101265824,0.0296301816011698,0.03482587064676617,True,0.025316455696202528
YFP,78,92,158,9,9,0.10759493670886076,0.8,0.10493670886075947,0.029361363222821683,0.48756218905472637,False,0.12025316455696203,180,0.2,0.10598101265822785,0.02770808010484449,0.3283582089552239,False,0.012658227848101264
YFP,78,93,158,9,9,0.10759493670886076,0.8,0.10575949367088608,0.029973577132364416,0.5472636815920398,False,0.14556962025316456,300,0.5,0.10731012658227847,0.02794895244467946,0.07960199004975124,False,0.03797468354430379
YFP,78,94,158,9,9,0.10126582278481013,0.8,0.10547468354430378,0.028561488266532417,0.5771144278606966,False,0.13291139240506328,225,0.8,0.10848101265822784,0.026261233709263452,0.19402985074626866,False,0.03164556962025315
YFP,78,95,158,9,9,0.11392405063291139,0.2,0.10518987341772153,0.031766577369748285,0.39800995024875624,False,0.13291139240506328,300,0.2,0.10905063291139239,0.03152582139505409,0.26865671641791045,False,0.01898734177215189
YFP,78,96,158,9,9,0.13924050632911392,0.5,0.1106012658227848,0.028741765181389014,0.19900497512437812,False,0.13924050632911392,900,0.5,0.1106012658227848,0.028741765181389014,0.19900497512437812,False,0.0
YFP,78,97,158,9,9,0.1518987341772152,0.2,0.10651898734177215,0.02672524188419411,0.05970149253731343,False,0.1518987341772152,900,0.2,0.10651898734177215,0.02672524188419411,0.05970149253731343,False,0.0
YFP,78,98,158,9,9,0.12025316455696203,0.2,0.10481012658227847,0.028914253228659374,0.32338308457711445,False,0.1518987341772152,225,0.2,0.10882911392405062,0.027669549639720376,0.0845771144278607,False,0.03164556962025317
YFP,79,80,158,9,9,0.12025316455696203,0.2,0.10848101265822784,0.027911061015107527,0.3781094527363184,False,0.189873417721519,75,0.5,0.11322784810126581,0.0325071319470433,0.01990049751243781,True,0.06962025316455697
YFP,79,81,158,9,9,0.13924050632911392,0.2,0.1075632911392405,0.032997015808625366,0.22388059701492538,False,0.17088607594936708,100,0.2,0.11664556962025316,0.0311649140705225,0.06965174129353234,False,0.03164556962025317
YFP,79,82,158,9,9,0.0759493670886076,0.2,0.10661392405063293,0.03235386652768638,0.8407960199004975,False,0.14556962025316456,150,0.8,0.10968354430379745,0.026882948854969252,0.11940298507462686,False,0.06962025316455696
YFP,79,83,158,9,9,0.10126582278481013,0.2,0.10981012658227848,0.02917146116480177,0.6368159203980099,False,0.15822784810126583,60,0.5,0.1136392405063291,0.03091711349839465,0.10945273631840796,False,0.05696202531645571
YFP,79,84,158,9,9,0.11392405063291139,0.2,0.10984177215189873,0.027371121903567844,0.4925373134328358,False,0.15822784810126583,300,0.5,0.10705696202531645,0.030048615596535114,0.06965174129353234,False,0.044303797468354444
YFP,79,85,158,9,9,0.08860759493670886,0.2,0.10332278481012658,0.029915412717232952,0.6716417910447762,False,0.15822784810126583,100,0.2,0.11408227848101266,0.02944404741819278,0.09950248756218906,False,0.06962025316455697
YFP,79,86,158,9,9,0.15822784810126583,0.2,0.10677215189873418,0.0281714262736686,0.04975124378109453,True,0.189873417721519,180,0.5,0.10829113924050633,0.03047441677096938,0.004975124378109453,True,0.03164556962025317
YFP,79,87,158,9,9,0.12658227848101267,0.5,0.10072784810126581,0.03172991431422483,0.2736318407960199,False,0.14556962025316456,60,0.2,0.11003164556962026,0.028662796528331903,0.16417910447761194,False,0.01898734177215189
YFP,79,88,158,9,9,0.0949367088607595,0.2,0.10284810126582279,0.028859272451164073,0.6517412935323383,False,0.13291139240506328,100,0.2,0.11265822784810126,0.028190640730563248,0.26865671641791045,False,0.03797468354430378
YFP,79,89,158,9,9,0.12658227848101267,0.2,0.10449367088607595,0.028749135491090254,0.25870646766169153,False,0.14556962025316456,75,0.2,0.11319620253164557,0.026725750290287485,0.15920398009950248,False,0.01898734177215189
YFP,79,90,158,9,9,0.06962025316455696,0.2,0.1074367088607595,0.03391124508739005,0.8756218905472637,False,0.15822784810126583,75,0.8,0.11367088607594937,0.029562780603372234,0.10945273631840796,False,0.08860759493670887
YFP,79,91,158,9,9,0.12025316455696203,0.5,0.10740506329113923,0.030176511531740433,0.36318407960199006,False,0.189873417721519,75,0.2,0.11237341772151899,0.03239366070514973,0.029850746268656716,True,0.06962025316455697
YFP,79,92,158,9,9,0.0949367088607595,0.5,0.10715189873417723,0.027835014938213422,0.7064676616915423,False,0.1518987341772152,60,0.8,0.11604430379746836,0.03151667344079429,0.16417910447761194,False,0.056962025316455694
YFP,79,93,158,9,9,0.12658227848101267,0.5,0.10838607594936707,0.032290592548469624,0.32338308457711445,False,0.14556962025316456,180,0.2,0.10933544303797468,0.029746717021446892,0.14925373134328357,False,0.01898734177215189
YFP,79,94,158,9,9,0.11392405063291139,0.8,0.10768987341772152,0.029210956496695167,0.4228855721393035,False,0.14556962025316456,180,0.2,0.10851265822784811,0.02573752545934517,0.1044776119402985,False,0.03164556962025317
YFP,79,95,158,9,9,0.10759493670886076,0.2,0.10746835443037975,0.029488604921253807,0.5223880597014925,False,0.12025316455696203,60,0.2,0.11528481012658227,0.028915906605944043,0.46766169154228854,False,0.012658227848101264
YFP,79,96,158,9,9,0.12025316455696203,0.8,0.11094936708860759,0.03290178846333722,0.40298507462686567,False,0.13291139240506328,60,0.2,0.11784810126582279,0.03003375694834426,0.30845771144278605,False,0.01265822784810125
YFP,79,97,158,9,9,0.13924050632911392,0.8,0.10848101265822786,0.028545714518427488,0.1691542288557214,False,0.13924050632911392,900,0.8,0.10848101265822786,0.028545714518427488,0.1691542288557214,False,0.0
YFP,79,98,158,9,9,0.15822784810126583,0.5,0.10382911392405063,0.031233224110134152,0.04477611940298507,True,0.15822784810126583,225,0.2,0.1108860759493671,0.030349782733688862,0.07462686567164178,False,0.0
YFP,80,81,158,9,9,0.08860759493670886,0.2,0.10344936708860761,0.02938355041028409,0.7014925373134329,False,0.12658227848101267,75,0.2,0.11183544303797469,0.03014447573409598,0.3582089552238806,False,0.037974683544303806
YFP,80,82,158,9,9,0.08860759493670886,0.8,0.10705696202531648,0.03251324629792868,0.7412935323383084,False,0.1518987341772152,90,0.5,0.10829113924050632,0.028074654841572833,0.06467661691542288,False,0.06329113924050633
YFP,80,83,158,9,9,0.15822784810126583,0.2,0.10851265822784811,0.03273918176369562,0.06467661691542288,False,0.18354430379746836,75,0.2,0.10775316455696203,0.03139611302896031,0.009950248756218905,True,0.025316455696202528
YFP,80,84,158,9,9,0.11392405063291139,0.2,0.10651898734177216,0.030137797323360704,0.4228855721393035,False,0.14556962025316456,150,0.5,0.10813291139240505,0.027670131630465958,0.11940298507462686,False,0.03164556962025317
YFP,80,85,158,9,9,0.0949367088607595,0.8,0.10335443037974684,0.03014447573409598,0.6368159203980099,False,0.13924050632911392,300,0.2,0.10765822784810127,0.030250331287152838,0.1890547263681592,False,0.04430379746835442
YFP,80,86,158,9,9,0.13924050632911392,0.2,0.10689873417721518,0.030342021718073833,0.19402985074626866,False,0.17721518987341772,180,0.5,0.10518987341772153,0.029149440562261656,0.024875621890547265,True,0.037974683544303806
YFP,80,87,158,9,9,0.14556962025316456,0.2,0.09806962025316456,0.028566562212498255,0.07462686567164178,False,0.16455696202531644,150,0.2,0.10667721518987343,0.029210405205499203,0.04975124378109453,True,0.01898734177215189
YFP,80,88,158,9,9,0.12658227848101267,0.5,0.10284810126582279,0.02829576689273176,0.21393034825870647,False,0.13291139240506328,100,0.2,0.10889240506329113,0.02779729406587527,0.21393034825870647,False,0.006329113924050611
YFP,80,89,158,9,9,0.08860759493670886,0.2,0.10186708860759493,0.028058930243005008,0.7412935323383084,False,0.13291139240506328,75,0.2,0.11164556962025317,0.026566068341286525,0.27860696517412936,False,0.04430379746835442
YFP,80,90,158,9,9,0.10759493670886076,0.2,0.1096518987341772,0.030096542028774587,0.5422885572139303,False,0.14556962025316456,75,0.2,0.11120253164556962,0.028996771897128567,0.13930348258706468,False,0.03797468354430379
YFP,80,91,158,9,9,0.1518987341772152,0.2,0.10655063291139241,0.029480531843701453,0.07960199004975124,False,0.189873417721519,300,0.2,0.10680379746835442,0.02931729894522021,0.014925373134328358,True,0.037974683544303806
YFP,80,92,158,9,9,0.10126582278481013,0.8,0.10009493670886077,0.029956699071972542,0.47761194029850745,False,0.189873417721519,90,0.2,0.10712025316455696,0.029651828217507357,0.024875621890547265,True,0.08860759493670887
YFP,80,93,158,9,9,0.13291139240506328,0.2,0.10547468354430381,0.03184706223985856,0.21393034825870647,False,0.16455696202531644,450,0.8,0.10544303797468356,0.029409862052406248,0.04477611940298507,True,0.03164556962025317
YFP,80,94,158,9,9,0.17721518987341772,0.5,0.10525316455696203,0.029326721124527715,0.014925373134328358,True,0.17721518987341772,900,0.5,0.10525316455696203,0.029326721124527715,0.014925373134328358,True,0.0
YFP,80,95,158,9,9,0.10759493670886076,0.5,0.10401898734177216,0.030866809261318476,0.47761194029850745,False,0.13291139240506328,450,0.2,0.10848101265822784,0.02989590965594096,0.23383084577114427,False,0.025316455696202514
YFP,80,96,158,9,9,0.13291139240506328,0.2,0.11079113924050633,0.030587867548458936,0.2537313432835821,False,0.14556962025316456,450,0.2,0.11129746835443038,0.030916983282283962,0.1691542288557214,False,0.012658227848101278
YFP,80,97,158,9,9,0.15822784810126583,0.2,0.10569620253164558,0.027194805110600864,0.03980099502487562,True,0.15822784810126583,900,0.2,0.10569620253164558,0.027194805110600864,0.03980099502487562,True,0.0
YFP,80,98,158,9,9,0.13291139240506328,0.2,0.10433544303797468,0.029386153522193564,0.1890547263681592,False,0.15822784810126583,225,0.2,0.11009493670886077,0.028881218079256976,0.07462686567164178,False,0.025316455696202556
YFP,81,82,158,9,9,0.06962025316455696,0.8,0.10471518987341773,0.029988398474211985,0.8905472636815921,False,0.15822784810126583,90,0.8,0.1145886075949367,0.030438776456102892,0.09950248756218906,False,0.08860759493670887
YFP,81,83,158,9,9,0.06962025316455696,0.2,0.10351265822784811,0.029488178281144684,0.9104477611940298,False,0.10759493670886076,75,0.2,0.11120253164556962,0.030207180623340518,0.5422885572139303,False,0.037974683544303806
YFP,81,84,158,9,9,0.12025316455696203,0.2,0.10598101265822785,0.029420520381583815,0.38308457711442784,False,0.15822784810126583,90,0.8,0.11313291139240507,0.026588014047688957,0.06965174129353234,False,0.037974683544303806
YFP,81,85,158,9,9,0.06329113924050633,0.5,0.10193037974683544,0.02889167081376397,0.9502487562189055,False,0.13291139240506328,60,0.5,0.11943037974683544,0.03191671889546498,0.3482587064676617,False,0.06962025316455694
YFP,81,86,158,9,9,0.13924050632911392,0.2,0.10284810126582279,0.02906084496392005,0.16417910447761194,False,0.16455696202531644,60,0.2,0.1125,0.027798307861340757,0.04477611940298507,True,0.025316455696202528
YFP,81,87,158,9,9,0.08860759493670886,0.8,0.09955696202531644,0.027959123749118922,0.6915422885572139,False,0.1518987341772152,150,0.5,0.10844936708860761,0.028634691297557587,0.0945273631840796,False,0.06329113924050633
YFP,81,88,158,9,9,0.08860759493670886,0.2,0.10433544303797468,0.02935188358406084,0.736318407960199,False,0.13924050632911392,60,0.2,0.11541139240506329,0.027393763720615968,0.21890547263681592,False,0.050632911392405056
YFP,81,89,158,9,9,0.08860759493670886,0.2,0.10405063291139242,0.03072996404920818,0.7263681592039801,False,0.10759493670886076,75,0.5,0.11231012658227847,0.028404029849851523,0.5970149253731343,False,0.018987341772151903
YFP,81,90,158,9,9,0.06962025316455696,0.8,0.10651898734177216,0.03282338396491375,0.8756218905472637,False,0.12658227848101267,75,0.2,0.11477848101265824,0.028879684693398276,0.3880597014925373,False,0.05696202531645571
YFP,81,91,158,9,9,0.14556962025316456,0.8,0.10515822784810126,0.029493502307603444,0.13930348258706468,False,0.17721518987341772,75,0.5,0.11259493670886077,0.03291818076223746,0.03482587064676617,True,0.03164556962025317
YFP,81,92,158,9,9,0.06962025316455696,0.2,0.10170886075949365,0.029128370813783028,0.900497512437811,False,0.11392405063291139,90,0.5,0.11259493670886077,0.03231335368390334,0.5174129353233831,False,0.04430379746835443
YFP,81,93,158,9,9,0.0949367088607595,0.2,0.10281645569620253,0.030426208958125058,0.6069651741293532,False,0.15822784810126583,180,0.5,0.1078481012658228,0.02838873586938862,0.04477611940298507,True,0.06329113924050633
YFP,81,94,158,9,9,0.13291139240506328,0.8,0.10382911392405063,0.030023953252022777,0.18407960199004975,False,0.14556962025316456,300,0.8,0.10813291139240506,0.03136622140065048,0.13432835820895522,False,0.012658227848101278
YFP,81,95,158,9,9,0.08227848101265822,0.8,0.1055379746835443,0.030934297213458493,0.8059701492537313,False,0.11392405063291139,180,0.5,0.10987341772151898,0.028019032347353864,0.48258706467661694,False,0.03164556962025317
YFP,81,96,158,9,9,0.10759493670886076,0.8,0.10901898734177216,0.03143455824414357,0.5323383084577115,False,0.13291139240506328,450,0.8,0.10841772151898735,0.02938843105597208,0.21890547263681592,False,0.025316455696202514
YFP,81,97,158,9,9,0.1518987341772152,0.5,0.10572784810126581,0.02855105565693778,0.06467661691542288,False,0.1518987341772152,100,0.5,0.11164556962025315,0.025945061475580854,0.07960199004975124,False,0.0
YFP,81,98,158,9,9,0.12025316455696203,0.2,0.10158227848101266,0.029853527839150205,0.3034825870646766,False,0.1518987341772152,90,0.2,0.11560126582278482,0.026660142488307483,0.09950248756218906,False,0.03164556962025317
YFP,82,83,158,9,9,0.0949367088607595,0.2,0.10610759493670888,0.032865473071585403,0.6517412935323383,False,0.1518987341772152,90,0.8,0.10848101265822786,0.03060788330751244,0.0945273631840796,False,0.056962025316455694
YFP,82,84,158,9,9,0.17088607594936708,0.5,0.10696202531645568,0.027802380774042842,0.01990049751243781,True,0.17088607594936708,900,0.5,0.10696202531645568,0.027802380774042842,0.01990049751243781,True,0.0
YFP,82,85,158,9,9,0.10759493670886076,0.2,0.10408227848101266,0.029219362398636435,0.472636815920398,False,0.1518987341772152,75,0.8,0.11835443037974684,0.03139971926750682,0.1791044776119403,False,0.04430379746835443
YFP,82,86,158,9,9,0.13924050632911392,0.2,0.10658227848101266,0.02826508910472465,0.15422885572139303,False,0.189873417721519,180,0.5,0.11094936708860759,0.030593872006267724,0.009950248756218905,True,0.05063291139240508
YFP,82,87,158,9,9,0.12025316455696203,0.8,0.09813291139240504,0.027831308437595122,0.22388059701492538,False,0.15822784810126583,150,0.8,0.10620253164556964,0.02933255483636609,0.07462686567164178,False,0.037974683544303806
YFP,82,88,158,9,9,0.12658227848101267,0.2,0.1039240506329114,0.02814318796198446,0.23880597014925373,False,0.12658227848101267,90,0.8,0.11082278481012658,0.028460615076350334,0.31840796019900497,False,0.0
YFP,82,89,158,9,9,0.12025316455696203,0.5,0.10155063291139241,0.029991754499160046,0.3383084577114428,False,0.12025316455696203,900,0.5,0.10155063291139241,0.029991754499160046,0.3383084577114428,False,0.0
YFP,82,90,158,9,9,0.06962025316455696,0.8,0.10677215189873418,0.030609658929932115,0.9253731343283582,False,0.12658227848101267,75,0.8,0.11414556962025316,0.028716821657818706,0.3582089552238806,False,0.05696202531645571
YFP,82,91,158,9,9,0.13924050632911392,0.2,0.1064240506329114,0.029104640469296256,0.19402985074626866,False,0.16455696202531644,75,0.2,0.11420886075949367,0.03255977057615528,0.0945273631840796,False,0.025316455696202528
YFP,82,92,158,9,9,0.056962025316455694,0.8,0.10810126582278481,0.033105804811416305,0.9601990049751243,False,0.15822784810126583,90,0.2,0.1113607594936709,0.029963552207037215,0.0845771144278607,False,0.10126582278481014
YFP,82,93,158,9,9,0.12025316455696203,0.5,0.10531645569620253,0.027954299591766877,0.34328358208955223,False,0.14556962025316456,450,0.8,0.10503164556962026,0.02994339144995509,0.09950248756218906,False,0.025316455696202528
YFP,82,94,158,9,9,0.1518987341772152,0.5,0.10658227848101266,0.03167062172300463,0.11940298507462686,False,0.1518987341772152,900,0.5,0.10658227848101266,0.03167062172300463,0.11940298507462686,False,0.0
YFP,82,95,158,9,9,0.11392405063291139,0.2,0.10667721518987343,0.031118940361395942,0.40298507462686567,False,0.11392405063291139,300,0.2,0.11120253164556963,0.02868268188951453,0.5174129353233831,False,0.0
YFP,82,96,158,9,9,0.11392405063291139,0.5,0.10813291139240506,0.030861591698274227,0.4427860696517413,False,0.12658227848101267,300,0.2,0.10952531645569621,0.03060234204561869,0.30845771144278605,False,0.012658227848101278
YFP,82,97,158,9,9,0.1518987341772152,0.8,0.10655063291139241,0.029144036415540316,0.07960199004975124,False,0.1518987341772152,900,0.8,0.10655063291139241,0.029144036415540316,0.07960199004975124,False,0.0
YFP,82,98,158,9,9,0.1518987341772152,0.5,0.10110759493670886,0.028378789475524076,0.05970149253731343,False,0.16455696202531644,100,0.5,0.11405063291139239,0.030150151220120023,0.06965174129353234,False,0.01265822784810125
YFP,83,84,158,9,9,0.10759493670886076,0.2,0.10768987341772153,0.03091177418805655,0.4975124378109453,False,0.14556962025316456,150,0.8,0.10930379746835442,0.027879815516672162,0.11442786069651742,False,0.03797468354430379
YFP,83,85,158,9,9,0.08227848101265822,0.2,0.1031012658227848,0.030314145293344856,0.7810945273631841,False,0.12658227848101267,100,0.2,0.11325949367088609,0.028835879112221127,0.38308457711442784,False,0.044303797468354444
YFP,83,86,158,9,9,0.12658227848101267,0.2,0.10610759493670888,0.029000017089236985,0.26865671641791045,False,0.17088607594936708,180,0.5,0.10433544303797468,0.02912469068003376,0.029850746268656716,True,0.04430379746835442
YFP,83,87,158,9,9,0.10759493670886076,0.2,0.09895569620253167,0.02909841518099254,0.40298507462686567,False,0.14556962025316456,150,0.2,0.10632911392405063,0.02938630764658889,0.09950248756218906,False,0.03797468354430379
YFP,83,88,158,9,9,0.11392405063291139,0.2,0.10389240506329114,0.028427265190097462,0.39303482587064675,False,0.12658227848101267,90,0.8,0.10917721518987342,0.029473515175306532,0.30845771144278605,False,0.012658227848101278
YFP,83,89,158,9,9,0.10126582278481013,0.2,0.10253164556962024,0.02848896269680787,0.5472636815920398,False,0.12658227848101267,75,0.2,0.11189873417721519,0.026760242828560342,0.32338308457711445,False,0.02531645569620254
YFP,83,90,158,9,9,0.06962025316455696,0.2,0.10946202531645569,0.031224844620917996,0.9303482587064676,False,0.13291139240506328,75,0.8,0.11145569620253162,0.029582860525188336,0.2736318407960199,False,0.06329113924050632
YFP,83,91,158,9,9,0.13291139240506328,0.2,0.10686708860759493,0.028673328887554302,0.21890547263681592,False,0.17721518987341772,300,0.2,0.10610759493670888,0.029915681868103297,0.024875621890547265,True,0.044303797468354444
YFP,83,92,158,9,9,0.0759493670886076,0.2,0.09936708860759494,0.030830414682246267,0.7910447761194029,False,0.15822784810126583,90,0.2,0.10604430379746833,0.03021376041836581,0.06965174129353234,False,0.08227848101265824
YFP,83,93,158,9,9,0.12658227848101267,0.8,0.10556962025316455,0.032177077111102036,0.23880597014925373,False,0.16455696202531644,450,0.8,0.10639240506329113,0.029265431332587234,0.04477611940298507,True,0.03797468354430378
YFP,83,94,158,9,9,0.1518987341772152,0.2,0.10528481012658229,0.029119160966346855,0.0845771144278607,False,0.1518987341772152,900,0.2,0.10528481012658229,0.029119160966346855,0.0845771144278607,False,0.0
YFP,83,95,158,9,9,0.0949367088607595,0.2,0.10411392405063292,0.03020877989522594,0.6368159203980099,False,0.11392405063291139,450,0.2,0.1085759493670886,0.031052242664369987,0.4626865671641791,False,0.01898734177215189
YFP,83,96,158,9,9,0.12658227848101267,0.2,0.1110759493670886,0.0309330770940578,0.29850746268656714,False,0.13924050632911392,450,0.5,0.11041139240506329,0.030625355555575353,0.21890547263681592,False,0.01265822784810125
YFP,83,97,158,9,9,0.13924050632911392,0.2,0.10610759493670885,0.029522835473927717,0.1691542288557214,False,0.14556962025316456,100,0.8,0.11037974683544304,0.025574664404870856,0.0845771144278607,False,0.006329113924050639
YFP,83,98,158,9,9,0.10759493670886076,0.2,0.10246835443037976,0.029958798851002437,0.4427860696517413,False,0.1518987341772152,300,0.2,0.1108227848101266,0.03346039675475562,0.12437810945273632,False,0.04430379746835443
YFP,84,85,158,9,9,0.0949367088607595,0.8,0.10424050632911391,0.02968556542023913,0.681592039800995,False,0.13924050632911392,60,0.8,0.11784810126582279,0.02811599522516247,0.2537313432835821,False,0.04430379746835442
YFP,84,86,158,9,9,0.16455696202531644,0.2,0.10800632911392405,0.03244072878973633,0.07462686567164178,False,0.17721518987341772,450,0.2,0.10537974683544302,0.03033512137060521,0.024875621890547265,True,0.012658227848101278
YFP,84,87,158,9,9,0.10759493670886076,0.2,0.10395569620253164,0.028808222240320154,0.4925373134328358,False,0.1518987341772152,450,0.2,0.1064240506329114,0.02685273721341872,0.06467661691542288,False,0.04430379746835443
YFP,84,88,158,9,9,0.08227848101265822,0.2,0.10572784810126581,0.027230292864214228,0.835820895522388,False,0.13291139240506328,450,0.5,0.10617088607594936,0.02659179922250227,0.1890547263681592,False,0.050632911392405056
YFP,84,89,158,9,9,0.0949367088607595,0.2,0.10731012658227847,0.02881423078720089,0.7263681592039801,False,0.14556962025316456,450,0.8,0.10506329113924051,0.02679211781305723,0.1044776119402985,False,0.050632911392405056
YFP,84,90,158,9,9,0.10759493670886076,0.5,0.10705696202531645,0.03036183490677764,0.5223880597014925,False,0.13924050632911392,180,0.8,0.11474683544303797,0.030065575961305026,0.21393034825870647,False,0.03164556962025315
YFP,84,91,158,9,9,0.10759493670886076,0.2,0.10664556962025318,0.02994105528495707,0.5323383084577115,False,0.16455696202531644,450,0.2,0.10465189873417721,0.02808961820029289,0.03482587064676617,True,0.05696202531645568
YFP,84,92,158,9,9,0.11392405063291139,0.8,0.10648734177215191,0.03102850779354086,0.4427860696517413,False,0.14556962025316456,150,0.8,0.10794303797468356,0.02693596655405813,0.1044776119402985,False,0.03164556962025317
YFP,84,93,158,9,9,0.13291139240506328,0.8,0.105,0.028855366158376482,0.20398009950248755,False,0.14556962025316456,90,0.2,0.11259493670886077,0.02989961268202194,0.18407960199004975,False,0.012658227848101278
YFP,84,94,158,9,9,0.12658227848101267,0.2,0.1075632911392405,0.02981809050938566,0.2885572139303483,False,0.13291139240506328,90,0.8,0.11411392405063292,0.02682898232744301,0.24875621890547264,False,0.006329113924050611
YFP,84,95,158,9,9,0.0949367088607595,0.2,0.10708860759493671,0.02889837599370771,0.6915422885572139,False,0.10759493670886076,100,0.5,0.11398734177215189,0.028283243555784675,0.6019900497512438,False,0.012658227848101264
YFP,84,96,158,9,9,0.11392405063291139,0.2,0.10838607594936707,0.030216691713710213,0.43781094527363185,False,0.13924050632911392,90,0.2,0.11525316455696202,0.030631221233957423,0.22388059701492538,False,0.025316455696202528
YFP,84,97,158,9,9,0.14556962025316456,0.5,0.10759493670886076,0.027046360742489686,0.12437810945273632,False,0.14556962025316456,900,0.5,0.10759493670886076,0.027046360742489686,0.12437810945273632,False,0.0
YFP,84,98,158,9,9,0.12658227848101267,0.2,0.10591772151898735,0.028343585637488216,0.2935323383084577,False,0.1518987341772152,225,0.5,0.11041139240506329,0.029074331524776956,0.11442786069651742,False,0.025316455696202528
YFP,85,86,158,9,9,0.10126582278481013,0.5,0.10610759493670888,0.030290147726405304,0.5920398009950248,False,0.16455696202531644,180,0.2,0.11275316455696202,0.026957480460280327,0.05472636815920398,False,0.06329113924050632
YFP,85,87,158,9,9,0.08860759493670886,0.5,0.10246835443037976,0.0289473028315908,0.7014925373134329,False,0.1518987341772152,150,0.8,0.10984177215189873,0.029282673459821933,0.07462686567164178,False,0.06329113924050633
YFP,85,88,158,9,9,0.12025316455696203,0.5,0.10306962025316457,0.02913436515352605,0.31840796019900497,False,0.12658227848101267,60,0.8,0.11588607594936709,0.03027294746523557,0.34328358208955223,False,0.006329113924050639
YFP,85,89,158,9,9,0.06962025316455696,0.5,0.10544303797468353,0.02602562484703914,0.9552238805970149,False,0.12658227848101267,75,0.5,0.11382911392405064,0.027646114341347342,0.3681592039800995,False,0.05696202531645571
YFP,85,90,158,9,9,0.11392405063291139,0.5,0.10670886075949365,0.029557332849556885,0.4527363184079602,False,0.14556962025316456,60,0.2,0.12053797468354432,0.02881423078720089,0.22885572139303484,False,0.03164556962025317
YFP,85,91,158,9,9,0.11392405063291139,0.2,0.10667721518987343,0.030086240274074014,0.4427860696517413,False,0.18354430379746836,300,0.2,0.10781645569620255,0.02915508535809137,0.014925373134328358,True,0.06962025316455697
YFP,85,92,158,9,9,0.08860759493670886,0.8,0.10376582278481013,0.03150146887207607,0.7114427860696517,False,0.13291139240506328,60,0.8,0.11468354430379747,0.02999351626193592,0.31840796019900497,False,0.04430379746835442
YFP,85,93,158,9,9,0.12025316455696203,0.5,0.10484177215189874,0.029845620917086195,0.3283582089552239,False,0.16455696202531644,180,0.8,0.11082278481012658,0.029942668770901897,0.04975124378109453,True,0.04430379746835442
YFP,85,94,158,9,9,0.12025316455696203,0.8,0.10762658227848101,0.027950392854320685,0.373134328358209,False,0.14556962025316456,60,0.2,0.11772151898734177,0.031693240603270494,0.21393034825870647,False,0.025316455696202528
YFP,85,95,158,9,9,0.13924050632911392,0.8,0.10585443037974683,0.028958061898332443,0.1791044776119403,False,0.13924050632911392,180,0.5,0.11167721518987342,0.029151771115035495,0.22885572139303484,False,0.0
YFP,85,96,158,9,9,0.11392405063291139,0.8,0.1089240506329114,0.03179843493600367,0.472636815920398,False,0.13924050632911392,90,0.8,0.1159493670886076,0.028600101581385384,0.2736318407960199,False,0.025316455696202528
YFP,85,97,158,9,9,0.13291139240506328,0.5,0.10604430379746836,0.029114459883946592,0.19402985074626866,False,0.13291139240506328,60,0.5,0.115,0.030344144586221488,0.3034825870646766,False,0.0
YFP,85,98,158,9,9,0.12025316455696203,0.2,0.10196202531645572,0.02843089399667443,0.26865671641791045,False,0.18354430379746836,60,0.5,0.11731012658227848,0.028846208711862647,0.014925373134328358,True,0.06329113924050633
YFP,86,87,158,9,9,0.0949367088607595,0.2,0.10145569620253164,0.02929650451650967,0.6368159203980099,False,0.1518987341772152,150,0.5,0.10667721518987343,0.027323277268530614,0.0845771144278607,False,0.056962025316455694
YFP,86,88,158,9,9,0.10759493670886076,0.2,0.10674050632911392,0.02754545151594515,0.5024875621890548,False,0.15822784810126583,180,0.2,0.1075632911392405,0.02793598541580005,0.06965174129353234,False,0.05063291139240507
YFP,86,89,158,9,9,0.13291139240506328,0.2,0.10569620253164556,0.02972683242588517,0.1890547263681592,False,0.16455696202531644,75,0.2,0.11436708860759495,0.026780920785836194,0.03482587064676617,True,0.03164556962025317
YFP,86,90,158,9,9,0.10759493670886076,0.5,0.10525316455696203,0.03018584890170576,0.5472636815920398,False,0.15822784810126583,75,0.5,0.11218354430379746,0.02858022919454686,0.06965174129353234,False,0.05063291139240507
YFP,86,91,158,9,9,0.17721518987341772,0.8,0.10569620253164558,0.02711326128352492,0.009950248756218905,True,0.17721518987341772,900,0.8,0.10569620253164558,0.02711326128352492,0.009950248756218905,True,0.0
YFP,86,92,158,9,9,0.11392405063291139,0.5,0.10677215189873418,0.029938097001544046,0.40298507462686567,False,0.189873417721519,180,0.2,0.10838607594936707,0.029145141498285187,0.009950248756218905,True,0.07594936708860761
YFP,86,93,158,9,9,0.16455696202531644,0.5,0.10531645569620253,0.029014329780236624,0.03980099502487562,True,0.16455696202531644,900,0.5,0.10531645569620253,0.029014329780236624,0.03980099502487562,True,0.0
YFP,86,94,158,9,9,0.13924050632911392,0.8,0.105,0.02784716156882387,0.14427860696517414,False,0.15822784810126583,180,0.2,0.10667721518987343,0.02947793706607151,0.05472636815920398,False,0.018987341772151917
YFP,86,95,158,9,9,0.12025316455696203,0.2,0.10582278481012658,0.029721143831653748,0.3383084577114428,False,0.13291139240506328,90,0.5,0.11177215189873418,0.02750715062028375,0.24875621890547264,False,0.01265822784810125
YFP,86,96,158,9,9,0.13291139240506328,0.5,0.10873417721518987,0.033996156187051624,0.22388059701492538,False,0.17088607594936708,225,0.5,0.1089240506329114,0.030683748671241493,0.04975124378109453,True,0.037974683544303806
YFP,86,97,158,9,9,0.12025316455696203,0.8,0.1080379746835443,0.030326891981255297,0.34328358208955223,False,0.14556962025316456,100,0.8,0.1089240506329114,0.027073066444741965,0.11442786069651742,False,0.025316455696202528
YFP,86,98,158,9,9,0.16455696202531644,0.8,0.10550632911392405,0.03180805559672188,0.05970149253731343,False,0.16455696202531644,60,0.8,0.11901898734177216,0.029011953495013662,0.07960199004975124,False,0.0
YFP,87,88,158,9,9,0.11392405063291139,0.8,0.1044620253164557,0.029372587408440076,0.4129353233830846,False,0.13924050632911392,60,0.8,0.11329113924050632,0.02890283364192175,0.22388059701492538,False,0.025316455696202528
YFP,87,89,158,9,9,0.10126582278481013,0.5,0.10215189873417721,0.02947549571805518,0.5323383084577115,False,0.13291139240506328,180,0.2,0.1060759493670886,0.02891842999954803,0.208955223880597,False,0.03164556962025315
YFP,87,90,158,9,9,0.10126582278481013,0.2,0.10537974683544304,0.028838339707270184,0.5970149253731343,False,0.14556962025316456,90,0.2,0.11275316455696202,0.02853187226463113,0.15920398009950248,False,0.04430379746835443
YFP,87,91,158,9,9,0.13291139240506328,0.2,0.10208860759493671,0.03117008086044498,0.16417910447761194,False,0.1518987341772152,450,0.5,0.10427215189873419,0.030594052944237858,0.1044776119402985,False,0.018987341772151917
YFP,87,92,158,9,9,0.12025316455696203,0.8,0.09822784810126581,0.030136795434104094,0.23383084577114427,False,0.1518987341772152,150,0.5,0.10655063291139241,0.02943269660311061,0.0945273631840796,False,0.03164556962025317
YFP,87,93,158,9,9,0.10759493670886076,0.2,0.10303797468354431,0.030621822462076138,0.47761194029850745,False,0.12658227848101267,60,0.2,0.11145569620253166,0.029033402392589874,0.3383084577114428,False,0.018987341772151903
YFP,87,94,158,9,9,0.13291139240506328,0.2,0.10341772151898734,0.03010658953175442,0.19900497512437812,False,0.13291139240506328,900,0.2,0.10341772151898734,0.03010658953175442,0.19900497512437812,False,0.0
YFP,87,95,158,9,9,0.14556962025316456,0.2,0.10617088607594936,0.0312611824465589,0.14925373134328357,False,0.14556962025316456,900,0.2,0.10617088607594936,0.0312611824465589,0.14925373134328357,False,0.0
YFP,87,96,158,9,9,0.13291139240506328,0.2,0.1060759493670886,0.029728457538589957,0.21393034825870647,False,0.13291139240506328,900,0.2,0.1060759493670886,0.029728457538589957,0.21393034825870647,False,0.0
YFP,87,97,158,9,9,0.1518987341772152,0.5,0.10322784810126581,0.029113716628638046,0.08955223880597014,False,0.1518987341772152,450,0.2,0.10661392405063293,0.030450016662882325,0.1044776119402985,False,0.0
YFP,87,98,158,9,9,0.15822784810126583,0.2,0.1025632911392405,0.03289804094237566,0.05970149253731343,False,0.15822784810126583,900,0.2,0.1025632911392405,0.03289804094237566,0.05970149253731343,False,0.0
YFP,88,89,158,9,9,0.06962025316455696,0.2,0.10395569620253164,0.027877847971619883,0.9104477611940298,False,0.11392405063291139,75,0.5,0.1149367088607595,0.028193782369570177,0.5522388059701493,False,0.04430379746835443
YFP,88,90,158,9,9,0.11392405063291139,0.2,0.10610759493670888,0.026971664267291882,0.4527363184079602,False,0.13291139240506328,90,0.8,0.11613924050632912,0.028928938871065693,0.3034825870646766,False,0.01898734177215189
YFP,88,91,158,9,9,0.15822784810126583,0.5,0.10506329113924051,0.03134839153516443,0.05970149253731343,False,0.15822784810126583,900,0.5,0.10506329113924051,0.03134839153516443,0.05970149253731343,False,0.0
YFP,88,92,158,9,9,0.11392405063291139,0.5,0.10325949367088608,0.028457697416342773,0.373134328358209,False,0.13924050632911392,100,0.2,0.10936708860759493,0.027203390030432272,0.15422885572139303,False,0.025316455696202528
YFP,88,93,158,9,9,0.10759493670886076,0.5,0.10556962025316455,0.02926797617364081,0.5074626865671642,False,0.13291139240506328,100,0.2,0.11224683544303797,0.02850646263075981,0.24378109452736318,False,0.025316455696202514
YFP,88,94,158,9,9,0.11392405063291139,0.8,0.10477848101265823,0.03162773812230566,0.3681592039800995,False,0.15822784810126583,60,0.2,0.11246835443037974,0.028373628742751695,0.05472636815920398,False,0.044303797468354444
YFP,88,95,158,9,9,0.08860759493670886,0.5,0.1064240506329114,0.029747664380975748,0.7611940298507462,False,0.11392405063291139,100,0.2,0.11329113924050632,0.028169211125998718,0.5124378109452736,False,0.025316455696202528
YFP,88,96,158,9,9,0.11392405063291139,0.2,0.10708860759493671,0.03045836148525512,0.417910447761194,False,0.13291139240506328,90,0.8,0.11405063291139239,0.030270088117276984,0.29850746268656714,False,0.01898734177215189
YFP,88,97,158,9,9,0.14556962025316456,0.2,0.10598101265822786,0.029242087566644596,0.11442786069651742,False,0.14556962025316456,900,0.2,0.10598101265822786,0.029242087566644596,0.11442786069651742,False,0.0
YFP,88,98,158,9,9,0.13924050632911392,0.2,0.10231012658227848,0.02797400499012845,0.11442786069651742,False,0.14556962025316456,100,0.2,0.11392405063291139,0.02871417539274272,0.1791044776119403,False,0.006329113924050639
YFP,89,90,158,9,9,0.10126582278481013,0.2,0.10620253164556961,0.02587607423334169,0.6218905472636815,False,0.13924050632911392,75,0.5,0.11537974683544304,0.02815999138219846,0.2537313432835821,False,0.03797468354430379
YFP,89,91,158,9,9,0.1518987341772152,0.5,0.10408227848101266,0.025716399910673725,0.04975124378109453,True,0.16455696202531644,75,0.8,0.1154746835443038,0.02878067867365733,0.05472636815920398,False,0.01265822784810125
YFP,89,92,158,9,9,0.0759493670886076,0.5,0.10237341772151899,0.029450883147103056,0.835820895522388,False,0.12658227848101267,75,0.2,0.11177215189873418,0.02643998859254,0.3383084577114428,False,0.05063291139240507
YFP,89,93,158,9,9,0.06962025316455696,0.2,0.10664556962025315,0.030913548634349988,0.9054726368159204,False,0.12658227848101267,75,0.8,0.11458860759493669,0.0269150337695988,0.35323383084577115,False,0.05696202531645571
YFP,89,94,158,9,9,0.11392405063291139,0.2,0.10677215189873417,0.029422658425595962,0.4228855721393035,False,0.13291139240506328,450,0.2,0.10449367088607595,0.025757793592889166,0.15920398009950248,False,0.01898734177215189
YFP,89,95,158,9,9,0.13291139240506328,0.8,0.1075,0.030419460054188423,0.24378109452736318,False,0.13291139240506328,75,0.2,0.11253164556962025,0.027919137299388982,0.27860696517412936,False,0.0
YFP,89,96,158,9,9,0.13924050632911392,0.8,0.10556962025316458,0.02852963218603116,0.12935323383084577,False,0.13924050632911392,900,0.8,0.10556962025316458,0.02852963218603116,0.12935323383084577,False,0.0
YFP,89,97,158,9,9,0.13924050632911392,0.2,0.10503164556962026,0.028454301944450262,0.15920398009950248,False,0.13924050632911392,900,0.2,0.10503164556962026,0.028454301944450262,0.15920398009950248,False,0.0
YFP,89,98,158,9,9,0.10759493670886076,0.8,0.10386075949367089,0.0312338202573504,0.48756218905472637,False,0.14556962025316456,90,0.8,0.11547468354430379,0.02934859156481081,0.19402985074626866,False,0.03797468354430379
YFP,90,91,158,9,9,0.10126582278481013,0.2,0.10724683544303798,0.030131701981968143,0.6268656716417911,False,0.15822784810126583,75,0.2,0.1135759493670886,0.030516711348752876,0.10945273631840796,False,0.05696202531645571
YFP,90,92,158,9,9,0.056962025316455694,0.5,0.11022151898734178,0.030145594223228926,0.9900497512437811,False,0.12658227848101267,75,0.2,0.11199367088607595,0.02874358605123558,0.32338308457711445,False,0.06962025316455697
YFP,90,93,158,9,9,0.10126582278481013,0.8,0.1085759493670886,0.0310846380610196,0.6218905472636815,False,0.1518987341772152,450,0.2,0.10661392405063291,0.028889580569420537,0.07462686567164178,False,0.05063291139240507
YFP,90,94,158,9,9,0.12025316455696203,0.5,0.10712025316455698,0.031025263915139527,0.3880597014925373,False,0.12658227848101267,300,0.8,0.11063291139240507,0.029780684691956744,0.3482587064676617,False,0.006329113924050639
YFP,90,95,158,9,9,0.0759493670886076,0.2,0.10825949367088607,0.031929881791464686,0.8756218905472637,False,0.12658227848101267,225,0.2,0.1114240506329114,0.02588181074986478,0.2935323383084577,False,0.05063291139240507
YFP,90,96,158,9,9,0.12658227848101267,0.2,0.10958860759493672,0.030749199956145327,0.32338308457711445,False,0.12658227848101267,900,0.2,0.10958860759493672,0.030749199956145327,0.32338308457711445,False,0.0
YFP,90,97,158,9,9,0.12025316455696203,0.2,0.1060759493670886,0.029741996691258196,0.3482587064676617,False,0.14556962025316456,100,0.8,0.11306962025316457,0.029595701124683908,0.1691542288557214,False,0.025316455696202528
YFP,90,98,158,9,9,0.10126582278481013,0.8,0.10658227848101266,0.030944072699538687,0.5870646766169154,False,0.13291139240506328,180,0.8,0.11291139240506329,0.02804344805712159,0.3333333333333333,False,0.03164556962025315
YFP,91,92,158,9,9,0.13924050632911392,0.2,0.10819620253164558,0.02928748500298777,0.19402985074626866,False,0.17721518987341772,300,0.5,0.10696202531645568,0.030243742809063157,0.024875621890547265,True,0.037974683544303806
YFP,91,93,158,9,9,0.12658227848101267,0.8,0.10702531645569621,0.02944919145195474,0.2835820895522388,False,0.18354430379746836,450,0.8,0.10844936708860758,0.03129490531063801,0.01990049751243781,True,0.056962025316455694
YFP,91,94,158,9,9,0.17088607594936708,0.5,0.10585443037974684,0.02899973943994766,0.01990049751243781,True,0.17088607594936708,900,0.5,0.10585443037974684,0.02899973943994766,0.01990049751243781,True,0.0
YFP,91,95,158,9,9,0.1518987341772152,0.5,0.10566455696202531,0.02809191128007627,0.09950248756218906,False,0.1518987341772152,900,0.5,0.10566455696202531,0.02809191128007627,0.09950248756218906,False,0.0
YFP,91,96,158,9,9,0.13924050632911392,0.8,0.10977848101265822,0.03004740975704923,0.1890547263681592,False,0.14556962025316456,300,0.8,0.11082278481012658,0.031096890914404225,0.1791044776119403,False,0.006329113924050639
YFP,91,97,158,9,9,0.14556962025316456,0.5,0.10705696202531645,0.026320475572293476,0.1044776119402985,False,0.15822784810126583,450,0.5,0.10895569620253165,0.027765268062080822,0.05472636815920398,False,0.012658227848101278
YFP,91,98,158,9,9,0.1518987341772152,0.5,0.10360759493670887,0.029230468949408717,0.07960199004975124,False,0.15822784810126583,90,0.8,0.11566455696202532,0.025959779064513144,0.09950248756218906,False,0.006329113924050639
YFP,92,93,158,9,9,0.0949367088607595,0.5,0.10674050632911392,0.032593014481415473,0.6865671641791045,False,0.16455696202531644,450,0.8,0.10610759493670885,0.029393002715092972,0.04477611940298507,True,0.06962025316455694
YFP,92,94,158,9,9,0.14556962025316456,0.8,0.10509493670886076,0.029847779090844663,0.14427860696517414,False,0.14556962025316456,900,0.8,0.10509493670886076,0.029847779090844663,0.14427860696517414,False,0.0
YFP,92,95,158,9,9,0.11392405063291139,0.2,0.10449367088607595,0.030620704933694613,0.4228855721393035,False,0.12025316455696203,450,0.2,0.10987341772151898,0.029207941495820476,0.40298507462686567,False,0.006329113924050639
YFP,92,96,158,9,9,0.11392405063291139,0.8,0.10851265822784811,0.030046069878639874,0.43283582089552236,False,0.13924050632911392,225,0.2,0.11151898734177217,0.02968997267893647,0.19402985074626866,False,0.025316455696202528
YFP,92,97,158,9,9,0.13291139240506328,0.8,0.10613924050632911,0.02795912374911892,0.20398009950248755,False,0.14556962025316456,100,0.8,0.11015822784810127,0.02568036820958462,0.0845771144278607,False,0.012658227848101278
YFP,92,98,158,9,9,0.13291139240506328,0.5,0.1039873417721519,0.029430867071235493,0.19402985074626866,False,0.1518987341772152,60,0.2,0.11585443037974683,0.027977027056053257,0.12437810945273632,False,0.018987341772151917
YFP,93,94,158,9,9,0.0949367088607595,0.5,0.10455696202531646,0.030190183127521895,0.6318407960199005,False,0.14556962025316456,450,0.5,0.10813291139240505,0.02892217117792609,0.11940298507462686,False,0.050632911392405056
YFP,93,95,158,9,9,0.10126582278481013,0.5,0.10537974683544304,0.03092005949133759,0.572139303482587,False,0.14556962025316456,60,0.8,0.1135126582278481,0.029400534984366358,0.14925373134328357,False,0.04430379746835443
YFP,93,96,158,9,9,0.1518987341772152,0.5,0.10686708860759493,0.03141367551438663,0.08955223880597014,False,0.15822784810126583,450,0.8,0.10645569620253166,0.031378941651887336,0.06467661691542288,False,0.006329113924050639
YFP,93,97,158,9,9,0.14556962025316456,0.2,0.10658227848101266,0.02997928497183351,0.11442786069651742,False,0.14556962025316456,90,0.2,0.11180379746835442,0.03229894483471337,0.16417910447761194,False,0.0
YFP,93,98,158,9,9,0.12025316455696203,0.2,0.10689873417721518,0.028360004154703508,0.3681592039800995,False,0.1518987341772152,450,0.5,0.10762658227848101,0.03038648799855434,0.10945273631840796,False,0.03164556962025317
YFP,94,95,158,9,9,0.11392405063291139,0.2,0.10601265822784811,0.030796117825737608,0.4527363184079602,False,0.13291139240506328,60,0.2,0.11338607594936707,0.03132769232288617,0.2537313432835821,False,0.01898734177215189
YFP,94,96,158,9,9,0.13291139240506328,0.2,0.1089873417721519,0.028896982837621567,0.22885572139303484,False,0.13291139240506328,900,0.2,0.1089873417721519,0.028896982837621567,0.22885572139303484,False,0.0
YFP,94,97,158,9,9,0.17721518987341772,0.2,0.10465189873417721,0.029110172941269594,0.024875621890547265,True,0.17721518987341772,900,0.2,0.10465189873417721,0.029110172941269594,0.024875621890547265,True,0.0
YFP,94,98,158,9,9,0.12025316455696203,0.2,0.10484177215189874,0.029301090518335834,0.3283582089552239,False,0.13291139240506328,225,0.5,0.11082278481012658,0.02959782651425136,0.2736318407960199,False,0.01265822784810125
YFP,95,96,158,9,9,0.10759493670886076,0.2,0.10854430379746835,0.028571864227761416,0.5074626865671642,False,0.11392405063291139,300,0.5,0.10974683544303797,0.02756563174467886,0.46766169154228854,False,0.006329113924050625
YFP,95,97,158,9,9,0.12658227848101267,0.2,0.10759493670886076,0.03125192482310429,0.3034825870646766,False,0.12658227848101267,900,0.2,0.10759493670886076,0.03125192482310429,0.3034825870646766,False,0.0
YFP,95,98,158,9,9,0.12025316455696203,0.2,0.10528481012658228,0.027010445020419147,0.35323383084577115,False,0.13291139240506328,100,0.5,0.11579113924050632,0.02794535109575808,0.29850746268656714,False,0.01265822784810125
YFP,96,97,158,9,9,0.1518987341772152,0.8,0.10370253164556961,0.028823869791439045,0.06467661691542288,False,0.1518987341772152,900,0.8,0.10370253164556961,0.028823869791439045,0.06467661691542288,False,0.0
YFP,96,98,158,9,9,0.16455696202531644,0.5,0.10525316455696203,0.03129254139020703,0.03980099502487562,True,0.16455696202531644,900,0.5,0.10525316455696203,0.03129254139020703,0.03980099502487562,True,0.0
YFP,97,98,158,9,9,0.18354430379746836,0.2,0.10205696202531646,0.028741765181389014,0.009950248756218905,True,0.18354430379746836,900,0.2,0.10205696202531646,0.028741765181389014,0.009950248756218905,True,0.0
