subject,neuron_1,neuron_2,n_presentations,min_class_count,n_splits,FR_accuracy,FR_best_gamma,FR_null_mean,FR_null_sd,FR_p,FR_coding,TC_accuracy,TC_best_bin_ms,TC_best_gamma,TC_null_mean,TC_null_sd,TC_p,TC_coding,TC_minus_FR,status,error,elapsed_seconds,FR_accuracy_1,TC_accuracy_1,FR_coding_1,TC_coding_1,FR_accuracy_2,TC_accuracy_2,FR_coding_2,TC_coding_2,best_single_FR,best_single_TC,FR_pair_gain,TC_pair_gain,both_FR_noncoding,both_TC_noncoding,FR_emergent_pair,TC_emergent_pair,coding_neuron,noncoding_neuron,coding_neuron_accuracy,noncoding_neuron_accuracy,gain_vs_coding_neuron
YFF,9,11,109,7,7,0.073394495412844,0.5,0.1072018348623853,0.0323685730992659,0.8805970149253731,False,0.1834862385321101,60,0.8,0.1137614678899082,0.0332506205964586,0.0248756218905472,True,0.110091743119266,success,,32.0776481628418,0.1009174311926605,0.1651376146788991,False,False,0.110091743119266,0.2018348623853211,False,True,0.110091743119266,0.2018348623853211,-0.036697247706422,-0.018348623853211,True,False,False,False,11,9,0.2018348623853211,0.1651376146788991,-0.01834862385321101
YFF,9,12,109,7,7,0.110091743119266,0.5,0.1108715596330275,0.0371870123109588,0.5671641791044776,False,0.1192660550458715,60,0.2,0.1205045871559633,0.0376942332858093,0.5124378109452736,False,0.0091743119266055,success,,31.56817317008972,0.1009174311926605,0.1651376146788991,False,False,0.1009174311926605,0.1743119266055046,False,True,0.1009174311926605,0.1743119266055046,0.0091743119266055,-0.0550458715596331,True,False,False,False,12,9,0.1743119266055046,0.1651376146788991,-0.0550458715596331
YFF,9,14,109,7,7,0.1192660550458715,0.5,0.1058715596330275,0.0349358286304361,0.3880597014925373,False,0.1651376146788991,60,0.8,0.1154587155963302,0.0360023354334941,0.1194029850746268,False,0.0458715596330275,success,,15.636910915374756,0.1009174311926605,0.1651376146788991,False,False,0.1192660550458715,0.1926605504587156,False,True,0.1192660550458715,0.1926605504587156,0.0,-0.0275229357798165,True,False,False,False,14,9,0.1926605504587156,0.1651376146788991,-0.027522935779816515
YFF,9,29,109,7,7,0.128440366972477,0.5,0.1120183486238532,0.0316953263394186,0.3283582089552239,False,0.1651376146788991,180,0.8,0.1140366972477064,0.0336490472329552,0.0696517412935323,False,0.036697247706422,success,,11.392998456954956,0.1009174311926605,0.1651376146788991,False,False,0.091743119266055,0.1834862385321101,False,True,0.1009174311926605,0.1834862385321101,0.0275229357798164,-0.018348623853211,True,False,False,False,29,9,0.1834862385321101,0.1651376146788991,-0.01834862385321101
YFF,9,31,109,7,7,0.091743119266055,0.8,0.1075688073394495,0.0326464875948037,0.7213930348258707,False,0.1743119266055046,100,0.2,0.1138073394495412,0.0348419670436993,0.0597014925373134,False,0.0825688073394495,success,,13.794841051101685,0.1009174311926605,0.1651376146788991,False,False,0.091743119266055,0.1926605504587156,False,True,0.1009174311926605,0.1926605504587156,-0.0091743119266055,-0.018348623853211,True,False,False,False,31,9,0.1926605504587156,0.1651376146788991,-0.01834862385321101
YFF,9,35,109,7,7,0.1009174311926605,0.2,0.1097706422018348,0.0317724631281652,0.6567164179104478,False,0.1651376146788991,75,0.8,0.1164678899082568,0.0347215806526519,0.099502487562189,False,0.0642201834862385,success,,13.952470779418944,0.1009174311926605,0.1651376146788991,False,False,0.0825688073394495,0.1834862385321101,False,True,0.1009174311926605,0.1834862385321101,0.0,-0.018348623853211,True,False,False,False,35,9,0.1834862385321101,0.1651376146788991,-0.01834862385321101
YFF,9,39,109,7,7,0.1559633027522936,0.5,0.1095871559633027,0.037146272066773,0.1492537313432835,False,0.1926605504587156,300,0.8,0.1090366972477064,0.0310970216302759,0.0149253731343283,True,0.036697247706422,success,,11.107549905776978,0.1009174311926605,0.1651376146788991,False,False,0.128440366972477,0.2018348623853211,False,True,0.128440366972477,0.2018348623853211,0.0275229357798166,-0.0091743119266055,True,False,False,False,39,9,0.2018348623853211,0.1651376146788991,-0.009174311926605505
YFF,9,40,109,7,7,0.1192660550458715,0.2,0.11,0.0334786750438502,0.4427860696517413,False,0.1651376146788991,450,0.5,0.1069266055045871,0.0340002627036569,0.0497512437810945,True,0.0458715596330275,success,,11.391760349273682,0.1009174311926605,0.1651376146788991,False,False,0.1743119266055046,0.2018348623853211,True,True,0.1743119266055046,0.2018348623853211,-0.0550458715596331,-0.036697247706422,False,False,False,False,40,9,0.2018348623853211,0.1651376146788991,-0.03669724770642202
YFF,9,51,109,7,7,0.1651376146788991,0.8,0.1114678899082568,0.0336646299180082,0.0895522388059701,False,0.2201834862385321,90,0.5,0.1142201834862385,0.0330944312260045,0.0099502487562189,True,0.055045871559633,success,,13.107380628585815,0.1009174311926605,0.1651376146788991,False,False,0.1743119266055046,0.2293577981651376,False,True,0.1743119266055046,0.2293577981651376,-0.0091743119266055,-0.0091743119266055,True,False,False,False,51,9,0.2293577981651376,0.1651376146788991,-0.009174311926605505
YFF,9,53,109,7,7,0.0825688073394495,0.8,0.1060091743119266,0.0348249679700767,0.7910447761194029,False,0.1834862385321101,60,0.8,0.1202752293577981,0.0368099095846839,0.0597014925373134,False,0.1009174311926605,success,,15.039586305618286,0.1009174311926605,0.1651376146788991,False,False,0.0825688073394495,0.1834862385321101,False,True,0.1009174311926605,0.1834862385321101,-0.0183486238532109,0.0,True,False,False,False,53,9,0.1834862385321101,0.1651376146788991,0.0
YFF,10,11,109,7,7,0.0825688073394495,0.2,0.1088073394495413,0.0323092279378565,0.845771144278607,False,0.1834862385321101,100,0.8,0.1194495412844036,0.035573119583635,0.0547263681592039,False,0.1009174311926605,success,,14.537886619567873,0.091743119266055,0.1559633027522936,False,False,0.110091743119266,0.2018348623853211,False,True,0.110091743119266,0.2018348623853211,-0.0275229357798165,-0.018348623853211,True,False,False,False,11,10,0.2018348623853211,0.1559633027522936,-0.01834862385321101
YFF,10,12,109,7,7,0.073394495412844,0.2,0.1072018348623853,0.0339751251159568,0.8905472636815921,False,0.128440366972477,90,0.2,0.1178899082568807,0.0347404870084023,0.3980099502487562,False,0.055045871559633,success,,15.342446088790894,0.091743119266055,0.1559633027522936,False,False,0.1009174311926605,0.1743119266055046,False,True,0.1009174311926605,0.1743119266055046,-0.0275229357798165,-0.0458715596330276,True,False,False,False,12,10,0.1743119266055046,0.1559633027522936,-0.04587155963302761
YFF,10,14,109,7,7,0.146788990825688,0.5,0.1099541284403669,0.0349314397053227,0.1741293532338308,False,0.1926605504587156,90,0.2,0.1136697247706422,0.0347409739927165,0.0199004975124378,True,0.0458715596330275,success,,15.847713708877563,0.091743119266055,0.1559633027522936,False,False,0.1192660550458715,0.1926605504587156,False,True,0.1192660550458715,0.1926605504587156,0.0275229357798165,0.0,True,False,False,False,14,10,0.1926605504587156,0.1559633027522936,0.0
YFF,10,29,109,7,7,0.1192660550458715,0.5,0.1098165137614679,0.0298440381782394,0.4228855721393035,False,0.146788990825688,180,0.2,0.10848623853211,0.0341472317016004,0.1393034825870646,False,0.0275229357798165,success,,11.416577339172363,0.091743119266055,0.1559633027522936,False,False,0.091743119266055,0.1834862385321101,False,True,0.091743119266055,0.1834862385321101,0.0275229357798165,-0.0366972477064221,True,False,False,False,29,10,0.1834862385321101,0.1559633027522936,-0.036697247706422104
YFF,10,31,109,7,7,0.1009174311926605,0.2,0.1078899082568807,0.0366423451734666,0.5970149253731343,False,0.1559633027522936,100,0.2,0.1148165137614679,0.0337928816076217,0.1691542288557214,False,0.055045871559633,success,,13.163906812667848,0.091743119266055,0.1559633027522936,False,False,0.091743119266055,0.1926605504587156,False,True,0.091743119266055,0.1926605504587156,0.0091743119266055,-0.036697247706422,True,False,False,False,31,10,0.1926605504587156,0.1559633027522936,-0.03669724770642202
YFF,10,35,109,7,7,0.073394495412844,0.2,0.1062844036697247,0.0315037558309654,0.9104477611940298,False,0.1926605504587156,90,0.8,0.1163761467889908,0.0352940130485304,0.044776119402985,True,0.1192660550458715,success,,13.33340072631836,0.091743119266055,0.1559633027522936,False,False,0.0825688073394495,0.1834862385321101,False,True,0.091743119266055,0.1834862385321101,-0.0183486238532109,0.0091743119266055,True,False,False,False,35,10,0.1834862385321101,0.1559633027522936,0.009174311926605505
YFF,10,39,109,7,7,0.1192660550458715,0.2,0.1103211009174311,0.0344800375650754,0.4477611940298507,False,0.1743119266055046,180,0.5,0.1108715596330275,0.03563035231548,0.0746268656716417,False,0.055045871559633,success,,12.367496252059937,0.091743119266055,0.1559633027522936,False,False,0.128440366972477,0.2018348623853211,False,True,0.128440366972477,0.2018348623853211,-0.0091743119266054,-0.0275229357798165,True,False,False,False,39,10,0.2018348623853211,0.1559633027522936,-0.027522935779816515
YFF,10,40,109,7,7,0.128440366972477,0.8,0.1070183486238532,0.0319437262433353,0.308457711442786,False,0.1651376146788991,90,0.2,0.1156880733944954,0.0343861003499151,0.0945273631840796,False,0.036697247706422,success,,13.715040683746338,0.091743119266055,0.1559633027522936,False,False,0.1743119266055046,0.2018348623853211,True,True,0.1743119266055046,0.2018348623853211,-0.0458715596330276,-0.036697247706422,False,False,False,False,40,10,0.2018348623853211,0.1559633027522936,-0.03669724770642202
YFF,10,51,109,7,7,0.1376146788990825,0.2,0.1097706422018348,0.0310043959688823,0.2189054726368159,False,0.2018348623853211,90,0.2,0.1157798165137614,0.0384813643994456,0.0248756218905472,True,0.0642201834862385,success,,13.080323457717896,0.091743119266055,0.1559633027522936,False,False,0.1743119266055046,0.2293577981651376,False,True,0.1743119266055046,0.2293577981651376,-0.0366972477064221,-0.0275229357798164,True,False,False,False,51,10,0.2293577981651376,0.1559633027522936,-0.027522935779816488
YFF,10,53,109,7,7,0.091743119266055,0.2,0.1095871559633027,0.0331512226148028,0.7213930348258707,False,0.1651376146788991,90,0.2,0.1149541284403669,0.0340911070139419,0.0845771144278607,False,0.073394495412844,success,,14.089516162872314,0.091743119266055,0.1559633027522936,False,False,0.0825688073394495,0.1834862385321101,False,True,0.091743119266055,0.1834862385321101,0.0,-0.018348623853211,True,False,False,False,53,10,0.1834862385321101,0.1559633027522936,-0.01834862385321101
YFF,11,13,109,7,7,0.0825688073394495,0.2,0.1101834862385321,0.0341045035111242,0.8109452736318408,False,0.1743119266055046,75,0.5,0.1187614678899082,0.0347945918249437,0.0746268656716417,False,0.091743119266055,success,,15.91650390625,0.110091743119266,0.2018348623853211,False,True,0.146788990825688,0.1559633027522936,False,False,0.146788990825688,0.2018348623853211,-0.0642201834862385,-0.0275229357798165,True,False,False,False,11,13,0.2018348623853211,0.1559633027522936,-0.027522935779816515
YFF,11,15,109,7,7,0.055045871559633,0.2,0.1088990825688073,0.0339593424009026,0.9751243781094528,False,0.1743119266055046,100,0.8,0.1128899082568807,0.0323766735227374,0.0398009950248756,True,0.1192660550458715,success,,12.77286410331726,0.110091743119266,0.2018348623853211,False,True,0.055045871559633,0.1651376146788991,False,False,0.110091743119266,0.2018348623853211,-0.055045871559633,-0.0275229357798165,True,False,False,False,11,15,0.2018348623853211,0.1651376146788991,-0.027522935779816515
YFF,11,16,109,7,7,0.1009174311926605,0.2,0.1061467889908256,0.0335609447557551,0.6318407960199005,False,0.1651376146788991,60,0.8,0.1116055045871559,0.0329539016769552,0.0746268656716417,False,0.0642201834862385,success,,14.700435876846312,0.110091743119266,0.2018348623853211,False,True,0.091743119266055,0.146788990825688,False,False,0.110091743119266,0.2018348623853211,-0.0091743119266055,-0.036697247706422,True,False,False,False,11,16,0.2018348623853211,0.146788990825688,-0.03669724770642202
YFF,11,17,109,7,7,0.146788990825688,0.2,0.1094036697247706,0.032840246579346,0.1641791044776119,False,0.1743119266055046,100,0.2,0.1128899082568807,0.033745537620282,0.044776119402985,True,0.0275229357798165,success,,12.563068151474,0.110091743119266,0.2018348623853211,False,True,0.1559633027522936,0.1651376146788991,False,False,0.1559633027522936,0.2018348623853211,-0.0091743119266055,-0.0275229357798165,True,False,False,False,11,17,0.2018348623853211,0.1651376146788991,-0.027522935779816515
YFF,11,27,109,7,7,0.1009174311926605,0.5,0.1113302752293578,0.034323158140623,0.6616915422885572,False,0.1743119266055046,100,0.2,0.1156880733944954,0.0374139365651904,0.0895522388059701,False,0.073394495412844,success,,12.90276265144348,0.110091743119266,0.2018348623853211,False,True,0.073394495412844,0.146788990825688,False,False,0.110091743119266,0.2018348623853211,-0.0091743119266055,-0.0275229357798165,True,False,False,False,11,27,0.2018348623853211,0.146788990825688,-0.027522935779816515
YFF,11,28,109,7,7,0.1192660550458715,0.2,0.1091284403669724,0.0321564567094947,0.4129353233830846,False,0.1834862385321101,75,0.2,0.1149541284403669,0.0351659439947447,0.0348258706467661,True,0.0642201834862385,success,,14.939279317855837,0.110091743119266,0.2018348623853211,False,True,0.0642201834862385,0.1009174311926605,False,False,0.110091743119266,0.2018348623853211,0.0091743119266054,-0.018348623853211,True,False,False,False,11,28,0.2018348623853211,0.1009174311926605,-0.01834862385321101
YFF,11,30,109,7,7,0.091743119266055,0.2,0.1106880733944954,0.0335554936936171,0.7661691542288557,False,0.1926605504587156,100,0.8,0.1115137614678899,0.0342913507772807,0.0199004975124378,True,0.1009174311926605,success,,13.99512529373169,0.110091743119266,0.2018348623853211,False,True,0.0642201834862385,0.110091743119266,False,False,0.110091743119266,0.2018348623853211,-0.018348623853211,-0.0091743119266055,True,False,False,False,11,30,0.2018348623853211,0.110091743119266,-0.009174311926605505
YFF,11,32,109,7,7,0.128440366972477,0.2,0.1085321100917431,0.0339693047313971,0.308457711442786,False,0.1743119266055046,100,0.5,0.1111009174311926,0.0352965595043949,0.0398009950248756,True,0.0458715596330275,success,,12.747908115386965,0.110091743119266,0.2018348623853211,False,True,0.0825688073394495,0.1009174311926605,False,False,0.110091743119266,0.2018348623853211,0.0183486238532109,-0.0275229357798165,True,False,False,False,11,32,0.2018348623853211,0.1009174311926605,-0.027522935779816515
YFF,11,33,109,7,7,0.1192660550458715,0.2,0.1090825688073394,0.031976975998847,0.4427860696517413,False,0.1743119266055046,75,0.5,0.1208715596330275,0.0356500521172584,0.0895522388059701,False,0.055045871559633,success,,14.849027156829834,0.110091743119266,0.2018348623853211,False,True,0.128440366972477,0.1743119266055046,False,False,0.128440366972477,0.2018348623853211,-0.0091743119266054,-0.0275229357798165,True,False,False,False,11,33,0.2018348623853211,0.1743119266055046,-0.027522935779816515
YFF,11,34,109,7,7,0.1009174311926605,0.2,0.1103669724770642,0.0334017746936089,0.6318407960199005,False,0.1926605504587156,60,0.2,0.1206880733944954,0.0336564310576889,0.0348258706467661,True,0.091743119266055,success,,15.100382328033447,0.110091743119266,0.2018348623853211,False,True,0.1009174311926605,0.1834862385321101,False,False,0.110091743119266,0.2018348623853211,-0.0091743119266055,-0.0091743119266055,True,False,False,False,11,34,0.2018348623853211,0.1834862385321101,-0.009174311926605505
YFF,11,36,109,7,7,0.128440366972477,0.5,0.1119266055045871,0.0325824565359815,0.3432835820895522,False,0.1743119266055046,100,0.8,0.115045871559633,0.0342140827610194,0.0646766169154228,False,0.0458715596330275,success,,13.184475421905518,0.110091743119266,0.2018348623853211,False,True,0.1192660550458715,0.1651376146788991,False,False,0.1192660550458715,0.2018348623853211,0.0091743119266054,-0.0275229357798165,True,False,False,False,11,36,0.2018348623853211,0.1651376146788991,-0.027522935779816515
YFF,11,37,109,7,7,0.1192660550458715,0.2,0.108394495412844,0.0328420496121661,0.4029850746268656,False,0.1834862385321101,100,0.8,0.1115137614678899,0.0337066609100465,0.0248756218905472,True,0.0642201834862385,success,,13.473607540130615,0.110091743119266,0.2018348623853211,False,True,0.055045871559633,0.0642201834862385,False,False,0.110091743119266,0.2018348623853211,0.0091743119266054,-0.018348623853211,True,False,False,False,11,37,0.2018348623853211,0.0642201834862385,-0.01834862385321101
YFF,11,38,109,7,7,0.091743119266055,0.8,0.1107798165137614,0.0323340582558756,0.736318407960199,False,0.1651376146788991,90,0.5,0.1189449541284403,0.0337978876730947,0.099502487562189,False,0.073394495412844,success,,13.610772848129272,0.110091743119266,0.2018348623853211,False,True,0.055045871559633,0.146788990825688,False,False,0.110091743119266,0.2018348623853211,-0.018348623853211,-0.036697247706422,True,False,False,False,11,38,0.2018348623853211,0.146788990825688,-0.03669724770642202
YFF,11,41,109,7,7,0.1009174311926605,0.2,0.1089449541284403,0.0343140381139542,0.6169154228855721,False,0.1926605504587156,100,0.8,0.1166055045871559,0.0358293714748502,0.0298507462686567,True,0.091743119266055,success,,16.787386894226074,0.110091743119266,0.2018348623853211,False,True,0.036697247706422,0.1743119266055046,False,False,0.110091743119266,0.2018348623853211,-0.0091743119266055,-0.0091743119266055,True,False,False,False,11,41,0.2018348623853211,0.1743119266055046,-0.009174311926605505
YFF,11,42,109,7,7,0.0642201834862385,0.2,0.1070183486238532,0.0331904950587122,0.9303482587064676,False,0.1834862385321101,60,0.8,0.1122935779816513,0.0353857194207992,0.0348258706467661,True,0.1192660550458715,success,,16.778562545776367,0.110091743119266,0.2018348623853211,False,True,0.0458715596330275,0.1009174311926605,False,False,0.110091743119266,0.2018348623853211,-0.0458715596330275,-0.018348623853211,True,False,False,False,11,42,0.2018348623853211,0.1009174311926605,-0.01834862385321101
YFF,11,43,109,7,7,0.055045871559633,0.2,0.1103211009174311,0.0360980716731539,0.9552238805970148,False,0.1651376146788991,100,0.8,0.1199541284403669,0.0398037146619904,0.1741293532338308,False,0.110091743119266,success,,13.914572954177856,0.110091743119266,0.2018348623853211,False,True,0.073394495412844,0.110091743119266,False,False,0.110091743119266,0.2018348623853211,-0.055045871559633,-0.036697247706422,True,False,False,False,11,43,0.2018348623853211,0.110091743119266,-0.03669724770642202
YFF,11,44,109,7,7,0.110091743119266,0.2,0.1085779816513761,0.0336775367206362,0.5024875621890548,False,0.1834862385321101,60,0.8,0.1127522935779816,0.0342850906231625,0.0248756218905472,True,0.073394495412844,success,,15.875656127929688,0.110091743119266,0.2018348623853211,False,True,0.128440366972477,0.128440366972477,False,False,0.128440366972477,0.2018348623853211,-0.0183486238532109,-0.018348623853211,True,False,False,False,11,44,0.2018348623853211,0.128440366972477,-0.01834862385321101
YFF,11,45,109,7,7,0.128440366972477,0.2,0.1076146788990825,0.0362882328245068,0.3333333333333333,False,0.146788990825688,100,0.2,0.1142201834862385,0.0349105166268643,0.1641791044776119,False,0.018348623853211,success,,14.285639762878418,0.110091743119266,0.2018348623853211,False,True,0.1376146788990825,0.1376146788990825,False,False,0.1376146788990825,0.2018348623853211,-0.0091743119266055,-0.0550458715596331,True,False,False,False,11,45,0.2018348623853211,0.1376146788990825,-0.055045871559633114
YFF,11,46,109,7,7,0.0825688073394495,0.2,0.1058715596330275,0.0331849194185887,0.8059701492537313,False,0.1834862385321101,60,0.8,0.1127522935779816,0.035521123465025,0.0248756218905472,True,0.1009174311926605,success,,16.547783136367798,0.110091743119266,0.2018348623853211,False,True,0.1376146788990825,0.1376146788990825,False,False,0.1376146788990825,0.2018348623853211,-0.0550458715596329,-0.018348623853211,True,False,False,False,11,46,0.2018348623853211,0.1376146788990825,-0.01834862385321101
YFF,11,47,109,7,7,0.110091743119266,0.5,0.1039449541284403,0.0343900361780494,0.4527363184079602,False,0.146788990825688,60,0.5,0.1174311926605504,0.037450207194762,0.2537313432835821,False,0.036697247706422,success,,15.31708812713623,0.110091743119266,0.2018348623853211,False,True,0.1376146788990825,0.1651376146788991,False,False,0.1376146788990825,0.2018348623853211,-0.0275229357798164,-0.0550458715596331,True,False,False,False,11,47,0.2018348623853211,0.1651376146788991,-0.055045871559633114
YFF,11,48,109,7,7,0.1009174311926605,0.8,0.1080275229357798,0.0327564250701436,0.6616915422885572,False,0.1743119266055046,60,0.8,0.1114220183486238,0.0350513466579107,0.0547263681592039,False,0.073394495412844,success,,16.651171922683716,0.110091743119266,0.2018348623853211,False,True,0.1009174311926605,0.1376146788990825,False,False,0.110091743119266,0.2018348623853211,-0.0091743119266055,-0.0275229357798165,True,False,False,False,11,48,0.2018348623853211,0.1376146788990825,-0.027522935779816515
YFF,11,49,109,7,7,0.091743119266055,0.5,0.1113302752293578,0.033663719032138,0.7412935323383084,False,0.146788990825688,100,0.2,0.1137155963302752,0.035033241902821,0.1791044776119403,False,0.055045871559633,success,,13.838843584060667,0.110091743119266,0.2018348623853211,False,True,0.1009174311926605,0.1559633027522936,False,False,0.110091743119266,0.2018348623853211,-0.018348623853211,-0.0550458715596331,True,False,False,False,11,49,0.2018348623853211,0.1559633027522936,-0.055045871559633114
YFF,11,50,109,7,7,0.1192660550458715,0.2,0.1079357798165137,0.0343022031147646,0.4328358208955223,False,0.1743119266055046,60,0.8,0.1149082568807339,0.034633031339332,0.0547263681592039,False,0.055045871559633,success,,14.43125295639038,0.110091743119266,0.2018348623853211,False,True,0.110091743119266,0.110091743119266,False,False,0.110091743119266,0.2018348623853211,0.0091743119266054,-0.0275229357798165,True,False,False,False,11,50,0.2018348623853211,0.110091743119266,-0.027522935779816515
YFF,11,52,109,7,7,0.128440366972477,0.2,0.1057798165137614,0.0340290174664385,0.3184079601990049,False,0.2293577981651376,100,0.8,0.1138073394495413,0.0351802236294971,0.0049751243781094,True,0.1009174311926605,success,,12.636880159378052,0.110091743119266,0.2018348623853211,False,True,0.1009174311926605,0.1559633027522936,False,False,0.110091743119266,0.2018348623853211,0.0183486238532109,0.0275229357798164,True,False,False,False,11,52,0.2018348623853211,0.1559633027522936,0.027522935779816488
YFF,11,54,109,7,7,0.1192660550458715,0.8,0.1079816513761467,0.0353075820416095,0.4328358208955223,False,0.1834862385321101,100,0.5,0.1119724770642201,0.0351104237981228,0.044776119402985,True,0.0642201834862385,success,,12.736443281173706,0.110091743119266,0.2018348623853211,False,True,0.1192660550458715,0.146788990825688,False,False,0.1192660550458715,0.2018348623853211,0.0,-0.018348623853211,True,False,False,False,11,54,0.2018348623853211,0.146788990825688,-0.01834862385321101
YFF,12,13,109,7,7,0.1009174311926605,0.2,0.1092201834862385,0.0334989773318355,0.6069651741293532,False,0.1376146788990825,75,0.8,0.1154128440366972,0.0375445045604963,0.2985074626865671,False,0.036697247706422,success,,13.756256103515623,0.1009174311926605,0.1743119266055046,False,True,0.146788990825688,0.1559633027522936,False,False,0.146788990825688,0.1743119266055046,-0.0458715596330275,-0.0366972477064221,True,False,False,False,12,13,0.1743119266055046,0.1559633027522936,-0.036697247706422104
YFF,12,15,109,7,7,0.073394495412844,0.5,0.1046788990825688,0.0335569116851616,0.8507462686567164,False,0.1651376146788991,300,0.5,0.108440366972477,0.0327347578289645,0.0746268656716417,False,0.091743119266055,success,,11.239759922027588,0.1009174311926605,0.1743119266055046,False,True,0.055045871559633,0.1651376146788991,False,False,0.1009174311926605,0.1743119266055046,-0.0275229357798165,-0.0091743119266055,True,False,False,False,12,15,0.1743119266055046,0.1651376146788991,-0.009174311926605505
YFF,12,16,109,7,7,0.110091743119266,0.2,0.1074770642201835,0.0333316449961172,0.4825870646766169,False,0.128440366972477,300,0.2,0.1080733944954128,0.0319818695601273,0.2935323383084577,False,0.018348623853211,success,,11.667248964309692,0.1009174311926605,0.1743119266055046,False,True,0.091743119266055,0.146788990825688,False,False,0.1009174311926605,0.1743119266055046,0.0091743119266055,-0.0458715596330276,True,False,False,False,12,16,0.1743119266055046,0.146788990825688,-0.04587155963302761
YFF,12,17,109,7,7,0.1376146788990825,0.5,0.110045871559633,0.0367029812034816,0.2537313432835821,False,0.146788990825688,450,0.5,0.1099541284403669,0.0340360703283396,0.1791044776119403,False,0.0091743119266055,success,,11.45317316055298,0.1009174311926605,0.1743119266055046,False,True,0.1559633027522936,0.1651376146788991,False,False,0.1559633027522936,0.1743119266055046,-0.018348623853211,-0.0275229357798166,True,False,False,False,12,17,0.1743119266055046,0.1651376146788991,-0.0275229357798166
YFF,12,27,109,7,7,0.0825688073394495,0.2,0.1108256880733945,0.0332424786672627,0.8208955223880597,False,0.1376146788990825,180,0.2,0.1153211009174312,0.0348712406467252,0.308457711442786,False,0.055045871559633,success,,11.544434070587158,0.1009174311926605,0.1743119266055046,False,True,0.073394495412844,0.146788990825688,False,False,0.1009174311926605,0.1743119266055046,-0.0183486238532109,-0.0366972477064221,True,False,False,False,12,27,0.1743119266055046,0.146788990825688,-0.036697247706422104
YFF,12,28,109,7,7,0.128440366972477,0.5,0.1086238532110091,0.0319855722980294,0.308457711442786,False,0.1651376146788991,300,0.8,0.1088532110091743,0.0347639458091453,0.0696517412935323,False,0.036697247706422,success,,11.378758430480955,0.1009174311926605,0.1743119266055046,False,True,0.0642201834862385,0.1009174311926605,False,False,0.1009174311926605,0.1743119266055046,0.0275229357798164,-0.0091743119266055,True,False,False,False,12,28,0.1743119266055046,0.1009174311926605,-0.009174311926605505
YFF,12,30,109,7,7,0.128440366972477,0.5,0.1098165137614679,0.0337669946748416,0.3034825870646766,False,0.1651376146788991,300,0.8,0.1077064220183486,0.034563380768401,0.0646766169154228,False,0.036697247706422,success,,10.966041564941406,0.1009174311926605,0.1743119266055046,False,True,0.0642201834862385,0.110091743119266,False,False,0.1009174311926605,0.1743119266055046,0.0275229357798164,-0.0091743119266055,True,False,False,False,12,30,0.1743119266055046,0.110091743119266,-0.009174311926605505
YFF,12,32,109,7,7,0.128440366972477,0.2,0.1085321100917431,0.031028021330323,0.3383084577114428,False,0.1559633027522936,300,0.8,0.1081651376146789,0.035497301209185,0.1094527363184079,False,0.0275229357798165,success,,10.864301443099976,0.1009174311926605,0.1743119266055046,False,True,0.0825688073394495,0.1009174311926605,False,False,0.1009174311926605,0.1743119266055046,0.0275229357798164,-0.018348623853211,True,False,False,False,12,32,0.1743119266055046,0.1009174311926605,-0.01834862385321101
YFF,12,33,109,7,7,0.128440366972477,0.2,0.1105045871559633,0.0358495223235125,0.36318407960199,False,0.1651376146788991,450,0.2,0.1110091743119266,0.0341170269568828,0.0845771144278607,False,0.036697247706422,success,,10.926607847213743,0.1009174311926605,0.1743119266055046,False,True,0.128440366972477,0.1743119266055046,False,False,0.128440366972477,0.1743119266055046,0.0,-0.0091743119266055,True,False,False,False,12,33,0.1743119266055046,0.1743119266055046,-0.009174311926605505
YFF,12,34,109,7,7,0.1009174311926605,0.2,0.1102293577981651,0.0346151965446007,0.6467661691542289,False,0.1926605504587156,90,0.8,0.1205504587155963,0.0345609332662368,0.0149253731343283,True,0.091743119266055,success,,13.54766297340393,0.1009174311926605,0.1743119266055046,False,True,0.1009174311926605,0.1834862385321101,False,False,0.1009174311926605,0.1834862385321101,0.0,0.0091743119266055,True,False,False,False,12,34,0.1743119266055046,0.1834862385321101,0.01834862385321101
YFF,12,36,109,7,7,0.146788990825688,0.8,0.1111926605504587,0.0316815786370415,0.1741293532338308,False,0.1834862385321101,150,0.5,0.1165596330275229,0.0321880084970775,0.0298507462686567,True,0.036697247706422,success,,12.713989973068236,0.1009174311926605,0.1743119266055046,False,True,0.1192660550458715,0.1651376146788991,False,False,0.1192660550458715,0.1743119266055046,0.0275229357798165,0.0091743119266055,True,False,False,False,12,36,0.1743119266055046,0.1651376146788991,0.009174311926605505
YFF,12,37,109,7,7,0.128440366972477,0.8,0.108348623853211,0.0334331633014918,0.3233830845771144,False,0.1651376146788991,300,0.8,0.1078440366972477,0.03531701436119,0.0796019900497512,False,0.036697247706422,success,,11.699055671691896,0.1009174311926605,0.1743119266055046,False,True,0.055045871559633,0.0642201834862385,False,False,0.1009174311926605,0.1743119266055046,0.0275229357798164,-0.0091743119266055,True,False,False,False,12,37,0.1743119266055046,0.0642201834862385,-0.009174311926605505
YFF,12,38,109,7,7,0.1009174311926605,0.8,0.1092660550458715,0.0304095355290827,0.6716417910447762,False,0.1192660550458715,60,0.5,0.1196788990825688,0.0341950090468029,0.527363184079602,False,0.018348623853211,success,,17.708839416503906,0.1009174311926605,0.1743119266055046,False,True,0.055045871559633,0.146788990825688,False,False,0.1009174311926605,0.1743119266055046,0.0,-0.0550458715596331,True,False,False,False,12,38,0.1743119266055046,0.146788990825688,-0.0550458715596331
YFF,12,41,109,7,7,0.091743119266055,0.2,0.1104587155963302,0.0356310942222034,0.736318407960199,False,0.1743119266055046,60,0.8,0.1209633027522935,0.0369508262034462,0.1044776119402985,False,0.0825688073394495,success,,14.965560913085938,0.1009174311926605,0.1743119266055046,False,True,0.036697247706422,0.1743119266055046,False,False,0.1009174311926605,0.1743119266055046,-0.0091743119266055,0.0,True,False,False,False,12,41,0.1743119266055046,0.1743119266055046,0.0
YFF,12,42,109,7,7,0.1009174311926605,0.5,0.1073853211009174,0.0336275149185416,0.6169154228855721,False,0.1743119266055046,300,0.2,0.1101834862385321,0.0338430651593482,0.0497512437810945,True,0.073394495412844,success,,10.741330862045288,0.1009174311926605,0.1743119266055046,False,True,0.0458715596330275,0.1009174311926605,False,False,0.1009174311926605,0.1743119266055046,0.0,0.0,True,False,False,False,12,42,0.1743119266055046,0.1009174311926605,0.0
YFF,12,43,109,7,7,0.128440366972477,0.2,0.1070183486238532,0.0322730442449024,0.2935323383084577,False,0.146788990825688,300,0.8,0.1113761467889908,0.0331874683988764,0.1990049751243781,False,0.018348623853211,success,,11.018080472946169,0.1009174311926605,0.1743119266055046,False,True,0.073394495412844,0.110091743119266,False,False,0.1009174311926605,0.1743119266055046,0.0275229357798164,-0.0275229357798166,True,False,False,False,12,43,0.1743119266055046,0.110091743119266,-0.0275229357798166
YFF,12,44,109,7,7,0.091743119266055,0.2,0.106788990825688,0.0325310109301399,0.7064676616915423,False,0.1376146788990825,300,0.2,0.108394495412844,0.03601173259229,0.2437810945273631,False,0.0458715596330275,success,,10.901471614837646,0.1009174311926605,0.1743119266055046,False,True,0.128440366972477,0.128440366972477,False,False,0.128440366972477,0.1743119266055046,-0.0366972477064219,-0.0366972477064221,True,False,False,False,12,44,0.1743119266055046,0.128440366972477,-0.036697247706422104
YFF,12,45,109,7,7,0.128440366972477,0.8,0.1065137614678899,0.030791020678525,0.2786069651741293,False,0.128440366972477,150,0.5,0.1166055045871559,0.0348964599363179,0.4029850746268656,False,0.0,success,,12.78562355041504,0.1009174311926605,0.1743119266055046,False,True,0.1376146788990825,0.1376146788990825,False,False,0.1376146788990825,0.1743119266055046,-0.0091743119266055,-0.0458715596330276,True,False,False,False,12,45,0.1743119266055046,0.1376146788990825,-0.04587155963302761
YFF,12,46,109,7,7,0.110091743119266,0.2,0.1058256880733944,0.033044902685215,0.4577114427860697,False,0.128440366972477,300,0.5,0.110137614678899,0.0366568573538327,0.3582089552238806,False,0.018348623853211,success,,13.511144638061523,0.1009174311926605,0.1743119266055046,False,True,0.1376146788990825,0.1376146788990825,False,False,0.1376146788990825,0.1743119266055046,-0.0275229357798164,-0.0458715596330276,True,False,False,False,12,46,0.1743119266055046,0.1376146788990825,-0.04587155963302761
YFF,12,47,109,7,7,0.110091743119266,0.8,0.1107339449541284,0.0336616144774225,0.5223880597014925,False,0.1192660550458715,450,0.8,0.1106422018348623,0.0342610261876899,0.3980099502487562,False,0.0091743119266055,success,,11.439919710159302,0.1009174311926605,0.1743119266055046,False,True,0.1376146788990825,0.1651376146788991,False,False,0.1376146788990825,0.1743119266055046,-0.0275229357798164,-0.0550458715596331,True,False,False,False,12,47,0.1743119266055046,0.1651376146788991,-0.0550458715596331
YFF,12,48,109,7,7,0.1009174311926605,0.2,0.1070642201834862,0.0326228026477117,0.6268656716417911,False,0.1559633027522936,300,0.2,0.1079357798165137,0.0357038743735081,0.1442786069651741,False,0.055045871559633,success,,13.366467952728271,0.1009174311926605,0.1743119266055046,False,True,0.1009174311926605,0.1376146788990825,False,False,0.1009174311926605,0.1743119266055046,0.0,-0.018348623853211,True,False,False,False,12,48,0.1743119266055046,0.1376146788990825,-0.01834862385321101
YFF,12,49,109,7,7,0.110091743119266,0.8,0.1112385321100917,0.0326853312802637,0.5522388059701493,False,0.128440366972477,300,0.2,0.1094495412844036,0.0338370658125113,0.3034825870646766,False,0.018348623853211,success,,13.65930986404419,0.1009174311926605,0.1743119266055046,False,True,0.1009174311926605,0.1559633027522936,False,False,0.1009174311926605,0.1743119266055046,0.0091743119266055,-0.0458715596330276,True,False,False,False,12,49,0.1743119266055046,0.1559633027522936,-0.04587155963302761
YFF,12,50,109,7,7,0.1192660550458715,0.8,0.1076605504587156,0.0334721997193487,0.4079601990049751,False,0.1376146788990825,450,0.8,0.1072018348623853,0.0316283668593262,0.2039800995024875,False,0.018348623853211,success,,10.799144983291626,0.1009174311926605,0.1743119266055046,False,True,0.110091743119266,0.110091743119266,False,False,0.110091743119266,0.1743119266055046,0.0091743119266054,-0.0366972477064221,True,False,False,False,12,50,0.1743119266055046,0.110091743119266,-0.036697247706422104
YFF,12,52,109,7,7,0.128440366972477,0.8,0.1070642201834862,0.0329324927932105,0.3184079601990049,False,0.1834862385321101,450,0.2,0.1065596330275229,0.0317231705213874,0.0199004975124378,True,0.055045871559633,success,,10.853488445281982,0.1009174311926605,0.1743119266055046,False,True,0.1009174311926605,0.1559633027522936,False,False,0.1009174311926605,0.1743119266055046,0.0275229357798164,0.0091743119266055,True,False,False,False,12,52,0.1743119266055046,0.1559633027522936,0.009174311926605505
YFF,12,54,109,7,7,0.1559633027522936,0.2,0.1063302752293578,0.0331638828558362,0.0796019900497512,False,0.1743119266055046,300,0.8,0.1088532110091743,0.0340509790585358,0.0497512437810945,True,0.018348623853211,success,,10.943366765975952,0.1009174311926605,0.1743119266055046,False,True,0.1192660550458715,0.146788990825688,False,False,0.1192660550458715,0.1743119266055046,0.036697247706422,0.0,True,False,False,False,12,54,0.1743119266055046,0.146788990825688,0.0
YFF,13,14,109,7,7,0.1376146788990825,0.8,0.1075229357798165,0.0332653727638391,0.1990049751243781,False,0.1651376146788991,75,0.5,0.1158715596330275,0.0321553057989622,0.0845771144278607,False,0.0275229357798165,success,,14.57570743560791,0.146788990825688,0.1559633027522936,False,False,0.1192660550458715,0.1926605504587156,False,True,0.146788990825688,0.1926605504587156,-0.0091743119266055,-0.0275229357798165,True,False,False,False,14,13,0.1926605504587156,0.1559633027522936,-0.027522935779816515
YFF,13,29,109,7,7,0.1009174311926605,0.2,0.1146330275229357,0.0340301050074197,0.7114427860696517,False,0.1192660550458715,100,0.5,0.1154587155963302,0.0343674913121938,0.5074626865671642,False,0.018348623853211,success,,13.003515481948853,0.146788990825688,0.1559633027522936,False,False,0.091743119266055,0.1834862385321101,False,True,0.146788990825688,0.1834862385321101,-0.0458715596330275,-0.0642201834862386,True,False,False,False,29,13,0.1834862385321101,0.1559633027522936,-0.0642201834862386
YFF,13,31,109,7,7,0.0642201834862385,0.2,0.1080733944954128,0.0353967141936257,0.9253731343283582,False,0.1651376146788991,225,0.8,0.1112385321100917,0.0341162521246159,0.0845771144278607,False,0.1009174311926605,success,,14.71501350402832,0.146788990825688,0.1559633027522936,False,False,0.091743119266055,0.1926605504587156,False,True,0.146788990825688,0.1926605504587156,-0.0825688073394495,-0.0275229357798165,True,False,False,False,31,13,0.1926605504587156,0.1559633027522936,-0.027522935779816515
YFF,13,35,109,7,7,0.073394495412844,0.2,0.108394495412844,0.0342787676324386,0.8606965174129353,False,0.1376146788990825,90,0.2,0.1142201834862385,0.0355825112302233,0.2835820895522388,False,0.0642201834862385,success,,14.045834302902222,0.146788990825688,0.1559633027522936,False,False,0.0825688073394495,0.1834862385321101,False,True,0.146788990825688,0.1834862385321101,-0.073394495412844,-0.0458715596330276,True,False,False,False,35,13,0.1834862385321101,0.1559633027522936,-0.04587155963302761
YFF,13,39,109,7,7,0.110091743119266,0.5,0.110045871559633,0.0339865762238948,0.5572139303482587,False,0.1559633027522936,180,0.2,0.1108256880733945,0.0332551995556242,0.1442786069651741,False,0.0458715596330275,success,,11.71788763999939,0.146788990825688,0.1559633027522936,False,False,0.128440366972477,0.2018348623853211,False,True,0.146788990825688,0.2018348623853211,-0.0366972477064219,-0.0458715596330275,True,False,False,False,39,13,0.2018348623853211,0.1559633027522936,-0.045871559633027525
YFF,13,40,109,7,7,0.146788990825688,0.2,0.105045871559633,0.0350917770178305,0.1442786069651741,False,0.146788990825688,900,0.2,0.105045871559633,0.0350917770178305,0.1442786069651741,False,0.0,success,,10.66343903541565,0.146788990825688,0.1559633027522936,False,False,0.1743119266055046,0.2018348623853211,True,True,0.1743119266055046,0.2018348623853211,-0.0275229357798166,-0.0550458715596331,False,False,False,False,40,13,0.2018348623853211,0.1559633027522936,-0.055045871559633114
YFF,13,51,109,7,7,0.146788990825688,0.8,0.1087614678899082,0.0340350761807933,0.154228855721393,False,0.1834862385321101,60,0.8,0.1154128440366972,0.0334959785461307,0.0398009950248756,True,0.036697247706422,success,,15.098094463348389,0.146788990825688,0.1559633027522936,False,False,0.1743119266055046,0.2293577981651376,False,True,0.1743119266055046,0.2293577981651376,-0.0275229357798166,-0.0458715596330275,True,False,False,False,51,13,0.2293577981651376,0.1559633027522936,-0.0458715596330275
YFF,13,53,109,7,7,0.1192660550458715,0.5,0.108348623853211,0.0337604806898461,0.4228855721393035,False,0.1192660550458715,60,0.2,0.1149082568807339,0.0346452416544051,0.4825870646766169,False,0.0,success,,16.908516883850098,0.146788990825688,0.1559633027522936,False,False,0.0825688073394495,0.1834862385321101,False,True,0.146788990825688,0.1834862385321101,-0.0275229357798165,-0.0642201834862386,True,False,False,False,53,13,0.1834862385321101,0.1559633027522936,-0.0642201834862386
YFF,14,15,109,7,7,0.1009174311926605,0.2,0.1077064220183486,0.0367460834059932,0.5970149253731343,False,0.1743119266055046,60,0.5,0.1174770642201835,0.0360424911361014,0.0646766169154228,False,0.073394495412844,success,,15.10608458518982,0.1192660550458715,0.1926605504587156,False,True,0.055045871559633,0.1651376146788991,False,False,0.1192660550458715,0.1926605504587156,-0.0183486238532109,-0.018348623853211,True,False,False,False,14,15,0.1926605504587156,0.1651376146788991,-0.01834862385321101
YFF,14,16,109,7,7,0.1376146788990825,0.5,0.1077981651376146,0.0332855827842523,0.2288557213930348,False,0.1559633027522936,100,0.8,0.1142660550458715,0.0362542705069007,0.1442786069651741,False,0.018348623853211,success,,13.0816011428833,0.1192660550458715,0.1926605504587156,False,True,0.091743119266055,0.146788990825688,False,False,0.1192660550458715,0.1926605504587156,0.0183486238532109,-0.036697247706422,True,False,False,False,14,16,0.1926605504587156,0.146788990825688,-0.03669724770642202
YFF,14,17,109,7,7,0.1192660550458715,0.8,0.1092201834862385,0.0389840860677199,0.4029850746268656,False,0.1651376146788991,60,0.8,0.113348623853211,0.034399720087394,0.0895522388059701,False,0.0458715596330275,success,,14.904592990875244,0.1192660550458715,0.1926605504587156,False,True,0.1559633027522936,0.1651376146788991,False,False,0.1559633027522936,0.1926605504587156,-0.036697247706422,-0.0275229357798165,True,False,False,False,14,17,0.1926605504587156,0.1651376146788991,-0.027522935779816515
YFF,14,27,109,7,7,0.1559633027522936,0.2,0.110091743119266,0.0343148084801913,0.1094527363184079,False,0.1834862385321101,100,0.2,0.1116055045871559,0.0353203674677936,0.0497512437810945,True,0.0275229357798165,success,,13.565483570098875,0.1192660550458715,0.1926605504587156,False,True,0.073394495412844,0.146788990825688,False,False,0.1192660550458715,0.1926605504587156,0.036697247706422,-0.0091743119266055,True,False,False,False,14,27,0.1926605504587156,0.146788990825688,-0.009174311926605505
YFF,14,28,109,7,7,0.1376146788990825,0.2,0.1080275229357798,0.0332180090741589,0.2189054726368159,False,0.1926605504587156,60,0.8,0.113394495412844,0.0359172087774516,0.0298507462686567,True,0.055045871559633,success,,15.651464700698853,0.1192660550458715,0.1926605504587156,False,True,0.0642201834862385,0.1009174311926605,False,False,0.1192660550458715,0.1926605504587156,0.0183486238532109,0.0,True,False,False,False,14,28,0.1926605504587156,0.1009174311926605,0.0
YFF,14,30,109,7,7,0.128440366972477,0.2,0.1075688073394495,0.035833473371253,0.308457711442786,False,0.1834862385321101,60,0.8,0.1135779816513761,0.0354731052597237,0.044776119402985,True,0.055045871559633,success,,15.66705584526062,0.1192660550458715,0.1926605504587156,False,True,0.0642201834862385,0.110091743119266,False,False,0.1192660550458715,0.1926605504587156,0.0091743119266054,-0.0091743119266055,True,False,False,False,14,30,0.1926605504587156,0.110091743119266,-0.009174311926605505
YFF,14,32,109,7,7,0.110091743119266,0.8,0.1076605504587156,0.0348344399059153,0.4875621890547263,False,0.2018348623853211,100,0.5,0.1152752293577981,0.0366808489937796,0.0248756218905472,True,0.091743119266055,success,,14.222172498703005,0.1192660550458715,0.1926605504587156,False,True,0.0825688073394495,0.1009174311926605,False,False,0.1192660550458715,0.1926605504587156,-0.0091743119266054,0.0091743119266055,True,False,False,False,14,32,0.1926605504587156,0.1009174311926605,0.009174311926605505
YFF,14,33,109,7,7,0.1376146788990825,0.2,0.1111926605504587,0.0318413777878203,0.2288557213930348,False,0.1834862385321101,300,0.2,0.1137614678899082,0.0307389160066693,0.0248756218905472,True,0.0458715596330275,success,,11.818076610565186,0.1192660550458715,0.1926605504587156,False,True,0.128440366972477,0.1743119266055046,False,False,0.128440366972477,0.1926605504587156,0.0091743119266055,-0.0091743119266055,True,False,False,False,14,33,0.1926605504587156,0.1743119266055046,-0.009174311926605505
YFF,14,34,109,7,7,0.0825688073394495,0.2,0.1101834862385321,0.0318736395727137,0.835820895522388,False,0.1926605504587156,60,0.2,0.1138073394495413,0.034180163139777,0.0199004975124378,True,0.110091743119266,success,,14.897158861160278,0.1192660550458715,0.1926605504587156,False,True,0.1009174311926605,0.1834862385321101,False,False,0.1192660550458715,0.1926605504587156,-0.0366972477064219,0.0,True,False,False,False,14,34,0.1926605504587156,0.1834862385321101,0.0
YFF,14,36,109,7,7,0.1559633027522936,0.8,0.1089908256880734,0.0336245275963954,0.1144278606965174,False,0.2293577981651376,180,0.2,0.1127981651376146,0.0362192545666613,0.0099502487562189,True,0.073394495412844,success,,17.07272696495056,0.1192660550458715,0.1926605504587156,False,True,0.1192660550458715,0.1651376146788991,False,False,0.1192660550458715,0.1926605504587156,0.036697247706422,0.0366972477064219,True,False,False,False,14,36,0.1926605504587156,0.1651376146788991,0.03669724770642199
YFF,14,37,109,7,7,0.1192660550458715,0.2,0.1066055045871559,0.0334100043981476,0.3880597014925373,False,0.2018348623853211,100,0.5,0.1140825688073394,0.0363798163112351,0.0248756218905472,True,0.0825688073394495,success,,14.23207402229309,0.1192660550458715,0.1926605504587156,False,True,0.055045871559633,0.0642201834862385,False,False,0.1192660550458715,0.1926605504587156,0.0,0.0091743119266055,True,False,False,False,14,37,0.1926605504587156,0.0642201834862385,0.009174311926605505
YFF,14,38,109,7,7,0.1192660550458715,0.2,0.1079357798165137,0.0325951430506974,0.3980099502487562,False,0.1559633027522936,60,0.8,0.1154587155963302,0.034941124874843,0.1641791044776119,False,0.036697247706422,success,,16.127370595932007,0.1192660550458715,0.1926605504587156,False,True,0.055045871559633,0.146788990825688,False,False,0.1192660550458715,0.1926605504587156,0.0,-0.036697247706422,True,False,False,False,14,38,0.1926605504587156,0.146788990825688,-0.03669724770642202
YFF,14,41,109,7,7,0.1376146788990825,0.8,0.106697247706422,0.0342198924116096,0.2288557213930348,False,0.1834862385321101,60,0.8,0.1186697247706422,0.0354076756891647,0.0696517412935323,False,0.0458715596330275,success,,17.31186556816101,0.1192660550458715,0.1926605504587156,False,True,0.036697247706422,0.1743119266055046,False,False,0.1192660550458715,0.1926605504587156,0.0183486238532109,-0.0091743119266055,True,False,False,False,14,41,0.1926605504587156,0.1743119266055046,-0.009174311926605505
YFF,14,42,109,7,7,0.110091743119266,0.2,0.1078440366972477,0.0341355866789231,0.5124378109452736,False,0.1926605504587156,100,0.2,0.1125229357798165,0.036771828459816,0.0248756218905472,True,0.0825688073394495,success,,14.825021505355837,0.1192660550458715,0.1926605504587156,False,True,0.0458715596330275,0.1009174311926605,False,False,0.1192660550458715,0.1926605504587156,-0.0091743119266054,0.0,True,False,False,False,14,42,0.1926605504587156,0.1009174311926605,0.0
YFF,14,43,109,7,7,0.146788990825688,0.2,0.1058715596330275,0.0320040795616719,0.1343283582089552,False,0.1926605504587156,60,0.8,0.120091743119266,0.0355044495642475,0.0497512437810945,True,0.0458715596330275,success,,18.27566361427307,0.1192660550458715,0.1926605504587156,False,True,0.073394495412844,0.110091743119266,False,False,0.1192660550458715,0.1926605504587156,0.0275229357798165,0.0,True,False,False,False,14,43,0.1926605504587156,0.110091743119266,0.0
YFF,14,44,109,7,7,0.146788990825688,0.5,0.1047247706422018,0.0348198666296937,0.154228855721393,False,0.1926605504587156,100,0.5,0.1137155963302752,0.0370059568327151,0.0298507462686567,True,0.0458715596330275,success,,13.154935359954834,0.1192660550458715,0.1926605504587156,False,True,0.128440366972477,0.128440366972477,False,False,0.128440366972477,0.1926605504587156,0.018348623853211,0.0,True,False,False,False,14,44,0.1926605504587156,0.128440366972477,0.0
YFF,14,45,109,7,7,0.1559633027522936,0.2,0.1072018348623853,0.0328227262489959,0.0845771144278607,False,0.1926605504587156,100,0.2,0.1120642201834862,0.0361734493235579,0.0199004975124378,True,0.036697247706422,success,,12.834193706512451,0.1192660550458715,0.1926605504587156,False,True,0.1376146788990825,0.1376146788990825,False,False,0.1376146788990825,0.1926605504587156,0.018348623853211,0.0,True,False,False,False,14,45,0.1926605504587156,0.1376146788990825,0.0
YFF,14,46,109,7,7,0.1192660550458715,0.2,0.1041743119266055,0.0338668958103528,0.3582089552238806,False,0.1926605504587156,100,0.2,0.1126146788990825,0.0354179471442699,0.0298507462686567,True,0.073394495412844,success,,13.164521932601929,0.1192660550458715,0.1926605504587156,False,True,0.1376146788990825,0.1376146788990825,False,False,0.1376146788990825,0.1926605504587156,-0.0183486238532109,0.0,True,False,False,False,14,46,0.1926605504587156,0.1376146788990825,0.0
YFF,14,47,109,7,7,0.146788990825688,0.2,0.1039908256880734,0.0305218142400996,0.0895522388059701,False,0.1651376146788991,60,0.8,0.1195412844036697,0.03459603833701,0.1293532338308457,False,0.018348623853211,success,,15.01241660118103,0.1192660550458715,0.1926605504587156,False,True,0.1376146788990825,0.1651376146788991,False,False,0.1376146788990825,0.1926605504587156,0.0091743119266055,-0.0275229357798165,True,False,False,False,14,47,0.1926605504587156,0.1651376146788991,-0.027522935779816515
YFF,14,48,109,7,7,0.1192660550458715,0.5,0.106697247706422,0.0323912034781398,0.3830845771144278,False,0.2018348623853211,100,0.5,0.1154128440366972,0.0377018906192611,0.0348258706467661,True,0.0825688073394495,success,,12.783982753753662,0.1192660550458715,0.1926605504587156,False,True,0.1009174311926605,0.1376146788990825,False,False,0.1192660550458715,0.1926605504587156,0.0,0.0091743119266055,True,False,False,False,14,48,0.1926605504587156,0.1376146788990825,0.009174311926605505
YFF,14,49,109,7,7,0.128440366972477,0.2,0.1074311926605504,0.0351139471980084,0.3233830845771144,False,0.1651376146788991,60,0.8,0.1202752293577981,0.0349352232942363,0.1442786069651741,False,0.036697247706422,success,,14.65172529220581,0.1192660550458715,0.1926605504587156,False,True,0.1009174311926605,0.1559633027522936,False,False,0.1192660550458715,0.1926605504587156,0.0091743119266054,-0.0275229357798165,True,False,False,False,14,49,0.1926605504587156,0.1559633027522936,-0.027522935779816515
YFF,14,50,109,7,7,0.146788990825688,0.2,0.1072477064220183,0.0351596891920309,0.1442786069651741,False,0.2018348623853211,100,0.5,0.1154128440366972,0.0379590368121883,0.0298507462686567,True,0.055045871559633,success,,12.902653217315674,0.1192660550458715,0.1926605504587156,False,True,0.110091743119266,0.110091743119266,False,False,0.1192660550458715,0.1926605504587156,0.0275229357798165,0.0091743119266055,True,False,False,False,14,50,0.1926605504587156,0.110091743119266,0.009174311926605505
YFF,14,52,109,7,7,0.110091743119266,0.5,0.1056880733944954,0.0343512732409366,0.4676616915422885,False,0.2201834862385321,100,0.5,0.1146330275229357,0.0392047895182618,0.0099502487562189,True,0.110091743119266,success,,12.924713611602783,0.1192660550458715,0.1926605504587156,False,True,0.1009174311926605,0.1559633027522936,False,False,0.1192660550458715,0.1926605504587156,-0.0091743119266054,0.0275229357798164,True,False,False,False,14,52,0.1926605504587156,0.1559633027522936,0.027522935779816488
YFF,14,54,109,7,7,0.110091743119266,0.5,0.1062385321100917,0.035099128466233,0.4825870646766169,False,0.2018348623853211,100,0.5,0.1145412844036697,0.0376639252766409,0.0248756218905472,True,0.091743119266055,success,,13.078132629394531,0.1192660550458715,0.1926605504587156,False,True,0.1192660550458715,0.146788990825688,False,False,0.1192660550458715,0.1926605504587156,-0.0091743119266054,0.0091743119266055,True,False,False,False,14,54,0.1926605504587156,0.146788990825688,0.009174311926605505
YFF,15,29,109,7,7,0.091743119266055,0.2,0.1104128440366972,0.0332427013246575,0.7661691542288557,False,0.1559633027522936,60,0.8,0.1169724770642201,0.0332092541927921,0.1890547263681592,False,0.0642201834862385,success,,15.7921884059906,0.055045871559633,0.1651376146788991,False,False,0.091743119266055,0.1834862385321101,False,True,0.091743119266055,0.1834862385321101,0.0,-0.0275229357798165,True,False,False,False,29,15,0.1834862385321101,0.1651376146788991,-0.027522935779816515
YFF,15,31,109,7,7,0.1009174311926605,0.8,0.1071559633027522,0.033234843797118,0.582089552238806,False,0.1559633027522936,300,0.8,0.1132110091743119,0.0355312430872799,0.1243781094527363,False,0.055045871559633,success,,14.389849185943604,0.055045871559633,0.1651376146788991,False,False,0.091743119266055,0.1926605504587156,False,True,0.091743119266055,0.1926605504587156,0.0091743119266055,-0.036697247706422,True,False,False,False,31,15,0.1926605504587156,0.1651376146788991,-0.03669724770642202
YFF,15,35,109,7,7,0.0825688073394495,0.2,0.1037155963302752,0.0335822048896322,0.7711442786069652,False,0.1559633027522936,75,0.5,0.113440366972477,0.0345013749449251,0.1592039800995024,False,0.073394495412844,success,,14.377604246139526,0.055045871559633,0.1651376146788991,False,False,0.0825688073394495,0.1834862385321101,False,True,0.0825688073394495,0.1834862385321101,0.0,-0.0275229357798165,True,False,False,False,35,15,0.1834862385321101,0.1651376146788991,-0.027522935779816515
YFF,15,39,109,7,7,0.1009174311926605,0.5,0.1046788990825688,0.03642179132135,0.5472636815920398,False,0.1743119266055046,300,0.8,0.1115596330275229,0.0327822713860972,0.044776119402985,True,0.073394495412844,success,,11.254113912582396,0.055045871559633,0.1651376146788991,False,False,0.128440366972477,0.2018348623853211,False,True,0.128440366972477,0.2018348623853211,-0.0275229357798164,-0.0275229357798165,True,False,False,False,39,15,0.2018348623853211,0.1651376146788991,-0.027522935779816515
YFF,15,40,109,7,7,0.110091743119266,0.2,0.1013302752293578,0.0349534695738658,0.4079601990049751,False,0.1743119266055046,300,0.5,0.1077522935779816,0.0342777805237656,0.0646766169154228,False,0.0642201834862385,success,,10.68600869178772,0.055045871559633,0.1651376146788991,False,False,0.1743119266055046,0.2018348623853211,True,True,0.1743119266055046,0.2018348623853211,-0.0642201834862385,-0.0275229357798165,False,False,False,False,40,15,0.2018348623853211,0.1651376146788991,-0.027522935779816515
YFF,15,51,109,7,7,0.1743119266055046,0.8,0.1098623853211009,0.0346391370348864,0.0547263681592039,False,0.1743119266055046,900,0.8,0.1098623853211009,0.0346391370348864,0.0547263681592039,False,0.0,success,,10.68489146232605,0.055045871559633,0.1651376146788991,False,False,0.1743119266055046,0.2293577981651376,False,True,0.1743119266055046,0.2293577981651376,0.0,-0.055045871559633,True,False,False,False,51,15,0.2293577981651376,0.1651376146788991,-0.055045871559633
YFF,15,53,109,7,7,0.0642201834862385,0.5,0.103440366972477,0.0341534242449168,0.9104477611940298,False,0.1376146788990825,75,0.8,0.1153669724770642,0.0308684989683332,0.308457711442786,False,0.073394495412844,success,,13.420541524887083,0.055045871559633,0.1651376146788991,False,False,0.0825688073394495,0.1834862385321101,False,True,0.0825688073394495,0.1834862385321101,-0.018348623853211,-0.0458715596330276,True,False,False,False,53,15,0.1834862385321101,0.1651376146788991,-0.04587155963302761
YFF,16,29,109,7,7,0.110091743119266,0.8,0.1107798165137614,0.0316331806434774,0.5422885572139303,False,0.146788990825688,60,0.5,0.1138073394495413,0.0362927490206066,0.2437810945273631,False,0.036697247706422,success,,16.212685585021973,0.091743119266055,0.146788990825688,False,False,0.091743119266055,0.1834862385321101,False,True,0.091743119266055,0.1834862385321101,0.018348623853211,-0.0366972477064221,True,False,False,False,29,16,0.1834862385321101,0.146788990825688,-0.036697247706422104
YFF,16,31,109,7,7,0.073394495412844,0.2,0.106788990825688,0.0359760397218469,0.8606965174129353,False,0.146788990825688,60,0.2,0.1151834862385321,0.0351393233028487,0.2139303482587064,False,0.073394495412844,success,,14.927655220031738,0.091743119266055,0.146788990825688,False,False,0.091743119266055,0.1926605504587156,False,True,0.091743119266055,0.1926605504587156,-0.0183486238532109,-0.0458715596330276,True,False,False,False,31,16,0.1926605504587156,0.146788990825688,-0.04587155963302761
YFF,16,35,109,7,7,0.091743119266055,0.8,0.1107798165137614,0.0331479052788492,0.7313432835820896,False,0.1376146788990825,300,0.2,0.1062844036697247,0.0307152059749035,0.1840796019900497,False,0.0458715596330275,success,,11.250829458236694,0.091743119266055,0.146788990825688,False,False,0.0825688073394495,0.1834862385321101,False,True,0.091743119266055,0.1834862385321101,0.0,-0.0458715596330276,True,False,False,False,35,16,0.1834862385321101,0.146788990825688,-0.04587155963302761
YFF,16,39,109,7,7,0.110091743119266,0.5,0.1110550458715596,0.0327300737535427,0.5671641791044776,False,0.128440366972477,60,0.8,0.1120183486238532,0.0357584731642303,0.3482587064676617,False,0.018348623853211,success,,14.818073272705078,0.091743119266055,0.146788990825688,False,False,0.128440366972477,0.2018348623853211,False,True,0.128440366972477,0.2018348623853211,-0.0183486238532109,-0.0733944954128441,True,False,False,False,39,16,0.2018348623853211,0.146788990825688,-0.07339449541284412
YFF,16,40,109,7,7,0.1192660550458715,0.5,0.1049541284403669,0.0361238687613072,0.3930348258706467,False,0.1743119266055046,60,0.2,0.1129357798165137,0.0363310994691378,0.0597014925373134,False,0.055045871559633,success,,14.957385540008543,0.091743119266055,0.146788990825688,False,False,0.1743119266055046,0.2018348623853211,True,True,0.1743119266055046,0.2018348623853211,-0.0550458715596331,-0.0275229357798165,False,False,False,False,40,16,0.2018348623853211,0.146788990825688,-0.027522935779816515
YFF,16,51,109,7,7,0.1192660550458715,0.5,0.1111926605504587,0.0342353388122325,0.4378109452736318,False,0.1376146788990825,300,0.8,0.1082110091743119,0.0351826280503549,0.2537313432835821,False,0.018348623853211,success,,11.159542322158812,0.091743119266055,0.146788990825688,False,False,0.1743119266055046,0.2293577981651376,False,True,0.1743119266055046,0.2293577981651376,-0.0550458715596331,-0.0917431192660551,True,False,False,False,51,16,0.2293577981651376,0.146788990825688,-0.0917431192660551
YFF,16,53,109,7,7,0.036697247706422,0.5,0.1088990825688073,0.0328579184708531,0.9900497512437813,False,0.146788990825688,60,0.2,0.1164678899082568,0.0374524376518398,0.2189054726368159,False,0.110091743119266,success,,15.082661628723145,0.091743119266055,0.146788990825688,False,False,0.0825688073394495,0.1834862385321101,False,True,0.091743119266055,0.1834862385321101,-0.0550458715596329,-0.0366972477064221,True,False,False,False,53,16,0.1834862385321101,0.146788990825688,-0.036697247706422104
YFF,17,29,109,7,7,0.1192660550458715,0.2,0.1138073394495413,0.0345249043359858,0.472636815920398,False,0.1926605504587156,180,0.8,0.1130275229357798,0.032940839740002,0.0199004975124378,True,0.073394495412844,success,,11.976851224899292,0.1559633027522936,0.1651376146788991,False,False,0.091743119266055,0.1834862385321101,False,True,0.1559633027522936,0.1834862385321101,-0.036697247706422,0.0091743119266055,True,False,False,False,29,17,0.1834862385321101,0.1651376146788991,0.009174311926605505
YFF,17,31,109,7,7,0.1192660550458715,0.8,0.1088990825688073,0.0374311158236882,0.4577114427860697,False,0.2110091743119266,150,0.2,0.11,0.0347434088118998,0.0149253731343283,True,0.091743119266055,success,,12.259759187698364,0.1559633027522936,0.1651376146788991,False,False,0.091743119266055,0.1926605504587156,False,True,0.1559633027522936,0.1926605504587156,-0.036697247706422,0.0183486238532109,True,False,False,False,31,17,0.1926605504587156,0.1651376146788991,0.018348623853210982
YFF,17,35,109,7,7,0.1651376146788991,0.2,0.1072018348623853,0.0343957853673666,0.0796019900497512,False,0.1651376146788991,150,0.5,0.1157798165137614,0.036274826609558,0.1243781094527363,False,0.0,success,,12.059948682785034,0.1559633027522936,0.1651376146788991,False,False,0.0825688073394495,0.1834862385321101,False,True,0.1559633027522936,0.1834862385321101,0.0091743119266055,-0.018348623853211,True,False,False,False,35,17,0.1834862385321101,0.1651376146788991,-0.01834862385321101
YFF,17,39,109,7,7,0.1743119266055046,0.5,0.1062385321100917,0.0362141452465807,0.0547263681592039,False,0.1926605504587156,90,0.2,0.1108715596330275,0.0339776148155387,0.0199004975124378,True,0.018348623853211,success,,13.872703552246094,0.1559633027522936,0.1651376146788991,False,False,0.128440366972477,0.2018348623853211,False,True,0.1559633027522936,0.2018348623853211,0.018348623853211,-0.0091743119266055,True,False,False,False,39,17,0.2018348623853211,0.1651376146788991,-0.009174311926605505
YFF,17,40,109,7,7,0.1834862385321101,0.8,0.1088073394495413,0.0331364515384876,0.0149253731343283,True,0.2477064220183486,300,0.2,0.1083027522935779,0.0338394094339596,0.0049751243781094,True,0.0642201834862385,success,,11.250041246414185,0.1559633027522936,0.1651376146788991,False,False,0.1743119266055046,0.2018348623853211,True,True,0.1743119266055046,0.2018348623853211,0.0091743119266055,0.0458715596330275,False,False,False,False,40,17,0.2018348623853211,0.1651376146788991,0.0458715596330275
YFF,17,51,109,7,7,0.1651376146788991,0.5,0.1090825688073394,0.0363473941568546,0.0845771144278607,False,0.2110091743119266,180,0.8,0.1111467889908257,0.0345870819797956,0.0149253731343283,True,0.0458715596330275,success,,12.752538681030272,0.1559633027522936,0.1651376146788991,False,False,0.1743119266055046,0.2293577981651376,False,True,0.1743119266055046,0.2293577981651376,-0.0091743119266055,-0.018348623853211,True,False,False,False,51,17,0.2293577981651376,0.1651376146788991,-0.01834862385321101
YFF,17,53,109,7,7,0.1376146788990825,0.8,0.1094954128440367,0.0359764805904592,0.2736318407960199,False,0.2018348623853211,60,0.2,0.1155963302752293,0.0345849113188625,0.0099502487562189,True,0.0642201834862385,success,,16.911715507507324,0.1559633027522936,0.1651376146788991,False,False,0.0825688073394495,0.1834862385321101,False,True,0.1559633027522936,0.1834862385321101,-0.018348623853211,0.018348623853211,True,False,False,False,53,17,0.1834862385321101,0.1651376146788991,0.01834862385321101
YFF,27,29,109,7,7,0.1009174311926605,0.5,0.1123394495412844,0.0335355724559406,0.6865671641791045,False,0.1651376146788991,180,0.5,0.1113761467889908,0.0329957484475174,0.0796019900497512,False,0.0642201834862385,success,,15.362980127334597,0.073394495412844,0.146788990825688,False,False,0.091743119266055,0.1834862385321101,False,True,0.091743119266055,0.1834862385321101,0.0091743119266055,-0.018348623853211,True,False,False,False,29,27,0.1834862385321101,0.146788990825688,-0.01834862385321101
YFF,27,31,109,7,7,0.091743119266055,0.2,0.1078440366972477,0.0341107968073501,0.746268656716418,False,0.2018348623853211,60,0.2,0.1146788990825688,0.035442568591209,0.0298507462686567,True,0.110091743119266,success,,15.66781759262085,0.073394495412844,0.146788990825688,False,False,0.091743119266055,0.1926605504587156,False,True,0.091743119266055,0.1926605504587156,0.0,0.0091743119266055,True,False,False,False,31,27,0.1926605504587156,0.146788990825688,0.009174311926605505
YFF,27,35,109,7,7,0.091743119266055,0.2,0.1102293577981651,0.035992935821256,0.736318407960199,False,0.2201834862385321,150,0.2,0.1127064220183486,0.0352076242932527,0.0049751243781094,True,0.128440366972477,success,,15.635008335113524,0.073394495412844,0.146788990825688,False,False,0.0825688073394495,0.1834862385321101,False,True,0.0825688073394495,0.1834862385321101,0.0091743119266054,0.0366972477064219,True,False,False,False,35,27,0.1834862385321101,0.146788990825688,0.03669724770642199
YFF,27,39,109,7,7,0.073394495412844,0.2,0.1119266055045871,0.0371667900202092,0.8756218905472637,False,0.1651376146788991,60,0.2,0.1171559633027523,0.0330427587169597,0.099502487562189,False,0.091743119266055,success,,15.584219217300417,0.073394495412844,0.146788990825688,False,False,0.128440366972477,0.2018348623853211,False,True,0.128440366972477,0.2018348623853211,-0.0550458715596329,-0.036697247706422,True,False,False,False,39,27,0.2018348623853211,0.146788990825688,-0.03669724770642202
YFF,27,40,109,7,7,0.128440366972477,0.2,0.1061926605504587,0.0323013397468577,0.2885572139303483,False,0.1559633027522936,225,0.2,0.1111467889908257,0.0374747913530692,0.1442786069651741,False,0.0275229357798165,success,,15.020496129989624,0.073394495412844,0.146788990825688,False,False,0.1743119266055046,0.2018348623853211,True,True,0.1743119266055046,0.2018348623853211,-0.0458715596330276,-0.0458715596330275,False,False,False,False,40,27,0.2018348623853211,0.146788990825688,-0.045871559633027525
YFF,27,51,109,7,7,0.073394495412844,0.8,0.1120183486238532,0.0350898485141014,0.9104477611940298,False,0.1651376146788991,75,0.2,0.1127064220183486,0.0350269634033593,0.1094527363184079,False,0.091743119266055,success,,13.630259037017822,0.073394495412844,0.146788990825688,False,False,0.1743119266055046,0.2293577981651376,False,True,0.1743119266055046,0.2293577981651376,-0.1009174311926606,-0.0642201834862385,True,False,False,False,51,27,0.2293577981651376,0.146788990825688,-0.06422018348623851
YFF,27,53,109,7,7,0.0825688073394495,0.8,0.1090366972477064,0.0335567541335046,0.7810945273631841,False,0.1376146788990825,180,0.2,0.1111467889908257,0.030741358236236,0.2238805970149253,False,0.055045871559633,success,,11.307358264923096,0.073394495412844,0.146788990825688,False,False,0.0825688073394495,0.1834862385321101,False,True,0.0825688073394495,0.1834862385321101,0.0,-0.0458715596330276,True,False,False,False,53,27,0.1834862385321101,0.146788990825688,-0.04587155963302761
YFF,28,29,109,7,7,0.1559633027522936,0.2,0.1102293577981651,0.0317871029464102,0.0845771144278607,False,0.1743119266055046,180,0.2,0.1111009174311926,0.0337780154799958,0.0298507462686567,True,0.018348623853211,success,,11.546888589859009,0.0642201834862385,0.1009174311926605,False,False,0.091743119266055,0.1834862385321101,False,True,0.091743119266055,0.1834862385321101,0.0642201834862385,-0.0091743119266055,True,False,False,False,29,28,0.1834862385321101,0.1009174311926605,-0.009174311926605505
YFF,28,31,109,7,7,0.0825688073394495,0.2,0.1059174311926605,0.0346923331605166,0.7512437810945274,False,0.2018348623853211,100,0.2,0.1097247706422018,0.0348509792589591,0.0099502487562189,True,0.1192660550458715,success,,20.09126281738281,0.0642201834862385,0.1009174311926605,False,False,0.091743119266055,0.1926605504587156,False,True,0.091743119266055,0.1926605504587156,-0.0091743119266054,0.0091743119266055,True,False,False,False,31,28,0.1926605504587156,0.1009174311926605,0.009174311926605505
YFF,28,35,109,7,7,0.1009174311926605,0.2,0.1074311926605504,0.0336751818336719,0.6218905472636815,False,0.1834862385321101,150,0.2,0.1114678899082568,0.0355111200640467,0.0497512437810945,True,0.0825688073394495,success,,25.7478096485138,0.0642201834862385,0.1009174311926605,False,False,0.0825688073394495,0.1834862385321101,False,True,0.0825688073394495,0.1834862385321101,0.0183486238532109,0.0,True,False,False,False,35,28,0.1834862385321101,0.1009174311926605,0.0
YFF,28,39,109,7,7,0.1376146788990825,0.5,0.1091743119266055,0.0338431901344317,0.2487562189054726,False,0.2018348623853211,300,0.8,0.1059174311926605,0.0334888750877967,0.0149253731343283,True,0.0642201834862385,success,,22.483852863311768,0.0642201834862385,0.1009174311926605,False,False,0.128440366972477,0.2018348623853211,False,True,0.128440366972477,0.2018348623853211,0.0091743119266055,0.0,True,False,False,False,39,28,0.2018348623853211,0.1009174311926605,0.0
YFF,28,40,109,7,7,0.1743119266055046,0.5,0.106697247706422,0.0322603621702011,0.0348258706467661,True,0.1926605504587156,300,0.2,0.1091284403669724,0.0347727045696864,0.0199004975124378,True,0.018348623853211,success,,22.965619325637817,0.0642201834862385,0.1009174311926605,False,False,0.1743119266055046,0.2018348623853211,True,True,0.1743119266055046,0.2018348623853211,0.0,-0.0091743119266055,False,False,False,False,40,28,0.2018348623853211,0.1009174311926605,-0.009174311926605505
YFF,28,51,109,7,7,0.1651376146788991,0.8,0.1091743119266055,0.0332378979556269,0.0696517412935323,False,0.2568807339449541,90,0.2,0.1126146788990825,0.0355133532103358,0.0049751243781094,True,0.091743119266055,success,,27.67825818061829,0.0642201834862385,0.1009174311926605,False,False,0.1743119266055046,0.2293577981651376,False,True,0.1743119266055046,0.2293577981651376,-0.0091743119266055,0.0275229357798164,True,False,False,False,51,28,0.2293577981651376,0.1009174311926605,0.027522935779816488
YFF,28,53,109,7,7,0.073394495412844,0.2,0.1049541284403669,0.0315220428146188,0.8905472636815921,False,0.1926605504587156,60,0.2,0.1163761467889908,0.0375244185689312,0.0348258706467661,True,0.1192660550458715,success,,29.67572021484375,0.0642201834862385,0.1009174311926605,False,False,0.0825688073394495,0.1834862385321101,False,True,0.0825688073394495,0.1834862385321101,-0.0091743119266055,0.0091743119266055,True,False,False,False,53,28,0.1834862385321101,0.1009174311926605,0.009174311926605505
YFF,29,30,109,7,7,0.146788990825688,0.5,0.111743119266055,0.0311999817847425,0.1492537313432835,False,0.1834862385321101,180,0.2,0.1094036697247706,0.0326335294250668,0.0298507462686567,True,0.036697247706422,success,,19.908260822296143,0.091743119266055,0.1834862385321101,False,True,0.0642201834862385,0.110091743119266,False,False,0.091743119266055,0.1834862385321101,0.055045871559633,0.0,True,False,False,False,29,30,0.1834862385321101,0.110091743119266,0.0
YFF,29,32,109,7,7,0.128440366972477,0.2,0.1104587155963302,0.0296867377151087,0.3034825870646766,False,0.1834862385321101,180,0.2,0.1114220183486238,0.0327559085814192,0.0199004975124378,True,0.055045871559633,success,,19.87308955192566,0.091743119266055,0.1834862385321101,False,True,0.0825688073394495,0.1009174311926605,False,False,0.091743119266055,0.1834862385321101,0.0366972477064219,0.0,True,False,False,False,29,32,0.1834862385321101,0.1009174311926605,0.0
YFF,29,33,109,7,7,0.1743119266055046,0.5,0.1113761467889908,0.0333019705812609,0.0398009950248756,True,0.1743119266055046,900,0.5,0.1113761467889908,0.0333019705812609,0.0398009950248756,True,0.0,success,,18.41678023338318,0.091743119266055,0.1834862385321101,False,True,0.128440366972477,0.1743119266055046,False,False,0.128440366972477,0.1834862385321101,0.0458715596330276,-0.0091743119266055,True,False,True,False,29,33,0.1834862385321101,0.1743119266055046,-0.009174311926605505
YFF,29,34,109,7,7,0.110091743119266,0.5,0.1120642201834862,0.0327362759716498,0.5572139303482587,False,0.1743119266055046,60,0.8,0.1172018348623853,0.0323536734793101,0.0746268656716417,False,0.0642201834862385,success,,26.82880544662476,0.091743119266055,0.1834862385321101,False,True,0.1009174311926605,0.1834862385321101,False,False,0.1009174311926605,0.1834862385321101,0.0091743119266055,-0.0091743119266055,True,False,False,False,29,34,0.1834862385321101,0.1834862385321101,-0.009174311926605505
YFF,29,36,109,7,7,0.1559633027522936,0.5,0.110091743119266,0.0303372638940446,0.0895522388059701,False,0.2110091743119266,150,0.2,0.1131192660550458,0.0341679413572146,0.0099502487562189,True,0.055045871559633,success,,20.665350914001465,0.091743119266055,0.1834862385321101,False,True,0.1192660550458715,0.1651376146788991,False,False,0.1192660550458715,0.1834862385321101,0.036697247706422,0.0275229357798164,True,False,False,False,29,36,0.1834862385321101,0.1651376146788991,0.027522935779816488
YFF,29,37,109,7,7,0.146788990825688,0.2,0.1120642201834862,0.0304746624602775,0.1442786069651741,False,0.1834862385321101,180,0.5,0.1112844036697247,0.0338470641331415,0.0348258706467661,True,0.036697247706422,success,,20.312232732772827,0.091743119266055,0.1834862385321101,False,True,0.055045871559633,0.0642201834862385,False,False,0.091743119266055,0.1834862385321101,0.055045871559633,0.0,True,False,False,False,29,37,0.1834862385321101,0.0642201834862385,0.0
YFF,29,38,109,7,7,0.1376146788990825,0.8,0.1138073394495413,0.0330860910685632,0.2288557213930348,False,0.2018348623853211,60,0.2,0.1164678899082568,0.0334433772262694,0.0248756218905472,True,0.0642201834862385,success,,25.64151358604431,0.091743119266055,0.1834862385321101,False,True,0.055045871559633,0.146788990825688,False,False,0.091743119266055,0.1834862385321101,0.0458715596330275,0.018348623853211,True,False,False,False,29,38,0.1834862385321101,0.146788990825688,0.01834862385321101
YFF,29,41,109,7,7,0.0825688073394495,0.2,0.1143577981651376,0.0324247118030168,0.8805970149253731,False,0.1743119266055046,60,0.5,0.1168807339449541,0.0361776875735945,0.0796019900497512,False,0.091743119266055,success,,25.575428009033203,0.091743119266055,0.1834862385321101,False,True,0.036697247706422,0.1743119266055046,False,False,0.091743119266055,0.1834862385321101,-0.0091743119266054,-0.0091743119266055,True,False,False,False,29,41,0.1834862385321101,0.1743119266055046,-0.009174311926605505
YFF,29,42,109,7,7,0.091743119266055,0.8,0.110091743119266,0.0309719456841443,0.7661691542288557,False,0.2018348623853211,180,0.2,0.1095412844036697,0.0308164223601013,0.0099502487562189,True,0.110091743119266,success,,20.168900728225708,0.091743119266055,0.1834862385321101,False,True,0.0458715596330275,0.1009174311926605,False,False,0.091743119266055,0.1834862385321101,0.0,0.018348623853211,True,False,False,False,29,42,0.1834862385321101,0.1009174311926605,0.01834862385321101
YFF,29,43,109,7,7,0.0642201834862385,0.2,0.1097706422018348,0.0319715194563096,0.9502487562189056,False,0.1376146788990825,90,0.8,0.1177981651376146,0.0338861542122478,0.3184079601990049,False,0.073394495412844,success,,22.74856472015381,0.091743119266055,0.1834862385321101,False,True,0.073394495412844,0.110091743119266,False,False,0.091743119266055,0.1834862385321101,-0.0275229357798165,-0.0458715596330276,True,False,False,False,29,43,0.1834862385321101,0.110091743119266,-0.04587155963302761
YFF,29,44,109,7,7,0.091743119266055,0.5,0.1122477064220183,0.0306972994850929,0.8009950248756219,False,0.1743119266055046,180,0.5,0.1110550458715596,0.0328590447719051,0.0597014925373134,False,0.0825688073394495,success,,20.264294862747192,0.091743119266055,0.1834862385321101,False,True,0.128440366972477,0.128440366972477,False,False,0.128440366972477,0.1834862385321101,-0.0366972477064219,-0.0091743119266055,True,False,False,False,29,44,0.1834862385321101,0.128440366972477,-0.009174311926605505
YFF,29,45,109,7,7,0.1376146788990825,0.2,0.1093119266055046,0.0326703171982315,0.2288557213930348,False,0.1651376146788991,180,0.2,0.1137614678899082,0.0342160606251573,0.0845771144278607,False,0.0275229357798165,success,,20.20113468170166,0.091743119266055,0.1834862385321101,False,True,0.1376146788990825,0.1376146788990825,False,False,0.1376146788990825,0.1834862385321101,0.0,-0.018348623853211,True,False,False,False,29,45,0.1834862385321101,0.1376146788990825,-0.01834862385321101
YFF,29,46,109,7,7,0.1009174311926605,0.2,0.1102293577981651,0.0344314273405383,0.6616915422885572,False,0.2018348623853211,180,0.5,0.1131192660550458,0.0358473101192417,0.0199004975124378,True,0.1009174311926605,success,,20.006345987319943,0.091743119266055,0.1834862385321101,False,True,0.1376146788990825,0.1376146788990825,False,False,0.1376146788990825,0.1834862385321101,-0.0366972477064219,0.018348623853211,True,False,False,False,29,46,0.1834862385321101,0.1376146788990825,0.01834862385321101
YFF,29,47,109,7,7,0.110091743119266,0.2,0.1076146788990825,0.0336138339522722,0.4825870646766169,False,0.128440366972477,60,0.8,0.1181192660550458,0.0340790394584038,0.4278606965174129,False,0.018348623853211,success,,25.24447178840637,0.091743119266055,0.1834862385321101,False,True,0.1376146788990825,0.1651376146788991,False,False,0.1376146788990825,0.1834862385321101,-0.0275229357798164,-0.0550458715596331,True,False,False,False,29,47,0.1834862385321101,0.1651376146788991,-0.055045871559633114
YFF,29,48,109,7,7,0.128440366972477,0.2,0.110045871559633,0.030204491804429,0.3034825870646766,False,0.1834862385321101,180,0.8,0.1115137614678899,0.0336689955460798,0.0248756218905472,True,0.055045871559633,success,,20.35831999778748,0.091743119266055,0.1834862385321101,False,True,0.1009174311926605,0.1376146788990825,False,False,0.1009174311926605,0.1834862385321101,0.0275229357798164,0.0,True,False,False,False,29,48,0.1834862385321101,0.1376146788990825,0.0
YFF,29,49,109,7,7,0.0825688073394495,0.5,0.1149541284403669,0.0344490196395225,0.8656716417910447,False,0.128440366972477,60,0.5,0.1212844036697247,0.0369403226178853,0.4975124378109453,False,0.0458715596330275,success,,26.67232346534729,0.091743119266055,0.1834862385321101,False,True,0.1009174311926605,0.1559633027522936,False,False,0.1009174311926605,0.1834862385321101,-0.0183486238532109,-0.0550458715596331,True,False,False,False,29,49,0.1834862385321101,0.1559633027522936,-0.055045871559633114
YFF,29,50,109,7,7,0.110091743119266,0.2,0.1074770642201835,0.0329744308669609,0.5124378109452736,False,0.1651376146788991,90,0.5,0.1142660550458715,0.0338281585702249,0.1144278606965174,False,0.055045871559633,success,,22.141929388046265,0.091743119266055,0.1834862385321101,False,True,0.110091743119266,0.110091743119266,False,False,0.110091743119266,0.1834862385321101,0.0,-0.018348623853211,True,False,False,False,29,50,0.1834862385321101,0.110091743119266,-0.01834862385321101
YFF,29,52,109,7,7,0.110091743119266,0.2,0.1061009174311926,0.0339003491043838,0.4825870646766169,False,0.2018348623853211,180,0.5,0.110137614678899,0.0323021253792129,0.0049751243781094,True,0.091743119266055,success,,19.57978796958924,0.091743119266055,0.1834862385321101,False,True,0.1009174311926605,0.1559633027522936,False,False,0.1009174311926605,0.1834862385321101,0.0091743119266055,0.018348623853211,True,False,False,False,29,52,0.1834862385321101,0.1559633027522936,0.01834862385321101
YFF,29,54,109,7,7,0.1192660550458715,0.5,0.1115137614678899,0.0306437932811608,0.4577114427860697,False,0.1926605504587156,180,0.5,0.1111009174311926,0.0336274205861106,0.0248756218905472,True,0.073394495412844,success,,21.063740491867065,0.091743119266055,0.1834862385321101,False,True,0.1192660550458715,0.146788990825688,False,False,0.1192660550458715,0.1834862385321101,0.0,0.0091743119266055,True,False,False,False,29,54,0.1834862385321101,0.146788990825688,0.009174311926605505
YFF,30,31,109,7,7,0.0825688073394495,0.2,0.1091284403669724,0.033369944635269,0.8109452736318408,False,0.1834862385321101,60,0.2,0.1146330275229357,0.03411699596393,0.0398009950248756,True,0.1009174311926605,success,,25.55661082267761,0.0642201834862385,0.110091743119266,False,False,0.091743119266055,0.1926605504587156,False,True,0.091743119266055,0.1926605504587156,-0.0091743119266054,-0.0091743119266055,True,False,False,False,31,30,0.1926605504587156,0.110091743119266,-0.009174311926605505
YFF,30,35,109,7,7,0.091743119266055,0.2,0.1097706422018348,0.0338103995939725,0.7313432835820896,False,0.1743119266055046,150,0.8,0.1122018348623853,0.0364974274882915,0.0597014925373134,False,0.0825688073394495,success,,21.683449745178223,0.0642201834862385,0.110091743119266,False,False,0.0825688073394495,0.1834862385321101,False,True,0.0825688073394495,0.1834862385321101,0.0091743119266054,-0.0091743119266055,True,False,False,False,35,30,0.1834862385321101,0.110091743119266,-0.009174311926605505
YFF,30,39,109,7,7,0.146788990825688,0.8,0.1104128440366972,0.0330768856957204,0.1741293532338308,False,0.1926605504587156,300,0.8,0.1063302752293578,0.0336072902806761,0.0149253731343283,True,0.0458715596330275,success,,18.35364961624145,0.0642201834862385,0.110091743119266,False,False,0.128440366972477,0.2018348623853211,False,True,0.128440366972477,0.2018348623853211,0.018348623853211,-0.0091743119266055,True,False,False,False,39,30,0.2018348623853211,0.110091743119266,-0.009174311926605505
YFF,30,40,109,7,7,0.1376146788990825,0.2,0.10848623853211,0.0339982722853843,0.2587064676616915,False,0.2018348623853211,300,0.5,0.1110091743119266,0.0347800322539977,0.0049751243781094,True,0.0642201834862385,success,,18.10973215103149,0.0642201834862385,0.110091743119266,False,False,0.1743119266055046,0.2018348623853211,True,True,0.1743119266055046,0.2018348623853211,-0.0366972477064221,0.0,False,False,False,False,40,30,0.2018348623853211,0.110091743119266,0.0
YFF,30,51,109,7,7,0.1651376146788991,0.8,0.1090825688073394,0.0337153493539957,0.0796019900497512,False,0.2477064220183486,90,0.2,0.1130733944954128,0.0352623617456583,0.0049751243781094,True,0.0825688073394495,success,,22.550137758255005,0.0642201834862385,0.110091743119266,False,False,0.1743119266055046,0.2293577981651376,False,True,0.1743119266055046,0.2293577981651376,-0.0091743119266055,0.018348623853211,True,False,False,False,51,30,0.2293577981651376,0.110091743119266,0.01834862385321101
YFF,30,53,109,7,7,0.0642201834862385,0.2,0.1077981651376146,0.0330432707220223,0.9303482587064676,False,0.1926605504587156,60,0.2,0.1178899082568807,0.0359961378398151,0.0248756218905472,True,0.128440366972477,success,,25.451520919799805,0.0642201834862385,0.110091743119266,False,False,0.0825688073394495,0.1834862385321101,False,True,0.0825688073394495,0.1834862385321101,-0.018348623853211,0.0091743119266055,True,False,False,False,53,30,0.1834862385321101,0.110091743119266,0.009174311926605505
YFF,31,32,109,7,7,0.0642201834862385,0.2,0.106697247706422,0.0354820465717969,0.9154228855721394,False,0.2018348623853211,60,0.2,0.1146330275229357,0.0326731652267128,0.0149253731343283,True,0.1376146788990825,success,,25.02366352081299,0.091743119266055,0.1926605504587156,False,True,0.0825688073394495,0.1009174311926605,False,False,0.091743119266055,0.1926605504587156,-0.0275229357798165,0.0091743119266055,True,False,False,False,31,32,0.1926605504587156,0.1009174311926605,0.009174311926605505
YFF,31,33,109,7,7,0.1009174311926605,0.5,0.1076146788990825,0.0314558237719134,0.6467661691542289,False,0.2385321100917431,60,0.5,0.1191743119266055,0.0340920995275931,0.0099502487562189,True,0.1376146788990825,success,,26.456022024154663,0.091743119266055,0.1926605504587156,False,True,0.128440366972477,0.1743119266055046,False,False,0.128440366972477,0.1926605504587156,-0.0275229357798164,0.0458715596330275,True,False,False,False,31,33,0.1926605504587156,0.1743119266055046,0.0458715596330275
YFF,31,34,109,7,7,0.073394495412844,0.5,0.1094495412844036,0.0344931910450701,0.8706467661691543,False,0.1926605504587156,60,0.2,0.1190366972477064,0.0354835663707813,0.0497512437810945,True,0.1192660550458715,success,,26.092511415481567,0.091743119266055,0.1926605504587156,False,True,0.1009174311926605,0.1834862385321101,False,False,0.1009174311926605,0.1926605504587156,-0.0275229357798165,0.0,True,False,False,False,31,34,0.1926605504587156,0.1834862385321101,0.0
YFF,31,36,109,7,7,0.110091743119266,0.2,0.1104128440366972,0.0316123156181093,0.5522388059701493,False,0.2201834862385321,150,0.5,0.1126146788990825,0.0323078860994095,0.0049751243781094,True,0.110091743119266,success,,20.21868348121643,0.091743119266055,0.1926605504587156,False,True,0.1192660550458715,0.1651376146788991,False,False,0.1192660550458715,0.1926605504587156,-0.0091743119266054,0.0275229357798164,True,False,False,False,31,36,0.1926605504587156,0.1651376146788991,0.027522935779816488
YFF,31,37,109,7,7,0.073394495412844,0.8,0.1081192660550458,0.0356196671452493,0.8756218905472637,False,0.1926605504587156,60,0.2,0.1123394495412844,0.0314125988222768,0.0149253731343283,True,0.1192660550458715,success,,25.1097252368927,0.091743119266055,0.1926605504587156,False,True,0.055045871559633,0.0642201834862385,False,False,0.091743119266055,0.1926605504587156,-0.0183486238532109,0.0,True,False,False,False,31,37,0.1926605504587156,0.0642201834862385,0.0
YFF,31,38,109,7,7,0.091743119266055,0.5,0.1082110091743119,0.0345518453978815,0.7263681592039801,False,0.1651376146788991,60,0.2,0.1164220183486238,0.0315186881995653,0.0796019900497512,False,0.073394495412844,success,,25.461973190307617,0.091743119266055,0.1926605504587156,False,True,0.055045871559633,0.146788990825688,False,False,0.091743119266055,0.1926605504587156,0.0,-0.0275229357798165,True,False,False,False,31,38,0.1926605504587156,0.146788990825688,-0.027522935779816515
YFF,31,41,109,7,7,0.073394495412844,0.2,0.1109174311926605,0.0346849259776367,0.8855721393034826,False,0.1926605504587156,60,0.5,0.1197247706422018,0.0352000852291281,0.0398009950248756,True,0.1192660550458715,success,,26.057875156402588,0.091743119266055,0.1926605504587156,False,True,0.036697247706422,0.1743119266055046,False,False,0.091743119266055,0.1926605504587156,-0.0183486238532109,0.0,True,False,False,False,31,41,0.1926605504587156,0.1743119266055046,0.0
YFF,31,42,109,7,7,0.0825688073394495,0.5,0.1066055045871559,0.0320663967670709,0.835820895522388,False,0.1743119266055046,60,0.2,0.1144495412844036,0.0326075976369735,0.0497512437810945,True,0.091743119266055,success,,26.19191813468933,0.091743119266055,0.1926605504587156,False,True,0.0458715596330275,0.1009174311926605,False,False,0.091743119266055,0.1926605504587156,-0.0091743119266054,-0.018348623853211,True,False,False,False,31,42,0.1926605504587156,0.1009174311926605,-0.01834862385321101
YFF,31,43,109,7,7,0.0642201834862385,0.2,0.1062385321100917,0.0345158682510306,0.9303482587064676,False,0.1376146788990825,300,0.2,0.1139908256880734,0.0342708699669632,0.3184079601990049,False,0.073394495412844,success,,19.119609594345093,0.091743119266055,0.1926605504587156,False,True,0.073394495412844,0.110091743119266,False,False,0.091743119266055,0.1926605504587156,-0.0275229357798165,-0.0550458715596331,True,False,False,False,31,43,0.1926605504587156,0.110091743119266,-0.055045871559633114
YFF,31,44,109,7,7,0.055045871559633,0.8,0.106697247706422,0.0367929000965127,0.9701492537313432,False,0.1926605504587156,300,0.5,0.1088532110091743,0.034174965548696,0.0199004975124378,True,0.1376146788990825,success,,19.36120343208313,0.091743119266055,0.1926605504587156,False,True,0.128440366972477,0.128440366972477,False,False,0.128440366972477,0.1926605504587156,-0.0733944954128439,0.0,True,False,False,False,31,44,0.1926605504587156,0.128440366972477,0.0
YFF,31,45,109,7,7,0.073394495412844,0.2,0.11,0.0352389946940974,0.8855721393034826,False,0.1651376146788991,225,0.2,0.1098165137614679,0.0365344922476583,0.099502487562189,False,0.091743119266055,success,,19.42474341392517,0.091743119266055,0.1926605504587156,False,True,0.1376146788990825,0.1376146788990825,False,False,0.1376146788990825,0.1926605504587156,-0.0642201834862385,-0.0275229357798165,True,False,False,False,31,45,0.1926605504587156,0.1376146788990825,-0.027522935779816515
YFF,31,46,109,7,7,0.073394495412844,0.8,0.1071559633027522,0.0340520037939323,0.8805970149253731,False,0.1834862385321101,60,0.2,0.1160550458715596,0.0328378316481663,0.044776119402985,True,0.110091743119266,success,,25.70404887199402,0.091743119266055,0.1926605504587156,False,True,0.1376146788990825,0.1376146788990825,False,False,0.1376146788990825,0.1926605504587156,-0.0642201834862385,-0.0091743119266055,True,False,False,False,31,46,0.1926605504587156,0.1376146788990825,-0.009174311926605505
YFF,31,47,109,7,7,0.091743119266055,0.5,0.1072935779816514,0.0343665067519298,0.7313432835820896,False,0.1743119266055046,60,0.8,0.1192660550458715,0.0362916127403081,0.099502487562189,False,0.0825688073394495,success,,25.23643469810486,0.091743119266055,0.1926605504587156,False,True,0.1376146788990825,0.1651376146788991,False,False,0.1376146788990825,0.1926605504587156,-0.0458715596330275,-0.018348623853211,True,False,False,False,31,47,0.1926605504587156,0.1651376146788991,-0.01834862385321101
YFF,31,48,109,7,7,0.073394495412844,0.8,0.1074311926605504,0.036205151091991,0.8606965174129353,False,0.1743119266055046,60,0.2,0.1135321100917431,0.0339235472960199,0.0547263681592039,False,0.1009174311926605,success,,24.5115327835083,0.091743119266055,0.1926605504587156,False,True,0.1009174311926605,0.1376146788990825,False,False,0.1009174311926605,0.1926605504587156,-0.0275229357798165,-0.018348623853211,True,False,False,False,31,48,0.1926605504587156,0.1376146788990825,-0.01834862385321101
YFF,31,49,109,7,7,0.091743119266055,0.8,0.1098623853211009,0.0348096617061304,0.7263681592039801,False,0.146788990825688,60,0.8,0.1197706422018348,0.0344525492977985,0.2537313432835821,False,0.055045871559633,success,,26.096598386764526,0.091743119266055,0.1926605504587156,False,True,0.1009174311926605,0.1559633027522936,False,False,0.1009174311926605,0.1926605504587156,-0.0091743119266055,-0.0458715596330276,True,False,False,False,31,49,0.1926605504587156,0.1559633027522936,-0.04587155963302761
YFF,31,50,109,7,7,0.091743119266055,0.2,0.1051376146788991,0.0350566857746837,0.7014925373134329,False,0.1926605504587156,100,0.5,0.1124770642201834,0.0351699128118061,0.0348258706467661,True,0.1009174311926605,success,,21.80773401260376,0.091743119266055,0.1926605504587156,False,True,0.110091743119266,0.110091743119266,False,False,0.110091743119266,0.1926605504587156,-0.018348623853211,0.0,True,False,False,False,31,50,0.1926605504587156,0.110091743119266,0.0
YFF,31,52,109,7,7,0.110091743119266,0.8,0.1069266055045871,0.0339629229498106,0.5124378109452736,False,0.1926605504587156,100,0.5,0.1105504587155963,0.0350073056301444,0.0298507462686567,True,0.0825688073394495,success,,20.663365125656128,0.091743119266055,0.1926605504587156,False,True,0.1009174311926605,0.1559633027522936,False,False,0.1009174311926605,0.1926605504587156,0.0091743119266055,0.0,True,False,False,False,31,52,0.1926605504587156,0.1559633027522936,0.0
YFF,31,54,109,7,7,0.1009174311926605,0.2,0.1036238532110091,0.0336903444224245,0.5920398009950248,False,0.1926605504587156,300,0.5,0.1108715596330275,0.0352364440781582,0.0298507462686567,True,0.091743119266055,success,,18.956815004348755,0.091743119266055,0.1926605504587156,False,True,0.1192660550458715,0.146788990825688,False,False,0.1192660550458715,0.1926605504587156,-0.0183486238532109,0.0,True,False,False,False,31,54,0.1926605504587156,0.146788990825688,0.0
YFF,32,35,109,7,7,0.091743119266055,0.2,0.1070642201834862,0.0334043071263393,0.7213930348258707,False,0.1834862385321101,150,0.2,0.1114678899082568,0.0359843859172557,0.0597014925373134,False,0.091743119266055,success,,20.216083526611328,0.0825688073394495,0.1009174311926605,False,False,0.0825688073394495,0.1834862385321101,False,True,0.0825688073394495,0.1834862385321101,0.0091743119266054,0.0,True,False,False,False,35,32,0.1834862385321101,0.1009174311926605,0.0
YFF,32,39,109,7,7,0.1376146788990825,0.2,0.1063761467889908,0.0355152587174671,0.2139303482587064,False,0.2018348623853211,300,0.8,0.1062385321100917,0.0335842514513819,0.0099502487562189,True,0.0642201834862385,success,,18.708420038223267,0.0825688073394495,0.1009174311926605,False,False,0.128440366972477,0.2018348623853211,False,True,0.128440366972477,0.2018348623853211,0.0091743119266055,0.0,True,False,False,False,39,32,0.2018348623853211,0.1009174311926605,0.0
YFF,32,40,109,7,7,0.146788990825688,0.8,0.106743119266055,0.0318495790956215,0.1442786069651741,False,0.2110091743119266,300,0.5,0.1098165137614679,0.0353339263402062,0.0049751243781094,True,0.0642201834862385,success,,18.57329106330872,0.0825688073394495,0.1009174311926605,False,False,0.1743119266055046,0.2018348623853211,True,True,0.1743119266055046,0.2018348623853211,-0.0275229357798166,0.0091743119266054,False,False,False,False,40,32,0.2018348623853211,0.1009174311926605,0.009174311926605477
YFF,32,51,109,7,7,0.1559633027522936,0.5,0.1087155963302752,0.035415707982128,0.1243781094527363,False,0.2385321100917431,90,0.2,0.1121100917431192,0.0348669952233122,0.0049751243781094,True,0.0825688073394495,success,,23.62068271636963,0.0825688073394495,0.1009174311926605,False,False,0.1743119266055046,0.2293577981651376,False,True,0.1743119266055046,0.2293577981651376,-0.018348623853211,0.0091743119266055,True,False,False,False,51,32,0.2293577981651376,0.1009174311926605,0.009174311926605505
YFF,32,53,109,7,7,0.0642201834862385,0.2,0.1077522935779816,0.032465384231155,0.945273631840796,False,0.1651376146788991,60,0.2,0.1189449541284403,0.0360035102124769,0.1094527363184079,False,0.1009174311926605,success,,25.715294361114506,0.0825688073394495,0.1009174311926605,False,False,0.0825688073394495,0.1834862385321101,False,True,0.0825688073394495,0.1834862385321101,-0.018348623853211,-0.018348623853211,True,False,False,False,53,32,0.1834862385321101,0.1009174311926605,-0.01834862385321101
YFF,33,35,109,7,7,0.1376146788990825,0.5,0.1090366972477064,0.0349762111325425,0.2338308457711442,False,0.2018348623853211,300,0.5,0.1149541284403669,0.0352500352315898,0.0298507462686567,True,0.0642201834862385,success,,18.74923515319824,0.128440366972477,0.1743119266055046,False,False,0.0825688073394495,0.1834862385321101,False,True,0.128440366972477,0.1834862385321101,0.0091743119266055,0.018348623853211,True,False,False,False,35,33,0.1834862385321101,0.1743119266055046,0.01834862385321101
YFF,33,39,109,7,7,0.110091743119266,0.2,0.108440366972477,0.0330817763689796,0.5572139303482587,False,0.1559633027522936,100,0.2,0.1131651376146789,0.0364576278543148,0.1442786069651741,False,0.0458715596330275,success,,21.87468647956848,0.128440366972477,0.1743119266055046,False,False,0.128440366972477,0.2018348623853211,False,True,0.128440366972477,0.2018348623853211,-0.0183486238532109,-0.0458715596330275,True,False,False,False,39,33,0.2018348623853211,0.1743119266055046,-0.045871559633027525
YFF,33,40,109,7,7,0.1376146788990825,0.2,0.1059174311926605,0.0341393036070826,0.2039800995024875,False,0.2201834862385321,300,0.2,0.1130733944954128,0.0357862288553071,0.0099502487562189,True,0.0825688073394495,success,,18.779723644256592,0.128440366972477,0.1743119266055046,False,False,0.1743119266055046,0.2018348623853211,True,True,0.1743119266055046,0.2018348623853211,-0.0366972477064221,0.0183486238532109,False,False,False,False,40,33,0.2018348623853211,0.1743119266055046,0.018348623853210982
YFF,33,51,109,7,7,0.1651376146788991,0.8,0.1085779816513761,0.0345087296030278,0.0746268656716417,False,0.2201834862385321,450,0.2,0.1120642201834862,0.0357736986006617,0.0049751243781094,True,0.055045871559633,success,,18.42916464805603,0.128440366972477,0.1743119266055046,False,False,0.1743119266055046,0.2293577981651376,False,True,0.1743119266055046,0.2293577981651376,-0.0091743119266055,-0.0091743119266055,True,False,False,False,51,33,0.2293577981651376,0.1743119266055046,-0.009174311926605505
YFF,33,53,109,7,7,0.1192660550458715,0.5,0.1094954128440367,0.0363972512581742,0.4228855721393035,False,0.1834862385321101,90,0.8,0.1175229357798165,0.0345529776869034,0.0696517412935323,False,0.0642201834862385,success,,22.46145462989807,0.128440366972477,0.1743119266055046,False,False,0.0825688073394495,0.1834862385321101,False,True,0.128440366972477,0.1834862385321101,-0.0091743119266054,0.0,True,False,False,False,53,33,0.1834862385321101,0.1743119266055046,0.0
YFF,34,35,109,7,7,0.1376146788990825,0.5,0.1055504587155963,0.0331103707367511,0.1691542288557214,False,0.2293577981651376,150,0.5,0.111788990825688,0.0380226901140566,0.0049751243781094,True,0.091743119266055,success,,21.178617238998413,0.1009174311926605,0.1834862385321101,False,False,0.0825688073394495,0.1834862385321101,False,True,0.1009174311926605,0.1834862385321101,0.0366972477064219,0.0458715596330275,True,False,False,False,35,34,0.1834862385321101,0.1834862385321101,0.0458715596330275
YFF,34,39,109,7,7,0.1192660550458715,0.2,0.1082110091743119,0.0343554285047292,0.3980099502487562,False,0.2201834862385321,180,0.5,0.1089908256880733,0.0323944677398394,0.0099502487562189,True,0.1009174311926605,success,,20.02788519859314,0.1009174311926605,0.1834862385321101,False,False,0.128440366972477,0.2018348623853211,False,True,0.128440366972477,0.2018348623853211,-0.0091743119266054,0.0183486238532109,True,False,False,False,39,34,0.2018348623853211,0.1834862385321101,0.018348623853210982
YFF,34,40,109,7,7,0.146788990825688,0.2,0.1062844036697247,0.0320758591735102,0.1343283582089552,False,0.2018348623853211,150,0.2,0.1141284403669724,0.0332968899565526,0.0149253731343283,True,0.055045871559633,success,,24.727715015411377,0.1009174311926605,0.1834862385321101,False,False,0.1743119266055046,0.2018348623853211,True,True,0.1743119266055046,0.2018348623853211,-0.0275229357798166,0.0,False,False,False,False,40,34,0.2018348623853211,0.1834862385321101,0.0
YFF,34,51,109,7,7,0.1559633027522936,0.5,0.1092201834862385,0.0311842186614782,0.099502487562189,False,0.1926605504587156,90,0.8,0.1168807339449541,0.0347464520959485,0.0199004975124378,True,0.036697247706422,success,,22.544936656951904,0.1009174311926605,0.1834862385321101,False,False,0.1743119266055046,0.2293577981651376,False,True,0.1743119266055046,0.2293577981651376,-0.018348623853211,-0.0366972477064219,True,False,False,False,51,34,0.2293577981651376,0.1834862385321101,-0.03669724770642199
YFF,34,53,109,7,7,0.0458715596330275,0.8,0.1081651376146789,0.032013989766125,0.9950248756218906,False,0.1834862385321101,180,0.8,0.1124770642201835,0.0345021411282925,0.0199004975124378,True,0.1376146788990825,success,,19.86178970336914,0.1009174311926605,0.1834862385321101,False,False,0.0825688073394495,0.1834862385321101,False,True,0.1009174311926605,0.1834862385321101,-0.055045871559633,0.0,True,False,False,False,53,34,0.1834862385321101,0.1834862385321101,0.0
YFF,35,36,109,7,7,0.1192660550458715,0.2,0.1103669724770642,0.0327754326466488,0.4378109452736318,False,0.2568807339449541,150,0.5,0.1142201834862385,0.0341387151204225,0.0049751243781094,True,0.1376146788990825,success,,20.866124629974365,0.0825688073394495,0.1834862385321101,False,True,0.1192660550458715,0.1651376146788991,False,False,0.1192660550458715,0.1834862385321101,0.0,0.0733944954128439,True,False,False,False,35,36,0.1834862385321101,0.1651376146788991,0.07339449541284399
YFF,35,37,109,7,7,0.0825688073394495,0.2,0.1094036697247706,0.0343756128584023,0.8159203980099502,False,0.1743119266055046,150,0.2,0.1108256880733944,0.0352194252437322,0.0696517412935323,False,0.091743119266055,success,,20.91806960105896,0.0825688073394495,0.1834862385321101,False,True,0.055045871559633,0.0642201834862385,False,False,0.0825688073394495,0.1834862385321101,0.0,-0.0091743119266055,True,False,False,False,35,37,0.1834862385321101,0.0642201834862385,-0.009174311926605505
YFF,35,38,109,7,7,0.0825688073394495,0.2,0.1081192660550458,0.0322546913095765,0.8258706467661692,False,0.1743119266055046,60,0.5,0.1178440366972477,0.0340437739874868,0.0646766169154228,False,0.091743119266055,success,,26.33833742141724,0.0825688073394495,0.1834862385321101,False,True,0.055045871559633,0.146788990825688,False,False,0.0825688073394495,0.1834862385321101,0.0,-0.0091743119266055,True,False,False,False,35,38,0.1834862385321101,0.146788990825688,-0.009174311926605505
YFF,35,41,109,7,7,0.073394495412844,0.8,0.1104587155963302,0.0326840695862731,0.9104477611940298,False,0.1926605504587156,60,0.5,0.1176146788990825,0.0332602865486871,0.0298507462686567,True,0.1192660550458715,success,,26.133769989013672,0.0825688073394495,0.1834862385321101,False,True,0.036697247706422,0.1743119266055046,False,False,0.0825688073394495,0.1834862385321101,-0.0091743119266055,0.0091743119266055,True,False,False,False,35,41,0.1834862385321101,0.1743119266055046,0.009174311926605505
YFF,35,42,109,7,7,0.110091743119266,0.2,0.1065596330275229,0.0308580838242891,0.5074626865671642,False,0.1926605504587156,180,0.8,0.1087155963302752,0.034014596494206,0.0298507462686567,True,0.0825688073394495,success,,19.46309447288513,0.0825688073394495,0.1834862385321101,False,True,0.0458715596330275,0.1009174311926605,False,False,0.0825688073394495,0.1834862385321101,0.0275229357798165,0.0091743119266055,True,False,False,False,35,42,0.1834862385321101,0.1009174311926605,0.009174311926605505
YFF,35,43,109,7,7,0.091743119266055,0.2,0.1085321100917431,0.0361878573484706,0.7213930348258707,False,0.1743119266055046,225,0.8,0.1122477064220183,0.0357867016092018,0.0696517412935323,False,0.0825688073394495,success,,19.92236876487732,0.0825688073394495,0.1834862385321101,False,True,0.073394495412844,0.110091743119266,False,False,0.0825688073394495,0.1834862385321101,0.0091743119266054,-0.0091743119266055,True,False,False,False,35,43,0.1834862385321101,0.110091743119266,-0.009174311926605505
YFF,35,44,109,7,7,0.0825688073394495,0.8,0.1078440366972477,0.0326407866338978,0.8109452736318408,False,0.1834862385321101,180,0.8,0.108348623853211,0.0358742012669063,0.0497512437810945,True,0.1009174311926605,success,,19.96618795394897,0.0825688073394495,0.1834862385321101,False,True,0.128440366972477,0.128440366972477,False,False,0.128440366972477,0.1834862385321101,-0.0458715596330274,0.0,True,False,False,False,35,44,0.1834862385321101,0.128440366972477,0.0
YFF,35,45,109,7,7,0.1376146788990825,0.5,0.1060091743119266,0.0320945779418742,0.1990049751243781,False,0.2018348623853211,300,0.2,0.1113302752293578,0.0329911014275554,0.0099502487562189,True,0.0642201834862385,success,,19.04058337211609,0.0825688073394495,0.1834862385321101,False,True,0.1376146788990825,0.1376146788990825,False,False,0.1376146788990825,0.1834862385321101,0.0,0.018348623853211,True,False,False,False,35,45,0.1834862385321101,0.1376146788990825,0.01834862385321101
YFF,35,46,109,7,7,0.1009174311926605,0.5,0.1085779816513761,0.0344105382475647,0.6069651741293532,False,0.1743119266055046,150,0.5,0.113348623853211,0.0362087431814161,0.0895522388059701,False,0.073394495412844,success,,19.89730858802796,0.0825688073394495,0.1834862385321101,False,True,0.1376146788990825,0.1376146788990825,False,False,0.1376146788990825,0.1834862385321101,-0.0366972477064219,-0.0091743119266055,True,False,False,False,35,46,0.1834862385321101,0.1376146788990825,-0.009174311926605505
YFF,35,47,109,7,7,0.146788990825688,0.2,0.1063302752293578,0.0340449231742946,0.1492537313432835,False,0.1651376146788991,75,0.5,0.1145412844036697,0.0355257371797501,0.1094527363184079,False,0.018348623853211,success,,23.895793676376343,0.0825688073394495,0.1834862385321101,False,True,0.1376146788990825,0.1651376146788991,False,False,0.1376146788990825,0.1834862385321101,0.0091743119266055,-0.018348623853211,True,False,False,False,35,47,0.1834862385321101,0.1651376146788991,-0.01834862385321101
YFF,35,48,109,7,7,0.128440366972477,0.5,0.1085321100917431,0.0334549155245487,0.2985074626865671,False,0.1926605504587156,180,0.8,0.11,0.0355020669391516,0.0298507462686567,True,0.0642201834862385,success,,20.249953508377075,0.0825688073394495,0.1834862385321101,False,True,0.1009174311926605,0.1376146788990825,False,False,0.1009174311926605,0.1834862385321101,0.0275229357798164,0.0091743119266055,True,False,False,False,35,48,0.1834862385321101,0.1376146788990825,0.009174311926605505
YFF,35,49,109,7,7,0.1376146788990825,0.2,0.1078440366972477,0.0338369095653099,0.2139303482587064,False,0.146788990825688,225,0.2,0.1127522935779816,0.0347872064158405,0.1592039800995024,False,0.0091743119266055,success,,20.080505847930908,0.0825688073394495,0.1834862385321101,False,True,0.1009174311926605,0.1559633027522936,False,False,0.1009174311926605,0.1834862385321101,0.0366972477064219,-0.0366972477064221,True,False,False,False,35,49,0.1834862385321101,0.1559633027522936,-0.036697247706422104
YFF,35,50,109,7,7,0.1192660550458715,0.2,0.1072018348623853,0.0332452458746898,0.3930348258706467,False,0.1834862385321101,150,0.2,0.1127064220183486,0.0380149026939553,0.0497512437810945,True,0.0642201834862385,success,,21.273519039154053,0.0825688073394495,0.1834862385321101,False,True,0.110091743119266,0.110091743119266,False,False,0.110091743119266,0.1834862385321101,0.0091743119266054,0.0,True,False,False,False,35,50,0.1834862385321101,0.110091743119266,0.0
YFF,35,52,109,7,7,0.073394495412844,0.5,0.1029357798165137,0.0321270133300885,0.8507462686567164,False,0.1834862385321101,180,0.2,0.110137614678899,0.0345420510793197,0.0348258706467661,True,0.110091743119266,success,,19.73701572418213,0.0825688073394495,0.1834862385321101,False,True,0.1009174311926605,0.1559633027522936,False,False,0.1009174311926605,0.1834862385321101,-0.0275229357798165,0.0,True,False,False,False,35,52,0.1834862385321101,0.1559633027522936,0.0
YFF,35,54,109,7,7,0.146788990825688,0.2,0.1072018348623853,0.0334355352339865,0.1592039800995024,False,0.1926605504587156,150,0.5,0.1109174311926605,0.0371803296483514,0.0348258706467661,True,0.0458715596330275,success,,19.85337233543396,0.0825688073394495,0.1834862385321101,False,True,0.1192660550458715,0.146788990825688,False,False,0.1192660550458715,0.1834862385321101,0.0275229357798165,0.0091743119266055,True,False,False,False,35,54,0.1834862385321101,0.146788990825688,0.009174311926605505
YFF,36,39,109,7,7,0.1192660550458715,0.2,0.1111467889908257,0.0357890652850035,0.4328358208955223,False,0.1559633027522936,150,0.2,0.1098623853211009,0.0332434647101177,0.1044776119402985,False,0.036697247706422,success,,21.04279565811157,0.1192660550458715,0.1651376146788991,False,False,0.128440366972477,0.2018348623853211,False,True,0.128440366972477,0.2018348623853211,-0.0091743119266054,-0.0458715596330275,True,False,False,False,39,36,0.2018348623853211,0.1651376146788991,-0.045871559633027525
YFF,36,40,109,7,7,0.146788990825688,0.2,0.1087614678899082,0.0324184499772743,0.1791044776119403,False,0.2568807339449541,150,0.2,0.1118348623853211,0.0335846292645293,0.0049751243781094,True,0.110091743119266,success,,21.22975897789001,0.1192660550458715,0.1651376146788991,False,False,0.1743119266055046,0.2018348623853211,True,True,0.1743119266055046,0.2018348623853211,-0.0275229357798166,0.0550458715596329,False,False,False,False,40,36,0.2018348623853211,0.1651376146788991,0.055045871559632975
YFF,36,51,109,7,7,0.146788990825688,0.2,0.1114678899082568,0.0335765683286671,0.1840796019900497,False,0.1926605504587156,75,0.2,0.1146330275229357,0.0382878455874656,0.044776119402985,True,0.0458715596330275,success,,23.523077726364136,0.1192660550458715,0.1651376146788991,False,False,0.1743119266055046,0.2293577981651376,False,True,0.1743119266055046,0.2293577981651376,-0.0275229357798166,-0.0366972477064219,True,False,False,False,51,36,0.2293577981651376,0.1651376146788991,-0.03669724770642199
YFF,36,53,109,7,7,0.110091743119266,0.2,0.1096330275229357,0.0326440583297901,0.5373134328358209,False,0.1651376146788991,75,0.5,0.1153211009174312,0.0389288505063494,0.1492537313432835,False,0.055045871559633,success,,24.063159465789795,0.1192660550458715,0.1651376146788991,False,False,0.0825688073394495,0.1834862385321101,False,True,0.1192660550458715,0.1834862385321101,-0.0091743119266054,-0.018348623853211,True,False,False,False,53,36,0.1834862385321101,0.1651376146788991,-0.01834862385321101
YFF,37,39,109,7,7,0.146788990825688,0.5,0.1088073394495412,0.0327771102053756,0.1442786069651741,False,0.2018348623853211,300,0.8,0.106697247706422,0.0338970114994948,0.0099502487562189,True,0.055045871559633,success,,18.74887633323669,0.055045871559633,0.0642201834862385,False,False,0.128440366972477,0.2018348623853211,False,True,0.128440366972477,0.2018348623853211,0.018348623853211,0.0,True,False,False,False,39,37,0.2018348623853211,0.0642201834862385,0.0
YFF,37,40,109,7,7,0.1651376146788991,0.8,0.1054587155963302,0.0311217658502601,0.0597014925373134,False,0.2018348623853211,300,0.8,0.1105504587155963,0.0357367028345033,0.0099502487562189,True,0.036697247706422,success,,18.24080204963684,0.055045871559633,0.0642201834862385,False,False,0.1743119266055046,0.2018348623853211,True,True,0.1743119266055046,0.2018348623853211,-0.0091743119266055,0.0,False,False,False,False,40,37,0.2018348623853211,0.0642201834862385,0.0
YFF,37,51,109,7,7,0.146788990825688,0.2,0.1091743119266055,0.0348043454567252,0.1691542288557214,False,0.2110091743119266,90,0.2,0.1130275229357798,0.0351881876443263,0.0049751243781094,True,0.0642201834862385,success,,22.68220806121826,0.055045871559633,0.0642201834862385,False,False,0.1743119266055046,0.2293577981651376,False,True,0.1743119266055046,0.2293577981651376,-0.0275229357798166,-0.018348623853211,True,False,False,False,51,37,0.2293577981651376,0.0642201834862385,-0.01834862385321101
YFF,37,53,109,7,7,0.0642201834862385,0.2,0.1055045871559633,0.0333141609192622,0.945273631840796,False,0.1834862385321101,60,0.5,0.1194495412844036,0.0363842630162908,0.044776119402985,True,0.1192660550458715,success,,25.491726875305176,0.055045871559633,0.0642201834862385,False,False,0.0825688073394495,0.1834862385321101,False,True,0.0825688073394495,0.1834862385321101,-0.018348623853211,0.0,True,False,False,False,53,37,0.1834862385321101,0.0642201834862385,0.0
YFF,38,39,109,7,7,0.110091743119266,0.5,0.1099082568807339,0.0343266391333545,0.572139303482587,False,0.146788990825688,300,0.5,0.1096330275229357,0.0300958076980024,0.1492537313432835,False,0.036697247706422,success,,18.16751194000244,0.055045871559633,0.146788990825688,False,False,0.128440366972477,0.2018348623853211,False,True,0.128440366972477,0.2018348623853211,-0.0183486238532109,-0.0550458715596331,True,False,False,False,39,38,0.2018348623853211,0.146788990825688,-0.055045871559633114
YFF,38,40,109,7,7,0.1376146788990825,0.2,0.1062385321100917,0.0326907980581944,0.1890547263681592,False,0.1926605504587156,300,0.8,0.1119266055045871,0.0351670264438182,0.0298507462686567,True,0.055045871559633,success,,18.324939727783203,0.055045871559633,0.146788990825688,False,False,0.1743119266055046,0.2018348623853211,True,True,0.1743119266055046,0.2018348623853211,-0.0366972477064221,-0.0091743119266055,False,False,False,False,40,38,0.2018348623853211,0.146788990825688,-0.009174311926605505
YFF,38,51,109,7,7,0.128440366972477,0.5,0.1080733944954128,0.0339450164284777,0.2885572139303483,False,0.2018348623853211,90,0.5,0.1112844036697247,0.0345642373532144,0.0199004975124378,True,0.073394495412844,success,,22.496524333953857,0.055045871559633,0.146788990825688,False,False,0.1743119266055046,0.2293577981651376,False,True,0.1743119266055046,0.2293577981651376,-0.0458715596330276,-0.0275229357798164,True,False,False,False,51,38,0.2293577981651376,0.146788990825688,-0.027522935779816488
YFF,38,53,109,7,7,0.110091743119266,0.2,0.1103669724770642,0.0345103535454082,0.5422885572139303,False,0.146788990825688,60,0.2,0.1161926605504587,0.0347955642722993,0.2338308457711442,False,0.036697247706422,success,,25.40211033821106,0.055045871559633,0.146788990825688,False,False,0.0825688073394495,0.1834862385321101,False,True,0.0825688073394495,0.1834862385321101,0.0275229357798165,-0.0366972477064221,True,False,False,False,53,38,0.1834862385321101,0.146788990825688,-0.036697247706422104
YFF,39,41,109,7,7,0.1009174311926605,0.8,0.1096330275229357,0.0330176607428042,0.6567164179104478,False,0.1834862385321101,60,0.5,0.1179357798165137,0.0332938094503331,0.0348258706467661,True,0.0825688073394495,success,,24.109682083129883,0.128440366972477,0.2018348623853211,False,True,0.036697247706422,0.1743119266055046,False,False,0.128440366972477,0.2018348623853211,-0.0275229357798164,-0.018348623853211,True,False,False,False,39,41,0.2018348623853211,0.1743119266055046,-0.01834862385321101
YFF,39,42,109,7,7,0.1376146788990825,0.8,0.1112844036697247,0.0357669883818373,0.263681592039801,False,0.1926605504587156,300,0.8,0.1061926605504587,0.034060417879057,0.0298507462686567,True,0.055045871559633,success,,18.56999373435974,0.128440366972477,0.2018348623853211,False,True,0.0458715596330275,0.1009174311926605,False,False,0.128440366972477,0.2018348623853211,0.0091743119266055,-0.0091743119266055,True,False,False,False,39,42,0.2018348623853211,0.1009174311926605,-0.009174311926605505
YFF,39,43,109,7,7,0.128440366972477,0.8,0.1118807339449541,0.0356768548435234,0.36318407960199,False,0.1651376146788991,300,0.2,0.1137614678899082,0.0354545001076524,0.0845771144278607,False,0.036697247706422,success,,18.235669136047363,0.128440366972477,0.2018348623853211,False,True,0.073394495412844,0.110091743119266,False,False,0.128440366972477,0.2018348623853211,0.0,-0.036697247706422,True,False,False,False,39,43,0.2018348623853211,0.110091743119266,-0.03669724770642202
YFF,39,44,109,7,7,0.1651376146788991,0.2,0.1098165137614679,0.0328398924005525,0.0547263681592039,False,0.1926605504587156,300,0.8,0.1070183486238532,0.0331011721160385,0.0149253731343283,True,0.0275229357798165,success,,18.16783094406128,0.128440366972477,0.2018348623853211,False,True,0.128440366972477,0.128440366972477,False,False,0.128440366972477,0.2018348623853211,0.0366972477064221,-0.0091743119266055,True,False,False,False,39,44,0.2018348623853211,0.128440366972477,-0.009174311926605505
YFF,39,45,109,7,7,0.128440366972477,0.2,0.1074770642201835,0.0328072593638566,0.3134328358208955,False,0.1651376146788991,225,0.2,0.1130275229357798,0.0323709577086275,0.0845771144278607,False,0.036697247706422,success,,18.84689974784851,0.128440366972477,0.2018348623853211,False,True,0.1376146788990825,0.1376146788990825,False,False,0.1376146788990825,0.2018348623853211,-0.0091743119266055,-0.036697247706422,True,False,False,False,39,45,0.2018348623853211,0.1376146788990825,-0.03669724770642202
YFF,39,46,109,7,7,0.128440366972477,0.2,0.1093119266055045,0.035248445367337,0.308457711442786,False,0.1926605504587156,300,0.8,0.1068807339449541,0.0321479389958645,0.0149253731343283,True,0.0642201834862385,success,,18.132603406906128,0.128440366972477,0.2018348623853211,False,True,0.1376146788990825,0.1376146788990825,False,False,0.1376146788990825,0.2018348623853211,-0.0091743119266055,-0.0091743119266055,True,False,False,False,39,46,0.2018348623853211,0.1376146788990825,-0.009174311926605505
YFF,39,47,109,7,7,0.1192660550458715,0.2,0.1086697247706422,0.0374738884317173,0.4477611940298507,False,0.1376146788990825,60,0.8,0.115091743119266,0.0321090708953421,0.263681592039801,False,0.018348623853211,success,,24.510554790496823,0.128440366972477,0.2018348623853211,False,True,0.1376146788990825,0.1651376146788991,False,False,0.1376146788990825,0.2018348623853211,-0.0183486238532109,-0.0642201834862386,True,False,False,False,39,47,0.2018348623853211,0.1651376146788991,-0.06422018348623862
YFF,39,48,109,7,7,0.128440366972477,0.5,0.1090825688073394,0.0328383468483867,0.3184079601990049,False,0.1834862385321101,300,0.8,0.1061467889908256,0.0341605133284832,0.0298507462686567,True,0.055045871559633,success,,17.951716899871826,0.128440366972477,0.2018348623853211,False,True,0.1009174311926605,0.1376146788990825,False,False,0.128440366972477,0.2018348623853211,0.0,-0.018348623853211,True,False,False,False,39,48,0.2018348623853211,0.1376146788990825,-0.01834862385321101
YFF,39,49,109,7,7,0.1376146788990825,0.8,0.1127981651376146,0.0357845741674912,0.2736318407960199,False,0.1651376146788991,90,0.2,0.113440366972477,0.0349883016839795,0.0845771144278607,False,0.0275229357798165,success,,22.64307689666748,0.128440366972477,0.2018348623853211,False,True,0.1009174311926605,0.1559633027522936,False,False,0.128440366972477,0.2018348623853211,0.0091743119266055,-0.036697247706422,True,False,False,False,39,49,0.2018348623853211,0.1559633027522936,-0.03669724770642202
YFF,39,50,109,7,7,0.2110091743119266,0.2,0.1065137614678899,0.033374919092872,0.0049751243781094,True,0.2110091743119266,900,0.2,0.1065137614678899,0.033374919092872,0.0049751243781094,True,0.0,success,,18.27890467643737,0.128440366972477,0.2018348623853211,False,True,0.110091743119266,0.110091743119266,False,False,0.128440366972477,0.2018348623853211,0.0825688073394496,0.0091743119266054,True,False,True,False,39,50,0.2018348623853211,0.110091743119266,0.009174311926605477
YFF,39,52,109,7,7,0.1651376146788991,0.5,0.1058256880733945,0.0354411067042747,0.0945273631840796,False,0.1834862385321101,150,0.5,0.1056422018348623,0.0328278802579897,0.0149253731343283,True,0.018348623853211,success,,20.39359474182129,0.128440366972477,0.2018348623853211,False,True,0.1009174311926605,0.1559633027522936,False,False,0.128440366972477,0.2018348623853211,0.0366972477064221,-0.018348623853211,True,False,False,False,39,52,0.2018348623853211,0.1559633027522936,-0.01834862385321101
YFF,39,54,109,7,7,0.1559633027522936,0.5,0.1093577981651376,0.0346869989289374,0.1094527363184079,False,0.1926605504587156,300,0.8,0.1056880733944954,0.0335918069069562,0.0248756218905472,True,0.036697247706422,success,,18.142253875732425,0.128440366972477,0.2018348623853211,False,True,0.1192660550458715,0.146788990825688,False,False,0.128440366972477,0.2018348623853211,0.0275229357798166,-0.0091743119266055,True,False,False,False,39,54,0.2018348623853211,0.146788990825688,-0.009174311926605505
YFF,40,41,109,7,7,0.1651376146788991,0.2,0.108348623853211,0.0356257521489456,0.0696517412935323,False,0.1743119266055046,60,0.8,0.1174770642201835,0.0326174541450723,0.0597014925373134,False,0.0091743119266055,success,,24.575183391571045,0.1743119266055046,0.2018348623853211,True,True,0.036697247706422,0.1743119266055046,False,False,0.1743119266055046,0.2018348623853211,-0.0091743119266055,-0.0275229357798165,False,False,False,False,40,41,0.2018348623853211,0.1743119266055046,-0.027522935779816515
YFF,40,42,109,7,7,0.128440366972477,0.8,0.108394495412844,0.0323881674195065,0.3333333333333333,False,0.1834862385321101,300,0.5,0.1096788990825688,0.0351465444660881,0.0298507462686567,True,0.055045871559633,success,,18.118279933929443,0.1743119266055046,0.2018348623853211,True,True,0.0458715596330275,0.1009174311926605,False,False,0.1743119266055046,0.2018348623853211,-0.0458715596330276,-0.018348623853211,False,False,False,False,40,42,0.2018348623853211,0.1009174311926605,-0.01834862385321101
YFF,40,43,109,7,7,0.1376146788990825,0.8,0.1045871559633027,0.0335671194560082,0.1890547263681592,False,0.1376146788990825,900,0.8,0.1045871559633027,0.0335671194560082,0.1890547263681592,False,0.0,success,,16.67227840423584,0.1743119266055046,0.2018348623853211,True,True,0.073394495412844,0.110091743119266,False,False,0.1743119266055046,0.2018348623853211,-0.0366972477064221,-0.0642201834862386,False,False,False,False,40,43,0.2018348623853211,0.110091743119266,-0.06422018348623862
YFF,40,44,109,7,7,0.1376146788990825,0.5,0.1049541284403669,0.0319087849955907,0.1940298507462686,False,0.1926605504587156,300,0.2,0.1109174311926605,0.0366879108494652,0.0199004975124378,True,0.055045871559633,success,,18.267646074295044,0.1743119266055046,0.2018348623853211,True,True,0.128440366972477,0.128440366972477,False,False,0.1743119266055046,0.2018348623853211,-0.0366972477064221,-0.0091743119266055,False,False,False,False,40,44,0.2018348623853211,0.128440366972477,-0.009174311926605505
YFF,40,45,109,7,7,0.1376146788990825,0.2,0.1062844036697247,0.0357192710967415,0.2288557213930348,False,0.1651376146788991,150,0.2,0.1135321100917431,0.0318795772263505,0.0597014925373134,False,0.0275229357798165,success,,20.0480694770813,0.1743119266055046,0.2018348623853211,True,True,0.1376146788990825,0.1376146788990825,False,False,0.1743119266055046,0.2018348623853211,-0.0366972477064221,-0.036697247706422,False,False,False,False,40,45,0.2018348623853211,0.1376146788990825,-0.03669724770642202
YFF,40,46,109,7,7,0.128440366972477,0.8,0.1058256880733944,0.0334013631551547,0.2786069651741293,False,0.2018348623853211,300,0.8,0.1109174311926605,0.0360365351858903,0.0149253731343283,True,0.073394495412844,success,,17.79170513153076,0.1743119266055046,0.2018348623853211,True,True,0.1376146788990825,0.1376146788990825,False,False,0.1743119266055046,0.2018348623853211,-0.0458715596330276,0.0,False,False,False,False,40,46,0.2018348623853211,0.1376146788990825,0.0
YFF,40,47,109,7,7,0.146788990825688,0.2,0.1052752293577981,0.0329431187309279,0.1343283582089552,False,0.1651376146788991,150,0.2,0.1144036697247706,0.0338920200752403,0.1044776119402985,False,0.018348623853211,success,,20.32592463493347,0.1743119266055046,0.2018348623853211,True,True,0.1376146788990825,0.1651376146788991,False,False,0.1743119266055046,0.2018348623853211,-0.0275229357798166,-0.036697247706422,False,False,False,False,40,47,0.2018348623853211,0.1651376146788991,-0.03669724770642202
YFF,40,48,109,7,7,0.1651376146788991,0.8,0.1078440366972477,0.031182862321679,0.0646766169154228,False,0.1926605504587156,225,0.8,0.1115137614678899,0.0337066609100465,0.0348258706467661,True,0.0275229357798165,success,,19.16150045394897,0.1743119266055046,0.2018348623853211,True,True,0.1009174311926605,0.1376146788990825,False,False,0.1743119266055046,0.2018348623853211,-0.0091743119266055,-0.0091743119266055,False,False,False,False,40,48,0.2018348623853211,0.1376146788990825,-0.009174311926605505
YFF,40,49,109,7,7,0.1926605504587156,0.2,0.1098165137614679,0.0351779693356864,0.0298507462686567,True,0.1926605504587156,900,0.2,0.1098165137614679,0.0351779693356864,0.0298507462686567,True,0.0,success,,17.704210996627808,0.1743119266055046,0.2018348623853211,True,True,0.1009174311926605,0.1559633027522936,False,False,0.1743119266055046,0.2018348623853211,0.018348623853211,-0.0091743119266055,False,False,False,False,40,49,0.2018348623853211,0.1559633027522936,-0.009174311926605505
YFF,40,50,109,7,7,0.1834862385321101,0.2,0.1044036697247706,0.0332958737385805,0.0248756218905472,True,0.1926605504587156,450,0.8,0.1077522935779816,0.0341912981743695,0.0099502487562189,True,0.0091743119266055,success,,17.661226511001587,0.1743119266055046,0.2018348623853211,True,True,0.110091743119266,0.110091743119266,False,False,0.1743119266055046,0.2018348623853211,0.0091743119266055,-0.0091743119266055,False,False,False,False,40,50,0.2018348623853211,0.110091743119266,-0.009174311926605505
YFF,40,52,109,7,7,0.1834862385321101,0.8,0.1045412844036697,0.0334522288790632,0.0298507462686567,True,0.2293577981651376,300,0.2,0.1077064220183486,0.0316372249930207,0.0049751243781094,True,0.0458715596330275,success,,17.802956104278564,0.1743119266055046,0.2018348623853211,True,True,0.1009174311926605,0.1559633027522936,False,False,0.1743119266055046,0.2018348623853211,0.0091743119266055,0.0275229357798164,False,False,False,False,40,52,0.2018348623853211,0.1559633027522936,0.027522935779816488
YFF,40,54,109,7,7,0.2293577981651376,0.5,0.1054128440366972,0.0306146911188226,0.0049751243781094,True,0.2293577981651376,900,0.5,0.1054128440366972,0.0306146911188226,0.0049751243781094,True,0.0,success,,18.062472820281982,0.1743119266055046,0.2018348623853211,True,True,0.1192660550458715,0.146788990825688,False,False,0.1743119266055046,0.2018348623853211,0.055045871559633,0.0275229357798164,False,False,False,False,40,54,0.2018348623853211,0.146788990825688,0.027522935779816488
YFF,41,51,109,7,7,0.1376146788990825,0.5,0.1091743119266055,0.0344132729823826,0.2338308457711442,False,0.2293577981651376,90,0.5,0.1132110091743119,0.0359454596473794,0.0099502487562189,True,0.091743119266055,success,,22.67708396911621,0.036697247706422,0.1743119266055046,False,False,0.1743119266055046,0.2293577981651376,False,True,0.1743119266055046,0.2293577981651376,-0.0366972477064221,0.0,True,False,False,False,51,41,0.2293577981651376,0.1743119266055046,0.0
YFF,41,53,109,7,7,0.0642201834862385,0.2,0.1090825688073394,0.0351645006774816,0.9154228855721394,False,0.2110091743119266,60,0.5,0.1197706422018348,0.0353134213936601,0.0149253731343283,True,0.146788990825688,success,,25.59556889533997,0.036697247706422,0.1743119266055046,False,False,0.0825688073394495,0.1834862385321101,False,True,0.0825688073394495,0.1834862385321101,-0.018348623853211,0.0275229357798164,True,False,False,False,53,41,0.1834862385321101,0.1743119266055046,0.027522935779816488
YFF,42,51,109,7,7,0.1743119266055046,0.5,0.1096330275229357,0.0358076442499004,0.0696517412935323,False,0.2018348623853211,90,0.2,0.1102752293577981,0.0329690752640505,0.0099502487562189,True,0.0275229357798165,success,,22.35405850410461,0.0458715596330275,0.1009174311926605,False,False,0.1743119266055046,0.2293577981651376,False,True,0.1743119266055046,0.2293577981651376,0.0,-0.0275229357798164,True,False,False,False,51,42,0.2293577981651376,0.1009174311926605,-0.027522935779816488
YFF,42,53,109,7,7,0.0642201834862385,0.5,0.1078440366972477,0.0333712120833963,0.9402985074626866,False,0.1651376146788991,60,0.2,0.1180275229357798,0.0367165766715999,0.1393034825870646,False,0.1009174311926605,success,,24.523053407669067,0.0458715596330275,0.1009174311926605,False,False,0.0825688073394495,0.1834862385321101,False,True,0.0825688073394495,0.1834862385321101,-0.018348623853211,-0.018348623853211,True,False,False,False,53,42,0.1834862385321101,0.1009174311926605,-0.01834862385321101
YFF,43,51,109,7,7,0.110091743119266,0.2,0.1083027522935779,0.0361245419913215,0.5422885572139303,False,0.2201834862385321,90,0.2,0.115137614678899,0.039503058434848,0.0149253731343283,True,0.110091743119266,success,,21.504818439483643,0.073394495412844,0.110091743119266,False,False,0.1743119266055046,0.2293577981651376,False,True,0.1743119266055046,0.2293577981651376,-0.0642201834862385,-0.0091743119266055,True,False,False,False,51,43,0.2293577981651376,0.110091743119266,-0.009174311926605505
YFF,43,53,109,7,7,0.1009174311926605,0.8,0.108440366972477,0.0339524916030356,0.6069651741293532,False,0.1651376146788991,300,0.2,0.113394495412844,0.0340057668475446,0.1094527363184079,False,0.0642201834862385,success,,18.63933658599853,0.073394495412844,0.110091743119266,False,False,0.0825688073394495,0.1834862385321101,False,True,0.0825688073394495,0.1834862385321101,0.0183486238532109,-0.018348623853211,True,False,False,False,53,43,0.1834862385321101,0.110091743119266,-0.01834862385321101
YFF,44,51,109,7,7,0.1376146788990825,0.2,0.1095871559633027,0.0333420485868937,0.2388059701492537,False,0.2293577981651376,300,0.5,0.1113761467889908,0.0344137645970565,0.0049751243781094,True,0.091743119266055,success,,18.77708148956299,0.128440366972477,0.128440366972477,False,False,0.1743119266055046,0.2293577981651376,False,True,0.1743119266055046,0.2293577981651376,-0.0366972477064221,0.0,True,False,False,False,51,44,0.2293577981651376,0.128440366972477,0.0
YFF,44,53,109,7,7,0.091743119266055,0.8,0.1086238532110091,0.0334717258659332,0.736318407960199,False,0.1834862385321101,60,0.5,0.1177064220183486,0.0348542558503902,0.0348258706467661,True,0.091743119266055,success,,25.160617113113403,0.128440366972477,0.128440366972477,False,False,0.0825688073394495,0.1834862385321101,False,True,0.128440366972477,0.1834862385321101,-0.0366972477064219,0.0,True,False,False,False,53,44,0.1834862385321101,0.128440366972477,0.0
YFF,45,51,109,7,7,0.146788990825688,0.2,0.1089908256880734,0.0354850265084924,0.1940298507462686,False,0.146788990825688,300,0.2,0.1107798165137615,0.0357625831925278,0.1641791044776119,False,0.0,success,,19.021952390670776,0.1376146788990825,0.1376146788990825,False,False,0.1743119266055046,0.2293577981651376,False,True,0.1743119266055046,0.2293577981651376,-0.0275229357798166,-0.0825688073394496,True,False,False,False,51,45,0.2293577981651376,0.1376146788990825,-0.0825688073394496
YFF,45,53,109,7,7,0.1376146788990825,0.2,0.108348623853211,0.0353994623532568,0.2537313432835821,False,0.146788990825688,60,0.2,0.1195871559633027,0.0358740538923222,0.2338308457711442,False,0.0091743119266055,success,,25.373567819595337,0.1376146788990825,0.1376146788990825,False,False,0.0825688073394495,0.1834862385321101,False,True,0.1376146788990825,0.1834862385321101,0.0,-0.0366972477064221,True,False,False,False,53,45,0.1834862385321101,0.1376146788990825,-0.036697247706422104
YFF,46,51,109,7,7,0.1651376146788991,0.8,0.1106422018348623,0.034199245133902,0.0646766169154228,False,0.2110091743119266,90,0.2,0.1122935779816513,0.0342684324292512,0.0099502487562189,True,0.0458715596330275,success,,21.32629442214965,0.1376146788990825,0.1376146788990825,False,False,0.1743119266055046,0.2293577981651376,False,True,0.1743119266055046,0.2293577981651376,-0.0091743119266055,-0.018348623853211,True,False,False,False,51,46,0.2293577981651376,0.1376146788990825,-0.01834862385321101
YFF,46,53,109,7,7,0.0825688073394495,0.2,0.1081192660550458,0.0357026897351608,0.7860696517412935,False,0.1834862385321101,60,0.5,0.1192660550458715,0.0355854827539856,0.0497512437810945,True,0.1009174311926605,success,,24.161288022994995,0.1376146788990825,0.1376146788990825,False,False,0.0825688073394495,0.1834862385321101,False,True,0.1376146788990825,0.1834862385321101,-0.0550458715596329,0.0,True,False,False,False,53,46,0.1834862385321101,0.1376146788990825,0.0
YFF,47,51,109,7,7,0.128440366972477,0.5,0.1077064220183486,0.0323249331227387,0.2835820895522388,False,0.1834862385321101,90,0.5,0.1132568807339449,0.0345065233701906,0.044776119402985,True,0.055045871559633,success,,21.013466835021973,0.1376146788990825,0.1651376146788991,False,False,0.1743119266055046,0.2293577981651376,False,True,0.1743119266055046,0.2293577981651376,-0.0458715596330276,-0.0458715596330275,True,False,False,False,51,47,0.2293577981651376,0.1651376146788991,-0.0458715596330275
YFF,47,53,109,7,7,0.146788990825688,0.5,0.1087155963302752,0.0358312601761278,0.1741293532338308,False,0.146788990825688,900,0.5,0.1087155963302752,0.0358312601761278,0.1741293532338308,False,0.0,success,,18.02333164215088,0.1376146788990825,0.1651376146788991,False,False,0.0825688073394495,0.1834862385321101,False,True,0.1376146788990825,0.1834862385321101,0.0091743119266055,-0.0366972477064221,True,False,False,False,53,47,0.1834862385321101,0.1651376146788991,-0.036697247706422104
YFF,48,51,109,7,7,0.1926605504587156,0.8,0.1096330275229357,0.0364399026060702,0.0348258706467661,True,0.2385321100917431,90,0.2,0.111697247706422,0.0363083619880826,0.0049751243781094,True,0.0458715596330275,success,,22.003750801086422,0.1009174311926605,0.1376146788990825,False,False,0.1743119266055046,0.2293577981651376,False,True,0.1743119266055046,0.2293577981651376,0.018348623853211,0.0091743119266055,True,False,True,False,51,48,0.2293577981651376,0.1376146788990825,0.009174311926605505
YFF,48,53,109,7,7,0.0825688073394495,0.8,0.108394495412844,0.0332134249877388,0.8059701492537313,False,0.1559633027522936,60,0.2,0.1187155963302752,0.0370487065572046,0.1840796019900497,False,0.073394495412844,success,,25.75260853767395,0.1009174311926605,0.1376146788990825,False,False,0.0825688073394495,0.1834862385321101,False,True,0.1009174311926605,0.1834862385321101,-0.0183486238532109,-0.0275229357798165,True,False,False,False,53,48,0.1834862385321101,0.1376146788990825,-0.027522935779816515
YFF,49,51,109,7,7,0.1834862385321101,0.5,0.110091743119266,0.0347435305483799,0.044776119402985,True,0.2018348623853211,90,0.2,0.1111926605504587,0.0333593278667355,0.0149253731343283,True,0.018348623853211,success,,22.76602339744568,0.1009174311926605,0.1559633027522936,False,False,0.1743119266055046,0.2293577981651376,False,True,0.1743119266055046,0.2293577981651376,0.0091743119266055,-0.0275229357798164,True,False,True,False,51,49,0.2293577981651376,0.1559633027522936,-0.027522935779816488
YFF,49,53,109,7,7,0.091743119266055,0.5,0.1114678899082568,0.0321873843346231,0.7611940298507462,False,0.146788990825688,60,0.8,0.1194036697247706,0.0362155175347738,0.2786069651741293,False,0.055045871559633,success,,24.96717119216919,0.1009174311926605,0.1559633027522936,False,False,0.0825688073394495,0.1834862385321101,False,True,0.1009174311926605,0.1834862385321101,-0.0091743119266055,-0.0366972477064221,True,False,False,False,53,49,0.1834862385321101,0.1559633027522936,-0.036697247706422104
YFF,50,51,109,7,7,0.1651376146788991,0.2,0.1071100917431192,0.0322161161132998,0.0746268656716417,False,0.2293577981651376,90,0.2,0.1110550458715596,0.0345285793549526,0.0049751243781094,True,0.0642201834862385,success,,22.66155433654785,0.110091743119266,0.110091743119266,False,False,0.1743119266055046,0.2293577981651376,False,True,0.1743119266055046,0.2293577981651376,-0.0091743119266055,0.0,True,False,False,False,51,50,0.2293577981651376,0.110091743119266,0.0
YFF,50,53,109,7,7,0.110091743119266,0.2,0.1071100917431192,0.0341286473299386,0.4875621890547263,False,0.2018348623853211,60,0.2,0.1161009174311926,0.0359943459195742,0.0248756218905472,True,0.091743119266055,success,,40.841657876968384,0.110091743119266,0.110091743119266,False,False,0.0825688073394495,0.1834862385321101,False,True,0.110091743119266,0.1834862385321101,0.0,0.018348623853211,True,False,False,False,53,50,0.1834862385321101,0.110091743119266,0.01834862385321101
YFF,51,52,109,7,7,0.128440366972477,0.8,0.1046788990825688,0.0367224799151857,0.2885572139303483,False,0.2018348623853211,90,0.2,0.111788990825688,0.0344265134001452,0.0199004975124378,True,0.073394495412844,success,,49.16067719459534,0.1743119266055046,0.2293577981651376,False,True,0.1009174311926605,0.1559633027522936,False,False,0.1743119266055046,0.2293577981651376,-0.0458715596330276,-0.0275229357798164,True,False,False,False,51,52,0.2293577981651376,0.1559633027522936,-0.027522935779816488
YFF,51,54,109,7,7,0.1559633027522936,0.5,0.1101834862385321,0.0349497484692997,0.1194029850746268,False,0.1926605504587156,90,0.2,0.1118348623853211,0.0346751692489216,0.0298507462686567,True,0.036697247706422,success,,48.36967897415161,0.1743119266055046,0.2293577981651376,False,True,0.1192660550458715,0.146788990825688,False,False,0.1743119266055046,0.2293577981651376,-0.018348623853211,-0.0366972477064219,True,False,False,False,51,54,0.2293577981651376,0.146788990825688,-0.03669724770642199
YFF,52,53,109,7,7,0.1009174311926605,0.2,0.105,0.031776722680033,0.582089552238806,False,0.1926605504587156,75,0.2,0.1163302752293578,0.0350918975457946,0.0199004975124378,True,0.091743119266055,success,,52.61276602745056,0.1009174311926605,0.1559633027522936,False,False,0.0825688073394495,0.1834862385321101,False,True,0.1009174311926605,0.1834862385321101,0.0,0.0091743119266055,True,False,False,False,53,52,0.1834862385321101,0.1559633027522936,0.009174311926605505
YFF,53,54,109,7,7,0.1192660550458715,0.2,0.1085321100917431,0.0343900361780494,0.4228855721393035,False,0.1651376146788991,60,0.2,0.1169724770642201,0.0376389027967325,0.1293532338308457,False,0.0458715596330275,success,,16.563189268112183,0.0825688073394495,0.1834862385321101,False,True,0.1192660550458715,0.146788990825688,False,False,0.1192660550458715,0.1834862385321101,0.0,-0.018348623853211,True,False,False,False,53,54,0.1834862385321101,0.146788990825688,-0.01834862385321101
