subject,neuron_1,neuron_2,n_presentations,min_class_count,n_splits,FR_accuracy,FR_best_gamma,FR_null_mean,FR_null_sd,FR_p,FR_coding,TC_accuracy,TC_best_bin_ms,TC_best_gamma,TC_null_mean,TC_null_sd,TC_p,TC_coding,TC_minus_FR,TC_accuracy_1,TC_p_1,TC_coding_1,TC_accuracy_2,TC_p_2,TC_coding_2,best_single_TC,TC_pair_gain
YFI,1,2,104,9,9,0.0673076923076923,0.2,0.103125,0.0341344622622152,0.8855721393034826,False,0.1923076923076923,60,0.2,0.1110576923076923,0.0341182954774917,0.0199004975124378,True,0.125,0.14423076923076922,0.21393034825870647,False,0.19230769230769232,0.029850746268656716,True,0.19230769230769232,-2.7755575615628914e-17
YFI,1,3,104,9,9,0.1442307692307692,0.2,0.1047115384615384,0.035349425157973,0.1741293532338308,False,0.1634615384615384,90,0.2,0.1147596153846153,0.0385710354283887,0.0945273631840796,False,0.0192307692307692,0.14423076923076922,0.21393034825870647,False,0.16346153846153846,0.0845771144278607,False,0.16346153846153846,-5.551115123125783e-17
YFI,1,4,104,9,9,0.1634615384615384,0.5,0.11,0.0339393023665923,0.0746268656716417,False,0.1634615384615384,900,0.5,0.11,0.0339393023665923,0.0746268656716417,False,0.0,0.14423076923076922,0.21393034825870647,False,0.18269230769230768,0.024875621890547265,True,0.18269230769230768,-0.019230769230769273
YFI,1,5,104,9,9,0.0961538461538461,0.8,0.1076923076923076,0.0337107448763938,0.6666666666666666,False,0.1826923076923076,90,0.5,0.1134134615384615,0.0378195539451583,0.0746268656716417,False,0.0865384615384615,0.14423076923076922,0.21393034825870647,False,0.16346153846153846,0.08955223880597014,False,0.16346153846153846,0.019230769230769135
YFI,1,6,104,9,9,0.048076923076923,0.8,0.105625,0.0349487541491816,0.9751243781094528,False,0.125,75,0.2,0.1203846153846153,0.0378645198537714,0.4626865671641791,False,0.0769230769230769,0.14423076923076922,0.21393034825870647,False,0.15384615384615385,0.15920398009950248,False,0.15384615384615385,-0.028846153846153855
YFI,1,7,104,9,9,0.0576923076923076,0.2,0.1029807692307692,0.0325123231738006,0.9353233830845772,False,0.0961538461538461,100,0.5,0.1136538461538461,0.0366271074905201,0.7313432835820896,False,0.0384615384615384,0.14423076923076922,0.21393034825870647,False,0.10576923076923077,0.572139303482587,False,0.14423076923076922,-0.048076923076923114
YFI,1,8,104,9,9,0.0961538461538461,0.5,0.1082692307692307,0.0379414977791367,0.6716417910447762,False,0.1634615384615384,60,0.2,0.1132211538461538,0.033813093050819,0.1044776119402985,False,0.0673076923076923,0.14423076923076922,0.21393034825870647,False,0.20192307692307693,0.009950248756218905,True,0.20192307692307693,-0.03846153846153852
YFI,1,9,104,9,9,0.0961538461538461,0.2,0.1085096153846153,0.0334114148911698,0.6716417910447762,False,0.1826923076923076,60,0.2,0.1142307692307692,0.0375391918538398,0.0597014925373134,False,0.0865384615384615,0.14423076923076922,0.21393034825870647,False,0.15384615384615385,0.1044776119402985,False,0.15384615384615385,0.028846153846153744
YFI,1,19,104,9,9,0.048076923076923,0.2,0.105625,0.0390189304979108,0.9402985074626866,False,0.1634615384615384,150,0.2,0.1125961538461538,0.0354648958629735,0.1293532338308457,False,0.1153846153846153,0.14423076923076922,0.21393034825870647,False,0.17307692307692307,0.04975124378109453,True,0.17307692307692307,-0.009615384615384664
YFI,1,20,104,9,9,0.125,0.5,0.1051442307692307,0.0328037831465318,0.3233830845771144,False,0.1538461538461538,90,0.8,0.1117788461538461,0.0374757399746322,0.1741293532338308,False,0.0288461538461538,0.14423076923076922,0.21393034825870647,False,0.17307692307692307,0.06467661691542288,False,0.17307692307692307,-0.019230769230769273
YFI,1,21,104,9,9,0.0769230769230769,0.2,0.1087980769230769,0.0380434551173785,0.845771144278607,False,0.1634615384615384,180,0.8,0.1117788461538461,0.0360605107776185,0.1094527363184079,False,0.0865384615384615,0.14423076923076922,0.21393034825870647,False,0.18269230769230768,0.03482587064676617,True,0.18269230769230768,-0.019230769230769273
YFI,1,22,104,9,9,0.0961538461538461,0.5,0.108076923076923,0.034490605321319,0.7014925373134329,False,0.173076923076923,90,0.2,0.1139423076923077,0.0369175752488575,0.0845771144278607,False,0.0769230769230769,0.14423076923076922,0.21393034825870647,False,0.14423076923076922,0.15920398009950248,False,0.14423076923076922,0.02884615384615377
YFI,1,23,104,9,9,0.1346153846153846,0.8,0.1120192307692307,0.0348858511873413,0.2885572139303483,False,0.1442307692307692,90,0.5,0.1123076923076923,0.0358968031493924,0.208955223880597,False,0.0096153846153846,0.14423076923076922,0.21393034825870647,False,0.10576923076923077,0.5472636815920398,False,0.14423076923076922,-2.7755575615628914e-17
YFI,1,24,104,9,9,0.0865384615384615,0.2,0.1072596153846154,0.0338358942153952,0.7412935323383084,False,0.1538461538461538,150,0.5,0.11125,0.0347625773571852,0.1293532338308457,False,0.0673076923076923,0.14423076923076922,0.21393034825870647,False,0.20192307692307693,0.01990049751243781,True,0.20192307692307693,-0.04807692307692313
YFI,1,25,104,9,9,0.0673076923076923,0.2,0.1047115384615384,0.0362961929320589,0.8955223880597015,False,0.125,60,0.5,0.1140865384615384,0.0362435135881508,0.4079601990049751,False,0.0576923076923076,0.14423076923076922,0.21393034825870647,False,0.14423076923076922,0.21890547263681592,False,0.14423076923076922,-0.019230769230769218
YFI,1,26,104,9,9,0.125,0.8,0.1050480769230769,0.0352460678449964,0.3134328358208955,False,0.1826923076923076,60,0.2,0.1107692307692307,0.0349817403955458,0.0398009950248756,True,0.0576923076923076,0.14423076923076922,0.21393034825870647,False,0.18269230769230768,0.05970149253731343,False,0.18269230769230768,-8.326672684688674e-17
YFI,1,27,104,9,9,0.0769230769230769,0.5,0.1124038461538461,0.0365080590867542,0.8756218905472637,False,0.1538461538461538,90,0.5,0.1142307692307692,0.037003178639158,0.1641791044776119,False,0.0769230769230769,0.14423076923076922,0.21393034825870647,False,0.17307692307692307,0.08955223880597014,False,0.17307692307692307,-0.019230769230769273
YFI,1,28,104,9,9,0.0673076923076923,0.2,0.1101442307692307,0.0349264134551973,0.9154228855721394,False,0.1538461538461538,100,0.2,0.1157692307692307,0.0369690113385763,0.154228855721393,False,0.0865384615384615,0.14423076923076922,0.21393034825870647,False,0.1346153846153846,0.30845771144278605,False,0.14423076923076922,0.009615384615384581
YFI,1,29,104,9,9,0.0961538461538461,0.5,0.1090384615384615,0.0345605802468147,0.6616915422885572,False,0.1442307692307692,60,0.2,0.1156730769230769,0.0374815972804942,0.2288557213930348,False,0.048076923076923,0.14423076923076922,0.21393034825870647,False,0.15384615384615385,0.13432835820895522,False,0.15384615384615385,-0.009615384615384664
YFI,1,30,104,9,9,0.125,0.8,0.1063942307692307,0.0336290219891815,0.308457711442786,False,0.1346153846153846,90,0.5,0.1148557692307692,0.0338647170669726,0.2985074626865671,False,0.0096153846153846,0.14423076923076922,0.21393034825870647,False,0.20192307692307693,0.009950248756218905,True,0.20192307692307693,-0.06730769230769232
YFI,1,31,104,9,9,0.125,0.2,0.1038461538461538,0.036882950751515,0.2985074626865671,False,0.1826923076923076,180,0.8,0.106826923076923,0.0367541140748927,0.0298507462686567,True,0.0576923076923076,0.14423076923076922,0.21393034825870647,False,0.19230769230769232,0.03980099502487562,True,0.19230769230769232,-0.00961538461538472
YFI,1,32,104,9,9,0.0961538461538461,0.2,0.1051923076923077,0.0355963104959509,0.6666666666666666,False,0.1153846153846153,225,0.5,0.1064903846153846,0.0353776387111332,0.4378109452736318,False,0.0192307692307692,0.14423076923076922,0.21393034825870647,False,0.15384615384615385,0.13432835820895522,False,0.15384615384615385,-0.03846153846153856
YFI,1,33,104,9,9,0.1057692307692307,0.5,0.108076923076923,0.0350650474271596,0.5870646766169154,False,0.125,75,0.5,0.111875,0.0384636825359089,0.3880597014925373,False,0.0192307692307692,0.14423076923076922,0.21393034825870647,False,0.14423076923076922,0.23880597014925373,False,0.14423076923076922,-0.019230769230769218
YFI,1,34,104,9,9,0.1057692307692307,0.2,0.1100480769230769,0.0351372832217744,0.5771144278606966,False,0.1442307692307692,60,0.2,0.1139903846153846,0.0388389568302341,0.263681592039801,False,0.0384615384615384,0.14423076923076922,0.21393034825870647,False,0.16346153846153846,0.12437810945273632,False,0.16346153846153846,-0.019230769230769273
YFI,1,35,104,9,9,0.0769230769230769,0.2,0.1067307692307692,0.0390965172196672,0.8208955223880597,False,0.1538461538461538,225,0.2,0.1059615384615384,0.0332382953295087,0.0895522388059701,False,0.0769230769230769,0.14423076923076922,0.21393034825870647,False,0.18269230769230768,0.05472636815920398,False,0.18269230769230768,-0.028846153846153882
YFI,1,36,104,9,9,0.1346153846153846,0.8,0.1048076923076923,0.0348091898825084,0.2139303482587064,False,0.1346153846153846,900,0.8,0.1048076923076923,0.0348091898825084,0.2139303482587064,False,0.0,0.14423076923076922,0.21393034825870647,False,0.14423076923076922,0.14925373134328357,False,0.14423076923076922,-0.009615384615384609
YFI,1,37,104,9,9,0.0288461538461538,0.2,0.1083653846153846,0.0337755956660575,1.0,False,0.125,90,0.8,0.1101923076923077,0.0371945350742051,0.36318407960199,False,0.0961538461538461,0.14423076923076922,0.21393034825870647,False,0.16346153846153846,0.08955223880597014,False,0.16346153846153846,-0.038461538461538464
YFI,1,38,104,9,9,0.0769230769230769,0.2,0.1044230769230769,0.0317671336998369,0.8557213930348259,False,0.1442307692307692,60,0.2,0.1115384615384615,0.035509539818982,0.2189054726368159,False,0.0673076923076922,0.14423076923076922,0.21393034825870647,False,0.15384615384615385,0.14427860696517414,False,0.15384615384615385,-0.009615384615384664
YFI,2,3,104,9,9,0.125,0.2,0.1057211538461538,0.0355552710991604,0.3532338308457711,False,0.1634615384615384,90,0.8,0.1092788461538461,0.0357595748549851,0.0845771144278607,False,0.0384615384615384,0.19230769230769232,0.029850746268656716,True,0.16346153846153846,0.0845771144278607,False,0.19230769230769232,-0.02884615384615391
YFI,2,4,104,9,9,0.1153846153846153,0.2,0.1065865384615384,0.0369053344801545,0.4626865671641791,False,0.1538461538461538,60,0.5,0.1174038461538461,0.0333587063838806,0.1592039800995024,False,0.0384615384615384,0.19230769230769232,0.029850746268656716,True,0.18269230769230768,0.024875621890547265,True,0.19230769230769232,-0.03846153846153852
YFI,2,5,104,9,9,0.0673076923076923,0.8,0.1009615384615384,0.0351280593494125,0.8606965174129353,False,0.1826923076923076,60,0.2,0.109326923076923,0.0361489471468829,0.0497512437810945,True,0.1153846153846153,0.19230769230769232,0.029850746268656716,True,0.16346153846153846,0.08955223880597014,False,0.19230769230769232,-0.00961538461538472
YFI,2,6,104,9,9,0.0384615384615384,0.2,0.104375,0.035658351062626,0.9900497512437813,False,0.1634615384615384,60,0.2,0.1098076923076923,0.0355926557635334,0.0796019900497512,False,0.125,0.19230769230769232,0.029850746268656716,True,0.15384615384615385,0.15920398009950248,False,0.19230769230769232,-0.02884615384615391
YFI,2,7,104,9,9,0.0673076923076923,0.2,0.1067307692307692,0.0361321065662453,0.8955223880597015,False,0.1153846153846153,60,0.5,0.1132692307692307,0.0354068139306351,0.5223880597014925,False,0.048076923076923,0.19230769230769232,0.029850746268656716,True,0.10576923076923077,0.572139303482587,False,0.19230769230769232,-0.07692307692307702
YFI,2,8,104,9,9,0.0576923076923076,0.2,0.1035576923076923,0.032556877446969,0.9552238805970148,False,0.1923076923076923,225,0.2,0.104326923076923,0.0327849763271554,0.0099502487562189,True,0.1346153846153846,0.19230769230769232,0.029850746268656716,True,0.20192307692307693,0.009950248756218905,True,0.20192307692307693,-0.009615384615384637
YFI,2,9,104,9,9,0.173076923076923,0.2,0.1061538461538461,0.0346733183540209,0.0248756218905472,True,0.173076923076923,900,0.2,0.1061538461538461,0.0346733183540209,0.0248756218905472,True,0.0,0.19230769230769232,0.029850746268656716,True,0.15384615384615385,0.1044776119402985,False,0.19230769230769232,-0.01923076923076933
YFI,2,19,104,9,9,0.1346153846153846,0.2,0.1051442307692307,0.0336704429228555,0.2338308457711442,False,0.173076923076923,60,0.8,0.1136538461538461,0.0331515191600925,0.0696517412935323,False,0.0384615384615384,0.19230769230769232,0.029850746268656716,True,0.17307692307692307,0.04975124378109453,True,0.19230769230769232,-0.01923076923076933
YFI,2,20,104,9,9,0.1153846153846153,0.2,0.1056730769230769,0.0354832315564035,0.3980099502487562,False,0.1826923076923076,60,0.5,0.1110096153846154,0.0347129244123449,0.0497512437810945,True,0.0673076923076922,0.19230769230769232,0.029850746268656716,True,0.17307692307692307,0.06467661691542288,False,0.19230769230769232,-0.00961538461538472
YFI,2,21,104,9,9,0.0961538461538461,0.2,0.1064903846153846,0.039673801085244,0.6268656716417911,False,0.1826923076923076,150,0.8,0.1056730769230769,0.0335586621252032,0.0298507462686567,True,0.0865384615384615,0.19230769230769232,0.029850746268656716,True,0.18269230769230768,0.03482587064676617,True,0.19230769230769232,-0.00961538461538472
YFI,2,22,104,9,9,0.1057692307692307,0.2,0.1052403846153846,0.0356557451199755,0.5422885572139303,False,0.1634615384615384,60,0.8,0.10875,0.0372263737833519,0.1044776119402985,False,0.0576923076923076,0.19230769230769232,0.029850746268656716,True,0.14423076923076922,0.15920398009950248,False,0.19230769230769232,-0.02884615384615391
YFI,2,23,104,9,9,0.125,0.8,0.1047596153846153,0.0362142747565575,0.3333333333333333,False,0.1634615384615384,450,0.5,0.1051923076923077,0.035386863174601,0.0945273631840796,False,0.0384615384615384,0.19230769230769232,0.029850746268656716,True,0.10576923076923077,0.5472636815920398,False,0.19230769230769232,-0.02884615384615391
YFI,2,24,104,9,9,0.1442307692307692,0.8,0.1032692307692307,0.0344636540573213,0.1592039800995024,False,0.1826923076923076,60,0.8,0.1104807692307692,0.0342845668123849,0.0497512437810945,True,0.0384615384615384,0.19230769230769232,0.029850746268656716,True,0.20192307692307693,0.01990049751243781,True,0.20192307692307693,-0.01923076923076933
YFI,2,25,104,9,9,0.1153846153846153,0.8,0.1071153846153846,0.0372718995112395,0.4577114427860697,False,0.1538461538461538,60,0.2,0.1119230769230769,0.037926800696279,0.1940298507462686,False,0.0384615384615384,0.19230769230769232,0.029850746268656716,True,0.14423076923076922,0.21890547263681592,False,0.19230769230769232,-0.03846153846153852
YFI,2,26,104,9,9,0.0865384615384615,0.5,0.1024038461538461,0.0350320401565602,0.7263681592039801,False,0.2019230769230769,60,0.2,0.1120673076923077,0.0341842418969756,0.0248756218905472,True,0.1153846153846153,0.19230769230769232,0.029850746268656716,True,0.18269230769230768,0.05970149253731343,False,0.19230769230769232,0.009615384615384581
YFI,2,27,104,9,9,0.125,0.5,0.1015865384615384,0.0351092404288673,0.2686567164179104,False,0.1826923076923076,180,0.2,0.1064903846153846,0.0348483748804723,0.0398009950248756,True,0.0576923076923076,0.19230769230769232,0.029850746268656716,True,0.17307692307692307,0.08955223880597014,False,0.19230769230769232,-0.00961538461538472
YFI,2,28,104,9,9,0.1442307692307692,0.5,0.1076923076923077,0.0350883591378029,0.1791044776119403,False,0.173076923076923,180,0.2,0.1132692307692307,0.0361470192338803,0.0845771144278607,False,0.0288461538461538,0.19230769230769232,0.029850746268656716,True,0.1346153846153846,0.30845771144278605,False,0.19230769230769232,-0.01923076923076933
YFI,2,29,104,9,9,0.125,0.2,0.1029807692307692,0.0333168978888122,0.2786069651741293,False,0.173076923076923,60,0.8,0.1166826923076922,0.0356098493149253,0.0895522388059701,False,0.048076923076923,0.19230769230769232,0.029850746268656716,True,0.15384615384615385,0.13432835820895522,False,0.19230769230769232,-0.01923076923076933
YFI,2,30,104,9,9,0.125,0.5,0.1032211538461538,0.0379321596673368,0.3333333333333333,False,0.173076923076923,60,0.8,0.1108653846153846,0.0354035333287877,0.0696517412935323,False,0.048076923076923,0.19230769230769232,0.029850746268656716,True,0.20192307692307693,0.009950248756218905,True,0.20192307692307693,-0.028846153846153938
YFI,2,31,104,9,9,0.1538461538461538,0.8,0.1050480769230769,0.0369702366312232,0.1243781094527363,False,0.1923076923076923,180,0.5,0.10375,0.0330227563693074,0.0199004975124378,True,0.0384615384615384,0.19230769230769232,0.029850746268656716,True,0.19230769230769232,0.03980099502487562,True,0.19230769230769232,-2.7755575615628914e-17
YFI,2,32,104,9,9,0.1442307692307692,0.2,0.1038461538461538,0.035601008886334,0.1592039800995024,False,0.1538461538461538,225,0.5,0.1040384615384615,0.0342814498672582,0.1144278606965174,False,0.0096153846153846,0.19230769230769232,0.029850746268656716,True,0.15384615384615385,0.13432835820895522,False,0.19230769230769232,-0.03846153846153852
YFI,2,33,104,9,9,0.1442307692307692,0.8,0.1054807692307692,0.0345400061898313,0.1592039800995024,False,0.2115384615384615,60,0.2,0.1129326923076923,0.032432307884564,0.0099502487562189,True,0.0673076923076923,0.19230769230769232,0.029850746268656716,True,0.14423076923076922,0.23880597014925373,False,0.19230769230769232,0.01923076923076919
YFI,2,34,104,9,9,0.1346153846153846,0.2,0.1061057692307692,0.0371262396727291,0.2587064676616915,False,0.1826923076923076,60,0.8,0.1113942307692307,0.0366336711956788,0.044776119402985,True,0.048076923076923,0.19230769230769232,0.029850746268656716,True,0.16346153846153846,0.12437810945273632,False,0.19230769230769232,-0.00961538461538472
YFI,2,35,104,9,9,0.1346153846153846,0.2,0.1029807692307692,0.033247100231642,0.2238805970149253,False,0.2115384615384615,90,0.2,0.1085096153846153,0.0330056931533011,0.0049751243781094,True,0.0769230769230769,0.19230769230769232,0.029850746268656716,True,0.18269230769230768,0.05472636815920398,False,0.19230769230769232,0.01923076923076919
YFI,2,36,104,9,9,0.1057692307692307,0.2,0.1008653846153846,0.0345276289592462,0.4626865671641791,False,0.1538461538461538,225,0.2,0.1058173076923076,0.032108371878313,0.0945273631840796,False,0.048076923076923,0.19230769230769232,0.029850746268656716,True,0.14423076923076922,0.14925373134328357,False,0.19230769230769232,-0.03846153846153852
YFI,2,37,104,9,9,0.0769230769230769,0.2,0.1054326923076923,0.0369883285344363,0.8009950248756219,False,0.1538461538461538,90,0.2,0.106826923076923,0.03190941091886,0.0895522388059701,False,0.0769230769230769,0.19230769230769232,0.029850746268656716,True,0.16346153846153846,0.08955223880597014,False,0.19230769230769232,-0.03846153846153852
YFI,2,38,104,9,9,0.125,0.2,0.1010096153846154,0.0347690921739201,0.2786069651741293,False,0.2211538461538461,60,0.5,0.111875,0.0356294144151696,0.0099502487562189,True,0.0961538461538461,0.19230769230769232,0.029850746268656716,True,0.15384615384615385,0.14427860696517414,False,0.19230769230769232,0.02884615384615377
YFI,3,4,104,9,9,0.1346153846153846,0.2,0.1090384615384615,0.0363684425557051,0.2537313432835821,False,0.1442307692307692,180,0.2,0.1127884615384615,0.0349252494858487,0.2189054726368159,False,0.0096153846153846,0.16346153846153846,0.0845771144278607,False,0.18269230769230768,0.024875621890547265,True,0.18269230769230768,-0.03846153846153849
YFI,3,5,104,9,9,0.0961538461538461,0.5,0.1097596153846153,0.0368612466597048,0.6766169154228856,False,0.1826923076923076,150,0.2,0.1127403846153846,0.0373826439670231,0.0547263681592039,False,0.0865384615384615,0.16346153846153846,0.0845771144278607,False,0.16346153846153846,0.08955223880597014,False,0.16346153846153846,0.019230769230769135
YFI,3,6,104,9,9,0.0865384615384615,0.5,0.1070673076923077,0.0386023406000307,0.7611940298507462,False,0.1923076923076923,60,0.5,0.1160096153846153,0.03473005182985,0.0199004975124378,True,0.1057692307692307,0.16346153846153846,0.0845771144278607,False,0.15384615384615385,0.15920398009950248,False,0.16346153846153846,0.028846153846153827
YFI,3,7,104,9,9,0.0961538461538461,0.8,0.1064903846153846,0.0333217433923621,0.6517412935323383,False,0.125,90,0.2,0.1158653846153846,0.0350452998240133,0.4029850746268656,False,0.0288461538461538,0.16346153846153846,0.0845771144278607,False,0.10576923076923077,0.572139303482587,False,0.16346153846153846,-0.038461538461538464
YFI,3,8,104,9,9,0.0865384615384615,0.5,0.1091826923076923,0.0375186103999304,0.7611940298507462,False,0.1826923076923076,60,0.2,0.1137980769230769,0.0355066285453997,0.0497512437810945,True,0.0961538461538461,0.16346153846153846,0.0845771144278607,False,0.20192307692307693,0.009950248756218905,True,0.20192307692307693,-0.01923076923076933
YFI,3,9,104,9,9,0.1538461538461538,0.5,0.1058653846153846,0.0353783281670041,0.1393034825870646,False,0.1538461538461538,300,0.5,0.1100961538461538,0.0375539169153648,0.1343283582089552,False,0.0,0.16346153846153846,0.0845771144278607,False,0.15384615384615385,0.1044776119402985,False,0.16346153846153846,-0.009615384615384664
YFI,3,19,104,9,9,0.125,0.2,0.1110576923076923,0.038591175995788,0.4029850746268656,False,0.1634615384615384,60,0.2,0.116201923076923,0.0346992699489276,0.1094527363184079,False,0.0384615384615384,0.16346153846153846,0.0845771144278607,False,0.17307692307692307,0.04975124378109453,True,0.17307692307692307,-0.009615384615384664
YFI,3,20,104,9,9,0.125,0.2,0.1069230769230769,0.0343734836774726,0.3482587064676617,False,0.173076923076923,90,0.2,0.1129807692307692,0.0354800889676386,0.0646766169154228,False,0.048076923076923,0.16346153846153846,0.0845771144278607,False,0.17307692307692307,0.06467661691542288,False,0.17307692307692307,-8.326672684688674e-17
YFI,3,21,104,9,9,0.1153846153846153,0.2,0.1086057692307692,0.0353363782211997,0.4527363184079602,False,0.173076923076923,300,0.2,0.1052403846153846,0.0326066076409927,0.0398009950248756,True,0.0576923076923076,0.16346153846153846,0.0845771144278607,False,0.18269230769230768,0.03482587064676617,True,0.18269230769230768,-0.009615384615384692
YFI,3,22,104,9,9,0.125,0.2,0.1067788461538461,0.0360986270670533,0.3432835820895522,False,0.173076923076923,90,0.5,0.113701923076923,0.0348816891415866,0.0597014925373134,False,0.048076923076923,0.16346153846153846,0.0845771144278607,False,0.14423076923076922,0.15920398009950248,False,0.16346153846153846,0.009615384615384526
YFI,3,23,104,9,9,0.1442307692307692,0.2,0.1063942307692307,0.0345288063324232,0.1791044776119403,False,0.1634615384615384,90,0.5,0.1129326923076923,0.0356140241048862,0.1044776119402985,False,0.0192307692307692,0.16346153846153846,0.0845771144278607,False,0.10576923076923077,0.5472636815920398,False,0.16346153846153846,-5.551115123125783e-17
YFI,3,24,104,9,9,0.1346153846153846,0.2,0.1079326923076923,0.0346679246823929,0.2388059701492537,False,0.173076923076923,60,0.5,0.1138461538461538,0.034694750744715,0.0646766169154228,False,0.0384615384615384,0.16346153846153846,0.0845771144278607,False,0.20192307692307693,0.01990049751243781,True,0.20192307692307693,-0.028846153846153938
YFI,3,25,104,9,9,0.0961538461538461,0.2,0.1036057692307692,0.0336616107338585,0.6417910447761194,False,0.1346153846153846,90,0.2,0.1136057692307692,0.0370096756477605,0.2835820895522388,False,0.0384615384615384,0.16346153846153846,0.0845771144278607,False,0.14423076923076922,0.21890547263681592,False,0.16346153846153846,-0.028846153846153855
YFI,3,26,104,9,9,0.1153846153846153,0.2,0.106201923076923,0.0345183094749317,0.4378109452736318,False,0.1826923076923076,60,0.2,0.1153365384615384,0.0346016580931727,0.044776119402985,True,0.0673076923076922,0.16346153846153846,0.0845771144278607,False,0.18269230769230768,0.05970149253731343,False,0.18269230769230768,-8.326672684688674e-17
YFI,3,27,104,9,9,0.1057692307692307,0.5,0.105625,0.0359578084404291,0.5572139303482587,False,0.1923076923076923,300,0.2,0.1070673076923077,0.0349381175051065,0.0149253731343283,True,0.0865384615384615,0.16346153846153846,0.0845771144278607,False,0.17307692307692307,0.08955223880597014,False,0.17307692307692307,0.019230769230769218
YFI,3,28,104,9,9,0.1057692307692307,0.2,0.1144711538461538,0.0368526749069207,0.6318407960199005,False,0.1538461538461538,300,0.2,0.1152884615384615,0.035141150576749,0.1492537313432835,False,0.048076923076923,0.16346153846153846,0.0845771144278607,False,0.1346153846153846,0.30845771144278605,False,0.16346153846153846,-0.009615384615384664
YFI,3,29,104,9,9,0.0961538461538461,0.2,0.1042788461538461,0.0369722472798787,0.6368159203980099,False,0.173076923076923,60,0.2,0.1175480769230769,0.0359960334817886,0.0845771144278607,False,0.0769230769230769,0.16346153846153846,0.0845771144278607,False,0.15384615384615385,0.13432835820895522,False,0.16346153846153846,0.009615384615384526
YFI,3,30,104,9,9,0.173076923076923,0.2,0.1058653846153846,0.0351939948393799,0.0547263681592039,False,0.173076923076923,900,0.2,0.1058653846153846,0.0351939948393799,0.0547263681592039,False,0.0,0.16346153846153846,0.0845771144278607,False,0.20192307692307693,0.009950248756218905,True,0.20192307692307693,-0.028846153846153938
YFI,3,31,104,9,9,0.0865384615384615,0.5,0.10625,0.0381553087350752,0.7412935323383084,False,0.173076923076923,180,0.5,0.1101923076923077,0.0331946556763635,0.0547263681592039,False,0.0865384615384615,0.16346153846153846,0.0845771144278607,False,0.19230769230769232,0.03980099502487562,True,0.19230769230769232,-0.01923076923076933
YFI,3,32,104,9,9,0.125,0.8,0.105,0.0381992408916466,0.3383084577114428,False,0.1634615384615384,100,0.8,0.109951923076923,0.0326262648938391,0.0746268656716417,False,0.0384615384615384,0.16346153846153846,0.0845771144278607,False,0.15384615384615385,0.13432835820895522,False,0.16346153846153846,-5.551115123125783e-17
YFI,3,33,104,9,9,0.1634615384615384,0.8,0.1074038461538461,0.0386436306062866,0.0945273631840796,False,0.1634615384615384,900,0.8,0.1074038461538461,0.0386436306062866,0.0945273631840796,False,0.0,0.16346153846153846,0.0845771144278607,False,0.14423076923076922,0.23880597014925373,False,0.16346153846153846,-5.551115123125783e-17
YFI,3,34,104,9,9,0.1346153846153846,0.2,0.1077884615384615,0.037253820608777,0.263681592039801,False,0.173076923076923,60,0.2,0.1136538461538461,0.0382284199259658,0.1094527363184079,False,0.0384615384615384,0.16346153846153846,0.0845771144278607,False,0.16346153846153846,0.12437810945273632,False,0.16346153846153846,0.009615384615384526
YFI,3,35,104,9,9,0.0865384615384615,0.2,0.104951923076923,0.0361035174598177,0.746268656716418,False,0.2019230769230769,100,0.8,0.1109134615384615,0.0352452769374939,0.0149253731343283,True,0.1153846153846153,0.16346153846153846,0.0845771144278607,False,0.18269230769230768,0.05472636815920398,False,0.18269230769230768,0.019230769230769218
YFI,3,36,104,9,9,0.1442307692307692,0.2,0.104951923076923,0.0369682258732114,0.1592039800995024,False,0.1634615384615384,60,0.2,0.1141346153846154,0.0347732676965165,0.1094527363184079,False,0.0192307692307692,0.16346153846153846,0.0845771144278607,False,0.14423076923076922,0.14925373134328357,False,0.16346153846153846,-5.551115123125783e-17
YFI,3,37,104,9,9,0.0961538461538461,0.2,0.1056730769230769,0.0354963226815044,0.681592039800995,False,0.1538461538461538,90,0.2,0.1103365384615384,0.0363747974844415,0.1393034825870646,False,0.0576923076923076,0.16346153846153846,0.0845771144278607,False,0.16346153846153846,0.08955223880597014,False,0.16346153846153846,-0.009615384615384664
YFI,3,38,104,9,9,0.0769230769230769,0.5,0.1036538461538461,0.0360826965230402,0.7960199004975125,False,0.1826923076923076,60,0.2,0.1110096153846153,0.0363218803867063,0.0497512437810945,True,0.1057692307692307,0.16346153846153846,0.0845771144278607,False,0.15384615384615385,0.14427860696517414,False,0.16346153846153846,0.019230769230769135
YFI,4,5,104,9,9,0.1923076923076923,0.2,0.1071634615384615,0.038333250243711,0.0398009950248756,True,0.1923076923076923,900,0.2,0.1071634615384615,0.038333250243711,0.0398009950248756,True,0.0,0.18269230769230768,0.024875621890547265,True,0.16346153846153846,0.08955223880597014,False,0.18269230769230768,0.009615384615384609
YFI,4,6,104,9,9,0.1346153846153846,0.2,0.1087980769230769,0.0345489836330709,0.2786069651741293,False,0.1634615384615384,180,0.2,0.1119711538461538,0.0355996712133253,0.1044776119402985,False,0.0288461538461538,0.18269230769230768,0.024875621890547265,True,0.15384615384615385,0.15920398009950248,False,0.18269230769230768,-0.019230769230769273
YFI,4,7,104,9,9,0.1057692307692307,0.2,0.1063942307692307,0.0356802334667535,0.5621890547263682,False,0.1634615384615384,450,0.2,0.1129807692307692,0.0333748582946199,0.0945273631840796,False,0.0576923076923076,0.18269230769230768,0.024875621890547265,True,0.10576923076923077,0.572139303482587,False,0.18269230769230768,-0.019230769230769273
YFI,4,8,104,9,9,0.125,0.5,0.1117788461538461,0.0331189545495691,0.3930348258706467,False,0.173076923076923,180,0.2,0.1104326923076923,0.035808911771527,0.0746268656716417,False,0.048076923076923,0.18269230769230768,0.024875621890547265,True,0.20192307692307693,0.009950248756218905,True,0.20192307692307693,-0.028846153846153938
YFI,4,9,104,9,9,0.1634615384615384,0.2,0.1047596153846154,0.0381022733178526,0.0746268656716417,False,0.1634615384615384,225,0.2,0.1105288461538461,0.0355879236328159,0.0945273631840796,False,0.0,0.18269230769230768,0.024875621890547265,True,0.15384615384615385,0.1044776119402985,False,0.18269230769230768,-0.019230769230769273
YFI,4,19,104,9,9,0.1442307692307692,0.2,0.1078365384615384,0.0350602440844712,0.1840796019900497,False,0.173076923076923,180,0.5,0.1095673076923076,0.0340111970654428,0.044776119402985,True,0.0288461538461538,0.18269230769230768,0.024875621890547265,True,0.17307692307692307,0.04975124378109453,True,0.18269230769230768,-0.009615384615384692
YFI,4,20,104,9,9,0.1634615384615384,0.2,0.1067307692307692,0.0356270997721273,0.1044776119402985,False,0.1826923076923076,180,0.2,0.1114903846153846,0.0337671693547848,0.0497512437810945,True,0.0192307692307692,0.18269230769230768,0.024875621890547265,True,0.17307692307692307,0.06467661691542288,False,0.18269230769230768,-8.326672684688674e-17
YFI,4,21,104,9,9,0.125,0.2,0.11,0.0336367922995034,0.3781094527363184,False,0.1634615384615384,90,0.2,0.1126923076923077,0.0357593474880395,0.0895522388059701,False,0.0384615384615384,0.18269230769230768,0.024875621890547265,True,0.18269230769230768,0.03482587064676617,True,0.18269230769230768,-0.019230769230769273
YFI,4,22,104,9,9,0.1634615384615384,0.5,0.1063942307692307,0.0349035260255732,0.0746268656716417,False,0.173076923076923,450,0.2,0.1117307692307692,0.034033899637303,0.0646766169154228,False,0.0096153846153846,0.18269230769230768,0.024875621890547265,True,0.14423076923076922,0.15920398009950248,False,0.18269230769230768,-0.009615384615384692
YFI,4,23,104,9,9,0.2019230769230769,0.5,0.1119230769230769,0.0353264172413067,0.0199004975124378,True,0.2019230769230769,900,0.5,0.1119230769230769,0.0353264172413067,0.0199004975124378,True,0.0,0.18269230769230768,0.024875621890547265,True,0.10576923076923077,0.5472636815920398,False,0.18269230769230768,0.019230769230769218
YFI,4,24,104,9,9,0.1538461538461538,0.2,0.1067788461538461,0.0335504582877156,0.1194029850746268,False,0.2115384615384615,300,0.8,0.10875,0.0335641994470776,0.0099502487562189,True,0.0576923076923076,0.18269230769230768,0.024875621890547265,True,0.20192307692307693,0.01990049751243781,True,0.20192307692307693,0.009615384615384581
YFI,4,25,104,9,9,0.1057692307692307,0.2,0.11,0.0374658517569332,0.582089552238806,False,0.125,60,0.2,0.1165384615384615,0.0350560364781379,0.4527363184079602,False,0.0192307692307692,0.18269230769230768,0.024875621890547265,True,0.14423076923076922,0.21890547263681592,False,0.18269230769230768,-0.05769230769230768
YFI,4,26,104,9,9,0.1057692307692307,0.2,0.1072115384615384,0.0356499136333505,0.4925373134328358,False,0.1826923076923076,60,0.8,0.1229326923076923,0.0390236930350069,0.0945273631840796,False,0.0769230769230769,0.18269230769230768,0.024875621890547265,True,0.18269230769230768,0.05970149253731343,False,0.18269230769230768,-8.326672684688674e-17
YFI,4,27,104,9,9,0.1538461538461538,0.2,0.1085096153846153,0.0353308556485339,0.1442786069651741,False,0.173076923076923,225,0.2,0.1094711538461538,0.0382274172663088,0.0696517412935323,False,0.0192307692307692,0.18269230769230768,0.024875621890547265,True,0.17307692307692307,0.08955223880597014,False,0.18269230769230768,-0.009615384615384692
YFI,4,28,104,9,9,0.1538461538461538,0.2,0.1090384615384615,0.0358538076773177,0.1641791044776119,False,0.1538461538461538,900,0.2,0.1090384615384615,0.0358538076773177,0.1641791044776119,False,0.0,0.18269230769230768,0.024875621890547265,True,0.1346153846153846,0.30845771144278605,False,0.18269230769230768,-0.028846153846153882
YFI,4,29,104,9,9,0.1346153846153846,0.5,0.1051923076923077,0.0342662676477947,0.2288557213930348,False,0.1923076923076923,450,0.2,0.1063942307692307,0.0352874339321788,0.0199004975124378,True,0.0576923076923077,0.18269230769230768,0.024875621890547265,True,0.15384615384615385,0.13432835820895522,False,0.18269230769230768,0.009615384615384609
YFI,4,30,104,9,9,0.1538461538461538,0.2,0.1098557692307692,0.0363811832290568,0.1293532338308457,False,0.173076923076923,180,0.8,0.1117788461538461,0.033813093050819,0.0597014925373134,False,0.0192307692307692,0.18269230769230768,0.024875621890547265,True,0.20192307692307693,0.009950248756218905,True,0.20192307692307693,-0.028846153846153938
YFI,4,31,104,9,9,0.1826923076923076,0.5,0.109951923076923,0.0343196129387825,0.0248756218905472,True,0.2115384615384615,100,0.2,0.115,0.0372694063909141,0.0099502487562189,True,0.0288461538461538,0.18269230769230768,0.024875621890547265,True,0.19230769230769232,0.03980099502487562,True,0.19230769230769232,0.01923076923076919
YFI,4,32,104,9,9,0.1634615384615384,0.2,0.1034134615384615,0.033745147839002,0.0547263681592039,False,0.1634615384615384,225,0.8,0.1094711538461538,0.0378119366765546,0.099502487562189,False,0.0,0.18269230769230768,0.024875621890547265,True,0.15384615384615385,0.13432835820895522,False,0.18269230769230768,-0.019230769230769273
YFI,4,33,104,9,9,0.1346153846153846,0.8,0.1073557692307692,0.0346992699489276,0.2736318407960199,False,0.1538461538461538,450,0.5,0.1097115384615384,0.0351173447153155,0.1094527363184079,False,0.0192307692307692,0.18269230769230768,0.024875621890547265,True,0.14423076923076922,0.23880597014925373,False,0.18269230769230768,-0.028846153846153882
YFI,4,34,104,9,9,0.1442307692307692,0.5,0.1104807692307692,0.0374825889030505,0.2039800995024875,False,0.1923076923076923,450,0.5,0.10875,0.0322655990166379,0.0099502487562189,True,0.0480769230769231,0.18269230769230768,0.024875621890547265,True,0.16346153846153846,0.12437810945273632,False,0.18269230769230768,0.009615384615384609
YFI,4,35,104,9,9,0.1826923076923076,0.2,0.1066826923076923,0.0353074408715581,0.0348258706467661,True,0.2211538461538461,225,0.8,0.1071634615384615,0.0343036349916938,0.0049751243781094,True,0.0384615384615384,0.18269230769230768,0.024875621890547265,True,0.18269230769230768,0.05472636815920398,False,0.18269230769230768,0.03846153846153841
YFI,4,36,104,9,9,0.1826923076923076,0.2,0.1061057692307692,0.0362268452162632,0.044776119402985,True,0.1923076923076923,450,0.2,0.1090384615384615,0.0363045121549227,0.0298507462686567,True,0.0096153846153846,0.18269230769230768,0.024875621890547265,True,0.14423076923076922,0.14925373134328357,False,0.18269230769230768,0.009615384615384609
YFI,4,37,104,9,9,0.1153846153846153,0.2,0.1044230769230769,0.0321884707310448,0.4079601990049751,False,0.1826923076923076,100,0.2,0.1132211538461538,0.0335094436350754,0.0348258706467661,True,0.0673076923076922,0.18269230769230768,0.024875621890547265,True,0.16346153846153846,0.08955223880597014,False,0.18269230769230768,-8.326672684688674e-17
YFI,4,38,104,9,9,0.0769230769230769,0.2,0.1074038461538461,0.0336156528539459,0.8507462686567164,False,0.173076923076923,60,0.8,0.1188942307692307,0.0374725165163479,0.1144278606965174,False,0.0961538461538461,0.18269230769230768,0.024875621890547265,True,0.15384615384615385,0.14427860696517414,False,0.18269230769230768,-0.009615384615384692
YFI,5,6,104,9,9,0.1057692307692307,0.2,0.1095192307692307,0.0341868580817116,0.5572139303482587,False,0.1538461538461538,300,0.8,0.1119230769230769,0.0366179734218148,0.1592039800995024,False,0.048076923076923,0.16346153846153846,0.08955223880597014,False,0.15384615384615385,0.15920398009950248,False,0.16346153846153846,-0.009615384615384664
YFI,5,7,104,9,9,0.1057692307692307,0.5,0.1010096153846153,0.031502153138703,0.527363184079602,False,0.125,150,0.8,0.1090384615384615,0.0333566172036724,0.3333333333333333,False,0.0192307692307692,0.16346153846153846,0.08955223880597014,False,0.10576923076923077,0.572139303482587,False,0.16346153846153846,-0.038461538461538464
YFI,5,8,104,9,9,0.1346153846153846,0.2,0.1042788461538461,0.0330580158630802,0.2288557213930348,False,0.2019230769230769,300,0.2,0.1072596153846153,0.0348505079470271,0.0149253731343283,True,0.0673076923076923,0.16346153846153846,0.08955223880597014,False,0.20192307692307693,0.009950248756218905,True,0.20192307692307693,-2.7755575615628914e-17
YFI,5,9,104,9,9,0.1923076923076923,0.2,0.1033653846153846,0.0366142937781918,0.0099502487562189,True,0.1923076923076923,300,0.8,0.1150961538461538,0.0375435233538069,0.0348258706467661,True,0.0,0.16346153846153846,0.08955223880597014,False,0.15384615384615385,0.1044776119402985,False,0.16346153846153846,0.028846153846153827
YFI,5,19,104,9,9,0.1057692307692307,0.8,0.1062980769230769,0.0346378923839485,0.5223880597014925,False,0.1634615384615384,60,0.2,0.1140865384615384,0.0392113505662816,0.1243781094527363,False,0.0576923076923076,0.16346153846153846,0.08955223880597014,False,0.17307692307692307,0.04975124378109453,True,0.17307692307692307,-0.009615384615384664
YFI,5,20,104,9,9,0.1538461538461538,0.8,0.1020192307692307,0.0315874667591058,0.0746268656716417,False,0.1634615384615384,180,0.5,0.1078846153846153,0.0363776392792194,0.0845771144278607,False,0.0096153846153846,0.16346153846153846,0.08955223880597014,False,0.17307692307692307,0.06467661691542288,False,0.17307692307692307,-0.009615384615384664
YFI,5,21,104,9,9,0.1538461538461538,0.8,0.1041346153846153,0.0361335209626624,0.1144278606965174,False,0.173076923076923,150,0.8,0.1058173076923077,0.0349357238138883,0.0597014925373134,False,0.0192307692307692,0.16346153846153846,0.08955223880597014,False,0.18269230769230768,0.03482587064676617,True,0.18269230769230768,-0.009615384615384692
YFI,5,22,104,9,9,0.173076923076923,0.5,0.103076923076923,0.035746352688718,0.044776119402985,True,0.1826923076923076,180,0.2,0.1066826923076923,0.0354387838834794,0.0348258706467661,True,0.0096153846153846,0.16346153846153846,0.08955223880597014,False,0.14423076923076922,0.15920398009950248,False,0.16346153846153846,0.019230769230769135
YFI,5,23,104,9,9,0.1153846153846153,0.8,0.1077884615384615,0.0348970363058756,0.4477611940298507,False,0.125,90,0.8,0.115576923076923,0.0335582467892294,0.4278606965174129,False,0.0096153846153846,0.16346153846153846,0.08955223880597014,False,0.10576923076923077,0.5472636815920398,False,0.16346153846153846,-0.038461538461538464
YFI,5,24,104,9,9,0.173076923076923,0.2,0.1025480769230769,0.0350787912901299,0.0398009950248756,True,0.2019230769230769,300,0.5,0.1065865384615384,0.0360648910479284,0.0099502487562189,True,0.0288461538461538,0.16346153846153846,0.08955223880597014,False,0.20192307692307693,0.01990049751243781,True,0.20192307692307693,-2.7755575615628914e-17
YFI,5,25,104,9,9,0.1153846153846153,0.2,0.1039423076923077,0.0380655836195801,0.3930348258706467,False,0.1538461538461538,90,0.2,0.1165865384615384,0.0375562365141017,0.1940298507462686,False,0.0384615384615384,0.16346153846153846,0.08955223880597014,False,0.14423076923076922,0.21890547263681592,False,0.16346153846153846,-0.009615384615384664
YFI,5,26,104,9,9,0.1057692307692307,0.2,0.1050480769230769,0.0359895793989035,0.5472636815920398,False,0.1826923076923076,60,0.8,0.1181249999999999,0.0379309348264173,0.0845771144278607,False,0.0769230769230769,0.16346153846153846,0.08955223880597014,False,0.18269230769230768,0.05970149253731343,False,0.18269230769230768,-8.326672684688674e-17
YFI,5,27,104,9,9,0.1153846153846153,0.8,0.1067788461538461,0.03538367920099,0.4228855721393035,False,0.2115384615384615,90,0.2,0.114326923076923,0.0354019585319187,0.0099502487562189,True,0.0961538461538461,0.16346153846153846,0.08955223880597014,False,0.17307692307692307,0.08955223880597014,False,0.17307692307692307,0.038461538461538436
YFI,5,28,104,9,9,0.1538461538461538,0.5,0.1108173076923077,0.0356653861566998,0.154228855721393,False,0.1538461538461538,180,0.2,0.1102884615384615,0.0362208491380766,0.1641791044776119,False,0.0,0.16346153846153846,0.08955223880597014,False,0.1346153846153846,0.30845771144278605,False,0.16346153846153846,-0.009615384615384664
YFI,5,29,104,9,9,0.1346153846153846,0.2,0.1076442307692307,0.0338441318205963,0.2437810945273631,False,0.1634615384615384,90,0.2,0.11125,0.0344133335596348,0.0845771144278607,False,0.0288461538461538,0.16346153846153846,0.08955223880597014,False,0.15384615384615385,0.13432835820895522,False,0.16346153846153846,-5.551115123125783e-17
YFI,5,30,104,9,9,0.2019230769230769,0.2,0.1057692307692307,0.0327175940773078,0.0049751243781094,True,0.2019230769230769,900,0.2,0.1057692307692307,0.0327175940773078,0.0049751243781094,True,0.0,0.16346153846153846,0.08955223880597014,False,0.20192307692307693,0.009950248756218905,True,0.20192307692307693,-2.7755575615628914e-17
YFI,5,31,104,9,9,0.1634615384615384,0.2,0.104951923076923,0.0384588506501888,0.1044776119402985,False,0.2019230769230769,180,0.5,0.1056730769230769,0.0333085298924924,0.0099502487562189,True,0.0384615384615384,0.16346153846153846,0.08955223880597014,False,0.19230769230769232,0.03980099502487562,True,0.19230769230769232,0.009615384615384581
YFI,5,32,104,9,9,0.1442307692307692,0.2,0.1037980769230769,0.0327360138393987,0.1442786069651741,False,0.1442307692307692,900,0.2,0.1037980769230769,0.0327360138393987,0.1442786069651741,False,0.0,0.16346153846153846,0.08955223880597014,False,0.15384615384615385,0.13432835820895522,False,0.16346153846153846,-0.019230769230769273
YFI,5,33,104,9,9,0.125,0.5,0.1039423076923076,0.0369633556154054,0.2935323383084577,False,0.173076923076923,90,0.2,0.1157692307692307,0.0370192464570572,0.0895522388059701,False,0.048076923076923,0.16346153846153846,0.08955223880597014,False,0.14423076923076922,0.23880597014925373,False,0.16346153846153846,0.009615384615384526
YFI,5,34,104,9,9,0.1634615384615384,0.2,0.1089903846153846,0.0388016166766473,0.1094527363184079,False,0.1634615384615384,225,0.5,0.1070192307692307,0.0350262043126603,0.0895522388059701,False,0.0,0.16346153846153846,0.08955223880597014,False,0.16346153846153846,0.12437810945273632,False,0.16346153846153846,-5.551115123125783e-17
YFI,5,35,104,9,9,0.1442307692307692,0.2,0.1015384615384615,0.0355440643712504,0.1393034825870646,False,0.2019230769230769,225,0.8,0.1060096153846153,0.0329078579839883,0.0099502487562189,True,0.0576923076923077,0.16346153846153846,0.08955223880597014,False,0.18269230769230768,0.05472636815920398,False,0.18269230769230768,0.019230769230769218
YFI,5,36,104,9,9,0.1442307692307692,0.2,0.1050961538461538,0.0374394290439248,0.1840796019900497,False,0.1538461538461538,150,0.2,0.1085576923076923,0.0395759267356497,0.1741293532338308,False,0.0096153846153846,0.16346153846153846,0.08955223880597014,False,0.14423076923076922,0.14925373134328357,False,0.16346153846153846,-0.009615384615384664
YFI,5,37,104,9,9,0.048076923076923,0.2,0.1046153846153846,0.0337322379274037,0.9751243781094528,False,0.1634615384615384,75,0.8,0.1048557692307692,0.0313483962786496,0.0597014925373134,False,0.1153846153846153,0.16346153846153846,0.08955223880597014,False,0.16346153846153846,0.08955223880597014,False,0.16346153846153846,-5.551115123125783e-17
YFI,5,38,104,9,9,0.1153846153846153,0.2,0.1012980769230769,0.0369443397557314,0.3980099502487562,False,0.1826923076923076,60,0.5,0.111875,0.0353282255485994,0.0497512437810945,True,0.0673076923076922,0.16346153846153846,0.08955223880597014,False,0.15384615384615385,0.14427860696517414,False,0.16346153846153846,0.019230769230769135
YFI,6,7,104,9,9,0.0769230769230769,0.5,0.1048557692307692,0.0323261271769529,0.845771144278607,False,0.125,300,0.8,0.1098557692307692,0.0361891207379252,0.3880597014925373,False,0.048076923076923,0.15384615384615385,0.15920398009950248,False,0.10576923076923077,0.572139303482587,False,0.15384615384615385,-0.028846153846153855
YFI,6,8,104,9,9,0.0384615384615384,0.2,0.109326923076923,0.0338662604560397,0.9950248756218906,False,0.1346153846153846,75,0.5,0.1167788461538461,0.0351861722902122,0.3532338308457711,False,0.0961538461538461,0.15384615384615385,0.15920398009950248,False,0.20192307692307693,0.009950248756218905,True,0.20192307692307693,-0.06730769230769232
YFI,6,9,104,9,9,0.0769230769230769,0.8,0.1066826923076923,0.0348171638506851,0.8606965174129353,False,0.1923076923076923,300,0.2,0.1113461538461538,0.0382357112052392,0.0398009950248756,True,0.1153846153846153,0.15384615384615385,0.15920398009950248,False,0.15384615384615385,0.1044776119402985,False,0.15384615384615385,0.038461538461538436
YFI,6,19,104,9,9,0.0769230769230769,0.8,0.108076923076923,0.0386331694337926,0.8059701492537313,False,0.1538461538461538,75,0.8,0.113701923076923,0.0351867004495372,0.1791044776119403,False,0.0769230769230769,0.15384615384615385,0.15920398009950248,False,0.17307692307692307,0.04975124378109453,True,0.17307692307692307,-0.019230769230769273
YFI,6,20,104,9,9,0.0673076923076923,0.2,0.1056730769230769,0.0331407262580257,0.9054726368159204,False,0.1923076923076923,75,0.2,0.1108173076923077,0.0307398859270783,0.0199004975124378,True,0.125,0.15384615384615385,0.15920398009950248,False,0.17307692307692307,0.06467661691542288,False,0.17307692307692307,0.019230769230769218
YFI,6,21,104,9,9,0.0673076923076923,0.2,0.105576923076923,0.0349418739398583,0.900497512437811,False,0.1634615384615384,75,0.8,0.1125,0.0362220035404377,0.1194029850746268,False,0.0961538461538461,0.15384615384615385,0.15920398009950248,False,0.18269230769230768,0.03482587064676617,True,0.18269230769230768,-0.019230769230769273
YFI,6,22,104,9,9,0.1057692307692307,0.2,0.1050961538461538,0.0317301103350783,0.5522388059701493,False,0.173076923076923,75,0.8,0.1127403846153846,0.0371457565235462,0.0696517412935323,False,0.0673076923076923,0.15384615384615385,0.15920398009950248,False,0.14423076923076922,0.15920398009950248,False,0.15384615384615385,0.019230769230769135
YFI,6,23,104,9,9,0.0961538461538461,0.2,0.1103846153846153,0.032273805557607,0.7263681592039801,False,0.1538461538461538,75,0.5,0.111201923076923,0.036535886579461,0.1492537313432835,False,0.0576923076923076,0.15384615384615385,0.15920398009950248,False,0.10576923076923077,0.5472636815920398,False,0.15384615384615385,-5.551115123125783e-17
YFI,6,24,104,9,9,0.0769230769230769,0.2,0.1034134615384615,0.0326678195081557,0.835820895522388,False,0.173076923076923,300,0.8,0.1076442307692307,0.0332765377931692,0.044776119402985,True,0.0961538461538461,0.15384615384615385,0.15920398009950248,False,0.20192307692307693,0.01990049751243781,True,0.20192307692307693,-0.028846153846153938
YFI,6,25,104,9,9,0.0384615384615384,0.5,0.1053846153846153,0.0369312901572551,0.9751243781094528,False,0.125,60,0.8,0.1154807692307692,0.0355486389726251,0.4626865671641791,False,0.0865384615384615,0.15384615384615385,0.15920398009950248,False,0.14423076923076922,0.21890547263681592,False,0.15384615384615385,-0.028846153846153855
YFI,6,26,104,9,9,0.048076923076923,0.2,0.1094230769230769,0.0360620890245587,0.9800995024875622,False,0.1826923076923076,60,0.8,0.116826923076923,0.0372308664666634,0.0696517412935323,False,0.1346153846153846,0.15384615384615385,0.15920398009950248,False,0.18269230769230768,0.05970149253731343,False,0.18269230769230768,-8.326672684688674e-17
YFI,6,27,104,9,9,0.0769230769230769,0.2,0.1074038461538461,0.0315774634628116,0.9104477611940298,False,0.1442307692307692,75,0.8,0.111875,0.0367337251424873,0.2288557213930348,False,0.0673076923076922,0.15384615384615385,0.15920398009950248,False,0.17307692307692307,0.08955223880597014,False,0.17307692307692307,-0.028846153846153882
YFI,6,28,104,9,9,0.0865384615384615,0.5,0.1102403846153846,0.0354162275703446,0.7960199004975125,False,0.1538461538461538,75,0.8,0.1154807692307692,0.0396392692792875,0.2238805970149253,False,0.0673076923076923,0.15384615384615385,0.15920398009950248,False,0.1346153846153846,0.30845771144278605,False,0.15384615384615385,-5.551115123125783e-17
YFI,6,29,104,9,9,0.0384615384615384,0.2,0.1066826923076923,0.0335809096989473,0.9800995024875622,False,0.1538461538461538,60,0.2,0.1151923076923077,0.0352199914982365,0.1741293532338308,False,0.1153846153846153,0.15384615384615385,0.15920398009950248,False,0.15384615384615385,0.13432835820895522,False,0.15384615384615385,-5.551115123125783e-17
YFI,6,30,104,9,9,0.125,0.2,0.106875,0.0355772169045211,0.3233830845771144,False,0.1442307692307692,75,0.2,0.111875,0.0366577597446839,0.208955223880597,False,0.0192307692307692,0.15384615384615385,0.15920398009950248,False,0.20192307692307693,0.009950248756218905,True,0.20192307692307693,-0.05769230769230774
YFI,6,31,104,9,9,0.1153846153846153,0.5,0.1066826923076923,0.0354387838834794,0.4427860696517413,False,0.1923076923076923,180,0.8,0.1076442307692307,0.0353876180953991,0.0199004975124378,True,0.0769230769230769,0.15384615384615385,0.15920398009950248,False,0.19230769230769232,0.03980099502487562,True,0.19230769230769232,-2.7755575615628914e-17
YFI,6,32,104,9,9,0.0576923076923076,0.2,0.1058653846153846,0.0318540348580354,0.9552238805970148,False,0.173076923076923,100,0.2,0.1155288461538461,0.0369267295718578,0.0895522388059701,False,0.1153846153846153,0.15384615384615385,0.15920398009950248,False,0.15384615384615385,0.13432835820895522,False,0.15384615384615385,0.019230769230769135
YFI,6,33,104,9,9,0.0865384615384615,0.5,0.1059615384615384,0.0367436207195778,0.7512437810945274,False,0.1634615384615384,75,0.5,0.1122596153846153,0.03657858837654,0.0796019900497512,False,0.0769230769230769,0.15384615384615385,0.15920398009950248,False,0.14423076923076922,0.23880597014925373,False,0.15384615384615385,0.009615384615384553
YFI,6,34,104,9,9,0.0865384615384615,0.8,0.1097596153846153,0.0345314973203714,0.7761194029850746,False,0.1346153846153846,75,0.2,0.1116346153846153,0.0358453838522674,0.3034825870646766,False,0.048076923076923,0.15384615384615385,0.15920398009950248,False,0.16346153846153846,0.12437810945273632,False,0.16346153846153846,-0.028846153846153855
YFI,6,35,104,9,9,0.0961538461538461,0.2,0.1065384615384615,0.0361624396600046,0.6069651741293532,False,0.1923076923076923,60,0.8,0.1141826923076923,0.031926114150345,0.0149253731343283,True,0.0961538461538461,0.15384615384615385,0.15920398009950248,False,0.18269230769230768,0.05472636815920398,False,0.18269230769230768,0.009615384615384609
YFI,6,36,104,9,9,0.1153846153846153,0.2,0.1057692307692307,0.0387623528237368,0.4427860696517413,False,0.125,75,0.2,0.110576923076923,0.034053551587533,0.3830845771144278,False,0.0096153846153846,0.15384615384615385,0.15920398009950248,False,0.14423076923076922,0.14925373134328357,False,0.15384615384615385,-0.028846153846153855
YFI,6,37,104,9,9,0.0673076923076923,0.2,0.1063461538461538,0.0323411068391172,0.9303482587064676,False,0.1538461538461538,75,0.8,0.1060576923076923,0.033612888545202,0.1194029850746268,False,0.0865384615384615,0.15384615384615385,0.15920398009950248,False,0.16346153846153846,0.08955223880597014,False,0.16346153846153846,-0.009615384615384664
YFI,6,38,104,9,9,0.0288461538461538,0.2,0.1048557692307692,0.0352020136228805,0.9950248756218906,False,0.173076923076923,60,0.5,0.1121634615384615,0.0371875081598001,0.0796019900497512,False,0.1442307692307692,0.15384615384615385,0.15920398009950248,False,0.15384615384615385,0.14427860696517414,False,0.15384615384615385,0.019230769230769135
YFI,7,8,104,9,9,0.0865384615384615,0.2,0.1075,0.0334028271656229,0.7810945273631841,False,0.1346153846153846,225,0.5,0.106826923076923,0.031836527669769,0.2338308457711442,False,0.048076923076923,0.10576923076923077,0.572139303482587,False,0.20192307692307693,0.009950248756218905,True,0.20192307692307693,-0.06730769230769232
YFI,7,9,104,9,9,0.0673076923076923,0.5,0.1045192307692307,0.0338662604560397,0.8855721393034826,False,0.1538461538461538,300,0.2,0.1126923076923077,0.035511633171564,0.1393034825870646,False,0.0865384615384615,0.10576923076923077,0.572139303482587,False,0.15384615384615385,0.1044776119402985,False,0.15384615384615385,-5.551115123125783e-17
YFI,7,19,104,9,9,0.0865384615384615,0.2,0.1067788461538461,0.0350140984679414,0.7611940298507462,False,0.125,75,0.5,0.1154807692307692,0.0354177033496619,0.4129353233830846,False,0.0384615384615384,0.10576923076923077,0.572139303482587,False,0.17307692307692307,0.04975124378109453,True,0.17307692307692307,-0.04807692307692307
YFI,7,20,104,9,9,0.0673076923076923,0.2,0.1021153846153846,0.0360620890245587,0.8905472636815921,False,0.125,60,0.2,0.1140865384615384,0.0310667256588549,0.3781094527363184,False,0.0576923076923076,0.10576923076923077,0.572139303482587,False,0.17307692307692307,0.06467661691542288,False,0.17307692307692307,-0.04807692307692307
YFI,7,21,104,9,9,0.1057692307692307,0.5,0.1045192307692307,0.0349199279890311,0.5373134328358209,False,0.1634615384615384,450,0.5,0.107451923076923,0.0362788764345465,0.0845771144278607,False,0.0576923076923076,0.10576923076923077,0.572139303482587,False,0.18269230769230768,0.03482587064676617,True,0.18269230769230768,-0.019230769230769273
YFI,7,22,104,9,9,0.0961538461538461,0.2,0.1051442307692307,0.0330155451581034,0.6666666666666666,False,0.125,100,0.2,0.1114423076923077,0.036224440491277,0.3980099502487562,False,0.0288461538461538,0.10576923076923077,0.572139303482587,False,0.14423076923076922,0.15920398009950248,False,0.14423076923076922,-0.019230769230769218
YFI,7,23,104,9,9,0.1057692307692307,0.2,0.1066346153846153,0.0373733526901543,0.5373134328358209,False,0.1057692307692307,900,0.2,0.1066346153846153,0.0373733526901543,0.5373134328358209,False,0.0,0.10576923076923077,0.572139303482587,False,0.10576923076923077,0.5472636815920398,False,0.10576923076923077,-6.938893903907228e-17
YFI,7,24,104,9,9,0.125,0.2,0.1054807692307692,0.0362208491380766,0.3134328358208955,False,0.1442307692307692,150,0.8,0.1073557692307692,0.0355589296739588,0.1791044776119403,False,0.0192307692307692,0.10576923076923077,0.572139303482587,False,0.20192307692307693,0.01990049751243781,True,0.20192307692307693,-0.05769230769230774
YFI,7,25,104,9,9,0.0961538461538461,0.2,0.108125,0.0367883230992129,0.6766169154228856,False,0.1057692307692307,60,0.5,0.1167307692307692,0.0352474189375912,0.6666666666666666,False,0.0096153846153846,0.10576923076923077,0.572139303482587,False,0.14423076923076922,0.21890547263681592,False,0.14423076923076922,-0.03846153846153852
YFI,7,26,104,9,9,0.0961538461538461,0.2,0.1045192307692307,0.0338662604560397,0.6069651741293532,False,0.1346153846153846,100,0.8,0.11,0.0358045326252188,0.263681592039801,False,0.0384615384615384,0.10576923076923077,0.572139303482587,False,0.18269230769230768,0.05970149253731343,False,0.18269230769230768,-0.04807692307692307
YFI,7,27,104,9,9,0.0865384615384615,0.2,0.1065865384615384,0.037467556808235,0.746268656716418,False,0.1153846153846153,100,0.2,0.1113942307692307,0.036328019652794,0.4925373134328358,False,0.0288461538461538,0.10576923076923077,0.572139303482587,False,0.17307692307692307,0.08955223880597014,False,0.17307692307692307,-0.05769230769230778
YFI,7,28,104,9,9,0.0961538461538461,0.8,0.1123557692307692,0.0375888812679344,0.7014925373134329,False,0.1153846153846153,300,0.2,0.1141346153846153,0.0356311421492855,0.5422885572139303,False,0.0192307692307692,0.10576923076923077,0.572139303482587,False,0.1346153846153846,0.30845771144278605,False,0.1346153846153846,-0.019230769230769315
YFI,7,29,104,9,9,0.1057692307692307,0.5,0.1069711538461538,0.0354694479283854,0.527363184079602,False,0.1346153846153846,75,0.2,0.1140384615384615,0.0367319860276841,0.3184079601990049,False,0.0288461538461538,0.10576923076923077,0.572139303482587,False,0.15384615384615385,0.13432835820895522,False,0.15384615384615385,-0.019230769230769246
YFI,7,30,104,9,9,0.1153846153846153,0.2,0.1049038461538461,0.0354596553519898,0.4378109452736318,False,0.1153846153846153,180,0.8,0.1101923076923076,0.0325729990576587,0.4378109452736318,False,0.0,0.10576923076923077,0.572139303482587,False,0.20192307692307693,0.009950248756218905,True,0.20192307692307693,-0.08653846153846163
YFI,7,31,104,9,9,0.1634615384615384,0.5,0.1067307692307692,0.0400475097710576,0.1194029850746268,False,0.173076923076923,225,0.5,0.1123076923076923,0.0322132872558645,0.0497512437810945,True,0.0096153846153846,0.10576923076923077,0.572139303482587,False,0.19230769230769232,0.03980099502487562,True,0.19230769230769232,-0.01923076923076933
YFI,7,32,104,9,9,0.0769230769230769,0.2,0.1048076923076923,0.0372339860666912,0.8059701492537313,False,0.1057692307692307,100,0.2,0.1111057692307692,0.0349383834606742,0.5970149253731343,False,0.0288461538461538,0.10576923076923077,0.572139303482587,False,0.15384615384615385,0.13432835820895522,False,0.15384615384615385,-0.048076923076923156
YFI,7,33,104,9,9,0.1442307692307692,0.8,0.1083173076923077,0.0358802003128991,0.1940298507462686,False,0.1442307692307692,900,0.8,0.1083173076923077,0.0358802003128991,0.1940298507462686,False,0.0,0.10576923076923077,0.572139303482587,False,0.14423076923076922,0.23880597014925373,False,0.14423076923076922,-2.7755575615628914e-17
YFI,7,34,104,9,9,0.0961538461538461,0.2,0.1081730769230769,0.0357540201915597,0.6766169154228856,False,0.1634615384615384,450,0.5,0.1069230769230769,0.0356474374063938,0.0845771144278607,False,0.0673076923076923,0.10576923076923077,0.572139303482587,False,0.16346153846153846,0.12437810945273632,False,0.16346153846153846,-5.551115123125783e-17
YFI,7,35,104,9,9,0.0961538461538461,0.2,0.1036538461538461,0.0361983951079473,0.6069651741293532,False,0.1826923076923076,90,0.2,0.1125961538461538,0.0339523045940023,0.0398009950248756,True,0.0865384615384615,0.10576923076923077,0.572139303482587,False,0.18269230769230768,0.05472636815920398,False,0.18269230769230768,-8.326672684688674e-17
YFI,7,36,104,9,9,0.1153846153846153,0.5,0.1041826923076923,0.0367286656707557,0.4129353233830846,False,0.1153846153846153,75,0.2,0.1108173076923077,0.0318969961013978,0.5074626865671642,False,0.0,0.10576923076923077,0.572139303482587,False,0.14423076923076922,0.14925373134328357,False,0.14423076923076922,-0.028846153846153924
YFI,7,37,104,9,9,0.0384615384615384,0.2,0.1025,0.0331470342249538,1.0,False,0.1346153846153846,90,0.8,0.1092307692307692,0.0357577883614669,0.2835820895522388,False,0.0961538461538461,0.10576923076923077,0.572139303482587,False,0.16346153846153846,0.08955223880597014,False,0.16346153846153846,-0.028846153846153855
YFI,7,38,104,9,9,0.0673076923076923,0.2,0.103125,0.0366547178541205,0.845771144278607,False,0.1346153846153846,60,0.2,0.1114423076923077,0.0329889732014911,0.2736318407960199,False,0.0673076923076923,0.10576923076923077,0.572139303482587,False,0.15384615384615385,0.14427860696517414,False,0.15384615384615385,-0.019230769230769246
YFI,8,9,104,9,9,0.0961538461538461,0.2,0.1088942307692307,0.0361955392403013,0.681592039800995,False,0.1538461538461538,225,0.5,0.1042307692307692,0.0344932992895117,0.099502487562189,False,0.0576923076923076,0.20192307692307693,0.009950248756218905,True,0.15384615384615385,0.1044776119402985,False,0.20192307692307693,-0.04807692307692313
YFI,8,19,104,9,9,0.0865384615384615,0.5,0.1095192307692307,0.0348996989009709,0.7860696517412935,False,0.173076923076923,60,0.2,0.1101442307692307,0.0367162670185095,0.0696517412935323,False,0.0865384615384615,0.20192307692307693,0.009950248756218905,True,0.17307692307692307,0.04975124378109453,True,0.20192307692307693,-0.028846153846153938
YFI,8,20,104,9,9,0.0961538461538461,0.2,0.1050961538461538,0.0340332170740706,0.6666666666666666,False,0.2211538461538461,60,0.5,0.1124038461538461,0.0349874508653852,0.0049751243781094,True,0.1249999999999999,0.20192307692307693,0.009950248756218905,True,0.17307692307692307,0.06467661691542288,False,0.20192307692307693,0.019230769230769162
YFI,8,21,104,9,9,0.0769230769230769,0.2,0.1063942307692307,0.0370347741453989,0.8308457711442786,False,0.1826923076923076,150,0.5,0.1053365384615384,0.0366466049115294,0.044776119402985,True,0.1057692307692307,0.20192307692307693,0.009950248756218905,True,0.18269230769230768,0.03482587064676617,True,0.20192307692307693,-0.01923076923076933
YFI,8,22,104,9,9,0.1442307692307692,0.2,0.1076923076923076,0.0371965335984704,0.2039800995024875,False,0.1923076923076923,60,0.2,0.1126442307692307,0.0349607165055532,0.0199004975124378,True,0.0480769230769231,0.20192307692307693,0.009950248756218905,True,0.14423076923076922,0.15920398009950248,False,0.20192307692307693,-0.009615384615384637
YFI,8,23,104,9,9,0.1442307692307692,0.2,0.1096153846153846,0.0373834207250248,0.208955223880597,False,0.1826923076923076,60,0.8,0.1108173076923077,0.0333635458154382,0.0248756218905472,True,0.0384615384615384,0.20192307692307693,0.009950248756218905,True,0.10576923076923077,0.5472636815920398,False,0.20192307692307693,-0.01923076923076933
YFI,8,24,104,9,9,0.1057692307692307,0.8,0.1057211538461538,0.0372027470739547,0.5522388059701493,False,0.2019230769230769,300,0.2,0.1048076923076923,0.0361192458765458,0.0099502487562189,True,0.0961538461538461,0.20192307692307693,0.009950248756218905,True,0.20192307692307693,0.01990049751243781,True,0.20192307692307693,-2.7755575615628914e-17
YFI,8,25,104,9,9,0.0769230769230769,0.2,0.1074038461538461,0.0353536307005498,0.8606965174129353,False,0.1346153846153846,75,0.2,0.1120673076923077,0.0336085688576162,0.2885572139303483,False,0.0576923076923076,0.20192307692307693,0.009950248756218905,True,0.14423076923076922,0.21890547263681592,False,0.20192307692307693,-0.06730769230769232
YFI,8,26,104,9,9,0.0769230769230769,0.8,0.1100480769230769,0.0375161336746864,0.8507462686567164,False,0.1826923076923076,300,0.2,0.1085576923076923,0.03518871398424,0.0348258706467661,True,0.1057692307692307,0.20192307692307693,0.009950248756218905,True,0.18269230769230768,0.05970149253731343,False,0.20192307692307693,-0.01923076923076933
YFI,8,27,104,9,9,0.1153846153846153,0.5,0.1098076923076923,0.0337707808884923,0.4975124378109453,False,0.1826923076923076,60,0.8,0.1170192307692307,0.0336018290361233,0.0348258706467661,True,0.0673076923076922,0.20192307692307693,0.009950248756218905,True,0.17307692307692307,0.08955223880597014,False,0.20192307692307693,-0.01923076923076933
YFI,8,28,104,9,9,0.125,0.2,0.1115865384615384,0.0344320605653028,0.3681592039800995,False,0.1442307692307692,225,0.2,0.113125,0.0350880612165077,0.2039800995024875,False,0.0192307692307692,0.20192307692307693,0.009950248756218905,True,0.1346153846153846,0.30845771144278605,False,0.20192307692307693,-0.05769230769230774
YFI,8,29,104,9,9,0.0961538461538461,0.2,0.104951923076923,0.0357023627232578,0.681592039800995,False,0.1538461538461538,90,0.5,0.1128846153846154,0.0370618927715573,0.1691542288557214,False,0.0576923076923076,0.20192307692307693,0.009950248756218905,True,0.15384615384615385,0.13432835820895522,False,0.20192307692307693,-0.04807692307692313
YFI,8,30,104,9,9,0.1153846153846153,0.2,0.1049038461538461,0.0351305721854688,0.4079601990049751,False,0.1634615384615384,60,0.8,0.1116346153846153,0.0356895098989428,0.0895522388059701,False,0.048076923076923,0.20192307692307693,0.009950248756218905,True,0.20192307692307693,0.009950248756218905,True,0.20192307692307693,-0.03846153846153852
YFI,8,31,104,9,9,0.1826923076923076,0.5,0.1022596153846153,0.0366957621009755,0.0298507462686567,True,0.1923076923076923,180,0.8,0.105576923076923,0.0345944402556444,0.0149253731343283,True,0.0096153846153846,0.20192307692307693,0.009950248756218905,True,0.19230769230769232,0.03980099502487562,True,0.20192307692307693,-0.009615384615384637
YFI,8,32,104,9,9,0.1057692307692307,0.2,0.1052403846153846,0.0342738257092822,0.527363184079602,False,0.1538461538461538,100,0.5,0.1152403846153846,0.0344533733368275,0.1791044776119403,False,0.048076923076923,0.20192307692307693,0.009950248756218905,True,0.15384615384615385,0.13432835820895522,False,0.20192307692307693,-0.04807692307692313
YFI,8,33,104,9,9,0.1153846153846153,0.5,0.1059134615384615,0.0372898139090709,0.4527363184079602,False,0.1538461538461538,60,0.2,0.1119230769230769,0.0358745348195723,0.1492537313432835,False,0.0384615384615384,0.20192307692307693,0.009950248756218905,True,0.14423076923076922,0.23880597014925373,False,0.20192307692307693,-0.04807692307692313
YFI,8,34,104,9,9,0.1057692307692307,0.5,0.1110576923076923,0.0384947431079203,0.5771144278606966,False,0.1634615384615384,60,0.8,0.1148076923076923,0.0391990556764355,0.1442786069651741,False,0.0576923076923076,0.20192307692307693,0.009950248756218905,True,0.16346153846153846,0.12437810945273632,False,0.20192307692307693,-0.03846153846153852
YFI,8,35,104,9,9,0.1442307692307692,0.2,0.1048557692307692,0.034870499100271,0.1442786069651741,False,0.1923076923076923,100,0.5,0.1107211538461538,0.03539129400133,0.0298507462686567,True,0.0480769230769231,0.20192307692307693,0.009950248756218905,True,0.18269230769230768,0.05472636815920398,False,0.20192307692307693,-0.009615384615384637
YFI,8,36,104,9,9,0.1346153846153846,0.2,0.1036057692307692,0.0340185727952455,0.2288557213930348,False,0.1634615384615384,150,0.5,0.1050480769230769,0.0344460907083196,0.0796019900497512,False,0.0288461538461538,0.20192307692307693,0.009950248756218905,True,0.14423076923076922,0.14925373134328357,False,0.20192307692307693,-0.03846153846153852
YFI,8,37,104,9,9,0.0769230769230769,0.2,0.106201923076923,0.0311506590566269,0.8955223880597015,False,0.1634615384615384,75,0.2,0.108701923076923,0.0332555884651589,0.0796019900497512,False,0.0865384615384615,0.20192307692307693,0.009950248756218905,True,0.16346153846153846,0.08955223880597014,False,0.20192307692307693,-0.03846153846153852
YFI,8,38,104,9,9,0.1057692307692307,0.2,0.1069230769230769,0.0389484066816533,0.5472636815920398,False,0.1826923076923076,60,0.5,0.1120673076923077,0.0350034816803041,0.0298507462686567,True,0.0769230769230769,0.20192307692307693,0.009950248756218905,True,0.15384615384615385,0.14427860696517414,False,0.20192307692307693,-0.01923076923076933
YFI,9,19,104,9,9,0.1153846153846153,0.5,0.1085576923076923,0.037945783356029,0.4975124378109453,False,0.173076923076923,150,0.2,0.1111057692307692,0.0391048050405455,0.0895522388059701,False,0.0576923076923076,0.15384615384615385,0.1044776119402985,False,0.17307692307692307,0.04975124378109453,True,0.17307692307692307,-8.326672684688674e-17
YFI,9,20,104,9,9,0.2019230769230769,0.5,0.1023557692307692,0.0364635864872634,0.0099502487562189,True,0.2019230769230769,900,0.5,0.1023557692307692,0.0364635864872634,0.0099502487562189,True,0.0,0.15384615384615385,0.1044776119402985,False,0.17307692307692307,0.06467661691542288,False,0.17307692307692307,0.028846153846153827
YFI,9,21,104,9,9,0.1346153846153846,0.2,0.1092307692307692,0.0369715247156053,0.2985074626865671,False,0.1826923076923076,150,0.2,0.1065384615384615,0.0345863813554824,0.0248756218905472,True,0.048076923076923,0.15384615384615385,0.1044776119402985,False,0.18269230769230768,0.03482587064676617,True,0.18269230769230768,-8.326672684688674e-17
YFI,9,22,104,9,9,0.1538461538461538,0.5,0.1064903846153846,0.0334747637358645,0.1243781094527363,False,0.1634615384615384,225,0.2,0.1073557692307692,0.0357023627232578,0.0895522388059701,False,0.0096153846153846,0.15384615384615385,0.1044776119402985,False,0.14423076923076922,0.15920398009950248,False,0.15384615384615385,0.009615384615384553
YFI,9,23,104,9,9,0.1442307692307692,0.8,0.1061057692307692,0.0379798976526066,0.1890547263681592,False,0.1538461538461538,225,0.8,0.1065865384615384,0.033776524151356,0.1194029850746268,False,0.0096153846153846,0.15384615384615385,0.1044776119402985,False,0.10576923076923077,0.5472636815920398,False,0.15384615384615385,-5.551115123125783e-17
YFI,9,24,104,9,9,0.2019230769230769,0.8,0.1061538461538461,0.0325872593176287,0.0099502487562189,True,0.25,300,0.5,0.106826923076923,0.0330255700733759,0.0049751243781094,True,0.048076923076923,0.15384615384615385,0.1044776119402985,False,0.20192307692307693,0.01990049751243781,True,0.20192307692307693,0.04807692307692307
YFI,9,25,104,9,9,0.0961538461538461,0.2,0.1073557692307692,0.0372686272566095,0.6268656716417911,False,0.1346153846153846,75,0.8,0.1141346153846153,0.0370627702683717,0.3532338308457711,False,0.0384615384615384,0.15384615384615385,0.1044776119402985,False,0.14423076923076922,0.21890547263681592,False,0.15384615384615385,-0.019230769230769246
YFI,9,26,104,9,9,0.1153846153846153,0.2,0.1044711538461538,0.0372049949099445,0.417910447761194,False,0.1442307692307692,450,0.5,0.1092307692307692,0.0375079902878649,0.2039800995024875,False,0.0288461538461538,0.15384615384615385,0.1044776119402985,False,0.18269230769230768,0.05970149253731343,False,0.18269230769230768,-0.03846153846153849
YFI,9,27,104,9,9,0.125,0.5,0.1078365384615384,0.0357166743478396,0.3532338308457711,False,0.1538461538461538,60,0.2,0.1161057692307692,0.0381941018582496,0.1840796019900497,False,0.0288461538461538,0.15384615384615385,0.1044776119402985,False,0.17307692307692307,0.08955223880597014,False,0.17307692307692307,-0.019230769230769273
YFI,9,28,104,9,9,0.1057692307692307,0.2,0.1078846153846153,0.0359795410001394,0.5771144278606966,False,0.1538461538461538,225,0.2,0.1132211538461538,0.0344932656162078,0.1741293532338308,False,0.048076923076923,0.15384615384615385,0.1044776119402985,False,0.1346153846153846,0.30845771144278605,False,0.15384615384615385,-5.551115123125783e-17
YFI,9,29,104,9,9,0.1538461538461538,0.8,0.1058653846153846,0.0379629208256752,0.1393034825870646,False,0.1634615384615384,300,0.2,0.110625,0.0387743069009678,0.1343283582089552,False,0.0096153846153846,0.15384615384615385,0.1044776119402985,False,0.15384615384615385,0.13432835820895522,False,0.15384615384615385,0.009615384615384553
YFI,9,30,104,9,9,0.2019230769230769,0.2,0.1058173076923077,0.0319633465462341,0.0099502487562189,True,0.2019230769230769,900,0.2,0.1058173076923077,0.0319633465462341,0.0099502487562189,True,0.0,0.15384615384615385,0.1044776119402985,False,0.20192307692307693,0.009950248756218905,True,0.20192307692307693,-2.7755575615628914e-17
YFI,9,31,104,9,9,0.1346153846153846,0.5,0.1060576923076923,0.0369573218900306,0.2587064676616915,False,0.1923076923076923,450,0.5,0.1066346153846154,0.0345437722927932,0.0099502487562189,True,0.0576923076923077,0.15384615384615385,0.1044776119402985,False,0.19230769230769232,0.03980099502487562,True,0.19230769230769232,-2.7755575615628914e-17
YFI,9,32,104,9,9,0.1442307692307692,0.8,0.1071634615384615,0.0373634995488918,0.1990049751243781,False,0.1634615384615384,300,0.2,0.1115384615384615,0.033971593462479,0.0945273631840796,False,0.0192307692307692,0.15384615384615385,0.1044776119402985,False,0.15384615384615385,0.13432835820895522,False,0.15384615384615385,0.009615384615384553
YFI,9,33,104,9,9,0.125,0.5,0.1072596153846154,0.0368337595754082,0.3333333333333333,False,0.1346153846153846,450,0.2,0.1080288461538461,0.0343385601821282,0.2686567164179104,False,0.0096153846153846,0.15384615384615385,0.1044776119402985,False,0.14423076923076922,0.23880597014925373,False,0.15384615384615385,-0.019230769230769246
YFI,9,34,104,9,9,0.1538461538461538,0.2,0.1084615384615384,0.0389674878148191,0.1393034825870646,False,0.2115384615384615,450,0.2,0.107451923076923,0.0332309910813615,0.0099502487562189,True,0.0576923076923076,0.15384615384615385,0.1044776119402985,False,0.16346153846153846,0.12437810945273632,False,0.16346153846153846,0.048076923076923045
YFI,9,35,104,9,9,0.1538461538461538,0.2,0.108125,0.0376989718535425,0.1492537313432835,False,0.1923076923076923,450,0.8,0.108125,0.0375631635295626,0.0248756218905472,True,0.0384615384615384,0.15384615384615385,0.1044776119402985,False,0.18269230769230768,0.05472636815920398,False,0.18269230769230768,0.009615384615384609
YFI,9,36,104,9,9,0.1442307692307692,0.2,0.1082211538461538,0.0350087904765795,0.1940298507462686,False,0.1442307692307692,300,0.8,0.1083653846153846,0.0364229502844662,0.1840796019900497,False,0.0,0.15384615384615385,0.1044776119402985,False,0.14423076923076922,0.14925373134328357,False,0.15384615384615385,-0.009615384615384664
YFI,9,37,104,9,9,0.0769230769230769,0.2,0.10625,0.0337210797838595,0.8308457711442786,False,0.173076923076923,180,0.2,0.1095192307692307,0.0330255700733759,0.0547263681592039,False,0.0961538461538461,0.15384615384615385,0.1044776119402985,False,0.16346153846153846,0.08955223880597014,False,0.16346153846153846,0.009615384615384526
YFI,9,38,104,9,9,0.0673076923076923,0.2,0.1057211538461538,0.0348691667132954,0.9104477611940298,False,0.1442307692307692,225,0.2,0.1061538461538461,0.0362071217566859,0.1791044776119403,False,0.0769230769230769,0.15384615384615385,0.1044776119402985,False,0.15384615384615385,0.14427860696517414,False,0.15384615384615385,-0.009615384615384664
YFI,19,20,104,9,9,0.1442307692307692,0.2,0.1082211538461538,0.0383768576391276,0.1990049751243781,False,0.1634615384615384,150,0.2,0.1086057692307692,0.0321705317680612,0.0746268656716417,False,0.0192307692307692,0.17307692307692307,0.04975124378109453,True,0.17307692307692307,0.06467661691542288,False,0.17307692307692307,-0.009615384615384664
YFI,19,21,104,9,9,0.1057692307692307,0.2,0.1076442307692307,0.0383126406094116,0.5422885572139303,False,0.1634615384615384,150,0.5,0.1096634615384615,0.0314002254295688,0.0796019900497512,False,0.0576923076923076,0.17307692307692307,0.04975124378109453,True,0.18269230769230768,0.03482587064676617,True,0.18269230769230768,-0.019230769230769273
YFI,19,22,104,9,9,0.1057692307692307,0.5,0.1039423076923077,0.0377715210564775,0.527363184079602,False,0.1634615384615384,180,0.2,0.1083173076923077,0.0326533098651395,0.0845771144278607,False,0.0576923076923076,0.17307692307692307,0.04975124378109453,True,0.14423076923076922,0.15920398009950248,False,0.17307692307692307,-0.009615384615384664
YFI,19,23,104,9,9,0.173076923076923,0.8,0.1096153846153846,0.0377667236340738,0.0696517412935323,False,0.2019230769230769,450,0.8,0.104375,0.0360342179741076,0.0199004975124378,True,0.0288461538461538,0.17307692307692307,0.04975124378109453,True,0.10576923076923077,0.5472636815920398,False,0.17307692307692307,0.028846153846153827
YFI,19,24,104,9,9,0.1153846153846153,0.5,0.1019230769230769,0.0364521491892861,0.4029850746268656,False,0.173076923076923,450,0.5,0.103076923076923,0.0354723622534405,0.0298507462686567,True,0.0576923076923076,0.17307692307692307,0.04975124378109453,True,0.20192307692307693,0.01990049751243781,True,0.20192307692307693,-0.028846153846153938
YFI,19,25,104,9,9,0.0576923076923076,0.2,0.1095673076923077,0.0400115007087032,0.9402985074626866,False,0.1346153846153846,75,0.5,0.1108653846153846,0.0358598975180832,0.3134328358208955,False,0.0769230769230769,0.17307692307692307,0.04975124378109453,True,0.14423076923076922,0.21890547263681592,False,0.17307692307692307,-0.038461538461538464
YFI,19,26,104,9,9,0.0961538461538461,0.2,0.1064423076923077,0.0343728078575823,0.6467661691542289,False,0.1634615384615384,450,0.8,0.1028365384615384,0.0369986269149977,0.0796019900497512,False,0.0673076923076923,0.17307692307692307,0.04975124378109453,True,0.18269230769230768,0.05970149253731343,False,0.18269230769230768,-0.019230769230769273
YFI,19,27,104,9,9,0.125,0.5,0.1064423076923077,0.0353588869253617,0.3383084577114428,False,0.1538461538461538,450,0.2,0.106875,0.0372860759628295,0.1293532338308457,False,0.0288461538461538,0.17307692307692307,0.04975124378109453,True,0.17307692307692307,0.08955223880597014,False,0.17307692307692307,-0.019230769230769273
YFI,19,28,104,9,9,0.1153846153846153,0.2,0.1104326923076923,0.0387261085407429,0.4825870646766169,False,0.1442307692307692,60,0.2,0.1154807692307692,0.0381216865646089,0.2985074626865671,False,0.0288461538461538,0.17307692307692307,0.04975124378109453,True,0.1346153846153846,0.30845771144278605,False,0.17307692307692307,-0.028846153846153882
YFI,19,29,104,9,9,0.0865384615384615,0.2,0.1079807692307692,0.0353746509137473,0.7761194029850746,False,0.1346153846153846,90,0.2,0.1110096153846154,0.0352837472059746,0.2786069651741293,False,0.048076923076923,0.17307692307692307,0.04975124378109453,True,0.15384615384615385,0.13432835820895522,False,0.17307692307692307,-0.038461538461538464
YFI,19,30,104,9,9,0.1634615384615384,0.2,0.1073557692307692,0.036257611609992,0.0796019900497512,False,0.1634615384615384,900,0.2,0.1073557692307692,0.036257611609992,0.0796019900497512,False,0.0,0.17307692307692307,0.04975124378109453,True,0.20192307692307693,0.009950248756218905,True,0.20192307692307693,-0.03846153846153852
YFI,19,31,104,9,9,0.1923076923076923,0.2,0.1057692307692307,0.0360935107497469,0.0248756218905472,True,0.1923076923076923,900,0.2,0.1057692307692307,0.0360935107497469,0.0248756218905472,True,0.0,0.17307692307692307,0.04975124378109453,True,0.19230769230769232,0.03980099502487562,True,0.19230769230769232,-2.7755575615628914e-17
YFI,19,32,104,9,9,0.1442307692307692,0.5,0.1067307692307692,0.0363500421282406,0.1641791044776119,False,0.1442307692307692,100,0.2,0.1111538461538461,0.0378237612139844,0.2288557213930348,False,0.0,0.17307692307692307,0.04975124378109453,True,0.15384615384615385,0.13432835820895522,False,0.17307692307692307,-0.028846153846153882
YFI,19,33,104,9,9,0.1346153846153846,0.8,0.1067788461538461,0.0366225090254049,0.2736318407960199,False,0.1346153846153846,100,0.2,0.1099038461538461,0.0381036450649876,0.2835820895522388,False,0.0,0.17307692307692307,0.04975124378109453,True,0.14423076923076922,0.23880597014925373,False,0.17307692307692307,-0.038461538461538464
YFI,19,34,104,9,9,0.1538461538461538,0.5,0.1113942307692307,0.0350655442871254,0.154228855721393,False,0.1634615384615384,450,0.2,0.1075961538461538,0.0339495676967923,0.0845771144278607,False,0.0096153846153846,0.17307692307692307,0.04975124378109453,True,0.16346153846153846,0.12437810945273632,False,0.17307692307692307,-0.009615384615384664
YFI,19,35,104,9,9,0.1346153846153846,0.2,0.105,0.0345056888341913,0.2736318407960199,False,0.1826923076923076,180,0.5,0.1053365384615384,0.0356961158525054,0.0348258706467661,True,0.048076923076923,0.17307692307692307,0.04975124378109453,True,0.18269230769230768,0.05472636815920398,False,0.18269230769230768,-8.326672684688674e-17
YFI,19,36,104,9,9,0.173076923076923,0.5,0.1045192307692307,0.0371253949620309,0.0547263681592039,False,0.173076923076923,900,0.5,0.1045192307692307,0.0371253949620309,0.0547263681592039,False,0.0,0.17307692307692307,0.04975124378109453,True,0.14423076923076922,0.14925373134328357,False,0.17307692307692307,-8.326672684688674e-17
YFI,19,37,104,9,9,0.1057692307692307,0.2,0.1095192307692307,0.0330396349994306,0.6019900497512438,False,0.173076923076923,60,0.8,0.1125,0.0379508029877443,0.0746268656716417,False,0.0673076923076923,0.17307692307692307,0.04975124378109453,True,0.16346153846153846,0.08955223880597014,False,0.17307692307692307,-8.326672684688674e-17
YFI,19,38,104,9,9,0.1057692307692307,0.2,0.1048557692307692,0.0366123586448149,0.5174129353233831,False,0.1538461538461538,60,0.2,0.1054326923076923,0.0384419342674082,0.1343283582089552,False,0.048076923076923,0.17307692307692307,0.04975124378109453,True,0.15384615384615385,0.14427860696517414,False,0.17307692307692307,-0.019230769230769273
YFI,20,21,104,9,9,0.125,0.8,0.105,0.0354487788200928,0.3383084577114428,False,0.1826923076923076,450,0.2,0.1089423076923077,0.0353141840772011,0.0497512437810945,True,0.0576923076923076,0.17307692307692307,0.06467661691542288,False,0.18269230769230768,0.03482587064676617,True,0.18269230769230768,-8.326672684688674e-17
YFI,20,22,104,9,9,0.1057692307692307,0.2,0.1070192307692307,0.0350129374135917,0.5870646766169154,False,0.173076923076923,60,0.5,0.1115865384615384,0.0347944716129504,0.0696517412935323,False,0.0673076923076923,0.17307692307692307,0.06467661691542288,False,0.14423076923076922,0.15920398009950248,False,0.17307692307692307,-8.326672684688674e-17
YFI,20,23,104,9,9,0.1538461538461538,0.2,0.1087980769230769,0.0341703761729707,0.1194029850746268,False,0.1634615384615384,150,0.8,0.1095673076923077,0.0372825868748821,0.0796019900497512,False,0.0096153846153846,0.17307692307692307,0.06467661691542288,False,0.10576923076923077,0.5472636815920398,False,0.17307692307692307,-0.009615384615384664
YFI,20,24,104,9,9,0.1826923076923076,0.5,0.1031730769230769,0.0325140379286324,0.0149253731343283,True,0.1826923076923076,900,0.5,0.1031730769230769,0.0325140379286324,0.0149253731343283,True,0.0,0.17307692307692307,0.06467661691542288,False,0.20192307692307693,0.01990049751243781,True,0.20192307692307693,-0.01923076923076933
YFI,20,25,104,9,9,0.1153846153846153,0.8,0.1039903846153846,0.0376568002784043,0.3880597014925373,False,0.1346153846153846,90,0.8,0.1133653846153846,0.0368399711801511,0.3134328358208955,False,0.0192307692307692,0.17307692307692307,0.06467661691542288,False,0.14423076923076922,0.21890547263681592,False,0.17307692307692307,-0.038461538461538464
YFI,20,26,104,9,9,0.125,0.2,0.1017788461538461,0.0340027266619226,0.263681592039801,False,0.1634615384615384,90,0.5,0.1106730769230769,0.0371714193335635,0.1293532338308457,False,0.0384615384615384,0.17307692307692307,0.06467661691542288,False,0.18269230769230768,0.05970149253731343,False,0.18269230769230768,-0.019230769230769273
YFI,20,27,104,9,9,0.1153846153846153,0.8,0.1047115384615384,0.035454414066407,0.4079601990049751,False,0.173076923076923,90,0.2,0.1086538461538461,0.0356140567185061,0.0597014925373134,False,0.0576923076923076,0.17307692307692307,0.06467661691542288,False,0.17307692307692307,0.08955223880597014,False,0.17307692307692307,-8.326672684688674e-17
YFI,20,28,104,9,9,0.1442307692307692,0.5,0.1069230769230769,0.0373281996248016,0.1691542288557214,False,0.1634615384615384,150,0.2,0.1123076923076923,0.0367157924971134,0.1044776119402985,False,0.0192307692307692,0.17307692307692307,0.06467661691542288,False,0.1346153846153846,0.30845771144278605,False,0.17307692307692307,-0.009615384615384664
YFI,20,29,104,9,9,0.1346153846153846,0.2,0.1057692307692307,0.0346620610438993,0.2288557213930348,False,0.1634615384615384,100,0.2,0.1113461538461538,0.0363162837973978,0.1044776119402985,False,0.0288461538461538,0.17307692307692307,0.06467661691542288,False,0.15384615384615385,0.13432835820895522,False,0.17307692307692307,-0.009615384615384664
YFI,20,30,104,9,9,0.2019230769230769,0.5,0.1057211538461538,0.032993303601983,0.0049751243781094,True,0.2019230769230769,900,0.5,0.1057211538461538,0.032993303601983,0.0049751243781094,True,0.0,0.17307692307692307,0.06467661691542288,False,0.20192307692307693,0.009950248756218905,True,0.20192307692307693,-2.7755575615628914e-17
YFI,20,31,104,9,9,0.125,0.8,0.1056730769230769,0.0386782405085941,0.373134328358209,False,0.2115384615384615,150,0.5,0.1080288461538461,0.0356919506645933,0.0149253731343283,True,0.0865384615384615,0.17307692307692307,0.06467661691542288,False,0.19230769230769232,0.03980099502487562,True,0.19230769230769232,0.01923076923076919
YFI,20,32,104,9,9,0.1153846153846153,0.2,0.10625,0.0354014335840616,0.4129353233830846,False,0.1442307692307692,225,0.2,0.1076923076923077,0.0365030956141329,0.1791044776119403,False,0.0288461538461538,0.17307692307692307,0.06467661691542288,False,0.15384615384615385,0.13432835820895522,False,0.17307692307692307,-0.028846153846153882
YFI,20,33,104,9,9,0.125,0.8,0.110576923076923,0.0370087027384109,0.3681592039800995,False,0.1442307692307692,90,0.8,0.1134615384615384,0.0345008412813564,0.1890547263681592,False,0.0192307692307692,0.17307692307692307,0.06467661691542288,False,0.14423076923076922,0.23880597014925373,False,0.17307692307692307,-0.028846153846153882
YFI,20,34,104,9,9,0.173076923076923,0.8,0.1081730769230769,0.0382161431307451,0.0547263681592039,False,0.1826923076923076,180,0.2,0.1103365384615384,0.0356653861566998,0.0398009950248756,True,0.0096153846153846,0.17307692307692307,0.06467661691542288,False,0.16346153846153846,0.12437810945273632,False,0.17307692307692307,0.009615384615384526
YFI,20,35,104,9,9,0.1153846153846153,0.8,0.1055288461538461,0.0374385293511087,0.4278606965174129,False,0.1826923076923076,90,0.8,0.1104807692307692,0.036054744757763,0.0398009950248756,True,0.0673076923076922,0.17307692307692307,0.06467661691542288,False,0.18269230769230768,0.05472636815920398,False,0.18269230769230768,-8.326672684688674e-17
YFI,20,36,104,9,9,0.125,0.8,0.1054326923076923,0.0377098153903122,0.3582089552238806,False,0.125,90,0.5,0.1105288461538461,0.0370839179256903,0.3233830845771144,False,0.0,0.17307692307692307,0.06467661691542288,False,0.14423076923076922,0.14925373134328357,False,0.17307692307692307,-0.04807692307692307
YFI,20,37,104,9,9,0.0865384615384615,0.2,0.1058653846153846,0.0327600255930556,0.7611940298507462,False,0.1634615384615384,90,0.2,0.1070673076923077,0.0374042628831957,0.0796019900497512,False,0.0769230769230769,0.17307692307692307,0.06467661691542288,False,0.16346153846153846,0.08955223880597014,False,0.17307692307692307,-0.009615384615384664
YFI,20,38,104,9,9,0.0673076923076923,0.2,0.104326923076923,0.0315868784176064,0.9253731343283582,False,0.1538461538461538,60,0.5,0.1066826923076923,0.0360110024992647,0.099502487562189,False,0.0865384615384615,0.17307692307692307,0.06467661691542288,False,0.15384615384615385,0.14427860696517414,False,0.17307692307692307,-0.019230769230769273
YFI,21,22,104,9,9,0.1346153846153846,0.2,0.1069711538461538,0.037790550979865,0.263681592039801,False,0.2019230769230769,150,0.5,0.1053846153846153,0.0349402783354977,0.0149253731343283,True,0.0673076923076923,0.18269230769230768,0.03482587064676617,True,0.14423076923076922,0.15920398009950248,False,0.18269230769230768,0.019230769230769218
YFI,21,23,104,9,9,0.1346153846153846,0.8,0.1052884615384615,0.0373927405624717,0.263681592039801,False,0.2019230769230769,150,0.5,0.1045192307692307,0.0354612275866022,0.0099502487562189,True,0.0673076923076923,0.18269230769230768,0.03482587064676617,True,0.10576923076923077,0.5472636815920398,False,0.18269230769230768,0.019230769230769218
YFI,21,24,104,9,9,0.0769230769230769,0.2,0.1064423076923077,0.0378221643495368,0.8407960199004975,False,0.1923076923076923,180,0.8,0.106826923076923,0.0345921570912142,0.0199004975124378,True,0.1153846153846153,0.18269230769230768,0.03482587064676617,True,0.20192307692307693,0.01990049751243781,True,0.20192307692307693,-0.009615384615384637
YFI,21,25,104,9,9,0.0961538461538461,0.2,0.1094230769230769,0.0366879431666315,0.6567164179104478,False,0.1346153846153846,90,0.2,0.1122596153846153,0.0347147981352124,0.2935323383084577,False,0.0384615384615384,0.18269230769230768,0.03482587064676617,True,0.14423076923076922,0.21890547263681592,False,0.18269230769230768,-0.04807692307692307
YFI,21,26,104,9,9,0.0961538461538461,0.2,0.1052884615384615,0.0370682854869863,0.6169154228855721,False,0.1826923076923076,150,0.5,0.1028846153846153,0.0341761202558456,0.0348258706467661,True,0.0865384615384615,0.18269230769230768,0.03482587064676617,True,0.18269230769230768,0.05970149253731343,False,0.18269230769230768,-8.326672684688674e-17
YFI,21,27,104,9,9,0.0961538461538461,0.2,0.1050961538461538,0.0357638945523108,0.6218905472636815,False,0.1538461538461538,90,0.5,0.1092307692307692,0.0345013799319724,0.1144278606965174,False,0.0576923076923076,0.18269230769230768,0.03482587064676617,True,0.17307692307692307,0.08955223880597014,False,0.18269230769230768,-0.028846153846153882
YFI,21,28,104,9,9,0.0961538461538461,0.2,0.1069230769230769,0.034033899637303,0.6666666666666666,False,0.1634615384615384,450,0.8,0.1142788461538461,0.0353413740909553,0.1194029850746268,False,0.0673076923076923,0.18269230769230768,0.03482587064676617,True,0.1346153846153846,0.30845771144278605,False,0.18269230769230768,-0.019230769230769273
YFI,21,29,104,9,9,0.0961538461538461,0.2,0.1070192307692307,0.0358391619105248,0.6218905472636815,False,0.1538461538461538,150,0.5,0.1088461538461538,0.0339683110243378,0.1343283582089552,False,0.0576923076923076,0.18269230769230768,0.03482587064676617,True,0.15384615384615385,0.13432835820895522,False,0.18269230769230768,-0.028846153846153882
YFI,21,30,104,9,9,0.1826923076923076,0.2,0.1061538461538461,0.0330824960920306,0.0099502487562189,True,0.2115384615384615,450,0.2,0.1071634615384615,0.0346003153536844,0.0099502487562189,True,0.0288461538461538,0.18269230769230768,0.03482587064676617,True,0.20192307692307693,0.009950248756218905,True,0.20192307692307693,0.009615384615384581
YFI,21,31,104,9,9,0.1634615384615384,0.2,0.1075,0.0371185114176675,0.0845771144278607,False,0.2019230769230769,450,0.2,0.1098076923076923,0.0344113084080374,0.0099502487562189,True,0.0384615384615384,0.18269230769230768,0.03482587064676617,True,0.19230769230769232,0.03980099502487562,True,0.19230769230769232,0.009615384615384581
YFI,21,32,104,9,9,0.125,0.2,0.1091826923076923,0.0367301835854525,0.3482587064676617,False,0.1923076923076923,450,0.8,0.1119711538461538,0.0354558227380403,0.0199004975124378,True,0.0673076923076923,0.18269230769230768,0.03482587064676617,True,0.15384615384615385,0.13432835820895522,False,0.18269230769230768,0.009615384615384609
YFI,21,33,104,9,9,0.1057692307692307,0.2,0.1058173076923076,0.0338688326148591,0.5373134328358209,False,0.1923076923076923,450,0.8,0.1094230769230769,0.0339792512516898,0.0248756218905472,True,0.0865384615384615,0.18269230769230768,0.03482587064676617,True,0.14423076923076922,0.23880597014925373,False,0.18269230769230768,0.009615384615384609
YFI,21,34,104,9,9,0.1538461538461538,0.2,0.1098557692307692,0.0367370134254552,0.1343283582089552,False,0.173076923076923,225,0.5,0.1095673076923077,0.0366415334102173,0.0796019900497512,False,0.0192307692307692,0.18269230769230768,0.03482587064676617,True,0.16346153846153846,0.12437810945273632,False,0.18269230769230768,-0.009615384615384692
YFI,21,35,104,9,9,0.125,0.2,0.1038461538461538,0.036426649256687,0.3233830845771144,False,0.2211538461538461,300,0.8,0.1065384615384615,0.0359175054799863,0.0099502487562189,True,0.0961538461538461,0.18269230769230768,0.03482587064676617,True,0.18269230769230768,0.05472636815920398,False,0.18269230769230768,0.03846153846153841
YFI,21,36,104,9,9,0.1442307692307692,0.2,0.1069711538461538,0.0366927233608735,0.208955223880597,False,0.173076923076923,180,0.2,0.1105288461538461,0.035457133080013,0.0597014925373134,False,0.0288461538461538,0.18269230769230768,0.03482587064676617,True,0.14423076923076922,0.14925373134328357,False,0.18269230769230768,-0.009615384615384692
YFI,21,37,104,9,9,0.125,0.2,0.1037980769230769,0.0340439658553806,0.3034825870646766,False,0.1923076923076923,90,0.5,0.1103846153846153,0.034161979237581,0.0298507462686567,True,0.0673076923076923,0.18269230769230768,0.03482587064676617,True,0.16346153846153846,0.08955223880597014,False,0.18269230769230768,0.009615384615384609
YFI,21,38,104,9,9,0.0961538461538461,0.8,0.1047115384615384,0.0357025253875811,0.6218905472636815,False,0.1442307692307692,60,0.8,0.110625,0.0360806041109679,0.208955223880597,False,0.048076923076923,0.18269230769230768,0.03482587064676617,True,0.15384615384615385,0.14427860696517414,False,0.18269230769230768,-0.03846153846153849
YFI,22,23,104,9,9,0.1346153846153846,0.8,0.1120673076923077,0.0348971361568579,0.2985074626865671,False,0.1538461538461538,100,0.5,0.1144230769230769,0.0355748988653033,0.1592039800995024,False,0.0192307692307692,0.14423076923076922,0.15920398009950248,False,0.10576923076923077,0.5472636815920398,False,0.14423076923076922,0.009615384615384581
YFI,22,24,104,9,9,0.125,0.8,0.1054326923076923,0.0342898175465362,0.3283582089552239,False,0.1923076923076923,150,0.2,0.1107211538461538,0.0355223269695266,0.0298507462686567,True,0.0673076923076923,0.14423076923076922,0.15920398009950248,False,0.20192307692307693,0.01990049751243781,True,0.20192307692307693,-0.009615384615384637
YFI,22,25,104,9,9,0.0576923076923076,0.2,0.1041826923076923,0.0384346821098504,0.9104477611940298,False,0.1442307692307692,90,0.2,0.111826923076923,0.0362772435842294,0.2189054726368159,False,0.0865384615384615,0.14423076923076922,0.15920398009950248,False,0.14423076923076922,0.21890547263681592,False,0.14423076923076922,-2.7755575615628914e-17
YFI,22,26,104,9,9,0.1346153846153846,0.2,0.1094230769230769,0.0371285234239503,0.2587064676616915,False,0.1634615384615384,60,0.8,0.1188942307692307,0.0359410075672235,0.1492537313432835,False,0.0288461538461538,0.14423076923076922,0.15920398009950248,False,0.18269230769230768,0.05970149253731343,False,0.18269230769230768,-0.019230769230769273
YFI,22,27,104,9,9,0.0961538461538461,0.2,0.1038461538461538,0.0346352431976842,0.6716417910447762,False,0.1538461538461538,75,0.8,0.1134134615384615,0.0392660531185317,0.1791044776119403,False,0.0576923076923076,0.14423076923076922,0.15920398009950248,False,0.17307692307692307,0.08955223880597014,False,0.17307692307692307,-0.019230769230769273
YFI,22,28,104,9,9,0.1346153846153846,0.2,0.1147115384615384,0.0356858647114509,0.3184079601990049,False,0.1538461538461538,300,0.5,0.1139423076923077,0.0402875164910152,0.1840796019900497,False,0.0192307692307692,0.14423076923076922,0.15920398009950248,False,0.1346153846153846,0.30845771144278605,False,0.14423076923076922,0.009615384615384581
YFI,22,29,104,9,9,0.125,0.5,0.1082692307692307,0.0350252757932973,0.3482587064676617,False,0.1634615384615384,90,0.5,0.10875,0.0356582533432136,0.0845771144278607,False,0.0384615384615384,0.14423076923076922,0.15920398009950248,False,0.15384615384615385,0.13432835820895522,False,0.15384615384615385,0.009615384615384553
YFI,22,30,104,9,9,0.2115384615384615,0.8,0.1075961538461538,0.0358661158626776,0.0049751243781094,True,0.2115384615384615,900,0.8,0.1075961538461538,0.0358661158626776,0.0049751243781094,True,0.0,0.14423076923076922,0.15920398009950248,False,0.20192307692307693,0.009950248756218905,True,0.20192307692307693,0.009615384615384581
YFI,22,31,104,9,9,0.173076923076923,0.2,0.1060096153846153,0.0344123547512435,0.0348258706467661,True,0.2019230769230769,150,0.5,0.1096153846153846,0.0339852668755754,0.0199004975124378,True,0.0288461538461538,0.14423076923076922,0.15920398009950248,False,0.19230769230769232,0.03980099502487562,True,0.19230769230769232,0.009615384615384581
YFI,22,32,104,9,9,0.0961538461538461,0.8,0.1050480769230769,0.0359508305695093,0.6218905472636815,False,0.1346153846153846,100,0.2,0.1133653846153846,0.0337601859607729,0.2935323383084577,False,0.0384615384615384,0.14423076923076922,0.15920398009950248,False,0.15384615384615385,0.13432835820895522,False,0.15384615384615385,-0.019230769230769246
YFI,22,33,104,9,9,0.1442307692307692,0.8,0.1088461538461538,0.0340502770501355,0.1890547263681592,False,0.1442307692307692,90,0.5,0.1146634615384615,0.0361184419313924,0.2338308457711442,False,0.0,0.14423076923076922,0.15920398009950248,False,0.14423076923076922,0.23880597014925373,False,0.14423076923076922,-2.7755575615628914e-17
YFI,22,34,104,9,9,0.173076923076923,0.2,0.108076923076923,0.0361994218816958,0.0398009950248756,True,0.173076923076923,900,0.2,0.108076923076923,0.0361994218816958,0.0398009950248756,True,0.0,0.14423076923076922,0.15920398009950248,False,0.16346153846153846,0.12437810945273632,False,0.16346153846153846,0.009615384615384526
YFI,22,35,104,9,9,0.1442307692307692,0.8,0.1040384615384615,0.0340229769823674,0.1492537313432835,False,0.2211538461538461,100,0.2,0.1104326923076923,0.0384129174221615,0.0149253731343283,True,0.0769230769230769,0.14423076923076922,0.15920398009950248,False,0.18269230769230768,0.05472636815920398,False,0.18269230769230768,0.03846153846153841
YFI,22,36,104,9,9,0.125,0.2,0.1056730769230769,0.0367313536018859,0.3482587064676617,False,0.1346153846153846,225,0.8,0.1070673076923076,0.0345637728340636,0.2736318407960199,False,0.0096153846153846,0.14423076923076922,0.15920398009950248,False,0.14423076923076922,0.14925373134328357,False,0.14423076923076922,-0.009615384615384609
YFI,22,37,104,9,9,0.0961538461538461,0.2,0.1019230769230769,0.0297422345727384,0.6417910447761194,False,0.1634615384615384,75,0.5,0.1064903846153846,0.0350610391659481,0.0696517412935323,False,0.0673076923076923,0.14423076923076922,0.15920398009950248,False,0.16346153846153846,0.08955223880597014,False,0.16346153846153846,-5.551115123125783e-17
YFI,22,38,104,9,9,0.0961538461538461,0.2,0.1053365384615384,0.0345183094749317,0.6616915422885572,False,0.1442307692307692,60,0.8,0.105576923076923,0.0348353403404623,0.1592039800995024,False,0.048076923076923,0.14423076923076922,0.15920398009950248,False,0.15384615384615385,0.14427860696517414,False,0.15384615384615385,-0.009615384615384664
YFI,23,24,104,9,9,0.1538461538461538,0.2,0.1045673076923077,0.033013574992348,0.0895522388059701,False,0.2019230769230769,300,0.8,0.1060096153846154,0.0354890904318588,0.0199004975124378,True,0.048076923076923,0.10576923076923077,0.5472636815920398,False,0.20192307692307693,0.01990049751243781,True,0.20192307692307693,-2.7755575615628914e-17
YFI,23,25,104,9,9,0.0961538461538461,0.5,0.1069711538461538,0.0362596617747172,0.6517412935323383,False,0.1442307692307692,90,0.2,0.111826923076923,0.0375732116162004,0.2139303482587064,False,0.048076923076923,0.10576923076923077,0.5472636815920398,False,0.14423076923076922,0.21890547263681592,False,0.14423076923076922,-2.7755575615628914e-17
YFI,23,26,104,9,9,0.1153846153846153,0.2,0.1094711538461538,0.0353742240649487,0.4825870646766169,False,0.173076923076923,60,0.8,0.1179807692307692,0.0349651348963677,0.0796019900497512,False,0.0576923076923076,0.10576923076923077,0.5472636815920398,False,0.18269230769230768,0.05970149253731343,False,0.18269230769230768,-0.009615384615384692
YFI,23,27,104,9,9,0.125,0.2,0.1084615384615384,0.0355769883721545,0.3134328358208955,False,0.1634615384615384,90,0.8,0.1159615384615384,0.0398922159969644,0.1442786069651741,False,0.0384615384615384,0.10576923076923077,0.5472636815920398,False,0.17307692307692307,0.08955223880597014,False,0.17307692307692307,-0.009615384615384664
YFI,23,28,104,9,9,0.1346153846153846,0.5,0.114951923076923,0.0384892814032473,0.3383084577114428,False,0.1442307692307692,300,0.5,0.1141826923076923,0.0384970060181543,0.2189054726368159,False,0.0096153846153846,0.10576923076923077,0.5472636815920398,False,0.1346153846153846,0.30845771144278605,False,0.1346153846153846,0.009615384615384581
YFI,23,29,104,9,9,0.0961538461538461,0.2,0.1054807692307692,0.0357950588613392,0.6218905472636815,False,0.1442307692307692,90,0.5,0.1095192307692307,0.0370562512244499,0.2338308457711442,False,0.048076923076923,0.10576923076923077,0.5472636815920398,False,0.15384615384615385,0.13432835820895522,False,0.15384615384615385,-0.009615384615384664
YFI,23,30,104,9,9,0.2307692307692307,0.8,0.1067307692307692,0.0351015975307047,0.0049751243781094,True,0.2307692307692307,900,0.8,0.1067307692307692,0.0351015975307047,0.0049751243781094,True,0.0,0.10576923076923077,0.5472636815920398,False,0.20192307692307693,0.009950248756218905,True,0.20192307692307693,0.02884615384615377
YFI,23,31,104,9,9,0.1923076923076923,0.5,0.1070192307692307,0.0359685633392577,0.0298507462686567,True,0.1923076923076923,150,0.2,0.110625,0.0327459469805074,0.0049751243781094,True,0.0,0.10576923076923077,0.5472636815920398,False,0.19230769230769232,0.03980099502487562,True,0.19230769230769232,-2.7755575615628914e-17
YFI,23,32,104,9,9,0.1153846153846153,0.2,0.107451923076923,0.0378581081882671,0.4626865671641791,False,0.1634615384615384,100,0.5,0.1145192307692307,0.0327770395174217,0.1144278606965174,False,0.048076923076923,0.10576923076923077,0.5472636815920398,False,0.15384615384615385,0.13432835820895522,False,0.15384615384615385,0.009615384615384553
YFI,23,33,104,9,9,0.1634615384615384,0.8,0.1091826923076923,0.0369194314634329,0.0945273631840796,False,0.1634615384615384,900,0.8,0.1091826923076923,0.0369194314634329,0.0945273631840796,False,0.0,0.10576923076923077,0.5472636815920398,False,0.14423076923076922,0.23880597014925373,False,0.14423076923076922,0.01923076923076919
YFI,23,34,104,9,9,0.173076923076923,0.2,0.1145192307692307,0.0364035564202731,0.0696517412935323,False,0.173076923076923,450,0.2,0.1110096153846153,0.0356374981858556,0.0547263681592039,False,0.0,0.10576923076923077,0.5472636815920398,False,0.16346153846153846,0.12437810945273632,False,0.16346153846153846,0.009615384615384526
YFI,23,35,104,9,9,0.1153846153846153,0.2,0.1049038461538461,0.0380631424852759,0.417910447761194,False,0.173076923076923,100,0.8,0.1102884615384615,0.0378516340654047,0.0696517412935323,False,0.0576923076923076,0.10576923076923077,0.5472636815920398,False,0.18269230769230768,0.05472636815920398,False,0.18269230769230768,-0.009615384615384692
YFI,23,36,104,9,9,0.1346153846153846,0.2,0.1072596153846153,0.0365170616131079,0.2487562189054726,False,0.1346153846153846,900,0.2,0.1072596153846153,0.0365170616131079,0.2487562189054726,False,0.0,0.10576923076923077,0.5472636815920398,False,0.14423076923076922,0.14925373134328357,False,0.14423076923076922,-0.009615384615384609
YFI,23,37,104,9,9,0.0961538461538461,0.2,0.1066346153846153,0.0317254244599583,0.6616915422885572,False,0.1346153846153846,75,0.8,0.1046634615384615,0.0353019137719817,0.2338308457711442,False,0.0384615384615384,0.10576923076923077,0.5472636815920398,False,0.16346153846153846,0.08955223880597014,False,0.16346153846153846,-0.028846153846153855
YFI,23,38,104,9,9,0.1346153846153846,0.2,0.104326923076923,0.0350982884005978,0.2189054726368159,False,0.1346153846153846,60,0.8,0.1065384615384615,0.0373257102649663,0.2835820895522388,False,0.0,0.10576923076923077,0.5472636815920398,False,0.15384615384615385,0.14427860696517414,False,0.15384615384615385,-0.019230769230769246
YFI,24,25,104,9,9,0.125,0.2,0.1025480769230769,0.0375728097443283,0.2835820895522388,False,0.1442307692307692,90,0.2,0.1128846153846154,0.0404887111663733,0.2686567164179104,False,0.0192307692307692,0.20192307692307693,0.01990049751243781,True,0.14423076923076922,0.21890547263681592,False,0.20192307692307693,-0.05769230769230774
YFI,24,26,104,9,9,0.1538461538461538,0.8,0.1051923076923077,0.0366636210094916,0.1343283582089552,False,0.2211538461538461,150,0.8,0.1047596153846153,0.0325524176276036,0.0049751243781094,True,0.0673076923076922,0.20192307692307693,0.01990049751243781,True,0.18269230769230768,0.05970149253731343,False,0.20192307692307693,0.019230769230769162
YFI,24,27,104,9,9,0.125,0.5,0.1035576923076923,0.0344969358128565,0.2985074626865671,False,0.2211538461538461,300,0.8,0.10625,0.0381309478012365,0.0149253731343283,True,0.0961538461538461,0.20192307692307693,0.01990049751243781,True,0.17307692307692307,0.08955223880597014,False,0.20192307692307693,0.019230769230769162
YFI,24,28,104,9,9,0.1442307692307692,0.2,0.1073557692307692,0.0347126567293932,0.1840796019900497,False,0.173076923076923,300,0.5,0.1117788461538461,0.0363428519309339,0.0845771144278607,False,0.0288461538461538,0.20192307692307693,0.01990049751243781,True,0.1346153846153846,0.30845771144278605,False,0.20192307692307693,-0.028846153846153938
YFI,24,29,104,9,9,0.1153846153846153,0.2,0.1025961538461538,0.03251975312505,0.3880597014925373,False,0.1634615384615384,300,0.8,0.10875,0.0354491720058817,0.0945273631840796,False,0.048076923076923,0.20192307692307693,0.01990049751243781,True,0.15384615384615385,0.13432835820895522,False,0.20192307692307693,-0.03846153846153852
YFI,24,30,104,9,9,0.1538461538461538,0.8,0.1065384615384615,0.0349870524907574,0.0945273631840796,False,0.1826923076923076,300,0.8,0.1063942307692307,0.0384383083596624,0.044776119402985,True,0.0288461538461538,0.20192307692307693,0.01990049751243781,True,0.20192307692307693,0.009950248756218905,True,0.20192307692307693,-0.01923076923076933
YFI,24,31,104,9,9,0.1826923076923076,0.2,0.1033653846153846,0.0335414906179737,0.0248756218905472,True,0.2211538461538461,225,0.5,0.1090384615384615,0.0325387489352665,0.0099502487562189,True,0.0384615384615384,0.20192307692307693,0.01990049751243781,True,0.19230769230769232,0.03980099502487562,True,0.20192307692307693,0.019230769230769162
YFI,24,32,104,9,9,0.1346153846153846,0.5,0.1045192307692307,0.0348666683504829,0.2487562189054726,False,0.1634615384615384,100,0.8,0.1129326923076923,0.033420035164686,0.0945273631840796,False,0.0288461538461538,0.20192307692307693,0.01990049751243781,True,0.15384615384615385,0.13432835820895522,False,0.20192307692307693,-0.03846153846153852
YFI,24,33,104,9,9,0.1538461538461538,0.2,0.1056730769230769,0.0371464131622872,0.1194029850746268,False,0.1538461538461538,900,0.2,0.1056730769230769,0.0371464131622872,0.1194029850746268,False,0.0,0.20192307692307693,0.01990049751243781,True,0.14423076923076922,0.23880597014925373,False,0.20192307692307693,-0.04807692307692313
YFI,24,34,104,9,9,0.1346153846153846,0.5,0.1070192307692307,0.0364943124319375,0.2487562189054726,False,0.2115384615384615,450,0.2,0.1051923076923077,0.0363709974343906,0.0099502487562189,True,0.0769230769230769,0.20192307692307693,0.01990049751243781,True,0.16346153846153846,0.12437810945273632,False,0.20192307692307693,0.009615384615384581
YFI,24,35,104,9,9,0.125,0.2,0.1044230769230769,0.0345148434653041,0.3184079601990049,False,0.2019230769230769,450,0.8,0.1057211538461538,0.0366237776251751,0.0099502487562189,True,0.0769230769230769,0.20192307692307693,0.01990049751243781,True,0.18269230769230768,0.05472636815920398,False,0.20192307692307693,-2.7755575615628914e-17
YFI,24,36,104,9,9,0.125,0.8,0.1016346153846153,0.0356988815290915,0.2985074626865671,False,0.1634615384615384,180,0.2,0.1078365384615384,0.034914173207985,0.0895522388059701,False,0.0384615384615384,0.20192307692307693,0.01990049751243781,True,0.14423076923076922,0.14925373134328357,False,0.20192307692307693,-0.03846153846153852
YFI,24,37,104,9,9,0.125,0.8,0.1014423076923077,0.0351379773937538,0.2786069651741293,False,0.173076923076923,100,0.5,0.1117788461538461,0.0353184924758525,0.0696517412935323,False,0.048076923076923,0.20192307692307693,0.01990049751243781,True,0.16346153846153846,0.08955223880597014,False,0.20192307692307693,-0.028846153846153938
YFI,24,38,104,9,9,0.173076923076923,0.8,0.104326923076923,0.0325288953507132,0.0547263681592039,False,0.173076923076923,900,0.8,0.104326923076923,0.0325288953507132,0.0547263681592039,False,0.0,0.20192307692307693,0.01990049751243781,True,0.15384615384615385,0.14427860696517414,False,0.20192307692307693,-0.028846153846153938
YFI,25,26,104,9,9,0.0576923076923076,0.2,0.1048076923076923,0.039298016445084,0.900497512437811,False,0.1057692307692307,75,0.5,0.1140865384615384,0.0346845385228346,0.6318407960199005,False,0.048076923076923,0.14423076923076922,0.21890547263681592,False,0.18269230769230768,0.05970149253731343,False,0.18269230769230768,-0.07692307692307698
YFI,25,27,104,9,9,0.0769230769230769,0.8,0.1063942307692307,0.0381958048098181,0.7960199004975125,False,0.1538461538461538,90,0.2,0.1126442307692307,0.0353045458320775,0.154228855721393,False,0.0769230769230769,0.14423076923076922,0.21890547263681592,False,0.17307692307692307,0.08955223880597014,False,0.17307692307692307,-0.019230769230769273
YFI,25,28,104,9,9,0.0961538461538461,0.2,0.1108653846153846,0.0379006993381106,0.681592039800995,False,0.1153846153846153,90,0.2,0.1152884615384615,0.0356660700501651,0.527363184079602,False,0.0192307692307692,0.14423076923076922,0.21890547263681592,False,0.1346153846153846,0.30845771144278605,False,0.14423076923076922,-0.028846153846153924
YFI,25,29,104,9,9,0.0865384615384615,0.2,0.1050480769230769,0.0387855685241447,0.6965174129353234,False,0.1346153846153846,75,0.5,0.1130288461538461,0.0367883230992129,0.308457711442786,False,0.048076923076923,0.14423076923076922,0.21890547263681592,False,0.15384615384615385,0.13432835820895522,False,0.15384615384615385,-0.019230769230769246
YFI,25,30,104,9,9,0.1057692307692307,0.2,0.1078846153846154,0.0394179501130556,0.5522388059701493,False,0.1346153846153846,90,0.8,0.1148076923076923,0.0383119433250005,0.3582089552238806,False,0.0288461538461538,0.14423076923076922,0.21890547263681592,False,0.20192307692307693,0.009950248756218905,True,0.20192307692307693,-0.06730769230769232
YFI,25,31,104,9,9,0.1538461538461538,0.2,0.1027403846153846,0.0317749937796813,0.0845771144278607,False,0.1634615384615384,90,0.8,0.1157211538461538,0.0402024059182577,0.1492537313432835,False,0.0096153846153846,0.14423076923076922,0.21890547263681592,False,0.19230769230769232,0.03980099502487562,True,0.19230769230769232,-0.02884615384615391
YFI,25,32,104,9,9,0.1057692307692307,0.2,0.1042307692307692,0.0371145058589198,0.4825870646766169,False,0.1153846153846153,75,0.5,0.113125,0.0326604232406882,0.5422885572139303,False,0.0096153846153846,0.14423076923076922,0.21890547263681592,False,0.15384615384615385,0.13432835820895522,False,0.15384615384615385,-0.03846153846153856
YFI,25,33,104,9,9,0.0961538461538461,0.5,0.1027403846153846,0.0368019599322393,0.6119402985074627,False,0.1442307692307692,90,0.2,0.111875,0.035459491573542,0.1890547263681592,False,0.048076923076923,0.14423076923076922,0.21890547263681592,False,0.14423076923076922,0.23880597014925373,False,0.14423076923076922,-2.7755575615628914e-17
YFI,25,34,104,9,9,0.125,0.5,0.107451923076923,0.0398549009160186,0.36318407960199,False,0.1538461538461538,450,0.2,0.10625,0.036090292568585,0.1442786069651741,False,0.0288461538461538,0.14423076923076922,0.21890547263681592,False,0.16346153846153846,0.12437810945273632,False,0.16346153846153846,-0.009615384615384664
YFI,25,35,104,9,9,0.0769230769230769,0.2,0.1029807692307692,0.0383961320551408,0.7761194029850746,False,0.1538461538461538,75,0.2,0.1115384615384615,0.0355487696668715,0.1592039800995024,False,0.0769230769230769,0.14423076923076922,0.21890547263681592,False,0.18269230769230768,0.05472636815920398,False,0.18269230769230768,-0.028846153846153882
YFI,25,36,104,9,9,0.1057692307692307,0.2,0.1063461538461538,0.0360760003772212,0.5373134328358209,False,0.1153846153846153,60,0.8,0.1189903846153846,0.0357109503862751,0.6019900497512438,False,0.0096153846153846,0.14423076923076922,0.21890547263681592,False,0.14423076923076922,0.14925373134328357,False,0.14423076923076922,-0.028846153846153924
YFI,25,37,104,9,9,0.0769230769230769,0.8,0.1084134615384615,0.0381332322998936,0.845771144278607,False,0.1538461538461538,75,0.2,0.1105288461538461,0.0362091427025521,0.0945273631840796,False,0.0769230769230769,0.14423076923076922,0.21890547263681592,False,0.16346153846153846,0.08955223880597014,False,0.16346153846153846,-0.009615384615384664
YFI,25,38,104,9,9,0.0961538461538461,0.5,0.1025961538461538,0.0368969303683582,0.6169154228855721,False,0.1346153846153846,60,0.5,0.1169711538461538,0.0350854129160334,0.3383084577114428,False,0.0384615384615384,0.14423076923076922,0.21890547263681592,False,0.15384615384615385,0.14427860696517414,False,0.15384615384615385,-0.019230769230769246
YFI,26,27,104,9,9,0.0576923076923076,0.5,0.10375,0.0355564797771169,0.9253731343283582,False,0.1923076923076923,60,0.8,0.1184134615384615,0.0361395315298767,0.0348258706467661,True,0.1346153846153846,0.18269230769230768,0.05970149253731343,False,0.17307692307692307,0.08955223880597014,False,0.18269230769230768,0.009615384615384609
YFI,26,28,104,9,9,0.1057692307692307,0.5,0.1069230769230769,0.0361135857221593,0.5422885572139303,False,0.1538461538461538,100,0.2,0.1141826923076923,0.0368695643963355,0.1641791044776119,False,0.048076923076923,0.18269230769230768,0.05970149253731343,False,0.1346153846153846,0.30845771144278605,False,0.18269230769230768,-0.028846153846153882
YFI,26,29,104,9,9,0.0865384615384615,0.2,0.1032692307692307,0.0379537410007021,0.7064676616915423,False,0.1826923076923076,75,0.2,0.1110576923076923,0.0335137760992005,0.0398009950248756,True,0.0961538461538461,0.18269230769230768,0.05970149253731343,False,0.15384615384615385,0.13432835820895522,False,0.18269230769230768,-8.326672684688674e-17
YFI,26,30,104,9,9,0.1538461538461538,0.2,0.1046634615384615,0.0368473795928699,0.154228855721393,False,0.173076923076923,60,0.8,0.1184615384615384,0.0345110742054154,0.0945273631840796,False,0.0192307692307692,0.18269230769230768,0.05970149253731343,False,0.20192307692307693,0.009950248756218905,True,0.20192307692307693,-0.028846153846153938
YFI,26,31,104,9,9,0.1346153846153846,0.8,0.1035096153846154,0.0375443586570336,0.2487562189054726,False,0.2019230769230769,150,0.5,0.1122115384615384,0.0346367187188305,0.0199004975124378,True,0.0673076923076923,0.18269230769230768,0.05970149253731343,False,0.19230769230769232,0.03980099502487562,True,0.19230769230769232,0.009615384615384581
YFI,26,32,104,9,9,0.0673076923076923,0.2,0.1066346153846153,0.0370361854306154,0.900497512437811,False,0.1634615384615384,60,0.8,0.115576923076923,0.0311456249561887,0.0895522388059701,False,0.0961538461538461,0.18269230769230768,0.05970149253731343,False,0.15384615384615385,0.13432835820895522,False,0.18269230769230768,-0.019230769230769273
YFI,26,33,104,9,9,0.1057692307692307,0.2,0.1039903846153846,0.0365295278786241,0.5174129353233831,False,0.1442307692307692,90,0.5,0.114375,0.03723894569263,0.2537313432835821,False,0.0384615384615384,0.18269230769230768,0.05970149253731343,False,0.14423076923076922,0.23880597014925373,False,0.18269230769230768,-0.03846153846153849
YFI,26,34,104,9,9,0.1442307692307692,0.8,0.1079807692307692,0.0359608123845348,0.2039800995024875,False,0.173076923076923,60,0.2,0.11625,0.0388005689588034,0.1144278606965174,False,0.0288461538461538,0.18269230769230768,0.05970149253731343,False,0.16346153846153846,0.12437810945273632,False,0.18269230769230768,-0.009615384615384692
YFI,26,35,104,9,9,0.0673076923076923,0.2,0.1013942307692307,0.0364623123141103,0.845771144278607,False,0.1923076923076923,60,0.8,0.114326923076923,0.0327430028279126,0.0149253731343283,True,0.125,0.18269230769230768,0.05970149253731343,False,0.18269230769230768,0.05472636815920398,False,0.18269230769230768,0.009615384615384609
YFI,26,36,104,9,9,0.1346153846153846,0.5,0.1041826923076923,0.0366019515833891,0.2388059701492537,False,0.1442307692307692,150,0.8,0.1098557692307692,0.034100418008732,0.1940298507462686,False,0.0096153846153846,0.18269230769230768,0.05970149253731343,False,0.14423076923076922,0.14925373134328357,False,0.18269230769230768,-0.03846153846153849
YFI,26,37,104,9,9,0.0384615384615384,0.2,0.1058653846153846,0.0399312124108363,0.9800995024875622,False,0.1923076923076923,100,0.2,0.1084615384615384,0.032819111050306,0.0149253731343283,True,0.1538461538461538,0.18269230769230768,0.05970149253731343,False,0.16346153846153846,0.08955223880597014,False,0.18269230769230768,0.009615384615384609
YFI,26,38,104,9,9,0.0865384615384615,0.2,0.10625,0.0365380800745045,0.7213930348258707,False,0.2115384615384615,60,0.5,0.11375,0.0362746821023243,0.0099502487562189,True,0.125,0.18269230769230768,0.05970149253731343,False,0.15384615384615385,0.14427860696517414,False,0.18269230769230768,0.028846153846153827
YFI,27,28,104,9,9,0.1346153846153846,0.2,0.1100480769230769,0.0337891765184259,0.2935323383084577,False,0.1442307692307692,90,0.2,0.1175,0.0369855964706215,0.2388059701492537,False,0.0096153846153846,0.17307692307692307,0.08955223880597014,False,0.1346153846153846,0.30845771144278605,False,0.17307692307692307,-0.028846153846153882
YFI,27,29,104,9,9,0.1346153846153846,0.8,0.1045192307692307,0.0341803342352222,0.2238805970149253,False,0.1442307692307692,90,0.8,0.1091826923076923,0.0330552049208416,0.1741293532338308,False,0.0096153846153846,0.17307692307692307,0.08955223880597014,False,0.15384615384615385,0.13432835820895522,False,0.17307692307692307,-0.028846153846153882
YFI,27,30,104,9,9,0.1634615384615384,0.8,0.1060096153846153,0.0353316446403361,0.1044776119402985,False,0.1634615384615384,900,0.8,0.1060096153846153,0.0353316446403361,0.1044776119402985,False,0.0,0.17307692307692307,0.08955223880597014,False,0.20192307692307693,0.009950248756218905,True,0.20192307692307693,-0.03846153846153852
YFI,27,31,104,9,9,0.1153846153846153,0.2,0.1066346153846154,0.0381484892416906,0.4577114427860697,False,0.1923076923076923,180,0.5,0.1066826923076923,0.0339250283981062,0.0298507462686567,True,0.0769230769230769,0.17307692307692307,0.08955223880597014,False,0.19230769230769232,0.03980099502487562,True,0.19230769230769232,-2.7755575615628914e-17
YFI,27,32,104,9,9,0.0961538461538461,0.2,0.1066346153846153,0.0364927847061987,0.6119402985074627,False,0.1538461538461538,100,0.8,0.114375,0.0346941816180088,0.1641791044776119,False,0.0576923076923076,0.17307692307692307,0.08955223880597014,False,0.15384615384615385,0.13432835820895522,False,0.17307692307692307,-0.019230769230769273
YFI,27,33,104,9,9,0.1442307692307692,0.5,0.1075961538461538,0.0354491720058817,0.1741293532338308,False,0.1538461538461538,90,0.8,0.1136538461538461,0.0346454364246299,0.1243781094527363,False,0.0096153846153846,0.17307692307692307,0.08955223880597014,False,0.14423076923076922,0.23880597014925373,False,0.17307692307692307,-0.019230769230769273
YFI,27,34,104,9,9,0.1346153846153846,0.5,0.1128365384615384,0.035802423956332,0.3233830845771144,False,0.1634615384615384,60,0.5,0.1119711538461538,0.0413140320292554,0.1492537313432835,False,0.0288461538461538,0.17307692307692307,0.08955223880597014,False,0.16346153846153846,0.12437810945273632,False,0.17307692307692307,-0.009615384615384664
YFI,27,35,104,9,9,0.1057692307692307,0.2,0.1044711538461538,0.0360249335794546,0.527363184079602,False,0.2115384615384615,90,0.2,0.1142788461538461,0.0323344620420772,0.0049751243781094,True,0.1057692307692307,0.17307692307692307,0.08955223880597014,False,0.18269230769230768,0.05472636815920398,False,0.18269230769230768,0.028846153846153827
YFI,27,36,104,9,9,0.125,0.5,0.1055288461538461,0.0351867004495372,0.3283582089552239,False,0.125,225,0.8,0.1066346153846153,0.0333670617966347,0.3283582089552239,False,0.0,0.17307692307692307,0.08955223880597014,False,0.14423076923076922,0.14925373134328357,False,0.17307692307692307,-0.04807692307692307
YFI,27,37,104,9,9,0.0865384615384615,0.2,0.1031730769230769,0.0331368006947961,0.7512437810945274,False,0.1923076923076923,90,0.2,0.111875,0.0363139489652011,0.0348258706467661,True,0.1057692307692307,0.17307692307692307,0.08955223880597014,False,0.16346153846153846,0.08955223880597014,False,0.17307692307692307,0.019230769230769218
YFI,27,38,104,9,9,0.0769230769230769,0.5,0.1053846153846153,0.0361686059896019,0.8059701492537313,False,0.1346153846153846,60,0.5,0.111826923076923,0.0365324848121817,0.2885572139303483,False,0.0576923076923076,0.17307692307692307,0.08955223880597014,False,0.15384615384615385,0.14427860696517414,False,0.17307692307692307,-0.038461538461538464
YFI,28,29,104,9,9,0.0673076923076923,0.2,0.1088461538461538,0.0379845764166616,0.900497512437811,False,0.1442307692307692,300,0.8,0.1125,0.037445509159643,0.2437810945273631,False,0.0769230769230769,0.1346153846153846,0.30845771144278605,False,0.15384615384615385,0.13432835820895522,False,0.15384615384615385,-0.009615384615384664
YFI,28,30,104,9,9,0.125,0.5,0.1086057692307692,0.0349530079004892,0.3283582089552239,False,0.125,900,0.5,0.1086057692307692,0.0349530079004892,0.3283582089552239,False,0.0,0.1346153846153846,0.30845771144278605,False,0.20192307692307693,0.009950248756218905,True,0.20192307692307693,-0.07692307692307693
YFI,28,31,104,9,9,0.1826923076923076,0.5,0.1064903846153846,0.0352196946904116,0.0398009950248756,True,0.1826923076923076,180,0.8,0.1113942307692307,0.0347995452796382,0.0248756218905472,True,0.0,0.1346153846153846,0.30845771144278605,False,0.19230769230769232,0.03980099502487562,True,0.19230769230769232,-0.00961538461538472
YFI,28,32,104,9,9,0.0961538461538461,0.2,0.1061057692307692,0.035697157073546,0.6666666666666666,False,0.125,450,0.2,0.1114423076923077,0.0372363567879182,0.4029850746268656,False,0.0288461538461538,0.1346153846153846,0.30845771144278605,False,0.15384615384615385,0.13432835820895522,False,0.15384615384615385,-0.028846153846153855
YFI,28,33,104,9,9,0.125,0.8,0.1082211538461538,0.0359774425886456,0.3781094527363184,False,0.125,90,0.5,0.1138942307692307,0.0373348889569062,0.3980099502487562,False,0.0,0.1346153846153846,0.30845771144278605,False,0.14423076923076922,0.23880597014925373,False,0.14423076923076922,-0.019230769230769218
YFI,28,34,104,9,9,0.125,0.2,0.109951923076923,0.0358166955984983,0.373134328358209,False,0.1538461538461538,450,0.2,0.1110096153846154,0.0340644303416118,0.154228855721393,False,0.0288461538461538,0.1346153846153846,0.30845771144278605,False,0.16346153846153846,0.12437810945273632,False,0.16346153846153846,-0.009615384615384664
YFI,28,35,104,9,9,0.1538461538461538,0.5,0.1073076923076923,0.0383943169813215,0.154228855721393,False,0.1634615384615384,90,0.2,0.1155288461538461,0.0375876452408562,0.1293532338308457,False,0.0096153846153846,0.1346153846153846,0.30845771144278605,False,0.18269230769230768,0.05472636815920398,False,0.18269230769230768,-0.019230769230769273
YFI,28,36,104,9,9,0.125,0.5,0.1074038461538461,0.0355763354144467,0.373134328358209,False,0.1442307692307692,75,0.5,0.1162980769230769,0.0352152092898737,0.2388059701492537,False,0.0192307692307692,0.1346153846153846,0.30845771144278605,False,0.14423076923076922,0.14925373134328357,False,0.14423076923076922,-2.7755575615628914e-17
YFI,28,37,104,9,9,0.0865384615384615,0.5,0.107451923076923,0.0341004180087319,0.7910447761194029,False,0.173076923076923,100,0.5,0.1123076923076923,0.0366017294492192,0.0696517412935323,False,0.0865384615384615,0.1346153846153846,0.30845771144278605,False,0.16346153846153846,0.08955223880597014,False,0.16346153846153846,0.009615384615384526
YFI,28,38,104,9,9,0.0865384615384615,0.5,0.1058653846153846,0.0357960972043695,0.736318407960199,False,0.125,60,0.8,0.1184615384615384,0.0359356102357904,0.4427860696517413,False,0.0384615384615384,0.1346153846153846,0.30845771144278605,False,0.15384615384615385,0.14427860696517414,False,0.15384615384615385,-0.028846153846153855
YFI,29,30,104,9,9,0.1538461538461538,0.5,0.1042307692307692,0.0352131313004013,0.0895522388059701,False,0.1538461538461538,900,0.5,0.1042307692307692,0.0352131313004013,0.0895522388059701,False,0.0,0.15384615384615385,0.13432835820895522,False,0.20192307692307693,0.009950248756218905,True,0.20192307692307693,-0.04807692307692313
YFI,29,31,104,9,9,0.1153846153846153,0.8,0.1044230769230769,0.0362353406330972,0.3930348258706467,False,0.1538461538461538,75,0.2,0.1165865384615384,0.0371957529377096,0.1940298507462686,False,0.0384615384615384,0.15384615384615385,0.13432835820895522,False,0.19230769230769232,0.03980099502487562,True,0.19230769230769232,-0.03846153846153852
YFI,29,32,104,9,9,0.0961538461538461,0.5,0.1036057692307692,0.0337305506672884,0.6567164179104478,False,0.1057692307692307,100,0.2,0.1119230769230769,0.0354314743258025,0.6019900497512438,False,0.0096153846153846,0.15384615384615385,0.13432835820895522,False,0.15384615384615385,0.13432835820895522,False,0.15384615384615385,-0.048076923076923156
YFI,29,33,104,9,9,0.125,0.5,0.1076923076923077,0.036401131460731,0.3582089552238806,False,0.125,900,0.5,0.1076923076923077,0.036401131460731,0.3582089552238806,False,0.0,0.15384615384615385,0.13432835820895522,False,0.14423076923076922,0.23880597014925373,False,0.15384615384615385,-0.028846153846153855
YFI,29,34,104,9,9,0.0865384615384615,0.8,0.1080288461538461,0.0361318172510665,0.7711442786069652,False,0.173076923076923,450,0.8,0.105625,0.0333571395109913,0.044776119402985,True,0.0865384615384615,0.15384615384615385,0.13432835820895522,False,0.16346153846153846,0.12437810945273632,False,0.16346153846153846,0.009615384615384526
YFI,29,35,104,9,9,0.1442307692307692,0.2,0.1036057692307692,0.0364449791365957,0.1641791044776119,False,0.1442307692307692,60,0.5,0.1165865384615384,0.0363364594500031,0.2388059701492537,False,0.0,0.15384615384615385,0.13432835820895522,False,0.18269230769230768,0.05472636815920398,False,0.18269230769230768,-0.03846153846153849
YFI,29,36,104,9,9,0.1153846153846153,0.5,0.1026923076923077,0.0351513292717407,0.4129353233830846,False,0.1538461538461538,75,0.8,0.1119230769230769,0.0370468467368202,0.154228855721393,False,0.0384615384615384,0.15384615384615385,0.13432835820895522,False,0.14423076923076922,0.14925373134328357,False,0.15384615384615385,-5.551115123125783e-17
YFI,29,37,104,9,9,0.0865384615384615,0.2,0.1056730769230769,0.0336001697957907,0.7512437810945274,False,0.1634615384615384,100,0.5,0.1135096153846154,0.0355578844052851,0.0945273631840796,False,0.0769230769230769,0.15384615384615385,0.13432835820895522,False,0.16346153846153846,0.08955223880597014,False,0.16346153846153846,-5.551115123125783e-17
YFI,29,38,104,9,9,0.0576923076923076,0.2,0.104326923076923,0.0371684194812993,0.8905472636815921,False,0.1634615384615384,60,0.2,0.11,0.0383725293987605,0.1243781094527363,False,0.1057692307692307,0.15384615384615385,0.13432835820895522,False,0.15384615384615385,0.14427860696517414,False,0.15384615384615385,0.009615384615384553
YFI,30,31,104,9,9,0.1442307692307692,0.5,0.1046153846153846,0.0388409006463832,0.1641791044776119,False,0.1923076923076923,150,0.8,0.1101923076923077,0.0352052140264027,0.0248756218905472,True,0.0480769230769231,0.20192307692307693,0.009950248756218905,True,0.19230769230769232,0.03980099502487562,True,0.20192307692307693,-0.009615384615384637
YFI,30,32,104,9,9,0.1442307692307692,0.2,0.10375,0.0352546678183945,0.1791044776119403,False,0.1538461538461538,100,0.8,0.1117788461538461,0.0350411567169228,0.1442786069651741,False,0.0096153846153846,0.20192307692307693,0.009950248756218905,True,0.15384615384615385,0.13432835820895522,False,0.20192307692307693,-0.04807692307692313
YFI,30,33,104,9,9,0.1923076923076923,0.2,0.1069230769230769,0.0343058357864195,0.0149253731343283,True,0.1923076923076923,900,0.2,0.1069230769230769,0.0343058357864195,0.0149253731343283,True,0.0,0.20192307692307693,0.009950248756218905,True,0.14423076923076922,0.23880597014925373,False,0.20192307692307693,-0.009615384615384637
YFI,30,34,104,9,9,0.1634615384615384,0.2,0.1083653846153846,0.038130460423809,0.1144278606965174,False,0.1634615384615384,450,0.8,0.1091826923076923,0.038665115225624,0.1194029850746268,False,0.0,0.20192307692307693,0.009950248756218905,True,0.16346153846153846,0.12437810945273632,False,0.20192307692307693,-0.03846153846153852
YFI,30,35,104,9,9,0.173076923076923,0.2,0.1017788461538461,0.0370372830597162,0.0497512437810945,True,0.173076923076923,900,0.2,0.1017788461538461,0.0370372830597162,0.0497512437810945,True,0.0,0.20192307692307693,0.009950248756218905,True,0.18269230769230768,0.05472636815920398,False,0.20192307692307693,-0.028846153846153938
YFI,30,36,104,9,9,0.1634615384615384,0.8,0.105,0.0359304383793043,0.0796019900497512,False,0.1634615384615384,900,0.8,0.105,0.0359304383793043,0.0796019900497512,False,0.0,0.20192307692307693,0.009950248756218905,True,0.14423076923076922,0.14925373134328357,False,0.20192307692307693,-0.03846153846153852
YFI,30,37,104,9,9,0.1057692307692307,0.2,0.104375,0.0335088890392286,0.4975124378109453,False,0.1346153846153846,60,0.8,0.1104326923076923,0.0352861172884673,0.2786069651741293,False,0.0288461538461538,0.20192307692307693,0.009950248756218905,True,0.16346153846153846,0.08955223880597014,False,0.20192307692307693,-0.06730769230769232
YFI,30,38,104,9,9,0.1538461538461538,0.2,0.1042788461538461,0.0352218052694871,0.099502487562189,False,0.1538461538461538,900,0.2,0.1042788461538461,0.0352218052694871,0.099502487562189,False,0.0,0.20192307692307693,0.009950248756218905,True,0.15384615384615385,0.14427860696517414,False,0.20192307692307693,-0.04807692307692313
YFI,31,32,104,9,9,0.1346153846153846,0.2,0.1029807692307692,0.0346297429740798,0.208955223880597,False,0.1634615384615384,150,0.8,0.1106730769230769,0.0355224904582683,0.1044776119402985,False,0.0288461538461538,0.19230769230769232,0.03980099502487562,True,0.15384615384615385,0.13432835820895522,False,0.19230769230769232,-0.02884615384615391
YFI,31,33,104,9,9,0.1442307692307692,0.8,0.1029326923076923,0.036334669353805,0.1442786069651741,False,0.1826923076923076,60,0.5,0.1144711538461538,0.0336500149677462,0.0398009950248756,True,0.0384615384615384,0.19230769230769232,0.03980099502487562,True,0.14423076923076922,0.23880597014925373,False,0.19230769230769232,-0.00961538461538472
YFI,31,34,104,9,9,0.2403846153846154,0.8,0.1056730769230769,0.0363754680403002,0.0049751243781094,True,0.2403846153846154,900,0.8,0.1056730769230769,0.0363754680403002,0.0049751243781094,True,0.0,0.19230769230769232,0.03980099502487562,True,0.16346153846153846,0.12437810945273632,False,0.19230769230769232,0.04807692307692307
YFI,31,35,104,9,9,0.1634615384615384,0.2,0.104326923076923,0.0367030097464051,0.0945273631840796,False,0.2019230769230769,150,0.5,0.1125480769230769,0.0356114149185143,0.0099502487562189,True,0.0384615384615384,0.19230769230769232,0.03980099502487562,True,0.18269230769230768,0.05472636815920398,False,0.19230769230769232,0.009615384615384581
YFI,31,36,104,9,9,0.1538461538461538,0.2,0.1042788461538461,0.0351425718053879,0.1144278606965174,False,0.2019230769230769,300,0.8,0.1083173076923077,0.0334544940467601,0.0099502487562189,True,0.048076923076923,0.19230769230769232,0.03980099502487562,True,0.14423076923076922,0.14925373134328357,False,0.19230769230769232,0.009615384615384581
YFI,31,37,104,9,9,0.125,0.2,0.1056730769230769,0.0349555665484027,0.3333333333333333,False,0.1826923076923076,90,0.2,0.1117788461538461,0.0360733924072422,0.0597014925373134,False,0.0576923076923076,0.19230769230769232,0.03980099502487562,True,0.16346153846153846,0.08955223880597014,False,0.19230769230769232,-0.00961538461538472
YFI,31,38,104,9,9,0.1442307692307692,0.2,0.1044230769230769,0.0349163355201917,0.1442786069651741,False,0.173076923076923,60,0.2,0.111875,0.0372362008240548,0.0796019900497512,False,0.0288461538461538,0.19230769230769232,0.03980099502487562,True,0.15384615384615385,0.14427860696517414,False,0.19230769230769232,-0.01923076923076933
YFI,32,33,104,9,9,0.0865384615384615,0.8,0.1072596153846153,0.0353797398680563,0.7661691542288557,False,0.173076923076923,100,0.2,0.1181730769230769,0.0346699683461529,0.0796019900497512,False,0.0865384615384615,0.15384615384615385,0.13432835820895522,False,0.14423076923076922,0.23880597014925373,False,0.15384615384615385,0.019230769230769135
YFI,32,34,104,9,9,0.1153846153846153,0.2,0.1113942307692307,0.0377332169447198,0.472636815920398,False,0.1634615384615384,60,0.8,0.1137019230769231,0.0377721053162988,0.1442786069651741,False,0.048076923076923,0.15384615384615385,0.13432835820895522,False,0.16346153846153846,0.12437810945273632,False,0.16346153846153846,-5.551115123125783e-17
YFI,32,35,104,9,9,0.1346153846153846,0.2,0.103125,0.0350610391659481,0.2288557213930348,False,0.1538461538461538,450,0.8,0.1071634615384615,0.0376730826206656,0.1393034825870646,False,0.0192307692307692,0.15384615384615385,0.13432835820895522,False,0.18269230769230768,0.05472636815920398,False,0.18269230769230768,-0.028846153846153882
YFI,32,36,104,9,9,0.1634615384615384,0.2,0.1026442307692307,0.0372082415444115,0.0895522388059701,False,0.1634615384615384,900,0.2,0.1026442307692307,0.0372082415444115,0.0895522388059701,False,0.0,0.15384615384615385,0.13432835820895522,False,0.14423076923076922,0.14925373134328357,False,0.15384615384615385,0.009615384615384553
YFI,32,37,104,9,9,0.0769230769230769,0.2,0.101826923076923,0.0356034883424001,0.7810945273631841,False,0.1538461538461538,90,0.5,0.1113461538461538,0.0361881257681543,0.1741293532338308,False,0.0769230769230769,0.15384615384615385,0.13432835820895522,False,0.16346153846153846,0.08955223880597014,False,0.16346153846153846,-0.009615384615384664
YFI,32,38,104,9,9,0.0673076923076923,0.2,0.1035096153846153,0.0345409141272161,0.9104477611940298,False,0.125,180,0.8,0.1092307692307692,0.0366940211869123,0.3781094527363184,False,0.0576923076923076,0.15384615384615385,0.13432835820895522,False,0.15384615384615385,0.14427860696517414,False,0.15384615384615385,-0.028846153846153855
YFI,33,34,104,9,9,0.1634615384615384,0.8,0.1084134615384615,0.0343785856888425,0.0597014925373134,False,0.1634615384615384,900,0.8,0.1084134615384615,0.0343785856888425,0.0597014925373134,False,0.0,0.14423076923076922,0.23880597014925373,False,0.16346153846153846,0.12437810945273632,False,0.16346153846153846,-5.551115123125783e-17
YFI,33,35,104,9,9,0.125,0.5,0.1053365384615384,0.0380522470147214,0.3383084577114428,False,0.173076923076923,75,0.5,0.1135096153846153,0.0369923477557605,0.0746268656716417,False,0.048076923076923,0.14423076923076922,0.23880597014925373,False,0.18269230769230768,0.05472636815920398,False,0.18269230769230768,-0.009615384615384692
YFI,33,36,104,9,9,0.1346153846153846,0.2,0.1048557692307692,0.0323404962931101,0.2238805970149253,False,0.1442307692307692,450,0.8,0.1061538461538461,0.0354419629066917,0.154228855721393,False,0.0096153846153846,0.14423076923076922,0.23880597014925373,False,0.14423076923076922,0.14925373134328357,False,0.14423076923076922,-2.7755575615628914e-17
YFI,33,37,104,9,9,0.1057692307692307,0.2,0.1054807692307692,0.0370201249647273,0.527363184079602,False,0.1923076923076923,90,0.2,0.1133173076923077,0.0371450060650571,0.0348258706467661,True,0.0865384615384615,0.14423076923076922,0.23880597014925373,False,0.16346153846153846,0.08955223880597014,False,0.16346153846153846,0.028846153846153827
YFI,33,38,104,9,9,0.1442307692307692,0.8,0.1047115384615384,0.0377025764433247,0.1940298507462686,False,0.1442307692307692,450,0.8,0.1073557692307692,0.0368423357290413,0.1990049751243781,False,0.0,0.14423076923076922,0.23880597014925373,False,0.15384615384615385,0.14427860696517414,False,0.15384615384615385,-0.009615384615384664
YFI,34,35,104,9,9,0.1538461538461538,0.5,0.1063942307692307,0.0387033073326239,0.1293532338308457,False,0.173076923076923,90,0.8,0.1114903846153846,0.0352745287046932,0.0646766169154228,False,0.0192307692307692,0.16346153846153846,0.12437810945273632,False,0.18269230769230768,0.05472636815920398,False,0.18269230769230768,-0.009615384615384692
YFI,34,36,104,9,9,0.125,0.8,0.1059615384615384,0.0381091315597642,0.3283582089552239,False,0.173076923076923,60,0.2,0.113125,0.0347153334660279,0.0597014925373134,False,0.048076923076923,0.16346153846153846,0.12437810945273632,False,0.14423076923076922,0.14925373134328357,False,0.16346153846153846,0.009615384615384526
YFI,34,37,104,9,9,0.0961538461538461,0.5,0.1086057692307692,0.0370187130672288,0.6517412935323383,False,0.2019230769230769,90,0.2,0.1096634615384615,0.0323189402231642,0.0099502487562189,True,0.1057692307692307,0.16346153846153846,0.12437810945273632,False,0.16346153846153846,0.08955223880597014,False,0.16346153846153846,0.038461538461538436
YFI,34,38,104,9,9,0.1153846153846153,0.2,0.1075480769230769,0.0373346400729943,0.472636815920398,False,0.1538461538461538,450,0.2,0.1060576923076923,0.0399070041969216,0.1393034825870646,False,0.0384615384615384,0.16346153846153846,0.12437810945273632,False,0.15384615384615385,0.14427860696517414,False,0.16346153846153846,-0.009615384615384664
YFI,35,36,104,9,9,0.173076923076923,0.2,0.1048076923076923,0.0342440243964215,0.0497512437810945,True,0.173076923076923,225,0.2,0.106826923076923,0.0304491163619422,0.0348258706467661,True,0.0,0.18269230769230768,0.05472636815920398,False,0.14423076923076922,0.14925373134328357,False,0.18269230769230768,-0.009615384615384692
YFI,35,37,104,9,9,0.0865384615384615,0.2,0.104951923076923,0.0343899357928067,0.7263681592039801,False,0.1826923076923076,90,0.8,0.1116826923076923,0.0343074270423493,0.0149253731343283,True,0.0961538461538461,0.18269230769230768,0.05472636815920398,False,0.16346153846153846,0.08955223880597014,False,0.18269230769230768,-8.326672684688674e-17
YFI,35,38,104,9,9,0.0961538461538461,0.5,0.1009134615384615,0.0334894723984947,0.6069651741293532,False,0.173076923076923,60,0.8,0.1110576923076923,0.0362059668798294,0.0746268656716417,False,0.0769230769230769,0.18269230769230768,0.05472636815920398,False,0.15384615384615385,0.14427860696517414,False,0.18269230769230768,-0.009615384615384692
YFI,36,37,104,9,9,0.0961538461538461,0.8,0.1045192307692307,0.0334382763958914,0.6666666666666666,False,0.1538461538461538,225,0.5,0.1050961538461538,0.0333993497257123,0.1044776119402985,False,0.0576923076923076,0.14423076923076922,0.14925373134328357,False,0.16346153846153846,0.08955223880597014,False,0.16346153846153846,-0.009615384615384664
YFI,36,38,104,9,9,0.125,0.8,0.1025480769230769,0.0365193516543744,0.2935323383084577,False,0.1442307692307692,60,0.8,0.1128846153846153,0.0331722540975694,0.2437810945273631,False,0.0192307692307692,0.14423076923076922,0.14925373134328357,False,0.15384615384615385,0.14427860696517414,False,0.15384615384615385,-0.009615384615384664
YFI,37,38,104,9,9,0.0769230769230769,0.5,0.1060576923076923,0.0354166539129083,0.8407960199004975,False,0.1634615384615384,100,0.5,0.1083653846153846,0.0342536558697295,0.0696517412935323,False,0.0865384615384615,0.16346153846153846,0.08955223880597014,False,0.15384615384615385,0.14427860696517414,False,0.16346153846153846,-5.551115123125783e-17
