bootstrap_sample,mean_coding_proportion,mean_coding_percent
1,0.28836661895413845,28.836661895413844
2,0.30271082730646287,30.271082730646288
3,0.2924699781394207,29.246997813942073
4,0.27602372417313953,27.60237241731395
5,0.29182732928473293,29.182732928473293
6,0.2850433059320127,28.50433059320127
7,0.2665303977592037,26.653039775920366
8,0.2686751711046719,26.867517110467187
9,0.27602125776409536,27.602125776409537
10,0.2909401038749835,29.094010387498347
11,0.2858201993966187,28.58201993966187
12,0.28620283649896316,28.620283649896315
13,0.2957661829692056,29.57661829692056
14,0.28847592063851263,28.847592063851263
15,0.2908120756220734,29.08120756220734
16,0.3103832219812607,31.03832219812607
17,0.3138035083190718,31.38035083190718
18,0.30599074683408634,30.599074683408634
19,0.30215007721976994,30.215007721976995
20,0.2911623820373753,29.11623820373753
21,0.2895356993093947,28.953569930939473
22,0.2883008628233869,28.83008628233869
23,0.29232064376373307,29.232064376373305
24,0.28835156517662325,28.835156517662323
25,0.28807834134104554,28.807834134104553
26,0.273724095475586,27.3724095475586
27,0.31048227482859,31.048227482858998
28,0.2767393743800277,27.67393743800277
29,0.293597696574366,29.3597696574366
30,0.27781925493157766,27.781925493157765
31,0.286352205702316,28.635220570231603
32,0.29882241453693636,29.882241453693638
33,0.30934897672931516,30.934897672931516
34,0.2697007636694464,26.97007636694464
35,0.2975679048563135,29.756790485631353
36,0.28777142963283436,28.777142963283435
37,0.29527564043071913,29.527564043071912
38,0.2924675513486651,29.246755134866508
39,0.28038108182417115,28.038108182417115
40,0.2960840990607685,29.60840990607685
41,0.29353927400464896,29.353927400464897
42,0.276654695750425,27.6654695750425
43,0.29196113621556574,29.196113621556574
44,0.32068180663847917,32.06818066384792
45,0.2921698638536207,29.21698638536207
46,0.29116090863202576,29.116090863202576
47,0.29937339024838355,29.937339024838355
48,0.2949842513767393,29.498425137673927
49,0.25979615520767396,25.979615520767396
50,0.27736762603107307,27.736762603107305
51,0.29819693070966413,29.819693070966412
52,0.2967749690600031,29.67749690600031
53,0.28405531985699883,28.405531985699884
54,0.2680381870431722,26.803818704317223
55,0.27302128036881396,27.302128036881395
56,0.2901627841628327,29.01627841628327
57,0.2939021438761559,29.390214387615586
58,0.2759331552832214,27.593315528322137
59,0.2909223943767133,29.09223943767133
60,0.271980101166277,27.198010116627703
61,0.26808977975082365,26.808977975082364
62,0.28605945480828787,28.605945480828787
63,0.2752601046101707,27.52601046101707
64,0.2874111459473879,28.741114594738793
65,0.2618656558343386,26.186565583433858
66,0.27553679852574253,27.553679852574252
67,0.2742446015470558,27.42446015470558
68,0.2994209246545076,29.94209246545076
69,0.26565688714538793,26.565688714538794
70,0.2780430188866463,27.80430188866463
71,0.2821970222704659,28.21970222704659
72,0.2895823858530614,28.95823858530614
73,0.30012840122607753,30.012840122607752
74,0.31437837492196613,31.437837492196614
75,0.29295707384072006,29.295707384072006
76,0.29454269751936696,29.454269751936696
77,0.28695794673164204,28.695794673164205
78,0.2820916804957302,28.20916804957302
79,0.2659099573933534,26.590995739335337
80,0.28110564860340315,28.110564860340315
81,0.2878255564436362,28.782555644363622
82,0.28132653857497264,28.132653857497264
83,0.2685502561070472,26.85502561070472
84,0.29351413863785153,29.351413863785154
85,0.27976682125021723,27.976682125021725
86,0.2922315705902088,29.22315705902088
87,0.2959399762137364,29.593997621373642
88,0.2760986910448002,27.609869104480023
89,0.2533062965131509,25.33062965131509
90,0.261820397970829,26.1820397970829
91,0.2666352963722678,26.66352963722678
92,0.2812983187243565,28.129831872435652
93,0.30753664496239486,30.753664496239487
94,0.2816270911461522,28.162709114615218
95,0.2831428710779242,28.314287107792417
96,0.27079493877535915,27.079493877535914
97,0.29193914641625907,29.193914641625906
98,0.2782220498744409,27.82220498744409
99,0.2740450008698056,27.40450008698056
100,0.2956189167622579,29.561891676225788
101,0.2745978527018566,27.45978527018566
102,0.27095187325774633,27.095187325774635
103,0.3128783353008755,31.28783353008755
104,0.27441878106269263,27.441878106269264
105,0.29254290928199594,29.254290928199595
106,0.26304567636746135,26.304567636746135
107,0.2863454514554509,28.634545145545086
108,0.30102830173434425,30.102830173434427
109,0.2860298997299468,28.60298997299468
110,0.27284878361390685,27.284878361390685
111,0.27949996667162347,27.949996667162345
112,0.26084723908376733,26.084723908376734
113,0.29290568135476613,29.29056813547661
114,0.279583524608138,27.958352460813803
115,0.31340330779470227,31.34033077947023
116,0.2993939815150812,29.93939815150812
117,0.2925859640153398,29.258596401533982
118,0.28062100039439825,28.062100039439823
119,0.27913152514255,27.913152514255003
120,0.28981004377814107,28.981004377814106
121,0.2895040412346485,28.95040412346485
122,0.2729037121227274,27.290371212272742
123,0.3012814266055003,30.12814266055003
124,0.28845701365745957,28.845701365745956
125,0.28280898513938646,28.280898513938645
126,0.29201231995243365,29.201231995243365
127,0.2713312018279772,27.13312018279772
128,0.28944734191499605,28.944734191499606
129,0.28231930658744964,28.231930658744965
130,0.2944906190131431,29.44906190131431
131,0.3070580790029697,30.70580790029697
132,0.2995698380520598,29.95698380520598
133,0.29702686047252647,29.702686047252648
134,0.2909160257260235,29.091602572602348
135,0.29787144673014987,29.787144673014986
136,0.2845482261552499,28.45482261552499
137,0.30215924013067547,30.215924013067546
138,0.2984890370934034,29.84890370934034
139,0.30274068473963983,30.274068473963982
140,0.29697770751981556,29.697770751981555
141,0.26940245063150986,26.940245063150986
142,0.2833032901751987,28.33032901751987
143,0.28580520024229406,28.580520024229404
144,0.28096565227263026,28.096565227263028
145,0.26312733525737575,26.312733525737574
146,0.29012488917495366,29.012488917495364
147,0.2872533851797854,28.72533851797854
148,0.28396176206576595,28.396176206576595
149,0.2795698098122042,27.95698098122042
150,0.2757412748823713,27.57412748823713
151,0.2680846788782106,26.80846788782106
152,0.29074907133659084,29.074907133659085
153,0.2843816176580354,28.43816176580354
154,0.2815967954275957,28.15967954275957
155,0.28189870923252935,28.189870923252936
156,0.28021796738785304,28.021796738785305
157,0.27000326981701855,27.000326981701857
158,0.27535546983291453,27.535546983291454
159,0.3010639916828328,30.106399168283282
160,0.27729963036707855,27.729963036707854
161,0.2940635755517442,29.406357555174424
162,0.2910577459131552,29.10577459131552
163,0.2734400009968363,27.34400009968363
164,0.2849583557184184,28.495835571841837
165,0.27371340715371506,27.371340715371506
166,0.2852965010127939,28.52965010127939
167,0.2739950923621302,27.39950923621302
168,0.2753397847302017,27.53397847302017
169,0.29673771095178963,29.673771095178964
170,0.28198653342962277,28.198653342962277
171,0.28121956155270006,28.121956155270006
172,0.3034706469613923,30.34706469613923
173,0.27757299213582287,27.757299213582286
174,0.28814380411447804,28.814380411447804
175,0.3022264275505013,30.222642755050128
176,0.29330001859297977,29.330001859297976
177,0.2681406313021184,26.814063130211842
178,0.2947747825823277,29.47747825823277
179,0.2817878412164114,28.178784121641144
180,0.3050770628708945,30.507706287089448
181,0.258292709575789,25.8292709575789
182,0.29165472582372515,29.165472582372516
183,0.29079820616258656,29.079820616258655
184,0.27557669856564254,27.557669856564253
185,0.30927692109822824,30.927692109822825
186,0.29102421165352105,29.102421165352105
187,0.2749451093371239,27.49451093371239
188,0.277248608472398,27.724860847239803
189,0.26250794364625873,26.250794364625875
190,0.26666374888423594,26.666374888423594
191,0.28459318944885204,28.459318944885204
192,0.29350786238032317,29.350786238032317
193,0.28060774986736936,28.060774986736938
194,0.3014906866508259,30.14906866508259
195,0.28970503358268423,28.970503358268424
196,0.30339125776927084,30.339125776927084
197,0.276966999865453,27.696699986545298
198,0.2712904743579224,27.12904743579224
199,0.296811804228857,29.6811804228857
200,0.2799764148774447,27.997641487744467
201,0.2990144677966911,29.90144677966911
202,0.2916971556204711,29.16971556204711
203,0.2887267910571924,28.87267910571924
204,0.27734909024758764,27.734909024758764
205,0.29356325803171773,29.356325803171774
206,0.2976583021685517,29.76583021685517
207,0.2884182967906485,28.84182967906485
208,0.289646775284564,28.964677528456402
209,0.29799905879554783,29.79990587955478
210,0.28556839311295384,28.556839311295384
211,0.29704702776678377,29.704702776678378
212,0.2841492807648281,28.41492807648281
213,0.29394321243914767,29.394321243914767
214,0.3245111402901649,32.451114029016495
215,0.3013538829662206,30.13538829662206
216,0.28925053009238644,28.925053009238646
217,0.3133745412238762,31.33745412238762
218,0.2944442791222938,29.444427912229383
219,0.2623618617573393,26.236186175733927
220,0.2784114543439308,27.841145434393077
221,0.26550168421413506,26.550168421413506
222,0.28195967481276074,28.195967481276075
223,0.26630008099155583,26.63000809915558
224,0.259551846594606,25.9551846594606
225,0.2915877422937848,29.15877422937848
226,0.27084229626575734,27.084229626575734
227,0.30145270142671343,30.145270142671343
228,0.29529014434046214,29.529014434046214
229,0.2937951517803448,29.37951517803448
230,0.3068233897129021,30.682338971290207
231,0.3074096073519656,30.74096073519656
232,0.27760165200054837,27.760165200054836
233,0.2873515422072048,28.73515422072048
234,0.2975675738833288,29.75675738833288
235,0.297254363734053,29.7254363734053
236,0.3107264977065052,31.072649770650518
237,0.28890799552349866,28.890799552349865
238,0.2836227215577747,28.362272155777468
239,0.29366287339094826,29.366287339094825
240,0.25564239393121546,25.564239393121547
241,0.3059785834413009,30.597858344130092
242,0.2864524523899894,28.64524523899894
243,0.2912093006360998,29.12093006360998
244,0.2772219026785007,27.72219026785007
245,0.2920778290264707,29.20778290264707
246,0.2810918881850408,28.109188818504077
247,0.2851694227509954,28.516942275099538
248,0.27762564927804023,27.76256492780402
249,0.2750439367049806,27.50439367049806
250,0.3052736653381239,30.52736653381239
251,0.29806154027308646,29.806154027308647
252,0.29941368721798706,29.941368721798707
253,0.26881631812130485,26.881631812130486
254,0.2992320122991284,29.923201229912838
255,0.30906017630827826,30.906017630827826
256,0.2977716622401219,29.77716622401219
257,0.3003226270169319,30.032262701693192
258,0.29737580018857945,29.737580018857944
259,0.2799929130149497,27.99929130149497
260,0.28855973696851506,28.855973696851507
261,0.2878255564436362,28.782555644363622
262,0.30663374884529504,30.663374884529503
263,0.2934943107110468,29.349431071104682
264,0.2957977475283548,29.57977475283548
265,0.29026340447748317,29.026340447748318
266,0.27005940723106403,27.005940723106402
267,0.3012186843646021,30.121868436460208
268,0.2698472711996164,26.984727119961637
269,0.3166081452258929,31.66081452258929
270,0.28820402793205857,28.820402793205858
271,0.28395894967883495,28.395894967883496
272,0.2946739158172569,29.46739158172569
273,0.29138073790579444,29.138073790579444
274,0.2875741626107184,28.75741626107184
275,0.27006272437623474,27.006272437623473
276,0.27776206936909315,27.776206936909315
277,0.2835191030331035,28.35191030331035
278,0.3047911591375185,30.479115913751848
279,0.29401755216663533,29.401755216663535
280,0.3043829530461121,30.438295304611213
281,0.2918000329887855,29.18000329887855
282,0.30576216735696077,30.576216735696075
283,0.26756345495635586,26.756345495635586
284,0.33052327759521477,33.052327759521475
285,0.29692358131530794,29.692358131530796
286,0.301603044110717,30.1603044110717
287,0.2613700962708728,26.13700962708728
288,0.27821168939508384,27.821168939508382
289,0.2846560025056697,28.46560025056697
290,0.3048471328186124,30.484713281861243
291,0.26062293480033377,26.06229348003338
292,0.2838800036483851,28.38800036483851
293,0.28987973225516867,28.987973225516868
294,0.2928310556704281,29.28310556704281
295,0.28009912017256383,28.009912017256383
296,0.26905917490626535,26.905917490626535
297,0.27177000590262307,27.177000590262306
298,0.2829390899351674,28.29390899351674
299,0.26637695419015067,26.637695419015067
300,0.2893867859118424,28.938678591184242
301,0.271889446066845,27.1889446066845
302,0.3047901019196809,30.479010191968094
303,0.28172293782440927,28.172293782440928
304,0.3094820425037913,30.94820425037913
305,0.291389569237421,29.1389569237421
306,0.28920978710453354,28.920978710453355
307,0.30229881309530215,30.229881309530214
308,0.28936116490850716,28.936116490850715
309,0.280905321142655,28.0905321142655
310,0.2711524155393695,27.115241553936947
311,0.28583406885610557,28.583406885610557
312,0.2696757350087496,26.96757350087496
313,0.3065505214375056,30.65505214375056
314,0.2798459250917826,27.984592509178256
315,0.3062785717718496,30.627857177184957
316,0.27398707415096435,27.398707415096435
317,0.2787029833042649,27.87029833042649
318,0.29054755409231964,29.054755409231962
319,0.313736049861629,31.3736049861629
320,0.2965433480178032,29.65433480178032
321,0.2793703247484186,27.93703247484186
322,0.28859602298774956,28.859602298774956
323,0.29321292664487913,29.321292664487913
324,0.2951975206854846,29.51975206854846
325,0.2662109657703335,26.62109657703335
326,0.27711409937101283,27.711409937101283
327,0.30476471670816846,30.476471670816846
328,0.274015778493179,27.4015778493179
329,0.3062411757599047,30.62411757599047
330,0.2830934111974151,28.30934111974151
331,0.2860415290498965,28.60415290498965
332,0.2743315617575996,27.433156175759958
333,0.27770773380920527,27.770773380920527
334,0.26689637488185586,26.689637488185586
335,0.3052655751628541,30.526557516285408
336,0.28776540283568103,28.776540283568103
337,0.29880436455202336,29.880436455202336
338,0.30128479643987516,30.128479643987514
339,0.2709883356798105,27.09883356798105
340,0.2819878675349122,28.198786753491216
341,0.26175730563524424,26.175730563524425
342,0.27307169622655486,27.307169622655486
343,0.268457935929341,26.845793592934097
344,0.285827516155385,28.5827516155385
345,0.28378562663871254,28.378562663871254
346,0.2766039664230291,27.66039664230291
347,0.2857581743311748,28.57581743311748
348,0.29599165405024647,29.599165405024646
349,0.2910000093637082,29.10000093637082
350,0.2853920287559011,28.539202875590107
351,0.30406503695454923,30.406503695454923
352,0.2873352387783281,28.733523877832813
353,0.28120734225998345,28.120734225998344
354,0.2653107512032089,26.531075120320892
355,0.27014387103979176,27.014387103979175
356,0.2594438094808267,25.944380948082667
357,0.27297000317626874,27.297000317626875
358,0.30665971049730784,30.665971049730782
359,0.29379421391273686,29.379421391273684
360,0.2684567085301522,26.845670853015218
361,0.2607681472971283,26.076814729712833
362,0.29477606467334355,29.477606467334354
363,0.28265277716660414,28.265277716660414
364,0.2776114631585078,27.76114631585078
365,0.2944658380873367,29.446583808733667
366,0.26743084498768027,26.743084498768027
367,0.2881759580401,28.817595804009997
368,0.3013890787293984,30.13890787293984
369,0.2922425815839947,29.22425815839947
370,0.28653734998301594,28.653734998301594
371,0.2831373017553816,28.31373017553816
372,0.275032212203869,27.503221220386898
373,0.28019263791872145,28.019263791872145
374,0.2892122515109548,28.92122515109548
375,0.28414563204037846,28.414563204037847
376,0.2622773282518825,26.227732825188248
377,0.2987186737883665,29.871867378836647
378,0.28322647697189124,28.322647697189122
379,0.306719648358038,30.6719648358038
380,0.29133544303291337,29.133544303291337
381,0.25918611781313844,25.918611781313842
382,0.28535164726373313,28.535164726373313
383,0.27612818277209444,27.612818277209445
384,0.2718375919895398,27.18375919895398
385,0.2963339643522501,29.633396435225013
386,0.2734472086026194,27.34472086026194
387,0.27663030153998425,27.663030153998424
388,0.2837582517386721,28.37582517386721
389,0.26422397476970977,26.42239747697098
390,0.30074447569202384,30.074447569202384
391,0.29828959998707033,29.828959998707035
392,0.2673652287632829,26.73652287632829
393,0.2857636087856897,28.57636087856897
394,0.27016936981922834,27.016936981922836
395,0.285957817056123,28.5957817056123
396,0.28778272597717647,28.778272597717645
397,0.3017956837946389,30.179568379463888
398,0.2949610547347501,29.49610547347501
399,0.2773615978670262,27.73615978670262
400,0.29046226399837655,29.046226399837654
401,0.26558100693339637,26.558100693339636
402,0.2847644491965267,28.47644491965267
403,0.2918881881588637,29.188818815886368
404,0.27978868196380174,27.978868196380173
405,0.2796620077660117,27.96620077660117
406,0.27211021320822165,27.211021320822166
407,0.2686675114298533,26.86675114298533
408,0.3002868266342352,30.028682663423524
409,0.2746187006750928,27.46187006750928
410,0.2875686059323047,28.75686059323047
411,0.3007126257823185,30.07126257823185
412,0.2991673979944473,29.91673979944473
413,0.28495601414218996,28.495601414218996
414,0.27953324734977747,27.95332473497775
415,0.2821977634268226,28.219776342682263
416,0.26859872838077914,26.859872838077912
417,0.26918295293702016,26.918295293702016
418,0.27876499703293534,27.876499703293533
419,0.30554635676643094,30.554635676643095
420,0.28332940702940984,28.332940702940984
421,0.2768620615484316,27.686206154843163
422,0.2749339430048542,27.49339430048542
423,0.28908286150366513,28.908286150366514
424,0.2813609771176209,28.136097711762094
425,0.29843638055748023,29.843638055748023
426,0.27280232194341847,27.280232194341846
427,0.2812936674738964,28.12936674738964
428,0.2831890491265861,28.31890491265861
429,0.27857821750469847,27.857821750469846
430,0.31304392307672785,31.304392307672785
431,0.29771607770380315,29.771607770380314
432,0.2851135586496713,28.51135586496713
433,0.3028648634401085,30.28648634401085
434,0.2793205189756913,27.93205189756913
435,0.2634853618891582,26.348536188915823
436,0.29606360018723227,29.606360018723226
437,0.27302842574598574,27.302842574598575
438,0.29225538548648017,29.225538548648018
439,0.27305927245475,27.305927245474997
440,0.2618212550526376,26.18212550526376
441,0.2855763467513858,28.557634675138583
442,0.2661088169142468,26.61088169142468
443,0.30265211938618974,30.265211938618975
444,0.2758803903124678,27.58803903124678
445,0.28423619892767377,28.423619892767377
446,0.28447080308888284,28.447080308888285
447,0.2723980806379426,27.239808063794257
448,0.3095595501783913,30.95595501783913
449,0.29648653911838097,29.648653911838096
450,0.29223897535150284,29.223897535150282
451,0.26527321492307343,26.527321492307344
452,0.2923922361379037,29.239223613790372
453,0.29737793301572174,29.737793301572175
454,0.28334812217550365,28.334812217550365
455,0.2984007576968036,29.840075769680357
456,0.3076314472289779,30.76314472289779
457,0.3100114825561673,31.001148255616727
458,0.3175359068770321,31.75359068770321
459,0.2910257100304073,29.10257100304073
460,0.27644357976540895,27.644357976540896
461,0.2910647297681956,29.106472976819557
462,0.2753805128065506,27.53805128065506
463,0.27628265284806025,27.628265284806027
464,0.2624992998922007,26.24992998922007
465,0.29730219210379033,29.730219210379033
466,0.2664840427948159,26.648404279481593
467,0.2904324198156228,29.04324198156228
468,0.26331836779576834,26.331836779576832
469,0.29796590234391546,29.796590234391545
470,0.284339817452345,28.433981745234497
471,0.2805340822315525,28.05340822315525
472,0.2671738944763487,26.717389447634872
473,0.28505930761234777,28.505930761234776
474,0.2716509191674035,27.16509191674035
475,0.2766156909241406,27.661569092414062
476,0.28056171383813155,28.056171383813155
477,0.2657563776718026,26.57563776718026
478,0.2749157863138405,27.49157863138405
479,0.30539049501967946,30.539049501967945
480,0.29750480705523397,29.750480705523398
481,0.3037968205359072,30.379682053590717
482,0.27638678047403037,27.638678047403037
483,0.282413202819785,28.2413202819785
484,0.28352719381466757,28.352719381466756
485,0.26908972672506615,26.908972672506614
486,0.26864808155518766,26.864808155518766
487,0.2888031940771279,28.88031940771279
488,0.2883494323494809,28.834943234948092
489,0.2682181942748397,26.821819427483973
490,0.2733887860329024,27.33887860329024
491,0.2666763488968359,26.66763488968359
492,0.2792876232874186,27.928762328741858
493,0.2713944244618726,27.13944244618726
494,0.2864561558062661,28.64561558062661
495,0.28337165930413577,28.337165930413576
496,0.2856938878690077,28.569388786900767
497,0.2746453344187764,27.46453344187764
498,0.2954816326846553,29.548163268465533
499,0.2936697967686107,29.36697967686107
500,0.2729428416884295,27.294284168842953
501,0.3052215172972055,30.522151729720548
502,0.2761899990884522,27.618999908845222
503,0.2920709751835027,29.207097518350274
504,0.2802506046826379,28.025060468263792
505,0.289029640727111,28.9029640727111
506,0.28658518658518656,28.658518658518656
507,0.2771044800480125,27.710448004801254
508,0.2822827130341228,28.228271303412278
509,0.2857729492186152,28.57729492186152
510,0.2659693830953751,26.59693830953751
511,0.2878599949862845,28.78599949862845
512,0.29839327120094566,29.839327120094566
513,0.3057415675628747,30.57415675628747
514,0.28490442082824435,28.490442082824437
515,0.28053184269830955,28.053184269830954
516,0.2935224729961668,29.35224729961668
517,0.26552641000385474,26.552641000385474
518,0.2962751315991611,29.62751315991611
519,0.27668659128255896,27.668659128255896
520,0.2958872878444531,29.588728784445312
521,0.2963093783068502,29.63093783068502
522,0.262542369544778,26.2542369544778
523,0.29326702086172146,29.326702086172148
524,0.26272371088173496,26.272371088173497
525,0.29220985968097685,29.220985968097686
526,0.2678608848185115,26.78608848185115
527,0.31119411458069984,31.119411458069983
528,0.28562167145500417,28.562167145500418
529,0.3008401342720867,30.08401342720867
530,0.26871236801735476,26.871236801735478
531,0.31015285364359896,31.015285364359897
532,0.2854144421938355,28.54144421938355
533,0.31904538897403373,31.904538897403373
534,0.26880148323857705,26.880148323857707
535,0.29665179531495445,29.665179531495443
536,0.2897162994899949,28.97162994899949
537,0.2623316313034795,26.233163130347947
538,0.30182203331020196,30.182203331020197
539,0.26937592359392676,26.937592359392674
540,0.3033120892693031,30.33120892693031
541,0.28655924052733783,28.655924052733784
542,0.286513688021568,28.651368802156803
543,0.28641848524730573,28.641848524730573
544,0.2927748732402482,29.27748732402482
545,0.3163574962860968,31.635749628609677
546,0.29885248071919934,29.885248071919936
547,0.2951368585825246,29.513685858252458
548,0.26727997740744125,26.727997740744126
549,0.2871699339493715,28.716993394937152
550,0.28585879403953096,28.585879403953097
551,0.27407800326417914,27.407800326417913
552,0.29107972952881433,29.107972952881433
553,0.2816002325292902,28.16002325292902
554,0.27224675552317323,27.224675552317322
555,0.283747764244793,28.374776424479297
556,0.26778742593178073,26.778742593178073
557,0.28943461428157974,28.943461428157974
558,0.27021027481130305,27.021027481130304
559,0.29608059008063864,29.608059008063865
560,0.3091582381545358,30.91582381545358
561,0.2633405594823376,26.334055948233758
562,0.2597789159138122,25.97789159138122
563,0.27452132484910524,27.452132484910525
564,0.2792405517538707,27.924055175387068
565,0.2975421069372523,29.75421069372523
566,0.2887447715074108,28.87447715074108
567,0.2969702672526804,29.69702672526804
568,0.2828250401152199,28.282504011521993
569,0.2792744955905826,27.92744955905826
570,0.2910749389782941,29.10749389782941
571,0.2750764343411144,27.50764343411144
572,0.28418519271282594,28.418519271282594
573,0.2699450115188983,26.994501151889832
574,0.2997084605049496,29.97084605049496
575,0.28601327736592014,28.601327736592015
576,0.3172606970254073,31.726069702540734
577,0.28503488357116974,28.503488357116975
578,0.262301513106943,26.2301513106943
579,0.27823945343989936,27.823945343989937
580,0.2817621669175777,28.176216691757773
581,0.26932433088627533,26.932433088627533
582,0.27500494400992914,27.500494400992913
583,0.2629040815260416,26.29040815260416
584,0.298917201729981,29.8917201729981
585,0.2610029061218906,26.10029061218906
586,0.2886788535344719,28.867885353447193
587,0.28358169121674276,28.358169121674276
588,0.2706045567513955,27.06045567513955
589,0.299052838616979,29.9052838616979
590,0.2886673357969148,28.866733579691477
591,0.2773412056995906,27.73412056995906
592,0.3007272363981621,30.07272363981621
593,0.2725194469514802,27.251944695148023
594,0.2711966376766149,27.11966376766149
595,0.27984003683408987,27.984003683408986
596,0.2773881249046093,27.73881249046093
597,0.26379334259624004,26.379334259624006
598,0.3201589368072448,32.015893680724474
599,0.2705407862523508,27.05407862523508
600,0.2871733362234007,28.717333622340067
601,0.28352643659413806,28.352643659413808
602,0.2935639991880745,29.35639991880745
603,0.2821971289765665,28.219712897656652
604,0.27273173704018683,27.27317370401868
605,0.2628243487168064,26.28243487168064
606,0.284769856676882,28.476985667688197
607,0.2596027678426298,25.96027678426298
608,0.2900959552964455,29.00959552964455
609,0.2895531999729102,28.955319997291017
610,0.2830662918171935,28.30662918171935
611,0.28265555763450617,28.265555763450617
612,0.2734986243945451,27.34986243945451
613,0.29103959500769233,29.103959500769232
614,0.30074599158933113,30.07459915893311
615,0.26202892432791564,26.202892432791565
616,0.3106023196123307,31.06023196123307
617,0.29583064321662766,29.583064321662768
618,0.2797736511122828,27.97736511122828
619,0.2671742260556277,26.717422605562767
620,0.303993956806736,30.399395680673603
621,0.27576217442562145,27.576217442562147
622,0.2778995075039546,27.78995075039546
623,0.2954236484003179,29.542364840031787
624,0.2997595484543613,29.97595484543613
625,0.2911252857713491,29.11252857713491
626,0.29416179145526067,29.416179145526065
627,0.2810609887870724,28.106098878707243
628,0.28362902373560434,28.362902373560434
629,0.29858336848064737,29.858336848064738
630,0.29565289243232995,29.565289243232996
631,0.29468239270789237,29.468239270789237
632,0.2839859325222187,28.398593252221872
633,0.29338822777995444,29.338822777995443
634,0.2989139421503065,29.891394215030648
635,0.29745159113788044,29.745159113788045
636,0.30424903940917863,30.424903940917865
637,0.3054889134167526,30.54889134167526
638,0.2978589253216428,29.785892532164283
639,0.2707907737677311,27.079077376773107
640,0.2831398903883245,28.31398903883245
641,0.267594081647897,26.7594081647897
642,0.2682569435813052,26.82569435813052
643,0.27464596886903264,27.464596886903266
644,0.29139674019242373,29.139674019242374
645,0.27918171900078165,27.918171900078164
646,0.2858376702293968,28.583767022939682
647,0.29290494019840946,29.290494019840946
648,0.26136162943254065,26.136162943254064
649,0.27537850220330695,27.537850220330697
650,0.2846105834062669,28.46105834062669
651,0.29188875067076486,29.188875067076488
652,0.2813470374485089,28.134703744850892
653,0.29591659474364407,29.591659474364405
654,0.29019040890758824,29.019040890758824
655,0.2848753057640125,28.487530576401248
656,0.30833117899687057,30.833117899687057
657,0.283118108278833,28.3118108278833
658,0.2913153824447567,29.131538244475667
659,0.3052215172972054,30.52215172972054
660,0.2975225032773318,29.752250327733183
661,0.2961697898244254,29.61697898244254
662,0.29260888482043107,29.260888482043107
663,0.3043333385020499,30.433333850204992
664,0.2810739077348223,28.107390773482233
665,0.30990293321603063,30.990293321603062
666,0.28452772728171366,28.452772728171364
667,0.25567232697959286,25.567232697959284
668,0.28487519845161774,28.487519845161774
669,0.2745804891814732,27.45804891814732
670,0.278256652688686,27.825665268868597
671,0.27948952106340785,27.948952106340784
672,0.26181630265993006,26.181630265993007
673,0.27866030689506405,27.866030689506406
674,0.30445924935994706,30.445924935994707
675,0.27492269217108206,27.492269217108205
676,0.3136649421504534,31.366494215045336
677,0.2659574391102733,26.59574391102733
678,0.3029730265091391,30.29730265091391
679,0.2694180427347671,26.94180427347671
680,0.2745383573965039,27.45383573965039
681,0.2937373917628915,29.37373917628915
682,0.2780987676945618,27.80987676945618
683,0.2897603441052203,28.97603441052203
684,0.29403970623753894,29.403970623753896
685,0.2609059867079978,26.090598670799782
686,0.28608486974009073,28.60848697400907
687,0.2819897930092972,28.19897930092972
688,0.26537554242361566,26.537554242361566
689,0.2826665470986246,28.26665470986246
690,0.28947473372916327,28.947473372916328
691,0.2810091692036197,28.100916920361968
692,0.3086529207286089,30.86529207286089
693,0.28280022980293584,28.280022980293584
694,0.29897879224681034,29.897879224681034
695,0.2886541188373883,28.86541188373883
696,0.2814659697926567,28.14659697926567
697,0.2903468933235628,29.03468933235628
698,0.2952107425042117,29.52107425042117
699,0.2889517212035741,28.895172120357408
700,0.2691051880770363,26.91051880770363
701,0.2813862220641882,28.138622206418816
702,0.2562530531318781,25.62530531318781
703,0.27400292177404045,27.400292177404044
704,0.2591711180525197,25.91711180525197
705,0.2703796505859162,27.037965058591617
706,0.3070269702496211,30.702697024962113
707,0.2742754400233868,27.427544002338678
708,0.2917011874942135,29.17011874942135
709,0.30219281529306824,30.219281529306823
710,0.28936522694679956,28.936522694679955
711,0.2885960229877496,28.859602298774963
712,0.30609342749114954,30.609342749114955
713,0.291168750688065,29.116875068806504
714,0.28670464494476017,28.67046449447602
715,0.30610385984894195,30.610385984894194
716,0.29324129254599135,29.324129254599136
717,0.29314671470832704,29.314671470832703
718,0.26845958251365126,26.845958251365126
719,0.2860028323639987,28.60028323639987
720,0.26438905472548807,26.438905472548807
721,0.2667813351800268,26.678133518002678
722,0.2817482980643851,28.174829806438513
723,0.26810534202334363,26.810534202334363
724,0.30005290363409554,30.005290363409554
725,0.27866595657293325,27.866595657293324
726,0.2913945222364227,29.13945222364227
727,0.2837164340125607,28.37164340125607
728,0.27756395144881607,27.75639514488161
729,0.27867213592057005,27.867213592057006
730,0.3002460991641805,30.02460991641805
731,0.3028448261579235,30.284482615792353
732,0.27614724549735575,27.614724549735577
733,0.30387109072870033,30.387109072870032
734,0.2700753243888347,27.00753243888347
735,0.3193470016367199,31.93470016367199
736,0.29726717597570235,29.726717597570236
737,0.25694379890459107,25.694379890459107
738,0.30678061393826933,30.678061393826933
739,0.2615204013392107,26.152040133921066
740,0.30423386340776476,30.423386340776474
741,0.26590902213466255,26.590902213466254
742,0.29815419263636583,29.815419263636585
743,0.27988546824380894,27.988546824380894
744,0.27620522978169326,27.620522978169326
745,0.27369209150862167,27.36920915086217
746,0.2901330515624716,29.01330515624716
747,0.2782255445416315,27.82255445416315
748,0.2867932404028408,28.679324040284083
749,0.2855901465141436,28.559014651414362
750,0.2785051843191378,27.85051843191378
751,0.2894094334042123,28.94094334042123
752,0.26667931115675586,26.667931115675586
753,0.28794557904384077,28.794557904384078
754,0.28498673023258764,28.498673023258764
755,0.26602909674914066,26.602909674914066
756,0.301908125862763,30.1908125862763
757,0.2899241870537661,28.99241870537661
758,0.2643056907122243,26.430569071222433
759,0.3347164931580761,33.47164931580761
760,0.27752370977733376,27.752370977733378
761,0.2960999095124386,29.60999095124386
762,0.2775823325687484,27.758233256874842
763,0.2901757031105827,29.01757031105827
764,0.2922941742916461,29.229417429164613
765,0.282490944821302,28.2490944821302
766,0.2728872715507186,27.28872715507186
767,0.3048201499752287,30.48201499752287
768,0.30027581624674354,30.027581624674355
769,0.28841616396350617,28.841616396350616
770,0.2810749109357635,28.107491093576346
771,0.3137562028429471,31.37562028429471
772,0.31728119589894355,31.728119589894355
773,0.2833032901751987,28.33032901751987
774,0.3219097226204935,32.19097226204935
775,0.2973702429038716,29.73702429038716
776,0.3038362139006725,30.38362139006725
777,0.2909903373515037,29.09903373515037
778,0.31905050309707,31.905050309707
779,0.2810923840359165,28.109238403591654
780,0.28527443294645216,28.527443294645217
781,0.2728245136299878,27.282451362998778
782,0.2888037138402696,28.880371384026958
783,0.2986539527775849,29.865395277758488
784,0.2975817743158004,29.75817743158004
785,0.2942542364657827,29.42542364657827
786,0.27692558593086863,27.692558593086865
787,0.2653727751462172,26.53727751462172
788,0.272221768970094,27.222176897009398
789,0.3114225543135056,31.142255431350556
790,0.27537474677275675,27.537474677275675
791,0.28833709370653465,28.833709370653466
792,0.2783390687991299,27.83390687991299
793,0.2931917475366237,29.31917475366237
794,0.2912170491765421,29.121704917654213
795,0.2949940109646849,29.499401096468493
796,0.29781302416043276,29.781302416043275
797,0.26085096580601586,26.085096580601586
798,0.2973988325589718,29.739883255897183
799,0.2891290942441542,28.912909424415417
800,0.31248625572262007,31.248625572262007
801,0.2838620997996368,28.386209979963677
802,0.29693452216810506,29.693452216810506
803,0.2852791368861164,28.52791368861164
804,0.29306998010911256,29.306998010911258
805,0.275979138623255,27.597913862325502
806,0.2728653119159619,27.286531191596193
807,0.29843650278137895,29.843650278137897
808,0.27050027506816643,27.050027506816644
809,0.2658389234742629,26.583892347426293
810,0.29427513712822306,29.427513712822307
811,0.2958787719680131,29.58787719680131
812,0.2702638936399963,27.02638936399963
813,0.2951102295019561,29.51102295019561
814,0.28266598458672343,28.26659845867234
815,0.29179126813867673,29.179126813867672
816,0.2705107200700878,27.05107200700878
817,0.2906104356332779,29.061043563327786
818,0.2845367210618218,28.453672106182182
819,0.319391964930322,31.939196493032203
820,0.30601034988771264,30.601034988771264
821,0.27257131854920646,27.257131854920647
822,0.25317442770083204,25.317442770083204
823,0.2918920678159356,29.18920678159356
824,0.27585909383951424,27.585909383951424
825,0.2959520088552346,29.59520088552346
826,0.28545709574456946,28.545709574456946
827,0.31548071101906816,31.548071101906817
828,0.288073134688682,28.8073134688682
829,0.2748777288774799,27.48777288774799
830,0.3109579818780545,31.09579818780545
831,0.29677770617285154,29.677770617285155
832,0.2900748363455119,29.00748363455119
833,0.3158113291662165,31.58113291662165
834,0.3050443542182998,30.504435421829978
835,0.2939976175337301,29.39976175337301
836,0.2941656170954361,29.416561709543608
837,0.2798085098906064,27.98085098906064
838,0.29243192848798844,29.243192848798845
839,0.29939611434222346,29.939611434222346
840,0.27863290682740155,27.863290682740153
841,0.293674910891647,29.367491089164698
842,0.28667491234439907,28.667491234439908
843,0.28323097355879817,28.323097355879817
844,0.25951831408620535,25.951831408620535
845,0.276550003883824,27.6550003883824
846,0.2819795694005908,28.197956940059083
847,0.2764403201857344,27.64403201857344
848,0.27765875371539916,27.765875371539916
849,0.2907941191527574,29.079411915275738
850,0.270590850418566,27.0590850418566
851,0.26985026940963713,26.985026940963714
852,0.2995890034266008,29.958900342660076
853,0.26636239759120345,26.636239759120343
854,0.28984936526447097,28.984936526447097
855,0.2739338113267122,27.39338113267122
856,0.2825161178037651,28.25161178037651
857,0.28159977672348957,28.15997767234896
858,0.28112514555722307,28.112514555722306
859,0.2960907284748178,29.609072847481784
860,0.2875322970513581,28.75322970513581
861,0.2660790843138857,26.607908431388573
862,0.29689166187090804,29.689166187090805
863,0.2820467172021281,28.204671720212808
864,0.2937191330288924,29.37191330288924
865,0.28291080041357125,28.291080041357127
866,0.2998643355021242,29.98643355021242
867,0.2854025833375923,28.540258333759226
868,0.29268075120838444,29.268075120838443
869,0.2890447471938304,28.90447471938304
870,0.2916527948838453,29.16527948838453
871,0.2840668646543842,28.40668646543842
872,0.2809760127519873,28.09760127519873
873,0.2992291509597582,29.92291509597582
874,0.29814530556235835,29.814530556235834
875,0.29888134933301075,29.888134933301075
876,0.28364958017463676,28.364958017463675
877,0.2932411858398908,29.32411858398908
878,0.27828351130554796,27.828351130554797
879,0.30359769964536,30.359769964536
880,0.28627028544274774,28.627028544274776
881,0.2915318908365896,29.15318908365896
882,0.27496301897142295,27.496301897142295
883,0.2881607118290609,28.81607118290609
884,0.2762197617934438,27.621976179344383
885,0.27269144785551164,27.269144785551163
886,0.28120903680174625,28.120903680174624
887,0.27828677088522247,27.828677088522248
888,0.298524642433659,29.8524642433659
889,0.2851538604784754,28.515386047847542
890,0.2763283877350506,27.632838773505057
891,0.2788724418040761,27.88724418040761
892,0.29722582609322634,29.722582609322636
893,0.2845100873181381,28.451008731813808
894,0.30144565382252925,30.144565382252924
895,0.2784046606582847,27.84046606582847
896,0.2852388100857755,28.52388100857755
897,0.26670927468973926,26.670927468973925
898,0.307344886341184,30.7344886341184
899,0.2668515885039795,26.68515885039795
900,0.2920698630777225,29.206986307772247
901,0.29148093257919433,29.148093257919435
902,0.27180953641052047,27.180953641052046
903,0.29030812115863036,29.030812115863036
904,0.287732817469501,28.7732817469501
905,0.2832592209727767,28.325922097277672
906,0.27942778134852014,27.942778134852013
907,0.3033143294088402,30.331432940884017
908,0.28238486189020945,28.238486189020946
909,0.30530224059461636,30.530224059461634
910,0.2937794810729945,29.37794810729945
911,0.27840589766551715,27.840589766551716
912,0.283432020598661,28.3432020598661
913,0.2940766091866086,29.40766091866086
914,0.2847447434936208,28.474474349362076
915,0.304827512244565,30.4827512244565
916,0.2805917475807401,28.05917475807401
917,0.26546123318727255,26.546123318727254
918,0.27262598568837326,27.262598568837326
919,0.2867744028708137,28.677440287081367
920,0.32083625513720304,32.08362551372031
921,0.3052622447672602,30.52622447672602
922,0.30548882828789403,30.548882828789402
923,0.2788561383751994,27.88561383751994
924,0.2971532787062381,29.71532787062381
925,0.275429231530703,27.542923153070298
926,0.28493448701050733,28.493448701050735
927,0.2765292705290658,27.652927052906577
928,0.2687447257471342,26.87447257471342
929,0.31233644650515796,31.233644650515796
930,0.28438413675628377,28.438413675628375
931,0.27581430806793206,27.581430806793207
932,0.2619733613688389,26.19733613688389
933,0.3011100601517251,30.11100601517251
934,0.27564893657795,27.564893657794997
935,0.2850571747852054,28.50571747852054
936,0.2914246284637609,29.142462846376088
937,0.2886608730842534,28.866087308425342
938,0.26903254116258163,26.903254116258164
939,0.28613148607413225,28.613148607413226
940,0.2568063607697296,25.680636076972963
941,0.2877990294060532,28.779902940605318
942,0.2727395375949026,27.27395375949026
943,0.28950642051221126,28.950642051221127
944,0.2606446882015235,26.06446882015235
945,0.2627953254394418,26.27953254394418
946,0.2810908154494051,28.109081544940512
947,0.30917243858700744,30.917243858700743
948,0.294475843681443,29.447584368144298
949,0.2731079911789024,27.310799117890237
950,0.2951567932154298,29.515679321542983
951,0.29503547959109644,29.503547959109643
952,0.2828343278589412,28.28343278589412
953,0.3055746041804095,30.55746041804095
954,0.2862249905698668,28.622499056986676
955,0.2852822999740281,28.52822999740281
956,0.2788934419939829,27.88934419939829
957,0.2923753533948576,29.23753533948576
958,0.2777850056919824,27.77850056919824
959,0.2920763593578862,29.207635935788616
960,0.29319033428859603,29.319033428859605
961,0.29806310885959797,29.806310885959796
962,0.2625902530506021,26.259025305060206
963,0.2987080639085541,29.87080639085541
964,0.2848495774482824,28.484957744828236
965,0.2900181209017671,29.00181209017671
966,0.28403841214241604,28.403841214241606
967,0.29617204687808935,29.617204687808936
968,0.2862553708109876,28.625537081098763
969,0.28219926180370886,28.219926180370887
970,0.29058369984660887,29.058369984660885
971,0.2579024079394252,25.79024079394252
972,0.27371970559477965,27.371970559477965
973,0.28633664342979603,28.633664342979603
974,0.28854935196188103,28.8549351961881
975,0.2892767381948195,28.927673819481953
976,0.30381971576316746,30.381971576316747
977,0.28280276329979204,28.280276329979202
978,0.2625722263716608,26.257222637166077
979,0.29026632468970504,29.026632468970504
980,0.2894631044092136,28.94631044092136
981,0.27264829015283215,27.264829015283215
982,0.27374668843816335,27.374668843816334
983,0.3148340225057096,31.483402250570958
984,0.27864441192082956,27.864441192082957
985,0.3093294979022105,30.93294979022105
986,0.28117533941545464,28.117533941545464
987,0.28427766755408523,28.427766755408523
988,0.2865061170031457,28.65061170031457
989,0.29273798572330806,29.273798572330804
990,0.3165643939679865,31.656439396798653
991,0.2992327534554851,29.92327534554851
992,0.29988551461037977,29.988551461037975
993,0.29494520711167405,29.494520711167404
994,0.27543946778353834,27.543946778353835
995,0.29106920477786047,29.106920477786048
996,0.2832367077592318,28.323670775923183
997,0.2677267463083997,26.772674630839973
998,0.2818012939677608,28.18012939677608
999,0.30658625161057707,30.658625161057707
1000,0.28805340880486274,28.805340880486273
1001,0.27764609613730296,27.764609613730297
1002,0.2750507600422807,27.50507600422807
1003,0.28806160741171766,28.806160741171766
1004,0.2992122545819489,29.92122545819489
1005,0.2795991167113952,27.95991167113952
1006,0.27323008013338906,27.323008013338907
1007,0.29729387992901124,29.729387992901124
1008,0.28936135622284076,28.936135622284077
1009,0.28457431490745344,28.457431490745343
1010,0.2807673426794286,28.07673426794286
1011,0.2594438094808267,25.944380948082667
1012,0.2724587848485202,27.24587848485202
1013,0.29292286795942374,29.292286795942374
1014,0.29337222549332514,29.337222549332516
1015,0.28851855927001324,28.851855927001324
1016,0.28951895586640874,28.951895586640873
1017,0.28989603568404543,28.989603568404544
1018,0.28991970311098814,28.991970311098815
1019,0.268369501869188,26.836950186918802
1020,0.30248281554993156,30.248281554993156
1021,0.28437685970147464,28.437685970147463
1022,0.26909151045250856,26.909151045250855
1023,0.2734017895032167,27.34017895032167
1024,0.2904556715936988,29.045567159369877
1025,0.28974516871010053,28.974516871010053
1026,0.2947530843172247,29.475308431722468
1027,0.27083145572721584,27.083145572721584
1028,0.27581806349848226,27.581806349848225
1029,0.3109393909584823,31.093939095848228
1030,0.2900583255638779,29.00583255638779
1031,0.28829680452185946,28.829680452185947
1032,0.26243766222029846,26.243766222029848
1033,0.2907169574560441,29.07169574560441
1034,0.27495938776739437,27.495938776739436
1035,0.2616179376829385,26.16179376829385
1036,0.3107497500908753,31.07497500908753
1037,0.2694697602752344,26.94697602752344
1038,0.2770203178257919,27.70203178257919
1039,0.29478240873683675,29.478240873683674
1040,0.2849838100203657,28.49838100203657
1041,0.26271017500414995,26.271017500414995
1042,0.25927180857679527,25.927180857679527
1043,0.27294497451557187,27.294497451557188
1044,0.28266081289819095,28.266081289819095
1045,0.2936544120181108,29.36544120181108
1046,0.30190599303562066,30.190599303562067
1047,0.28895073359679696,28.895073359679696
1048,0.30333696911628166,30.333696911628167
1049,0.28243375925881736,28.243375925881736
1050,0.28742427425051803,28.742427425051805
1051,0.2942832826016141,29.42832826016141
1052,0.29094128331671976,29.094128331671975
1053,0.2747585182495515,27.47585182495515
1054,0.25269960756391346,25.269960756391345
1055,0.2695209333535047,26.95209333535047
1056,0.29144873356978895,29.144873356978895
1057,0.2986900139236411,29.86900139236411
1058,0.2703690105415537,27.036901054155372
1059,0.29081961107037047,29.081961107037046
1060,0.2943898213385072,29.438982133850722
1061,0.28724262403071454,28.724262403071453
1062,0.2719469447146446,27.19469447146446
1063,0.3000629390589392,30.006293905893923
1064,0.27532647838891017,27.532647838891016
1065,0.31573372857782944,31.573372857782942
1066,0.2762968094093369,27.62968094093369
1067,0.26583679064712057,26.583679064712058
1068,0.2823772908717871,28.23772908717871
1069,0.2861451455719447,28.61451455719447
1070,0.2866274306274792,28.66274306274792
1071,0.28505580063484076,28.505580063484075
1072,0.2924319284879885,29.24319284879885
1073,0.27124382785933093,27.124382785933093
1074,0.2823373650997511,28.23373650997511
1075,0.29727888016839243,29.727888016839245
1076,0.2758360614691218,27.58360614691218
1077,0.2842454165304064,28.42454165304064
1078,0.29694305269129695,29.694305269129696
1079,0.3302241166948209,33.02241166948209
1080,0.2817434517714839,28.174345177148393
1081,0.2665306831097598,26.653068310975982
1082,0.2766571601568463,27.665716015684634
1083,0.28753899555584234,28.753899555584233
1084,0.2944977342257648,29.44977342257648
1085,0.2786343580492148,27.863435804921483
1086,0.30139610881316153,30.139610881316152
1087,0.2705692914535231,27.05692914535231
1088,0.29184941487149574,29.184941487149572
1089,0.2807872773123339,28.07872773123339
1090,0.2964938881372941,29.64938881372941
1091,0.2977167486505347,29.77167486505347
1092,0.3227064291004002,32.27064291004002
1093,0.2751744138465138,27.51744138465138
1094,0.2888007601077381,28.88007601077381
1095,0.29642364432699947,29.642364432699946
1096,0.29027272983687025,29.027272983687023
1097,0.27629394919240235,27.629394919240234
1098,0.285661459929603,28.5661459929603
1099,0.27187877152863005,27.187877152863006
1100,0.27604532151444744,27.604532151444744
1101,0.25588446301104045,25.588446301104046
1102,0.2747855945228635,27.47855945228635
1103,0.28384255083154336,28.384255083154336
1104,0.28540720475731507,28.540720475731508
1105,0.2886223851474417,28.86223851474417
1106,0.27787401619263563,27.787401619263562
1107,0.2732052002864105,27.32052002864105
1108,0.2840066233163827,28.400662331638273
1109,0.301328113149167,30.1328113149167
1110,0.28890832710277753,28.890832710277753
1111,0.2886400802471039,28.86400802471039
1112,0.2957788405473018,29.57788405473018
1113,0.2643855781850126,26.438557818501263
1114,0.2949171515326547,29.491715153265467
1115,0.2758328539037208,27.58328539037208
1116,0.2863547391991722,28.63547391991722
1117,0.2821089197895919,28.21089197895919
1118,0.280762266172058,28.0762266172058
1119,0.28695676728990577,28.695676728990577
1120,0.29741726881499086,29.741726881499087
1121,0.28835327290888974,28.835327290888973
1122,0.2647023891012854,26.47023891012854
1123,0.2872618164479923,28.726181644799233
1124,0.28885371465543785,28.885371465543784
1125,0.30409464733101166,30.409464733101167
1126,0.29316488952605585,29.316488952605585
1127,0.2836924404718338,28.36924404718338
1128,0.2523860213578696,25.23860213578696
1129,0.2982702805552704,29.827028055527038
1130,0.2640123731481558,26.401237314815578
1131,0.2805340822315526,28.05340822315526
1132,0.3123734185446624,31.237341854466237
1133,0.29856949902116053,29.856949902116053
1134,0.30630256531257644,30.630256531257643
1135,0.29396073001678996,29.396073001678996
1136,0.2731740613685118,27.31740613685118
1137,0.2766377880358423,27.663778803584233
1138,0.2911750947515582,29.117509475155824
1139,0.2799605497339476,27.996054973394756
1140,0.2853925941414714,28.53925941414714
1141,0.29074907133659084,29.074907133659085
1142,0.2881006277558002,28.81006277558002
1143,0.28009760427525654,28.009760427525656
1144,0.2728812433866717,27.28812433866717
1145,0.28878675411141325,28.878675411141323
1146,0.2902243122549653,29.022431225496533
1147,0.2856851554585533,28.568515545855327
1148,0.29379410720663623,29.379410720663625
1149,0.29068679921443247,29.06867992144325
1150,0.2784523066468014,27.845230664680138
1151,0.30309024939229073,30.309024939229072
1152,0.2803408399906543,28.03408399906543
1153,0.30122980145819445,30.122980145819444
1154,0.2928358293068214,29.28358293068214
1155,0.283108973469935,28.310897346993503
1156,0.27203792117901765,27.203792117901767
1157,0.2766665546066683,27.666655460666828
1158,0.2811525678084218,28.11525678084218
1159,0.29836109031825553,29.836109031825554
1160,0.29401605378974915,29.401605378974914
1161,0.27259516289187496,27.259516289187495
1162,0.28664558792478706,28.664558792478704
1163,0.2891580552511271,28.91580552511271
1164,0.2875572548961356,28.75572548961356
1165,0.28440730401179526,28.440730401179525
1166,0.3004524000114799,30.045240001147988
1167,0.2808607680324248,28.08607680324248
1168,0.28505930761234777,28.505930761234776
1169,0.265945113111456,26.594511311145602
1170,0.27581007224438464,27.581007224438466
1171,0.296768238725404,29.676823872540396
1172,0.2876718275240271,28.76718275240271
1173,0.2848948021115382,28.489480211153822
1174,0.28604260178553215,28.604260178553215
1175,0.2720974164843704,27.209741648437042
1176,0.2767245388910058,27.67245388910058
1177,0.28955339440905703,28.955339440905703
1178,0.2982525854556081,29.82525854556081
1179,0.28403914065464375,28.403914065464374
1180,0.2893826424814564,28.93826424814564
1181,0.28733597993468485,28.733597993468486
1182,0.2777077338092052,27.77077338092052
1183,0.2948062398290821,29.48062398290821
1184,0.28623993276498927,28.623993276498926
1185,0.2686109363367224,26.86109363367224
1186,0.29648772343640933,29.648772343640932
1187,0.27014555380052147,27.014555380052148
1188,0.29455882342622364,29.455882342622363
1189,0.27086801818964257,27.086801818964258
1190,0.29493086632858845,29.493086632858844
1191,0.3015779623764759,30.157796237647588
1192,0.2892373868777523,28.92373868777523
1193,0.2823275120561281,28.23275120561281
1194,0.2732284520644864,27.322845206448644
1195,0.26779658944898044,26.779658944898046
1196,0.28094084196034613,28.094084196034615
1197,0.2845275328455668,28.45275328455668
1198,0.29844361799400065,29.844361799400065
1199,0.2659069191382575,26.590691913825747
1200,0.2826333359551651,28.26333359551651
1201,0.28817696056611053,28.81769605661105
1202,0.2567289377033626,25.67289377033626
1203,0.3279440985190114,32.79440985190114
1204,0.28075717108499565,28.075717108499564
1205,0.2874646558283546,28.746465582835462
1206,0.2910824248678579,29.10824248678579
1207,0.2930819936975454,29.30819936975454
1208,0.2857130437298905,28.571304372989047
1209,0.28581081161253485,28.581081161253486
1210,0.2849583557184184,28.495835571841837
1211,0.30156026842175293,30.156026842175294
1212,0.29497407572548545,29.497407572548546
1213,0.2898368719579716,28.98368719579716
1214,0.3040218516028388,30.402185160283878
1215,0.26901634443980554,26.901634443980555
1216,0.27450992240495675,27.450992240495676
1217,0.296298793560609,29.6298793560609
1218,0.28133103516187963,28.133103516187962
1219,0.28840288745295195,28.840288745295194
1220,0.2751726125986504,27.517261259865037
1221,0.28192507199851563,28.192507199851562
1222,0.2749120828975638,27.49120828975638
1223,0.2843611187844991,28.43611187844991
1224,0.3038131239647839,30.38131239647839
1225,0.28901698314901486,28.901698314901488
1226,0.2938819152796373,29.38819152796373
1227,0.28620356874795594,28.620356874795593
1228,0.28606081664833616,28.606081664833617
1229,0.2861767101310939,28.61767101310939
1230,0.2917233791807828,29.172337918078277
1231,0.28369780304791337,28.369780304791337
1232,0.29837827204662104,29.837827204662105
1233,0.2912139220558226,29.121392205582257
1234,0.308156644595983,30.815664459598302
1235,0.3039448854647079,30.39448854647079
1236,0.28830339632024304,28.830339632024305
1237,0.2673231394531799,26.732313945317994
1238,0.3059396853211172,30.59396853211172
1239,0.26277989391820905,26.277989391820906
1240,0.28008249780853717,28.008249780853717
1241,0.2865851626729206,28.65851626729206
1242,0.3004472673087518,30.044726730875183
1243,0.27018588060086235,27.018588060086234
1244,0.2949263697416814,29.49263697416814
1245,0.29692106289199016,29.692106289199018
1246,0.3023119940876365,30.231199408763647
1247,0.276226516040309,27.6226516040309
1248,0.2692041840595491,26.92041840595491
1249,0.2894891355959209,28.94891355959209
1250,0.2852338420132354,28.523384201323537
1251,0.3005619891347017,30.056198913470173
1252,0.2635771195549632,26.35771195549632
1253,0.2892248515235548,28.92248515235548
1254,0.282371786207647,28.237178620764702
1255,0.30068830066231267,30.068830066231268
1256,0.30764526139034354,30.764526139034352
1257,0.2805618913601515,28.056189136015153
1258,0.2640699016266927,26.40699016266927
1259,0.29200310129914714,29.200310129914715
1260,0.26956711079587253,26.956711079587254
1261,0.26564221896404816,26.564221896404817
1262,0.2976558532799286,29.76558532799286
1263,0.2987462735615853,29.874627356158527
1264,0.3093086499289743,30.930864992897426
1265,0.2791943190133816,27.91943190133816
1266,0.2731019786946881,27.310197869468812
1267,0.28140096343131893,28.140096343131894
1268,0.28618004052668783,28.618004052668784
1269,0.29044626171174737,29.044626171174738
1270,0.3062413532819247,30.62413532819247
1271,0.26530039446061693,26.530039446061693
1272,0.30579924897623506,30.579924897623506
1273,0.28633451060265364,28.633451060265365
1274,0.293253044696134,29.3253044696134
1275,0.2923530070447352,29.23530070447352
1276,0.2842877916353252,28.428779163532518
1277,0.2698029125255331,26.98029125255331
1278,0.27733970732270435,27.733970732270436
1279,0.2750023728974073,27.50023728974073
1280,0.3031571032302147,30.31571032302147
1281,0.2960851341807385,29.60851341807385
1282,0.2750982944484047,27.509829444840474
1283,0.2877408046754353,28.774080467543527
1284,0.2964531606672393,29.645316066723932
1285,0.2888332456126389,28.88332456126389
1286,0.28886098453161274,28.886098453161274
1287,0.2965012587077001,29.65012587077001
1288,0.31078705370965876,31.078705370965874
1289,0.26667527616120024,26.667527616120022
1290,0.2840193829374643,28.401938293746433
1291,0.2917887346418206,29.178873464182058
1292,0.28424811359817964,28.424811359817966
1293,0.2899211163590158,28.99211163590158
1294,0.28110391990018885,28.110391990018886
1295,0.27617263757069177,27.61726375706918
1296,0.2880082894513788,28.80082894513788
1297,0.27884301007206935,27.884301007206936
1298,0.27738936191184177,27.738936191184177
1299,0.26645371584919336,26.645371584919335
1300,0.28510911659255683,28.510911659255683
1301,0.2708714119362834,27.08714119362834
1302,0.2871672386103279,28.71672386103279
1303,0.2990028924936378,29.90028924936378
1304,0.31300727195790484,31.300727195790483
1305,0.26801461373812063,26.801461373812064
1306,0.3009400223377444,30.094002233774443
1307,0.29722549512024155,29.722549512024155
1308,0.28774110268721187,28.774110268721188
1309,0.2608823210097848,26.08823210097848
1310,0.27209634374873476,27.209634374873477
1311,0.2818625911272712,28.186259112727118
1312,0.2671691309685653,26.71691309685653
1313,0.2870204282091808,28.702042820918077
1314,0.30707314769198885,30.707314769198884
1315,0.27204206288067395,27.204206288067397
1316,0.27483368426225446,27.483368426225447
1317,0.28247685109493087,28.247685109493087
1318,0.30944537707202907,30.944537707202908
1319,0.28005636658146726,28.005636658146727
1320,0.270161294717497,27.0161294717497
1321,0.27353559643404957,27.353559643404957
1322,0.2971352896429625,29.71352896429625
1323,0.26614218272125945,26.614218272125946
1324,0.2844871363484969,28.448713634849693
1325,0.31860052863333344,31.860052863333344
1326,0.293608057053723,29.3608057053723
1327,0.29979324584065287,29.979324584065285
1328,0.28681009342559655,28.681009342559655
1329,0.26985567203079186,26.985567203079185
1330,0.28117762517742045,28.117762517742044
1331,0.28784612552679767,28.784612552679768
1332,0.285533516284926,28.553351628492603
1333,0.27789587629992596,27.789587629992596
1334,0.2849583557184184,28.495835571841837
1335,0.27479414111022815,27.479414111022816
1336,0.30827594761707283,30.82759476170728
1337,0.2978186361369677,29.781863613696768
1338,0.2699593367841858,26.99593367841858
1339,0.3103761918974975,31.037619189749748
1340,0.2969235813153079,29.69235813153079
1341,0.3110095751920001,31.100957519200012
1342,0.2899820819392471,28.99820819392471
1343,0.2862583690210084,28.625836902100836
1344,0.2762586599136276,27.625865991362758
1345,0.28811236378185057,28.811236378185058
1346,0.2944255489026615,29.44255489026615
1347,0.2950152133789122,29.50152133789122
1348,0.2716873720500605,27.16873720500605
1349,0.2725425344579594,27.25425344579594
1350,0.31754725791320126,31.754725791320126
1351,0.30818469956870814,30.818469956870814
1352,0.2912476721313183,29.12476721313183
1353,0.2811771693716199,28.11771693716199
1354,0.2812500958510799,28.12500958510799
1355,0.2529993885417048,25.299938854170477
1356,0.294179486554923,29.4179486554923
1357,0.2784076989133806,27.840769891338056
1358,0.27231030913005333,27.231030913005334
1359,0.30684320212190863,30.684320212190862
1360,0.28241459449057055,28.241459449057054
1361,0.2812669184368041,28.126691843680412
1362,0.2599288894028711,25.992888940287113
1363,0.2760389528637577,27.603895286375767
1364,0.2894555689609165,28.945556896091652
1365,0.2855423858385125,28.554238583851248
1366,0.30237191709678224,30.237191709678225
1367,0.2729416447262722,27.29416447262722
1368,0.2612845824229418,26.12845824229418
1369,0.30141347233354493,30.141347233354495
1370,0.29512597041893157,29.51259704189316
1371,0.2678688814781844,26.786888147818438
1372,0.2863902378333272,28.639023783332718
1373,0.2958027765225325,29.58027765225325
1374,0.2746879333463198,27.46879333463198
1375,0.2808587574291812,28.08587574291812
1376,0.3104697096436552,31.04697096436552
1377,0.32359373911838274,32.359373911838276
1378,0.2716689171380431,27.166891713804308
1379,0.2925917300491337,29.259173004913368
1380,0.2869952928423833,28.699529284238327
1381,0.27585585644337596,27.585585644337595
1382,0.2843132904147619,28.43132904147619
1383,0.30143254364611427,30.143254364611426
1384,0.2713799896168154,27.137998961681543
1385,0.2926795542462271,29.26795542462271
1386,0.29695010774659686,29.695010774659686
1387,0.278064423188136,27.806442318813602
1388,0.27373590231755573,27.373590231755575
1389,0.2627621988185467,26.27621988185467
1390,0.29564240493845084,29.564240493845084
1391,0.28094207896757867,28.094207896757865
1392,0.31176583003875014,31.176583003875013
1393,0.3080240346273075,30.802403462730748
1394,0.2726543266179488,27.26543266179488
1395,0.2862399327649893,28.623993276498933
1396,0.28604312154867384,28.604312154867383
1397,0.2999529309602049,29.995293096020493
1398,0.2875702987453378,28.757029874533778
1399,0.2928001393583328,29.28001393583328
1400,0.30823586891021343,30.823586891021343
1401,0.26771493946643,26.771493946642998
1402,0.2890409917632802,28.904099176328018
1403,0.29245106889099276,29.245106889099276
1404,0.3066009844503194,30.66009844503194
1405,0.28521784033290026,28.521784033290025
1406,0.2946081596865053,29.46081596865053
1407,0.29893489682964325,29.893489682964326
1408,0.26127115297756415,26.127115297756415
1409,0.2987794618465779,29.877946184657787
1410,0.2773623965888791,27.73623965888791
1411,0.268385064141708,26.838506414170798
1412,0.2968096023112797,29.68096023112797
1413,0.2821997176095094,28.21997176095094
1414,0.32998553222988325,32.99855322298833
1415,0.29215666594715956,29.215666594715955
1416,0.2947677524985645,29.476775249856452
1417,0.2717066063530018,27.17066063530018
1418,0.29343138921939893,29.343138921939893
1419,0.2717378068932177,27.17378068932177
1420,0.2835567317064004,28.35567317064004
1421,0.2696364682999154,26.96364682999154
1422,0.2746202230328814,27.46202230328814
1423,0.2798881354808449,27.98881354808449
1424,0.3021856825600255,30.21856825600255
1425,0.291664215454709,29.1664215454709
1426,0.28390833193383164,28.390833193383163
1427,0.2758205969953385,27.58205969953385
1428,0.27627102352811056,27.627102352811058
1429,0.29608409906076844,29.608409906076844
1430,0.2907783782357819,29.07783782357819
1431,0.30349286569069844,30.349286569069843
1432,0.2893490302240235,28.93490302240235
1433,0.27253749693639323,27.253749693639325
1434,0.2799942471202391,27.999424712023913
1435,0.27404808420868493,27.40480842086849
1436,0.2856839280593645,28.568392805936448
1437,0.28720093599661944,28.720093599661944
1438,0.26836512950880276,26.836512950880277
1439,0.3063317648993727,30.63317648993727
1440,0.3055535492986757,30.55535492986757
1441,0.2641119909367957,26.41119909367957
1442,0.2822257888412919,28.22257888412919
1443,0.2642995541133471,26.42995541133471
1444,0.2941170056836785,29.41170056836785
1445,0.28453107199024674,28.453107199024675
1446,0.2862456669654229,28.624566696542292
1447,0.2944974026464859,29.44974026464859
1448,0.2838623793646422,28.38623793646422
1449,0.2665749052470052,26.65749052470052
1450,0.267681676308697,26.768167630869698
1451,0.2931758303788529,29.317583037885292
1452,0.2656558568846185,26.56558568846185
1453,0.27504012685649654,27.504012685649652
1454,0.296624420414914,29.6624420414914
1455,0.26390663313311563,26.390663313311563
1456,0.2697174927395736,26.971749273957364
1457,0.2648485958230207,26.48485958230207
1458,0.28066306099619953,28.066306099619954
1459,0.28650904500354124,28.650904500354123
1460,0.2939828973381168,29.398289733811676
1461,0.3003620999593331,30.036209995933312
1462,0.26302338515342566,26.302338515342566
1463,0.2866082658592324,28.66082658592324
1464,0.27880978341081164,27.880978341081164
1465,0.28837206405015947,28.837206405015948
1466,0.30034941481787447,30.03494148178745
1467,0.279975342141809,27.997534214180902
1468,0.2823947665637659,28.23947665637659
1469,0.28713981635912916,28.713981635912916
1470,0.29522843760387407,29.522843760387406
1471,0.2894728082547783,28.94728082547783
1472,0.30817508085200207,30.817508085200206
1473,0.26911636046874987,26.91163604687499
1474,0.2810624871639586,28.10624871639586
1475,0.2735292985992792,27.352929859927922
1476,0.29407234353232387,29.407234353232386
1477,0.2758453316924221,27.58453316924221
1478,0.2601150462618849,26.011504626188493
1479,0.29603455405140083,29.603455405140082
1480,0.28587839769945156,28.587839769945155
1481,0.2796423020631057,27.96423020631057
1482,0.27944090904535607,27.944090904535607
1483,0.29785958787390654,29.785958787390655
1484,0.2897360572071743,28.973605720717433
1485,0.29918207942621033,29.918207942621034
1486,0.2671219383560581,26.712193835605806
1487,0.30570971765316945,30.570971765316944
1488,0.2831470145083102,28.31470145083102
1489,0.2880652136442096,28.806521364420963
1490,0.2676494772992916,26.764947729929162
1491,0.29172337918078284,29.172337918078284
1492,0.28020977050648266,28.020977050648266
1493,0.2899807143136481,28.998071431364806
1494,0.29417649725226624,29.417649725226624
1495,0.2944056142697562,29.44056142697562
1496,0.27469956327256373,27.469956327256373
1497,0.28784538437044094,28.784538437044095
1498,0.27321047161426804,27.321047161426804
1499,0.2622579116533892,26.22579116533892
1500,0.2926829907416274,29.26829907416274
1501,0.2999206252446989,29.992062524469894
1502,0.2890607494804597,28.90607494804597
1503,0.3041559438842278,30.41559438842278
1504,0.2750679993361424,27.50679993361424
1505,0.29643293207072086,29.643293207072084
1506,0.28171458315767245,28.171458315767246
1507,0.2936438021382983,29.364380213829833
1508,0.2843699363238121,28.436993632381206
1509,0.2816685597725636,28.16685597725636
1510,0.2965271814595771,29.652718145957714
1511,0.2928940838681766,29.289408386817662
1512,0.29249407838624814,29.249407838624812
1513,0.27025163673161395,27.025163673161394
1514,0.3079270079010199,30.79270079010199
1515,0.28679676490076883,28.679676490076883
1516,0.27852736595340377,27.852736595340378
1517,0.3057474558205673,30.574745582056728
1518,0.277034062452463,27.7034062452463
1519,0.29532301544153844,29.532301544153842
1520,0.2930435759017223,29.30435759017223
1521,0.2684466395849989,26.844663958499893
1522,0.2928078038923521,29.28078038923521
1523,0.28465196751011396,28.465196751011394
1524,0.28692564101613616,28.692564101613616
1525,0.28484983881793613,28.484983881793614
1526,0.2900588340588826,29.005883405888262
1527,0.26363640811385286,26.363640811385284
1528,0.2745412776087257,27.45412776087257
1529,0.31862182996548766,31.862182996548764
1530,0.3022062140275212,30.22062140275212
1531,0.2837848854823558,28.37848854823558
1532,0.30626248775065634,30.626248775065633
1533,0.29182075500677035,29.182075500677033
1534,0.2669320504317366,26.693205043173663
1535,0.2919219071223973,29.19219071223973
1536,0.2893842674885247,28.938426748852468
1537,0.28213796525049273,28.213796525049272
1538,0.29208481220333515,29.208481220333514
1539,0.2672323170460658,26.723231704606583
1540,0.2864653187171716,28.646531871717162
1541,0.2904697354893325,29.046973548933252
1542,0.29190385713748424,29.190385713748423
1543,0.2692791588435871,26.92791588435871
1544,0.28139082130037474,28.139082130037472
1545,0.2927602626244046,29.276026262440457
1546,0.25878261766401933,25.878261766401934
1547,0.271889446066845,27.1889446066845
1548,0.266038356843831,26.6038356843831
1549,0.30126096534762975,30.126096534762976
1550,0.2933350225211984,29.333502252119843
1551,0.27381237487218574,27.381237487218574
1552,0.26167038747239857,26.167038747239857
1553,0.2754497762486219,27.544977624862188
1554,0.27159917179619897,27.159917179619896
1555,0.27840589766551715,27.840589766551716
1556,0.26909170488865547,26.90917048886555
1557,0.2990252539172987,29.902525391729867
1558,0.28243571344150414,28.243571344150414
1559,0.273942852013719,27.394285201371897
1560,0.3027267450705277,30.27267450705277
1561,0.29306614607446924,29.306614607446924
1562,0.2883805411028295,28.83805411028295
1563,0.2734539231455273,27.34539231455273
1564,0.26735629590481236,26.735629590481235
1565,0.28292580017419006,28.292580017419006
1566,0.30140971690299473,30.140971690299473
1567,0.29596065260929266,29.596065260929265
1568,0.29920109538073886,29.920109538073884
1569,0.27677543491978973,27.677543491978973
1570,0.28973819003431667,28.973819003431668
1571,0.2914080060997342,29.14080060997342
1572,0.30790570656886573,30.790570656886572
1573,0.29881886846176636,29.881886846176638
1574,0.27648741630647894,27.648741630647894
1575,0.3075855334236388,30.758553342363882
1576,0.30671919255223734,30.671919255223735
1577,0.28324445742210974,28.324445742210973
1578,0.27184494991581687,27.184494991581687
1579,0.29907380836985425,29.907380836985425
1580,0.31514992799402886,31.514992799402886
1581,0.2791138300428877,27.91138300428877
1582,0.2773587940931523,27.735879409315228
1583,0.28052142465345636,28.052142465345636
1584,0.29260995755606667,29.260995755606668
1585,0.2607445800039462,26.074458000394618
1586,0.27322054055942124,27.322054055942125
1587,0.27657153848362437,27.657153848362437
1588,0.29997778209888176,29.997778209888175
1589,0.3092842030293294,30.928420302932942
1590,0.28802450048709405,28.802450048709403
1591,0.28427030528474895,28.427030528474894
1592,0.2879052898591656,28.79052898591656
1593,0.28502606603185676,28.502606603185676
1594,0.2970222930697001,29.70222930697001
1595,0.2898480587225439,28.984805872254388
1596,0.2697823804517432,26.97823804517432
1597,0.2925629465641808,29.25629465641808
1598,0.27848462788010536,27.848462788010536
1599,0.2902889265596463,29.02889265596463
1600,0.29813464366827236,29.813464366827237
1601,0.28468309317758944,28.468309317758944
1602,0.2919933050604211,29.19933050604211
1603,0.2683687607128313,26.83687607128313
1604,0.27805559125021534,27.805559125021535
1605,0.26950099872059946,26.950099872059948
1606,0.29419779797812623,29.419779797812623
1607,0.27891890459700003,27.891890459700004
1608,0.2876902511359171,28.769025113591713
1609,0.2947960168266699,29.47960168266699
1610,0.315769860539805,31.576986053980498
1611,0.2933135845751953,29.331358457519528
1612,0.2750554639819449,27.50554639819449
1613,0.2748090382215672,27.480903822156723
1614,0.27123033506290645,27.123033506290646
1615,0.28621233299177057,28.621233299177057
1616,0.33046898894222565,33.046898894222565
1617,0.2931626318660977,29.31626318660977
1618,0.275458347201229,27.5458347201229
1619,0.2959471933331778,29.59471933331778
1620,0.27567615208268564,27.567615208268563
1621,0.26880057720432937,26.880057720432937
1622,0.2883242969826834,28.832429698268342
1623,0.2866231948039318,28.66231948039318
1624,0.2763513122769069,27.63513122769069
1625,0.270775661835517,27.0775661835517
1626,0.280703843602341,28.0703843602341
1627,0.2797296027602924,27.97296027602924
1628,0.28234743404490437,28.234743404490438
1629,0.28949423068298324,28.949423068298323
1630,0.3103838564315168,31.038385643151678
1631,0.27111105361905863,27.111105361905864
1632,0.2860201034912206,28.602010349122057
1633,0.2947614540574999,29.476145405749993
1634,0.29807771947544154,29.807771947544154
1635,0.2870771579658647,28.70771579658647
1636,0.2903153287644135,29.03153287644135
1637,0.2908614287964819,29.086142879648193
1638,0.28941994236347485,28.941994236347483
1639,0.2761370147100152,27.613701471001523
1640,0.2658651189325671,26.58651189325671
1641,0.3110619319820046,31.10619319820046
1642,0.30259249985431536,30.259249985431534
1643,0.2776160299550399,27.761602995503992
1644,0.2797799495533474,27.97799495533474
1645,0.28488188316378826,28.488188316378825
1646,0.2967713232092226,29.67713232092226
1647,0.2619445772775918,26.19445772775918
1648,0.3188431576161425,31.88431576161425
1649,0.29532433523388857,29.532433523388857
1650,0.29559233703547055,29.559233703547054
1651,0.29454236594008804,29.454236594008805
1652,0.30240219895862136,30.240219895862136
1653,0.29006729543172,29.006729543172
1654,0.294649027507174,29.464902750717396
1655,0.2876089327326456,28.76089327326456
1656,0.2611297807676969,26.11297807676969
1657,0.2813465991631294,28.134659916312938
1658,0.28307921076494347,28.307921076494345
1659,0.2770112220026984,27.70112220026984
1660,0.2902439632660441,29.024396326604414
1661,0.26961101399796794,26.961101399796796
1662,0.2986529176576149,29.86529176576149
1663,0.27713073437916846,27.713073437916847
1664,0.2885077429848556,28.85077429848556
1665,0.2766815537609929,27.66815537609929
1666,0.28858653335676576,28.858653335676575
1667,0.28722989700359236,28.722989700359236
1668,0.2962770570735461,29.62770570735461
1669,0.27781381674029765,27.781381674029763
1670,0.2919533649754459,29.195336497544588
1671,0.28956021574373414,28.956021574373413
1672,0.2767311683050551,27.673116830505514
1673,0.2976232610689271,29.76232610689271
1674,0.2777124001332038,27.77124001332038
1675,0.2709712517244326,27.09712517244326
1676,0.2675072480076157,26.75072480076157
1677,0.2921027160520835,29.210271605208348
1678,0.28193868008834877,28.193868008834876
1679,0.27605738911977673,27.605738911977674
1680,0.28586231627008407,28.586231627008406
1681,0.2766686874338106,27.666868743381063
1682,0.28675344819147697,28.675344819147696
1683,0.2784218148232878,27.842181482328783
1684,0.2621546900616668,26.215469006166682
1685,0.29365408043883184,29.365408043883185
1686,0.2749146019958122,27.49146019958122
1687,0.2930092218816384,29.30092218816384
1688,0.2918766830654356,29.187668306543564
1689,0.314720731968834,31.4720731968834
1690,0.2993454270625256,29.93454270625256
1691,0.30103054187388134,30.103054187388135
1692,0.290270821276612,29.027082127661203
1693,0.2752442569870946,27.52442569870946
1694,0.2863914347954845,28.63914347954845
1695,0.2787661813509637,27.876618135096372
1696,0.2666005262503406,26.66005262503406
1697,0.28840031634043,28.840031634043
1698,0.29679428849180306,29.679428849180304
1699,0.2876846343001816,28.76846343001816
1700,0.3015369314291498,30.153693142914978
1701,0.3022871837753524,30.22871837753524
1702,0.2793239873044519,27.93239873044519
1703,0.28090499016967024,28.090499016967023
1704,0.27006349424089315,27.006349424089315
1705,0.2867362088976152,28.67362088976152
1706,0.2752147378588542,27.52147378588542
1707,0.27876785837230544,27.876785837230543
1708,0.27274392747570897,27.274392747570896
1709,0.28744094835633677,28.74409483563368
1710,0.3077263566459212,30.77263566459212
1711,0.31196631216305143,31.196631216305143
1712,0.2764317209091657,27.64317209091657
1713,0.267087307892782,26.7087307892782
1714,0.2860439934563177,28.60439934563177
1715,0.2866464598324309,28.66464598324309
1716,0.27795610011750643,27.795610011750643
1717,0.3071724145578136,30.71724145578136
1718,0.2868289854874162,28.68289854874162
1719,0.272802760228798,27.2802760228798
1720,0.30015838227948194,30.015838227948194
1721,0.27218642499949214,27.218642499949215
1722,0.30520865097002325,30.520865097002325
1723,0.29127751631407206,29.127751631407207
1724,0.29742349065458534,29.742349065458534
1725,0.31803643375243884,31.803643375243883
1726,0.2824325222515849,28.24325222515849
1727,0.2638312087269247,26.383120872692473
1728,0.27112818560052554,27.112818560052553
1729,0.28898678042991394,28.898678042991392
1730,0.2849945866015661,28.499458660156613
1731,0.2652510677139934,26.525106771399344
1732,0.3042790874647264,30.427908746472642
1733,0.2788834059628451,27.88834059628451
1734,0.2843691100385968,28.436911003859677
1735,0.28044463603734543,28.044463603734542
1736,0.2755774164160275,27.55774164160275
1737,0.2865939946108414,28.65939946108414
1738,0.28091808542685176,28.091808542685175
1739,0.2846952836131116,28.46952836131116
1740,0.2739883778192223,27.398837781922232
1741,0.30396309745384276,30.396309745384276
1742,0.28567545161298863,28.567545161298863
1743,0.3082515534066321,30.82515534066321
1744,0.27673149988433404,27.673149988433405
1745,0.30207704403420926,30.207704403420927
1746,0.2867689457198665,28.67689457198665
1747,0.2783515621056293,27.83515621056293
1748,0.27280158078706174,27.280158078706172
1749,0.30080376651828833,30.080376651828832
1750,0.2824779238305666,28.24779238305666
1751,0.281392000742111,28.1392000742111
1752,0.28468129192972597,28.468129192972597
1753,0.31084793416103157,31.084793416103157
1754,0.30989257273667364,30.989257273667363
1755,0.2898965219268775,28.98965219268775
1756,0.29952593484996437,29.952593484996438
1757,0.29415135909746826,29.415135909746827
1758,0.30182180064885,30.182180064885
1759,0.2888920533941913,28.889205339419128
1760,0.26958341422474913,26.958341422474913
1761,0.2713741952590599,27.137419525905994
1762,0.3021831114475036,30.21831114475036
1763,0.26784407116590025,26.784407116590025
1764,0.29310728372789596,29.310728372789598
1765,0.3043332317959493,30.43332317959493
1766,0.279975673721088,27.9975673721088
1767,0.29614252163048554,29.614252163048555
1768,0.2794882145214808,27.94882145214808
1769,0.2690000105738974,26.900001057389737
1770,0.2824835656378388,28.248356563783876
1771,0.29194702091195274,29.194702091195275
1772,0.30110185468304657,30.110185468304657
1773,0.302118390436722,30.2118390436722
1774,0.2764981226780541,27.649812267805412
1775,0.308972352717479,30.897235271747903
1776,0.2771646098036214,27.71646098036214
1777,0.28978965161070547,28.978965161070548
1778,0.2537704187201549,25.37704187201549
1779,0.2950176993625755,29.50176993625755
1780,0.2860977886878407,28.60977886878407
1781,0.27845804570643556,27.845804570643555
1782,0.2715016348204279,27.15016348204279
1783,0.2756408087870144,27.564080878701443
1784,0.30017562157334365,30.017562157334364
1785,0.2940471625430978,29.404716254309783
1786,0.2807596374940399,28.075963749403993
1787,0.2729682959903769,27.296829599037693
1788,0.27147875338548116,27.147875338548115
1789,0.2668053287207537,26.680532872075368
1790,0.30195805646830604,30.195805646830603
1791,0.26225791165338924,26.225791165338926
1792,0.27771998005899007,27.771998005899007
1793,0.2945496208970295,29.454962089702953
1794,0.27864621316869304,27.864621316869304
1795,0.290482833081538,29.0482833081538
1796,0.2544846646121284,25.44846646121284
1797,0.274136385788821,27.4136385788821
1798,0.2926526956293651,29.265269562936506
1799,0.2956961611841693,29.56961611841693
1800,0.29188273818655064,29.188273818655063
1801,0.282105549955217,28.210554995521704
1802,0.2823986071231747,28.239860712317473
1803,0.2967201776943147,29.67201776943147
1804,0.2705323714282921,27.05323714282921
1805,0.2872349345251585,28.723493452515854
1806,0.30007167146939356,30.007167146939356
1807,0.2955265959782575,29.55265959782575
1808,0.2657946568595283,26.57946568595283
1809,0.28105413249722183,28.105413249722183
1810,0.2796515754082192,27.965157540821924
1811,0.277762965189003,27.776296518900303
1812,0.2842959371087163,28.429593710871632
1813,0.28803502523804786,28.803502523804784
1814,0.29728391768995865,29.728391768995866
1815,0.28324232459496734,28.324232459496734
1816,0.29397362399300325,29.397362399300324
1817,0.3113238499595821,31.132384995958212
1818,0.31833771796631694,31.833771796631694
1819,0.29561726957165335,29.561726957165334
1820,0.26404910878954324,26.404910878954325
1821,0.2914929557070344,29.149295570703437
1822,0.2961453110914203,29.61453110914203
1823,0.28525829135976283,28.525829135976284
1824,0.298146395818415,29.8146395818415
1825,0.3040847426574552,30.40847426574552
1826,0.2832751956960436,28.32751956960436
1827,0.28058976941715086,28.058976941715088
1828,0.2619004348893788,26.19004348893788
1829,0.2855989784520644,28.55989784520644
1830,0.2711908014331958,27.11908014331958
1831,0.2880422177702926,28.80422177702926
1832,0.26996115067617815,26.996115067617815
1833,0.28005955950011635,28.005955950011636
1834,0.2728746139726224,27.28746139726224
1835,0.27714932529874065,27.714932529874066
1836,0.28567538207829407,28.567538207829408
1837,0.2897570269600496,28.975702696004962
1838,0.3022943165083952,30.229431650839523
1839,0.31278393370400626,31.278393370400625
1840,0.28832047134250804,28.832047134250804
1841,0.2655065820770501,26.55065820770501
1842,0.30265752747283914,30.265752747283912
1843,0.28133006307290065,28.133006307290064
1844,0.2802206633331908,28.022066333319078
1845,0.2837028009511908,28.37028009511908
1846,0.2846952315988381,28.46952315988381
1847,0.28882091308905616,28.882091308905615
1848,0.269610682418689,26.9610682418689
1849,0.28975364499444184,28.975364499444183
1850,0.2840681987596736,28.406819875967358
1851,0.2879215259520862,28.79215259520862
1852,0.309397493566205,30.9397493566205
1853,0.2990648145897461,29.90648145897461
1854,0.2573840924487592,25.73840924487592
1855,0.28214766909605743,28.214766909605743
1856,0.270402504311853,27.0402504311853
1857,0.2620732531712616,26.207325317126163
1858,0.2806784990421978,28.067849904219784
1859,0.3030648897586091,30.306488975860912
1860,0.27339774872211037,27.339774872211038
1861,0.2894203286345809,28.94203286345809
1862,0.27863354127765766,27.863354127765767
1863,0.2767141383665736,27.67141383665736
1864,0.2844453361428064,28.444533614280644
1865,0.27813170786032393,27.813170786032394
1866,0.28820681739299325,28.820681739299324
1867,0.2985929871973535,29.85929871973535
1868,0.2761118793432177,27.61118793432177
1869,0.28216970784780326,28.216970784780326
1870,0.2850561322141198,28.50561322141198
1871,0.30251654958700364,30.251654958700364
1872,0.29005246540819285,29.005246540819286
1873,0.2964612634866382,29.64612634866382
1874,0.2853275240309898,28.532752403098982
1875,0.28272451386254105,28.272451386254104
1876,0.26481140437583267,26.481140437583267
1877,0.26402310725448985,26.402310725448984
1878,0.308251954076346,30.8251954076346
1879,0.26550529105292114,26.550529105292114
1880,0.29395614830102446,29.395614830102446
1881,0.2614332648878717,26.14332648878717
1882,0.3018629383022767,30.18629383022767
1883,0.2879963603855103,28.79963603855103
1884,0.29762887043654485,29.762887043654484
1885,0.28710401597643254,28.710401597643255
1886,0.28688618299296836,28.688618299296838
1887,0.27814982860123677,27.814982860123678
1888,0.2987695253396612,29.876952533966122
1889,0.26952499165503213,26.952499165503212
1890,0.27415351837658214,27.415351837658214
1891,0.3005551281817359,30.05551281817359
1892,0.31507260697064726,31.507260697064726
1893,0.29992624208043445,29.992624208043445
1894,0.26324486746763365,26.324486746763366
1895,0.2840575769106628,28.40575769106628
1896,0.27755686622896625,27.755686622896626
1897,0.29206058973260896,29.206058973260895
1898,0.26532918745922796,26.532918745922796
1899,0.2850533342257966,28.50533342257966
1900,0.29722762794738394,29.722762794738394
1901,0.2729265382595528,27.29265382595528
1902,0.2652244961989211,26.522449619892107
1903,0.27762198790946163,27.76219879094616
1904,0.2923605780631575,29.236057806315753
1905,0.2871838609743546,28.71838609743546
1906,0.2872693874664146,28.726938746641462
1907,0.2788708712149418,27.88708712149418
1908,0.30112062251834454,30.112062251834455
1909,0.2825667674677973,28.25667674677973
1910,0.3008835539507142,30.08835539507142
1911,0.2785839267335954,27.85839267335954
1912,0.2887982416844203,28.87982416844203
1913,0.28911522478466734,28.911522478466733
1914,0.29813464366827236,29.813464366827237
1915,0.28010209195479957,28.010209195479955
1916,0.2895264115656733,28.95264115656733
1917,0.27226714769060884,27.226714769060884
1918,0.282834658831926,28.283465883192598
1919,0.28371549814757563,28.371549814757564
1920,0.28816883216888073,28.816883216888073
1921,0.2538994261931035,25.38994261931035
1922,0.2973269039424071,29.732690394240706
1923,0.290164282539719,29.0164282539719
1924,0.2952676197901438,29.52676197901438
1925,0.27244185961351647,27.244185961351647
1926,0.28972465415673165,28.972465415673167
1927,0.2892687894326797,28.92687894326797
1928,0.3109852500719943,31.098525007199427
1929,0.28519098171603824,28.519098171603822
1930,0.27108532530332846,27.108532530332845
1931,0.26582213380255415,26.582213380255414
1932,0.2901906453057052,29.01906453057052
1933,0.28767664304608404,28.767664304608402
1934,0.26896685412226495,26.896685412226496
1935,0.2679005395529306,26.790053955293057
1936,0.2790702279830397,27.90702279830397
1937,0.26459172983425355,26.459172983425354
1938,0.2787673306880695,27.876733068806953
1939,0.2654936929600375,26.54936929600375
1940,0.2783052647067377,27.83052647067377
1941,0.277307486736057,27.7307486736057
1942,0.2805587282722398,28.055872827223983
1943,0.29934575864180457,29.934575864180456
1944,0.2957901765099325,29.57901765099325
1945,0.3144768773209782,31.44768773209782
1946,0.29871941494472326,29.871941494472328
1947,0.2912792366904675,29.12792366904675
1948,0.2607859419242571,26.078594192425708
1949,0.2665876073025906,26.65876073025906
1950,0.30478528639762403,30.478528639762402
1951,0.30010278022274217,30.010278022274218
1952,0.27653320460407155,27.653320460407155
1953,0.30421555077197315,30.421555077197315
1954,0.29926230741139065,29.926230741139065
1955,0.29798944007884176,29.798944007884177
1956,0.2835216365299597,28.35216365299597
1957,0.291163442128882,29.1163442128882
1958,0.2987186737883665,29.871867378836647
1959,0.2805490419470961,28.05490419470961
1960,0.28285156715280296,28.285156715280298
1961,0.29142570119939654,29.142570119939652
1962,0.30014207885060523,30.01420788506052
1963,0.31181590038861295,31.181590038861295
1964,0.27575896998203375,27.575896998203376
1965,0.28840255587367297,28.8402555873673
1966,0.2683441591496333,26.834415914963326
1967,0.27267887549194264,27.267887549194263
1968,0.30658838443771946,30.658838443771945
1969,0.2897120636664474,28.971206366644743
1970,0.2997601383414596,29.97601383414596
1971,0.2730956802536235,27.309568025362353
1972,0.28845734723936145,28.845734723936147
1973,0.2835130378596851,28.35130378596851
1974,0.29311527498199363,29.311527498199364
1975,0.2693890518970569,26.938905189705693
1976,0.30655607872221347,30.655607872221346
1977,0.2692793675926732,26.927936759267318
1978,0.27326768115765493,27.326768115765493
1979,0.28525227887554855,28.525227887554855
1980,0.2839505885516168,28.395058855161682
1981,0.2748140757431334,27.481407574313337
1982,0.3044343073101061,30.44343073101061
1983,0.2710186086085366,27.10186086085366
1984,0.3157434402083225,31.57434402083225
1985,0.27205335922501606,27.205335922501604
1986,0.26288219158801396,26.288219158801397
1987,0.30078652722442667,30.078652722442666
1988,0.273063769041657,27.306376904165703
1989,0.2665864325239695,26.658643252396953
1990,0.2689634822852672,26.89634822852672
1991,0.2845503589823922,28.455035898239224
1992,0.28075651505749755,28.075651505749754
1993,0.28258326560530234,28.258326560530232
1994,0.2954232101149383,29.542321011493826
1995,0.2891950122170931,28.91950122170931
1996,0.292956742261441,29.295674226144104
1997,0.2652072393846383,26.52072393846383
1998,0.3113961515024442,31.13961515024442
1999,0.29295460943429874,29.295460943429873
2000,0.28883111278549656,28.883111278549656
2001,0.2844415807122562,28.444158071225623
2002,0.30494732749201225,30.494732749201226
2003,0.28562735296623365,28.562735296623366
2004,0.2731764035510344,27.31764035510344
2005,0.30060597973303066,30.060597973303064
2006,0.2841028015739187,28.41028015739187
2007,0.29259655882161373,29.259655882161372
2008,0.25854740303345647,25.854740303345647
2009,0.2593524467453476,25.935244674534758
2010,0.30441055281933094,30.441055281933092
2011,0.25813878936759527,25.813878936759526
2012,0.29359591863247436,29.359591863247438
2013,0.30199376393721566,30.199376393721565
2014,0.2776391871582482,27.763918715824822
2015,0.28137014002852645,28.137014002852645
2016,0.27906634832596783,27.906634832596783
2017,0.2792481328245963,27.92481328245963
2018,0.28036854646997367,28.036854646997366
2019,0.28397362092200923,28.397362092200922
2020,0.2819760086786689,28.19760086786689
2021,0.27562027671322453,27.562027671322454
2022,0.2922748872995007,29.227488729950068
2023,0.2977620429171216,29.776204291712162
2024,0.2843872451523684,28.438724515236842
2025,0.31286000575095707,31.286000575095706
2026,0.3048803743991033,30.488037439910332
2027,0.270315919457016,27.0315919457016
2028,0.2942265826756674,29.422658267566742
2029,0.3082408369827536,30.824083698275363
2030,0.310838593728106,31.0838593728106
2031,0.2569574069944242,25.69574069944242
2032,0.27889311041470394,27.889311041470393
2033,0.2674021851229548,26.74021851229548
2034,0.2890652635877877,28.906526358778773
2035,0.2796749969233868,27.96749969233868
2036,0.29042079476567095,29.042079476567096
2037,0.28166001806149105,28.166001806149104
2038,0.2872428159513423,28.724281595134233
2039,0.28501340845376055,28.501340845376056
2040,0.2765627065457036,27.65627065457036
2041,0.2817232694036882,28.17232694036882
2042,0.3045045982497246,30.45045982497246
2043,0.27151467799469936,27.151467799469938
2044,0.3159443949406926,31.59443949406926
2045,0.28599506051758455,28.599506051758457
2046,0.2903468933235628,29.03468933235628
2047,0.2746429700527177,27.46429700527177
2048,0.2914072649433775,29.14072649433775
2049,0.2934650866056905,29.34650866056905
2050,0.2942953657247416,29.429536572474156
2051,0.30976070453064897,30.976070453064896
2052,0.3019051943137677,30.19051943137677
2053,0.29092988026627703,29.092988026627705
2054,0.2747327197241961,27.47327197241961
2055,0.27803118160764506,27.803118160764505
2056,0.2898643650250898,28.986436502508976
2057,0.29212338526900544,29.212338526900545
2058,0.27372533248281844,27.372533248281844
2059,0.2729790725715773,27.29790725715773
2060,0.27509362033947776,27.509362033947777
2061,0.2964840200201326,29.648402002013256
2062,0.29707048410961656,29.707048410961654
2063,0.26886346825894575,26.886346825894574
2064,0.28904000120646806,28.904000120646806
2065,0.2942116902274435,29.421169022744348
2066,0.28622167342469607,28.622167342469606
2067,0.2853329872537261,28.533298725372607
2068,0.2973837021799865,29.73837021799865
2069,0.2847758697673904,28.47758697673904
2070,0.28667928470478443,28.667928470478444
2071,0.30161794869017383,30.161794869017385
2072,0.2941063958038661,29.41063958038661
2073,0.303498246734611,30.3498246734611
2074,0.26461243268334383,26.461243268334382
2075,0.30305158453975317,30.305158453975316
2076,0.2936002300712222,29.360023007122223
2077,0.30041004881882694,30.041004881882692
2078,0.2835764894235799,28.357648942357986
2079,0.261885248673627,26.188524867362702
2080,0.296891661870908,29.689166187090798
2081,0.2784500495931374,27.84500495931374
2082,0.2900180363792027,29.001803637920272
2083,0.2897080718377802,28.970807183778017
2084,0.28989677744669634,28.989677744669635
2085,0.2758339286419794,27.583392864197943
2086,0.2798122409559141,27.98122409559141
2087,0.29116238203737527,29.116238203737527
2088,0.2903906196099324,29.03906196099324
2089,0.29289002556664917,29.28900255666492
2090,0.27734559558039695,27.734559558039695
2091,0.2685923454171502,26.859234541715022
2092,0.2961592381164033,29.615923811640332
2093,0.3114377429590486,31.14377429590486
2094,0.2983519092806348,29.835190928063483
2095,0.3121129685069397,31.21129685069397
2096,0.28747885626082625,28.747885626082624
2097,0.294838336795502,29.483833679550198
2098,0.28754357727160784,28.754357727160784
2099,0.29014028899899214,29.014028899899213
2100,0.2990420398522424,29.904203985224243
2101,0.30907265409697954,30.907265409697953
2102,0.28615048657078224,28.615048657078223
2103,0.28457688601997533,28.457688601997532
2104,0.2710615937385495,27.10615937385495
2105,0.28219113401277335,28.219113401277333
2106,0.2748414979943321,27.48414979943321
2107,0.26800106580560934,26.800106580560936
2108,0.28928059627464936,28.928059627464936
2109,0.29411009922014286,29.411009922014287
2110,0.2804561113000363,28.04561113000363
2111,0.29260389177635415,29.260389177635414
2112,0.31408870851175674,31.408870851175674
2113,0.29278650256019795,29.278650256019795
2114,0.2755402825343356,27.55402825343356
2115,0.26299236152893557,26.299236152893556
2116,0.2726167255936829,27.26167255936829
2117,0.28606181917434664,28.606181917434665
2118,0.2951286531138461,29.512865311384612
2119,0.2798541352235761,27.98541352235761
2120,0.3112680836312456,31.12680836312456
2121,0.27964824561891954,27.964824561891955
2122,0.2820857922380376,28.20857922380376
2123,0.28239439599868255,28.239439599868255
2124,0.2870852337425267,28.70852337425267
2125,0.2791716055781391,27.917160557813908
2126,0.2748260366423621,27.482603664236212
2127,0.29165246330456635,29.165246330456636
2128,0.2993970522098315,29.93970522098315
2129,0.308471051707416,30.8471051707416
2130,0.29010147008919557,29.010147008919557
2131,0.2831834918418783,28.31834918418783
2132,0.30151702176778117,30.151702176778116
2133,0.2830748754139296,28.307487541392963
2134,0.29347381183751065,29.347381183751065
2135,0.30344306270597166,30.344306270597166
2136,0.2762289342180075,27.622893421800747
2137,0.29864558303730965,29.864558303730966
2138,0.28314169163618796,28.314169163618796
2139,0.30077214439364297,30.077214439364298
2140,0.2739869098793676,27.398690987936757
2141,0.3011195497827089,30.111954978270887
2142,0.2933466343207271,29.33466343207271
2143,0.2986425322067212,29.864253220672122
2144,0.2839536268067127,28.395362680671273
2145,0.26745770360454224,26.745770360454223
2146,0.28147655654152076,28.147655654152075
2147,0.27401544691390006,27.401544691390008
2148,0.3000393081883914,30.00393081883914
2149,0.3248359797593903,32.483597975939034
2150,0.2663138431386479,26.631384313864793
2151,0.2928322230743296,29.28322230743296
2152,0.29723851611097696,29.723851611097697
2153,0.30032412539381803,30.032412539381802
2154,0.27276129099609236,27.276129099609236
2155,0.2796352719793425,27.96352719793425
2156,0.2799085259195508,27.99085259195508
2157,0.27521559712236915,27.521559712236915
2158,0.27001793799835844,27.001793799835845
2159,0.27299638140013355,27.299638140013354
2160,0.28223642888565437,28.223642888565436
2161,0.2731625340915475,27.31625340915475
2162,0.2823150187496287,28.231501874962873
2163,0.31478699659459025,31.478699659459025
2164,0.2739975191528857,27.399751915288572
2165,0.2757724052129621,27.577240521296208
2166,0.2746474672459188,27.464746724591883
2167,0.26531822269416483,26.531822269416484
2168,0.29348965946058675,29.348965946058676
2169,0.3131314601720316,31.31314601720316
2170,0.2798736315711019,27.987363157110188
2171,0.29131996416052225,29.131996416052225
2172,0.2743745144479581,27.43745144479581
2173,0.2876879089533946,28.768790895339457
2174,0.2842195245493736,28.42195245493736
2175,0.29138281073764943,29.138281073764944
2176,0.28346771054714964,28.346771054714964
2177,0.2725491268626372,27.254912686263722
2178,0.29284471638082893,29.28447163808289
2179,0.2569647692637605,25.69647692637605
2180,0.2841274200512436,28.412742005124358
2181,0.28674761194805787,28.674761194805786
2182,0.2997202673469193,29.97202673469193
2183,0.2741121558499771,27.411215584997713
2184,0.3015953779111328,30.159537791113276
2185,0.2935308427364421,29.35308427364421
2186,0.27145572101508875,27.145572101508876
2187,0.28665978835725864,28.665978835725863
2188,0.28018083107675174,28.018083107675174
2189,0.2865791501887064,28.65791501887064
2190,0.2588878047752019,25.88878047752019
2191,0.29744065028508326,29.744065028508327
2192,0.26222817905302803,26.222817905302804
2193,0.27170997618737674,27.170997618737676
2194,0.2781015896637874,27.81015896637874
2195,0.2723355991604039,27.233559916040388
2196,0.30285318082466034,30.285318082466034
2197,0.31641444605675856,31.641444605675854
2198,0.28552064995774384,28.552064995774384
2199,0.30699100073612706,30.699100073612705
2200,0.29826977206026567,29.826977206026566
2201,0.2959233489905092,29.592334899050922
2202,0.27049065574516606,27.049065574516607
2203,0.2803082700318255,28.03082700318255
2204,0.27113747395054105,27.113747395054105
2205,0.28777482711624025,28.777482711624025
2206,0.2748708054998174,27.48708054998174
2207,0.3097029068975299,30.97029068975299
2208,0.27974091489632574,27.974091489632574
2209,0.28153431455635125,28.153431455635126
2210,0.28958817892959204,28.958817892959203
2211,0.29356882796055456,29.356882796055455
2212,0.2943608278918799,29.43608278918799
2213,0.28413040134713746,28.413040134713746
2214,0.2713834596968095,27.138345969680948
2215,0.2975230663955272,29.75230663955272
2216,0.28890619427563524,28.890619427563525
2217,0.3122877277810056,31.22877277810056
2218,0.3031694743128154,30.316947431281537
2219,0.2752878286099111,27.528782860991107
2220,0.31404798104170206,31.404798104170204
2221,0.28543406337417704,28.543406337417704
2222,0.26687545721189054,26.687545721189053
2223,0.27625438851995493,27.625438851995494
2224,0.30310343283150765,30.310343283150765
2225,0.2888434838680973,28.884348386809727
2226,0.282695538542629,28.269553854262902
2227,0.2649192652488168,26.49192652488168
2228,0.28068484310569103,28.068484310569104
2229,0.29489920825384225,29.489920825384225
2230,0.2867677734567644,28.67677734567644
2231,0.2619559978484555,26.19559978484555
2232,0.28181792897591645,28.181792897591645
2233,0.2804729003654509,28.047290036545093
2234,0.2904336743432763,29.04336743432763
2235,0.3043537306694855,30.43537306694855
2236,0.2893486295543097,28.93486295543097
2237,0.2899984151988611,28.99984151988611
2238,0.2677086410253654,26.77086410253654
2239,0.28596218941650836,28.596218941650836
2240,0.276146504340999,27.614650434099904
2241,0.2809482887522469,28.094828875224692
2242,0.2990342255138706,29.90342255138706
2243,0.30370573675913926,30.370573675913924
2244,0.2825741020881026,28.257410208810256
2245,0.3113685121109368,31.13685121109368
2246,0.272836372486231,27.283637248623098
2247,0.30220772992482847,30.220772992482846
2248,0.3017462454913718,30.17462454913718
2249,0.28451176433947994,28.451176433947996
2250,0.29148029812893816,29.148029812893817
2251,0.29985320889487377,29.985320889487376
2252,0.27634648350442687,27.634648350442685
2253,0.30170965193804494,30.170965193804495
2254,0.29627299877201874,29.627299877201875
2255,0.26740883021683676,26.740883021683675
2256,0.28733490719904914,28.733490719904914
2257,0.2995779839697106,29.957798396971057
2258,0.27876275749969237,27.87627574996924
2259,0.28353456438507363,28.35345643850736
2260,0.3095326921678235,30.95326921678235
2261,0.2774807246473209,27.748072464732086
2262,0.26335326214421717,26.335326214421716
2263,0.2887705573886372,28.87705573886372
2264,0.2916840433815137,29.168404338151372
2265,0.3042084186452246,30.42084186452246
2266,0.29079021551478307,29.079021551478306
2267,0.27181662163037035,27.181662163037036
2268,0.27893536268942987,27.893536268942988
2269,0.2830172696157698,28.30172696157698
2270,0.2998692327587451,29.98692327587451
2271,0.27036946634735426,27.036946634735425
2272,0.2789418291388563,27.89418291388563
2273,0.28232973894524205,28.232973894524203
2274,0.27756918089101,27.756918089101003
2275,0.29248381515925315,29.248381515925313
2276,0.2971037432105285,29.71037432105285
2277,0.2929327493270084,29.29327493270084
2278,0.2668249372398748,26.682493723987484
2279,0.2873911548939258,28.73911548939258
2280,0.3138035083190718,31.38035083190718
2281,0.2825149383620288,28.25149383620288
2282,0.29300005897073295,29.300005897073294
2283,0.29569314978364497,29.569314978364496
2284,0.2878380497501356,28.78380497501356
2285,0.2895618161636058,28.95618161636058
2286,0.26028615134600647,26.028615134600646
2287,0.3150262520062595,31.50262520062595
2288,0.2743554304655106,27.435543046551057
2289,0.27611941479151475,27.611941479151476
2290,0.26835275842620204,26.835275842620206
2291,0.28124263153875817,28.124263153875816
2292,0.3159052725536247,31.59052725536247
2293,0.2811921109604482,28.119211096044822
2294,0.28737413629221764,28.737413629221763
2295,0.29110445531853396,29.110445531853397
2296,0.29844711266119134,29.844711266119134
2297,0.2654994271604711,26.54994271604711
2298,0.29198075539328444,29.198075539328443
2299,0.2861965380578986,28.61965380578986
2300,0.27559393785950426,27.559393785950427
2301,0.3127605522339139,31.276055223391392
2302,0.2754784604785898,27.547846047858982
2303,0.2841107976872169,28.41107976872169
2304,0.28795053143654836,28.795053143654837
2305,0.2896031156592198,28.96031156592198
2306,0.30628008706286264,30.628008706286263
2307,0.28268991104829594,28.268991104829595
2308,0.26073937821078325,26.073937821078324
2309,0.29925268808839034,29.925268808839036
2310,0.28857127222649326,28.857127222649325
2311,0.2972846588463154,29.72846588463154
2312,0.27483924094066814,27.483924094066815
2313,0.28718549622189143,28.718549622189144
2314,0.28051717451696984,28.051717451696984
2315,0.2871517772583579,28.71517772583579
2316,0.2952168082839243,29.521680828392434
2317,0.2966425075712331,29.664250757123312
2318,0.27222939200278984,27.222939200278983
2319,0.2849359853873935,28.493598538739352
2320,0.28574031192383037,28.574031192383035
2321,0.2982422249762511,29.824222497625108
2322,0.28743931310879983,28.743931310879983
2323,0.2718162900510914,27.181629005109144
2324,0.3210818696859039,32.10818696859039
2325,0.28026340140648914,28.026340140648916
2326,0.26960994126233223,26.960994126233224
2327,0.3018196678217076,30.18196678217076
2328,0.28254310064714877,28.254310064714875
2329,0.27560895026425203,27.560895026425204
2330,0.28868441021288554,28.868441021288554
2331,0.2818973479987752,28.18973479987752
2332,0.27358205810453795,27.358205810453796
2333,0.32691733976292386,32.69173397629238
2334,0.2845154245888682,28.45154245888682
2335,0.2746695522263875,27.46695522263875
2336,0.2975953830119277,29.759538301192773
2337,0.2906602276993601,29.066022769936012
2338,0.26891071731451366,26.891071731451365
2339,0.2895675421523245,28.95675421523245
2340,0.29250228385492655,29.250228385492655
2341,0.27961787802192767,27.961787802192767
2342,0.2808310035987035,28.08310035987035
2343,0.30444126890972856,30.444126890972857
2344,0.2636171191190844,26.361711911908444
2345,0.29645316066723937,29.645316066723936
2346,0.28953933051342323,28.95393305134232
2347,0.2737219626484437,27.372196264844366
2348,0.2778068557469695,27.78068557469695
2349,0.26583753180347736,26.583753180347735
2350,0.28740931774245626,28.740931774245627
2351,0.2983948944106477,29.83948944106477
2352,0.2896386989016078,28.963869890160783
2353,0.29602313348053716,29.602313348053716
2354,0.27821412397076783,27.821412397076784
2355,0.28415614657699445,28.415614657699447
2356,0.2860692659662473,28.60692659662473
2357,0.3013733091041211,30.137330910412107
2358,0.2922917950140835,29.229179501408346
2359,0.2825241012729343,28.25241012729343
2360,0.29058465035834574,29.058465035834573
2361,0.2840791396124708,28.40791396124708
2362,0.3077217892430948,30.77217892430948
2363,0.28835789372231835,28.835789372231837
2364,0.2820077734595157,28.200777345951572
2365,0.2896746533415634,28.96746533415634
2366,0.29453536289906174,29.453536289906175
2367,0.2913571545484395,29.135715454843954
2368,0.28187695583133965,28.187695583133966
2369,0.29356399918807446,29.356399918807448
2370,0.2910508609150029,29.105086091500286
2371,0.29416798146149487,29.416798146149485
2372,0.2886125889087156,28.86125889087156
2373,0.28408617920989204,28.408617920989204
2374,0.2772375584666177,27.723755846661767
2375,0.2791435626432488,27.91435626432488
2376,0.2886189480457472,28.86189480457472
2377,0.2724859042287418,27.24859042287418
2378,0.2889818274309122,28.898182743091223
2379,0.2894306764698089,28.943067646980893
2380,0.2734742998808335,27.34742998808335
2381,0.2785807510015547,27.85807510015547
2382,0.27171053869927797,27.171053869927796
2383,0.28503488357116974,28.503488357116975
2384,0.31159507811114956,31.159507811114956
2385,0.2881181825048485,28.81181825048485
2386,0.29459017923628683,29.459017923628682
2387,0.28794945669828975,28.794945669828977
2388,0.2866160626771832,28.66160626771832
2389,0.2717100828934773,27.171008289347732
2390,0.28858176438348754,28.858176438348753
2391,0.2891495931176904,28.91495931176904
2392,0.27676229457882473,27.676229457882474
2393,0.3014145450691806,30.14145450691806
2394,0.30410074494408446,30.410074494408445
2395,0.3020957885667807,30.20957885667807
2396,0.29704018899735424,29.704018899735424
2397,0.2609313713132161,26.09313713132161
2398,0.29731257755468404,29.731257755468405
2399,0.2815879178672463,28.15879178672463
2400,0.2720441957078163,27.204419570781628
2401,0.25903944394882916,25.903944394882917
2402,0.293169662556155,29.3169662556155
2403,0.2823803742106664,28.238037421066643
2404,0.27132564080650434,27.132564080650432
2405,0.2755607814078718,27.556078140787182
2406,0.27085336195137033,27.08533619513703
2407,0.2741112504220235,27.41112504220235
2408,0.2889010471742993,28.89010471742993
2409,0.28343977980094615,28.343977980094614
2410,0.2709629389433594,27.096293894335936
2411,0.2826323305554855,28.263233055548547
2412,0.2716809847433723,27.16809847433723
2413,0.2788418125036178,27.884181250361777
2414,0.2812576306930828,28.12576306930828
2415,0.2797920836315368,27.979208363153678
2416,0.31163328960476916,31.163328960476917
2417,0.2817575676813912,28.17575676813912
2418,0.2749583150317587,27.49583150317587
2419,0.2994456467074622,29.94456467074622
2420,0.2897780392048826,28.97780392048826
2421,0.29401155720284217,29.401155720284216
2422,0.28762204611654235,28.762204611654234
2423,0.28519526955385915,28.519526955385917
2424,0.2750731590816073,27.507315908160727
2425,0.2792883644437753,27.92883644437753
2426,0.280118173358418,28.011817335841798
2427,0.287051251005679,28.7051251005679
2428,0.2886865594380134,28.86865594380134
2429,0.28904351018659796,28.904351018659796
2430,0.30093212347680826,30.093212347680826
2431,0.279902075149957,27.990207514995703
2432,0.2818700493678039,28.18700493678039
2433,0.3051391011867615,30.51391011867615
2434,0.2819279766929394,28.192797669293938
2435,0.278795172794968,27.879517279496802
2436,0.2741038336228947,27.41038336228947
2437,0.2931720047386776,29.31720047386776
2438,0.2816106648870826,28.161066488708258
2439,0.26574471073618716,26.574471073618717
2440,0.2608309052178592,26.083090521785916
2441,0.28255640698844026,28.255640698844026
2442,0.2912473867807622,29.124738678076216
2443,0.2737606275009812,27.376062750098118
2444,0.31233644650515796,31.233644650515796
2445,0.3000107058891622,30.001070588916217
2446,0.276742798231299,27.6742798231299
2447,0.26326403223588046,26.326403223588045
2448,0.30060834409908943,30.060834409908942
2449,0.2546659597846466,25.466595978464664
2450,0.277685223187486,27.7685223187486
2451,0.28386907786912646,28.386907786912648
2452,0.31982676271771404,31.982676271771403
2453,0.2945429301807189,29.45429301807189
2454,0.30100188200915595,30.100188200915596
2455,0.28405168865297026,28.405168865297025
2456,0.28245021735124715,28.245021735124716
2457,0.2619967253185102,26.19967253185102
2458,0.28466974713234067,28.466974713234066
2459,0.2699145521350392,26.99145521350392
2460,0.2692968539432494,26.92968539432494
2461,0.2945699657133068,29.45699657133068
2462,0.27924644001156324,27.924644001156324
2463,0.2793048625812803,27.930486258128028
2464,0.2840067253593681,28.40067253593681
2465,0.2821926323896595,28.21926323896595
2466,0.26865630920740236,26.865630920740237
2467,0.2946739158172569,29.46739158172569
2468,0.28438544329821075,28.438544329821074
2469,0.2691815910969718,26.918159109697182
2470,0.2832053525554628,28.320535255546282
2471,0.2882277871458685,28.82277871458685
2472,0.26454904577785165,26.454904577785165
2473,0.26380070486557633,26.38007048655763
2474,0.30962095404400225,30.962095404400223
2475,0.27939334280587186,27.939334280587186
2476,0.28772160633968613,28.772160633968614
2477,0.28655710770019543,28.655710770019542
2478,0.28603642243789545,28.603642243789544
2479,0.31124518187921973,31.124518187921975
2480,0.2824952326591228,28.24952326591228
2481,0.2982158052510628,29.821580525106278
2482,0.27755742874086736,27.755742874086735
2483,0.2978094179279409,29.780941792794092
2484,0.27197256571797995,27.197256571797997
2485,0.2881441069854553,28.81441069854553
2486,0.29175854623565883,29.175854623565883
2487,0.2830500950944174,28.305009509441742
2488,0.2926526956293651,29.265269562936506
2489,0.27980891056032026,27.980891056032025
2490,0.283803144822649,28.3803144822649
2491,0.3040700744761154,30.40700744761154
2492,0.2846693310304973,28.46693310304973
2493,0.2656227004329862,26.562270043298618
2494,0.2742799366102937,27.42799366102937
2495,0.2787817135188531,27.87817135188531
2496,0.2687505619905533,26.87505619905533
2497,0.2892376111446364,28.92376111446364
2498,0.29125695987503963,29.125695987503963
2499,0.299061949513611,29.906194951361098
2500,0.26279589620483823,26.279589620483822
2501,0.28576020651166045,28.576020651166047
2502,0.2781654052466155,27.816540524661548
2503,0.3134917965466823,31.34917965466823
2504,0.2875987943384664,28.759879433846642
2505,0.2887981571618559,28.879815716185593
2506,0.2778846103926154,27.78846103926154
2507,0.27436595521646445,27.436595521646446
2508,0.28235534554996955,28.235534554996956
2509,0.2975381728622466,29.75381728622466
2510,0.28784505279116196,28.784505279116196
2511,0.288858836785237,28.8858836785237
2512,0.30325892050702247,30.325892050702247
2513,0.30891870317786113,30.891870317786115
2514,0.28163338898092255,28.163338898092256
2515,0.2814952096897044,28.14952096897044
2516,0.27737116517575294,27.737116517575295
2517,0.2892513785611379,28.925137856113793
2518,0.252679038480752,25.2679038480752
2519,0.2832503456798023,28.32503456798023
2520,0.26277989391820894,26.277989391820896
2521,0.2853597230403952,28.535972304039518
2522,0.2887117246355482,28.871172463554817
2523,0.2943365033781683,29.43365033781683
2524,0.2685654868002882,26.85654868002882
2525,0.28502894062165,28.502894062165
2526,0.2974760404844079,29.74760404844079
2527,0.31136042193566693,31.136042193566695
2528,0.28402190136078204,28.402190136078204
2529,0.27303875606079275,27.303875606079274
2530,0.31363391852596334,31.363391852596333
2531,0.2853169147574716,28.531691475747163
2532,0.26945132401921534,26.945132401921533
2533,0.2884918234833441,28.849182348334413
2534,0.30453004301226483,30.453004301226482
2535,0.30080954519621117,30.080954519621116
2536,0.2958574310175703,29.58574310175703
2537,0.2841226565434602,28.41226565434602
2538,0.282254585576668,28.225458557666798
2539,0.2986921467507834,29.869214675078343
2540,0.2973563883636181,29.73563883636181
2541,0.2684940121489356,26.849401214893557
2542,0.2987253883312743,29.872538833127432
2543,0.2792967717997163,27.92967717997163
2544,0.2878167245057155,28.78167245057155
2545,0.2978094179279409,29.780941792794092
2546,0.2857729492186152,28.57729492186152
2547,0.2843939436568526,28.43939436568526
2548,0.2998529149312606,29.98529149312606
2549,0.3088439532670015,30.884395326700147
2550,0.2882356860068047,28.82356860068047
2551,0.28827761104531097,28.827761104531096
2552,0.26453706269508676,26.453706269508675
2553,0.27194997275540267,27.194997275540267
2554,0.3049374052980347,30.49374052980347
2555,0.3045045982497246,30.45045982497246
2556,0.27521993965201713,27.521993965201712
2557,0.2823461970376719,28.234619703767187
2558,0.28737310117224774,28.737310117224773
2559,0.2749320897427172,27.49320897427172
2560,0.2811282432947102,28.11282432947102
2561,0.29866905924430426,29.866905924430426
2562,0.27341209796830024,27.341209796830025
2563,0.2868277885252588,28.68277885252588
2564,0.3088174262294184,30.88174262294184
2565,0.3031026454464282,30.310264544642816
2566,0.2737766297876104,27.37766297876104
2567,0.26169021539920323,26.169021539920323
2568,0.28645176592545973,28.645176592545972
2569,0.3085530438454196,30.85530438454196
2570,0.2727280103179383,27.27280103179383
2571,0.29041534479335784,29.041534479335784
2572,0.2775196227675046,27.751962276750458
2573,0.26201516157452925,26.201516157452925
2574,0.2825541674551973,28.255416745519728
2575,0.2765886553915528,27.65886553915528
2576,0.263343093585488,26.3343093585488
2577,0.27967466534410784,27.967466534410786
2578,0.27913855522631315,27.913855522631316
2579,0.2698348080576671,26.983480805766707
2580,0.2802642127724711,28.02642127724711
2581,0.3141524936575533,31.415249365755333
2582,0.28315462322806684,28.315462322806685
2583,0.2878498809573479,28.784988095734793
2584,0.27293834510152254,27.293834510152255
2585,0.2907055368851804,29.070553688518043
2586,0.2893531736544095,28.935317365440948
2587,0.3001571853173246,30.01571853173246
2588,0.28369454346823886,28.369454346823886
2589,0.29397125476774383,29.397125476774384
2590,0.2814326215060652,28.143262150606517
2591,0.29268029540258383,29.268029540258382
2592,0.2796478067272459,27.964780672724586
2593,0.2803722498862504,28.03722498862504
2594,0.28324821285265994,28.324821285265994
2595,0.30201431549995605,30.201431549995604
2596,0.302979940151309,30.297994015130904
2597,0.2789439619659986,27.894396196599857
2598,0.2885585701709078,28.85585701709078
2599,0.2806717297217942,28.06717297217942
2600,0.3018964438536091,30.189644385360907
2601,0.2819406342710356,28.19406342710356
2602,0.26708291801197565,26.708291801197564
2603,0.2815933715763244,28.159337157632443
2604,0.30201348982103493,30.201348982103493
2605,0.293171919609819,29.317191960981898
2606,0.2867769369739641,28.67769369739641
2607,0.28906480778198707,28.906480778198706
2608,0.28832047134250804,28.832047134250804
2609,0.28212492207622114,28.212492207622113
2610,0.29232466611515967,29.232466611515967
2611,0.30234185091451926,30.234185091451927
2612,0.28527593132333834,28.527593132333834
2613,0.2945077631258429,29.450776312584292
2614,0.30364518136227986,30.364518136227986
2615,0.28755817357451235,28.755817357451235
2616,0.2730769500339913,27.30769500339913
2617,0.29140628937443525,29.140628937443523
2618,0.28718493370999026,28.718493370999028
2619,0.28352072736524114,28.352072736524114
2620,0.30189889213593807,30.18988921359381
2621,0.2936844073844544,29.36844073844544
2622,0.2843564524605005,28.43564524605005
2623,0.27458851226893105,27.458851226893106
2624,0.2879968864009361,28.799688640093613
2625,0.29324633006755746,29.324633006755747
2626,0.3053455423846749,30.534554238467486
2627,0.2805544743989881,28.055447439898813
2628,0.2914069333640986,29.14069333640986
2629,0.2939241952033943,29.39241952033943
2630,0.26451469236406194,26.451469236406194
2631,0.2746239540981892,27.462395409818917
2632,0.28179584678344827,28.179584678344828
2633,0.3016803275184329,30.16803275184329
2634,0.2770761517625661,27.70761517625661
2635,0.2979184206269956,29.79184206269956
2636,0.26887560668019445,26.887560668019443
2637,0.27996820940876627,27.996820940876628
2638,0.2832598252584828,28.325982525848282
2639,0.31166170241278,31.166170241278003
2640,0.28986495736772827,28.986495736772827
2641,0.30965444407753656,30.965444407753655
2642,0.2827658757828519,28.276587578285188
2643,0.27736623436028746,27.736623436028747
2644,0.2848133376577706,28.481333765777062
2645,0.28153881114325824,28.153881114325824
2646,0.30220873245083896,30.220873245083897
2647,0.2843570567462066,28.43570567462066
2648,0.29178434476101417,29.178434476101415
2649,0.2814213251617231,28.142132516172307
2650,0.2667087121778381,26.67087121778381
2651,0.2930066883847823,29.300668838478227
2652,0.2922943134374012,29.22943134374012
2653,0.27170345347942804,27.170345347942803
2654,0.27795930628657867,27.795930628657867
2655,0.27702187636000003,27.702187636
2656,0.26127008024192844,26.127008024192843
2657,0.3028775059446662,30.287750594466623
2658,0.2506260996764521,25.062609967645212
2659,0.27907563606968916,27.907563606968917
2660,0.2833661026257221,28.336610262572208
2661,0.2613858371878483,26.13858371878483
2662,0.295246665110807,29.5246665110807
2663,0.30729738955072566,30.729738955072566
2664,0.27593647242839203,27.593647242839204
2665,0.26420101209604646,26.420101209604645
2666,0.29058863066207424,29.058863066207426
2667,0.2618732111729283,26.18732111729283
2668,0.29081884494247706,29.081884494247706
2669,0.29609445954012553,29.609445954012553
2670,0.2843107719914441,28.43107719914441
2671,0.28992828670772425,28.992828670772425
2672,0.28859917525502926,28.859917525502926
2673,0.30258110632618845,30.258110632618845
2674,0.2832412518593317,28.32412518593317
2675,0.2952296345660314,29.52296345660314
2676,0.2612845824229417,26.128458242294172
2677,0.28369030764469144,28.369030764469144
2678,0.3094853171570042,30.948531715700422
2679,0.3152438667183219,31.52438667183219
2680,0.2769561346278563,27.69561346278563
2681,0.27823854801194586,27.823854801194585
2682,0.2742429645707892,27.424296457078924
2683,0.27554477912124264,27.554477912124263
2684,0.29595435043146306,29.595435043146306
2685,0.28372646291263875,28.372646291263877
2686,0.30711731226373806,30.711731226373807
2687,0.31402152309455383,31.402152309455385
2688,0.2742102481332661,27.42102481332661
2689,0.30741017159259654,30.741017159259656
2690,0.26818508983748085,26.818508983748085
2691,0.27310423574835213,27.310423574835212
2692,0.30163330160731355,30.163330160731356
2693,0.28273367737974076,28.273367737974077
2694,0.27192041767706154,27.192041767706154
2695,0.26606982421919534,26.606982421919533
2696,0.2739163249761358,27.391632497613582
2697,0.258529422583238,25.852942258323804
2698,0.28821635393087575,28.821635393087575
2699,0.27633956012676425,27.633956012676425
2700,0.28441197033579385,28.441197033579385
2701,0.299246058674341,29.9246058674341
2702,0.2737846210417081,27.378462104170808
2703,0.30245988988563977,30.245988988563976
2704,0.28814004868392784,28.814004868392786
2705,0.28483563777917026,28.483563777917027
2706,0.289325820331611,28.932582033161104
2707,0.3003633544869866,30.036335448698658
2708,0.27104665154342694,27.104665154342694
2709,0.27767925258893533,27.767925258893534
2710,0.27425233683707495,27.425233683707496
2711,0.2805264225567339,28.052642255673387
2712,0.2789626771120925,27.896267711209248
2713,0.30061852705642644,30.061852705642643
2714,0.3049926223648933,30.499262236489326
2715,0.2653328186632566,26.53328186632566
2716,0.291830203268232,29.1830203268232
2717,0.29976975766445985,29.976975766445985
2718,0.26380144602193306,26.380144602193305
2719,0.2719528329723372,27.19528329723372
2720,0.2797296027602924,27.97296027602924
2721,0.289198382051468,28.919838205146796
2722,0.27864621316869304,27.864621316869304
2723,0.2776844820311293,27.76844820311293
2724,0.2836637806071084,28.36637806071084
2725,0.28336396979857975,28.336396979857977
2726,0.28078953436599785,28.078953436599786
2727,0.3028415515047106,30.284155150471058
2728,0.2753318864755596,27.53318864755596
2729,0.2894320807847235,28.94320807847235
2730,0.29916953082158976,29.916953082158976
2731,0.29394483504255553,29.394483504255554
2732,0.2826308175318473,28.263081753184732
2733,0.28236463329369094,28.236463329369094
2734,0.2595674088671259,25.95674088671259
2735,0.27982627408070365,27.982627408070364
2736,0.2880464834245773,28.804648342457728
2737,0.28405757691066286,28.405757691066285
2738,0.32445729943621343,32.445729943621345
2739,0.28368149961903666,28.368149961903665
2740,0.27394575670814275,27.394575670814277
2741,0.28318692894357284,28.318692894357284
2742,0.3143493287861347,31.43493287861347
2743,0.2811350502307795,28.113505023077952
2744,0.2576562435487012,25.76562435487012
2745,0.254841400219782,25.484140021978202
2746,0.2730552141532226,27.30552141532226
2747,0.28170379703706483,28.170379703706484
2748,0.2816240636215355,28.162406362153554
2749,0.29589924874368173,29.589924874368172
2750,0.2902963727452528,29.029637274525278
2751,0.27642925450012146,27.642925450012147
2752,0.28172580290054444,28.172580290054444
2753,0.29060925131524956,29.060925131524957
2754,0.2762480906851845,27.624809068518452
2755,0.2777072780034046,27.77072780034046
2756,0.3011056227577258,30.11056227577258
2757,0.26366400788707167,26.366400788707168
2758,0.2722948716903492,27.229487169034922
2759,0.26519213291791893,26.519213291791893
2760,0.28832257433891306,28.832257433891307
2761,0.2845930827427514,28.45930827427514
2762,0.27388386520337105,27.388386520337104
2763,0.2595720757974187,25.95720757974187
2764,0.28850444336010594,28.850444336010593
2765,0.27152491424753483,27.15249142475348
2766,0.29524913151985127,29.524913151985128
2767,0.27374894549182727,27.374894549182727
2768,0.2904195259250782,29.04195259250782
2769,0.27616133922372677,27.616133922372676
2770,0.3164086814192934,31.64086814192934
2771,0.3310307278482841,33.103072784828406
2772,0.2944842749496499,29.44842749496499
2773,0.2808856707378703,28.08856707378703
2774,0.28295323021031726,28.295323021031727
2775,0.2978996904073633,29.78996904073633
2776,0.2642121159134665,26.421211591346648
2777,0.2953775056649794,29.537750566497937
2778,0.2762098270152569,27.620982701525694
2779,0.2805955036175845,28.05955036175845
2780,0.28853320993093196,28.853320993093195
2781,0.2734208602094919,27.342086020949193
2782,0.29352713932016533,29.352713932016535
2783,0.30662486177128756,30.662486177128756
2784,0.29218315361459807,29.21831536145981
2785,0.2903572538029198,29.035725380291982
2786,0.27889610862472464,27.889610862472463
2787,0.27703779351777064,27.703779351777065
2788,0.29223151790100466,29.223151790100466
2789,0.28795146730153337,28.795146730153338
2790,0.3014522832365786,30.145228323657857
2791,0.2734987089171094,27.349870891710943
2792,0.2635390874239521,26.35390874239521
2793,0.27323508147853576,27.323508147853577
2794,0.2841446017796091,28.41446017796091
2795,0.2886822779920374,28.868227799203737
2796,0.2911645148645176,29.116451486451762
2797,0.2646789454025817,26.46789454025817
2798,0.26322678877441885,26.322678877441884
2799,0.29036281048133344,29.036281048133343
2800,0.26297616480615954,26.297616480615954
2801,0.2896620108370057,28.96620108370057
2802,0.28832973517396343,28.832973517396344
2803,0.27895890416112123,27.895890416112124
2804,0.2791876072584742,27.91876072584742
2805,0.26931252404430556,26.931252404430555
2806,0.2830926700410583,28.30926700410583
2807,0.2956314401733877,29.56314401733877
2808,0.2770731837170954,27.707318371709537
2809,0.29118626826570737,29.118626826570736
2810,0.2927290141267362,29.27290141267362
2811,0.287303279288853,28.730327928885302
2812,0.28960554244997544,28.960554244997542
2813,0.31031596747362283,31.031596747362283
2814,0.27781405313841473,27.78140531384147
2815,0.2665642953671928,26.65642953671928
2816,0.28424025722920115,28.424025722920117
2817,0.2829416477972662,28.29416477972662
2818,0.28527700405897405,28.527700405897406
2819,0.2784357418482709,27.84357418482709
2820,0.2879101053812226,28.791010538122258
2821,0.3028736256813001,30.28736256813001
2822,0.29493484663231695,29.493484663231694
2823,0.28155200965601357,28.155200965601356
2824,0.30529659878734416,30.529659878734417
2825,0.2895638400172726,28.95638400172726
2826,0.2914395706588835,29.143957065888348
2827,0.28446027833792903,28.446027833792904
2828,0.29137467212608187,29.137467212608186
2829,0.2781033669307484,27.810336693074838
2830,0.2699565717484132,26.99565717484132
2831,0.2892783386146912,28.92783386146912
2832,0.2697355427244867,26.97355427244867
2833,0.29366614804416113,29.366614804416113
2834,0.2876613819158115,28.76613819158115
2835,0.28027758752602167,28.027758752602168
2836,0.30016973331565105,30.016973331565104
2837,0.27326533958142657,27.326533958142658
2838,0.2762396136325144,27.623961363251443
2839,0.30057922842856344,30.057922842856343
2840,0.27806741249079286,27.806741249079288
2841,0.29029808947055186,29.029808947055187
2842,0.2810553168152501,28.105531681525008
2843,0.28621233299177057,28.621233299177057
2844,0.27750421282351384,27.750421282351383
2845,0.27253445868129733,27.253445868129734
2846,0.28384810811625116,28.384810811625115
2847,0.30181446602854467,30.181446602854468
2848,0.28050605681708324,28.050605681708323
2849,0.290741256998219,29.074125699821902
2850,0.2953817233618116,29.538172336181162
2851,0.2753038308965403,27.53038308965403
2852,0.27892149322994303,27.892149322994303
2853,0.28101556795893995,28.101556795893995
2854,0.25615540520575764,25.615540520575763
2855,0.2914395706588835,29.143957065888348
2856,0.30162396117438806,30.162396117438806
2857,0.28930969442475435,28.930969442475433
2858,0.2973604466651455,29.736044666514548
2859,0.27472237188896814,27.472237188896813
2860,0.2979542730239657,29.795427302396572
2861,0.29925973629886876,29.925973629886876
2862,0.2994726421949748,29.947264219497484
2863,0.2815274080928155,28.15274080928155
2864,0.30265690993670985,30.265690993670987
2865,0.28998352830185986,28.998352830185986
2866,0.2827668513517942,28.27668513517942
2867,0.3055394333887684,30.553943338876838
2868,0.2757216844129546,27.572168441295457
2869,0.2880368264859113,28.803682648591128
2870,0.27708625147856353,27.708625147856353
2871,0.28601359630107004,28.601359630107005
2872,0.2849927847474085,28.49927847474085
2873,0.28343082363650374,28.343082363650375
2874,0.27823265975425326,27.823265975425326
2875,0.2848186605298929,28.48186605298929
2876,0.2873558618783859,28.735586187838592
2877,0.28958187675176245,28.958187675176244
2878,0.2984666756697425,29.84666756697425
2879,0.28779656299700895,28.779656299700896
2880,0.2775224276863179,27.752242768631792
2881,0.29216834856260765,29.216834856260764
2882,0.2712451794850414,27.12451794850414
2883,0.3108906722343299,31.08906722343299
2884,0.27234359041450157,27.23435904145016
2885,0.287947077420727,28.7947077420727
2886,0.30439795280673093,30.439795280673092
2887,0.2981288074248533,29.81288074248533
2888,0.28631101291280253,28.631101291280252
2889,0.2902644772131188,29.026447721311882
2890,0.2863151785267247,28.631517852672474
2891,0.2787936568976608,27.87936568976608
2892,0.2806770006653116,28.06770006653116
2893,0.2998604859496829,29.98604859496829
2894,0.2744701523771291,27.447015237712908
2895,0.2963795375089118,29.637953750891178
2896,0.2854883989340649,28.54883989340649
2897,0.308413156821935,30.8413156821935
2898,0.2991995970038526,29.919959700385263
2899,0.30611909054218295,30.611909054218295
2900,0.2980709652285764,29.80709652285764
2901,0.27472163073261135,27.472163073261136
2902,0.2890444156145515,28.90444156145515
2903,0.2638876777202491,26.388767772024913
2904,0.27674824332732,27.674824332732
2905,0.2688817802884432,26.88817802884432
2906,0.3074363586564328,30.74363586564328
2907,0.29817717299248464,29.817717299248464
2908,0.2851644546784552,28.516445467845518
2909,0.28823344647356175,28.823344647356176
2910,0.2768306218220982,27.683062182209824
2911,0.2867276253008791,28.67276253008791
2912,0.2719711625222556,27.197116252225563
2913,0.3067356506446672,30.673565064466718
2914,0.27999483848933476,27.999483848933476
2915,0.29311964734237894,29.311964734237893
2916,0.3036145960231694,30.36145960231694
2917,0.27699012941963025,27.699012941963026
2918,0.3190449331682332,31.904493316823316
2919,0.2680863558995524,26.808635589955237
2920,0.27610184391837406,27.610184391837407
2921,0.2871826766563262,28.71826766563262
2922,0.3196489154416536,31.964891544165358
2923,0.2787397309148507,27.87397309148507
2924,0.289219281594718,28.9219281594718
2925,0.27258970027543294,27.258970027543295
2926,0.27235633312145635,27.235633312145634
2927,0.281270457581484,28.1270457581484
2928,0.26944543576152274,26.944543576152274
2929,0.26371853511988413,26.371853511988412
2930,0.2792286364770705,27.922863647707054
2931,0.2743409021905251,27.43409021905251
2932,0.2637408971498392,26.374089714983924
2933,0.2805014900205511,28.050149002055107
2934,0.2712697893493092,27.126978934930918
2935,0.27181872462677537,27.181872462677536
2936,0.2771879688940922,27.71879688940922
2937,0.2812314648864325,28.123146488643254
2938,0.27207661100309194,27.207661100309195
2939,0.27908013265659615,27.908013265659616
2940,0.2766174256991439,27.661742569914388
2941,0.27481481689949017,27.481481689949018
2942,0.2832489540090167,28.324895400901667
2943,0.2830731449852309,28.30731449852309
2944,0.2861485826736392,28.614858267363918
2945,0.28515208420214866,28.515208420214865
2946,0.27353909110124025,27.353909110124025
2947,0.2838832789078923,28.388327890789228
2948,0.27980891056032026,27.980891056032025
2949,0.2902104732325099,29.021047323250993
2950,0.30516566584001037,30.516566584001037
2951,0.29436872675281617,29.436872675281617
2952,0.2848148805121461,28.48148805121461
2953,0.2814663188923566,28.146631889235664
2954,0.2798352456772756,27.983524567727557
2955,0.2883195755225982,28.83195755225982
2956,0.2812602193260257,28.12602193260257
2957,0.2949741824315861,29.497418243158606
2958,0.29429277709179863,29.429277709179864
2959,0.2802665218404087,28.026652184040866
2960,0.313933243697954,31.3933243697954
2961,0.28807346626796093,28.807346626796093
2962,0.2766980118534227,27.66980118534227
2963,0.2986921467507834,29.869214675078343
2964,0.2871120923593887,28.711209235938874
2965,0.3003109268810627,30.03109268810627
2966,0.29053031479845787,29.053031479845785
2967,0.2977287095497634,29.772870954976337
2968,0.2732733606662615,27.327336066626152
2969,0.2894355046359948,28.943550463599482
2970,0.30073824678565386,30.073824678565387
2971,0.2845782201252648,28.457822012526478
2972,0.3281153582666861,32.81153582666861
2973,0.28300682461384835,28.300682461384834
2974,0.28522020409266485,28.522020409266485
2975,0.28810966844280694,28.810966844280696
2976,0.2750499073035313,27.50499073035313
2977,0.273014361850352,27.3014361850352
2978,0.2892281686687255,28.92281686687255
2979,0.2642761781087495,26.42761781087495
2980,0.2746728274858946,27.46728274858946
2981,0.29492456788752386,29.492456788752385
2982,0.30029323178140044,30.029323178140043
2983,0.28964497343040646,28.964497343040644
2984,0.28941225285791883,28.941225285791884
2985,0.28697652500708526,28.697652500708525
2986,0.2773839294599498,27.738392945994978
2987,0.2731987194641254,27.319871946412537
2988,0.3123672236792276,31.23672236792276
2989,0.3096000389829541,30.960003898295408
2990,0.3108558330219678,31.085583302196778
2991,0.2924226031286014,29.24226031286014
2992,0.304347432228421,30.434743222842098
2993,0.28288563521603655,28.288563521603656
2994,0.3018837862755129,30.188378627551288
2995,0.2939020220965168,29.39020220965168
2996,0.3052092759066212,30.520927590662122
2997,0.2800965315396209,28.009653153962088
2998,0.2837470230884362,28.37470230884362
2999,0.26991131473890095,26.991131473890096
3000,0.31533029924462963,31.533029924462962
3001,0.3014552725392353,30.145527253923532
3002,0.29375548753226766,29.375548753226767
3003,0.2817247390722727,28.172473907227268
3004,0.28854463050179574,28.854463050179575
3005,0.2863021353524532,28.630213535245318
3006,0.2754137394678082,27.541373946780823
3007,0.2974165276586342,29.741652765863417
3008,0.3014585178059706,30.14585178059706
3009,0.2774738156682661,27.74738156682661
3010,0.2798186144058849,27.98186144058849
3011,0.28760230331859626,28.760230331859628
3012,0.2616925791589679,26.169257915896786
3013,0.2880327681843839,28.803276818438388
3014,0.30569829708230567,30.569829708230568
3015,0.2669513736003016,26.69513736003016
3016,0.2802498635262812,28.02498635262812
3017,0.2735114913280215,27.35114913280215
3018,0.2849363169666725,28.493631696667247
3019,0.2747425854119481,27.474258541194814
3020,0.31716145286374436,31.716145286374438
3021,0.3014836183451029,30.14836183451029
3022,0.31867611861847683,31.867611861847685
3023,0.25359195136669704,25.359195136669705
3024,0.271946838008544,27.194683800854403
3025,0.27609628723996044,27.609628723996043
3026,0.27196446229228693,27.196446229228695
3027,0.2678266556312434,26.78266556312434
3028,0.2991245376972503,29.91245376972503
3029,0.3200920829693208,32.00920829693208
3030,0.27257013423117815,27.257013423117815
3031,0.2767116199432559,27.671161994325587
3032,0.29628676870403925,29.628676870403925
3033,0.3141861910438448,31.418619104384483
3034,0.27840741356282445,27.840741356282443
3035,0.2623916261910606,26.23916261910606
3036,0.28236389213733426,28.236389213733425
3037,0.2831842329982351,28.318423299823507
3038,0.2882941085765217,28.82941085765217
3039,0.2832213542357979,28.32213542357979
3040,0.2851971717222725,28.51971717222725
3041,0.2746015014263062,27.460150142630617
3042,0.3112336546022554,31.12336546022554
3043,0.28127781985082034,28.127781985082034
3044,0.2941399385266046,29.413993852660457
3045,0.28615403264595224,28.615403264595223
3046,0.2645721489641635,26.457214896416346
3047,0.2896085237458693,28.96085237458693
3048,0.2792752367469393,27.927523674693933
3049,0.28206469765234654,28.206469765234655
3050,0.2925988309488163,29.259883094881626
3051,0.30491620121824253,30.491620121824255
3052,0.2792872376912432,27.928723769124318
3053,0.2969038235981284,29.69038235981284
3054,0.2844243414183945,28.442434141839453
3055,0.3048747325918311,30.487473259183112
3056,0.27638100179610753,27.638100179610753
3057,0.27041839989238164,27.041839989238163
3058,0.27532439107233775,27.532439107233774
3059,0.28844178496684153,28.844178496684155
3060,0.2978182259535957,29.781822595359568
3061,0.32251419959985034,32.251419959985036
3062,0.2740072451819867,27.400724518198672
3063,0.2907673833660882,29.07673833660882
3064,0.28106822622359284,28.106822622359285
3065,0.29375762035941,29.375762035941
3066,0.2854650869986671,28.546508699866706
3067,0.2707348792293755,27.07348792293755
3068,0.27268695126860465,27.268695126860464
3069,0.26116507004647166,26.116507004647165
3070,0.27151198265565585,27.151198265565586
3071,0.2811480712215149,28.114807122151493
3072,0.28019050509157917,28.019050509157918
3073,0.2814451393398416,28.14451393398416
3074,0.27890902757247465,27.890902757247467
3075,0.2730597107401296,27.30597107401296
3076,0.28683716079154453,28.683716079154454
3077,0.2639182757034886,26.39182757034886
3078,0.2629881257053882,26.29881257053882
3079,0.2813968764214898,28.13968764214898
3080,0.2515913381253355,25.15913381253355
3081,0.27547313473279844,27.547313473279843
3082,0.2867781339361215,28.67781339361215
3083,0.3061880522357126,30.61880522357126
3084,0.2653616027545036,26.53616027545036
3085,0.303571172607777,30.3571172607777
3086,0.277757735746809,27.7757735746809
3087,0.26796931886523956,26.796931886523957
3088,0.29542140826078067,29.542140826078068
3089,0.28507012389750536,28.507012389750535
3090,0.2904887213392306,29.04887213392306
3091,0.27727092427363026,27.727092427363026
3092,0.2873421842538582,28.734218425385823
3093,0.27745623327018676,27.745623327018677
3094,0.26492782013725114,26.49278201372511
3095,0.28842908291125613,28.842908291125614
3096,0.2931294754144653,29.312947541446533
3097,0.2876844851021233,28.76844851021233
3098,0.27965806516361746,27.965806516361745
3099,0.28073261017316703,28.073261017316703
3100,0.2954924890148881,29.549248901488813
3101,0.29796927217829033,29.796927217829033
3102,0.30004716943366194,30.004716943366194
3103,0.2732795400138982,27.32795400138982
3104,0.2779827944627717,27.798279446277167
3105,0.27917192103332583,27.91719210333258
3106,0.28350140793344114,28.350140793344114
3107,0.2726404895981163,27.264048959811632
3108,0.29298434203465984,29.298434203465984
3109,0.308324880555806,30.832488055580598
3110,0.2985540758943956,29.855407589439558
3111,0.28178030030261964,28.178030030261965
3112,0.2924962112133905,29.249621121339047
3113,0.30768481720359037,30.768481720359038
3114,0.28790454809651467,28.790454809651468
3115,0.2861533461814226,28.615334618142256
3116,0.2889938956425357,28.899389564253568
3117,0.28814371898561947,28.814371898561948
3118,0.2936353252476629,29.36353252476629
3119,0.2747316596326895,27.473165963268947
3120,0.27893335208618625,27.893335208618623
3121,0.27642486461931504,27.642486461931504
3122,0.30725832958835453,30.725832958835454
3123,0.29312161904548684,29.312161904548685
3124,0.2612151703891063,26.12151703891063
3125,0.2802643674360242,28.026436743602417
3126,0.27936219695748304,27.936219695748303
3127,0.28166812148718406,28.166812148718407
3128,0.28230321190765895,28.230321190765896
3129,0.28457688601997533,28.457688601997532
3130,0.2776068814427423,27.76068814427423
3131,0.2773905588739991,27.73905588739991
3132,0.28865698796168676,28.865698796168676
3133,0.27056827073216094,27.056827073216095
3134,0.2664169405038487,26.641694050384867
3135,0.2753458505099143,27.534585050991428
3136,0.2680120251051777,26.80120251051777
3137,0.29950554268252877,29.950554268252876
3138,0.28850020753655853,28.85002075365585
3139,0.3004556746646928,30.04556746646928
3140,0.3048471328186123,30.484713281861232
3141,0.29656971078378946,29.656971078378945
3142,0.2643596813534369,26.43596813534369
3143,0.31100188508015,31.100188508015
3144,0.30342568366779016,30.342568366779016
3145,0.29060671781839337,29.060671781839336
3146,0.2798471045335188,27.98471045335188
3147,0.2903131959372712,29.03131959372712
3148,0.29193235273061285,29.193235273061287
3149,0.2661231421795343,26.612314217953433
3150,0.2930077235047523,29.300772350475228
3151,0.30992562021483044,30.992562021483046
3152,0.2929822092075175,29.29822092075175
3153,0.2854936829060514,28.54936829060514
3154,0.2813546084669312,28.13546084669312
3155,0.27889760700161087,27.889760700161087
3156,0.2992206187710014,29.92206187710014
3157,0.25507149211425145,25.507149211425144
3158,0.2852837583058392,28.52837583058392
3159,0.27349469031953927,27.349469031953927
3160,0.27263751296533756,27.263751296533755
3161,0.2814464903592579,28.144649035925788
3162,0.3242364946791711,32.42364946791711
3163,0.2676645437209358,26.76645437209358
3164,0.2954368469130732,29.54368469130732
3165,0.31574586699907814,31.574586699907815
3166,0.2948650725821711,29.48650725821711
3167,0.2951230958291383,29.512309582913833
3168,0.2893511630511658,28.93511630511658
3169,0.2794861115250758,27.94861115250758
3170,0.28534334773308306,28.534334773308306
3171,0.2932820200160461,29.32820200160461
3172,0.29366604133806057,29.366604133806057
3173,0.2697068828597612,26.97068828597612
3174,0.2901104416857675,29.01104416857675
3175,0.2870122005569661,28.70122005569661
3176,0.2873750303833978,28.737503038339778
3177,0.3107022108084592,31.070221080845922
3178,0.2835106956771625,28.35106956771625
3179,0.3141634584226164,31.416345842261638
3180,0.2732038661811211,27.320386618112106
3181,0.2887104876283157,28.87104876283157
3182,0.28212067193973456,28.212067193973457
3183,0.2815409439704006,28.15409439704006
3184,0.27695896725567937,27.695896725567938
3185,0.27738335126821595,27.738335126821596
3186,0.29550148279499616,29.550148279499616
3187,0.28711328932154606,28.711328932154608
3188,0.29840042611752465,29.840042611752466
3189,0.26506294920417506,26.506294920417506
3190,0.25798056386107915,25.798056386107916
3191,0.3134579924542901,31.345799245429014
3192,0.2743180460609278,27.43180460609278
3193,0.28937365821500644,28.937365821500645
3194,0.31406259165754563,31.406259165754562
3195,0.3129145877612653,31.29145877612653
3196,0.27444834635537163,27.444834635537163
3197,0.2943993158286917,29.43993158286917
3198,0.29353549398690215,29.353549398690216
3199,0.2913689857556518,29.13689857556518
3200,0.2865255431410462,28.652554314104624
3201,0.27220366368705967,27.220366368705967
3202,0.2930680546347275,29.306805463472752
3203,0.30868298691087187,30.868298691087187
3204,0.2897300622433811,28.97300622433811
3205,0.27673224104069083,27.67322410406908
3206,0.28992828670772425,28.992828670772425
3207,0.2683477659884193,26.83477659884193
3208,0.2883284625966056,28.83284625966056
3209,0.30545374262511144,30.545374262511142
3210,0.28945254204259396,28.945254204259395
3211,0.288826446461498,28.882644646149803
3212,0.28373436551034004,28.373436551034004
3213,0.2956524366265294,29.56524366265294
3214,0.2872147203272478,28.721472032724783
3215,0.2684344471468538,26.843444714685383
3216,0.28198773039178004,28.198773039178004
3217,0.2666328319658465,26.663283196584647
3218,0.27994548531492625,27.994548531492626
3219,0.2959487937530494,29.594879375304938
3220,0.2820594814863248,28.20594814863248
3221,0.26102943315947363,26.102943315947364
3222,0.30092085756949766,30.092085756949764
3223,0.27004430076434466,27.004430076434467
3224,0.2849044208282443,28.49044208282443
3225,0.2902612019536117,29.026120195361173
3226,0.2615365805415657,26.15365805415657
3227,0.2761542540038769,27.61542540038769
3228,0.279666575168838,27.966657516883803
3229,0.28326451628153665,28.326451628153666
3230,0.2688600444076745,26.88600444076745
3231,0.2893010951481856,28.930109514818557
3232,0.2870523237413147,28.705232374131466
3233,0.29855073118586256,29.855073118586255
3234,0.2984007576968036,29.840075769680357
3235,0.2674421960238494,26.744219602384938
3236,0.2723124419571957,27.23124419571957
3237,0.254259432717205,25.425943271720502
3238,0.28987610105114014,28.987610105114015
3239,0.2997941512686064,29.979415126860644
3240,0.29215430158110073,29.215430158110074
3241,0.2776786181386792,27.767861813867924
3242,0.2685007663958007,26.850076639580074
3243,0.2837165582390823,28.37165582390823
3244,0.2847691155205252,28.47691155205252
3245,0.28456198830234203,28.456198830234204
3246,0.27889806280741153,27.88980628074115
3247,0.28268991104829594,28.268991104829595
3248,0.2879381603539477,28.79381603539477
3249,0.29236250353754256,29.236250353754258
3250,0.2897730292466788,28.97730292466788
3251,0.28646963966957756,28.646963966957756
3252,0.28334327648889673,28.334327648889673
3253,0.30802359634192794,30.802359634192793
3254,0.2828952934391726,28.28952934391726
3255,0.30787283546778943,30.787283546778944
3256,0.3026284118023131,30.26284118023131
3257,0.3002946781440131,30.02946781440131
3258,0.28397744656218465,28.397744656218464
3259,0.2725311991016229,27.253119910162287
3260,0.30138499111327505,30.138499111327505
3261,0.26601553070700557,26.601553070700557
3262,0.27924409782904064,27.924409782904064
3263,0.27297329389365443,27.297329389365444
3264,0.2936511367586037,29.36511367586037
3265,0.29207434501787743,29.207434501787745
3266,0.2740932004371105,27.40932004371105
3267,0.28493552958159296,28.493552958159295
3268,0.2897547874268066,28.97547874268066
3269,0.2768213340783769,27.68213340783769
3270,0.3046535967761354,30.46535967761354
3271,0.2694584392318371,26.94584392318371
3272,0.30395741594261333,30.395741594261334
3273,0.27604320300024426,27.604320300024426
3274,0.32064230839072855,32.064230839072856
3275,0.2768295617305916,27.68295617305916
3276,0.2686095446659368,26.86095446659368
3277,0.27826328210273527,27.826328210273527
3278,0.2953943415011268,29.53943415011268
3279,0.2832281241624957,28.322812416249572
3280,0.2826558605054834,28.265586050548343
3281,0.29211025696587534,29.211025696587534
3282,0.27111185234091156,27.111185234091156
3283,0.25852836249173133,25.852836249173134
3284,0.2609487348335995,26.094873483359947
3285,0.2923640019144288,29.23640019144288
3286,0.29818785180069746,29.818785180069746
3287,0.29623514528546313,29.623514528546313
3288,0.2592882666692251,25.92882666692251
3289,0.2613430067213885,26.13430067213885
3290,0.283661107451601,28.3661107451601
3291,0.30379548643061777,30.379548643061778
3292,0.2901064009046611,29.01064009046611
3293,0.2763235031483079,27.632350314830788
3294,0.3048178083990003,30.48178083990003
3295,0.26374551796326784,26.374551796326784
3296,0.2918446928051163,29.18446928051163
3297,0.296248604561578,29.624860456157798
3298,0.2822433196693575,28.22433196693575
3299,0.2752449981434513,27.524499814345134
3300,0.2782439807976506,27.82439807976506
3301,0.2775980495048215,27.75980495048215
3302,0.28918359164622937,28.918359164622938
3303,0.28019110937728525,28.019110937728524
3304,0.2878025240732438,28.78025240732438
3305,0.26849221980843613,26.849221980843613
3306,0.2942765132812105,29.42765132812105
3307,0.31275937279217764,31.275937279217764
3308,0.3158576841306042,31.58576841306042
3309,0.2710186086085366,27.10186086085366
3310,0.28170434690483703,28.170434690483702
3311,0.276358338623905,27.635833862390502
3312,0.286710742557833,28.671074255783303
3313,0.29687952344965934,29.687952344965936
3314,0.28786887254663385,28.786887254663384
3315,0.2937169995954559,29.371699959545587
3316,0.25269853482827775,25.269853482827777
3317,0.28332367282897625,28.332367282897625
3318,0.2689561200159309,26.89561200159309
3319,0.28931501729687664,28.931501729687664
3320,0.27956031471572557,27.956031471572558
3321,0.28232687760587205,28.232687760587204
3322,0.2945235040428184,29.45235040428184
3323,0.2660735276354721,26.60735276354721
3324,0.29305520522167217,29.305520522167217
3325,0.26988371496568214,26.988371496568213
3326,0.28155061798522796,28.155061798522794
3327,0.2999227580718413,29.992275807184132
3328,0.28121065940515416,28.121065940515415
3329,0.27281578121953337,27.281578121953338
3330,0.3068002175981899,30.680021759818988
3331,0.26714691163296506,26.714691163296507
3332,0.28261761901909205,28.261761901909203
3333,0.2753491257694214,27.53491257694214
3334,0.2849990831884731,28.49990831884731
3335,0.2678631117076255,26.78631117076255
3336,0.2792467709845479,27.924677098454794
3337,0.2761878662613099,27.61878662613099
3338,0.33080909672035785,33.08090967203579
3339,0.28415378281722986,28.415378281722987
3340,0.26980772804759,26.980772804759003
3341,0.2659307033236042,26.59307033236042
3342,0.28968857549025445,28.968857549025444
3343,0.29243192848798844,29.243192848798845
3344,0.28041597617262004,28.041597617262003
3345,0.31147926915095625,31.147926915095624
3346,0.2924376250727564,29.24376250727564
3347,0.2862380072906042,28.623800729060424
3348,0.30736922577412895,30.736922577412894
3349,0.28935116305116587,28.935116305116587
3350,0.283365468175466,28.336546817546598
3351,0.29596171270079935,29.596171270079935
3352,0.2951102295019561,29.51102295019561
3353,0.28477328113444744,28.477328113444745
3354,0.2777448300752314,27.774483007523138
3355,0.25912363633559976,25.912363633559977
3356,0.2925763452986337,29.25763452986337
3357,0.29413320240645463,29.41332024064546
3358,0.2787235284065238,27.872352840652383
3359,0.2748465511957309,27.48465511957309
3360,0.28376871892412975,28.376871892412975
3361,0.2736655093349518,27.366550933495184
3362,0.274871878235453,27.4871878235453
3363,0.29940561083503087,29.940561083503088
3364,0.2945657298897593,29.456572988975932
3365,0.28105573291709346,28.105573291709344
3366,0.2722441844106513,27.22441844106513
3367,0.29210081448996433,29.210081448996434
3368,0.3031527308698294,30.31527308698294
3369,0.26405872811254355,26.405872811254355
3370,0.2848792556307096,28.48792556307096
3371,0.3022510460278261,30.22510460278261
3372,0.2625584636182745,26.25584636182745
3373,0.2893867859118424,28.938678591184242
3374,0.2792179043733594,27.921790437335943
3375,0.290512139980729,29.0512139980729
3376,0.2848028129068168,28.48028129068168
3377,0.29444510473257846,29.444510473257846
3378,0.2504889931208696,25.04889931208696
3379,0.3014178622143513,30.14178622143513
3380,0.2837226288779955,28.37226288779955
3381,0.2978682506810299,29.78682506810299
3382,0.2675822227916538,26.758222279165377
3383,0.2781668184946431,27.81668184946431
3384,0.275905448803902,27.5905448803902
3385,0.2778995075039546,27.78995075039546
3386,0.29439228574492843,29.439228574492844
3387,0.29022311529280803,29.022311529280802
3388,0.3029847307018292,30.29847307018292
3389,0.28923401443446034,28.923401443446036
3390,0.2900945940626914,29.00945940626914
3391,0.28852420107728544,28.852420107728545
3392,0.30044633423176725,30.044633423176727
3393,0.3083778649342431,30.837786493424307
3394,0.2624835069609517,26.24835069609517
3395,0.2782503548539156,27.82503548539156
3396,0.2907040385082942,29.07040385082942
3397,0.29704959887930565,29.704959887930567
3398,0.2708126338750214,27.08126338750214
3399,0.2797636865033586,27.976368650335857
3400,0.2850604200519407,28.50604200519407
3401,0.27323761497539195,27.323761497539195
3402,0.29556265712431357,29.556265712431358
3403,0.3039138138827653,30.39138138827653
3404,0.3028174512578831,30.281745125788312
3405,0.274312135619699,27.4312135619699
3406,0.3043016973414306,30.43016973414306
3407,0.2755402825343356,27.55402825343356
3408,0.3096674332349117,30.96674332349117
3409,0.30083393940665193,30.083393940665193
3410,0.3069544071828002,30.69544071828002
3411,0.286526284297403,28.6526284297403
3412,0.2594909056015712,25.949090560157117
3413,0.2958235173454084,29.58235173454084
3414,0.273161297084315,27.316129708431504
3415,0.27001158259809177,27.001158259809177
3416,0.3048180171480863,30.481801714808633
3417,0.2691534636395171,26.91534636395171
3418,0.2689216820795768,26.892168207957678
3419,0.28129698461906705,28.129698461906706
3420,0.26836770062132465,26.836770062132466
3421,0.30765178297585666,30.765178297585667
3422,0.2941016378473054,29.410163784730543
3423,0.3191248428245577,31.91248428245577
3424,0.2710916148370291,27.10916148370291
3425,0.2959849395073386,29.59849395073386
3426,0.2871166064667168,28.711660646671678
3427,0.28476985728317616,28.476985728317615
3428,0.276289559311596,27.6289559311596
3429,0.313019929536001,31.3019929536001
3430,0.28647469158975153,28.647469158975152
3431,0.29526656212804664,29.526656212804664
3432,0.27956031471572557,27.956031471572558
3433,0.2836146457811127,28.361464578111267
3434,0.28050485985492596,28.050485985492596
3435,0.28647412734912064,28.647412734912063
3436,0.2702359447670775,27.023594476707753
3437,0.2862379221617457,28.62379221617457
3438,0.2769659271298173,27.696592712981733
3439,0.3077274167374279,30.772741673742786
3440,0.2820616149197614,28.20616149197614
3441,0.28000752363079334,28.000752363079336
3442,0.29393413353018094,29.393413353018094
3443,0.2705394866409139,27.053948664091386
3444,0.26760366326956303,26.7603663269563
3445,0.2767335104875777,27.673351048757773
3446,0.26612527500667665,26.612527500667664
3447,0.29159437231412827,29.159437231412827
3448,0.294275137128223,29.4275137128223
3449,0.30737230859238274,30.737230859238274
3450,0.3179959821192821,31.79959821192821
3451,0.2664512939176384,26.645129391763838
3452,0.293253044696134,29.3253044696134
3453,0.2881324681518474,28.81324681518474
3454,0.29121536641581236,29.121536641581237
3455,0.2883508240202665,28.83508240202665
3456,0.31269359168988936,31.269359168988935
3457,0.27044909193759276,27.044909193759274
3458,0.29070095516941485,29.070095516941485
3459,0.2880652136442096,28.806521364420963
3460,0.2786491333809149,27.86491333809149
3461,0.30760761840410744,30.760761840410744
3462,0.2834990143429393,28.34990143429393
3463,0.2732666084220193,27.326660842201928
3464,0.29524317044361637,29.524317044361638
3465,0.25665818852853417,25.665818852853416
3466,0.29266444777950773,29.266444777950774
3467,0.31863952506515,31.863952506514998
3468,0.2913546115379252,29.13546115379252
3469,0.2878729841436597,28.78729841436597
3470,0.26128777534159076,26.128777534159077
3471,0.28630551715602637,28.630551715602635
3472,0.2949830143695068,29.49830143695068
3473,0.30768724338805176,30.768724338805175
3474,0.2849148609709652,28.49148609709652
3475,0.2664213525681912,26.64213525681912
3476,0.30738084078113953,30.738084078113953
3477,0.27359222666326716,27.359222666326716
3478,0.29716452954001016,29.716452954001017
3479,0.28942491043601504,28.942491043601503
3480,0.30907265409697954,30.907265409697953
3481,0.28141963234869,28.141963234869
3482,0.27581536755314456,27.581536755314456
3483,0.26942434117583164,26.942434117583165
3484,0.27884301007206935,27.884301007206936
3485,0.3019824661965449,30.19824661965449
3486,0.2787860858792385,27.878608587923846
3487,0.2836620734811361,28.36620734811361
3488,0.30745518050862725,30.745518050862724
3489,0.30752306946652114,30.752306946652112
3490,0.26865770087818797,26.865770087818795
3491,0.2804026445259791,28.040264452597906
3492,0.2868215686882873,28.682156868828727
3493,0.3099366306023222,30.99366306023222
3494,0.2967424168940767,29.674241689407673
3495,0.3058125104132508,30.581251041325082
3496,0.29051226481354486,29.051226481354487
3497,0.2765014398232248,27.65014398232248
3498,0.3031871694124777,30.31871694124777
3499,0.3025277788435337,30.25277788435337
3500,0.28393379887990805,28.393379887990804
3501,0.2740193798664703,27.401937986647027
3502,0.2898043324361743,28.980433243617433
3503,0.28801778594418614,28.801778594418614
3504,0.27704941597589694,27.704941597589695
3505,0.2918001552126842,29.18001552126842
3506,0.2655460185229759,26.554601852297587
3507,0.2984632385680481,29.84632385680481
3508,0.2990935140727602,29.90935140727602
3509,0.28386817244117285,28.386817244117285
3510,0.27788259978937174,27.788259978937173
3511,0.2736003174448312,27.36003174448312
3512,0.26638640620546883,26.638640620546884
3513,0.2820414619384433,28.20414619384433
3514,0.28952242279884044,28.952242279884043
3515,0.2949670972117362,29.49670972117362
3516,0.3038502602758852,30.38502602758852
3517,0.2991266705243926,29.91266705243926
3518,0.26680695678965627,26.680695678965627
3519,0.29526064127639456,29.526064127639458
3520,0.2869557071983992,28.695570719839917
3521,0.304626243453337,30.4626243453337
3522,0.29157698382220826,29.157698382220826
3523,0.2721865317055927,27.21865317055927
3524,0.2882489912256607,28.824899122566073
3525,0.28643985237738945,28.643985237738946
3526,0.29821524213286743,29.821524213286743
3527,0.2632966689243712,26.32966689243712
3528,0.30120407374875846,30.120407374875846
3529,0.2889627868891871,28.89627868891871
3530,0.28002521873045566,28.002521873045566
3531,0.26619252951431444,26.619252951431445
3532,0.2892714152370286,28.927141523702858
3533,0.265760849893467,26.5760849893467
3534,0.31989985346877087,31.989985346877088
3535,0.2637079409199044,26.37079409199044
3536,0.30900919992416775,30.900919992416775
3537,0.2638788690883001,26.387886908830012
3538,0.28661083323498926,28.661083323498925
3539,0.280440400213798,28.0440400213798
3540,0.26105971562760694,26.105971562760693
3541,0.2753374431539733,27.53374431539733
3542,0.27651741167282257,27.651741167282257
3543,0.25574274153943877,25.574274153943875
3544,0.2825359081149041,28.253590811490408
3545,0.2920812661281651,29.20812661281651
3546,0.2805009257799202,28.050092577992018
3547,0.31924338311204875,31.924338311204874
3548,0.2696382821919077,26.963828219190773
3549,0.31012373797307297,31.012373797307298
3550,0.2860919247953906,28.609192479539058
3551,0.290237209019179,29.023720901917898
3552,0.297262798739025,29.7262798739025
3553,0.2725690614955425,27.25690614955425
3554,0.28093832353702847,28.093832353702847
3555,0.2691391866055753,26.913918660557528
3556,0.29976517594869434,29.976517594869435
3557,0.30511657663644326,30.511657663644325
3558,0.27179066904775606,27.179066904775606
3559,0.3086230639017261,30.862306390172613
3560,0.28859929764096254,28.859929764096254
3561,0.270466787037255,27.0466787037255
3562,0.27098343781689554,27.098343781689554
3563,0.27973814934765695,27.973814934765695
3564,0.28322738239984474,28.322738239984474
3565,0.29974363129659065,29.974363129659064
3566,0.2657160508714617,26.57160508714617
3567,0.2850756110412244,28.50756110412244
3568,0.2850083709321945,28.50083709321945
3569,0.2892494700008797,28.92494700008797
3570,0.29575245265547373,29.575245265547373
3571,0.3045515174547433,30.45515174547433
3572,0.27285968442162883,27.285968442162883
3573,0.2833013816149405,28.33013816149405
3574,0.2833187971495974,28.33187971495974
3575,0.2694687997111941,26.946879971119408
3576,0.27844870527351007,27.844870527351006
3577,0.30182040897806434,30.182040897806434
3578,0.2966424008651325,29.66424008651325
3579,0.2956030691391817,29.560306913918172
3580,0.28671478333893935,28.671478333893933
3581,0.2755809409139555,27.558094091395553
3582,0.3031305761926317,30.313057619263166
3583,0.3133401026812279,31.334010268122793
3584,0.27542485716769466,27.542485716769466
3585,0.29369374781737995,29.369374781737996
3586,0.2935584674811975,29.355846748119752
3587,0.2913078114263344,29.130781142633438
3588,0.2873365424465861,28.733654244658606
3589,0.31133955888889236,31.133955888889236
3590,0.28533011327022695,28.533011327022695
3591,0.2933142190254514,29.33142190254514
3592,0.2778669152929531,27.78669152929531
3593,0.3014800072363189,30.148000723631892
3594,0.2715884376898649,27.15884376898649
3595,0.29408367171002614,29.408367171002613
3596,0.2767659384269823,27.67659384269823
3597,0.2770521588281334,27.705215882813338
3598,0.2728824803939042,27.28824803939042
3599,0.2720234172692747,27.20234172692747
3600,0.2884989386959658,28.84989386959658
3601,0.27633677965886216,27.633677965886218
3602,0.2838737291195865,28.387372911958654
3603,0.2902980894705518,29.02980894705518
3604,0.2973320338571346,29.73320338571346
3605,0.26189667945882866,26.189667945882867
3606,0.2658835551885861,26.58835551885861
3607,0.2922376903868178,29.22376903868178
3608,0.28267784344296665,28.267784344296665
3609,0.2643986740484883,26.439867404848833
3610,0.28357315963428015,28.357315963428015
3611,0.28767877587322627,28.767877587322626
3612,0.2981695924604042,29.81695924604042
3613,0.2844442760512998,28.44442760512998
3614,0.2962945434241224,29.62945434241224
3615,0.29302838664988523,29.302838664988524
3616,0.2876244950051655,28.762449500516553
3617,0.27439501332149424,27.439501332149423
3618,0.2617153507660007,26.171535076600073
3619,0.2968593561554021,29.68593561554021
3620,0.27469232383342035,27.469232383342035
3621,0.27798205330641496,27.798205330641494
3622,0.28200309822815317,28.200309822815317
3623,0.2848569391113245,28.485693911132447
3624,0.26765371312283903,26.765371312283904
3625,0.2800991026521428,28.009910265214277
3626,0.28003769878653184,28.003769878653184
3627,0.2888905799888417,28.88905799888417
3628,0.27962684071113564,27.962684071113564
3629,0.2906254480380257,29.06254480380257
3630,0.2789866281608616,27.898662816086162
3631,0.2707180560373571,27.07180560373571
3632,0.3004854612819503,30.04854612819503
3633,0.2942932328975992,29.429323289759918
3634,0.2890260095230825,28.902600952308248
3635,0.2810242931907601,28.102429319076013
3636,0.29558143935821946,29.558143935821946
3637,0.28871597477203476,28.871597477203476
3638,0.29310527312465234,29.310527312465233
3639,0.3009380968633594,30.093809686335938
3640,0.2781828207812724,27.818282078127236
3641,0.28862238514744165,28.862238514744163
3642,0.2754707709730338,27.54707709730338
3643,0.29168478453787045,29.168478453787046
3644,0.26787327135899075,26.787327135899076
3645,0.2545577440264118,25.45577440264118
3646,0.27203628420275106,27.203628420275106
3647,0.2890860245915769,28.908602459157688
3648,0.2721276989525037,27.21276989525037
3649,0.28975375230683664,28.975375230683664
3650,0.2784060218920388,27.840602189203878
3651,0.2659878368718152,26.59878368718152
3652,0.29585817217392707,29.58581721739271
3653,0.2898970557304769,28.98970557304769
3654,0.2758453316924221,27.58453316924221
3655,0.3037259046596908,30.37259046596908
3656,0.28395975146252234,28.395975146252233
3657,0.29665913479446027,29.665913479446026
3658,0.28571686822512654,28.571686822512653
3659,0.2686183766038575,26.861837660385753
3660,0.266431122886616,26.6431122886616
3661,0.2760386212844787,27.60386212844787
3662,0.312048401553417,31.2048401553417
3663,0.3081725617537536,30.817256175375363
3664,0.274060107336525,27.406010733652504
3665,0.26207764305206793,26.207764305206794
3666,0.28962098049597373,28.962098049597373
3667,0.27662517050282126,27.662517050282126
3668,0.26535000900467914,26.535000900467914
3669,0.28091218209562074,28.091218209562076
3670,0.29548592052247624,29.548592052247624
3671,0.3011660559306865,30.116605593068652
3672,0.29728101299553483,29.728101299553483
3673,0.27085999136541966,27.085999136541965
3674,0.2653189492037696,26.53189492037696
3675,0.2830757160977528,28.307571609775277
3676,0.268006622484023,26.8006622484023
3677,0.2898331165274214,28.983311652742138
3678,0.2873362413043386,28.73362413043386
3679,0.27180316235425545,27.180316235425543
3680,0.28884360609199594,28.884360609199593
3681,0.2729719573589555,27.297195735895553
3682,0.30023404414306065,30.023404414306064
3683,0.29492063554124776,29.492063554124776
3684,0.29535458000068765,29.535458000068765
3685,0.2709342790786339,27.093427907863386
3686,0.2864378964659729,28.64378964659729
3687,0.30520639331006505,30.520639331006507
3688,0.28124158896767254,28.124158896767256
3689,0.3151496990640295,31.51496990640295
3690,0.2868622270679072,28.68622270679072
3691,0.29608614736534644,29.608614736534644
3692,0.2775165394286253,27.751653942862532
3693,0.27400321330824423,27.400321330824422
3694,0.27082233832688035,27.082233832688036
3695,0.28822302842870856,28.822302842870855
3696,0.30865078790146655,30.865078790146654
3697,0.2783907911987978,27.839079119879777
3698,0.280031848144505,28.0031848144505
3699,0.28444277767441356,28.444277767441356
3700,0.30513369370640625,30.513369370640625
3701,0.2899820819392471,28.99820819392471
3702,0.2745028741944784,27.45028741944784
3703,0.29134364163976834,29.134364163976834
3704,0.28055027895432866,28.055027895432865
3705,0.28228687864804497,28.228687864804495
3706,0.294460281408923,29.4460281408923
3707,0.2583654574107935,25.836545741079348
3708,0.2970624652064879,29.706246520648786
3709,0.2801401792218975,28.014017922189748
3710,0.2935194917002729,29.351949170027293
3711,0.2862212727549822,28.622127275498222
3712,0.2890240840486974,28.90240840486974
3713,0.30295520545422544,30.295520545422544
3714,0.28751051433557245,28.751051433557244
3715,0.2899476588287283,28.99476588287283
3716,0.29438184074300705,29.438184074300704
3717,0.286076925641066,28.6076925641066
3718,0.29309794329497046,29.309794329497045
3719,0.288453382453431,28.8453382453431
3720,0.26567429314063756,26.567429314063755
3721,0.29135313813257563,29.135313813257564
3722,0.29305901534404943,29.305901534404942
3723,0.2890598136154746,28.90598136154746
3724,0.3011055160516252,30.110551605162524
3725,0.291106712372198,29.110671237219798
3726,0.28216460697519025,28.216460697519025
3727,0.26901634443980554,26.901634443980555
3728,0.27232993031039493,27.23299303103949
3729,0.29320096574565047,29.320096574565046
3730,0.3029144779841707,30.29144779841707
3731,0.29092744629688727,29.092744629688728
3732,0.2961675502911824,29.61675502911824
3733,0.29896588075017605,29.896588075017604
3734,0.32066499538952836,32.06649953895283
3735,0.2968443563947833,29.68443563947833
3736,0.295955563073453,29.5955563073453
3737,0.3068096053822737,30.68096053822737
3738,0.29460198720069214,29.460198720069215
3739,0.2594935882964858,25.949358829648578
3740,0.28870543570814167,28.870543570814167
3741,0.3123909361223048,31.23909361223048
3742,0.2819218124188412,28.192181241884118
3743,0.26599339355022883,26.599339355022884
3744,0.2962716622373198,29.627166223731983
3745,0.270093019488497,27.0093019488497
3746,0.30005184354258885,30.005184354258883
3747,0.272162137495152,27.2162137495152
3748,0.29724785654390246,29.724785654390246
3749,0.28911607264712463,28.911607264712462
3750,0.29699969898468725,29.699969898468726
3751,0.294632725474626,29.463272547462598
3752,0.31345650152851956,31.345650152851956
3753,0.3145820074729588,31.458200747295876
3754,0.2821832595170796,28.21832595170796
3755,0.28594449431684604,28.594449431684605
3756,0.2654626915190836,26.54626915190836
3757,0.2680537407883037,26.80537407883037
3758,0.2877598003128847,28.775980031288466
3759,0.27979581469684456,27.979581469684454
3760,0.29241912658812597,29.241912658812595
3761,0.3075974943228675,30.75974943228675
3762,0.29641063134302703,29.641063134302705
3763,0.30944492126622847,30.944492126622848
3764,0.29482601079668475,29.482601079668473
3765,0.3014782235088766,30.147822350887658
3766,0.3037620360153721,30.37620360153721
3767,0.2760988583524823,27.60988583524823
3768,0.2759350027598075,27.593500275980748
3769,0.27274603047211404,27.274603047211404
3770,0.28351910303310346,28.351910303310348
3771,0.27687467968774687,27.687467968774687
3772,0.27654185901672707,27.654185901672708
3773,0.2720213997355409,27.20213997355409
3774,0.2910605647605675,29.10605647605675
3775,0.28339758205601273,28.339758205601274
3776,0.2853322460973693,28.53322460973693
3777,0.2887033028809994,28.87033028809994
3778,0.28313763333466047,28.313763333466046
3779,0.2705754410808694,27.05754410808694
3780,0.27894396196599863,27.894396196599864
3781,0.2964471325031925,29.64471325031925
3782,0.29846172327703496,29.846172327703496
3783,0.2835434966372501,28.35434966372501
3784,0.2788765299363409,27.887652993634088
3785,0.2724917626556971,27.24917626556971
3786,0.29636821105993927,29.636821105993928
3787,0.2943016641658061,29.43016641658061
3788,0.31615386373510423,31.615386373510425
3789,0.29252457506896223,29.252457506896224
3790,0.26748325507318305,26.748325507318306
3791,0.29304502226433504,29.304502226433506
3792,0.291055898436569,29.105589843656897
3793,0.3190449331682331,31.904493316823313
3794,0.30684444459463583,30.684444459463585
3795,0.29599287319594,29.599287319593998
3796,0.27497017388800193,27.497017388800195
3797,0.3018413240391125,30.184132403911253
3798,0.29274653231067266,29.274653231067266
3799,0.27711303927950615,27.711303927950613
3800,0.2651919566771238,26.51919566771238
3801,0.2877498706677915,28.77498706677915
3802,0.2980490596107161,29.804905961071608
3803,0.2917909741750635,29.179097417506348
3804,0.3085664888085953,30.856648880859527
3805,0.2824838120882591,28.24838120882591
3806,0.2841470237111641,28.414702371116412
3807,0.30224216846747676,30.224216846747677
3808,0.2954408876941796,29.544088769417957
3809,0.29423292734545475,29.423292734545477
3810,0.2727098471021592,27.270984710215917
3811,0.2994154337740234,29.94154337740234
3812,0.29465930520141326,29.465930520141328
3813,0.27054387652172024,27.054387652172025
3814,0.2728186773865687,27.281867738656867
3815,0.27806017305164943,27.806017305164943
3816,0.29320096574565047,29.320096574565046
3817,0.2717457057541539,27.17457057541539
3818,0.276700476259844,27.670047625984402
3819,0.2887884851496515,28.87884851496515
3820,0.28209168049573025,28.209168049573023
3821,0.2899865563426179,28.998655634261787
3822,0.2929499034920115,29.29499034920115
3823,0.29763815818026623,29.76381581802662
3824,0.28336162761605715,28.336162761605717
3825,0.26907166821276474,26.907166821276473
3826,0.2956629746279064,29.56629746279064
3827,0.28870223014536367,28.870223014536368
3828,0.2833913926560727,28.339139265607272
3829,0.27699172565517266,27.699172565517266
3830,0.28462110755092657,28.462110755092656
3831,0.2936264933097421,29.36264933097421
3832,0.28676731765096386,28.676731765096385
3833,0.2811006962106956,28.11006962106956
3834,0.28134957094536506,28.134957094536507
3835,0.2885299401369197,28.85299401369197
3836,0.27979855068725745,27.979855068725744
3837,0.2925243734985105,29.25243734985105
3838,0.2909010116524656,29.090101165246562
3839,0.2994979716641064,29.94979716641064
3840,0.278174568157521,27.817456815752102
3841,0.2639046549695265,26.390465496952647
3842,0.27642156499456544,27.642156499456544
3843,0.2889241220366495,28.892412203664954
3844,0.2880852742323663,28.80852742323663
3845,0.28281471933982005,28.281471933982004
3846,0.28255884156412425,28.255884156412424
3847,0.2836057693657027,28.36057693657027
3848,0.2899397072785879,28.99397072785879
3849,0.27370359660204974,27.370359660204972
3850,0.2748706683566853,27.48706683566853
3851,0.30412409397452245,30.412409397452244
3852,0.3012608035054425,30.12608035054425
3853,0.26653997085348113,26.653997085348113
3854,0.27567648366196457,27.567648366196458
3855,0.28121051020709575,28.121051020709576
3856,0.27542910730418135,27.542910730418136
3857,0.2845422311914568,28.454223119145677
3858,0.2711374739505411,27.113747395054112
3859,0.28881088418897805,28.881088418897804
3860,0.27770986663634756,27.770986663634755
3861,0.2692128097639028,26.921280976390282
3862,0.28158837367304695,28.158837367304695
3863,0.29372624763522,29.372624763521998
3864,0.3042879369230682,30.428793692306822
3865,0.2888773814760864,28.887738147608637
3866,0.2817752627810535,28.177526278105354
3867,0.29264226327157267,29.264226327157267
3868,0.283243384686474,28.324338468647397
3869,0.29239439906967657,29.239439906967657
3870,0.3018700235221266,30.187002352212662
3871,0.2904211263449499,29.042112634494988
3872,0.262845480311869,26.2845480311869
3873,0.28679537322998316,28.679537322998318
3874,0.28133771208912184,28.133771208912183
3875,0.2812663992799566,28.12663992799566
3876,0.27873061362637386,27.873061362637387
3877,0.27542239276127345,27.542239276127344
3878,0.2863053169343288,28.630531693432882
3879,0.29138028149369966,29.138028149369966
3880,0.2916141050597711,29.16141050597711
3881,0.3080643238119826,30.806432381198263
3882,0.2920845832733358,29.20845832733358
3883,0.28214977148616827,28.214977148616825
3884,0.2892397979886753,28.923979798867528
3885,0.2737201614005802,27.37201614005802
3886,0.28091105534308863,28.091105534308863
3887,0.275952034700912,27.5952034700912
3888,0.28821305430612615,28.821305430612615
3889,0.27990357352684325,27.990357352684324
3890,0.289043178607319,28.904317860731897
3891,0.28318556467373335,28.318556467373334
3892,0.30296319670832306,30.296319670832304
3893,0.2893188969539485,28.93188969539485
3894,0.26618141181442795,26.618141181442795
3895,0.29618804916471864,29.618804916471863
3896,0.2719276024243778,27.19276024243778
3897,0.2904173007047745,29.04173007047745
3898,0.3029579949151601,30.29579949151601
3899,0.276595862997336,27.6595862997336
3900,0.28368907063745896,28.368907063745898
3901,0.27190411424818484,27.190411424818485
3902,0.29377466555093756,29.377466555093758
3903,0.2679687546246086,26.79687546246086
3904,0.31410748474152256,31.410748474152257
3905,0.26303651285026164,26.303651285026163
3906,0.289480954172429,28.948095417242897
3907,0.30255733279943925,30.255733279943925
3908,0.27924946692988567,27.924946692988566
3909,0.27433201756340014,27.433201756340015
3910,0.2824888119941596,28.24888119941596
3911,0.286272360704394,28.627236070439398
3912,0.27274709056362073,27.274709056362074
3913,0.28818229144499563,28.81822914449956
3914,0.2854761520779859,28.54761520779859
3915,0.3127204497004572,31.27204497004572
3916,0.29045670671366874,29.045670671366874
3917,0.28878899364465627,28.878899364465628
3918,0.2765832054192398,27.65832054192398
3919,0.27952436027577,27.952436027577
3920,0.2872555180069278,28.725551800692777
3921,0.28167761111816797,28.167761111816798
3922,0.2831316051706136,28.31316051706136
3923,0.2731993539143815,27.31993539143815
3924,0.2709078515685172,27.09078515685172
3925,0.2945240665547196,29.452406655471957
3926,0.32150597602095404,32.1505976020954
3927,0.27704941597589694,27.704941597589695
3928,0.2927508796995213,29.27508796995213
3929,0.2796488800691757,27.964888006917572
3930,0.28057123363366543,28.057123363366543
3931,0.3115976667440925,31.15976667440925
3932,0.2990029776224964,29.90029776224964
3933,0.2715975335129585,27.15975335129585
3934,0.2952003101464193,29.52003101464193
3935,0.2808743197017012,28.08743197017012
3936,0.28646585965183075,28.646585965183075
3937,0.2902257039257509,29.02257039257509
3938,0.3211892568915484,32.11892568915484
3939,0.26681782202725307,26.68178220272531
3940,0.27098130498975315,27.098130498975316
3941,0.2883809969086301,28.83809969086301
3942,0.2663921301915646,26.63921301915646
3943,0.27617058726349086,27.617058726349086
3944,0.2865723539112346,28.657235391123457
3945,0.28644985736520157,28.644985736520155
3946,0.3017069096921027,30.170690969210266
3947,0.2935070749952437,29.35070749952437
3948,0.27939228550236567,27.939228550236567
3949,0.28625584992276,28.625584992276
3950,0.29633387922339155,29.633387922339153
3951,0.271400722296643,27.1400722296643
3952,0.28245471393815413,28.245471393815414
3953,0.2785330751823007,27.853307518230068
3954,0.2741550167534683,27.41550167534683
3955,0.29274980696388564,29.274980696388564
3956,0.2981615022851344,29.81615022851344
3957,0.2870623526413928,28.70623526413928
3958,0.2539184667348287,25.39184667348287
3959,0.28793422800767166,28.793422800767164
3960,0.2900064915818174,29.00064915818174
3961,0.30880641584192675,30.880641584192674
3962,0.27990796340764956,27.990796340764955
3963,0.27750538022741533,27.750538022741534
3964,0.27695439985285303,27.695439985285304
3965,0.28544600675298476,28.544600675298476
3966,0.28088898788304095,28.088898788304096
3967,0.2583767537551355,25.83767537551355
3968,0.29837315792358476,29.837315792358478
3969,0.2743039301510206,27.430393015102062
3970,0.25962546975293355,25.962546975293353
3971,0.27311949627233045,27.311949627233044
3972,0.28681017794816094,28.681017794816093
3973,0.2793218004604131,27.93218004604131
3974,0.2970280272701338,29.702802727013378
3975,0.2954398149585439,29.54398149585439
3976,0.28821438841141556,28.821438841141557
3977,0.2766986287832578,27.66986287832578
3978,0.265615691926465,26.561569192646502
3979,0.29849544224056856,29.849544224056856
3980,0.28311527130470543,28.311527130470544
3981,0.2831497009399898,28.31497009399898
3982,0.29358962019140983,29.358962019140982
3983,0.2904508434275129,29.045084342751288
3984,0.3021749283584468,30.217492835844677
3985,0.26040139779429866,26.040139779429865
3986,0.2787936568976608,27.87936568976608
3987,0.29105511105148946,29.105511105148945
3988,0.3000716714693935,30.007167146939352
3989,0.29524779186333916,29.524779186333916
3990,0.2732593689828759,27.32593689828759
3991,0.2846281933770707,28.462819337707067
3992,0.294644390569653,29.464439056965304
3993,0.3095040323030981,30.95040323030981
3994,0.3039612955996852,30.39612955996852
3995,0.2736519463289021,27.365194632890212
3996,0.2763691152051054,27.636911520510537
3997,0.27771837963911844,27.771837963911842
3998,0.2751817755095559,27.518177550955592
3999,0.2763367796588621,27.63367796588621
4000,0.27831581702105396,27.831581702105396
4001,0.3029109690040408,30.291096900404078
4002,0.28906149063681635,28.906149063681635
4003,0.2755624742209049,27.55624742209049
4004,0.27987823080728846,27.987823080728845
4005,0.29639959809706845,29.639959809706845
4006,0.255092462473421,25.509246247342098
4007,0.2773231674957106,27.732316749571062
4008,0.2763122068039659,27.63122068039659
4009,0.28432627957213696,28.432627957213697
4010,0.26496198900917595,26.496198900917594
4011,0.28301109026813304,28.301109026813304
4012,0.3098254255414306,30.982542554143063
4013,0.26211656927425925,26.211656927425924
4014,0.28285276411496024,28.285276411496024
4015,0.2691424618650824,26.91424618650824
4016,0.29042303490520804,29.042303490520805
4017,0.2853667537304525,28.53667537304525
4018,0.27645830063595295,27.645830063595294
4019,0.2763322830719552,27.633228307195516
4020,0.26768855233520117,26.768855233520117
4021,0.26625575214820985,26.625575214820984
4022,0.27250199890853244,27.250199890853246
4023,0.3039516768829791,30.39516768829791
4024,0.29186836023205903,29.186836023205903
4025,0.3090758220440919,30.907582204409188
4026,0.2847260607871813,28.472606078718133
4027,0.26271606326184244,26.271606326184244
4028,0.2769959933120803,27.69959933120803
4029,0.276030406276393,27.603040627639302
4030,0.29234366661180966,29.234366661180967
4031,0.28489289355128,28.489289355128
4032,0.3026253284634338,30.262532846343383
4033,0.29342544626987926,29.342544626987927
4034,0.2852086768157006,28.52086768157006
4035,0.2975935811577701,29.75935811577701
4036,0.2808956172970903,28.08956172970903
4037,0.28442658095163753,28.442658095163754
4038,0.27317406136851186,27.317406136851186
4039,0.2935014110044352,29.350141100443523
4040,0.2895797571750433,28.95797571750433
4041,0.2946583991671656,29.465839916716558
4042,0.281003612525206,28.1003612525206
4043,0.25592031480171645,25.592031480171645
4044,0.2842785729820388,28.42785729820388
4045,0.2770992549488778,27.709925494887784
4046,0.2921894675135412,29.218946751354117
4047,0.2720963437487347,27.20963437487347
4048,0.27906698277622394,27.906698277622393
4049,0.29653271656074875,29.653271656074875
4050,0.27557909343736925,27.557909343736924
4051,0.2945031118753828,29.45031118753828
4052,0.2917870576204788,29.17870576204788
4053,0.30467587307093774,30.467587307093773
4054,0.282943270400674,28.2943270400674
4055,0.27668278116018163,27.668278116018165
4056,0.28673950912865903,28.6739509128659
4057,0.2913055718930914,29.13055718930914
4058,0.3166118756849064,31.66118756849064
4059,0.2888261148822191,28.88261148822191
4060,0.24751327488887528,24.75132748888753
4061,0.29251751254554476,29.251751254554474
4062,0.3025237205420062,30.25237205420062
4063,0.3100187151334872,31.00187151334872
4064,0.2657622415642527,26.576224156425273
4065,0.2902113259712593,29.02113259712593
4066,0.289114999911489,28.911499991148897
4067,0.2991924266551442,29.919242665514417
4068,0.2985845352782546,29.858453527825464
4069,0.2722804529094648,27.22804529094648
4070,0.3123594788755504,31.23594788755504
4071,0.28207407052492645,28.207407052492645
4072,0.28234427156328684,28.234427156328685
4073,0.2880925068096861,28.809250680968614
4074,0.2667166147755393,26.671661477553933
4075,0.29514619901545014,29.514619901545014
4076,0.28728662676027633,28.728662676027632
4077,0.27479638064347106,27.479638064347107
4078,0.28468555758401076,28.468555758401077
4079,0.28121353338865324,28.121353338865323
4080,0.28925490445539465,28.925490445539463
4081,0.2781414079691235,27.81414079691235
4082,0.29270459555105294,29.270459555105294
4083,0.3009421551648868,30.09421551648868
4084,0.27979454585625185,27.979454585625184
4085,0.28622269347112755,28.622269347112756
4086,0.3085580113116656,30.85580113116656
4087,0.30721423228392497,30.721423228392496
4088,0.281973790722668,28.1973790722668
4089,0.26101356801597647,26.101356801597646
4090,0.2915159209896148,29.151592098961483
4091,0.29326781958357445,29.326781958357444
4092,0.31113449504882545,31.113449504882546
4093,0.3027799138328083,30.277991383280828
4094,0.2800088301727204,28.000883017272038
4095,0.29827739576789214,29.827739576789213
4096,0.2870617901294916,28.706179012949164
4097,0.30526899901412535,30.526899901412534
4098,0.2760817833302174,27.608178333021737
4099,0.28074081564184544,28.074081564184546
4100,0.27322143637933105,27.322143637933106
4101,0.30930979219930455,30.930979219930453
4102,0.27998684723523715,27.998684723523716
4103,0.29043786978793584,29.043786978793584
4104,0.2823426185228475,28.234261852284746
4105,0.27783777266535886,27.783777266535886
4106,0.28171817431662594,28.171817431662593
4107,0.29636831776603983,29.636831776603984
4108,0.269727883049668,26.972788304966798
4109,0.2939225360435915,29.392253604359148
4110,0.286509540854417,28.6509540854417
4111,0.2811011520164962,28.11011520164962
4112,0.2950018673336634,29.50018673336634
4113,0.29824686146951235,29.824686146951233
4114,0.2989832888337173,29.89832888337173
4115,0.2985877408410327,29.858774084103267
4116,0.27663884812734896,27.663884812734896
4117,0.2667360409134399,26.67360409134399
4118,0.2822698467069405,28.22698467069405
4119,0.2822375956832617,28.223759568326166
4120,0.2914852505216458,29.14852505216458
4121,0.2768530899518597,27.68530899518597
4122,0.3001711249864367,30.017112498643673
4123,0.2760396940201144,27.60396940201144
4124,0.2798354003408287,27.98354003408287
4125,0.2870887554524542,28.708875545245423
4126,0.3121110599466814,31.21110599466814
4127,0.262487879321337,26.2487879321337
4128,0.27058809865896555,27.058809865896556
4129,0.3093702253722652,30.93702253722652
4130,0.30065346144995053,30.065346144995054
4131,0.27191831468065647,27.191831468065647
4132,0.27911596287003,27.911596287003
4133,0.2833524100133246,28.335241001332463
4134,0.28702276978540914,28.702276978540915
4135,0.27106100078961687,27.10610007896169
4136,0.29807367808804097,29.8073678088041
4137,0.3176375999273182,31.76375999273182
4138,0.2704972607939729,27.049726079397292
4139,0.2830541571327099,28.305415713270992
4140,0.2721102132082216,27.21102132082216
4141,0.29036335141599257,29.036335141599256
4142,0.2876879089533946,28.768790895339457
4143,0.2969597126709893,29.69597126709893
4144,0.2920234934665828,29.20234934665828
4145,0.28304980913756705,28.304980913756705
4146,0.2856225374441767,28.56225374441767
4147,0.27102390452359065,27.102390452359064
4148,0.2805053156607265,28.05053156607265
4149,0.28102429319076005,28.102429319076005
4150,0.2514392191650052,25.143921916500524
4151,0.28521080964284296,28.521080964284295
4152,0.29877773080833964,29.877773080833965
4153,0.29575668847902115,29.575668847902115
4154,0.25801446146906826,25.801446146906827
4155,0.2869767019228111,28.69767019228111
4156,0.28881765350938166,28.881765350938167
4157,0.2866656246006778,28.66656246006778
4158,0.26513654777530604,26.513654777530604
4159,0.2896857015067554,28.96857015067554
4160,0.26768178301479756,26.768178301479757
4161,0.3005446831798145,30.05446831798145
4162,0.29321811030260997,29.321811030260996
4163,0.2842694100711332,28.42694100711332
4164,0.2853735924998821,28.53735924998821
4165,0.28433763060830614,28.433763060830614
4166,0.2748118362098904,27.481183620989043
4167,0.2832053525554628,28.320535255546282
4168,0.3104169193675523,31.041691936755228
4169,0.282244225097311,28.224422509731102
4170,0.2683859148778344,26.838591487783443
4171,0.3120518962206077,31.205189622060768
4172,0.2795525529979214,27.955255299792142
4173,0.2826336213057213,28.26336213057213
4174,0.27692797952137055,27.692797952137056
4175,0.28161214895102965,28.161214895102965
4176,0.297773234557986,29.777323455798598
4177,0.284999208021289,28.499920802128898
4178,0.25753513867345373,25.753513867345372
4179,0.2917651512844656,29.17651512844656
4180,0.2697831791735962,26.978317917359618
4181,0.2633023661154333,26.330236611543327
4182,0.2811762335066348,28.11762335066348
4183,0.3015633517606322,30.15633517606322
4184,0.3002281558853681,30.02281558853681
4185,0.29645765725414636,29.645765725414634
4186,0.29233747487684575,29.233747487684575
4187,0.2947275923996116,29.47275923996116
4188,0.2772099586933989,27.720995869339887
4189,0.3006390967458821,30.063909674588206
4190,0.28812239546992907,28.812239546992906
4191,0.2644918602153671,26.449186021536708
4192,0.2872865416314178,28.72865416314178
4193,0.2876946234963025,28.76946234963025
4194,0.27758834565925683,27.75883456592568
4195,0.31148847228644455,31.148847228644456
4196,0.30742370107833666,30.742370107833665
4197,0.26406974756943374,26.406974756943374
4198,0.2842796781573289,28.42796781573289
4199,0.2832150564010275,28.32150564010275
4200,0.2459113179506143,24.59113179506143
4201,0.27100722774163016,27.100722774163017
4202,0.28927377181815905,28.927377181815906
4203,0.297996255021674,29.799625502167398
4204,0.2652222385389629,26.522223853896286
4205,0.3122504066418011,31.22504066418011
4206,0.2856964213658639,28.56964213658639
4207,0.32216291770127475,32.21629177012748
4208,0.2842067516778688,28.42067516778688
4209,0.2778079284826051,27.78079284826051
4210,0.2940624087541369,29.40624087541369
4211,0.27871049963086014,27.871049963086016
4212,0.2937610574611044,29.376105746110444
4213,0.275829484069346,27.582948406934598
4214,0.2627248951997633,26.27248951997633
4215,0.29027711971767656,29.027711971767655
4216,0.3182739581258698,31.82739581258698
4217,0.2825444923179344,28.254449231793437
4218,0.28385781196181586,28.385781196181586
4219,0.28725477685057094,28.725477685057093
4220,0.31651806458142967,31.651806458142968
4221,0.2746750150048641,27.467501500486406
4222,0.2695188005263624,26.95188005263624
4223,0.2934128462572792,29.34128462572792
4224,0.3042879369230682,30.428793692306822
4225,0.29451084760966156,29.451084760966157
4226,0.2733887860329024,27.33887860329024
4227,0.27088910703594565,27.088910703594564
4228,0.27232631141668256,27.232631141668257
4229,0.2888634185010025,28.88634185010025
4230,0.30428837520844776,30.428837520844777
4231,0.28471264713349503,28.471264713349502
4232,0.2826017018613214,28.26017018613214
4233,0.26297842185982345,26.297842185982347
4234,0.26318200239654255,26.318200239654253
4235,0.3178251631038696,31.78251631038696
4236,0.2709930571398958,27.09930571398958
4237,0.2816567009163204,28.165670091632037
4238,0.27235283845426567,27.235283845426565
4239,0.27812599863142695,27.812599863142694
4240,0.2848275380902423,28.48275380902423
4241,0.2636007852531762,26.360078525317622
4242,0.2669240692299423,26.692406922994227
4243,0.2865388785244523,28.65388785244523
4244,0.29478151464565666,29.478151464565666
4245,0.29187605347438006,29.187605347438005
4246,0.2943167706325255,29.431677063252547
4247,0.2879921649408508,28.79921649408508
4248,0.2716311614502241,27.16311614502241
4249,0.2832732415133568,28.32732415133568
4250,0.2772080332190138,27.720803321901382
4251,0.2891117002867393,28.911170028673933
4252,0.28354619431131756,28.354619431131756
4253,0.294165392828552,29.416539282855197
4254,0.295159658291565,29.5159658291565
4255,0.2962868533122723,29.628685331227228
4256,0.28399555184521896,28.399555184521898
4257,0.25972621429410564,25.972621429410562
4258,0.26599306197094985,26.599306197094986
4259,0.2929671027407981,29.296710274079814
4260,0.2937310933218269,29.37310933218269
4261,0.2888970307584355,28.88970307584355
4262,0.31025004950068397,31.025004950068396
4263,0.28304998778202267,28.30499877820227
4264,0.2958586279797277,29.585862797972766
4265,0.29149799322860054,29.149799322860055
4266,0.2744490881180226,27.44490881180226
4267,0.29666588904132546,29.666588904132546
4268,0.2743275034560721,27.43275034560721
4269,0.2939007526496299,29.390075264962988
4270,0.2818266090382846,28.18266090382846
4271,0.2852730817650013,28.52730817650013
4272,0.2842525023565505,28.425250235655046
4273,0.26725778399214223,26.725778399214224
4274,0.2703282165986388,27.03282165986388
4275,0.31984176187203855,31.984176187203854
4276,0.29382275155356363,29.382275155356364
4277,0.280266321618711,28.026632161871103
4278,0.28351085994875935,28.351085994875934
4279,0.3054944700951662,30.549447009516623
4280,0.29141197088566473,29.14119708856647
4281,0.29626588355939704,29.626588355939703
4282,0.2752874190328333,27.528741903283333
4283,0.2984007576968036,29.840075769680357
4284,0.25668504714539614,25.668504714539615
4285,0.2832255811519814,28.322558115198138
4286,0.2861073227963138,28.610732279631378
4287,0.27324806058360757,27.324806058360757
4288,0.26273316289705306,26.273316289705306
4289,0.2857301187521554,28.573011875215542
4290,0.2633826631652994,26.33826631652994
4291,0.2754276089272951,27.54276089272951
4292,0.2815067147831325,28.15067147831325
4293,0.30525119720836236,30.525119720836237
4294,0.29356399918807446,29.356399918807448
4295,0.2766990845890584,27.66990845890584
4296,0.2873518035768585,28.735180357685852
4297,0.2631385374798266,26.31385374798266
4298,0.30577163374513766,30.577163374513766
4299,0.2928052402309459,29.28052402309459
4300,0.2866334261975666,28.66334261975666
4301,0.2718691559423948,27.18691559423948
4302,0.2791079417851951,27.91079417851951
4303,0.27655703457388137,27.655703457388135
4304,0.27742156092124715,27.742156092124716
4305,0.27284698236604343,27.284698236604342
4306,0.2710181404924198,27.10181404924198
4307,0.291022286179136,29.1022286179136
4308,0.2892289854402827,28.922898544028268
4309,0.29140587327259193,29.140587327259194
4310,0.27118832550183575,27.118832550183576
4311,0.30243737926392056,30.243737926392058
4312,0.2634629458423068,26.346294584230677
4313,0.2715896928238126,27.158969282381264
4314,0.25639836403370353,25.639836403370353
4315,0.29259729997797046,29.259729997797045
4316,0.28613384983389684,28.613384983389683
4317,0.26931815153863864,26.931815153863862
4318,0.2859672413366823,28.59672413366823
4319,0.2871489792700347,28.71489792700347
4320,0.31422463275193385,31.422463275193387
4321,0.29687952344965934,29.687952344965936
4322,0.26021123716354994,26.021123716354992
4323,0.27962001084907007,27.96200108490701
4324,0.2761727422741695,27.61727422741695
4325,0.29784458871958197,29.784458871958197
4326,0.29052188353025094,29.052188353025095
4327,0.28841674199320544,28.841674199320543
4328,0.264923020679367,26.492302067936702
4329,0.3021037798208784,30.210377982087838
4330,0.2976897815988424,29.76897815988424
4331,0.3153799137886919,31.53799137886919
4332,0.2804903159001077,28.04903159001077
4333,0.28453402572277825,28.453402572277824
4334,0.2777376751586524,27.773767515865238
4335,0.29521166118258846,29.521166118258847
4336,0.27752820636424075,27.752820636424076
4337,0.2678127159621313,26.78127159621313
4338,0.28122110440707554,28.122110440707555
4339,0.2682198473152791,26.82198473152791
4340,0.2941098904710568,29.41098904710568
4341,0.2911504211381466,29.11504211381466
4342,0.28245258111101185,28.245258111101183
4343,0.2757114174491944,27.57114174491944
4344,0.2993631221621879,29.93631221621879
4345,0.29381869264574195,29.381869264574195
4346,0.2953174587631247,29.53174587631247
4347,0.2776876743434841,27.768767434348412
4348,0.31461551302429114,31.461551302429115
4349,0.2803083647000913,28.03083647000913
4350,0.30903255156352283,30.903255156352284
4351,0.27690748064783427,27.690748064783428
4352,0.30086293024436217,30.086293024436216
4353,0.2886051858986551,28.860518589865507
4354,0.2871320715554519,28.713207155545188
4355,0.28161673066679516,28.161673066679516
4356,0.2906408158743988,29.064081587439876
4357,0.2896066151856111,28.96066151856111
4358,0.2789783153797884,27.89783153797884
4359,0.29054755409231964,29.054755409231962
4360,0.27894441777179924,27.894441777179924
4361,0.2759448554190904,27.59448554190904
4362,0.29275517606473067,29.275517606473066
4363,0.28869845719439247,28.869845719439247
4364,0.2758246685472891,27.58246685472891
4365,0.28222760273328434,28.222760273328433
4366,0.30917424044116504,30.917424044116505
4367,0.28773580677215777,28.773580677215776
4368,0.2781182640420876,27.811826404208762
4369,0.29641253990328525,29.641253990328526
4370,0.31455340517372954,31.455340517372953
4371,0.30389050255366173,30.389050255366172
4372,0.2898769650376897,28.987696503768973
4373,0.2893427933108905,28.93427933108905
4374,0.2846146417077943,28.461464170779433
4375,0.26655766595314345,26.655766595314347
4376,0.29353297556358443,29.35329755635844
4377,0.3037244062828045,30.37244062828045
4378,0.27314855437736024,27.314855437736025
4379,0.2729722947237852,27.297229472378522
4380,0.2715564655562608,27.155646555626078
4381,0.3060391388381603,30.60391388381603
4382,0.28120947508712574,28.120947508712575
4383,0.2766470360756063,27.664703607560632
4384,0.3086238050580829,30.86238050580829
4385,0.2814793158379055,28.147931583790548
4386,0.2775539922454671,27.75539922454671
4387,0.2962330124583208,29.623301245832078
4388,0.2800676629258094,28.00676629258094
4389,0.27492005196812525,27.492005196812524
4390,0.28763635386140884,28.763635386140884
4391,0.2766505301365028,27.665053013650283
4392,0.26147212090043787,26.147212090043787
4393,0.26550904648347134,26.550904648347135
4394,0.29635141005145704,29.635141005145705
4395,0.2796089092133563,27.96089092133563
4396,0.2765234774525351,27.652347745253508
4397,0.28838205700013675,28.838205700013674
4398,0.2943288557582758,29.432885575827576
4399,0.28356612894422284,28.356612894422284
4400,0.2771151721066486,27.71151721066486
4401,0.306557552127563,30.655755212756304
4402,0.3107287378460424,31.072873784604237
4403,0.27736762603107307,27.736762603107305
4404,0.30438866506300954,30.438866506300954
4405,0.2858203061027193,28.58203061027193
4406,0.2887429576154184,28.87429576154184
4407,0.2658651189325671,26.58651189325671
4408,0.3033699564371167,30.336995643711667
4409,0.2682465112235128,26.824651122351277
4410,0.31327677334123194,31.327677334123194
4411,0.29770366657612735,29.770366657612733
4412,0.3162234135183659,31.622341351836592
4413,0.27961539203826435,27.961539203826437
4414,0.2757214469555667,27.572144695556673
4415,0.27537474677275675,27.537474677275675
4416,0.2730122290232097,27.30122290232097
4417,0.2839679520720002,28.39679520720002
4418,0.2649967680642162,26.49967680642162
4419,0.2910347662352122,29.103476623521217
4420,0.2806967577761969,28.06967577761969
4421,0.2912925287188198,29.129252871881977
4422,0.2930018596123022,29.30018596123022
4423,0.2872843866207392,28.72843866207392
4424,0.285284499462196,28.5284499462196
4425,0.2797047685357424,27.97047685357424
4426,0.30313727530341006,30.313727530341005
4427,0.3031886677893639,30.31886677893639
4428,0.2974936899616416,29.74936899616416
4429,0.3053960516980931,30.53960516980931
4430,0.2595993439913585,25.959934399135847
4431,0.2806669141997373,28.066691419973733
4432,0.2858875090403432,28.58875090403432
4433,0.2905798502941674,29.057985029416738
4434,0.29900052812757905,29.900052812757906
4435,0.28375342823560135,28.375342823560135
4436,0.280060963815031,28.0060963815031
4437,0.28299245930348566,28.299245930348565
4438,0.2912304328374566,29.12304328374566
4439,0.30849077120263557,30.84907712026356
4440,0.2801789056023667,28.01789056023667
4441,0.30402889120026005,30.402889120026007
4442,0.28093847759428736,28.093847759428737
4443,0.3159768102359683,31.59768102359683
4444,0.2722848427902711,27.22848427902711
4445,0.3087271382321979,30.87271382321979
4446,0.28319957387753997,28.319957387754
4447,0.2757540836440574,27.57540836440574
4448,0.27144835874575246,27.144835874575246
4449,0.27929325078175155,27.929325078175154
4450,0.28723960084915706,28.723960084915706
4451,0.28733782741127106,28.733782741127108
4452,0.2823295848879831,28.23295848879831
4453,0.27149162922632153,27.149162922632154
4454,0.28880041421552,28.880041421552
4455,0.2928829103540275,29.288291035402754
4456,0.29064360533533357,29.064360533533357
4457,0.25412895557567183,25.412895557567182
4458,0.2909252594528484,29.09252594528484
4459,0.28047599124111444,28.047599124111443
4460,0.2805493272976523,28.05493272976523
4461,0.2779994168267983,27.79994168267983
4462,0.2831692914094066,28.316929140940662
4463,0.2824678422412843,28.24678422412843
4464,0.2804567036426748,28.045670364267476
4465,0.29087071654020324,29.087071654020324
4466,0.2752583033623073,27.525830336230726
4467,0.2752048331852978,27.52048331852978
4468,0.29813220969888254,29.813220969888256
4469,0.30311288109296936,30.311288109296935
4470,0.3076133419459436,30.761334194594358
4471,0.27281456707076773,27.281456707076774
4472,0.29807091253937223,29.807091253937223
4473,0.2690559272957892,26.90559272957892
4474,0.29167838778517313,29.167838778517314
4475,0.3098925727366736,30.98925727366736
4476,0.29292590995128465,29.292590995128464
4477,0.27957631700235486,27.957631700235485
4478,0.27197256571797995,27.197256571797997
4479,0.2920805243655142,29.20805243655142
4480,0.2769999560953878,27.69999560953878
4481,0.29011766681197165,29.011766681197166
4482,0.2615399103308654,26.153991033086537
4483,0.2997683659936743,29.97683659936743
4484,0.25384330072212563,25.384330072212563
4485,0.28794707742072706,28.794707742072706
4486,0.2879969931070367,28.79969931070367
4487,0.2861985708446784,28.619857084467842
4488,0.2689487494455249,26.894874944552488
4489,0.27003213903712425,27.003213903712425
4490,0.2917960969111568,29.179609691115683
4491,0.28712245223245164,28.712245223245166
4492,0.29895792920003567,29.895792920003565
4493,0.26730151027851184,26.730151027851186
4494,0.2875097731792157,28.75097731792157
4495,0.28784538437044094,28.784538437044095
4496,0.28351249692502595,28.351249692502595
4497,0.27804718389427435,27.804718389427435
4498,0.30057912172246276,30.057912172246276
4499,0.32711170209061613,32.71117020906161
4500,0.2862146433409329,28.62146433409329
4501,0.27841881661326706,27.841881661326706
4502,0.2626905544301026,26.26905544301026
4503,0.2929486664847791,29.294866648477907
4504,0.300487239223842,30.0487239223842
4505,0.27530971915423297,27.530971915423297
4506,0.2919922624893354,29.19922624893354
4507,0.305260127457916,30.526012745791597
4508,0.29702686047252647,29.702686047252648
4509,0.2887507996714577,28.875079967145773
4510,0.2865972001736194,28.659720017361938
4511,0.2886782366046368,28.86782366046368
4512,0.27476900574343066,27.476900574343066
4513,0.31592819821791646,31.592819821791647
4514,0.25332259994202755,25.332259994202754
4515,0.25804434266119364,25.804434266119365
4516,0.28784155873026546,28.784155873026545
4517,0.2779409767366602,27.79409767366602
4518,0.29013966406239405,29.013966406239405
4519,0.29736871436243534,29.736871436243533
4520,0.2686242128472766,26.86242128472766
4521,0.27835689359080856,27.835689359080856
4522,0.2776128243922619,27.761282439226193
4523,0.2680627034775116,26.80627034775116
4524,0.28799455913764693,28.799455913764692
4525,0.2767025935691882,27.67025935691882
4526,0.29050045797157514,29.050045797157516
4527,0.30420342560114766,30.420342560114765
4528,0.26773050173894997,26.773050173894998
4529,0.2892119199316759,28.92119199316759
4530,0.27947236689840466,27.947236689840466
4531,0.293140895985329,29.3140895985329
4532,0.2870129328059589,28.70129328059589
4533,0.2710810894797811,27.10810894797811
4534,0.28495637755482917,28.495637755482917
4535,0.27417088189696553,27.417088189696553
4536,0.26959314025385006,26.959314025385005
4537,0.2672007530932108,26.72007530932108
4538,0.29531070451625957,29.531070451625958
4539,0.26437394825876864,26.437394825876865
4540,0.2860284013530605,28.602840135306053
4541,0.2859218626161675,28.592186261616746
4542,0.26798688973838025,26.798688973838026
4543,0.3077670841159759,30.776708411597593
4544,0.2928567839861582,29.285678398615822
4545,0.2662853061041154,26.628530610411538
4546,0.27310832275818125,27.310832275818125
4547,0.2888583809794364,28.88583809794364
4548,0.29862025539129333,29.862025539129334
4549,0.2941619689772807,29.41619689772807
4550,0.30918086985521437,30.918086985521438
4551,0.28605039860348297,28.605039860348295
4552,0.300110900562562,30.0110900562562
4553,0.28005533632069796,28.005533632069795
4554,0.2882803639498507,28.82803639498507
4555,0.2647067976380902,26.47067976380902
4556,0.2676679135553106,26.766791355531062
4557,0.2863461399226034,28.634613992260338
4558,0.2852017545604736,28.520175456047358
4559,0.27379530045621503,27.379530045621504
4560,0.27307095507019813,27.307095507019813
4561,0.28014515620180164,28.014515620180163
4562,0.2778231044840191,27.78231044840191
4563,0.28125426085870797,28.125426085870796
4564,0.2994989917105379,29.94989917105379
4565,0.27358891439438854,27.358891439438853
4566,0.29524322574173767,29.524322574173766
4567,0.27356054163145277,27.356054163145277
4568,0.2947219755638761,29.47219755638761
4569,0.2898299534395096,28.98299534395096
4570,0.2816556281806847,28.16556281806847
4571,0.2722044048434164,27.22044048434164
4572,0.3000187026087545,30.001870260875453
4573,0.25709304388142223,25.709304388142222
4574,0.3142851036262289,31.42851036262289
4575,0.2998124106088996,29.981241060889964
4576,0.28755349946558534,28.755349946558535
4577,0.27516651498557754,27.516651498557753
4578,0.2799936541713064,27.99936541713064
4579,0.28470335938977365,28.470335938977364
4580,0.2862238062518384,28.62238062518384
4581,0.27024462822509276,27.02446282250928
4582,0.27638313462324987,27.638313462324987
4583,0.29324314002257756,29.324314002257758
4584,0.29265068502612146,29.265068502612145
4585,0.28675464575992843,28.675464575992844
4586,0.30331039760120937,30.331039760120937
4587,0.29174465241092945,29.174465241092946
4588,0.30228505094821007,30.228505094821006
4589,0.29253342970331536,29.253342970331538
4590,0.31482699242194645,31.482699242194645
4591,0.28206227947464796,28.206227947464797
4592,0.2768640002732398,27.68640002732398
4593,0.2792732980221311,27.92732980221311
4594,0.30223233088173235,30.223233088173235
4595,0.2913234821336847,29.13234821336847
4596,0.29521166118258846,29.521166118258847
4597,0.2900701605078552,29.007016050785523
4598,0.27796273013784994,27.796273013784994
4599,0.3015316085570275,30.153160855702748
4600,0.27914951999137627,27.914951999137628
4601,0.30402081481730386,30.402081481730388
4602,0.2729509324699935,27.295093246999354
4603,0.29511286504179773,29.511286504179772
4604,0.2894480830713528,28.94480830713528
4605,0.27800391341370523,27.800391341370524
4606,0.2842665409468348,28.426654094683478
4607,0.2797601918361679,27.976019183616792
4608,0.2779627301378499,27.79627301378499
4609,0.2882297977491121,28.82297977491121
4610,0.2896066151856111,28.96066151856111
4611,0.27848063493224784,27.848063493224785
4612,0.28164671172019956,28.164671172019958
4613,0.2877132941649071,28.77132941649071
4614,0.3142632429126443,31.42632429126443
4615,0.2977913679430278,29.77913679430278
4616,0.3041358706519421,30.413587065194207
4617,0.2660217344798043,26.60217344798043
4618,0.2968779470749742,29.68779470749742
4619,0.27610515618725273,27.610515618725273
4620,0.27980260898878484,27.980260898878484
4621,0.3181270372905146,31.81270372905146
4622,0.28386534741011293,28.386534741011292
4623,0.2715840653294796,27.15840653294796
4624,0.2970912499040292,29.70912499040292
4625,0.27769290378567807,27.769290378567806
4626,0.272238102229708,27.2238102229708
4627,0.2720981449965982,27.209814499659817
4628,0.29214737820343817,29.214737820343817
4629,0.30628199562312086,30.628199562312087
4630,0.30740960735196554,30.740960735196555
4631,0.26823470438154307,26.823470438154306
4632,0.30737163764565123,30.737163764565125
4633,0.2716426887271884,27.16426887271884
4634,0.2831383744910172,28.31383744910172
4635,0.2937962245159805,29.37962245159805
4636,0.2732365428460505,27.32365428460505
4637,0.29388000671937914,29.388000671937913
4638,0.29283542863710754,29.283542863710753
4639,0.2949776770987768,29.49776770987768
4640,0.3033479416662732,30.334794166627322
4641,0.28814336582909855,28.814336582909856
4642,0.29663342926856057,29.663342926856057
4643,0.26937533710112316,26.937533710112316
4644,0.2790961349432254,27.90961349432254
4645,0.28464533748977044,28.464533748977043
4646,0.28703163043163166,28.703163043163165
4647,0.27818024966875043,27.818024966875043
4648,0.2830446870077679,28.30446870077679
4649,0.29602943192160164,29.602943192160165
4650,0.2883550741567531,28.83550741567531
4651,0.28345747490060846,28.345747490060845
4652,0.3006850260090997,30.06850260090997
4653,0.28515208420214866,28.515208420214865
4654,0.32083878863405924,32.08387886340592
4655,0.3048721439588882,30.487214395888817
4656,0.29277413208389147,29.27741320838915
4657,0.2822169569033712,28.221695690337118
4658,0.29317657153520976,29.317657153520976
4659,0.2973122459754051,29.73122459754051
4660,0.28302048471795505,28.302048471795505
4661,0.279893021212527,27.989302121252702
4662,0.2753053292734265,27.530532927342648
4663,0.28070948914637833,28.07094891463783
4664,0.26453632153873,26.453632153873002
4665,0.2733460622725432,27.33460622725432
4666,0.26564922747056924,26.564922747056922
4667,0.27419964846779155,27.419964846779155
4668,0.299437747846526,29.9437747846526
4669,0.2833534005701367,28.33534005701367
4670,0.257985995706677,25.7985995706677
4671,0.30395573892127153,30.395573892127153
4672,0.2897399519377846,28.973995193778464
4673,0.27654341102616964,27.654341102616964
4674,0.27925644499937535,27.925644499937537
4675,0.2993796886894481,29.937968868944807
4676,0.27965489255338993,27.965489255338994
4677,0.2933452426499415,29.33452426499415
4678,0.28889400384011305,28.889400384011303
4679,0.2805245926005687,28.05245926005687
4680,0.28530758939808454,28.530758939808454
4681,0.28838963692592307,28.838963692592305
4682,0.2881445452708348,28.814454527083477
4683,0.2685436266929978,26.854362669299782
4684,0.28914185852835095,28.914185852835097
4685,0.284765691669254,28.476569166925398
4686,0.28314212992156745,28.314212992156744
4687,0.2856595338489238,28.565953384892378
4688,0.28180307190965254,28.180307190965255
4689,0.29252399537045276,29.252399537045275
4690,0.2873225805939377,28.73225805939377
4691,0.27018706491889066,27.018706491889066
4692,0.3009540687129571,30.09540687129571
4693,0.29041224878460054,29.041224878460053
4694,0.27035771966270644,27.035771966270644
4695,0.2886039488914226,28.86039488914226
4696,0.3038403921587237,30.38403921587237
4697,0.29476775249856446,29.476775249856445
4698,0.27156041227539557,27.156041227539557
4699,0.25383527963729074,25.383527963729076
4700,0.3043982837797157,30.439828377971565
4701,0.3008952359598681,30.08952359598681
4702,0.2859632245364783,28.596322453647833
4703,0.2803545547865881,28.03545547865881
4704,0.27907353307328414,27.907353307328414
4705,0.28133103516187963,28.133103516187962
4706,0.2721413070423369,27.214130704233693
4707,0.3121579791517001,31.21579791517001
4708,0.2929919130530822,29.29919130530822
4709,0.2962330124583208,29.623301245832078
4710,0.28653809113937273,28.653809113937275
4711,0.2928680283162268,29.286802831622683
4712,0.2958978971179713,29.58978971179713
4713,0.32821140950969996,32.82114095097
4714,0.2741618305513612,27.416183055136116
4715,0.3116287754974411,31.16287754974411
4716,0.3064266367006503,30.64266367006503
4717,0.30461704031784875,30.461704031784876
4718,0.2861044505415444,28.610445054154436
4719,0.30176124525199055,30.176124525199054
4720,0.28292440850340445,28.292440850340444
4721,0.2869285457105599,28.692854571055992
4722,0.2832020227661632,28.320202276616318
4723,0.2980185557493678,29.80185557493678
4724,0.27433029231071265,27.433029231071266
4725,0.28752500387245666,28.752500387245668
4726,0.2690606908035726,26.90606908035726
4727,0.2649570425138778,26.49570425138778
4728,0.275657576595243,27.565757659524298
4729,0.289860235907643,28.986023590764297
4730,0.27891530210127324,27.891530210127325
4731,0.3005887404391689,30.058874043916887
4732,0.3128196092538871,31.28196092538871
4733,0.29408330829738694,29.408330829738695
4734,0.2562924597470666,25.62924597470666
4735,0.2644579626073779,26.44579626073779
4736,0.3030024258014915,30.30024258014915
4737,0.2610136922424981,26.101369224249808
4738,0.3012604719261635,30.12604719261635
4739,0.29261557439180225,29.261557439180226
4740,0.2895371976862809,28.95371976862809
4741,0.2814775272341711,28.147752723417106
4742,0.28779497110452573,28.779497110452574
4743,0.2685976858096935,26.85976858096935
4744,0.30372417362145254,30.372417362145253
4745,0.30037927164475725,30.037927164475725
4746,0.27680157636119745,27.680157636119745
4747,0.3101117159901723,31.011171599017228
4748,0.27003501302062327,27.003501302062325
4749,0.28796406731413343,28.79640673141334
4750,0.2575983613073492,25.75983613073492
4751,0.2969008247818135,29.690082478181353
4752,0.2797209627429994,27.97209627429994
4753,0.2779992926002767,27.79992926002767
4754,0.260473595761531,26.047359576153102
4755,0.2797681830902656,27.97681830902656
4756,0.2732203762878244,27.322037628782443
4757,0.2818987098388236,28.189870983882358
4758,0.3190741555448598,31.90741555448598
4759,0.27260423228718356,27.260423228718356
4760,0.3053879313582732,30.53879313582732
4761,0.2986053832514909,29.86053832514909
4762,0.2888285792886404,28.88285792886404
4763,0.30610172702179966,30.610172702179966
4764,0.28215640150651183,28.215640150651183
4765,0.28791010538122247,28.791010538122247
4766,0.2867634776978492,28.676347769784922
4767,0.29627419573417607,29.62741957341761
4768,0.29807879221107725,29.807879221107726
4769,0.28014182641250196,28.014182641250194
4770,0.2811447540763442,28.11447540763442
4771,0.2589863528642915,25.89863528642915
4772,0.30433781351171485,30.433781351171486
4773,0.31267504812147545,31.267504812147546
4774,0.28427616917719906,28.427616917719906
4775,0.26496242295149625,26.496242295149624
4776,0.29646506026420677,29.646506026420678
4777,0.296613532251321,29.661353225132096
4778,0.2809476112807498,28.09476112807498
4779,0.291507156139506,29.150715613950602
4780,0.2937502411759469,29.375024117594688
4781,0.28273826230298815,28.273826230298816
4782,0.2858331730361957,28.58331730361957
4783,0.2776763786054363,27.76763786054363
4784,0.29938362103572413,29.938362103572413
4785,0.2756811571645974,27.56811571645974
4786,0.2864658151743415,28.64658151743415
4787,0.3071668572731057,30.716685727310573
4788,0.2984202540443293,29.84202540443293
4789,0.27237053355392793,27.237053355392792
4790,0.3072729402041982,30.72729402041982
4791,0.28057834884628713,28.05783488462871
4792,0.2681879638209799,26.818796382097993
4793,0.2672341182939292,26.72341182939292
4794,0.28355012665759355,28.355012665759354
4795,0.2806575286830284,28.06575286830284
4796,0.27752517944591826,27.752517944591826
4797,0.28417338587085617,28.417338587085617
4798,0.2830962762735502,28.30962762735502
4799,0.30928768017609903,30.928768017609904
4800,0.3195573188998831,31.95573188998831
4801,0.2838102457223316,28.38102457223316
4802,0.27273803921801637,27.273803921801637
4803,0.26851812991618407,26.851812991618406
4804,0.2744684356518301,27.44684356518301
4805,0.27885911906479915,27.885911906479915
4806,0.31400353463757247,31.40035346375725
4807,0.29122334761760665,29.122334761760666
4808,0.2786133882963395,27.86133882963395
4809,0.29251954533232455,29.251954533232453
4810,0.30647411841757016,30.647411841757016
4811,0.28549278881487133,28.549278881487133
4812,0.2950458976359496,29.504589763594964
4813,0.2921473782034382,29.21473782034382
4814,0.30207108496059726,30.207108496059725
4815,0.2764885430590111,27.64885430590111
4816,0.2959824060104824,29.598240601048243
4817,0.27665428556705307,27.665428556705308
4818,0.26131504353553064,26.131504353553066
4819,0.2931984620795316,29.31984620795316
4820,0.27285598100535213,27.285598100535214
4821,0.27167008393565034,27.167008393565034
4822,0.28965884288989335,28.965884288989336
4823,0.29434440223910446,29.434440223910446
4824,0.26876059089063137,26.876059089063137
4825,0.27447396796500123,27.447396796500122
4826,0.2953162611946732,29.53162611946732
4827,0.30809534743647266,30.809534743647266
4828,0.24752093456369392,24.75209345636939
4829,0.25992922098215004,25.992922098215004
4830,0.2768306218220982,27.683062182209824
4831,0.2746269683723826,27.46269683723826
4832,0.27037102488156234,27.037102488156233
4833,0.2914429945101547,29.14429945101547
4834,0.28205824447909233,28.205824447909233
4835,0.28840105749678674,28.840105749678674
4836,0.2626721181740835,26.26721181740835
4837,0.30044014310309747,30.04401431030975
4838,0.3004742877678012,30.047428776780123
4839,0.27965999716276807,27.96599971627681
4840,0.2747804634857004,27.47804634857004
4841,0.2805754441518634,28.057544415186342
4842,0.27050303056453184,27.050303056453185
4843,0.27344990567039273,27.344990567039275
4844,0.3092255477982604,30.92255477982604
4845,0.28583830467965293,28.583830467965292
4846,0.27113821510689784,27.113821510689785
4847,0.27414222203224,27.414222203223996
4848,0.2772532754026908,27.725327540269078
4849,0.30538688878718756,30.538688878718755
4850,0.27498786898766425,27.498786898766426
4851,0.2926780552630467,29.26780552630467
4852,0.2905387912448337,29.053879124483373
4853,0.2955157683563264,29.55157683563264
4854,0.29905014267164126,29.905014267164127
4855,0.29172967762184737,29.172967762184737
4856,0.28578354341859497,28.578354341859498
4857,0.2863282121615891,28.63282121615891
4858,0.2785991872575737,27.85991872575737
4859,0.2988545440116472,29.88545440116472
4860,0.286094057622533,28.6094057622533
4861,0.29331896266907287,29.331896266907286
4862,0.2959812090483251,29.59812090483251
4863,0.2810447920642963,28.104479206429627
4864,0.27314753433092875,27.314753433092875
4865,0.3020714165398762,30.20714165398762
4866,0.2678193453761807,26.781934537618067
4867,0.316094806715131,31.6094806715131
4868,0.28905861665331734,28.905861665331734
4869,0.2827771422964567,28.277714229645667
4870,0.2931371655263154,29.31371655263154
4871,0.2914727271105159,29.147272711051592
4872,0.28123343040589277,28.123343040589276
4873,0.2961087175380933,29.61087175380933
4874,0.2926679418404042,29.266794184040418
4875,0.30742623457519286,30.742623457519286
4876,0.27993037884820693,27.993037884820694
4877,0.3139088494875133,31.390884948751328
4878,0.31736922884512303,31.736922884512303
4879,0.29799905879554783,29.79990587955478
4880,0.2698664359678632,26.98664359678632
4881,0.3150844658268905,31.508446582689047
4882,0.2840310498730797,28.40310498730797
4883,0.3009422618709874,30.094226187098737
4884,0.30581809541562605,30.581809541562606
4885,0.2859696753060721,28.59696753060721
4886,0.27571272172374656,27.571272172374655
4887,0.27910753160182317,27.910753160182317
4888,0.297094856136521,29.7094856136521
4889,0.330389764021701,33.0389764021701
4890,0.28660465962674053,28.660465962674053
4891,0.2840545380492727,28.405453804927273
4892,0.29751929344455597,29.751929344455597
4893,0.2768905273108229,27.689052731082292
4894,0.29144181019212645,29.144181019212645
4895,0.29933400649166186,29.933400649166188
4896,0.2808180299591264,28.081802995912643
4897,0.29624476460846344,29.624476460846346
4898,0.3049639874717046,30.49639874717046
4899,0.28119070725182777,28.119070725182777
4900,0.2857783991909283,28.577839919092828
4901,0.27088771536516004,27.088771536516003
4902,0.28690038342544,28.690038342544
4903,0.3132209765758639,31.32209765758639
4904,0.26796183671244084,26.796183671244084
4905,0.29730684335425034,29.730684335425035
4906,0.2679652605637121,26.79652605637121
4907,0.30000901307612904,30.000901307612903
4908,0.2959080662829947,29.59080662829947
4909,0.2934727511397098,29.347275113970976
4910,0.27770773380920527,27.770773380920527
4911,0.2832620823121468,28.32620823121468
4912,0.2982422249762511,29.824222497625108
4913,0.279659997162768,27.9659997162768
4914,0.2626116573520918,26.26116573520918
4915,0.28366801643065576,28.366801643065575
4916,0.2932228562899723,29.32228562899723
4917,0.28910010280014986,28.910010280014987
4918,0.27932403999365607,27.932403999365608
4919,0.28341026719747126,28.341026719747127
4920,0.2804756596618355,28.04756596618355
4921,0.28108484858761945,28.108484858761944
4922,0.2968035365315671,29.68035365315671
4923,0.281593478282425,28.1593478282425
4924,0.27425863527813954,27.425863527813952
4925,0.2661758551360143,26.617585513601433
4926,0.2748140757431334,27.481407574313337
4927,0.30548346571181445,30.548346571181444
4928,0.2857204149065908,28.57204149065908
4929,0.27749450897794914,27.749450897794915
4930,0.26049258188532226,26.049258188532225
4931,0.26996955085348495,26.996955085348496
4932,0.2672073825072601,26.72073825072601
4933,0.272075675138107,27.207567513810698
4934,0.2817173811459956,28.17173811459956
4935,0.2892210828425814,28.92210828425814
4936,0.28286781528355837,28.286781528355835
4937,0.28715733393677145,28.715733393677144
4938,0.284641275451478,28.4641275451478
4939,0.2899871194608133,28.99871194608133
4940,0.2702446282250928,27.024462822509282
4941,0.29468836330644305,29.468836330644304
4942,0.2824187601044928,28.24187601044928
4943,0.3075553751820271,30.755537518202708
4944,0.26751900015775837,26.75190001577584
4945,0.2783504893699936,27.835048936999364
4946,0.286808856418364,28.6808856418364
4947,0.2798130539907063,27.981305399070628
4948,0.2863047239853961,28.63047239853961
4949,0.27554798468402064,27.554798468402065
4950,0.2853391539572337,28.53391539572337
4951,0.2766278833622857,27.662788336228573
4952,0.29061044888370113,29.061044888370112
4953,0.256372202095709,25.6372202095709
4954,0.26811226600730037,26.811226600730038
4955,0.27126541698892387,27.126541698892385
4956,0.2711099808834229,27.110998088342292
4957,0.28095658287732167,28.095658287732167
4958,0.2913602390322583,29.136023903225826
4959,0.2713200841280907,27.13200841280907
4960,0.29674680677488313,29.674680677488315
4961,0.27834475516956,27.834475516955997
4962,0.2707361066285643,27.073610662856428
4963,0.306626663019151,30.6626663019151
4964,0.30021848187054073,30.021848187054072
4965,0.2743673068421749,27.43673068421749
4966,0.2844000539140544,28.44000539140544
4967,0.29776463215635873,29.77646321563587
4968,0.2835256378722851,28.352563787228508
4969,0.2771636443803805,27.71636443803805
4970,0.2645199876728218,26.45199876728218
4971,0.27936787585979544,27.936787585979545
4972,0.3039730477498278,30.397304774982782
4973,0.2852491955366693,28.524919553666926
4974,0.2755413552699713,27.554135526997133
4975,0.29826758460993263,29.826758460993265
4976,0.26705044802487293,26.705044802487294
4977,0.28015828450493174,28.015828450493174
4978,0.30239803395099335,30.239803395099337
4979,0.2778519730978305,27.78519730978305
4980,0.29675820982532586,29.675820982532585
4981,0.28489598642956654,28.489598642956654
4982,0.2757240174617945,27.572401746179448
4983,0.2707361066285643,27.073610662856428
4984,0.28840424868670606,28.840424868670606
4985,0.2732284520644864,27.322845206448644
4986,0.2606545928750799,26.06545928750799
4987,0.2805485861412956,28.054858614129557
4988,0.29899991119774394,29.899991119774395
4989,0.2769952346353025,27.69952346353025
4990,0.28943133962836676,28.943133962836676
4991,0.27523234056535506,27.523234056535507
4992,0.3117270567513822,31.172705675138218
4993,0.27182011629756103,27.182011629756104
4994,0.2890136384404818,28.901363844048177
4995,0.2716620208031173,27.16620208031173
4996,0.2646834336884189,26.46834336884189
4997,0.26231903129087947,26.231903129087947
4998,0.30835803700743836,30.835803700743835
4999,0.2705203940849152,27.052039408491517
5000,0.29050149309154505,29.050149309154506
5001,0.26791593755385373,26.791593755385374
5002,0.2634710366238708,26.347103662387077
5003,0.2843841367562837,28.43841367562837
5004,0.2902904249365325,29.02904249365325
5005,0.30527113184126764,30.527113184126765
5006,0.28135990438198527,28.135990438198526
5007,0.2721135830425964,27.21135830425964
5008,0.31747118586625045,31.747118586625046
5009,0.30178107317879527,30.178107317879526
5010,0.2737871545385642,27.378715453856422
5011,0.2873283147943714,28.732831479437138
5012,0.29137934623500883,29.137934623500882
5013,0.2817265440569012,28.172654405690118
5014,0.2887566879291503,28.875668792915032
5015,0.2940449224035606,29.404492240356063
5016,0.2749403872707444,27.49403872707444
5017,0.2866414223108648,28.66414223108648
5018,0.27781213971895596,27.781213971895596
5019,0.28839326812995164,28.839326812995164
5020,0.2818387618581411,28.18387618581411
5021,0.2914450206311965,29.14450206311965
5022,0.2639209583984031,26.392095839840312
5023,0.28233232757818505,28.233232757818506
5024,0.2912465993956826,29.12465993956826
5025,0.28545321062200285,28.545321062200284
5026,0.3002117673276329,30.021176732763287
5027,0.30667262883876356,30.667262883876354
5028,0.2966196048928571,29.66196048928571
5029,0.28448500352135453,28.448500352135454
5030,0.3008639333766668,30.086393337666678
5031,0.27076857661566706,27.076857661566706
5032,0.3068035396025611,30.680353960256113
5033,0.2948588356690382,29.48588356690382
5034,0.2792876232874186,27.928762328741858
5035,0.3042497805655354,30.42497805655354
5036,0.2769069403194694,27.69069403194694
5037,0.29895541077671794,29.895541077671794
5038,0.29396902787862983,29.396902787862984
5039,0.3023430352325475,30.234303523254752
5040,0.2704053656512231,27.04053656512231
5041,0.2861794995920286,28.61794995920286
5042,0.2985113378210972,29.851133782109716
5043,0.2945631963929032,29.456319639290317
5044,0.28918572447337176,28.918572447337176
5045,0.2901395573562935,29.01395573562935
5046,0.27485693604033046,27.485693604033045
5047,0.2846134029718321,28.461340297183206
5048,0.28576159818244606,28.576159818244605
5049,0.28207448124694356,28.207448124694356
5050,0.28416188077742804,28.416188077742806
5051,0.29424302324767626,29.424302324767627
5052,0.28277623626220894,28.277623626220894
5053,0.2773683671874298,27.73683671874298
5054,0.3022062140275212,30.22062140275212
5055,0.31918761765941533,31.918761765941532
5056,0.29603455405140083,29.603455405140082
5057,0.30606313237888727,30.606313237888727
5058,0.28791371161371443,28.791371161371444
5059,0.2975121782319342,29.75121782319342
5060,0.27624883184154125,27.624883184154125
5061,0.31136958484657246,31.136958484657246
5062,0.30589608386756334,30.589608386756336
5063,0.31964998817728923,31.964998817728922
5064,0.31148610852667996,31.148610852667996
5065,0.2877782365689037,28.777823656890373
5066,0.2633809559794076,26.338095597940757
5067,0.3138432006691565,31.38432006691565
5068,0.2777350020031451,27.773500200314512
5069,0.28105573291709346,28.105573291709344
5070,0.31128749545620693,31.128749545620693
5071,0.2589325911530782,25.89325911530782
5072,0.2946757632938431,29.46757632938431
5073,0.2840266599922734,28.402665999227338
5074,0.26322828715130514,26.322828715130512
5075,0.2914117615302845,29.141176153028447
5076,0.27100113291655786,27.100113291655788
5077,0.29697656569374503,29.6976565693745
5078,0.2767648656913467,27.676486569134667
5079,0.2947367288740745,29.47367288740745
5080,0.28953368870615104,28.953368870615105
5081,0.2998910712887934,29.98910712887934
5082,0.2999421592382051,29.994215923820512
5083,0.2851679493456458,28.516794934564583
5084,0.2839308308344373,28.39308308344373
5085,0.27074671590208255,27.074671590208254
5086,0.27074268402834006,27.074268402834008
5087,0.28164445466653554,28.164445466653554
5088,0.2797430477234681,27.97430477234681
5089,0.2796095436636124,27.96095436636124
5090,0.2872204073726085,28.72204073726085
5091,0.2759300650138519,27.593006501385194
5092,0.2938196059860729,29.381960598607286
5093,0.28923271276882534,28.923271276882534
5094,0.28857985582322937,28.857985582322936
5095,0.30225168514119743,30.225168514119744
5096,0.29071112372814406,29.071112372814405
5097,0.29281937366127414,29.281937366127416
5098,0.296789774384475,29.6789774384475
5099,0.29008134353566245,29.008134353566245
5100,0.2772088859577632,27.720888595776323
5101,0.28143989856087426,28.143989856087426
5102,0.27039078259874183,27.039078259874184
5103,0.27046999260003307,27.046999260003307
5104,0.2844575823925913,28.445758239259128
5105,0.2761207184597727,27.61207184597727
5106,0.2713665057535039,27.13665057535039
5107,0.27910707579602256,27.910707579602256
5108,0.2982515127199724,29.825151271997242
5109,0.3005714836248861,30.05714836248861
5110,0.30288536231364466,30.288536231364464
5111,0.2808260968284246,28.082609682842456
5112,0.27769694768859765,27.769694768859765
5113,0.29076042237276006,29.076042237276006
5114,0.2805260909774549,28.05260909774549
5115,0.29771034350336956,29.771034350336954
5116,0.28902375246941847,28.902375246941848
5117,0.28871139305626925,28.871139305626926
5118,0.30718861128058966,30.718861128058965
5119,0.2797480301089475,27.97480301089475
5120,0.28781184164770246,28.781184164770245
5121,0.27177342975389435,27.177342975389436
5122,0.3009400223377444,30.094002233774443
5123,0.2646757740136002,26.46757740136002
5124,0.2604452548319555,26.044525483195553
5125,0.29328535041164,29.328535041164
5126,0.26905557353297405,26.905557353297404
5127,0.28915456058393646,28.915456058393644
5128,0.274427832408297,27.442783240829698
5129,0.2886474138081385,28.864741380813854
5130,0.26854453212095136,26.854453212095137
5131,0.29220760262731277,29.220760262731275
5132,0.2865943261901203,28.659432619012033
5133,0.2804001110291229,28.04001110291229
5134,0.27629744385959304,27.629744385959302
5135,0.26631491587428363,26.631491587428364
5136,0.28245258111101185,28.245258111101183
5137,0.2834585476362441,28.345854763624413
5138,0.27380585216423703,27.380585216423704
5139,0.2837740993617482,28.377409936174818
5140,0.2674217491645867,26.742174916458673
5141,0.288073343437768,28.8073343437768
5142,0.3092354524718168,30.92354524718168
5143,0.2783471897452439,27.834718974524392
5144,0.2798015488972782,27.98015488972782
5145,0.3033363441796837,30.33363441796837
5146,0.2749172846907268,27.49172846907268
5147,0.29647159692325836,29.647159692325836
5148,0.2741041652021736,27.41041652021736
5149,0.27591871397768275,27.591871397768276
5150,0.29385314870881135,29.385314870881135
5151,0.29023233333980025,29.023233333980023
5152,0.27720590039187154,27.720590039187154
5153,0.29058140274786964,29.058140274786965
5154,0.27772022711570465,27.772022711570465
5155,0.28289338487891436,28.289338487891435
5156,0.28569055807970795,28.569055807970795
5157,0.30751569028305803,30.751569028305802
5158,0.2888629626952019,28.88629626952019
5159,0.30177544568446224,30.177544568446223
5160,0.2900927641065262,29.009276410652618
5161,0.30151849517313073,30.151849517313075
5162,0.2796192696927133,27.961926969271328
5163,0.2899005250923181,28.990052509231813
5164,0.27896008787285537,27.89600878728554
5165,0.28840542094980814,28.840542094980815
5166,0.28068283135750804,28.068283135750804
5167,0.270061995864007,27.006199586400697
5168,0.2697601887651739,26.976018876517387
5169,0.2794114013181733,27.94114013181733
5170,0.3052618440975463,30.52618440975463
5171,0.29365284282530524,29.365284282530524
5172,0.2967873254958518,29.67873254958518
5173,0.28200015348865426,28.200015348865428
5174,0.28304752398189553,28.304752398189553
5175,0.29986301944653904,29.986301944653903
5176,0.27431180404042005,27.431180404042006
5177,0.2795310748186779,27.95310748186779
5178,0.26312553400951233,26.312553400951234
5179,0.3011587788758774,30.11587788758774
5180,0.2925974642495674,29.259746424956738
5181,0.29181087179859727,29.181087179859727
5182,0.2593062471194436,25.93062471194436
5183,0.30173022162750057,30.17302216275006
5184,0.27238290463652864,27.238290463652863
5185,0.3156018603718049,31.560186037180486
5186,0.3056897134855695,30.56897134855695
5187,0.2955499599279288,29.554995992792882
5188,0.27995668213180197,27.995668213180195
5189,0.27294643527679235,27.294643527679234
5190,0.286163250854979,28.616325085497902
5191,0.2863260793344467,28.63260793344467
5192,0.2811771693716198,28.11771693716198
5193,0.30540104474217,30.540104474217
5194,0.31952621014653454,31.952621014653452
5195,0.29041603125788756,29.041603125788757
5196,0.30552206986838504,30.552206986838502
5197,0.29853807360776635,29.853807360776635
5198,0.28116166179092694,28.116166179092694
5199,0.2739141921489935,27.391419214899347
5200,0.28857395492140775,28.857395492140775
5201,0.2999619871650098,29.99619871650098
5202,0.2849292311405284,28.492923114052843
5203,0.30453920592317024,30.453920592317026
5204,0.2987971569462402,29.87971569462402
5205,0.2789800231120548,27.898002311205477
5206,0.29154458085434026,29.154458085434026
5207,0.27675717618579065,27.675717618579064
5208,0.27837145912286887,27.837145912286886
5209,0.2891677440231533,28.916774402315333
5210,0.2824756842973236,28.24756842973236
5211,0.28061886756725585,28.061886756725585
5212,0.2754234654969091,27.54234654969091
5213,0.2959994434170816,29.599944341708163
5214,0.26529487105480976,26.529487105480975
5215,0.27549479373820385,27.549479373820386
5216,0.29090182529355196,29.090182529355197
5217,0.297754246705465,29.775424670546503
5218,0.27088934037222834,27.088934037222835
5219,0.2908224361014305,29.08224361014305
5220,0.2806304968872056,28.06304968872056
5221,0.27579288190296203,27.579288190296204
5222,0.28300093635615575,28.300093635615575
5223,0.3089933224703543,30.89933224703543
5224,0.2979713523162284,29.79713523162284
5225,0.27192327901643165,27.192327901643164
5226,0.2767784737811798,27.67784737811798
5227,0.284958811524219,28.495881152421898
5228,0.2898379446936073,28.98379446936073
5229,0.2607009923169569,26.070099231695693
5230,0.307355496665256,30.735549666525603
5231,0.2843226308476874,28.43226308476874
5232,0.29114818099860945,29.114818099860944
5233,0.30817508085200207,30.817508085200206
5234,0.298756867761565,29.875686776156503
5235,0.2914960390459137,29.14960390459137
5236,0.28306403476352954,28.306403476352955
5237,0.3032761197558091,30.327611975580908
5238,0.2788232672741232,27.88232672741232
5239,0.28299395768037194,28.299395768037193
5240,0.3182577614030937,31.82577614030937
5241,0.2665877619661438,26.65877619661438
5242,0.2991834002810766,29.91834002810766
5243,0.3013267214783814,30.13267214783814
5244,0.26797701271385477,26.797701271385478
5245,0.30332394812554636,30.332394812554636
5246,0.29205451709107283,29.205451709107283
5247,0.30411671479105934,30.411671479105934
5248,0.28239223306690975,28.239223306690974
5249,0.2857453494453965,28.574534944539646
5250,0.26799758179701616,26.799758179701616
5251,0.30290409253327694,30.290409253327695
5252,0.2847447434936207,28.474474349362072
5253,0.29696510750721555,29.696510750721554
5254,0.2966368441867188,29.66368441867188
5255,0.2870926129259898,28.70926129259898
5256,0.30281755796398374,30.281755796398375
5257,0.27433369458474194,27.433369458474193
5258,0.27456982728738727,27.456982728738726
5259,0.2982018981759102,29.820189817591018
5260,0.28968387155059017,28.968387155059016
5261,0.2747216307326114,27.47216307326114
5262,0.3122728922919836,31.22728922919836
5263,0.2834152771556751,28.341527715567512
5264,0.2865882015343107,28.65882015343107
5265,0.2746043754098053,27.460437540980532
5266,0.3203553319217169,32.03553319217169
5267,0.2885920900351794,28.85920900351794
5268,0.27206488650198035,27.206488650198036
5269,0.2650752638662189,26.507526386621887
5270,0.2883217083497405,28.832170834974054
5271,0.26732014124315917,26.732014124315917
5272,0.2796521972143464,27.965219721434643
5273,0.2814996597278326,28.14996597278326
5274,0.285327359759393,28.5327359759393
5275,0.2791923132007614,27.919231320076136
5276,0.2989263646408865,29.89263646408865
5277,0.27781168391315536,27.781168391315536
5278,0.2950598731952429,29.50598731952429
5279,0.27380978623924285,27.380978623924285
5280,0.2816780669239685,28.16780669239685
5281,0.2709674355302663,27.09674355302663
5282,0.29006308419536925,29.006308419536925
5283,0.2951843929886487,29.51843929886487
5284,0.2964836645285877,29.64836645285877
5285,0.2841848064417199,28.41848064417199
5286,0.30434486111589903,30.434486111589905
5287,0.2871170622725174,28.71170622725174
5288,0.28125786223199917,28.125786223199917
5289,0.2741921130194945,27.41921130194945
5290,0.3007445452267184,30.07445452267184
5291,0.2765781678976737,27.65781678976737
5292,0.2993025965960658,29.930259659606577
5293,0.31025004950068397,31.025004950068396
5294,0.3062032282371265,30.620322823712648
5295,0.2810641799769917,28.106417997699168
5296,0.29582501572229464,29.582501572229464
5297,0.2865765790761845,28.65765790761845
5298,0.30412196114738005,30.412196114738006
5299,0.28420324269773894,28.420324269773893
5300,0.2784917430927271,27.849174309272712
5301,0.29907751178613096,29.907751178613097
5302,0.29794223664570246,29.794223664570247
5303,0.27343123675302167,27.343123675302166
5304,0.30057534170471595,30.057534170471595
5305,0.2907129160686435,29.071291606864353
5306,0.28462773757127,28.462773757127003
5307,0.2846613397763997,28.466133977639966
5308,0.2823595957721248,28.235959577212483
5309,0.2764665282881676,27.64665282881676
5310,0.2992748427655881,29.927484276558808
5311,0.27648808725321045,27.648808725321043
5312,0.28398169669867124,28.398169669867123
5313,0.26698923599422114,26.698923599422113
5314,0.2737456283466566,27.37456283466566
5315,0.26463847039481675,26.463847039481674
5316,0.2947448316934733,29.47448316934733
5317,0.27871334378362195,27.871334378362196
5318,0.3032544239201155,30.32544239201155
5319,0.2974508594951819,29.74508594951819
5320,0.28801316452446335,28.801316452446336
5321,0.28490475240752333,28.490475240752332
5322,0.2969585157088319,29.695851570883192
5323,0.2890688698202796,28.906886982027956
5324,0.28257196926096023,28.25719692609602
5325,0.31047779981892504,31.047779981892504
5326,0.2859353218922824,28.593532189228238
5327,0.28774143426649085,28.774143426649086
5328,0.26932379055791034,26.932379055791035
5329,0.2648673510141897,26.48673510141897
5330,0.2794452989261625,27.94452989261625
5331,0.2941333091125552,29.41333091125552
5332,0.27597169835611984,27.597169835611986
5333,0.3086744547221151,30.867445472211507
5334,0.3023392798019973,30.23392798019973
5335,0.27855239461410064,27.855239461410065
5336,0.2832537451658311,28.325374516583107
5337,0.2769240147354401,27.69240147354401
5338,0.2935493310067346,29.35493310067346
5339,0.28232303983446366,28.232303983446368
5340,0.2739715552334981,27.39715552334981
5341,0.27572414229461023,27.572414229461025
5342,0.2872227961039098,28.722279610390984
5343,0.26570744959227,26.570744959227
5344,0.30151988684391634,30.151988684391632
5345,0.26431641978023185,26.431641978023183
5346,0.27052870052030625,27.052870052030624
5347,0.28808370391712507,28.808370391712508
5348,0.27363594404227287,27.363594404227285
5349,0.3066832938546628,30.66832938546628
5350,0.27447023689969346,27.447023689969345
5351,0.30304719465894686,30.304719465894685
5352,0.28695709886918475,28.695709886918475
5353,0.2933698617335605,29.33698617335605
5354,0.29787071508745117,29.787071508745118
5355,0.30379925450529693,30.379925450529694
5356,0.29331293693443555,29.331293693443556
5357,0.2885968336788008,28.85968336788008
5358,0.3203312316748894,32.03312316748894
5359,0.26955380445458094,26.955380445458093
5360,0.26031023487479255,26.031023487479253
5361,0.2784014010786102,27.84014010786102
5362,0.3077005851633027,30.770058516330266
5363,0.33334664472166825,33.33466447216683
5364,0.2837201644715742,28.37201644715742
5365,0.2911427735182542,29.114277351825418
5366,0.2827539148836232,28.275391488362324
5367,0.28040416933065027,28.040416933065025
5368,0.25957837363218905,25.957837363218907
5369,0.30210703940055283,30.210703940055282
5370,0.2787620923385116,27.876209233851164
5371,0.28178976669079653,28.178976669079653
5372,0.3001331917765977,30.01331917765977
5373,0.28647712555914134,28.647712555914133
5374,0.27568221725610403,27.568221725610403
5375,0.297118107914597,29.711810791459698
5376,0.2961624281613833,29.616242816138328
5377,0.2980422208412866,29.80422208412866
5378,0.2624792260278718,26.24792260278718
5379,0.30164463756994425,30.164463756994426
5380,0.28936266328539334,28.936266328539332
5381,0.2794813757520513,27.948137575205127
5382,0.2993020990164604,29.930209901646037
5383,0.2972870856370709,29.72870856370709
5384,0.27116858209759553,27.116858209759553
5385,0.27533572642867427,27.533572642867426
5386,0.2734897379268318,27.34897379268318
5387,0.29879403423721634,29.879403423721634
5388,0.2823747022388442,28.23747022388442
5389,0.25317696180398247,25.317696180398247
5390,0.29917915014458996,29.917915014458995
5391,0.2835904158422688,28.35904158422688
5392,0.2873885142467093,28.73885142467093
5393,0.30001541183144936,30.001541183144937
5394,0.281750537597628,28.175053759762804
5395,0.2777935505281135,27.77935505281135
5396,0.28283538795044794,28.283538795044795
5397,0.2812345031415284,28.12345031415284
5398,0.3312890700304012,33.12890700304012
5399,0.2832600196946296,28.32600196946296
5400,0.2909564073038602,29.09564073038602
5401,0.26570082017822066,26.570082017822067
5402,0.2946125406599477,29.46125406599477
5403,0.2949334549615314,29.49334549615314
5404,0.256813391459787,25.681339145978697
5405,0.28271493970899275,28.271493970899275
5406,0.2933142190254514,29.33142190254514
5407,0.26770201161131607,26.770201161131606
5408,0.296275131599161,29.627513159916102
5409,0.2884925298120356,28.84925298120356
5410,0.3126093993031187,31.26093993031187
5411,0.3056966042692726,30.569660426927257
5412,0.28833677477138475,28.833677477138476
5413,0.28972218774768743,28.97221877476874
5414,0.30182040897806434,30.182040897806434
5415,0.28797001026365304,28.797001026365304
5416,0.2611939386602832,26.119393866028318
5417,0.3106603038966682,31.06603038966682
5418,0.27745741271192303,27.745741271192305
5419,0.2809138591169625,28.09138591169625
5420,0.2914257011993966,29.14257011993966
5421,0.28623767571132536,28.623767571132536
5422,0.2939884540165304,29.39884540165304
5423,0.2645782459709421,26.45782459709421
5424,0.30358089863687787,30.358089863687788
5425,0.2991280621951782,29.91280621951782
5426,0.2933235067691728,29.33235067691728
5427,0.29964929677887575,29.964929677887575
5428,0.2937722309752536,29.377223097525363
5429,0.29191515287553216,29.191515287553216
5430,0.27257834923926383,27.25783492392638
5431,0.27976605026312323,27.976605026312324
5432,0.25788471283976283,25.788471283976282
5433,0.2602118414492561,26.02118414492561
5434,0.2785094381923895,27.85094381923895
5435,0.27488116597917434,27.488116597917433
5436,0.29678699391657287,29.678699391657286
5437,0.2828583670220967,28.28583670220967
5438,0.2710387615898547,27.103876158985468
5439,0.2774472886306831,27.744728863068307
5440,0.272476863541735,27.2476863541735
5441,0.27307319460344104,27.307319460344104
5442,0.27672453889100573,27.672453889100574
5443,0.28630977590557005,28.630977590557006
5444,0.3135803619001324,31.358036190013237
5445,0.2765905676885761,27.65905676885761
5446,0.2666195267469905,26.66195267469905
5447,0.2733604451033269,27.33604451033269
5448,0.28893346246957513,28.893346246957513
5449,0.28516699883390884,28.516699883390885
5450,0.2964771542079662,29.647715420796622
5451,0.27932329883729934,27.932329883729935
5452,0.29102858401390636,29.102858401390634
5453,0.2906749923724627,29.06749923724627
5454,0.30132519293694515,30.132519293694514
5455,0.2845990777065446,28.459907770654457
5456,0.2978448081272655,29.78448081272655
5457,0.26582426662969655,26.582426662969656
5458,0.27688501251807285,27.688501251807285
5459,0.31312646827289403,31.312646827289402
5460,0.28592021542556306,28.592021542556306
5461,0.27632671071370885,27.632671071370886
5462,0.2751863969292787,27.51863969292787
5463,0.2696989624215829,26.969896242158292
5464,0.2610120696390903,26.10120696390903
5465,0.2776549280752237,27.765492807522367
5466,0.2885615046960689,28.856150469606888
5467,0.3094104827235802,30.941048272358017
5468,0.28551582118526375,28.551582118526376
5469,0.277674862708129,27.767486270812903
5470,0.2682379519920192,26.82379519920192
5471,0.28000849859344146,28.000849859344147
5472,0.26983606897716544,26.983606897716545
5473,0.281740413516388,28.174041351638802
5474,0.31646752969018055,31.646752969018056
5475,0.27761453157815374,27.761453157815374
5476,0.2668440174855572,26.684401748555718
5477,0.29114818099860945,29.114818099860944
5478,0.28041093865105393,28.041093865105392
5479,0.2883029956505293,28.83029956505293
5480,0.2728050573275372,27.280505732753717
5481,0.27330693522236016,27.330693522236015
5482,0.2930392880639015,29.30392880639015
5483,0.28777807472671635,28.777807472671636
5484,0.28681021765211817,28.681021765211817
5485,0.2684752994497243,26.847529944972433
5486,0.284735209299479,28.4735209299479
5487,0.2752133400687051,27.52133400687051
5488,0.2913920889419636,29.13920889419636
5489,0.2645661783656128,26.45661783656128
5490,0.28462167179155745,28.462167179155745
5491,0.29766972273941544,29.766972273941544
5492,0.2767753904423005,27.67753904423005
5493,0.27772926780271145,27.772926780271145
5494,0.3262440221689968,32.624402216899675
5495,0.2766723908500873,27.66723908500873
5496,0.28413040134713746,28.413040134713746
5497,0.2925834305184836,29.258343051848364
5498,0.3090563506681029,30.905635066810287
5499,0.29939131800939783,29.939131800939784
5500,0.2945978437703062,29.45978437703062
5501,0.2917056840811205,29.170568408112054
5502,0.30692966447895365,30.692966447895365
5503,0.29102887797751964,29.102887797751965
5504,0.2738312124042129,27.38312124042129
5505,0.2971330501097196,29.713305010971958
5506,0.3014317316738382,30.143173167383818
5507,0.2762840026331823,27.62840026331823
5508,0.290655730506159,29.0655730506159
5509,0.27545492334995775,27.545492334995775
5510,0.29118485968079494,29.118485968079494
5511,0.27144153489555634,27.144153489555634
5512,0.28237844873628143,28.23784487362814
5513,0.2722572011313888,27.22572011313888
5514,0.2803353900183413,28.03353900183413
5515,0.27212287078631775,27.212287078631775
5516,0.28474033203557236,28.474033203557237
5517,0.2825275383746288,28.25275383746288
5518,0.271996434425891,27.1996434425891
5519,0.27070850685534553,27.070850685534552
5520,0.2676089807618591,26.760898076185914
5521,0.2778397394921747,27.783973949217472
5522,0.3002385413362619,30.023854133626187
5523,0.30232477589225426,30.232477589225425
5524,0.27379710170407845,27.379710170407844
5525,0.26408546389921267,26.408546389921266
5526,0.2946099520270048,29.46099520270048
5527,0.2857204149065907,28.57204149065907
5528,0.29334823195259824,29.334823195259823
5529,0.2847721663511137,28.47721663511137
5530,0.2832537451658311,28.325374516583107
5531,0.2978791915338271,29.78791915338271
5532,0.26933832256966095,26.933832256966095
5533,0.31066074218204776,31.066074218204776
5534,0.25880211401154507,25.880211401154508
5535,0.2934335220465413,29.343352204654128
5536,0.2934923001078032,29.34923001078032
5537,0.281836862811541,28.183686281154102
5538,0.2888214089399319,28.882140893993192
5539,0.29521017826358076,29.521017826358076
5540,0.29182316367081074,29.182316367081075
5541,0.2927076092189523,29.270760921895228
5542,0.29402918148658513,29.402918148658514
5543,0.29673771095178963,29.673771095178964
5544,0.30336320219025154,30.336320219025154
5545,0.28160136283042203,28.160136283042203
5546,0.2834218520399318,28.342185203993182
5547,0.26691818097224973,26.691818097224974
5548,0.2829046757577617,28.29046757577617
5549,0.2790339850449656,27.90339850449656
5550,0.30637891564330777,30.637891564330776
5551,0.29284522860718637,29.28452286071864
5552,0.3014506062152368,30.14506062152368
5553,0.2930495188512421,29.304951885124208
5554,0.3036947263716476,30.369472637164762
5555,0.2859113378652136,28.59113378652136
5556,0.27073021837087174,27.073021837087175
5557,0.30635631377336653,30.635631377336654
5558,0.283974125680249,28.397412568024897
5559,0.28377409936174824,28.377409936174825
5560,0.2649211907232018,26.49211907232018
5561,0.29817974410500653,29.817974410500653
5562,0.29974786712013807,29.974786712013806
5563,0.2850440464820752,28.504404648207522
5564,0.29865067812437196,29.865067812437196
5565,0.2786900096646879,27.86900096646879
5566,0.2915410718742104,29.15410718742104
5567,0.2692739294013932,26.92739294013932
5568,0.3131415747396134,31.31415747396134
5569,0.28661382253764606,28.661382253764607
5570,0.2809965691910197,28.099656919101967
5571,0.2828859205665927,28.28859205665927
5572,0.2817756729644255,28.17756729644255
5573,0.2813446736887442,28.13446736887442
5574,0.33842014021874883,33.84201402187488
5575,0.3020911222427822,30.20911222427822
5576,0.2716598657924387,27.16598657924387
5577,0.283979579389327,28.3979579389327
5578,0.27277623319121497,27.277623319121496
5579,0.2927404346975999,29.27404346975999
5580,0.2726876835175975,27.268768351759746
5581,0.2915425702510966,29.154257025109658
5582,0.2864567638287372,28.64567638287372
5583,0.2713675658450106,27.13675658450106
5584,0.2693123699870466,26.931236998704662
5585,0.2690000105738974,26.900001057389737
5586,0.28273476763579747,28.273476763579747
5587,0.2699946862202824,26.99946862202824
5588,0.2823206982582352,28.23206982582352
5589,0.26713613878852976,26.713613878852975
5590,0.2925451663356599,29.25451663356599
5591,0.2823794236989295,28.23794236989295
5592,0.3005714316106126,30.057143161061262
5593,0.28817022383966634,28.817022383966634
5594,0.276230394979228,27.623039497922804
5595,0.28722055657066686,28.722055657066687
5596,0.28165418181807206,28.165418181807205
5597,0.2887731460215801,28.87731460215801
5598,0.272710315218276,27.2710315218276
5599,0.26622848395427,26.622848395427003
5600,0.28148721843560676,28.148721843560676
5601,0.28737878754267776,28.737878754267776
5602,0.3098919684509675,30.98919684509675
5603,0.3024932827353892,30.24932827353892
5604,0.2802913321526927,28.02913321526927
5605,0.27445119635796833,27.445119635796832
5606,0.2847758697673904,28.47758697673904
5607,0.2838502409433935,28.38502409433935
5608,0.2643289551344292,26.432895513442922
5609,0.2783639726270109,27.83639726270109
5610,0.26702678232665994,26.702678232665995
5611,0.280523296110945,28.0523296110945
5612,0.28345405104933724,28.345405104933725
5613,0.3050297436024562,30.50297436024562
5614,0.29234377331791034,29.234377331791034
5615,0.30207511995615294,30.207511995615295
5616,0.2776332165596976,27.763321655969758
5617,0.2671683377979351,26.716833779793507
5618,0.2941079663930005,29.410796639300052
5619,0.3082875769370226,30.828757693702258
5620,0.30559041463207953,30.559041463207954
5621,0.2808599944364137,28.08599944364137
5622,0.286079723023095,28.6079723023095
5623,0.2893065248120771,28.93065248120771
5624,0.29390668842051537,29.390668842051536
5625,0.28450675692254423,28.450675692254425
5626,0.29064520575520514,29.064520575520515
5627,0.30402889120026005,30.402889120026007
5628,0.3067643105093926,30.67643105093926
5629,0.28256826584468353,28.256826584468353
5630,0.31022543102335903,31.022543102335902
5631,0.2936922744120304,29.369227441203037
5632,0.2820350878821783,28.203508788217828
5633,0.2943918839560244,29.43918839560244
5634,0.2745820050787805,27.45820050787805
5635,0.25584219505648187,25.584219505648186
5636,0.29272659280147534,29.272659280147533
5637,0.277205462106492,27.7205462106492
5638,0.30443088345883484,30.443088345883485
5639,0.2945657298897593,29.456572988975932
5640,0.2956016774683961,29.56016774683961
5641,0.2745166585251067,27.451665852510672
5642,0.27489542397714223,27.489542397714224
5643,0.30097170912079235,30.097170912079235
5644,0.2651756748254891,26.51756748254891
5645,0.28345887860922886,28.345887860922886
5646,0.310177896617235,31.017789661723498
5647,0.2854680455047306,28.54680455047306
5648,0.31879206966673085,31.879206966673085
5649,0.28743449758674294,28.743449758674295
5650,0.2953844193071493,29.53844193071493
5651,0.28735586187838597,28.735586187838596
5652,0.27902391852922187,27.902391852922186
5653,0.29477585531796335,29.477585531796336
5654,0.29633601205053384,29.633601205053385
5655,0.28378125427832723,28.378125427832725
5656,0.2962241949190078,29.622419491900782
5657,0.31161478381405555,31.161478381405555
5658,0.2734309051737427,27.343090517374268
5659,0.2948478709039751,29.484787090397507
5660,0.2815856219134465,28.15856219134465
5661,0.31436376430612256,31.436376430612256
5662,0.2756687118155505,27.56687118155505
5663,0.2943305327796175,29.43305327796175
5664,0.27842161460159026,27.842161460159026
5665,0.27226277533022347,27.226277533022348
5666,0.2824362776821351,28.243627768213507
5667,0.2695361093549187,26.953610935491866
5668,0.2729357011704583,27.293570117045828
5669,0.30296286998824473,30.296286998824474
5670,0.30584597347262543,30.584597347262545
5671,0.30393197118007315,30.393197118007315
5672,0.2779476236711306,27.79476236711306
5673,0.28730495631019476,28.730495631019476
5674,0.28075851074150776,28.075851074150776
5675,0.2878276892707786,28.78276892707786
5676,0.28339638509385545,28.339638509385544
5677,0.28417238334484574,28.417238334484573
5678,0.27905794097002684,27.905794097002683
5679,0.3025256460163913,30.252564601639133
5680,0.2719240664015112,27.192406640151116
5681,0.2955415381733801,29.55415381733801
5682,0.274493132733248,27.449313273324798
5683,0.2856285324079699,28.562853240796994
5684,0.2844332103656868,28.44332103656868
5685,0.3002566382280735,30.025663822807353
5686,0.27653264096973484,27.653264096973484
5687,0.2705570750344755,27.05570750344755
5688,0.2957776035400693,29.577760354006934
5689,0.2732969339713131,27.32969339713131
5690,0.33050260119965863,33.05026011996586
5691,0.3019264919091568,30.19264919091568
5692,0.2843203913144444,28.43203913144444
5693,0.28134220928232295,28.134220928232295
5694,0.31556325621523434,31.556325621523435
5695,0.2816316722556235,28.16316722556235
5696,0.2950660649302069,29.506606493020687
5697,0.29157594870223824,29.157594870223825
5698,0.2761142676901789,27.61142676901789
5699,0.2798015488972782,27.98015488972782
5700,0.2585276213353746,25.85276213353746
5701,0.27258266958537564,27.258266958537565
5702,0.3219180347952726,32.19180347952726
5703,0.2925879746185835,29.25879746185835
5704,0.2821564015065118,28.21564015065118
5705,0.28666186917012754,28.666186917012755
5706,0.27053724710767085,27.053724710767085
5707,0.29332500514605897,29.332500514605897
5708,0.29594571041417006,29.594571041417005
5709,0.2719060397225699,27.190603972256987
5710,0.32613226260296685,32.613226260296685
5711,0.3025382460289914,30.253824602899137
5712,0.2802060971948364,28.02060971948364
5713,0.2877848289735815,28.77848289735815
5714,0.2876508126873684,28.765081268736843
5715,0.3189598049164775,31.89598049164775
5716,0.29871823550298693,29.871823550298693
5717,0.28858091652103024,28.858091652103024
5718,0.264746987295299,26.474698729529898
5719,0.30760173014641484,30.760173014641484
5720,0.3035261072711894,30.35261072711894
5721,0.2878734399494603,28.78734399494603
5722,0.2795646870761109,27.956468707611087
5723,0.2835665847500234,28.356658475002337
5724,0.2639603948443289,26.396039484432894
5725,0.3144260257696835,31.442602576968348
5726,0.29489984270409836,29.489984270409835
5727,0.2781029111249478,27.810291112494777
5728,0.2757621744256214,27.57621744256214
5729,0.2778312924322765,27.78312924322765
5730,0.2924259335241952,29.242593352419522
5731,0.29624901474494997,29.624901474494997
5732,0.2861834643779591,28.61834643779591
5733,0.28294991794143853,28.294991794143854
5734,0.28949410585016744,28.949410585016743
5735,0.27714961064929683,27.714961064929682
5736,0.28337762990268645,28.337762990268644
5737,0.2988712183899473,29.88712183899473
5738,0.27612355543390027,27.612355543390027
5739,0.30064503018174354,30.064503018174353
5740,0.2811895404542205,28.11895404542205
5741,0.2802884670765575,28.028846707655752
5742,0.28356399611708044,28.356399611708046
5743,0.28725775814646487,28.725775814646486
5744,0.2859001511006412,28.590015110064122
5745,0.2795646870761109,27.956468707611087
5746,0.2757349062316816,27.573490623168162
5747,0.2932056169961106,29.32056169961106
5748,0.28277590528922425,28.277590528922424
5749,0.2702633834162618,27.026338341626182
5750,0.28453250982547096,28.453250982547097
5751,0.30325937631282307,30.325937631282308
5752,0.27611514913723006,27.611514913723006
5753,0.29350707499524364,29.350707499524365
5754,0.29012006040247357,29.012006040247357
5755,0.2755566164002438,27.555661640024383
5756,0.277037052361414,27.703705236141403
5757,0.2770723963320158,27.70723963320158
5758,0.2834276335915238,28.34276335915238
5759,0.2940180643929928,29.40180643929928
5760,0.2961461241262124,29.614612412621238
5761,0.2686242128472766,26.86242128472766
5762,0.28899251948954824,28.899251948954824
5763,0.2604150058841318,26.04150058841318
5764,0.2844000539140544,28.44000539140544
5765,0.2893984685272905,28.93984685272905
5766,0.278256652688686,27.825665268868597
5767,0.27513998794799455,27.513998794799456
5768,0.30157446885422456,30.157446885422456
5769,0.28002927703198305,28.002927703198306
5770,0.29359815238016657,29.359815238016658
5771,0.2790648084477581,27.90648084477581
5772,0.2853417250697557,28.53417250697557
5773,0.2736851027805345,27.36851027805345
5774,0.29573870602617974,29.573870602617973
5775,0.27884068280878005,27.884068280878004
5776,0.2689693185286863,26.896931852868626
5777,0.30107083105855653,30.107083105855654
5778,0.3018089343216677,30.180893432166773
5779,0.28091105534308863,28.091105534308863
5780,0.2708846884468376,27.08846884468376
5781,0.267474942898404,26.7474942898404
5782,0.2666587547177235,26.66587547177235
5783,0.256655314545035,25.665531454503498
5784,0.27823928916830254,27.823928916830255
5785,0.2945922053573286,29.45922053573286
5786,0.26624552853950345,26.624552853950345
5787,0.2946566765233951,29.465667652339512
5788,0.26658910567947686,26.658910567947686
5789,0.28334606534353723,28.334606534353725
5790,0.2890098128003064,28.900981280030642
5791,0.29211850958962676,29.211850958962675
5792,0.3005320256017183,30.053202560171833
5793,0.2778194335760332,27.78194335760332
5794,0.28538161358471703,28.538161358471704
5795,0.2777791619117791,27.77791619117791
5796,0.28767727749634014,28.767727749634016
5797,0.2687754120067946,26.87754120067946
5798,0.28853579856387496,28.853579856387494
5799,0.30865078790146655,30.865078790146654
5800,0.2706704195882476,27.06704195882476
5801,0.2724446791790816,27.24446791790816
5802,0.2747002264311216,27.47002264311216
5803,0.3049730436765095,30.49730436765095
5804,0.2783744579391838,27.83744579391838
5805,0.2809789664845188,28.09789664845188
5806,0.293117407809136,29.3117407809136
5807,0.28690038342544,28.690038342544
5808,0.27164642197420236,27.164642197420235
5809,0.2861359826610392,28.613598266103917
5810,0.29641063134302703,29.641063134302705
5811,0.2867535183324657,28.67535183324657
5812,0.278095795912326,27.809579591232602
5813,0.2934442014610482,29.34442014610482
5814,0.2856334080873487,28.56334080873487
5815,0.29421179227042893,29.42117922704289
5816,0.29538695280400556,29.538695280400557
5817,0.301151730665399,30.115173066539903
5818,0.27452268668915353,27.45226866891535
5819,0.2868622270679071,28.68622270679071
5820,0.28532862920627994,28.532862920627995
5821,0.26413026292121794,26.413026292121796
5822,0.29977798471038036,29.977798471038035
5823,0.273854299910692,27.3854299910692
5824,0.27860655843427395,27.860655843427395
5825,0.2997638694067673,29.97638694067673
5826,0.29064594691156187,29.064594691156188
5827,0.2684184454665188,26.841844546651878
5828,0.3049624339587316,30.49624339587316
5829,0.26482387003330105,26.482387003330103
5830,0.27617734151035606,27.617734151035606
5831,0.29696556331301616,29.696556331301615
5832,0.27830739753388006,27.830739753388006
5833,0.29269765892296723,29.26976589229672
5834,0.27241050440974746,27.241050440974746
5835,0.28409454895016734,28.409454895016733
5836,0.2762029326829541,27.62029326829541
5837,0.29575198253673396,29.575198253673395
5838,0.2913503954423738,29.13503954423738
5839,0.28027139751978736,28.027139751978737
5840,0.28891450271364927,28.891450271364928
5841,0.30418292672761144,30.418292672761144
5842,0.28625762786465164,28.625762786465163
5843,0.30572695694703106,30.572695694703107
5844,0.28365620958868604,28.365620958868604
5845,0.30625546858553776,30.625546858553776
5846,0.2847422575099574,28.474225750995743
5847,0.28106248716395865,28.106248716395864
5848,0.2814057628892031,28.14057628892031
5849,0.29875183023999885,29.875183023999885
5850,0.2725113711748182,27.25113711748182
5851,0.31318017889618394,31.318017889618393
5852,0.2976745684260224,29.76745684260224
5853,0.2782045741824621,27.820457418246207
5854,0.272380894033285,27.2380894033285
5855,0.28385781196181586,28.385781196181586
5856,0.2843111035707231,28.43111035707231
5857,0.3047546878080904,30.475468780809038
5858,0.2854078127797862,28.54078127797862
5859,0.27463146495928964,27.463146495928964
5860,0.2687307340637486,26.873073406374857
5861,0.28504077182886234,28.504077182886235
5862,0.27351192961340104,27.351192961340104
5863,0.268342965924241,26.8342965924241
5864,0.28457018690919694,28.457018690919693
5865,0.28188028622693345,28.188028622693345
5866,0.3190740488387591,31.907404883875913
5867,0.31510277985901086,31.510277985901087
5868,0.28215056526309273,28.215056526309272
5869,0.2845030020982882,28.45030020982882
5870,0.28359704586261225,28.359704586261223
5871,0.2767684719238385,27.676847192383853
5872,0.26274856089797627,26.274856089797627
5873,0.29263669334273584,29.263669334273583
5874,0.276104415030896,27.6104415030896
5875,0.27586302679208446,27.586302679208448
5876,0.31030888225377296,31.030888225377296
5877,0.2882915750796656,28.829157507966556
5878,0.3005158990885674,30.05158990885674
5879,0.2879040922907141,28.79040922907141
5880,0.2844911952563185,28.44911952563185
5881,0.28480799796087636,28.480799796087634
5882,0.27524646668960023,27.524646668960024
5883,0.3031016699631545,30.310166996315452
5884,0.2743745144479581,27.43745144479581
5885,0.30375350382661537,30.375350382661537
5886,0.2734803650542519,27.34803650542519
5887,0.3105679655922468,31.05679655922468
5888,0.28933425159981796,28.933425159981795
5889,0.26729553967996117,26.729553967996118
5890,0.3009022666499254,30.090226664992542
5891,0.27616133922372677,27.616133922372676
5892,0.3058357358234613,30.58357358234613
5893,0.28753956047140394,28.753956047140395
5894,0.3025403022546636,30.254030225466362
5895,0.282685414461389,28.2685414461389
5896,0.28338042789100953,28.338042789100953
5897,0.2784248892548032,27.842488925480318
5898,0.3007321221298442,30.07321221298442
5899,0.2829299651818181,28.292996518181813
5900,0.27895857258184226,27.895857258184225
5901,0.294460281408923,29.4460281408923
5902,0.2901780446868111,29.017804468681106
5903,0.28146598731307776,28.146598731307776
5904,0.29626457701746994,29.626457701746993
5905,0.2766852030917367,27.668520309173672
5906,0.27136711003921,27.136711003921
5907,0.27151894364898416,27.151894364898414
5908,0.28472713352281703,28.472713352281705
5909,0.26619711123007994,26.619711123007995
5910,0.27167864316714396,27.167864316714397
5911,0.2773796936364023,27.73796936364023
5912,0.28281639636116185,28.281639636116186
5913,0.2929005503176031,29.29005503176031
5914,0.31340106826145936,31.340106826145934
5915,0.27520139668989746,27.520139668989746
5916,0.30673061312310107,30.673061312310107
5917,0.30614669031540176,30.614669031540174
5918,0.26468793027532583,26.468793027532584
5919,0.26361904459346946,26.361904459346945
5920,0.2772653675952166,27.726536759521657
5921,0.27876551679607703,27.876551679607704
5922,0.2915954074340983,29.159540743409828
5923,0.2882340089854629,28.823400898546293
5924,0.2771202096282146,27.71202096282146
5925,0.2717055863065703,27.170558630657034
5926,0.2911595169612401,29.11595169612401
5927,0.3021070544740913,30.21070544740913
5928,0.2858446487431461,28.58446487431461
5929,0.29602292473145114,29.602292473145113
5930,0.27729367129346655,27.729367129346656
5931,0.3117162850293824,31.17162850293824
5932,0.2971335059155201,29.71335059155201
5933,0.3053142938870064,30.531429388700644
5934,0.3011890739881397,30.11890739881397
5935,0.28134104248471564,28.134104248471566
5936,0.2794222114196833,27.942221141968332
5937,0.2946545735269901,29.46545735269901
5938,0.30170027967175916,30.170027967175916
5939,0.29245482432154296,29.245482432154297
5940,0.31438426317965873,31.438426317965874
5941,0.2783619944634217,27.83619944634217
5942,0.2914341229539454,29.143412295394537
5943,0.28446027833792903,28.446027833792904
5944,0.27347517178847736,27.347517178847735
5945,0.3007190087459474,30.071900874594743
5946,0.2755514936641505,27.555149366415048
5947,0.3055988760049169,30.55988760049169
5948,0.2724618117668427,27.24618117668427
5949,0.2856719049315244,28.567190493152438
5950,0.28314930027027585,28.314930027027586
5951,0.2971049945307003,29.710499453070028
5952,0.29013562267499354,29.013562267499353
5953,0.31747257753703606,31.747257753703607
5954,0.2841142221447824,28.41142221447824
5955,0.30053322256387566,30.053322256387567
5956,0.28633045230112625,28.633045230112625
5957,0.28241761767212803,28.241761767212804
5958,0.2842643103209557,28.42643103209557
5959,0.28453839808316356,28.453839808316356
5960,0.2835638894109799,28.356388941097986
5961,0.29183429088435536,29.183429088435535
5962,0.2938369519860352,29.383695198603522
5963,0.29581114626280774,29.581114626280776
5964,0.3064009581318187,30.640095813181873
5965,0.2699746218953607,26.99746218953607
5966,0.3043297371287586,30.43297371287586
5967,0.28104260522025754,28.104260522025754
5968,0.27980068290810556,27.980068290810557
5969,0.28344801337163217,28.34480133716322
5970,0.2670992512715897,26.709925127158968
5971,0.27360329234888014,27.360329234888013
5972,0.2750683309154214,27.506833091542138
5973,0.26360975684974813,26.360975684974814
5974,0.28041597617262,28.041597617262
5975,0.2772298933263042,27.72298933263042
5976,0.2806180977025974,28.06180977025974
5977,0.2808563882039218,28.085638820392177
5978,0.2725369777795458,27.253697777954578
5979,0.29090632188045884,29.090632188045884
5980,0.26916784647030073,26.916784647030074
5981,0.2949741824315861,29.497418243158606
5982,0.27727275422979547,27.727275422979545
5983,0.28721094098443156,28.721094098443157
5984,0.28020296823352847,28.020296823352847
5985,0.2796304432068625,27.963044320686247
5986,0.2969400794528129,29.694007945281292
5987,0.28707959193525456,28.707959193525458
5988,0.2990738083698542,29.90738083698542
5989,0.2848028129068168,28.48028129068168
5990,0.31353670514845733,31.35367051484573
5991,0.28706221577074215,28.706221577074214
5992,0.29101420979617976,29.101420979617977
5993,0.3173788475618291,31.73788475618291
5994,0.28004159169402687,28.004159169402687
5995,0.27149911572217944,27.149911572217945
5996,0.29754358034260187,29.754358034260186
5997,0.2890569089210509,28.905690892105092
5998,0.2909585401310025,29.095854013100247
5999,0.2861533461814226,28.615334618142256
6000,0.29568875990283855,29.568875990283853
6001,0.2689010979915134,26.89010979915134
6002,0.3019264919091568,30.19264919091568
6003,0.26901634443980554,26.901634443980555
6004,0.3067240213247175,30.67240213247175
6005,0.2680594883753264,26.80594883753264
6006,0.3006433373687105,30.064333736871053
6007,0.28892310199021803,28.892310199021804
6008,0.2643292867137082,26.43292867137082
6009,0.28734750721164914,28.734750721164914
6010,0.2652544597319045,26.525445973190447
6011,0.2943746973513668,29.43746973513668
6012,0.2861531374323365,28.61531374323365
6013,0.30137168477198356,30.137168477198355
6014,0.2903001000737955,29.03001000737955
6015,0.3022554189945056,30.22554189945056
6016,0.2713502023246272,27.13502023246272
6017,0.280542287700231,28.054228770023098
6018,0.2845596467261136,28.455964672611362
6019,0.3050988120020864,30.50988120020864
6020,0.27506652966755796,27.506652966755794
6021,0.287951574007634,28.7951574007634
6022,0.294451170512291,29.445117051229104
6023,0.3028220329736486,30.282203297364862
6024,0.28534128678437615,28.534128678437614
6025,0.2787254418259827,27.87254418259827
6026,0.29967026653175105,29.967026653175104
6027,0.2488562371450587,24.88562371450587
6028,0.270960007394364,27.0960007394364
6029,0.30118534352912624,30.118534352912622
6030,0.3065362507954088,30.65362507954088
6031,0.2887058363778556,28.870583637785558
6032,0.28977078971343584,28.977078971343584
6033,0.2966603323629118,29.666033236291177
6034,0.26867893200071696,26.867893200071695
6035,0.27834673393944337,27.834673393944335
6036,0.2998352198315982,29.98352198315982
6037,0.2854883989340649,28.54883989340649
6038,0.2980529847783579,29.80529847783579
6039,0.2830858401789928,28.30858401789928
6040,0.2843238151657157,28.43238151657157
6041,0.27532365882334503,27.532365882334503
6042,0.29479461050913236,29.479461050913237
6043,0.264519823401225,26.4519823401225
6044,0.2785205271839742,27.85205271839742
6045,0.29334205260496155,29.334205260496155
6046,0.3028383364025254,30.28383364025254
6047,0.281879516362275,28.1879516362275
6048,0.2912657221162313,29.12657221162313
6049,0.2621201717699861,26.212017176998607
6050,0.2809027431683095,28.09027431683095
6051,0.263099735484157,26.309973548415698
6052,0.2775038818505291,27.75038818505291
6053,0.2680739321277476,26.80739321277476
6054,0.2759885395978425,27.598853959784247
6055,0.26343895290787406,26.343895290787405
6056,0.25969659498453024,25.969659498453023
6057,0.28889068669494233,28.889068669494232
6058,0.3058647111433734,30.58647111433734
6059,0.2827405161491703,28.274051614917028
6060,0.27614290296770777,27.614290296770776
6061,0.2888037138402696,28.880371384026958
6062,0.2819136514276519,28.19136514276519
6063,0.30687506754941213,30.687506754941214
6064,0.25578426833764056,25.578426833764055
6065,0.29472639483116003,29.472639483116005
6066,0.26407159504601996,26.407159504601996
6067,0.26196262726250485,26.196262726250485
6068,0.3186802525352047,31.86802525352047
6069,0.2649066868134588,26.49066868134588
6070,0.29170315058426427,29.17031505842643
6071,0.29707885384989174,29.707885384989176
6072,0.2662107888546077,26.62107888546077
6073,0.28204479172774294,28.204479172774295
6074,0.2826594618787747,28.26594618787747
6075,0.29241669979737034,29.241669979737033
6076,0.3074455617919211,30.744556179192113
6077,0.2982107677294966,29.821076772949663
6078,0.2752816673119786,27.52816673119786
6079,0.2592499327896723,25.92499327896723
6080,0.2802768001409421,28.02768001409421
6081,0.2934646307998899,29.34646307998899
6082,0.29824342254470254,29.824342254470253
6083,0.27442195646092066,27.442195646092067
6084,0.29368654021159674,29.368654021159674
6085,0.28104186406390075,28.104186406390074
6086,0.2880376138709908,28.80376138709908
6087,0.29095640730386013,29.095640730386013
6088,0.2880641409085739,28.80641409085739
6089,0.27547869687670684,27.547869687670683
6090,0.30740387315153195,30.740387315153196
6091,0.2765447085750641,27.654470857506407
6092,0.2804876205610642,28.04876205610642
6093,0.2711276771055208,27.11276771055208
6094,0.2890873060762986,28.908730607629863
6095,0.2965215275288014,29.65215275288014
6096,0.29570814667059464,29.570814667059466
6097,0.2781964288711055,27.81964288711055
6098,0.2773482142061117,27.734821420611173
6099,0.28893130745889645,28.893130745889646
6100,0.28270297880976414,28.270297880976415
6101,0.2855552521656947,28.55552521656947
6102,0.27501897774101286,27.501897774101288
6103,0.3183592626184206,31.83592626184206
6104,0.26226078563688826,26.226078563688827
6105,0.2818080882597011,28.18080882597011
6106,0.271417456832265,27.1417456832265
6107,0.3154949114515398,31.54949114515398
6108,0.2798404751194695,27.98404751194695
6109,0.2675410452551864,26.754104525518642
6110,0.27643061634016974,27.643061634016973
6111,0.27527656270260054,27.527656270260053
6112,0.29735393947499483,29.73539394749948
6113,0.2809488933717657,28.09488933717657
6114,0.3000207132119982,30.002071321199818
6115,0.26558613797055947,26.558613797055948
6116,0.297582021372515,29.758202137251498
6117,0.2632758390778502,26.32758390778502
6118,0.2825837214111029,28.25837214111029
6119,0.2979983878488163,29.799838784881633
6120,0.29340195809368624,29.340195809368623
6121,0.2828859205665927,28.28859205665927
6122,0.29347200998335304,29.347200998335303
6123,0.29350647070953756,29.350647070953755
6124,0.284681291929726,28.4681291929726
6125,0.2858243650105408,28.582436501054083
6126,0.27725030056727823,27.725030056727825
6127,0.30785130147428325,30.785130147428326
6128,0.2636904652279256,26.369046522792562
6129,0.30778864308101883,30.778864308101884
6130,0.2694835049019054,26.948350490190542
6131,0.28792758107320127,28.792758107320125
6132,0.272031950580467,27.2031950580467
6133,0.29500178220480483,29.500178220480482
6134,0.30911200541404676,30.911200541404675
6135,0.25867277930237664,25.867277930237663
6136,0.29314133427070854,29.314133427070853
6137,0.27695655486353155,27.695655486353154
6138,0.29532629009475136,29.532629009475137
6139,0.27944624053053546,27.944624053053545
6140,0.29519157773596494,29.519157773596493
6141,0.30198578334171555,30.198578334171554
6142,0.27875854626334157,27.875854626334156
6143,0.2814149264064028,28.14149264064028
6144,0.2942939740539559,29.42939740539559
6145,0.28354287716614685,28.354287716614685
6146,0.2868561612881946,28.685616128819458
6147,0.30340717492704156,30.340717492704155
6148,0.28388000364838517,28.38800036483852
6149,0.2887140492976497,28.87140492976497
6150,0.268133066023084,26.8133066023084
6151,0.2748819647010273,27.488196470102732
6152,0.3020617978231701,30.20617978231701
6153,0.30334769521585286,30.334769521585287
6154,0.2926945755840879,29.26945755840879
6155,0.28162526118998704,28.162526118998706
6156,0.2984683526910843,29.84683526910843
6157,0.291929371434719,29.192937143471898
6158,0.28344298536372414,28.344298536372413
6159,0.27479537811746063,27.479537811746063
6160,0.27185125209364647,27.185125209364646
6161,0.2904946919377812,29.049469193778123
6162,0.2914941526691917,29.14941526691917
6163,0.29569963945337446,29.569963945337445
6164,0.2768644259144904,27.68644259144904
6165,0.260488826454772,26.0488826454772
6166,0.2962694897918889,29.62694897918889
6167,0.2693508579238584,26.935085792385838
6168,0.26375018489356056,26.375018489356055
6169,0.29816705896354806,29.816705896354804
6170,0.28212357602786414,28.212357602786415
6171,0.2709789412299886,27.097894122998863
6172,0.28783526028920087,28.783526028920086
6173,0.2966185146368004,29.66185146368004
6174,0.2817265440569012,28.172654405690118
6175,0.2923916016876476,29.239160168764762
6176,0.27914248990761314,27.914248990761315
6177,0.2824533629187379,28.24533629187379
6178,0.27581880465483904,27.581880465483906
6179,0.27190861083509177,27.190861083509176
6180,0.27875034079466315,27.875034079466314
6181,0.27579993011344045,27.579993011344044
6182,0.2979247646904888,29.79247646904888
6183,0.2825681591385829,28.25681591385829
6184,0.28856108798793134,28.856108798793134
6185,0.273097014358913,27.3097014358913
6186,0.2767759546829314,27.67759546829314
6187,0.2746690964205869,27.46690964205869
6188,0.28943208078472354,28.943208078472356
6189,0.29213137591680893,29.213137591680894
6190,0.30063777695353183,30.063777695353185
6191,0.26730380737725096,26.730380737725095
6192,0.2823826137439094,28.238261374390937
6193,0.27699771656214484,27.699771656214484
6194,0.2876197884565842,28.76197884565842
6195,0.285988994737872,28.5988994737872
6196,0.2864291640555185,28.642916405551848
6197,0.29993377752873157,29.993377752873158
6198,0.2892943409013204,28.929434090132037
6199,0.2955890198902999,29.55890198902999
6200,0.3036477524748018,30.364775247480182
6201,0.2867899493516424,28.678994935164244
6202,0.2576289753547614,25.762897535476142
6203,0.2807246189190694,28.07246189190694
6204,0.27932657409680645,27.932657409680644
6205,0.287457886507951,28.745788650795102
6206,0.29121400718468116,29.121400718468117
6207,0.2989137778787097,29.891377787870972
6208,0.27763592757857375,27.763592757857374
6209,0.29127056796487283,29.12705679648728
6210,0.29290494019840946,29.290494019840946
6211,0.27051751436202814,27.051751436202814
6212,0.2951496228667214,29.51496228667214
6213,0.2793709591986748,27.937095919867478
6214,0.26597513420993557,26.597513420993558
6215,0.2916039910308344,29.16039910308344
6216,0.27950339052289475,27.950339052289475
6217,0.28569314671265095,28.569314671265094
6218,0.298361528603635,29.8361528603635
6219,0.27871032989376854,27.871032989376854
6220,0.2851300161358069,28.51300161358069
6221,0.28731799948446635,28.731799948446636
6222,0.2777342608467883,27.77342608467883
6223,0.30005443217553185,30.005443217553186
6224,0.2852359450096404,28.523594500964037
6225,0.27463560838967555,27.463560838967556
6226,0.2976682243625292,29.76682243625292
6227,0.2744096815028341,27.440968150283414
6228,0.27937152171057594,27.937152171057594
6229,0.29771152294510583,29.771152294510582
6230,0.2936451782912859,29.364517829128587
6231,0.2907518511981988,29.075185119819878
6232,0.30063795447555186,30.063795447555187
6233,0.28985394698023653,28.985394698023654
6234,0.3043655895257288,30.436558952572877
6235,0.26210760658505133,26.210760658505134
6236,0.2934507086511988,29.345070865119883
6237,0.29119223886425805,29.119223886425804
6238,0.2988899335360411,29.88899335360411
6239,0.28435645246050056,28.435645246050058
6240,0.30015512269980743,30.015512269980743
6241,0.2885387576762326,28.85387576762326
6242,0.28550815665124446,28.550815665124446
6243,0.31068513578619433,31.068513578619434
6244,0.30094375279675795,30.094375279675795
6245,0.2952595320442835,29.52595320442835
6246,0.2634550349435357,26.345503494353572
6247,0.30230112344446447,30.230112344446447
6248,0.30701516340765134,30.701516340765135
6249,0.2887440303510541,28.874403035105413
6250,0.2681734923508913,26.81734923508913
6251,0.28463497701041346,28.463497701041344
6252,0.29515175569386376,29.515175569386376
6253,0.27520139668989746,27.520139668989746
6254,0.304678956409817,30.467895640981702
6255,0.2962149071752864,29.621490717528644
6256,0.28110732562474494,28.110732562474496
6257,0.30280603068701945,30.280603068701943
6258,0.2706225372016139,27.06225372016139
6259,0.2768666829681544,27.68666829681544
6260,0.2699210185844656,26.99210185844656
6261,0.274962882434585,27.4962882434585
6262,0.2886141325236903,28.86141325236903
6263,0.3016852583338984,30.168525833389843
6264,0.2807315278981241,28.07315278981241
6265,0.26853824319354497,26.853824319354498
6266,0.26771089868532355,26.771089868532354
6267,0.28224118684221505,28.224118684221505
6268,0.2622161539225651,26.22161539225651
6269,0.29055300780139764,29.055300780139763
6270,0.29123205716959416,29.123205716959415
6271,0.27988076430414466,27.988076430414466
6272,0.28120797671023956,28.120797671023958
6273,0.2836676301595497,28.36676301595497
6274,0.29118244262553195,29.118244262553194
6275,0.2818362283612849,28.183622836128492
6276,0.29410100339704925,29.410100339704925
6277,0.27371866302369396,27.371866302369398
6278,0.2818810147391612,28.18810147391612
6279,0.2580084908705176,25.80084908705176
6280,0.2866633675470137,28.666336754701373
6281,0.26254767749766694,26.254767749766692
6282,0.3132657629537402,31.32657629537402
6283,0.307194526581019,30.719452658101897
6284,0.26306517271498703,26.306517271498702
6285,0.2970427776302972,29.70427776302972
6286,0.2947614540574999,29.476145405749993
6287,0.2822894672809879,28.22894672809879
6288,0.29114321353236344,29.114321353236345
6289,0.2816844249160608,28.168442491606083
6290,0.2777469629023738,27.774696290237376
6291,0.2668421238445323,26.684212384453232
6292,0.30845462544834645,30.845462544834646
6293,0.28773580677215777,28.773580677215776
6294,0.2875309053805725,28.75309053805725
6295,0.2852540959151033,28.525409591510332
6296,0.28702289200930786,28.702289200930785
6297,0.2950134115247546,29.501341152475458
6298,0.28434089018798064,28.434089018798065
6299,0.3026238300865476,30.26238300865476
6300,0.28922261199031185,28.922261199031183
6301,0.27355295995443296,27.355295995443296
6302,0.2898528742446009,28.985287424460086
6303,0.26747613986056135,26.747613986056134
6304,0.2820678240981354,28.206782409813542
6305,0.2943893655327066,29.43893655327066
6306,0.2870226677424237,28.702266774242368
6307,0.3012559278260637,30.12559278260637
6308,0.3047775661212238,30.47775661212238
6309,0.2879253409336641,28.792534093366413
6310,0.29596471091082005,29.596471091082005
6311,0.2945010088789778,29.45010088789778
6312,0.3134256867387842,31.342568673878418
6313,0.273011487866853,27.301148786685296
6314,0.2798644680539022,27.98644680539022
6315,0.3018736873201146,30.18736873201146
6316,0.2688933537941303,26.889335379413033
6317,0.28411430666734677,28.411430666734677
6318,0.26400878198920236,26.400878198920235
6319,0.2896410410841304,28.964104108413043
6320,0.2712675498160663,27.12675498160663
6321,0.2905818985987454,29.05818985987454
6322,0.2842498064112127,28.424980641121273
6323,0.29731352806642103,29.731352806642104
6324,0.27364926104216186,27.364926104216185
6325,0.2835152773929281,28.35152773929281
6326,0.3100916240925262,31.00916240925262
6327,0.2998600853656377,29.98600853656377
6328,0.27771730690348273,27.771730690348274
6329,0.28112514555722307,28.112514555722306
6330,0.3059892303304849,30.598923033048493
6331,0.3003700912134307,30.037009121343072
6332,0.26447429586699195,26.447429586699194
6333,0.2647140190275294,26.471401902752937
6334,0.2748693071229311,27.486930712293113
6335,0.30491170463133566,30.491170463133564
6336,0.27428298744088214,27.428298744088213
6337,0.28415288699732,28.415288699732
6338,0.2903781418212312,29.037814182123117
6339,0.29754701744429635,29.754701744429635
6340,0.2821173415441407,28.21173415441407
6341,0.27843831296079286,27.843831296079287
6342,0.25688661334210655,25.688661334210654
6343,0.3383682535474842,33.83682535474842
6344,0.28727242572151057,28.727242572151056
6345,0.27229381159884253,27.22938115988425
6346,0.32726314898502457,32.72631489850246
6347,0.2818347299843987,28.183472998439868
6348,0.3121804472814616,31.21804472814616
6349,0.2856149807386936,28.561498073869362
6350,0.29070747787736356,29.070747787736355
6351,0.3044239600811723,30.44239600811723
6352,0.3007714579291133,30.07714579291133
6353,0.28137256196008154,28.137256196008153
6354,0.3143382723885094,31.43382723885094
6355,0.2997044022034222,29.97044022034222
6356,0.31711124321382145,31.711124321382144
6357,0.2964157994829597,29.64157994829597
6358,0.3031250735311144,30.31250735311144
6359,0.2949102031834554,29.49102031834554
6360,0.2802640358567453,28.02640358567453
6361,0.27755473279552967,27.755473279552966
6362,0.297548617864168,29.754861786416797
6363,0.26783478342217903,26.783478342217904
6364,0.284984032019875,28.4984032019875
6365,0.2870723994030098,28.707239940300983
6366,0.27021433311283044,27.021433311283044
6367,0.2925388678945953,29.253886789459532
6368,0.28672260141407624,28.672260141407623
6369,0.27483106563653975,27.483106563653976
6370,0.2744127084211566,27.44127084211566
6371,0.263099735484157,26.309973548415698
6372,0.2891545605839364,28.91545605839364
6373,0.25940711388451443,25.940711388451444
6374,0.28508523036422473,28.508523036422474
6375,0.3003634611930872,30.03634611930872
6376,0.2810674850672361,28.106748506723612
6377,0.29500178220480483,29.500178220480482
6378,0.2772436560796905,27.724365607969048
6379,0.283934130459187,28.3934130459187
6380,0.28346068046338646,28.346068046338647
6381,0.2933097440157865,29.33097440157865
6382,0.2982029709115459,29.82029709115459
6383,0.2712625556495538,27.126255564955382
6384,0.30971329234842365,30.971329234842365
6385,0.2888315229688685,28.88315229688685
6386,0.2891791166365645,28.917911663656447
6387,0.27284665078676446,27.284665078676447
6388,0.28614835374363984,28.614835374363984
6389,0.29611370943723087,29.611370943723088
6390,0.2720981449965981,27.209814499659814
6391,0.2614573275190335,26.14573275190335
6392,0.2867118843839036,28.67118843839036
6393,0.27490291938036415,27.490291938036414
6394,0.2811921109604482,28.119211096044822
6395,0.2979672940147011,29.796729401470113
6396,0.295575150430813,29.5575150430813
6397,0.2767414466055885,27.674144660558852
6398,0.3048524556907346,30.48524556907346
6399,0.31689089426257977,31.689089426257976
6400,0.2985290329207595,29.85290329207595
6401,0.2901104416857675,29.01104416857675
6402,0.3022412179557398,30.224121795573982
6403,0.27644481677264143,27.644481677264142
6404,0.2886099073587404,28.860990735874044
6405,0.2691306030088392,26.913060300883917
6406,0.28562144718812,28.562144718812
6407,0.28415866567524284,28.415866567524283
6408,0.28530066602042203,28.530066602042204
6409,0.31161233492543233,31.161233492543232
6410,0.28269807203948516,28.269807203948517
6411,0.29563879870595894,29.563879870595894
6412,0.2874374943405154,28.74374943405154
6413,0.2840362793152737,28.40362793152737
6414,0.2709418740093221,27.094187400932213
6415,0.30992062831569295,30.992062831569296
6416,0.29588749659353913,29.588749659353912
6417,0.29525829443075674,29.525829443075676
6418,0.3117107533225055,31.17107533225055
6419,0.28323097355879817,28.323097355879817
6420,0.29157600626773444,29.157600626773444
6421,0.30064790477153686,30.064790477153686
6422,0.28117470496519853,28.117470496519854
6423,0.26491791546369475,26.491791546369477
6424,0.2949587274714609,29.49587274714609
6425,0.2783112353052884,27.83112353052884
6426,0.2867490056214664,28.67490056214664
6427,0.3054607727088747,30.546077270887466
6428,0.29702910000576943,29.702910000576942
6429,0.28266501855718834,28.266501855718833
6430,0.2818106768926441,28.18106768926441
6431,0.30211628744031693,30.211628744031692
6432,0.28523520385328366,28.523520385328364
6433,0.27001826957763736,27.001826957763736
6434,0.28555205985333987,28.555205985333988
6435,0.29867966896208215,29.867966896208216
6436,0.2747697468997874,27.47697468997874
6437,0.26795597281999084,26.795597281999083
6438,0.2875783097778694,28.75783097778694
6439,0.2895291921192441,28.95291921192441
6440,0.2952154166131387,29.521541661313872
6441,0.2797883966132456,27.97883966132456
6442,0.2945657298897593,29.456572988975932
6443,0.2909552103417028,29.09552103417028
6444,0.2818571830406217,28.185718304062167
6445,0.2712184977839052,27.121849778390523
6446,0.3006185270564265,30.06185270564265
6447,0.30003851501776113,30.00385150177611
6448,0.25647861660608046,25.647861660608047
6449,0.2906448747822204,29.06448747822204
6450,0.315065658621448,31.506565862144797
6451,0.2960226776747365,29.60226776747365
6452,0.2976763521534647,29.767635215346473
6453,0.31796777806035725,31.796777806035724
6454,0.279350281680683,27.9350281680683
6455,0.2753483840067705,27.534838400677046
6456,0.2829699647459393,28.29699647459393
6457,0.2999524379829982,29.99524379829982
6458,0.2907623759491526,29.07623759491526
6459,0.28744142841552117,28.74414284155212
6460,0.2877237391668284,28.77237391668284
6461,0.29569379742440466,29.569379742440464
6462,0.3046918753575669,30.469187535756692
6463,0.2754550300560583,27.54550300560583
6464,0.28542850608946924,28.542850608946924
6465,0.2824340206284711,28.24340206284711
6466,0.29651288863394404,29.651288863394402
6467,0.2888943354193919,28.88943354193919
6468,0.28962847589919566,28.962847589919566
6469,0.3031963323233832,30.319633232338322
6470,0.28527403227673837,28.527403227673837
6471,0.31781113180219533,31.781113180219535
6472,0.2826271561632687,28.262715616326872
6473,0.2882293875657402,28.82293875657402
6474,0.29647152671363325,29.647152671363326
6475,0.29102326114178406,29.102326114178407
6476,0.300110900562562,30.0110900562562
6477,0.26762369141806525,26.762369141806523
6478,0.29392040321644913,29.392040321644913
6479,0.29482601079668475,29.482601079668473
6480,0.2915435207628336,29.154352076283356
6481,0.28771054065407314,28.771054065407313
6482,0.2878663541233161,28.786635412331613
6483,0.3140735865272392,31.40735865272392
6484,0.2954132033983964,29.54132033983964
6485,0.30643391436175355,30.643391436175353
6486,0.2835466501171181,28.35466501171181
6487,0.29250834963463923,29.250834963463923
6488,0.27203492236270277,27.20349223627028
6489,0.26827966767514516,26.827966767514518
6490,0.28883303825988166,28.883303825988165
6491,0.28949423068298324,28.949423068298323
6492,0.27943653668497076,27.943653668497078
6493,0.27786434418043116,27.786434418043115
6494,0.31090355181193535,31.090355181193534
6495,0.2847385264446497,28.47385264446497
6496,0.28967133619639274,28.967133619639274
6497,0.3073818833522252,30.73818833522252
6498,0.28038377716321466,28.038377716321467
6499,0.30239770237171437,30.239770237171438
6500,0.26751491314792925,26.751491314792926
6501,0.2942932328975992,29.429323289759918
6502,0.310081308176327,31.0081308176327
6503,0.27505333115480257,27.50533311548026
6504,0.28174345177148397,28.174345177148396
6505,0.2945067605998325,29.450676059983248
6506,0.2700831148149405,27.00831148149405
6507,0.2903015984506817,29.03015984506817
6508,0.292027094839874,29.202709483987398
6509,0.2867627359351983,28.67627359351983
6510,0.2854500650545121,28.54500650545121
6511,0.27974091489632574,27.974091489632574
6512,0.28752770094023,28.752770094023
6513,0.26680860398026074,26.680860398026073
6514,0.28084374569936404,28.084374569936404
6515,0.2842934084710607,28.429340847106072
6516,0.28650251077065386,28.650251077065388
6517,0.2769545065589536,27.69545065589536
6518,0.2871859938014969,28.71859938014969
6519,0.2698097062111792,26.980970621117923
6520,0.2757972330456671,27.579723304566713
6521,0.2811447540763441,28.11447540763441
6522,0.2939177205215346,29.39177205215346
6523,0.28941557000308954,28.941557000308954
6524,0.30715247931861406,30.715247931861406
6525,0.2999953354516014,29.99953354516014
6526,0.2756519221438417,27.565192214384172
6527,0.28463818257319146,28.463818257319147
6528,0.3051815214698493,30.518152146984928
6529,0.2699689164032288,26.99689164032288
6530,0.2808320636902102,28.08320636902102
6531,0.26706768671244047,26.706768671244046
6532,0.28094191469598184,28.094191469598183
6533,0.29443342339835515,29.443342339835514
6534,0.28087571137248674,28.087571137248673
6535,0.2634710366238708,26.347103662387077
6536,0.2736969096225042,27.36969096225042
6537,0.2957617079595407,29.57617079595407
6538,0.27800301932252514,27.800301932252513
6539,0.2805313468474338,28.05313468474338
6540,0.28144019252448743,28.144019252448743
6541,0.2684830712961384,26.84830712961384
6542,0.2785908175172985,27.859081751729846
6543,0.2810590633126874,28.105906331268738
6544,0.2760155889140863,27.60155889140863
6545,0.27745405795108663,27.745405795108663
6546,0.30351137443144705,30.351137443144705
6547,0.28971769116078055,28.971769116078054
6548,0.27385127299236955,27.385127299236956
6549,0.26963159262053654,26.963159262053654
6550,0.28084476574579553,28.084476574579554
6551,0.2935919730325299,29.359197303252987
6552,0.29806675471037847,29.806675471037845
6553,0.302843893080939,30.2843893080939
6554,0.2838712106962688,28.38712106962688
6555,0.27401595601519907,27.401595601519908
6556,0.31000135161310377,31.00013516131038
6557,0.2968148024388777,29.68148024388777
6558,0.27801133210359835,27.801133210359836
6559,0.29765511212357176,29.765511212357175
6560,0.2961672187119035,29.61672187119035
6561,0.2857433952627097,28.57433952627097
6562,0.28931419101166134,28.931419101166135
6563,0.2877373472566616,28.773734725666163
6564,0.2744302416786315,27.44302416786315
6565,0.25868623857849155,25.868623857849155
6566,0.29299396075136597,29.299396075136595
6567,0.28041019749469714,28.041019749469715
6568,0.3092892009326069,30.928920093260693
6569,0.284987578095045,28.4987578095045
6570,0.28167547829102557,28.167547829102556
6571,0.2697013261813476,26.970132618134762
6572,0.28801618831231496,28.801618831231497
6573,0.28835401406524647,28.835401406524646
6574,0.2761117246796646,27.611172467966462
6575,0.28706604141091757,28.706604141091756
6576,0.2881317359028546,28.813173590285462
6577,0.29025875367128273,29.025875367128272
6578,0.28506983236330163,28.506983236330164
6579,0.26144854759538627,26.144854759538628
6580,0.2830412631564967,28.30412631564967
6581,0.2771325356270319,27.713253562703187
6582,0.3174888809659128,31.748888096591283
6583,0.2909000234393943,29.09000234393943
6584,0.282676770707331,28.2676770707331
6585,0.27332556339900704,27.332556339900705
6586,0.30938866162828427,30.938866162828425
6587,0.28602629835665544,28.602629835665542
6588,0.2862676567647297,28.62676567647297
6589,0.2893986447680857,28.93986447680857
6590,0.2813537143757511,28.135371437575106
6591,0.2985600565452496,29.85600565452496
6592,0.29775530679697165,29.775530679697166
6593,0.28553780412274693,28.553780412274694
6594,0.27401490485680535,27.401490485680537
6595,0.30650325618596375,30.650325618596376
6596,0.2881445452708348,28.814454527083477
6597,0.28289894155732803,28.289894155732803
6598,0.29133320349967035,29.133320349967036
6599,0.2901293481461949,29.01293481461949
6600,0.3006751729654767,30.06751729654767
6601,0.30455806842673405,30.455806842673404
6602,0.2688259319788104,26.88259319788104
6603,0.2896668396094857,28.96668396094857
6604,0.28853579856387496,28.853579856387494
6605,0.31317601328226174,31.317601328226175
6606,0.2748842042342703,27.48842042342703
6607,0.28397998957269893,28.397998957269895
6608,0.3130382590859195,31.303825908591946
6609,0.3143220756657334,31.43220756657334
6610,0.2778514454135945,27.78514454135945
6611,0.2689402028581603,26.89402028581603
6612,0.2895370909801803,28.95370909801803
6613,0.28522693554969963,28.522693554969962
6614,0.28449536400071157,28.449536400071157
6615,0.29663545251593326,29.663545251593327
6616,0.28649569895829247,28.649569895829245
6617,0.26366550626395785,26.366550626395785
6618,0.26128744376231183,26.128744376231182
6619,0.29872371130993264,29.872371130993265
6620,0.27994761814206864,27.994761814206864
6621,0.2877572292003628,28.77572292003628
6622,0.28002760001064125,28.002760001064125
6623,0.28977364932407623,28.977364932407625
6624,0.27651581777771644,27.651581777771643
6625,0.2669569302787152,26.69569302787152
6626,0.2917104061475,29.171040614749998
6627,0.27799746264411146,27.799746264411144
6628,0.2767025084403297,27.670250844032967
6629,0.2676184536748016,26.76184536748016
6630,0.27832543573776003,27.832543573776004
6631,0.2782272516676038,27.82272516676038
6632,0.2838954406351127,28.38954406351127
6633,0.27546014844909245,27.546014844909244
6634,0.25066403227999684,25.066403227999682
6635,0.2959161564582645,29.59161564582645
6636,0.2891083014070048,28.910830140700476
6637,0.2785136032000175,27.85136032000175
6638,0.29193089379250764,29.193089379250765
6639,0.27569299444359857,27.569299444359856
6640,0.2798253686527501,27.98253686527501
6641,0.2716196881901562,27.16196881901562
6642,0.296232271301964,29.6232271301964
6643,0.263772661930686,26.3772661930686
6644,0.2958193988865591,29.58193988865591
6645,0.27824620768676456,27.824620768676457
6646,0.28187442233448345,28.187442233448344
6647,0.2737510783189696,27.375107831896962
6648,0.26687241895679464,26.687241895679463
6649,0.29526751263978357,29.52675126397836
6650,0.2981695924604042,29.81695924604042
6651,0.30758414175285315,30.758414175285314
6652,0.27391981964332657,27.391981964332658
6653,0.2945187039786401,29.45187039786401
6654,0.31434426735230264,31.434426735230264
6655,0.28206362491671083,28.206362491671083
6656,0.3014269161517813,30.14269161517813
6657,0.29501769936257555,29.501769936257556
6658,0.29528739258086173,29.528739258086173
6659,0.29598027318334,29.598027318334
6660,0.3037330049530791,30.37330049530791
6661,0.28325791669822453,28.325791669822454
6662,0.3215986452983602,32.15986452983602
6663,0.29795501418032244,29.795501418032245
6664,0.30008554092888046,30.008554092888044
6665,0.28554537514116923,28.554537514116923
6666,0.2926485521989791,29.26485521989791
6667,0.2896181154198386,28.961811541983863
6668,0.28598658362694906,28.598658362694906
6669,0.2660944823148088,26.609448231480883
6670,0.27866436407415596,27.866436407415595
6671,0.27543148858436695,27.543148858436695
6672,0.2866251735738152,28.662517357381518
6673,0.29199622527264296,29.199622527264296
6674,0.2686267839597985,26.86267839597985
6675,0.28530611972950004,28.530611972950005
6676,0.30569230211851245,30.569230211851245
6677,0.28870223014536367,28.870223014536368
6678,0.29803062335469704,29.803062335469704
6679,0.3218436950677849,32.18436950677849
6680,0.2984007576968036,29.840075769680357
6681,0.2787348241445718,27.87348241445718
6682,0.29693847842664706,29.693847842664706
6683,0.2688766492512801,26.887664925128007
6684,0.2577765269122653,25.777652691226532
6685,0.2610726250359497,26.10726250359497
6686,0.2564049934477528,25.64049934477528
6687,0.2830965742853268,28.30965742853268
6688,0.2637922825047334,26.37922825047334
6689,0.27234250813945865,27.234250813945867
6690,0.28180964863449764,28.180964863449766
6691,0.27754086394233696,27.754086394233696
6692,0.2930346888277149,29.30346888277149
6693,0.2738517112777491,27.38517112777491
6694,0.2875103356911169,28.75103356911169
6695,0.28681479936788373,28.681479936788374
6696,0.2787825912120478,27.878259121204778
6697,0.29111035822297854,29.111035822297854
6698,0.3005155274642133,30.05155274642133
6699,0.2666350890195105,26.66350890195105
6700,0.26802218475654294,26.802218475654293
6701,0.29869880936508636,29.869880936508636
6702,0.3046549033180624,30.46549033180624
6703,0.2966348478964144,29.66348478964144
6704,0.28104198829042243,28.104198829042243
6705,0.29353747215049136,29.353747215049136
6706,0.2778340453368162,27.783404533681622
6707,0.2993867889828365,29.938678898283648
6708,0.276657284383368,27.6657284383368
6709,0.2984097514769117,29.840975147691168
6710,0.2810741697794067,28.10741697794067
6711,0.28071788997755365,28.071788997755366
6712,0.27060046974156626,27.060046974156627
6713,0.31624511178346887,31.624511178346886
6714,0.2994684063714274,29.946840637142742
6715,0.295982512716583,29.5982512716583
6716,0.28080301822930936,28.080301822930938
6717,0.26195240365379846,26.195240365379846
6718,0.2785094381923895,27.85094381923895
6719,0.3072453410372736,30.724534103727358
6720,0.2912430904155528,29.12430904155528
6721,0.2811626818373585,28.116268183735848
6722,0.25949466103212143,25.949466103212142
6723,0.29375986049894715,29.375986049894713
6724,0.2860676554177657,28.606765541776568
6725,0.27986763660730873,27.986763660730873
6726,0.26346051187291697,26.346051187291696
6727,0.2695368505112754,26.95368505112754
6728,0.2942912787149124,29.42912787149124
6729,0.285605393331477,28.560539333147698
6730,0.27322963638251474,27.322963638251473
6731,0.2638629519305295,26.38629519305295
6732,0.291544911827325,29.1544911827325
6733,0.28975478742680655,28.975478742680654
6734,0.2830144897541618,28.301448975416182
6735,0.2823606685077605,28.236066850776048
6736,0.2675757000837051,26.757570008370514
6737,0.28654184656992293,28.654184656992292
6738,0.2922353260207591,29.223532602075906
6739,0.27946822346801875,27.946822346801873
6740,0.2816959549810256,28.169595498102563
6741,0.2965938350758035,29.65938350758035
6742,0.2833177952298811,28.33177952298811
6743,0.2817324024838564,28.17324024838564
6744,0.2957224572891301,29.57224572891301
6745,0.2930620121577414,29.30620121577414
6746,0.27616133922372677,27.616133922372676
6747,0.2955276687138932,29.55276687138932
6748,0.30335957098622296,30.335957098622295
6749,0.2895349581530379,28.953495815303793
6750,0.2788219451380321,27.88219451380321
6751,0.28399344884881383,28.399344884881383
6752,0.28073302627501034,28.073302627501036
6753,0.2733009922728405,27.330099227284048
6754,0.275682548835383,27.5682548835383
6755,0.29765235921903205,29.765235921903205
6756,0.29157011801004185,29.157011801004185
6757,0.28396571832430795,28.396571832430794
6758,0.27449796089943396,27.449796089943394
6759,0.2844497260236128,28.44497260236128
6760,0.26758712065456874,26.758712065456873
6761,0.2712369644769557,27.123696447695572
6762,0.2800411358882263,28.004113588822634
6763,0.27313600705396446,27.313600705396446
6764,0.2864086740893462,28.64086740893462
6765,0.2922448211172377,29.22448211172377
6766,0.29851303063413026,29.851303063413027
6767,0.29269474289177005,29.269474289177005
6768,0.27398701658546815,27.398701658546816
6769,0.27791357139958833,27.791357139958833
6770,0.28140833400172505,28.140833400172504
6771,0.28889649043007054,28.889649043007054
6772,0.27758245740156423,27.758245740156422
6773,0.2909144828716481,29.091448287164813
6774,0.2957906323157331,29.57906323157331
6775,0.29480847996861925,29.480847996861925
6776,0.2712729880073462,27.12729880073462
6777,0.3085336177075191,30.85336177075191
6778,0.28162665286077265,28.162665286077264
6779,0.266682185140255,26.668218514025497
6780,0.3049702307766824,30.49702307766824
6781,0.2889104444121218,28.891044441212184
6782,0.29385997004348846,29.385997004348845
6783,0.27271786818699406,27.271786818699407
6784,0.2969974132227215,29.69974132227215
6785,0.24294579349658907,24.294579349658907
6786,0.27219198167790576,27.219198167790577
6787,0.27682178988417755,27.682178988417753
6788,0.26481757219853064,26.481757219853066
6789,0.28865125436754735,28.865125436754735
6790,0.28549153428721774,28.549153428721773
6791,0.27713073437916846,27.713073437916847
6792,0.2827348743418981,28.27348743418981
6793,0.2704492986840558,27.044929868405582
6794,0.2787192320413145,27.87192320413145
6795,0.3066697183587891,30.666971835878908
6796,0.28831076749694334,28.831076749694333
6797,0.30246940189624527,30.246940189624528
6798,0.2850702306036059,28.50702306036059
6799,0.28370246937191185,28.370246937191183
6800,0.28655359872006564,28.655359872006564
6801,0.29388237108543797,29.388237108543798
6802,0.28118626519471335,28.118626519471334
6803,0.2962603262746892,29.626032627468916
6804,0.2898533125299804,28.98533125299804
6805,0.2801650206250817,28.01650206250817
6806,0.2974117121365772,29.74117121365772
6807,0.2814855903667041,28.148559036670413
6808,0.28026992411443785,28.026992411443786
6809,0.2769603704514037,27.696037045140372
6810,0.2871870665371326,28.718706653713262
6811,0.28300525602733695,28.300525602733696
6812,0.27024234898789257,27.024234898789256
6813,0.27761389712789764,27.761389712789764
6814,0.2993950416065878,29.93950416065878
6815,0.268457935929341,26.845793592934097
6816,0.27325829624724024,27.325829624724022
6817,0.30474605730445553,30.474605730445553
6818,0.3155467981228045,31.55467981228045
6819,0.2766097324568229,27.660973245682293
6820,0.3101051944046591,31.010519440465913
6821,0.31069205916385684,31.069205916385684
6822,0.3048748177206897,30.487481772068968
6823,0.2596167075117419,25.961670751174186
6824,0.2830470117555381,28.30470117555381
6825,0.2652462320796898,26.52462320796898
6826,0.27145988602271676,27.145988602271675
6827,0.2809412282314522,28.094122823145216
6828,0.27809247876715537,27.80924787671554
6829,0.30551577142732045,30.551577142732043
6830,0.2884548808303173,28.84548808303173
6831,0.2611023596389337,26.11023596389337
6832,0.26862528558291227,26.862528558291228
6833,0.3127952847401754,31.279528474017543
6834,0.2680553412081754,26.80553412081754
6835,0.26522310452813547,26.522310452813546
6836,0.2982257274450402,29.822572744504022
6837,0.2792286364770705,27.922863647707054
6838,0.28331381492615254,28.331381492615254
6839,0.28866660728468707,28.86666072846871
6840,0.2719920620655057,27.19920620655057
6841,0.28719880316947716,28.719880316947716
6842,0.28924799659553013,28.924799659553013
6843,0.3157458669990781,31.574586699907808
6844,0.2932310617586507,29.32310617586507
6845,0.2730267329329526,27.30267329329526
6846,0.27834120162627224,27.834120162627222
6847,0.3091776642924363,30.91776642924363
6848,0.27317256299162557,27.31725629916256
6849,0.28090948675657723,28.090948675657724
6850,0.2656995831709882,26.56995831709882
6851,0.2860272043909031,28.602720439090312
6852,0.2838578119618158,28.385781196181583
6853,0.29275923436625817,29.275923436625817
6854,0.26936465768661616,26.936465768661616
6855,0.311792688049318,31.179268804931798
6856,0.2832044622010477,28.320446220104774
6857,0.283963246129713,28.396324612971302
6858,0.2755871202615921,27.55871202615921
6859,0.267726005152043,26.7726005152043
6860,0.2841423622463662,28.414236224636618
6861,0.2599629399456837,25.99629399456837
6862,0.2757945747159951,27.57945747159951
6863,0.26862528558291227,26.862528558291228
6864,0.3101598837273621,31.01598837273621
6865,0.2742597080137752,27.42597080137752
6866,0.2883218325762622,28.83218325762622
6867,0.28020350856189347,28.020350856189346
6868,0.2809094867565772,28.090948675657717
6869,0.28213678093246436,28.213678093246436
6870,0.28733534548442874,28.733534548442876
6871,0.28155820078468335,28.155820078468334
6872,0.2976537204527862,29.76537204527862
6873,0.2800297153173626,28.00297153173626
6874,0.28456805408205454,28.456805408205454
6875,0.27967990369366574,27.967990369366575
6876,0.2726591421400057,27.26591421400057
6877,0.2970911250712133,29.709112507121333
6878,0.25340664412137415,25.340664412137414
6879,0.29195033318083136,29.195033318083137
6880,0.29764106287469,29.764106287469
6881,0.2817878412164114,28.178784121641144
6882,0.27870115919793464,27.870115919793463
6883,0.29226444169128507,29.226444169128506
6884,0.3140058762138008,31.400587621380083
6885,0.28506966809170475,28.506966809170475
6886,0.29404728676961944,29.404728676961945
6887,0.28113055364387257,28.113055364387257
6888,0.2881252605460642,28.81252605460642
6889,0.33417458217882234,33.417458217882235
6890,0.29404183906468134,29.404183906468134
6891,0.29030373127782405,29.030373127782404
6892,0.2904313470799871,29.043134707998707
6893,0.30661817105497696,30.661817105497697
6894,0.30691625082526736,30.691625082526734
6895,0.2983271591256726,29.83271591256726
6896,0.30228279389454604,30.228279389454606
6897,0.26607908431388566,26.607908431388566
6898,0.31568744442936103,31.568744442936104
6899,0.27243538425672603,27.243538425672604
6900,0.29768597147646503,29.768597147646503
6901,0.2786337500267437,27.863375002674367
6902,0.2918391361267026,29.18391361267026
6903,0.2709455754229759,27.094557542297593
6904,0.2891046702029762,28.91046702029762
6905,0.30002998282900434,30.002998282900435
6906,0.2881812264942884,28.81812264942884
6907,0.28189521517163285,28.189521517163286
6908,0.29143837309043197,29.143837309043196
6909,0.2725783492392638,27.257834923926378
6910,0.30542761625724224,30.542761625724225
6911,0.2947848180071713,29.478481800717134
6912,0.2752632557550148,27.52632557550148
6913,0.3201229998877102,32.01229998877102
6914,0.25911211859804273,25.911211859804272
6915,0.29036482108457706,29.036482108457704
6916,0.2750683309154213,27.50683309154213
6917,0.28852014277575805,28.852014277575805
6918,0.2937386044048815,29.373860440488148
6919,0.276782560791009,27.678256079100898
6920,0.2890031136895279,28.900311368952792
6921,0.27552258743467334,27.552258743467334
6922,0.288579069044444,28.857906904444402
6923,0.26757346055046205,26.757346055046206
6924,0.29384123343201124,29.384123343201125
6925,0.28040210671313315,28.040210671313314
6926,0.27429730013067705,27.429730013067704
6927,0.28341571716978425,28.341571716978425
6928,0.29892814258277817,29.892814258277816
6929,0.2862439130687178,28.624391306871782
6930,0.2826513164053836,28.26513164053836
6931,0.275678052248476,27.567805224847604
6932,0.27920868432374424,27.920868432374423
6933,0.26955380445458094,26.955380445458093
6934,0.3100176550419805,31.001765504198048
6935,0.29365652932745506,29.365652932745505
6936,0.28610899981765553,28.610899981765552
6937,0.28095691385030647,28.095691385030648
6938,0.2741512613229181,27.41512613229181
6939,0.2838152826376036,28.38152826376036
6940,0.3092321220762229,30.923212207622292
6941,0.28085049994622924,28.085049994622924
6942,0.26295983094025127,26.29598309402513
6943,0.2926134665361966,29.261346653619658
6944,0.3003770991136576,30.037709911365763
6945,0.28237868254257276,28.237868254257275
6946,0.3013123962130939,30.13123962130939
6947,0.2792177801468378,27.921778014683778
6948,0.2680873615731252,26.808736157312516
6949,0.31396493048100194,31.396493048100194
6950,0.28950832907246943,28.950832907246944
6951,0.304827512244565,30.4827512244565
6952,0.28060764316126874,28.060764316126875
6953,0.29667949713115865,29.667949713115867
6954,0.30821122660629124,30.821122660629126
6955,0.26651574091463726,26.651574091463726
6956,0.2890009808623856,28.90009808623856
6957,0.2637877859178264,26.37877859178264
6958,0.30473699270842797,30.473699270842797
6959,0.29872776961146,29.872776961146002
6960,0.2950598731952429,29.50598731952429
6961,0.2920364671061598,29.20364671061598
6962,0.3002337125637818,30.02337125637818
6963,0.2966913559874019,29.669135598740187
6964,0.28873312954333213,28.873312954333212
6965,0.26995877427228465,26.995877427228464
6966,0.31600281751040965,31.600281751040963
6967,0.30591992821023195,30.591992821023194
6968,0.2970176267457016,29.70176267457016
6969,0.2967733338124662,29.67733338124662
6970,0.2769871438537385,27.69871438537385
6971,0.2660916627492437,26.609166274924366
6972,0.26143892827238596,26.143892827238595
6973,0.2938529399597252,29.38529399597252
6974,0.29185117362740143,29.185117362740144
6975,0.2777807669947659,27.77807669947659
6976,0.29074540042860497,29.074540042860498
6977,0.2999502350148671,29.995023501486713
6978,0.30576768441708585,30.576768441708584
6979,0.2816693584944166,28.16693584944166
6980,0.27305495278356884,27.305495278356883
6981,0.2676802846379113,26.768028463791133
6982,0.2908251433835416,29.08251433835416
6983,0.26478997242531194,26.478997242531193
6984,0.29226313514935803,29.226313514935804
6985,0.28532222872222995,28.532222872222995
6986,0.28970290075554195,28.970290075554196
6987,0.2823818725875527,28.23818725875527
6988,0.2863860944029412,28.638609440294122
6989,0.26926953952058685,26.926953952058685
6990,0.2826920438754383,28.269204387543827
6991,0.28804391231205534,28.804391231205535
6992,0.28624132443577494,28.624132443577494
6993,0.27734772840753924,27.734772840753923
6994,0.29852088700310875,29.852088700310876
6995,0.29276750206354796,29.276750206354794
6996,0.28631989998681,28.631989998681
6997,0.2832758971484431,28.327589714844308
6998,0.28209168049573013,28.209168049573012
6999,0.2705262823426077,27.052628234260773
7000,0.30316672255321503,30.316672255321503
7001,0.27743903114773105,27.743903114773104
7002,0.26680999504475217,26.680999504475217
7003,0.2861707151673007,28.617071516730068
7004,0.2865703421630515,28.65703421630515
7005,0.2909828652510083,29.098286525100832
7006,0.3107911120111862,31.07911120111862
7007,0.28519098171603824,28.519098171603822
7008,0.2818567272348211,28.185672723482107
7009,0.2735246316689865,27.352463166898648
7010,0.29688571831509414,29.688571831509414
7011,0.2994590916706379,29.94590916706379
7012,0.26885003708483846,26.885003708483847
7013,0.29837529075072716,29.837529075072716
7014,0.2910182680977072,29.10182680977072
7015,0.2732121486356097,27.32121486356097
7016,0.2879968864009361,28.799688640093613
7017,0.2931959976731103,29.31959976731103
7018,0.2643003959163605,26.43003959163605
7019,0.28370960988988303,28.3709609889883
7020,0.3092250919924598,30.92250919924598
7021,0.2986016103005196,29.860161030051962
7022,0.2881770847926321,28.81770847926321
7023,0.28061617162191815,28.061617162191816
7024,0.2851135586496712,28.51135586496712
7025,0.2790475804906698,27.90475804906698
7026,0.2884081583964693,28.840815839646933
7027,0.2901281367854298,29.012813678542983
7028,0.30363634942435913,30.36363494243591
7029,0.2847851178071545,28.478511780715447
7030,0.29400020616667305,29.400020616667305
7031,0.29719777112050116,29.719777112050117
7032,0.2855386208943041,28.55386208943041
7033,0.2821204470665562,28.21204470665562
7034,0.2754306358456176,27.54306358456176
7035,0.2721962355511574,27.219623555115742
7036,0.2979243088846882,29.792430888468818
7037,0.290271053937964,29.027105393796397
7038,0.29528727035696306,29.528727035696306
7039,0.30035154764501687,30.035154764501687
7040,0.2959071157712577,29.590711577125774
7041,0.3017342624086069,30.17342624086069
7042,0.27034547341292153,27.034547341292154
7043,0.28568376378776766,28.568376378776765
7044,0.3015836719897129,30.15836719897129
7045,0.2987617285217104,29.87617285217104
7046,0.2706714403096098,27.067144030960982
7047,0.27676306444348325,27.676306444348324
7048,0.2758924278131666,27.58924278131666
7049,0.27709775657199165,27.709775657199167
7050,0.30460438273975254,30.460438273975253
7051,0.2786071209461751,27.86071209461751
7052,0.30059332215493445,30.059332215493445
7053,0.2850942817098291,28.509428170982908
7054,0.2649066868134588,26.49066868134588
7055,0.2958834382920117,29.58834382920117
7056,0.2755162739200703,27.551627392007028
7057,0.28156801194264286,28.156801194264286
7058,0.28953345977615175,28.953345977615175
7059,0.31248625572262007,31.248625572262007
7060,0.2932697786254619,29.326977862546187
7061,0.27937811411525376,27.937811411525377
7062,0.28005883098788864,28.005883098788864
7063,0.2684580426354416,26.84580426354416
7064,0.27764148425698737,27.764148425698735
7065,0.28899602846967803,28.899602846967802
7066,0.2967515798049823,29.67515798049823
7067,0.27725551493593376,27.725551493593375
7068,0.2711460113185544,27.114601131855444
7069,0.31705400809260365,31.705400809260365
7070,0.26599849876590115,26.599849876590113
7071,0.3023011234444646,30.230112344446457
7072,0.27558460116334377,27.558460116334377
7073,0.2849971974180453,28.49971974180453
7074,0.2910829891084888,29.10829891084888
7075,0.2805009257799202,28.050092577992018
7076,0.3018354357814199,30.183543578141993
7077,0.2836053580373913,28.36053580373913
7078,0.2836655824612659,28.366558246126587
7079,0.2861221132015523,28.61221132015523
7080,0.3030452860986886,30.304528609868857
7081,0.3212832627036535,32.12832627036535
7082,0.2901621497125766,29.01621497125766
7083,0.2739975191528858,27.39975191528858
7084,0.28374235676443765,28.374235676443764
7085,0.29440037592019835,29.440037592019834
7086,0.28059291498464156,28.059291498464155
7087,0.2957695001143763,29.57695001143763
7088,0.2768872520513158,27.688725205131583
7089,0.30548837248209343,30.54883724820934
7090,0.277338510360547,27.733851036054702
7091,0.3059800818181872,30.59800818181872
7092,0.28212685128737125,28.212685128737125
7093,0.28413040134713746,28.413040134713746
7094,0.2864344024050763,28.64344024050763
7095,0.26998927813363294,26.998927813363295
7096,0.2829287281745856,28.29287281745856
7097,0.2998706791213578,29.987067912135778
7098,0.31215871079439866,31.215871079439868
7099,0.3043537306694855,30.43537306694855
7100,0.28357335407042705,28.357335407042704
7101,0.30000162644155026,30.000162644155026
7102,0.2874381287907716,28.743812879077158
7103,0.27616730982227744,27.616730982227743
7104,0.2759805849858677,27.59805849858677
7105,0.29741097037392633,29.741097037392635
7106,0.3204573565512818,32.04573565512818
7107,0.2837706850498842,28.37706850498842
7108,0.2630278817403326,26.30278817403326
7109,0.30022776961426206,30.022776961426207
7110,0.2720110912704574,27.20110912704574
7111,0.29046799819881025,29.046799819881024
7112,0.2948661453178068,29.48661453178068
7113,0.2797771457794735,27.97771457794735
7114,0.28471498931601763,28.47149893160176
7115,0.27216106475951635,27.216106475951634
7116,0.281969294135761,28.1969294135761
7117,0.2709487385108877,27.094873851088767
7118,0.314987022913091,31.4987022913091
7119,0.27187758721060173,27.187758721060174
7120,0.3014362990766645,30.14362990766645
7121,0.28758630103196703,28.7586301031967
7122,0.27434465762107535,27.434465762107536
7123,0.30174388112531303,30.174388112531304
7124,0.3011967640999899,30.11967640999899
7125,0.2969445510681832,29.694455106818317
7126,0.2875440330774084,28.754403307740837
7127,0.278050268378093,27.8050268378093
7128,0.2801649139189811,28.016491391898107
7129,0.27441930082583443,27.441930082583443
7130,0.2947953841051435,29.47953841051435
7131,0.27631388382530764,27.631388382530766
7132,0.2793703247484186,27.93703247484186
7133,0.31137984807356744,31.137984807356744
7134,0.3057015973133495,30.57015973133495
7135,0.28833677477138475,28.833677477138476
7136,0.2919761184557635,29.19761184557635
7137,0.2824711275530948,28.247112755309477
7138,0.2782713095332524,27.82713095332524
7139,0.31701084665315915,31.701084665315914
7140,0.2743337869779033,27.433378697790328
7141,0.2734654679429127,27.34654679429127
7142,0.30030493191726954,30.030493191726954
7143,0.2677290033620637,26.77290033620637
7144,0.3219848886331965,32.19848886331965
7145,0.29849746836161034,29.849746836161035
7146,0.29449389366635603,29.449389366635604
7147,0.2736471883723414,27.364718837234143
7148,0.29836003022674884,29.836003022674884
7149,0.27827221496120597,27.827221496120597
7150,0.28785691164740523,28.785691164740523
7151,0.30116136750882033,30.116136750882035
7152,0.2842538940273361,28.425389402733607
7153,0.28568491627243575,28.568491627243574
7154,0.3032610533341648,30.326105333416482
7155,0.2583458368367461,25.834583683674612
7156,0.3045448874343997,30.454488743439974
7157,0.28256726331867305,28.256726331867306
7158,0.277632764490662,27.763276449066197
7159,0.2823330687345418,28.23330687345418
7160,0.2739466200883982,27.39466200883982
7161,0.2836474473474943,28.36474473474943
7162,0.27673948108612834,27.673948108612834
7163,0.2914664286694513,29.146642866945133
7164,0.2981590677094504,29.815906770945038
7165,0.2845503589823923,28.455035898239228
7166,0.27593810767592886,27.593810767592885
7167,0.2968753584420313,29.68753584420313
7168,0.28074411526659515,28.074411526659514
7169,0.2894295096722016,28.94295096722016
7170,0.30682552254004436,30.682552254004435
7171,0.272712418214681,27.271241821468102
7172,0.2765753065583036,27.65753065583036
7173,0.2674898844872324,26.74898844872324
7174,0.2887940311662223,28.879403116622232
7175,0.2818570211984343,28.18570211984343
7176,0.2854295661809759,28.54295661809759
7177,0.26231094050931547,26.231094050931546
7178,0.26919437350788383,26.91943735078838
7179,0.3049943534031315,30.499435340313152
7180,0.2988697200130611,29.886972001306113
7181,0.2853622414637129,28.536224146371293
7182,0.2921451386701952,29.21451386701952
7183,0.2839502569723379,28.395025697233788
7184,0.2825307859851049,28.253078598510488
7185,0.27073405832398634,27.073405832398635
7186,0.27591718543624655,27.591718543624655
7187,0.281446490965552,28.144649096555202
7188,0.2849992080212889,28.49992080212889
7189,0.29531532532968824,29.531532532968825
7190,0.28437337569288146,28.437337569288147
7191,0.2875951699792594,28.75951699792594
7192,0.286192698104784,28.6192698104784
7193,0.29651232439331315,29.651232439331316
7194,0.27700188156977296,27.700188156977294
7195,0.26712427993228655,26.712427993228655
7196,0.28074081564184544,28.074081564184546
7197,0.3092636866353721,30.92636866353721
7198,0.2742715668700184,27.42715668700184
7199,0.29645166229035314,29.645166229035315
7200,0.27056988440245583,27.056988440245583
7201,0.28648705520423445,28.648705520423444
7202,0.28853097039768905,28.853097039768905
7203,0.27853863186071437,27.853863186071436
7204,0.30112062251834454,30.112062251834455
7205,0.3074476946190635,30.74476946190635
7206,0.28248124097573724,28.248124097573722
7207,0.27919728127330157,27.919728127330156
7208,0.2793842644175307,27.938426441753073
7209,0.2880157082531305,28.80157082531305
7210,0.2794361510887954,27.943615108879538
7211,0.26376529136027993,26.376529136027994
7212,0.27265234845435954,27.265234845435955
7213,0.2705556833636899,27.05556833636899
7214,0.28836330180896785,28.836330180896784
7215,0.28942621689227344,28.942621689227344
7216,0.28789360724371754,28.789360724371754
7217,0.29759319488666414,29.759319488666414
7218,0.2768632591168832,27.68632591168832
7219,0.2803564022631743,28.035640226317433
7220,0.2799975338283783,27.999753382837827
7221,0.26725991681928457,26.725991681928456
7222,0.2832438229718535,28.324382297185352
7223,0.29038975362075986,29.038975362075988
7224,0.28838655358704374,28.838655358704372
7225,0.2791739693379037,27.91739693379037
7226,0.28864924376430373,28.864924376430373
7227,0.274325054567449,27.4325054567449
7228,0.29604324675789795,29.604324675789794
7229,0.27980637706346406,27.980637706346407
7230,0.28703462864165236,28.703462864165235
7231,0.2745571252318019,27.455712523180193
7232,0.28372466105848115,28.372466105848115
7233,0.2832310443747175,28.323104437471752
7234,0.2867708818528491,28.67708818528491
7235,0.3063305500756764,30.633055007567638
7236,0.27686731741841053,27.686731741841054
7237,0.2941055851128148,29.410558511281483
7238,0.30584117027797625,30.584117027797625
7239,0.25407666787610234,25.407666787610232
7240,0.2797232197966635,27.972321979666347
7241,0.2952225493461815,29.522254934618147
7242,0.2722358848800013,27.22358848800013
7243,0.2964928280457874,29.649282804578743
7244,0.2918724472418882,29.187244724188822
7245,0.29336760407360235,29.336760407360234
7246,0.2759033159767596,27.59033159767596
7247,0.2943712602496723,29.43712602496723
7248,0.29800926800564637,29.800926800564635
7249,0.2815209158218983,28.152091582189833
7250,0.280891227416284,28.089122741628398
7251,0.28891860479701686,28.891860479701688
7252,0.26500901431400103,26.500901431400102
7253,0.28319535069812163,28.31953506981216
7254,0.29006942825886245,29.006942825886245
7255,0.2833084372765346,28.33084372765346
7256,0.28592651386662754,28.592651386662755
7257,0.276201805930422,27.6201805930422
7258,0.29788611491148964,29.788611491148963
7259,0.2727276787386594,27.272767873865938
7260,0.28949860304336855,28.949860304336855
7261,0.2880475185445473,28.80475185445473
7262,0.2904648351108985,29.04648351108985
7263,0.2591207623521007,25.91207623521007
7264,0.2890827392797664,28.90827392797664
7265,0.272385390620192,27.2385390620192
7266,0.30400839232672383,30.400839232672382
7267,0.31512467040333264,31.512467040333263
7268,0.25881610569493063,25.881610569493063
7269,0.27310017744682474,27.310017744682476
7270,0.2756628060374369,27.566280603743692
7271,0.30601575736806796,30.601575736806797
7272,0.2758916866568099,27.58916866568099
7273,0.28509152819899514,28.509152819899512
7274,0.26802218475654294,26.802218475654293
7275,0.2977421082842164,29.774210828421637
7276,0.2957947576194039,29.579475761940387
7277,0.2939110309501634,29.39110309501634
7278,0.31288582119043923,31.288582119043923
7279,0.3035478612786733,30.354786127867328
7280,0.29057014644860274,29.057014644860274
7281,0.27676123448731804,27.676123448731804
7282,0.3080526944920329,30.805269449203287
7283,0.2719086108350918,27.190861083509184
7284,0.28162951247141293,28.162951247141294
7285,0.2586206610921955,25.86206610921955
7286,0.2925254086184804,29.252540861848043
7287,0.29097601582298127,29.097601582298125
7288,0.2900945940626914,29.00945940626914
7289,0.27375939049374876,27.375939049374875
7290,0.2906279664613434,29.06279664613434
7291,0.28986447173119034,28.986447173119036
7292,0.2809882696603696,28.09882696603696
7293,0.31264829681700823,31.264829681700824
7294,0.3079944806714019,30.79944806714019
7295,0.2919183610472273,29.19183610472273
7296,0.28205604499092457,28.205604499092455
7297,0.25882308437071444,25.882308437071444
7298,0.3068911765421419,30.689117654214186
7299,0.26553865625363954,26.553865625363954
7300,0.27084206560702834,27.084206560702835
7301,0.29658974745968014,29.658974745968013
7302,0.28528332002045964,28.528332002045964
7303,0.2900634157746482,29.006341577464823
7304,0.3027872628517214,30.27872628517214
7305,0.3062532290522948,30.62532290522948
7306,0.28931031335721236,28.931031335721237
7307,0.29717694066768596,29.717694066768598
7308,0.30539199339656564,30.539199339656562
7309,0.30584493835265547,30.584493835265548
7310,0.27612538478377124,27.612538478377125
7311,0.3139878957635824,31.398789576358237
7312,0.2628416006547971,26.28416006547971
7313,0.28012425553936127,28.012425553936126
7314,0.2931581352791907,29.315813527919072
7315,0.2734811913394672,27.348119133946717
7316,0.2794627852767388,27.94627852767388
7317,0.2896483181389395,28.964831813893948
7318,0.2999102397938052,29.991023979380522
7319,0.2875839588494445,28.75839588494445
7320,0.25779229001277704,25.779229001277702
7321,0.27372152436306413,27.37215243630641
7322,0.29527126807033377,29.527126807033376
7323,0.2689521859409252,26.89521859409252
7324,0.2992792151259734,29.92792151259734
7325,0.3031284057498235,30.312840574982353
7326,0.28254544222337713,28.254544222337714
7327,0.285873475471294,28.5873475471294
7328,0.2742618408409176,27.42618408409176
7329,0.3067181330670249,30.67181330670249
7330,0.29303939477000207,29.303939477000206
7331,0.293208136094359,29.3208136094359
7332,0.30631676574504807,30.63167657450481
7333,0.2657155105430967,26.571551054309673
7334,0.26394078632520784,26.394078632520785
7335,0.2891773171174308,28.917731711743077
7336,0.2713812259491173,27.138122594911728
7337,0.29905014267164126,29.905014267164127
7338,0.2618533292292271,26.18533292292271
7339,0.2980780510547205,29.807805105472053
7340,0.2841050586275827,28.410505862758267
7341,0.29776171194413686,29.776171194413685
7342,0.29319044099469665,29.319044099469664
7343,0.28422518793388785,28.422518793388786
7344,0.28971769116078044,28.971769116078043
7345,0.30480178392883484,30.480178392883484
7346,0.26115395234658517,26.115395234658518
7347,0.295873734446447,29.587373444644697
7348,0.2791817190007816,27.91817190007816
7349,0.2695616608235594,26.956166082355942
7350,0.31010323909953674,31.010323909953673
7351,0.29871867378836653,29.871867378836654
7352,0.28609225637466956,28.609225637466956
7353,0.27977382489753777,27.977382489753776
7354,0.28258293402602336,28.258293402602337
7355,0.28749151383892246,28.749151383892247
7356,0.26676589774032267,26.676589774032266
7357,0.26931899940109594,26.931899940109595
7358,0.2991800555725435,29.91800555725435
7359,0.3071319804450779,30.713198044507788
7360,0.2696549045559344,26.96549045559344
7361,0.3021916034116776,30.21916034116776
7362,0.2841319172444448,28.41319172444448
7363,0.2880106532111434,28.80106532111434
7364,0.26249749864433736,26.249749864433735
7365,0.2661297715935836,26.61297715935836
7366,0.3010734021710784,30.107340217107843
7367,0.29937436094103376,29.937436094103376
7368,0.2811756709947336,28.117567099473362
7369,0.26588944344627874,26.588944344627873
7370,0.29716666236715256,29.716666236715255
7371,0.288645530219417,28.864553021941703
7372,0.28336396979857975,28.336396979857977
7373,0.3020181957633221,30.201819576332213
7374,0.2766272783584269,27.662727835842688
7375,0.28213454139922145,28.213454139922145
7376,0.285055467052939,28.5055467052939
7377,0.29342184003738736,29.342184003738737
7378,0.27915396517030394,27.915396517030395
7379,0.2931284026788296,29.31284026788296
7380,0.2840839396766491,28.408393967664907
7381,0.29687151788262245,29.687151788262245
7382,0.2785680934234585,27.85680934234585
7383,0.28563066523511227,28.563066523511228
7384,0.28412890297025123,28.412890297025122
7385,0.2768641645448367,27.68641645448367
7386,0.2729728932239406,27.297289322394057
7387,0.2748273820844249,27.48273820844249
7388,0.296772149494438,29.677214949443798
7389,0.2774944154623522,27.74944154623522
7390,0.2810393299607504,28.103932996075038
7391,0.2806241628760157,28.06241628760157
7392,0.2770498166456108,27.70498166456108
7393,0.2766211530276866,27.662115302768658
7394,0.2705498194712399,27.05498194712399
7395,0.29987893660430975,29.987893660430977
7396,0.2910045059506151,29.10045059506151
7397,0.2827347676357974,28.27347676357974
7398,0.31052873649907836,31.052873649907838
7399,0.30027581624674354,30.027581624674355
7400,0.3066903239384259,30.66903239384259
7401,0.27915501331874304,27.915501331874303
7402,0.28451003218205134,28.451003218205134
7403,0.27104633260827704,27.104633260827704
7404,0.28986547425720083,28.986547425720083
7405,0.27680302204887947,27.680302204887948
7406,0.29042079476567095,29.042079476567096
7407,0.2864490705864162,28.64490705864162
7408,0.28635220570231595,28.635220570231596
7409,0.311623964245382,31.1623964245382
7410,0.267474942898404,26.7474942898404
7411,0.2846902190488087,28.46902190488087
7412,0.29833369502412493,29.833369502412495
7413,0.27230367971600405,27.230367971600405
7414,0.30523337615344875,30.523337615344875
7415,0.28066788916238544,28.066788916238544
7416,0.27524060826264496,27.524060826264495
7417,0.3006273350820812,30.062733508208122
7418,0.25524939695580806,25.524939695580805
7419,0.2956055174215107,29.56055174215107
7420,0.2988675871859187,29.88675871859187
7421,0.279583524608138,27.958352460813803
7422,0.29464710342911765,29.464710342911765
7423,0.27788927671661395,27.788927671661394
7424,0.28171576747570076,28.171576747570075
7425,0.28299126234132843,28.299126234132842
7426,0.28532661860303626,28.532661860303627
7427,0.2945045035461684,29.45045035461684
7428,0.28937536534097874,28.937536534097873
7429,0.2810371727683655,28.103717276836548
7430,0.28446930471199666,28.446930471199668
7431,0.30023721209017307,30.023721209017307
7432,0.2636595113001647,26.36595113001647
7433,0.30458668764009017,30.458668764009015
7434,0.3011878770259824,30.118787702598237
7435,0.3043875347618777,30.43875347618777
7436,0.26243628661368557,26.243628661368557
7437,0.31174998241567403,31.174998241567405
7438,0.3001893837204357,30.018938372043568
7439,0.2688811633586081,26.88811633586081
7440,0.2548816965830914,25.48816965830914
7441,0.2860906877881581,28.60906877881581
7442,0.29234096954403643,29.234096954403643
7443,0.2841004372078599,28.41004372078599
7444,0.2793791742067604,27.93791742067604
7445,0.2990804377839036,29.908043778390358
7446,0.2800619287253757,28.00619287253757
7447,0.273852509999602,27.3852509999602
7448,0.28271707253613515,28.271707253613513
7449,0.2906641042088697,29.066410420886967
7450,0.28782992880402153,28.78299288040215
7451,0.2915001260557428,29.150012605574283
7452,0.28565569389580914,28.565569389580915
7453,0.3050549087999909,30.50549087999909
7454,0.3010895988938545,30.10895988938545
7455,0.2775094385289428,27.750943852894277
7456,0.28146448893619147,28.146448893619148
7457,0.2962694897918889,29.62694897918889
7458,0.29475542589345305,29.475542589345306
7459,0.27854046181687947,27.85404618168795
7460,0.3029638454715184,30.29638454715184
7461,0.294611713229793,29.4611713229793
7462,0.2937626122585475,29.376261225854748
7463,0.2736388053816429,27.363880538164292
7464,0.30911093267841105,30.911093267841107
7465,0.29539455025021283,29.539455025021283
7466,0.30817692832858823,30.817692832858825
7467,0.28588155057302544,28.588155057302544
7468,0.2938281200481144,29.38281200481144
7469,0.29603203562808306,29.603203562808307
7470,0.304373959266004,30.437395926600402
7471,0.28510529095238135,28.510529095238134
7472,0.30749019836544494,30.749019836544495
7473,0.29229405206774745,29.229405206774743
7474,0.2937714898188969,29.37714898188969
7475,0.28224192799857184,28.224192799857185
7476,0.2746033026741696,27.46033026741696
7477,0.29757026922237234,29.757026922237234
7478,0.28128455597097024,28.128455597097023
7479,0.31741671056204285,31.741671056204286
7480,0.2796331391522002,27.963313915220024
7481,0.27570552979779606,27.570552979779606
7482,0.2815891059220397,28.158910592203966
7483,0.32286376425250124,32.286376425250126
7484,0.30997735807237686,30.997735807237685
7485,0.28247685109493087,28.247685109493087
7486,0.2610286920031169,26.10286920031169
7487,0.2624691816956642,26.24691816956642
7488,0.29030238583576123,29.030238583576125
7489,0.2841873255399683,28.41873255399683
7490,0.2636530729527458,26.365307295274583
7491,0.28051222151796806,28.051222151796807
7492,0.2808232317522894,28.08232317522894
7493,0.2938230825265484,29.382308252654838
7494,0.2705182555183848,27.051825551838483
7495,0.2801402578259905,28.01402578259905
7496,0.3002328071358282,30.023280713582817
7497,0.3049660651627602,30.49660651627602
7498,0.28071732746565253,28.071732746565253
7499,0.28466516541657516,28.466516541657516
7500,0.2988945998600397,29.88945998600397
7501,0.27139516561822935,27.139516561822933
7502,0.2970986115670713,29.709861156707127
7503,0.30057104533950657,30.057104533950657
7504,0.27707615176256606,27.707615176256606
7505,0.2692954622724638,26.92954622724638
7506,0.30660087774421885,30.660087774421886
7507,0.2819578735648973,28.19578735648973
7508,0.29425825394091726,29.425825394091724
7509,0.3114453102407058,31.14453102407058
7510,0.30643382923289497,30.643382923289497
7511,0.2770114307517844,27.701143075178443
7512,0.26728998300154755,26.728998300154753
7513,0.2973895623356715,29.738956233567148
7514,0.2812403920055152,28.124039200551522
7515,0.2944041446011717,29.44041446011717
7516,0.29554303655026626,29.554303655026626
7517,0.289540062762416,28.9540062762416
7518,0.29261633161233175,29.261633161233174
7519,0.2650464671308428,26.504646713084277
7520,0.29564453776559313,29.56445377655931
7521,0.2757503155693782,27.57503155693782
7522,0.31336246410488877,31.336246410488876
7523,0.2860477734740646,28.60477734740646
7524,0.27425987228537196,27.425987228537196
7525,0.28654110541356625,28.654110541356626
7526,0.317504534152842,31.750453415284202
7527,0.32024564761733315,32.024564761733316
7528,0.28616689957942865,28.616689957942864
7529,0.2676977001725682,26.76977001725682
7530,0.28793524074801996,28.793524074801997
7531,0.2765832054192398,27.65832054192398
7532,0.30639885027621305,30.639885027621304
7533,0.28574309239173246,28.574309239173246
7534,0.28220970741192447,28.220970741192446
7535,0.2968324975385401,29.683249753854007
7536,0.2940556018180676,29.405560181806763
7537,0.3084096621547443,30.84096621547443
7538,0.2927772148164766,29.27772148164766
7539,0.27993907155470404,27.993907155470403
7540,0.27784048064853145,27.784048064853145
7541,0.2899814253054548,28.99814253054548
7542,0.2754057703972468,27.540577039724678
7543,0.2912332941768267,29.12332941768267
7544,0.2851252255852867,28.51252255852867
7545,0.2999593985320668,29.995939853206682
7546,0.27489243467448543,27.489243467448542
7547,0.31164091018192475,31.164091018192476
7548,0.26035141815064783,26.035141815064783
7549,0.28018002038570045,28.018002038570046
7550,0.28399098444239257,28.399098444239257
7551,0.27984260794661187,27.984260794661186
7552,0.27421268210265587,27.421268210265588
7553,0.30749095558597445,30.749095558597446
7554,0.28490366421400903,28.490366421400903
7555,0.2986758433219067,29.86758433219067
7556,0.27588107677699747,27.588107677699746
7557,0.2972938223635151,29.72938223635151
7558,0.2874889803420662,28.748898034206622
7559,0.3157339060998494,31.57339060998494
7560,0.3044239600811723,30.44239600811723
7561,0.28776672369054723,28.776672369054722
7562,0.2828465847673236,28.28465847673236
7563,0.28748235092801694,28.748235092801693
7564,0.28102462477003903,28.102462477003904
7565,0.2904497286441791,29.04497286441791
7566,0.28973230177662407,28.97323017766241
7567,0.30186408057260694,30.186408057260692
7568,0.31021048882823654,31.021048882823653
7569,0.2854020785793525,28.54020785793525
7570,0.264717331296408,26.4717331296408
7571,0.2709868373029243,27.09868373029243
7572,0.2937881481330243,29.37881481330243
7573,0.27972236906053694,27.972236906053695
7574,0.27997971450219433,27.997971450219435
7575,0.30953981516537366,30.953981516537365
7576,0.26430826182474615,26.430826182474615
7577,0.29361361373213674,29.361361373213672
7578,0.27943311283369954,27.943311283369955
7579,0.26836229253467514,26.836229253467515
7580,0.28499719741804536,28.499719741804537
7581,0.27788181240429227,27.78818124042923
7582,0.3099366306023222,30.99366306023222
7583,0.2788700072283921,27.88700072283921
7584,0.2601063264955595,26.010632649555948
7585,0.3093506047982178,30.93506047982178
7586,0.27545863255178515,27.545863255178517
7587,0.28363041540639,28.363041540639
7588,0.28477124834766765,28.477124834766766
7589,0.2720936854190627,27.20936854190627
7590,0.3083342634806893,30.833426348068933
7591,0.2751561545062206,27.51561545062206
7592,0.29294940764113575,29.294940764113576
7593,0.27753703830216153,27.753703830216153
7594,0.29020203822753793,29.020203822753793
7595,0.26876546657001016,26.876546657001015
7596,0.28463497701041346,28.463497701041344
7597,0.2801853751768516,28.01853751768516
7598,0.3117878448095936,31.178784480959358
7599,0.29840714066043256,29.840714066043255
7600,0.2747914738731921,27.47914738731921
7601,0.2702744327038893,27.02744327038893
7602,0.30346583143933537,30.346583143933536
7603,0.31208795736666384,31.208795736666385
7604,0.27885220542262923,27.88522054226292
7605,0.30236605320433213,30.236605320433213
7606,0.2914233908502342,29.142339085023423
7607,0.27643806252577624,27.643806252577622
7608,0.29422095578762864,29.422095578762864
7609,0.3005271102183823,30.05271102183823
7610,0.2695524127837954,26.95524127837954
7611,0.27285211340320653,27.285211340320654
7612,0.2699257245267528,26.99257245267528
7613,0.271744414730025,27.174441473002496
7614,0.3027614775767893,30.276147757678928
7615,0.275839336728629,27.583933672862898
7616,0.30312394677858234,30.312394677858233
7617,0.29497508846583376,29.497508846583376
7618,0.2773951405897646,27.73951405897646
7619,0.28409488052944626,28.409488052944624
7620,0.31056583276510447,31.056583276510448
7621,0.2836887072248198,28.368870722481983
7622,0.2826441460566751,28.26441460566751
7623,0.2899278309019237,28.99278309019237
7624,0.28415248632760615,28.415248632760616
7625,0.2784315186688525,27.84315186688525
7626,0.27979507354048777,27.979507354048778
7627,0.29448427494964996,29.448427494964996
7628,0.2814368716425517,28.14368716425517
7629,0.2919174105354903,29.19174105354903
7630,0.28515867600053235,28.515867600053234
7631,0.28004039473186954,28.004039473186953
7632,0.2893543261390775,28.935432613907754
7633,0.3080399517850781,30.803995178507808
7634,0.27810910113118203,27.810910113118204
7635,0.2722695816599986,27.22695816599986
7636,0.29999519891476345,29.999519891476346
7637,0.2589179229717384,25.891792297173836
7638,0.27638413714926036,27.638413714926035
7639,0.27311609460459535,27.311609460459536
7640,0.30100933779408917,30.100933779408916
7641,0.28708351710289626,28.708351710289627
7642,0.2804395043938882,28.04395043938882
7643,0.28608013120384407,28.608013120384406
7644,0.2834422442073674,28.34422442073674
7645,0.29079635929229447,29.079635929229447
7646,0.27605104505628353,27.605104505628354
7647,0.2858320062385884,28.58320062385884
7648,0.2736543802982919,27.365438029829193
7649,0.30704009794645704,30.704009794645703
7650,0.26833613606217543,26.833613606217543
7651,0.296909711855821,29.6909711855821
7652,0.31100294517165655,31.100294517165654
7653,0.27924644001156324,27.924644001156324
7654,0.28797351932945153,28.797351932945155
7655,0.2598285705029496,25.98285705029496
7656,0.26339378086518583,26.339378086518582
7657,0.2837267944919177,28.372679449191768
7658,0.28121324803809705,28.121324803809706
7659,0.2707692110659232,27.076921106592323
7660,0.24773170045402348,24.77317004540235
7661,0.2702444818150349,27.02444818150349
7662,0.2901176668119716,29.01176668119716
7663,0.27758459022870663,27.758459022870664
7664,0.2881030760381292,28.81030760381292
7665,0.26814991904583974,26.814991904583973
7666,0.2650587931296601,26.50587931296601
7667,0.2587986901602737,25.879869016027367
7668,0.2865384227186517,28.65384227186517
7669,0.2803836704571141,28.03836704571141
7670,0.2779340702731245,27.79340702731245
7671,0.27817806282471164,27.817806282471164
7672,0.30658838443771946,30.658838443771945
7673,0.2834610811331003,28.34610811331003
7674,0.3202431291940154,32.02431291940154
7675,0.30212011308049236,30.212011308049235
7676,0.28872965239656245,28.872965239656246
7677,0.2741815437910514,27.418154379105143
7678,0.2715237166790833,27.15237166790833
7679,0.2905505433949764,29.055054339497637
7680,0.27201155841303143,27.201155841303144
7681,0.28372761126347484,28.372761126347484
7682,0.3000094688819297,30.00094688819297
7683,0.2837785870412912,28.37785870412912
7684,0.3008074123690689,30.08074123690689
7685,0.28098613683322726,28.098613683322725
7686,0.28312623606976856,28.312623606976857
7687,0.26406061388297136,26.406061388297136
7688,0.2615605734759984,26.15605734759984
7689,0.26672057103408137,26.672057103408136
7690,0.2784119101497314,27.841191014973138
7691,0.2887256643046603,28.87256643046603
7692,0.2686043152237429,26.860431522374288
7693,0.3036421140618243,30.364211406182427
7694,0.28418308971642087,28.418308971642087
7695,0.2956774635584965,29.56774635584965
7696,0.2804903159001077,28.04903159001077
7697,0.30267383090171585,30.267383090171585
7698,0.2938494452925346,29.38494452925346
7699,0.2927143634658174,29.27143634658174
7700,0.30293874736179555,30.293874736179554
7701,0.272418649721104,27.241864972110402
7702,0.2707646436630968,27.076464366309683
7703,0.2927900492416621,29.27900492416621
7704,0.26598344699100884,26.598344699100885
7705,0.28277623626220894,28.277623626220894
7706,0.3007122942030395,30.07122942030395
7707,0.2739232016089343,27.39232016089343
7708,0.2811976857655771,28.119768576557707
7709,0.2857814261092507,28.578142610925074
7710,0.2720420927114113,27.204209271141128
7711,0.27823945343989936,27.823945343989937
7712,0.2649742818077395,26.49742818077395
7713,0.28014891163235184,28.014891163235184
7714,0.29366254181166923,29.366254181166923
7715,0.2927592343662581,29.27592343662581
7716,0.3014052046362551,30.14052046362551
7717,0.28720550279315166,28.720550279315166
7718,0.29494733949455665,29.494733949455664
7719,0.2608574322554423,26.085743225544228
7720,0.25748080311356586,25.748080311356585
7721,0.2778326536660306,27.78326536660306
7722,0.28562225787917134,28.562225787917132
7723,0.3116353002080128,31.16353002080128
7724,0.2915011611757128,29.15011611757128
7725,0.30302056091526314,30.302056091526314
7726,0.2899877539110694,28.99877539110694
7727,0.30078971726940656,30.078971726940658
7728,0.3025532457896101,30.255324578961012
7729,0.26422500503047913,26.422500503047914
7730,0.27744854376463074,27.744854376463074
7731,0.2952582944307568,29.52582944307568
7732,0.2905333717095522,29.053337170955217
7733,0.285346446529841,28.5346446529841
7734,0.2679681256398473,26.79681256398473
7735,0.26762505325811364,26.762505325811365
7736,0.28058525530982287,28.058525530982287
7737,0.298234535470695,29.8234535470695
7738,0.30405051146756423,30.405051146756424
7739,0.29785138301152225,29.785138301152227
7740,0.2718045540250411,27.180455402504112
7741,0.2879956318732826,28.79956318732826
7742,0.3092439289181927,30.92439289181927
7743,0.267726005152043,26.7726005152043
7744,0.3057142993689349,30.57142993689349
7745,0.27194923159904594,27.194923159904594
7746,0.27919997661234514,27.919997661234515
7747,0.29993966578642406,29.993966578642407
7748,0.2887026684307432,28.870266843074322
7749,0.2914570882365258,29.145708823652576
7750,0.2871464457731785,28.71464457731785
7751,0.2765693359597529,27.656933595975293
7752,0.2831738731251722,28.317387312517223
7753,0.28677767813032085,28.677767813032084
7754,0.3097157412370468,30.97157412370468
7755,0.2974935124396216,29.749351243962156
7756,0.26651607249391623,26.651607249391624
7757,0.2846952315988381,28.46952315988381
7758,0.2890751682613441,28.90751682613441
7759,0.28829410857652177,28.829410857652178
7760,0.2778079284826051,27.78079284826051
7761,0.30134362919296415,30.134362919296414
7762,0.28005883098788864,28.005883098788864
7763,0.2813155580182183,28.13155580182183
7764,0.26068199182030694,26.068199182030693
7765,0.2946203119000676,29.46203119000676
7766,0.28789241028156015,28.789241028156017
7767,0.2838010822051319,28.38010822051319
7768,0.2947131698819621,29.47131698819621
7769,0.27585835268315745,27.585835268315744
7770,0.2921682634337491,29.21682634337491
7771,0.27123622332059905,27.123622332059906
7772,0.26884554049793147,26.884554049793145
7773,0.2697920111115169,26.979201111151692
7774,0.31154647208858016,31.154647208858016
7775,0.2833503617087466,28.335036170874663
7776,0.2807861105147266,28.078611051472656
7777,0.28089561729709034,28.089561729709033
7778,0.264199814527595,26.4199814527595
7779,0.27473541506323973,27.473541506323972
7780,0.3005887404391689,30.058874043916887
7781,0.30763957501991346,30.763957501991346
7782,0.2698495282532804,26.98495282532804
7783,0.2693853484807802,26.93853484807802
7784,0.2905257155622713,29.05257155622713
7785,0.29717783588130164,29.717783588130164
7786,0.2749043110511497,27.490431105114972
7787,0.2790213850323657,27.902138503236568
7788,0.2818465888406419,28.18465888406419
7789,0.2710833471397392,27.10833471397392
7790,0.280039003061084,28.0039003061084
7791,0.28697294649226085,28.697294649226084
7792,0.2908047985672644,29.080479856726438
7793,0.27821412397076783,27.821412397076784
7794,0.281500779012247,28.1500779012247
7795,0.30789641882514435,30.789641882514434
7796,0.27577025020228346,27.577025020228348
7797,0.28344180419325815,28.344180419325816
7798,0.3126366674970585,31.26366674970585
7799,0.2852391505724184,28.52391505724184
7800,0.26964663685864454,26.964663685864455
7801,0.2860216471061954,28.602164710619537
7802,0.2822075745847821,28.220757458478207
7803,0.29700927207896477,29.700927207896477
7804,0.27834599217679246,27.834599217679244
7805,0.2989678274817472,29.896782748174722
7806,0.2902531261769497,29.025312617694972
7807,0.2831831602625994,28.318316026259936
7808,0.28288368103334977,28.288368103334978
7809,0.2756937223495322,27.56937223495322
7810,0.2890710026474219,28.90710026474219
7811,0.2881240463972986,28.81240463972986
7812,0.2931631728007569,29.316317280075687
7813,0.29170197114252805,29.170197114252804
7814,0.27430651878396356,27.430651878396358
7815,0.29087283184692453,29.087283184692453
7816,0.28965639400127013,28.965639400127014
7817,0.27236840072678564,27.236840072678564
7818,0.2764884188324894,27.64884188324894
7819,0.2555815134798427,25.55815134798427
7820,0.30227033075259674,30.227033075259673
7821,0.281667487036928,28.1667487036928
7822,0.2913899561148212,29.138995611482123
7823,0.2669235733790666,26.692357337906657
7824,0.2883540140652465,28.835401406524653
7825,0.2980061596952304,29.800615969523044
7826,0.31146661157286004,31.146661157286005
7827,0.26747131169437544,26.747131169437544
7828,0.2769618688282899,27.69618688282899
7829,0.2769545065589536,27.69545065589536
7830,0.2744067654716369,27.44067654716369
7831,0.2660335933360476,26.603359333604757
7832,0.29119223886425805,29.119223886425804
7833,0.28754781309515526,28.754781309515526
7834,0.27792957368621757,27.792957368621757
7835,0.27482233322608535,27.482233322608536
7836,0.2790933311693515,27.909333116935148
7837,0.2938468741800127,29.38468741800127
7838,0.2733300384086719,27.333003840867192
7839,0.28766735530236265,28.766735530236264
7840,0.27643552902892005,27.643552902892004
7841,0.2849635851606123,28.496358516061232
7842,0.28083907937536556,28.083907937536555
7843,0.2868298261712393,28.68298261712393
7844,0.2957821852558349,29.578218525583488
7845,0.30643337342709437,30.643337342709437
7846,0.2951508502659102,29.51508502659102
7847,0.28363458041401796,28.363458041401795
7848,0.30107190379419224,30.107190379419222
7849,0.2906160055621147,29.06160055621147
7850,0.2901781519992058,29.017815199920584
7851,0.28081064126200517,28.081064126200516
7852,0.2865255431410462,28.652554314104624
7853,0.2622986391234439,26.229863912344392
7854,0.29418292365661747,29.418292365661745
7855,0.2743824133088943,27.43824133088943
7856,0.2897360572071744,28.973605720717437
7857,0.27564669704470707,27.564669704470706
7858,0.29758852856266554,29.758852856266554
7859,0.28123825917837286,28.123825917837287
7860,0.2854097382541712,28.540973825417122
7861,0.292060025491978,29.2060025491978
7862,0.2949485614282507,29.49485614282507
7863,0.29416894749103,29.416894749103
7864,0.2975053712958649,29.75053712958649
7865,0.2722747187090311,27.22747187090311
7866,0.29168427604286573,29.168427604286574
7867,0.2893475568186739,28.93475568186739
7868,0.2791192800152007,27.91192800152007
7869,0.26790690820362034,26.790690820362034
7870,0.2855989784520644,28.55989784520644
7871,0.292656983467186,29.2656983467186
7872,0.2858085720792918,28.580857207929178
7873,0.25773636195411176,25.773636195411175
7874,0.2836002270002282,28.360022700022817
7875,0.2973686452720004,29.73686452720004
7876,0.277701543802971,27.7701543802971
7877,0.29293830600542203,29.293830600542204
7878,0.30310743599694834,30.310743599694835
7879,0.27570627095415284,27.570627095415283
7880,0.28627616364813707,28.627616364813708
7881,0.26522310452813547,26.522310452813546
7882,0.2789899277856112,27.898992778561123
7883,0.28431452742199437,28.431452742199436
7884,0.2798936958960236,27.989369589602358
7885,0.2567160707698862,25.671607076988618
7886,0.27149178216114495,27.149178216114496
7887,0.28736070511811035,28.736070511811036
7888,0.3102569104536497,31.025691045364972
7889,0.29208608165022204,29.208608165022206
7890,0.28274969718679105,28.274969718679106
7891,0.26819420134040695,26.819420134040694
7892,0.2882040279320585,28.82040279320585
7893,0.28163826466030134,28.163826466030134
7894,0.2767763409540374,27.677634095403743
7895,0.29146343936679453,29.146343936679454
7896,0.3052924331734219,30.529243317342193
7897,0.2879234154592791,28.792341545927908
7898,0.30364561964765946,30.364561964765947
7899,0.2818567272348211,28.185672723482107
7900,0.2615643343720434,26.156433437204342
7901,0.28448276398811156,28.448276398811156
7902,0.2754556645063144,27.54556645063144
7903,0.2881240984115721,28.812409841157212
7904,0.2883860977812432,28.83860977812432
7905,0.2926046335390051,29.260463353900512
7906,0.2768086621873415,27.680866218734153
7907,0.28288530363675757,28.288530363675758
7908,0.2840495856565652,28.404958565656518
7909,0.3046570361452048,30.46570361452048
7910,0.26378928429471266,26.378928429471266
7911,0.2884870798397226,28.84870798397226
7912,0.2589802497857239,25.898024978572394
7913,0.2810751447420548,28.10751447420548
7914,0.28104047239311514,28.104047239311512
7915,0.26310783890984996,26.310783890984997
7916,0.2948418584197608,29.48418584197608
7917,0.2724165168939616,27.241651689396164
7918,0.28789241028156026,28.789241028156027
7919,0.28392327412895424,28.392327412895423
7920,0.29644499967605015,29.644499967605014
7921,0.28732934991434134,28.732934991434135
7922,0.2749510755926153,27.495107559261527
7923,0.2663531098474821,26.635310984748212
7924,0.28239149191055296,28.239149191055297
7925,0.28679537322998316,28.679537322998318
7926,0.28525829135976283,28.525829135976284
7927,0.2853287514301786,28.53287514301786
7928,0.31389979328270834,31.389979328270833
7929,0.30408142551228456,30.408142551228458
7930,0.266957671435072,26.695767143507197
7931,0.28570495355462067,28.570495355462068
7932,0.26665065129203047,26.665065129203047
7933,0.2955605398149693,29.556053981496934
7934,0.3012822905920499,30.12822905920499
7935,0.28403358336993595,28.403358336993595
7936,0.28312443482190514,28.312443482190513
7937,0.26333076698037655,26.333076698037654
7938,0.28170467848411607,28.170467848411608
7939,0.305948217509874,30.5948217509874
7940,0.2770702088130464,27.70702088130464
7941,0.27814637604166376,27.814637604166375
7942,0.29461744743022666,29.461744743022667
7943,0.2859058901602755,28.59058901602755
7944,0.3043036214194869,30.43036214194869
7945,0.2962899366511516,29.62899366511516
7946,0.2842520459444557,28.425204594445567
7947,0.26924522505917853,26.924522505917853
7948,0.27004340494443474,27.004340494443476
7949,0.26740808906048,26.740808906048002
7950,0.26301251991582886,26.301251991582888
7951,0.27930336420439406,27.930336420439406
7952,0.2725690614955425,27.25690614955425
7953,0.2859437531604893,28.594375316048932
7954,0.29690863912018534,29.690863912018532
7955,0.28814560536234146,28.814560536234147
7956,0.2838944630806389,28.389446308063892
7957,0.2775613628158732,27.756136281587317
7958,0.2871849337099902,28.71849337099902
7959,0.284110466107938,28.4110466107938
7960,0.3006092393127051,30.060923931270512
7961,0.28883707964728217,28.883707964728217
7962,0.2850126918846004,28.50126918846004
7963,0.2635579249559792,26.355792495597917
7964,0.2940686976815433,29.40686976815433
7965,0.2815539351303986,28.15539351303986
7966,0.27412064727550595,27.412064727550593
7967,0.2922896621869411,29.228966218694108
7968,0.2738344199696138,27.383441996961377
7969,0.28760679990550325,28.760679990550326
7970,0.2831442627487098,28.31442627487098
7971,0.2967711834649029,29.67711834649029
7972,0.321997423987394,32.1997423987394
7973,0.29254981826105064,29.254981826105066
7974,0.29172035226246035,29.172035226246035
7975,0.28887429813720705,28.887429813720704
7976,0.2612623907363725,26.126239073637247
7977,0.30075515450023665,30.075515450023666
7978,0.29759777660242964,29.759777660242964
7979,0.2782498690553432,27.82498690553432
7980,0.27009536106472537,27.009536106472538
7981,0.2689108959589692,26.891089595896922
7982,0.2719264301612758,27.192643016127583
7983,0.30853298325726297,30.853298325726296
7984,0.27104036200972637,27.104036200972637
7985,0.294998175972313,29.4998175972313
7986,0.2942070863281417,29.42070863281417
7987,0.2809513667113,28.09513667113
7988,0.2853420279407329,28.534202794073288
7989,0.28227120794069466,28.227120794069467
7990,0.2617861742490557,26.17861742490557
7991,0.29150928896664835,29.150928896664833
7992,0.3040385099169662,30.40385099169662
7993,0.2813966670661096,28.13966670661096
7994,0.29273547036182473,29.273547036182475
7995,0.26564834055802333,26.564834055802333
7996,0.2683681564271252,26.83681564271252
7997,0.2958896294206814,29.588962942068143
7998,0.28339728091376526,28.339728091376525
7999,0.2980096686753603,29.800966867536026
8000,0.2804567036426748,28.045670364267476
8001,0.2875035909579099,28.75035909579099
8002,0.2935759431731762,29.35759431731762
8003,0.25908772438760197,25.908772438760195
8004,0.27295426225929315,27.295426225929315
8005,0.28342544319888524,28.342544319888525
8006,0.2995930898301358,29.959308983013578
8007,0.30233961138127624,30.233961138127626
8008,0.28562550548964744,28.562550548964744
8009,0.2910337283272418,29.10337283272418
8010,0.284679034876062,28.4679034876062
8011,0.27516941968000136,27.516941968000136
8012,0.26627355395397273,26.627355395397274
8013,0.2876920523837806,28.76920523837806
8014,0.28966683960948575,28.966683960948576
8015,0.30325189042325934,30.325189042325935
8016,0.29037101595001186,29.037101595001186
8017,0.2604725230258953,26.04725230258953
8018,0.2651828451741976,26.51828451741976
8019,0.2810604245464414,28.106042454644143
8020,0.2718888404737833,27.18888404737833
8021,0.30404984830900633,30.404984830900634
8022,0.30113478533515053,30.113478533515053
8023,0.25929489608327444,25.929489608327444
8024,0.2785386318607143,27.853863186071433
8025,0.27810747792148,27.810747792148
8026,0.2732284520644865,27.322845206448648
8027,0.2642309534454936,26.423095344549356
8028,0.2944276817298039,29.442768172980387
8029,0.26627098284145084,26.627098284145085
8030,0.296265883559397,29.6265883559397
8031,0.2954042096182883,29.54042096182883
8032,0.2842279463039224,28.42279463039224
8033,0.26701609461108317,26.701609461108315
8034,0.2902243122549653,29.022431225496533
8035,0.2765642049225898,27.65642049225898
8036,0.2952037124204485,29.520371242044853
8037,0.30500744926660733,30.500744926660733
8038,0.25404833959065576,25.404833959065577
8039,0.29834457466032954,29.834457466032955
8040,0.2961232261109516,29.61232261109516
8041,0.29083000338308773,29.08300033830877
8042,0.2730545089469666,27.30545089469666
8043,0.28078953436599785,28.078953436599786
8044,0.28145817297470593,28.145817297470593
8045,0.2900142809486525,29.00142809486525
8046,0.2827845464514565,28.27845464514565
8047,0.29813805060541676,29.813805060541675
8048,0.26747568405476074,26.747568405476073
8049,0.2772961356998878,27.729613569988782
8050,0.2734064811325647,27.34064811325647
8051,0.2962057442643809,29.62057442643809
8052,0.27232887021888824,27.232887021888825
8053,0.2878846134636094,28.78846134636094
8054,0.27632350314830795,27.632350314830795
8055,0.29150248981550747,29.150248981550746
8056,0.2997240227774695,29.97240227774695
8057,0.30174613878527123,30.174613878527122
8058,0.26250777694487076,26.250777694487077
8059,0.2674573720252633,26.745737202526332
8060,0.28087279116026487,28.087279116026487
8061,0.3019611648643906,30.196116486439063
8062,0.25922900029387175,25.922900029387176
8063,0.28448680537551213,28.448680537551212
8064,0.2733571279581562,27.33571279581562
8065,0.3061206190836192,30.61206190836192
8066,0.2695866840187615,26.958668401876153
8067,0.27342951350295713,27.342951350295714
8068,0.2800700045020378,28.00700045020378
8069,0.27277927144631087,27.277927144631086
8070,0.2910389444932634,29.10389444932634
8071,0.285373592499882,28.5373592499882
8072,0.27684706239410706,27.684706239410705
8073,0.2918131288522613,29.18131288522613
8074,0.3025466157692666,30.25466157692666
8075,0.304373959266004,30.437395926600402
8076,0.2882867739562165,28.82867739562165
8077,0.28130376869666956,28.130376869666957
8078,0.2860550649274815,28.60550649274815
8079,0.27818181825526184,27.818181825526185
8080,0.2763504397629688,27.63504397629688
8081,0.2842321113115504,28.42321113115504
8082,0.28169137326526006,28.169137326526005
8083,0.2780350221670539,27.80350221670539
8084,0.2909996777844292,29.09996777844292
8085,0.2824083996251358,28.24083996251358
8086,0.2843072779305476,28.43072779305476
8087,0.29569932913128166,29.569932913128167
8088,0.2740260092805196,27.402600928051964
8089,0.2816222623736721,28.16222623736721
8090,0.27146275170514605,27.146275170514606
8091,0.29285667728005765,29.285667728005766
8092,0.27126765652216683,27.126765652216683
8093,0.2809800710535147,28.09800710535147
8094,0.33016006663077085,33.016006663077086
8095,0.2956783587721122,29.56783587721122
8096,0.2912073453309774,29.120734533097743
8097,0.2974473349972539,29.74473349972539
8098,0.2725469940354948,27.25469940354948
8099,0.28250703950109257,28.25070395010926
8100,0.28783225667360496,28.783225667360497
8101,0.27551195424888913,27.551195424888913
8102,0.2793926861720795,27.93926861720795
8103,0.2885611588038507,28.85611588038507
8104,0.2820930721665158,28.20930721665158
8105,0.29700842361021323,29.700842361021323
8106,0.2893104355811111,28.931043558111107
8107,0.2956027375599028,29.56027375599028
8108,0.26500827315764425,26.500827315764425
8109,0.3053214090996282,30.53214090996282
8110,0.2697329205712341,26.97329205712341
8111,0.27613701471001517,27.613701471001516
8112,0.28028216924178717,28.028216924178718
8113,0.3036181985188962,30.36181985188962
8114,0.2661611743105454,26.61611743105454
8115,0.2548863635133842,25.488636351338418
8116,0.2892395197048947,28.92395197048947
8117,0.2733891176121814,27.33891176121814
8118,0.2813088434753103,28.130884347531033
8119,0.26116507004647166,26.116507004647165
8120,0.3057154836869632,30.571548368696323
8121,0.2910605647605676,29.106056476056757
8122,0.2691021594299841,26.910215942998413
8123,0.25824381220718107,25.824381220718106
8124,0.2959330528360739,29.59330528360739
8125,0.2804109386510539,28.04109386510539
8126,0.28926637771546254,28.926637771546254
8127,0.27584820567592117,27.584820567592118
8128,0.2851493882568109,28.514938825681092
8129,0.28389693901199897,28.389693901199898
8130,0.2866443270052886,28.66443270052886
8131,0.2650325976713559,26.50325976713559
8132,0.2607040305720528,26.070403057205283
8133,0.30353847835379005,30.353847835379007
8134,0.2722082851067825,27.220828510678253
8135,0.2723457232416439,27.23457232416439
8136,0.29248384759890755,29.248384759890754
8137,0.2766806483330393,27.66806483330393
8138,0.26735993284822884,26.735993284822886
8139,0.28727501496074764,28.727501496074765
8140,0.2884406803978456,28.84406803978456
8141,0.28480428257540125,28.480428257540126
8142,0.2933125420041096,29.33125420041096
8143,0.2762486543195213,27.624865431952127
8144,0.28228045598045876,28.228045598045874
8145,0.28197387585152656,28.197387585152654
8146,0.28121656030697567,28.12165603069757
8147,0.30118141057655595,30.118141057655595
8148,0.28643419304969614,28.643419304969616
8149,0.2745121619381998,27.451216193819977
8150,0.2968056395279722,29.68056395279722
8151,0.29006663087683343,29.006663087683343
8152,0.27649404572052827,27.649404572052827
8153,0.28975449346319343,28.975449346319344
8154,0.3160119804213152,31.601198042131518
8155,0.2756493923837506,27.564939238375057
8156,0.26927882726430824,26.927882726430823
8157,0.2705085872429454,27.050858724294542
8158,0.27225114540397954,27.225114540397954
8159,0.2778290474335387,27.78290474335387
8160,0.2906013949462711,29.06013949462711
8161,0.26582320653818986,26.582320653818986
8162,0.27427112858463887,27.427112858463886
8163,0.29133079178245325,29.133079178245325
8164,0.2738032810517152,27.380328105171518
8165,0.3011655156023215,30.116551560232153
8166,0.29905266176988965,29.905266176988967
8167,0.26684893017430744,26.684893017430745
8168,0.2851916161662944,28.51916161662944
8169,0.2999581615248344,29.99581615248344
8170,0.2898411376122563,28.984113761225633
8171,0.2900900670387529,29.00900670387529
8172,0.2845513345513346,28.455133455133456
8173,0.29424316499461894,29.424316499461895
8174,0.2646031725886535,26.460317258865352
8175,0.2818354872049282,28.18354872049282
8176,0.28411640966375185,28.411640966375185
8177,0.2796745010725111,27.967450107251107
8178,0.301033859019052,30.1033859019052
8179,0.2730852352517021,27.30852352517021
8180,0.27946977826546177,27.946977826546178
8181,0.2842844793664465,28.428447936644652
8182,0.2790475804906698,27.90475804906698
8183,0.27383751023898323,27.383751023898323
8184,0.3028535124039393,30.285351240393933
8185,0.29011979963911405,29.011979963911404
8186,0.30445637537644793,30.445637537644792
8187,0.2899708160319366,28.99708160319366
8188,0.27000749299643695,27.000749299643694
8189,0.2968622841557976,29.68622841557976
8190,0.2590372044155862,25.90372044155862
8191,0.27292214837874645,27.292214837874646
8192,0.265974678404135,26.5974678404135
8193,0.26213893960528406,26.213893960528406
8194,0.2926770477921077,29.267704779210767
8195,0.28206654512893276,28.206654512893277
8196,0.29194950689561605,29.194950689561605
8197,0.27265475225919933,27.265475225919932
8198,0.2775077074907046,27.75077074907046
8199,0.3160961983859167,31.60961983859167
8200,0.29412106398520593,29.412106398520592
8201,0.2894045877176054,28.94045877176054
8202,0.2966769780329102,29.66769780329102
8203,0.2829615297409673,28.296152974096728
8204,0.2783391984911463,27.83391984911463
8205,0.2811660516717333,28.11660516717333
8206,0.2931810560842819,29.31810560842819
8207,0.2811466795507292,28.11466795507292
8208,0.2807525496652729,28.07525496652729
8209,0.28654163782083697,28.654163782083696
8210,0.2540051775449171,25.40051775449171
8211,0.2940581729305895,29.40581729305895
8212,0.292277979571493,29.2277979571493
8213,0.28774887453362596,28.774887453362595
8214,0.295558953708037,29.555895370803697
8215,0.27553925227356624,27.553925227356622
8216,0.28690822548147926,28.690822548147928
8217,0.27196103844101566,27.196103844101565
8218,0.29762747937205347,29.762747937205347
8219,0.251483152197838,25.1483152197838
8220,0.29198905492393445,29.198905492393447
8221,0.2957009534634192,29.57009534634192
8222,0.27747871604670016,27.747871604670017
8223,0.29481415194044147,29.481415194044146
8224,0.2579228979055974,25.792289790559742
8225,0.2754815564873472,27.548155648734717
8226,0.27883918443189387,27.883918443189387
8227,0.2930703116883915,29.30703116883915
8228,0.30420651008496635,30.420651008496634
8229,0.28128018361058493,28.128018361058494
8230,0.2859117635064642,28.591176350646418
8231,0.300386386857379,30.0386386857379
8232,0.29331764287672274,29.331764287672275
8233,0.2826668786779036,28.266687867790356
8234,0.29250621620120265,29.250621620120263
8235,0.31282889699760846,31.282889699760847
8236,0.2774354297744398,27.74354297744398
8237,0.2662407523875911,26.624075238759108
8238,0.2857729492186152,28.57729492186152
8239,0.2845399139804709,28.45399139804709
8240,0.2963833175266586,29.63833175266586
8241,0.2920486288333803,29.204862883338027
8242,0.27823316451249297,27.823316451249298
8243,0.30355617345345237,30.355617345345237
8244,0.2929398345468583,29.29398345468583
8245,0.29959968223481354,29.959968223481354
8246,0.28914370485999785,28.914370485999786
8247,0.2831052700536584,28.310527005365838
8248,0.27193513787267487,27.193513787267488
8249,0.30192415033292846,30.192415033292846
8250,0.2577291700281613,25.772917002816133
8251,0.27302655428849715,27.302655428849715
8252,0.29784688581832114,29.784688581832114
8253,0.27243962008027345,27.243962008027346
8254,0.2658043753518449,26.580437535184494
8255,0.26635310984748206,26.635310984748205
8256,0.2694835049019054,26.948350490190542
8257,0.28296023871683834,28.296023871683833
8258,0.2967830201376099,29.678302013760987
8259,0.27771212369001164,27.771212369001162
8260,0.2764296407712275,27.642964077122752
8261,0.2658749539093944,26.58749539093944
8262,0.305968222961944,30.596822296194397
8263,0.2954678705375632,29.54678705375632
8264,0.28317646175811517,28.317646175811518
8265,0.2934749912792469,29.347499127924692
8266,0.30574532299342494,30.574532299342494
8267,0.30257194341528293,30.257194341528294
8268,0.2737934529796288,27.37934529796288
8269,0.2716314228198778,27.163142281987778
8270,0.2765281437765336,27.65281437765336
8271,0.27862598830893953,27.862598830893955
8272,0.293966439245687,29.3966439245687
8273,0.28505259306943986,28.505259306943987
8274,0.28851327529802673,28.851327529802674
8275,0.2826166314123149,28.26166314123149
8276,0.27813202679547383,27.813202679547384
8277,0.303265759276452,30.326575927645198
8278,0.2816556281806847,28.16556281806847
8279,0.27258838466410745,27.258838466410744
8280,0.2835014079334412,28.35014079334412
8281,0.28033539001834124,28.033539001834125
8282,0.30294964503904664,30.294964503904666
8283,0.27642295666535105,27.642295666535105
8284,0.2836415889205391,28.364158892053908
8285,0.2892529789810096,28.92529789810096
8286,0.2985291396268602,29.852913962686017
8287,0.29690712322287816,29.690712322287816
8288,0.29868007914545414,29.868007914545412
8289,0.2854337317948981,28.543373179489812
8290,0.2732309855613427,27.32309855613427
8291,0.2864877874532273,28.64877874532273
8292,0.2811912332672536,28.119123326725358
8293,0.2736449953878772,27.36449953878772
8294,0.27365274505075504,27.365274505075504
8295,0.2980519246868512,29.80519246868512
8296,0.28951850006060814,28.951850006060813
8297,0.2801174322020612,28.01174322020612
8298,0.2833226078782689,28.33226078782689
8299,0.2933075044825435,29.33075044825435
8300,0.2829011816968652,28.29011816968652
8301,0.28984936526447097,28.984936526447097
8302,0.2995840115274632,29.958401152746323
8303,0.26906738037494377,26.906738037494378
8304,0.2875553294217505,28.755532942175048
8305,0.28677767813032085,28.677767813032084
8306,0.27124292243137743,27.12429224313774
8307,0.28234187676019656,28.234187676019655
8308,0.29492751201201167,29.492751201201166
8309,0.2649720422744965,26.49720422744965
8310,0.2721345377219333,27.21345377219333
8311,0.2803822787863285,28.03822787863285
8312,0.30167138887441153,30.16713888744115
8313,0.28631496224085445,28.631496224085446
8314,0.27278332144676853,27.278332144676853
8315,0.27710331325040527,27.710331325040528
8316,0.297370136197771,29.7370136197771
8317,0.2744377370818535,27.443773708185347
8318,0.292264441691285,29.226444169128502
8319,0.28732453499857863,28.73245349985786
8320,0.2619604944353625,26.19604944353625
8321,0.30047633841612,30.047633841611997
8322,0.2992734809255398,29.92734809255398
8323,0.2634884426191205,26.348844261912053
8324,0.3073829736082819,30.738297360828188
8325,0.2568534568904741,25.685345689047413
8326,0.2796132990941626,27.96132990941626
8327,0.25982931165930634,25.982931165930633
8328,0.2678929685345082,26.78929685345082
8329,0.2683524268469231,26.83524268469231
8330,0.28488850367047364,28.488850367047363
8331,0.2731718218352689,27.31718218352689
8332,0.2983622697599918,29.836226975999182
8333,0.2928772685467553,29.287726854675526
8334,0.2925962423158733,29.259624231587328
8335,0.287306454687081,28.7306454687081
8336,0.2997084605049496,29.97084605049496
8337,0.28327732852318593,28.327732852318594
8338,0.28516039637692775,28.516039637692774
8339,0.2615222152312031,26.15222152312031
8340,0.2853479161984254,28.534791619842544
8341,0.2966402680379901,29.66402680379901
8342,0.2999500262657811,29.99500262657811
8343,0.2990465401759144,29.904654017591444
8344,0.2817494648619923,28.174946486199232
8345,0.28392132109120677,28.392132109120677
8346,0.266073527635472,26.607352763547198
8347,0.2797492270711048,27.974922707110476
8348,0.28155372638131254,28.155372638131254
8349,0.2685609902133812,26.85609902133812
8350,0.2786249155733039,27.862491557330387
8351,0.2916805188835857,29.16805188835857
8352,0.28769388233994575,28.769388233994576
8353,0.2831479014208561,28.31479014208561
8354,0.2790479120699487,27.904791206994872
8355,0.2769257399881276,27.692573998812758
8356,0.280298720849814,28.0298720849814
8357,0.2937328951759845,29.37328951759845
8358,0.2844265809516375,28.442658095163747
8359,0.3020551678028266,30.20551678028266
8360,0.29586076080686996,29.586076080686997
8361,0.2582165440132412,25.821654401324118
8362,0.2864034579233245,28.64034579233245
8363,0.2982449209215888,29.824492092158877
8364,0.2724462494943227,27.24462494943227
8365,0.3214829436505616,32.14829436505616
8366,0.2916086969731216,29.160869697312158
8367,0.28225552344427596,28.225552344427594
8368,0.27741143684000713,27.74114368400071
8369,0.3035730811680351,30.357308116803512
8370,0.26598413345553845,26.598413345553844
8371,0.2629151992259281,26.29151992259281
8372,0.2986822937071604,29.868229370716037
8373,0.2593224958564932,25.93224958564932
8374,0.2761461727617201,27.61461727617201
8375,0.26980504535267547,26.980504535267546
8376,0.2740877071097438,27.408770710974377
8377,0.29344161282810527,29.34416128281053
8378,0.31015026501065607,31.015026501065606
8379,0.266594637992648,26.6594637992648
8380,0.3006026098986557,30.060260989865572
8381,0.27475265435710144,27.475265435710146
8382,0.2952164767046454,29.52164767046454
8383,0.29197537729940676,29.197537729940677
8384,0.2740260092805196,27.402600928051964
8385,0.2815284262986586,28.15284262986586
8386,0.2867905970780708,28.67905970780708
8387,0.27637172602158455,27.637172602158454
8388,0.27870646775711766,27.870646775711766
8389,0.28170092305356575,28.170092305356576
8390,0.2570391941201068,25.703919412010677
8391,0.2832015971249126,28.32015971249126
8392,0.2820883507064305,28.20883507064305
8393,0.2715320713458201,27.153207134582008
8394,0.29077421322815383,29.077421322815383
8395,0.26221327993906596,26.221327993906595
8396,0.2823436786143541,28.234367861435413
8397,0.2785839267335954,27.85839267335954
8398,0.28415288699731994,28.415288699731995
8399,0.2914058732725919,29.140587327259187
8400,0.27139066903132236,27.139066903132235
8401,0.2712469807329048,27.12469807329048
8402,0.30471182751089326,30.471182751089327
8403,0.2827641987615101,28.27641987615101
8404,0.3053253653581702,30.532536535817016
8405,0.29752273481624825,29.752273481624826
8406,0.2707236133220649,27.07236133220649
8407,0.27453688712162516,27.453688712162517
8408,0.2748472321947658,27.48472321947658
8409,0.285194476383229,28.519447638322898
8410,0.28082043376396626,28.082043376396626
8411,0.2928471652694521,29.28471652694521
8412,0.30686704646457713,30.686704646457713
8413,0.2975053712958649,29.75053712958649
8414,0.29706001692415884,29.706001692415885
8415,0.2798966670633075,27.989666706330752
8416,0.28530825255664244,28.530825255664244
8417,0.31293423877234416,31.293423877234417
8418,0.31504585566618,31.504585566617997
8419,0.286745040835536,28.674504083553597
8420,0.3001748804169869,30.01748804169869
8421,0.27332864673788637,27.332864673788638
8422,0.2676935898567673,26.76935898567673
8423,0.28984936526447097,28.984936526447097
8424,0.289600542544075,28.960054254407503
8425,0.2860490224504955,28.60490224504955
8426,0.27464270928935813,27.464270928935814
8427,0.2835592501297181,28.35592501297181
8428,0.2682709352646908,26.82709352646908
8429,0.2687775448339369,26.87775448339369
8430,0.2782580145287343,27.825801452873428
8431,0.2647649150563133,26.476491505631326
8432,0.2823865090808139,28.238650908081393
8433,0.29382275155356363,29.382275155356364
8434,0.31396010170852184,31.396010170852186
8435,0.27764609613730296,27.764609613730297
8436,0.309133209493839,30.9133209493839
8437,0.303015909664803,30.3015909664803
8438,0.2723511614329239,27.235116143292394
8439,0.31544829572379246,31.544829572379246
8440,0.2809408419603462,28.09408419603462
8441,0.28497818364522304,28.497818364522303
8442,0.28740786850617445,28.740786850617443
8443,0.2815725085295498,28.15725085295498
8444,0.2847241522269231,28.47241522269231
8445,0.28199586565083334,28.199586565083333
8446,0.2770136884117426,27.70136884117426
8447,0.2959176849997008,29.59176849997008
8448,0.2717245868032203,27.17245868032203
8449,0.29669943176406394,29.669943176406395
8450,0.2904958762558096,29.04958762558096
8451,0.2782103685402176,27.82103685402176
8452,0.2796331391522002,27.963313915220024
8453,0.2763686751909961,27.63686751909961
8454,0.28558330835100826,28.558330835100826
8455,0.2851040215054945,28.510402150549453
8456,0.26200853216048,26.200853216048
8457,0.29687396677124567,29.687396677124568
8458,0.29347617559727524,29.347617559727524
8459,0.2905808949277955,29.058089492779548
8460,0.25939417095586204,25.939417095586204
8461,0.2751849385974677,27.51849385974677
8462,0.2984711062019182,29.84711062019182
8463,0.27947097522761905,27.947097522761904
8464,0.27455229706561596,27.455229706561596
8465,0.2943760890221524,29.43760890221524
8466,0.27243634482076634,27.243634482076633
8467,0.2931466301857626,29.31466301857626
8468,0.2900903986180319,29.00903986180319
8469,0.29528492817444046,29.528492817444047
8470,0.2922264395530458,29.222643955304576
8471,0.2992425646134445,29.924256461344452
8472,0.2902125054129956,29.02125054129956
8473,0.2565873948762164,25.65873948762164
8474,0.32565925089254594,32.56592508925459
8475,0.30363589361855853,30.36358936185585
8476,0.28612131447969935,28.612131447969936
8477,0.2929649699136558,29.29649699136558
8478,0.30449081391909627,30.449081391909626
8479,0.2722259802064448,27.22259802064448
8480,0.27499107455044225,27.499107455044225
8481,0.2849789944983089,28.49789944983089
8482,0.3073645373522628,30.73645373522628
8483,0.29391411428904274,29.391411428904274
8484,0.29016052710916873,29.016052710916874
8485,0.2969504393258758,29.695043932587577
8486,0.3178318081977516,31.783180819775158
8487,0.30194048359254244,30.194048359254243
8488,0.3013775730296761,30.13775730296761
8489,0.27714747782215443,27.714747782215444
8490,0.28159347828242504,28.159347828242502
8491,0.2720278922789396,27.20278922789396
8492,0.31438529829962875,31.438529829962874
8493,0.2829557637071734,28.29557637071734
8494,0.2741556512037244,27.41556512037244
8495,0.2847283880504705,28.47283880504705
8496,0.29218784430383915,29.218784430383916
8497,0.29019704406102553,29.019704406102555
8498,0.27824260631347325,27.824260631347325
8499,0.29140096650231295,29.140096650231296
8500,0.3086978138125858,30.869781381258584
8501,0.2957389933793588,29.573899337935885
8502,0.3130312654986317,31.30312654986317
8503,0.2845795813590189,28.45795813590189
8504,0.2817530710944842,28.175307109448422
8505,0.2922021695691266,29.220216956912658
8506,0.28920091554832417,28.920091554832418
8507,0.30088096531777125,30.088096531777126
8508,0.2842067516778688,28.42067516778688
8509,0.3011818663823566,30.11818663823566
8510,0.2741195745398702,27.411957453987018
8511,0.2649611770368998,26.496117703689983
8512,0.2798436680381185,27.98436680381185
8513,0.31649830686425023,31.649830686425023
8514,0.2847150960221182,28.47150960221182
8515,0.28713706772458725,28.713706772458725
8516,0.30213063783144617,30.213063783144616
8517,0.296221205616351,29.6221205616351
8518,0.2807233224294457,28.07233224294457
8519,0.2892837863196293,28.928378631962932
8520,0.28508703161208815,28.508703161208814
8521,0.27767262317488606,27.767262317488605
8522,0.26981149612226923,26.981149612226922
8523,0.25818875947183884,25.818875947183884
8524,0.3250958048605152,32.50958048605152
8525,0.2918677959914281,29.18677959914281
8526,0.2707246854514064,27.072468545140637
8527,0.3050344099264547,30.50344099264547
8528,0.28507102932545886,28.507102932545887
8529,0.26119159708405476,26.119159708405476
8530,0.27684692525097493,27.684692525097493
8531,0.27803257327843073,27.803257327843074
8532,0.29361848941151547,29.361848941151546
8533,0.30303443037475003,30.303443037475002
8534,0.2678698475077194,26.786984750771943
8535,0.30077690850772054,30.077690850772054
8536,0.27586166495203607,27.586166495203607
8537,0.2857658483189327,28.57658483189327
8538,0.2970207878309904,29.70207878309904
8539,0.27978693828143447,27.97869382814345
8540,0.29029604177226803,29.029604177226805
8541,0.27219529394678443,27.219529394678442
8542,0.29610179416043086,29.610179416043085
8543,0.28146373025941374,28.146373025941372
8544,0.31310521962994403,31.310521962994404
8545,0.2668815304597208,26.68815304597208
8546,0.2973900006210511,29.73900006210511
8547,0.2929494076411358,29.29494076411358
8548,0.30052159324392586,30.052159324392587
8549,0.27527899667199035,27.527899667199033
8550,0.2796192696927133,27.961926969271328
8551,0.2727276787386594,27.272767873865938
8552,0.2937714898188969,29.37714898188969
8553,0.2779874553212754,27.79874553212754
8554,0.28427846627593817,28.427846627593816
8555,0.30870725628849677,30.870725628849677
8556,0.2787733906854766,27.877339068547656
8557,0.26174776606127637,26.174776606127637
8558,0.3021648521072104,30.21648521072104
8559,0.27106100078961687,27.10610007896169
8560,0.270471283624162,27.0471283624162
8561,0.30670408608551797,30.670408608551796
8562,0.2956148051652321,29.561480516523208
8563,0.26851470606491284,26.851470606491283
8564,0.26461871267763726,26.461871267763726
8565,0.2718415482480818,27.184154824808182
8566,0.28248230106724387,28.248230106724385
8567,0.2842049504300054,28.42049504300054
8568,0.2576786500561455,25.76786500561455
8569,0.28962380179026864,28.962380179026866
8570,0.2823887959652152,28.23887959652152
8571,0.26214987453961,26.214987453960997
8572,0.2785113636667745,27.851136366677448
8573,0.307636098479438,30.7636098479438
8574,0.2910650613474745,29.106506134747452
8575,0.29113478226415657,29.11347822641566
8576,0.29159972710527937,29.15997271052794
8577,0.2678317565038565,26.783175650385648
8578,0.29938019718445286,29.938019718445286
8579,0.28758899749344613,28.758899749344614
8580,0.29093545262452336,29.093545262452338
8581,0.30093670519257376,30.093670519257376
8582,0.2986258971985655,29.86258971985655
8583,0.3305139522358278,33.05139522358278
8584,0.29735180664785255,29.735180664785254
8585,0.27354699369894153,27.354699369894153
8586,0.2780505537286491,27.805055372864913
8587,0.26458248179448945,26.458248179448944
8588,0.27862571429515687,27.862571429515686
8589,0.3093140423357911,30.93140423357911
8590,0.2999209105952551,29.99209105952551
8591,0.30455880958309084,30.455880958309084
8592,0.2980146210680678,29.80146210680678
8593,0.2869132630030453,28.69132630030453
8594,0.2839435027254727,28.39435027254727
8595,0.29684849982516925,29.684849982516926
8596,0.29791354555391103,29.791354555391102
8597,0.27203578835187536,27.203578835187535
8598,0.29797847531377863,29.79784753137786
8599,0.2874521926864053,28.745219268640533
8600,0.2878025240732438,28.78025240732438
8601,0.28018481093622066,28.018481093622068
8602,0.3062871590999383,30.62871590999383
8603,0.3013107191917522,30.131071919175216
8604,0.2947275923996116,29.47275923996116
8605,0.30631165162201185,30.631165162201185
8606,0.30360095922503444,30.360095922503444
8607,0.30035015597423126,30.035015597423126
8608,0.29327818006293144,29.327818006293143
8609,0.2717225761999767,27.17225761999767
8610,0.2908070381005073,29.08070381005073
8611,0.2983173064663897,29.83173064663897
8612,0.26932084687768215,26.932084687768214
8613,0.29981798053773656,29.981798053773655
8614,0.2946962621673793,29.469626216737932
8615,0.28731285238313053,28.731285238313053
8616,0.28562326595640447,28.562326595640446
8617,0.2785681858166199,27.85681858166199
8618,0.2971217141470888,29.712171414708884
8619,0.26791066363417054,26.791066363417055
8620,0.30000154297825665,30.000154297825667
8621,0.27199923241421425,27.199923241421427
8622,0.28871597477203476,28.871597477203476
8623,0.3089405167363728,30.89405167363728
8624,0.27759833485537766,27.759833485537765
8625,0.27337512592879576,27.337512592879577
8626,0.27825591153232926,27.825591153232924
8627,0.2938348893685181,29.38348893685181
8628,0.2732284520644865,27.322845206448648
8629,0.2942520496217439,29.42520496217439
8630,0.3005596247686429,30.05596247686429
8631,0.29168006307778516,29.168006307778516
8632,0.2777314006298538,27.77314006298538
8633,0.292022752310226,29.2022752310226
8634,0.30834056192175385,30.834056192175385
8635,0.26968682400033434,26.968682400033433
8636,0.2993454270625256,29.93454270625256
8637,0.26418004173687704,26.418004173687702
8638,0.2959187275707864,29.59187275707864
8639,0.29915589290101924,29.915589290101924
8640,0.2961109570713363,29.61109570713363
8641,0.28467078225231063,28.467078225231063
8642,0.2958250157222946,29.582501572229457
8643,0.29168731803472664,29.168731803472664
8644,0.30056186490818004,30.056186490818003
8645,0.30040154846018513,30.040154846018513
8646,0.28776446663688326,28.776446663688326
8647,0.3155402238448419,31.554022384484192
8648,0.28123150493150767,28.123150493150767
8649,0.2853694490694961,28.536944906949607
8650,0.29476471363717444,29.476471363717444
8651,0.3067004379673625,30.670043796736252
8652,0.2791421709724632,27.91421709724632
8653,0.28450249299698926,28.450249299698925
8654,0.28188894203591774,28.188894203591776
8655,0.2838696708180591,28.38696708180591
8656,0.28950339359388877,28.950339359388877
8657,0.280130667211292,28.0130667211292
8658,0.30369472637164757,30.36947263716476
8659,0.28267015333111645,28.267015333111644
8660,0.2782220498744409,27.82220498744409
8661,0.2789862142407246,27.898621424072463
8662,0.26967573500874953,26.967573500874952
8663,0.27270212727001863,27.270212727001862
8664,0.2943935767690574,29.439357676905743
8665,0.29372032999104974,29.372032999104974
8666,0.3001311291590806,30.013112915908057
8667,0.2843571936168573,28.43571936168573
8668,0.29676983914527555,29.676983914527554
8669,0.27322182265043715,27.322182265043715
8670,0.321292536048767,32.1292536048767
8671,0.29953496122403195,29.953496122403195
8672,0.28930486565227426,28.930486565227426
8673,0.2854634944998897,28.546349449988973
8674,0.2739919624744721,27.39919624744721
8675,0.29611062609835154,29.611062609835155
8676,0.29066120804183443,29.06612080418344
8677,0.2796738666222549,27.96738666222549
8678,0.28032535459349767,28.032535459349766
8679,0.2872022972303736,28.72022972303736
8680,0.2946327781638302,29.46327781638302
8681,0.27797522344434933,27.79752234443493
8682,0.2839232741289542,28.39232741289542
8683,0.31709634558185673,31.709634558185673
8684,0.2670135605079328,26.70135605079328
8685,0.2761990530258822,27.619905302588222
8686,0.29074231708972564,29.074231708972565
8687,0.2876555186296556,28.76555186296556
8688,0.2833775231965858,28.337752319658584
8689,0.2799231394090635,27.99231394090635
8690,0.27582948406934604,27.582948406934605
8691,0.2914956876024729,29.14956876024729
8692,0.26991082480649653,26.991082480649652
8693,0.280915445223895,28.0915445223895
8694,0.291274654974702,29.1274654974702
8695,0.2871036153067187,28.710361530671868
8696,0.2741923138474862,27.41923138474862
8697,0.26391753454713185,26.391753454713186
8698,0.29693419058882614,29.693419058882615
8699,0.2581656479844573,25.81656479844573
8700,0.2852082210099,28.52082210099
8701,0.27542239276127345,27.542239276127344
8702,0.272719503434531,27.2719503434531
8703,0.3094221120435299,30.942211204352986
8704,0.2888905799888417,28.88905799888417
8705,0.3033500744934155,30.33500744934155
8706,0.3086193084711759,30.86193084711759
8707,0.28320235434544205,28.320235434544205
8708,0.301594636754776,30.1594636754776
8709,0.27356299598557077,27.356299598557076
8710,0.2690847959096007,26.90847959096007
8711,0.26664245128884684,26.664245128884684
8712,0.27115933405783144,27.115933405783142
8713,0.2789077310828509,27.89077310828509
8714,0.27134768390130953,27.134768390130954
8715,0.28207897844014473,28.207897844014475
8716,0.2714908880699648,27.14908880699648
8717,0.2848786355533122,28.487863555331224
8718,0.2806375940501231,28.063759405012313
8719,0.29117721206090247,29.11772120609025
8720,0.2838909684134483,28.38909684134483
8721,0.2697751879194985,26.97751879194985
8722,0.28484759867839893,28.48475986783989
8723,0.30706470841701905,30.706470841701904
8724,0.2684727108167814,26.84727108167814
8725,0.29934649979816125,29.934649979816125
8726,0.2974090411627762,29.740904116277623
8727,0.27884068280878005,27.884068280878004
8728,0.25893348524425835,25.893348524425836
8729,0.2719377265056178,27.193772650561783
8730,0.27790773515616923,27.790773515616923
8731,0.28684312765333025,28.684312765333026
8732,0.3026561358020536,30.265613580205358
8733,0.29144170348602577,29.14417034860258
8734,0.2932488635644137,29.32488635644137
8735,0.3165145556012998,31.651455560129982
8736,0.26875845806348897,26.8758458063489
8737,0.2917041857042343,29.17041857042343
8738,0.2851440929480511,28.51440929480511
8739,0.2556866160684609,25.56866160684609
8740,0.2789629624626487,27.896296246264868
8741,0.2932097604264966,29.32097604264966
8742,0.29340579804680084,29.340579804680083
8743,0.29713558360657577,29.713558360657576
8744,0.2635416215271025,26.35416215271025
8745,0.2787623016938918,27.87623016938918
8746,0.28609068778815816,28.609068778815818
8747,0.27920615022059386,27.920615022059387
8748,0.26126003527767766,26.126003527767764
8749,0.28919275455713495,28.919275455713496
8750,0.29312947541446527,29.312947541446526
8751,0.2800796238250381,28.00796238250381
8752,0.2857010030816294,28.57010030816294
8753,0.2707919005202632,27.07919005202632
8754,0.28331216773554807,28.331216773554807
8755,0.2889079955234986,28.89079955234986
8756,0.3002614670005536,30.02614670005536
8757,0.2780652105732156,27.80652105732156
8758,0.3062196167948618,30.62196167948618
8759,0.286285351864392,28.6285351864392
8760,0.2676368197211954,26.763681972119542
8761,0.28393883640147416,28.393883640147415
8762,0.2753954099178898,27.53954099178898
8763,0.294331111415611,29.433111141561103
8764,0.2869157363425797,28.69157363425797
8765,0.2753891120831194,27.53891120831194
8766,0.2898864865020338,28.98864865020338
8767,0.2651571865551965,26.51571865551965
8768,0.2738810356973611,27.38810356973611
8769,0.26302231241778995,26.302231241778994
8770,0.28233217352092604,28.233217352092606
8771,0.29442105231575455,29.442105231575454
8772,0.28436535460804657,28.436535460804656
8773,0.2794050572546802,27.940505725468018
8774,0.2997151750478575,29.97151750478575
8775,0.2898723976348634,28.98723976348634
8776,0.28229658249360967,28.229658249360966
8777,0.29045322331136975,29.045322331136976
8778,0.3048180171480863,30.481801714808633
8779,0.27955661129944887,27.955661129944886
8780,0.3217873106826935,32.17873106826935
8781,0.29219846615284994,29.219846615284993
8782,0.28618233762542694,28.618233762542694
8783,0.2811764121510904,28.11764121510904
8784,0.29734368630803265,29.734368630803264
8785,0.2867239626478304,28.67239626478304
8786,0.3190449331682331,31.904493316823313
8787,0.28384180967518663,28.384180967518663
8788,0.2872997401441731,28.72997401441731
8789,0.32278508978029397,32.27850897802939
8790,0.26749917223095376,26.749917223095377
8791,0.2764017255428221,27.64017255428221
8792,0.28309987391007646,28.309987391007645
8793,0.28250481428078883,28.25048142807888
8794,0.2983855816953897,29.83855816953897
8795,0.2777745626755925,27.77745626755925
8796,0.2741687789005604,27.41687789005604
8797,0.31615639723196043,31.615639723196043
8798,0.2782890046329147,27.828900463291472
8799,0.24668382214070805,24.668382214070807
8800,0.26732509363586676,26.732509363586676
8801,0.27510469866921977,27.510469866921976
8802,0.29503334676395404,29.503334676395404
8803,0.2777798729035858,27.77798729035858
8804,0.3183984917115892,31.839849171158917
8805,0.27306671924665066,27.306671924665064
8806,0.27023743629914226,27.023743629914225
8807,0.2641732880963061,26.417328809630607
8808,0.2613295755472812,26.13295755472812
8809,0.2735971820916783,27.359718209167834
8810,0.27958565743528035,27.958565743528034
8811,0.28568302263141093,28.568302263141092
8812,0.3019463198359615,30.19463198359615
8813,0.28520941797205734,28.520941797205733
8814,0.3136643779098224,31.36643779098224
8815,0.30116810423526447,30.116810423526445
8816,0.2729538064534926,27.29538064534926
8817,0.29197537729940676,29.197537729940677
8818,0.26700083348081066,26.700083348081066
8819,0.29347200998335304,29.347200998335303
8820,0.2967097922434209,29.67097922434209
8821,0.28299126234132843,28.299126234132842
8822,0.2873062473343237,28.730624733432368
8823,0.29525570579781385,29.525570579781384
8824,0.304890841584561,30.489084158456098
8825,0.26882784539826915,26.882784539826915
8826,0.27744715209384513,27.744715209384513
8827,0.27529499895861953,27.529499895861953
8828,0.31207046961975876,31.207046961975877
8829,0.2926955559265622,29.26955559265622
8830,0.26731920537817416,26.731920537817416
8831,0.3066256029276443,30.66256029276443
8832,0.3035949875040483,30.35949875040483
8833,0.2964146727304276,29.64146727304276
8834,0.29339589231397367,29.33958923139737
8835,0.28537542245604725,28.537542245604726
8836,0.27690827442475874,27.690827442475875
8837,0.28070052645717025,28.070052645717027
8838,0.28529538762578893,28.529538762578895
8839,0.2852122830481925,28.521228304819253
8840,0.28162783230250893,28.16278323025089
8841,0.29136214698622226,29.136214698622226
8842,0.2809248396737169,28.092483967371688
8843,0.2914664286694513,29.146642866945133
8844,0.2921916003406836,29.21916003406836
8845,0.30890987123994046,30.890987123994044
8846,0.2790999605834008,27.90999605834008
8847,0.2945564818499953,29.45564818499953
8848,0.30032003838398896,30.032003838398897
8849,0.28962953599070235,28.962953599070236
8850,0.26586769004508903,26.586769004508902
8851,0.2694146729003922,26.941467290039224
8852,0.2678568132665609,26.785681326656093
8853,0.28900143666818623,28.90014366681862
8854,0.2771781763921311,27.71781763921311
8855,0.26428173478716316,26.428173478716317
8856,0.28809599081827925,28.809599081827926
8857,0.27231136982785425,27.231136982785426
8858,0.2821991772811445,28.219917728114453
8859,0.2680431394358797,26.80431394358797
8860,0.29833713439319437,29.833713439319435
8861,0.2950007094691692,29.500070946916917
8862,0.28371910438006753,28.371910438006754
8863,0.3043992869120204,30.439928691202038
8864,0.26860311826158556,26.860311826158558
8865,0.2842476735840704,28.42476735840704
8866,0.28905798165668656,28.905798165668656
8867,0.28005533632069796,28.005533632069795
8868,0.30329138088608154,30.329138088608154
8869,0.27951309436845945,27.951309436845946
8870,0.2894342827023008,28.943428270230083
8871,0.2731275996980234,27.312759969802343
8872,0.27666995627440333,27.666995627440333
8873,0.28183515562564926,28.183515562564924
8874,0.30059854786036333,30.059854786036333
8875,0.2802566773241741,28.025667732417407
8876,0.30357084163479214,30.357084163479215
8877,0.28780868877412863,28.780868877412864
8878,0.2912984860669473,29.12984860669473
8879,0.27744055251053307,27.744055251053307
8880,0.27038833371011867,27.038833371011865
8881,0.288906935431992,28.8906935431992
8882,0.2902486295900428,29.024862959004277
8883,0.28051992627657013,28.051992627657015
8884,0.284679034876062,28.4679034876062
8885,0.28649037608617023,28.64903760861702
8886,0.29921236128804946,29.921236128804946
8887,0.29294528451917135,29.294528451917135
8888,0.27960404100209524,27.960404100209523
8889,0.28256137506098045,28.256137506098046
8890,0.31261599110150234,31.261599110150236
8891,0.2759374516484307,27.59374516484307
8892,0.28334766636970304,28.334766636970304
8893,0.27908054875843946,27.908054875843945
8894,0.3216644014291118,32.16644014291118
8895,0.29263669334273584,29.263669334273583
8896,0.28024847185549556,28.024847185549557
8897,0.26752923841321674,26.752923841321675
8898,0.29809891410149514,29.809891410149515
8899,0.29180305990710803,29.180305990710803
8900,0.31269583122313227,31.26958312231323
8901,0.2695958475359612,26.959584753596122
8902,0.2910741728504007,29.10741728504007
8903,0.2983197728754339,29.83197728754339
8904,0.3055472508576111,30.55472508576111
8905,0.3095172132954324,30.95172132954324
8906,0.2921296831037759,29.21296831037759
8907,0.27661142526985594,27.661142526985593
8908,0.2979536572165662,29.79536572165662
8909,0.2720110912704574,27.20110912704574
8910,0.3213024656938602,32.13024656938602
8911,0.29589112840386184,29.589112840386182
8912,0.26444165917850126,26.44416591785013
8913,0.2846223051193781,28.462230511937808
8914,0.2724706437047635,27.247064370476348
8915,0.2862201750478098,28.622017504780978
8916,0.27270286842637537,27.270286842637535
8917,0.2883333376696902,28.833333766969023
8918,0.28126012475115797,28.126012475115797
8919,0.3014620267861005,30.146202678610052
8920,0.29982635027801174,29.982635027801173
8921,0.29420754213394235,29.420754213394236
8922,0.2699149904204188,26.991499042041877
8923,0.27704009061650986,27.704009061650986
8924,0.3086910770861417,30.86910770861417
8925,0.28949680179550513,28.949680179550512
8926,0.30502974360245616,30.502974360245616
8927,0.273688596841431,27.3688596841431
8928,0.28361408154048173,28.361408154048174
8929,0.2851054131762801,28.510541317628007
8930,0.283747764244793,28.374776424479297
8931,0.28422199788890795,28.422199788890794
8932,0.2864851466439763,28.648514664397627
8933,0.2848700674144546,28.48700674144546
8934,0.2734168114473717,27.34168114473717
8935,0.30510277678801684,30.510277678801685
8936,0.2933882277799544,29.33882277799544
8937,0.2863047239853961,28.63047239853961
8938,0.2992601745842483,29.92601745842483
8939,0.2838099141430526,28.380991414305264
8940,0.2776235164508979,27.76235164508979
8941,0.30139461043627536,30.139461043627534
8942,0.27235494145067074,27.235494145067072
8943,0.29027272983687025,29.027272983687023
8944,0.29006697997653336,29.006697997653337
8945,0.26717422605562774,26.717422605562774
8946,0.2901332589152289,29.01332589152289
8947,0.293631308831799,29.3631308831799
8948,0.2639175345471319,26.39175345471319
8949,0.3055786624819368,30.557866248193683
8950,0.2630707420375297,26.307074203752972
8951,0.2839336921738075,28.393369217380748
8952,0.27720346642248167,27.720346642248167
8953,0.2772008628703054,27.720086287030536
8954,0.2926481139135995,29.264811391359952
8955,0.294595918295921,29.459591829592103
8956,0.2824113198373576,28.241131983735762
8957,0.2683248701548649,26.83248701548649
8958,0.3056031789162763,30.56031789162763
8959,0.29429069940074304,29.429069940074303
8960,0.29025795494942974,29.025795494942976
8961,0.2751119323689752,27.51119323689752
8962,0.2876355839967503,28.76355839967503
8963,0.2824834805089802,28.24834805089802
8964,0.3096125196453245,30.961251964532448
8965,0.29761088998632634,29.761088998632633
8966,0.2824838120882591,28.24838120882591
8967,0.2760236923397793,27.60236923397793
8968,0.3018329022845637,30.18329022845637
8969,0.2797186379952292,27.97186379952292
8970,0.2947437589578376,29.474375895783762
8971,0.28474105994150595,28.474105994150595
8972,0.28145925524974885,28.145925524974885
8973,0.2860515289046148,28.605152890461483
8974,0.2660822898766637,26.608228987666372
8975,0.27635003018589094,27.635003018589092
8976,0.2871166064667168,28.711660646671678
8977,0.2839682374225563,28.396823742255627
8978,0.28518542503762456,28.518542503762458
8979,0.26967693197090686,26.967693197090686
8980,0.2965959438577593,29.65959438577593
8981,0.3019059930356206,30.19059930356206
8982,0.2920872786123793,29.208727861237932
8983,0.3144260257696834,31.442602576968344
8984,0.2936951394881655,29.36951394881655
8985,0.2962527701755002,29.625277017550022
8986,0.2754971331327259,27.54971331327259
8987,0.2657331258937266,26.573312589372662
8988,0.29318936825906095,29.318936825906093
8989,0.27157085529178554,27.157085529178556
8990,0.27521441280434084,27.521441280434082
8991,0.27990313463516947,27.990313463516948
8992,0.28791084653757926,28.791084653757927
8993,0.2683411735837415,26.834117358374147
8994,0.2881148281882718,28.811482818827177
8995,0.2913160168950128,29.13160168950128
8996,0.2646224681081874,26.46224681081874
8997,0.30937235819940756,30.937235819940756
8998,0.28174947689982716,28.174947689982716
8999,0.28367643818520455,28.367643818520456
9000,0.27562614060567464,27.562614060567466
9001,0.3004660351440498,30.04660351440498
9002,0.2953741885198087,29.537418851980867
9003,0.3048570374921688,30.48570374921688
9004,0.310446444615156,31.044644461515603
9005,0.2869846278264841,28.69846278264841
9006,0.2846967299757243,28.46967299757243
9007,0.2775396094146834,27.753960941468343
9008,0.2771151721066485,27.711517210664848
9009,0.29992487538118556,29.992487538118557
9010,0.278059144793503,27.805914479350303
9011,0.30482014997522866,30.482014997522867
9012,0.2877535018718201,28.77535018718201
9013,0.2779111374301985,27.791113743019853
9014,0.312438139555444,31.243813955544404
9015,0.2829648752100996,28.29648752100996
9016,0.2920456851531521,29.20456851531521
9017,0.2877407290602348,28.77407290602348
9018,0.28157386976330384,28.157386976330383
9019,0.3046283762804794,30.46283762804794
9020,0.2769900051931086,27.69900051931086
9021,0.2746510734784107,27.465107347841073
9022,0.27488122354467054,27.488122354467055
9023,0.271604634412641,27.1604634412641
9024,0.2990439515429715,29.90439515429715
9025,0.2719041142481849,27.19041142481849
9026,0.30422251237159564,30.422251237159564
9027,0.2711471777961058,27.11471777961058
9028,0.2682538691497898,26.82538691497898
9029,0.28937536534097874,28.937536534097873
9030,0.27463921462216745,27.463921462216746
9031,0.28441279662100916,28.441279662100914
9032,0.284681291929726,28.4681291929726
9033,0.2876282254641791,28.762822546417908
9034,0.3148150220090596,31.481502200905958
9035,0.2886512537612531,28.865125376125313
9036,0.2937436419264476,29.37436419264476
9037,0.28114807122151486,28.114807122151486
9038,0.3188334537705779,31.883345377057793
9039,0.3043218807597802,30.43218807597802
9040,0.28450395954051527,28.450395954051526
9041,0.2704494235168717,27.04494235168717
9042,0.2930317170454791,29.30317170454791
9043,0.28011298963205067,28.011298963205068
9044,0.3142526883309532,31.42526883309532
9045,0.28047599063482026,28.047599063482025
9046,0.3249619979296823,32.49619979296823
9047,0.2937352589357491,29.373525893574907
9048,0.2735864479853443,27.35864479853443
9049,0.276030406276393,27.603040627639302
9050,0.2835949256795989,28.359492567959887
9051,0.26569996944209423,26.56999694420942
9052,0.29248991337862007,29.24899133786201
9053,0.27815326682536673,27.81532668253667
9054,0.2963951763829018,29.63951763829018
9055,0.28891226318040625,28.891226318040626
9056,0.2588091447016024,25.88091447016024
9057,0.2851674935398453,28.516749353984526
9058,0.2733902844097886,27.339028440978858
9059,0.2955384548345007,29.55384548345007
9060,0.3029476344358031,30.294763443580308
9061,0.3095822371771912,30.958223717719118
9062,0.2829229350980549,28.29229350980549
9063,0.3019776374240648,30.19776374240648
9064,0.28706115567923546,28.706115567923547
9065,0.2803912414755364,28.03912414755364
9066,0.28393037502863677,28.393037502863677
9067,0.29894405974054883,29.894405974054884
9068,0.3102421931317055,31.024219313170548
9069,0.2978145947495671,29.781459474956712
9070,0.30281490224322877,30.281490224322877
9071,0.2871457046168217,28.71457046168217
9072,0.28789614074057374,28.789614074057372
9073,0.298883179289176,29.8883179289176
9074,0.28971814696658105,28.971814696658104
9075,0.3045750583201404,30.457505832014043
9076,0.26051854641100414,26.051854641100412
9077,0.2961442383557845,29.614423835578453
9078,0.2636156207421982,26.36156207421982
9079,0.3021928152930683,30.21928152930683
9080,0.3085370415587904,30.85370415587904
9081,0.30191255284633894,30.191255284633893
9082,0.2856670203447817,28.56670203447817
9083,0.2941642260309447,29.41642260309447
9084,0.30022073953049894,30.022073953049894
9085,0.2822594862275835,28.225948622758352
9086,0.2957934511631454,29.579345116314542
9087,0.27883712181437675,27.883712181437676
9088,0.29536455488386926,29.536455488386927
9089,0.29961688148360016,29.961688148360015
9090,0.29738291540120115,29.738291540120116
9091,0.28402264251713877,28.402264251713877
9092,0.2876946234963025,28.76946234963025
9093,0.29084716128485594,29.084716128485592
9094,0.29424152487078997,29.424152487079
9095,0.2915311496802329,29.153114968023292
9096,0.26351959107642636,26.351959107642635
9097,0.27488785295871987,27.48878529587199
9098,0.273118026603746,27.3118026603746
9099,0.2886659020784311,28.866590207843114
9100,0.2891290942441542,28.912909424415417
9101,0.2950953718293979,29.509537182939788
9102,0.2931699421211605,29.31699421211605
9103,0.2850675352645624,28.50675352645624
9104,0.27351182290730036,27.351182290730037
9105,0.27385277136925573,27.385277136925573
9106,0.2795222825847144,27.95222825847144
9107,0.2838153899499983,28.38153899499983
9108,0.2756938471823479,27.56938471823479
9109,0.28189101972697334,28.189101972697333
9110,0.29881845827839437,29.881845827839438
9111,0.28382371390581046,28.382371390581046
9112,0.2970242718395835,29.702427183958353
9113,0.28516350477301233,28.516350477301234
9114,0.30414947918603497,30.414947918603495
9115,0.29170568408112046,29.170568408112047
9116,0.2665576659531435,26.65576659531435
9117,0.3006093466250999,30.060934662509993
9118,0.2797741558705225,27.977415587052253
9119,0.30045343513144984,30.045343513144985
9120,0.27446917680818683,27.446917680818682
9121,0.260785941924257,26.0785941924257
9122,0.3009422618709874,30.094226187098737
9123,0.27190485540454157,27.190485540454155
9124,0.2894275133818972,28.94275133818972
9125,0.29364166931115604,29.364166931115605
9126,0.27055494220733317,27.055494220733316
9127,0.2802778728765778,28.02778728765778
9128,0.29238439408186445,29.238439408186444
9129,0.2820314265135997,28.20314265135997
9130,0.288549560710967,28.854956071096698
9131,0.27466246700653757,27.466246700653755
9132,0.30212492633517435,30.212492633517435
9133,0.2703184905695379,27.03184905695379
9134,0.28614985212052607,28.614985212052606
9135,0.2975977622894905,29.759776228949047
9136,0.30135902719388735,30.135902719388735
9137,0.2919948336018574,29.19948336018574
9138,0.2962020408481042,29.62020408481042
9139,0.2788384426692429,27.88384426692429
9140,0.2939099708586567,29.39099708586567
9141,0.2798081694039636,27.98081694039636
9142,0.2729186267544876,27.29186267544876
9143,0.29717801340332173,29.717801340332173
9144,0.27855587115457603,27.855587115457602
9145,0.27876658892541856,27.876658892541855
9146,0.27714897619904066,27.714897619904065
9147,0.2969316570919699,29.69316570919699
9148,0.2921733009553152,29.21733009553152
9149,0.2763844687285393,27.638446872853926
9150,0.2859614482601516,28.596144826015156
9151,0.265024576586521,26.5024576586521
9152,0.29525918852193694,29.525918852193694
9153,0.2726674549210789,27.26674549210789
9154,0.3002950097232921,30.02950097232921
9155,0.2854759878063891,28.54759878063891
9156,0.2698253769185295,26.982537691852947
9157,0.28046845579281743,28.046845579281744
9158,0.27431576682372766,27.431576682372764
9159,0.30933989842664267,30.933989842664268
9160,0.2777029050367252,27.770290503672516
9161,0.2857002619252727,28.57002619252727
9162,0.2919296567852751,29.19296567852751
9163,0.2793662839673123,27.936628396731226
9164,0.30687169771503725,30.687169771503726
9165,0.2827635342066235,28.276353420662346
9166,0.2841003526852955,28.410035268529548
9167,0.2863028525279075,28.63028525279075
9168,0.2921136808171466,29.21136808171466
9169,0.3225398206031857,32.25398206031857
9170,0.27806292481124983,27.806292481124984
9171,0.27660303334604447,27.660303334604446
9172,0.2878751709876985,28.78751709876985
9173,0.3127839337040063,31.278393370400632
9174,0.29836013693284946,29.836013693284947
9175,0.29304755515489705,29.304755515489706
9176,0.30636643785460654,30.636643785460656
9177,0.30459476402304636,30.459476402304634
9178,0.28631647613553873,28.631647613553874
9179,0.3041053261392244,30.41053261392244
9180,0.2888943354193919,28.88943354193919
9181,0.2872286599963599,28.72286599963599
9182,0.2739225149823701,27.39225149823701
9183,0.27979814941124936,27.979814941124936
9184,0.289018344382769,28.901834438276904
9185,0.2783508209492726,27.83508209492726
9186,0.3048570374921688,30.48570374921688
9187,0.2854755320005885,28.54755320005885
9188,0.29517648087728926,29.517648087728926
9189,0.26563698952185416,26.563698952185415
9190,0.2818108856417301,28.181088564173013
9191,0.28528032120414476,28.528032120414476
9192,0.31568894280624726,31.568894280624725
9193,0.2969423365064769,29.69423365064769
9194,0.28552188696497627,28.552188696497627
9195,0.3132971181575092,31.329711815750922
9196,0.28214691187552793,28.21469118755279
9197,0.29980459687682204,29.980459687682202
9198,0.28654184656992293,28.654184656992292
9199,0.31728850554771215,31.728850554771213
9200,0.2872478534729085,28.724785347290847
9201,0.2940912071583232,29.40912071583232
9202,0.300033477496195,30.0033477496195
9203,0.30147457765809604,30.147457765809605
9204,0.2750948579530044,27.509485795300442
9205,0.2849194205888631,28.49194205888631
9206,0.2785080465216038,27.85080465216038
9207,0.2832277139791237,28.322771397912373
9208,0.2864092366012474,28.64092366012474
9209,0.27440338306176953,27.440338306176955
9210,0.28120903680174625,28.120903680174624
9211,0.290804905273365,29.0804905273365
9212,0.2888917467864491,28.889174678644906
9213,0.31191064735707474,31.191064735707474
9214,0.26971859530594666,26.971859530594667
9215,0.27025587255516137,27.025587255516136
9216,0.29061526440575797,29.061526440575797
9217,0.2602922544245741,26.02922544245741
9218,0.2908105772451873,29.08105772451873
9219,0.28071788997755365,28.071788997755366
9220,0.3000115321743774,30.001153217437743
9221,0.27575174206782904,27.575174206782904
9222,0.28407656849994883,28.407656849994883
9223,0.29496456371488,29.496456371488
9224,0.30096351051393744,30.096351051393743
9225,0.2795820262312517,27.95820262312517
9226,0.3063548153964803,30.63548153964803
9227,0.27393953486854833,27.393953486854834
9228,0.2571653359106262,25.716533591062618
9229,0.2867108492639336,28.67108492639336
9230,0.31297740021178866,31.297740021178868
9231,0.2921727378371198,29.217273783711978
9232,0.2656750342969944,26.56750342969944
9233,0.2653109281189347,26.53109281189347
9234,0.2813327121832214,28.133271218322143
9235,0.2810832481677478,28.108324816774783
9236,0.2967759049249881,29.677590492498812
9237,0.27285317349471316,27.285317349471317
9238,0.2841180477849578,28.41180477849578
9239,0.2912274059191341,29.12274059191341
9240,0.28123432622580263,28.123432622580264
9241,0.2891627065015872,28.916270650158722
9242,0.2763464835044268,27.63464835044268
9243,0.29016473834551954,29.016473834551952
9244,0.2900748363455119,29.00748363455119
9245,0.26595028419369426,26.595028419369427
9246,0.29107669066742425,29.107669066742424
9247,0.26478484968921856,26.478484968921855
9248,0.3214994857449303,32.14994857449303
9249,0.30878843539170825,30.878843539170823
9250,0.2612948060316481,26.12948060316481
9251,0.2699518259230853,26.99518259230853
9252,0.258914331812785,25.8914331812785
9253,0.2727184306988953,27.271843069889528
9254,0.2712507488075841,27.125074880758408
9255,0.2798044139734133,27.980441397341334
9256,0.30164463756994425,30.164463756994426
9257,0.28824749284877443,28.824749284877445
9258,0.25640123801720266,25.640123801720264
9259,0.2822397285104041,28.223972851040408
9260,0.28612773003728786,28.612773003728787
9261,0.2970125892241354,29.701258922413544
9262,0.2983466308860017,29.834663088600173
9263,0.2697138913662824,26.971389136628236
9264,0.26654967469904584,26.654967469904584
9265,0.30618701711574264,30.618701711574264
9266,0.2638781279319434,26.38781279319434
9267,0.2739878153073211,27.39878153073211
9268,0.282918119575998,28.291811957599798
9269,0.29811694856861004,29.811694856861003
9270,0.2650731183949475,26.50731183949475
9271,0.269882894060293,26.9882894060293
9272,0.26881974197257613,26.881974197257613
9273,0.2788292797583374,27.882927975833738
9274,0.29890472394127965,29.890472394127965
9275,0.28784538437044094,28.784538437044095
9276,0.283336161276275,28.333616127627497
9277,0.29195290916964534,29.195290916964534
9278,0.293325005146059,29.332500514605904
9279,0.29197174609537824,29.197174609537825
9280,0.2860712616502576,28.607126165025758
9281,0.3121846128953838,31.21846128953838
9282,0.2740027575024437,27.40027575024437
9283,0.27851467593565316,27.851467593565317
9284,0.2845096315123375,28.45096315123375
9285,0.2777742310963136,27.77742310963136
9286,0.3000274493321482,30.00274493321482
9287,0.3048726842872531,30.48726842872531
9288,0.2940001366319785,29.40001366319785
9289,0.2799925814356708,27.99925814356708
9290,0.26494444250127774,26.494444250127774
9291,0.28881415884219097,28.8814158842191
9292,0.2957714086746345,29.57714086746345
9293,0.2985992856384181,29.85992856384181
9294,0.27801611518600083,27.801611518600083
9295,0.2964390047122569,29.64390047122569
9296,0.2656266566915282,26.562665669152818
9297,0.28945404041948025,28.945404041948024
9298,0.3078586806577464,30.78586806577464
9299,0.29605179334526255,29.605179334526255
9300,0.29566010003811316,29.566010003811314
9301,0.2807625515226142,28.07625515226142
9302,0.29004365738253807,29.004365738253806
9303,0.2780475154735533,27.804751547355327
9304,0.3043655375114553,30.436553751145528
9305,0.2789054915496079,27.89054915496079
9306,0.32727162587566005,32.727162587566006
9307,0.28302805573637735,28.302805573637734
9308,0.28050709938816887,28.050709938816887
9309,0.2709502813652631,27.09502813652631
9310,0.29952593484996437,29.952593484996438
9311,0.24814002876932853,24.814002876932854
9312,0.28023336538877625,28.023336538877626
9313,0.27646081905927067,27.646081905927065
9314,0.2650892975973026,26.50892975973026
9315,0.2755054433219735,27.55054433219735
9316,0.29172957091574675,29.172957091574673
9317,0.3014303555208507,30.143035552085067
9318,0.2770859719135581,27.70859719135581
9319,0.26515718655519654,26.515718655519656
9320,0.27741572407153386,27.741572407153388
9321,0.2973780397218224,29.737803972182242
9322,0.27574244167997863,27.574244167997865
9323,0.27574138158847206,27.574138158847205
9324,0.3069922857008121,30.69922857008121
9325,0.3085849250646144,30.858492506461438
9326,0.27189528231026405,27.189528231026404
9327,0.2926818112998911,29.268181129989113
9328,0.257314705113979,25.7314705113979
9329,0.2662731156685932,26.62731156685932
9330,0.2938466415186607,29.38466415186607
9331,0.30259869471975015,30.259869471975016
9332,0.27319935391438144,27.319935391438143
9333,0.29166421545470905,29.166421545470904
9334,0.2776837402684783,27.76837402684783
9335,0.28115167259480606,28.115167259480607
9336,0.26379964477406964,26.379964477406965
9337,0.28279915706730013,28.279915706730012
9338,0.2712145654376292,27.121456543762918
9339,0.2990420148807057,29.90420148807057
9340,0.2787418548346291,27.87418548346291
9341,0.29407594663434494,29.407594663434494
9342,0.2940567812598039,29.40567812598039
9343,0.2999792264588716,29.997922645887158
9344,0.27516438215843525,27.516438215843525
9345,0.28758854056521,28.758854056521
9346,0.29753655025883874,29.753655025883873
9347,0.26457824597094204,26.457824597094202
9348,0.28820124746415643,28.820124746415644
9349,0.2680831503367744,26.808315033677438
9350,0.2839765746545408,28.397657465454078
9351,0.30728122542190905,30.728122542190906
9352,0.27618411083075967,27.618411083075966
9353,0.2617039073366701,26.17039073366701
9354,0.3091259324390299,30.912593243902993
9355,0.29740479102628964,29.740479102628964
9356,0.2866934857435502,28.66934857435502
9357,0.29438511539622003,29.438511539622002
9358,0.2945353628990617,29.453536289906168
9359,0.28969042296684067,28.969042296684066
9360,0.27854624049480237,27.854624049480236
9361,0.27549789035325545,27.549789035325546
9362,0.3021220216407505,30.21220216407505
9363,0.2750251688696826,27.50251688696826
9364,0.2832703801739867,28.32703801739867
9365,0.28938935702436436,28.938935702436435
9366,0.29254714510554336,29.254714510554336
9367,0.29371306724917984,29.371306724917982
9368,0.3128461362914702,31.284613629147017
9369,0.2911881768259656,29.11881768259656
9370,0.29624402284581247,29.624402284581247
9371,0.2599484504087994,25.994845040879937
9372,0.2751367823852165,27.51367823852165
9373,0.27172150346434104,27.172150346434105
9374,0.3010375719576446,30.10375719576446
9375,0.2880810085780815,28.80810085780815
9376,0.27111211371056526,27.111211371056527
9377,0.2832214250517173,28.322142505171733
9378,0.2746006421627913,27.46006421627913
9379,0.2847644491965267,28.47644491965267
9380,0.284683531462969,28.4683531462969
9381,0.2935059927202008,29.350599272020077
9382,0.28197387585152656,28.197387585152654
9383,0.2871698272432709,28.71698272432709
9384,0.287184933103696,28.718493310369603
9385,0.2915666233428512,29.156662334285123
9386,0.3028737505141159,30.28737505141159
9387,0.2986744516511211,29.867445165112112
9388,0.2846268868351436,28.462688683514358
9389,0.2808496339570567,28.08496339570567
9390,0.2857497218057818,28.57497218057818
9391,0.2948502976947307,29.48502976947307
9392,0.2895439122291888,28.95439122291888
9393,0.29135865292532576,29.135865292532575
9394,0.28307695310498526,28.307695310498527
9395,0.27604880552304056,27.604880552304056
9396,0.2882290565927554,28.822905659275538
9397,0.2766571601568463,27.665716015684634
9398,0.2956073192756683,29.56073192756683
9399,0.2884286572700056,28.84286572700056
9400,0.2874646558283546,28.746465582835462
9401,0.28323097355879817,28.323097355879817
9402,0.28144397254223424,28.144397254223424
9403,0.3028530741185598,30.285307411855978
9404,0.2741939142673579,27.41939142673579
9405,0.29927393673134034,29.927393673134034
9406,0.29364958324563073,29.364958324563073
9407,0.29524443989050325,29.524443989050326
9408,0.2955589537080369,29.555895370803693
9409,0.29817040367208103,29.817040367208104
9410,0.26774266346617037,26.774266346617036
9411,0.2899209000731454,28.99209000731454
9412,0.2787329947947008,27.87329947947008
9413,0.27605356347960125,27.605356347960125
9414,0.2924714046378715,29.24714046378715
9415,0.278339927003374,27.8339927003374
9416,0.2708225385485779,27.08225385485779
9417,0.2850756110412244,28.50756110412244
9418,0.30460224991261015,30.460224991261015
9419,0.2932547237200987,29.32547237200987
9420,0.28661382253764606,28.661382253764607
9421,0.27414081571470256,27.414081571470255
9422,0.2831990541143983,28.319905411439827
9423,0.2697048506792756,26.97048506792756
9424,0.2760396940201144,27.60396940201144
9425,0.29883797680945634,29.883797680945634
9426,0.31501354995067404,31.501354995067405
9427,0.2682616475209695,26.826164752096947
9428,0.2805804816734296,28.058048167342957
9429,0.2916826517107281,29.16826517107281
9430,0.27513924679163776,27.513924679163775
9431,0.28484983881793613,28.484983881793614
9432,0.30479885237983956,30.479885237983957
9433,0.2991850930941097,29.918509309410968
9434,0.2773839294599498,27.738392945994978
9435,0.29648418429172935,29.648418429172935
9436,0.3087905682188506,30.879056821885058
9437,0.27783810424463784,27.783810424463784
9438,0.29285865544364686,29.285865544364686
9439,0.27727378934976543,27.727378934976542
9440,0.28493598538739356,28.493598538739356
9441,0.2891298354005109,28.91298354005109
9442,0.28677767813032085,28.677767813032084
9443,0.31158367506070694,31.158367506070693
9444,0.29483866837478095,29.483866837478097
9445,0.27441484124829896,27.441484124829895
9446,0.28805346210036115,28.805346210036113
9447,0.2928492129677359,29.284921296773593
9448,0.29898426431699093,29.898426431699093
9449,0.2969967942902635,29.69967942902635
9450,0.27232830770698696,27.232830770698698
9451,0.28868784731458,28.868784731458003
9452,0.2845850914886538,28.458509148865378
9453,0.28714537303754284,28.714537303754284
9454,0.2846856642901114,28.468566429011137
9455,0.29538323986541304,29.538323986541304
9456,0.2700179379983583,27.001793799835834
9457,0.2891079968704626,28.910799687046264
9458,0.27838506721270195,27.838506721270196
9459,0.29698392935941004,29.698392935941005
9460,0.29146592017444656,29.146592017444657
9461,0.2886028367856424,28.86028367856424
9462,0.27793320489024614,27.793320489024616
9463,0.310104032270167,31.0104032270167
9464,0.28848600710408695,28.848600710408697
9465,0.28715132145255723,28.715132145255723
9466,0.27331403612204275,27.331403612204276
9467,0.27798971298123365,27.798971298123366
9468,0.2908892899393544,29.088928993935443
9469,0.270451556344014,27.045155634401404
9470,0.2924293573754666,29.24293573754666
9471,0.2985809195920242,29.858091959202422
9472,0.2742774031134375,27.42774031134375
9473,0.28713907459647825,28.713907459647825
9474,0.2948474150981745,29.484741509817454
9475,0.29760127126962027,29.760127126962026
9476,0.2974934103966362,29.74934103966362
9477,0.28408113590277523,28.408113590277523
9478,0.29680371405358713,29.680371405358713
9479,0.2870019913468675,28.70019913468675
9480,0.27881495449304994,27.881495449304992
9481,0.310444519140771,31.044451914077097
9482,0.295768315796348,29.5768315796348
9483,0.2720545561871734,27.205455618717338
9484,0.31284389675822716,31.284389675822716
9485,0.2840810650868558,28.40810650868558
9486,0.2766055370121634,27.66055370121634
9487,0.30240219895862136,30.240219895862136
9488,0.29985876557328744,29.985876557328744
9489,0.2866930474581707,28.66930474581707
9490,0.2817626052029574,28.176260520295738
9491,0.28136800720138416,28.136800720138417
9492,0.26337978918180033,26.33797891818003
9493,0.2732309855613426,27.323098556134262
9494,0.2840152022500036,28.40152022500036
9495,0.2902166488433815,29.02166488433815
9496,0.2845088897496866,28.450888974968656
9497,0.2952340075327109,29.52340075327109
9498,0.2981342573971663,29.81342573971663
9499,0.2941760842808937,29.41760842808937
9500,0.28737822330204676,28.737822330204676
9501,0.30436553751145523,30.436553751145524
9502,0.2887454220218398,28.874542202183978
9503,0.27234016656323035,27.234016656323035
9504,0.2827185709130214,28.271857091302138
9505,0.29075725928484825,29.075725928484825
9506,0.28798068967816004,28.798068967816004
9507,0.2640005142919125,26.40005142919125
9508,0.29364731111842823,29.364731111842822
9509,0.26927759093200637,26.92775909320064
9510,0.29739676994145464,29.739676994145466
9511,0.30164285962805265,30.164285962805266
9512,0.2890252508463047,28.90252508463047
9513,0.28364582474408645,28.364582474408646
9514,0.3115887891837431,31.15887891837431
9515,0.3000301471006011,30.00301471006011
9516,0.2872461775740022,28.72461775740022
9517,0.27476301483645843,27.476301483645845
9518,0.2914080060997342,29.14080060997342
9519,0.3006403480660537,30.06403480660537
9520,0.2881661200275689,28.81661200275689
9521,0.2679717832716609,26.797178327166087
9522,0.2756871305511485,27.568713055114852
9523,0.2950329084785745,29.50329084785745
9524,0.2883284625966056,28.83284625966056
9525,0.2866792847047844,28.667928470478437
9526,0.28630220488714775,28.630220488714777
9527,0.29264152211521594,29.264152211521594
9528,0.2799907801878074,27.999078018780736
9529,0.29143837309043197,29.143837309043196
9530,0.27567068997913974,27.567068997913974
9531,0.2784218148232878,27.842181482328783
9532,0.3057345279654534,30.573452796545343
9533,0.2907109618859567,29.071096188595668
9534,0.28646655633069834,28.646655633069834
9535,0.2998059581105761,29.980595811057608
9536,0.28455964672611367,28.455964672611366
9537,0.27691090510539984,27.691090510539983
9538,0.28751809601259226,28.751809601259225
9539,0.289282960034414,28.9282960034414
9540,0.2767790362930809,27.677903629308094
9541,0.2839928565061754,28.39928565061754
9542,0.28545006505451215,28.545006505451216
9543,0.2773607020471163,27.736070204711634
9544,0.2648659593434041,26.48659593434041
9545,0.29388117412328063,29.388117412328064
9546,0.2943365033781683,29.43365033781683
9547,0.2914075959163623,29.14075959163623
9548,0.2867657172310922,28.676571723109216
9549,0.25812142584721187,25.812142584721187
9550,0.2732423370417715,27.324233704177146
9551,0.2817037443478607,28.170374434786073
9552,0.3157536638170289,31.575366381702892
9553,0.30237747377519586,30.237747377519586
9554,0.3057571298353947,30.57571298353947
9555,0.2831750700873295,28.31750700873295
9556,0.2959802731833401,29.598027318334008
9557,0.275079751486285,27.5079751486285
9558,0.2700841875505762,27.008418755057622
9559,0.28812617922444095,28.812617922444094
9560,0.30862486514958953,30.862486514958952
9561,0.3104641397148184,31.04641397148184
9562,0.27598096857942017,27.598096857942018
9563,0.2771673057489591,27.71673057489591
9564,0.29163723261132535,29.163723261132535
9565,0.28448816660926624,28.448816660926624
9566,0.29289212856305424,29.289212856305426
9567,0.3051181314338863,30.51181314338863
9568,0.2944316215441976,29.44316215441976
9569,0.2624211801469662,26.24211801469662
9570,0.3070289255547434,30.702892555474342
9571,0.2702759612453256,27.02759612453256
9572,0.2752199396520172,27.52199396520172
9573,0.27754376803046654,27.754376803046654
9574,0.3170489705710375,31.704897057103747
9575,0.3021205232638643,30.21205232638643
9576,0.27717646865986467,27.717646865986467
9577,0.2871467948728785,28.714679487287846
9578,0.28744188422132183,28.744188422132183
9579,0.2558819289078901,25.588192890789006
9580,0.298520145846752,29.852014584675203
9581,0.2767621697460089,27.67621697460089
9582,0.2831849908250587,28.31849908250587
9583,0.29342435913563575,29.342435913563573
9584,0.28832047134250804,28.832047134250804
9585,0.2855053888274713,28.55053888274713
9586,0.28139777224139967,28.139777224139966
9587,0.3127699420206207,31.27699420206207
9588,0.3133725306206326,31.337253062063258
9589,0.28034518252030227,28.034518252030228
9590,0.286599728811275,28.659972881127498
9591,0.3021441066212192,30.21441066212192
9592,0.2892077765012899,28.920777650128993
9593,0.2760368200366152,27.603682003661522
9594,0.2802477306991389,28.024773069913888
9595,0.3041908255885477,30.41908255885477
9596,0.2944039772934896,29.44039772934896
9597,0.27662153929879263,27.662153929879263
9598,0.294838877123867,29.483887712386704
9599,0.30553518325228185,30.553518325228186
9600,0.2650598658652958,26.505986586529577
9601,0.29425204962174384,29.425204962174384
9602,0.28838941866317885,28.838941866317885
9603,0.28384234208245734,28.384234208245733
9604,0.2992852877675095,29.92852877675095
9605,0.28172187773290264,28.172187773290265
9606,0.2891530871785869,28.91530871785869
9607,0.2746518571267252,27.46518571267252
9608,0.29070084846331423,29.070084846331422
9609,0.27361846835029413,27.361846835029414
9610,0.2993504645840917,29.935046458409172
9611,0.2986456406028058,29.86456406028058
9612,0.3036473141894222,30.36473141894222
9613,0.2735044187523006,27.350441875230057
9614,0.27031774941318115,27.031774941318115
9615,0.28110274451527356,28.110274451527356
9616,0.2990044210350741,29.90044210350741
9617,0.2824662412151185,28.24662412151185
9618,0.2898871034318689,28.98871034318689
9619,0.28046936122077093,28.046936122077092
9620,0.2720678625284649,27.206786252846488
9621,0.288844225024454,28.8844225024454
9622,0.2949868400096822,29.498684000968222
9623,0.2668719806714151,26.68719806714151
9624,0.27965029331720337,27.965029331720338
9625,0.27677029535523817,27.67702953552382
9626,0.2882652399627103,28.826523996271032
9627,0.2813148168618615,28.13148168618615
9628,0.3145947670940404,31.45947670940404
9629,0.29279864098144665,29.279864098144664
9630,0.29146782034023694,29.146782034023694
9631,0.28481873006458747,28.48187300645875
9632,0.29596867569675056,29.596867569675055
9633,0.29741772462079147,29.741772462079147
9634,0.27468372282812187,27.468372282812187
9635,0.3017881032625584,30.17881032625584
9636,0.28356866244107903,28.356866244107902
9637,0.2772809818820101,27.72809818820101
9638,0.28025273750978036,28.025273750978037
9639,0.25787004465842306,25.787004465842305
9640,0.28925372013736633,28.925372013736634
9641,0.2840531870298565,28.40531870298565
9642,0.27834493269157995,27.834493269157996
9643,0.2825277026462256,28.252770264622562
9644,0.29299396135766015,29.299396135766013
9645,0.2806136381250619,28.06136381250619
9646,0.30950964227701006,30.950964227701007
9647,0.2987509795038724,29.875097950387243
9648,0.3047279365036231,30.472793650362313
9649,0.28703462864165236,28.703462864165235
9650,0.2993196417875934,29.93196417875934
9651,0.2773234038938277,27.73234038938277
9652,0.27508082422192076,27.508082422192075
9653,0.27754001320621047,27.754001320621047
9654,0.2690050480954635,26.900504809546348
9655,0.30869214982177745,30.869214982177745
9656,0.26759194882075465,26.759194882075466
9657,0.27469093216263474,27.469093216263474
9658,0.27481800981813914,27.481800981813915
9659,0.2948269162246383,29.48269162246383
9660,0.2939842890089024,29.398428900890238
9661,0.27737212261798,27.737212261798
9662,0.29842475123753043,29.842475123753044
9663,0.27908983650216085,27.908983650216086
9664,0.2935070749952437,29.35070749952437
9665,0.2809029795664266,28.09029795664266
9666,0.29063324485597647,29.063324485597647
9667,0.2879490028951121,28.79490028951121
9668,0.29063094775723725,29.063094775723723
9669,0.27599563615446576,27.599563615446577
9670,0.2981255327716404,29.81255327716404
9671,0.29719532223187795,29.719532223187795
9672,0.3185977073390385,31.859770733903854
9673,0.28133578661473674,28.133578661473674
9674,0.30545853317563176,30.545853317563175
9675,0.2880376138709908,28.80376138709908
9676,0.27947597313089656,27.947597313089656
9677,0.28762981796295645,28.762981796295644
9678,0.29112389410056355,29.112389410056355
9679,0.2843317937585929,28.43317937585929
9680,0.2677285937849858,26.77285937849858
9681,0.28908667162604246,28.908667162604246
9682,0.27585927136153415,27.585927136153416
9683,0.3014976647203156,30.14976647203156
9684,0.27336365066610496,27.336365066610497
9685,0.28093144751052423,28.093144751052424
9686,0.3099840427845475,30.99840427845475
9687,0.2936051824639298,29.36051824639298
9688,0.285810402035457,28.581040203545697
9689,0.30021035407960517,30.021035407960518
9690,0.2984341235038162,29.84341235038162
9691,0.2798235787416601,27.98235787416601
9692,0.29680362892472856,29.680362892472857
9693,0.27233983498395137,27.233983498395137
9694,0.28702192658606696,28.702192658606695
9695,0.2733363273360784,27.33363273360784
9696,0.28009945175184275,28.009945175184274
9697,0.28373832176888203,28.373832176888204
9698,0.2731682276406118,27.316822764061182
9699,0.2913551169024591,29.135511690245906
9700,0.2937491986048612,29.37491986048612
9701,0.28330889308233514,28.330889308233516
9702,0.3041042214845599,30.41042214845599
9703,0.2944592462889531,29.44592462889531
9704,0.27374776117379895,27.374776117379895
9705,0.28157296433535034,28.157296433535034
9706,0.28378595821799146,28.378595821799145
9707,0.26900247498031865,26.900247498031867
9708,0.2681519333858484,26.81519333858484
9709,0.2732708962598402,27.32708962598402
9710,0.29310624860792606,29.310624860792604
9711,0.3052215172972055,30.522151729720548
9712,0.2887218386644848,28.87218386644848
9713,0.2601132450140215,26.01132450140215
9714,0.29645552442700396,29.645552442700396
9715,0.29206845676018495,29.206845676018496
9716,0.26426482707258026,26.426482707258025
9717,0.27535171440236433,27.535171440236432
9718,0.2876635147429538,28.766351474295384
9719,0.29362496476830585,29.362496476830586
9720,0.2808819396725626,28.08819396725626
9721,0.26571514544350816,26.571514544350816
9722,0.278098367024848,27.8098367024848
9723,0.26955275569984766,26.955275569984767
9724,0.2766235472931191,27.66235472931191
9725,0.27507460438494924,27.507460438494924
9726,0.3023362809856824,30.23362809856824
9727,0.2870498897719249,28.704988977192492
9728,0.27692736432026516,27.692736432026514
9729,0.2978236736585338,29.78236736585338
9730,0.279258069331513,27.9258069331513
9731,0.27297042881751926,27.297042881751928
9732,0.2805235574805987,28.05235574805987
9733,0.28064474687841057,28.064474687841056
9734,0.28046821939470035,28.046821939470036
9735,0.2847875523828385,28.47875523828385
9736,0.2719469447146446,27.19469447146446
9737,0.2715909040989091,27.15909040989091
9738,0.29829411164751574,29.829411164751573
9739,0.2737981744397142,27.379817443971422
9740,0.287457886507951,28.745788650795102
9741,0.3149220085449903,31.492200854499032
9742,0.28670367891522514,28.670367891522513
9743,0.2883111537680494,28.831115376804938
9744,0.2885033832685993,28.85033832685993
9745,0.29819915592996793,29.819915592996793
9746,0.27467805258502936,27.467805258502935
9747,0.269111131026556,26.911113102655598
9748,0.3065421516972304,30.65421516972304
9749,0.28109008693717735,28.109008693717737
9750,0.2911474398422527,29.11474398422527
9751,0.29422354442057164,29.422354442057163
9752,0.27392229557468656,27.392229557468657
9753,0.2988431834618199,29.88431834618199
9754,0.2805193073441121,28.05193073441121
9755,0.2818567272348211,28.185672723482107
9756,0.2730587082141191,27.305870821411908
9757,0.303484515814585,30.3484515814585
9758,0.27295002643574584,27.295002643574584
9759,0.27686629737197904,27.686629737197904
9760,0.2644468449074915,26.444684490749147
9761,0.26990990088457906,26.990990088457906
9762,0.2947659506444069,29.47659506444069
9763,0.28249276825270153,28.249276825270154
9764,0.2873353454844287,28.73353454844287
9765,0.2769257399881276,27.692573998812758
9766,0.28479580440029567,28.47958044002957
9767,0.30135902719388735,30.135902719388735
9768,0.28150544594253973,28.150544594253972
9769,0.2969473039727229,29.69473039727229
9770,0.2819086139060858,28.19086139060858
9771,0.31152888369501847,31.152888369501845
9772,0.28280759207227213,28.280759207227213
9773,0.3099676542268123,30.99676542268123
9774,0.3003813349372051,30.03813349372051
9775,0.2717980313170924,27.17980313170924
9776,0.30421534202288714,30.421534202288715
9777,0.2865104366743269,28.651043667432692
9778,0.2912880686283883,29.12880686283883
9779,0.2701511104789351,27.01511104789351
9780,0.2824091407814925,28.24091407814925
9781,0.2833184661766126,28.33184661766126
9782,0.28026091314772145,28.026091314772145
9783,0.2810599687406409,28.105996874064086
9784,0.29826908359311305,29.826908359311304
9785,0.2994863868216459,29.948638682164592
9786,0.2776380597994219,27.76380597994219
9787,0.2862525903430855,28.62525903430855
9788,0.2935145393075653,29.351453930756534
9789,0.27719136838012093,27.719136838012094
9790,0.2959502921299357,29.595029212993566
9791,0.29775980338387864,29.775980338387864
9792,0.270590850418566,27.0590850418566
9793,0.3081326510552561,30.813265105525613
9794,0.3020918633991389,30.20918633991389
9795,0.28629762308571355,28.629762308571355
9796,0.28785925382992783,28.785925382992783
9797,0.30264855526997314,30.264855526997316
9798,0.28002927703198305,28.002927703198306
9799,0.3003966176447196,30.03966176447196
9800,0.3072000137247381,30.72000137247381
9801,0.27115596222083366,27.115596222083365
9802,0.27545908835758576,27.545908835758574
9803,0.2768625179605264,27.68625179605264
9804,0.2820895774993252,28.208957749932516
9805,0.2822700554560266,28.227005545602662
9806,0.2942869959844663,29.428699598446627
9807,0.27989008966353174,27.989008966353175
9808,0.29448455323343053,29.448455323343055
9809,0.28161614968706083,28.161614968706083
9810,0.2958569351666945,29.585693516669448
9811,0.2670168357674399,26.70168357674399
9812,0.2771235267733853,27.71235267733853
9813,0.29008994281223127,29.008994281223128
9814,0.29032695808436326,29.032695808436326
9815,0.29863901058246234,29.863901058246235
9816,0.29099141008713936,29.099141008713936
9817,0.27350169882606046,27.350169882606046
9818,0.28272514831279716,28.272514831279715
9819,0.27554457037215657,27.554457037215656
9820,0.27814787441854993,27.814787441854993
9821,0.289567279386342,28.956727938634202
9822,0.27756293887050226,27.756293887050226
9823,0.26282737563512887,26.282737563512885
9824,0.27072093062715036,27.072093062715037
9825,0.2788526437080088,27.885264370800876
9826,0.31190113534646924,31.190113534646922
9827,0.3149105503584609,31.491055035846088
9828,0.27843781710991705,27.843781710991706
9829,0.2971800935412599,29.71800935412599
9830,0.27839294620947636,27.839294620947637
9831,0.2819157842547943,28.19157842547943
9832,0.27803352379016766,27.803352379016765
9833,0.26891239433585545,26.891239433585547
9834,0.2969978690285221,29.69978690285221
9835,0.28134328201795866,28.134328201795867
9836,0.2805556713611455,28.05556713611455
9837,0.2921230536897265,29.21230536897265
9838,0.2988756082707537,29.887560827075372
9839,0.28193568187832807,28.193568187832806
9840,0.26666677580255843,26.666677580255843
9841,0.27100828783313685,27.100828783313684
9842,0.2691102406721409,26.91102406721409
9843,0.2961996340071791,29.619963400717907
9844,0.29805298477835795,29.805298477835795
9845,0.2927472734670294,29.27472734670294
9846,0.2939828973381167,29.398289733811673
9847,0.2962007067428148,29.62007067428148
9848,0.31835947136750664,31.835947136750665
9849,0.29012355506966425,29.012355506966426
9850,0.28264242933137607,28.264242933137606
9851,0.29117974555775866,29.117974555775866
9852,0.3089629697925958,30.89629697925958
9853,0.27602216319204886,27.602216319204885
9854,0.302176813006439,30.2176813006439
9855,0.29749976953366775,29.749976953366776
9856,0.2677415907305347,26.77415907305347
9857,0.29404642078044685,29.404642078044684
9858,0.2788404214391264,27.88404214391264
9859,0.28594781519878176,28.594781519878175
9860,0.3244692158579529,32.44692158579529
9861,0.25457978277815774,25.457978277815773
9862,0.28453328396012734,28.453328396012733
9863,0.30167808737889573,30.167808737889573
9864,0.28450627675150114,28.450627675150113
9865,0.2757110858699155,27.57110858699155
9866,0.2619029437732894,26.19029437732894
9867,0.26290931096823555,26.290931096823556
9868,0.27025163673161395,27.025163673161394
9869,0.29905098474854785,29.905098474854785
9870,0.29938731239707456,29.938731239707455
9871,0.2823641774878904,28.236417748789037
9872,0.2801674474158373,28.016744741583732
9873,0.28519311454318064,28.519311454318064
9874,0.30029287689614975,30.029287689614975
9875,0.27515341912210184,27.515341912210182
9876,0.2867047516508608,28.670475165086078
9877,0.2627419613146642,26.27419613146642
9878,0.2792641351112256,27.92641351112256
9879,0.27971872320975644,27.971872320975642
9880,0.28358635754074135,28.358635754074136
9881,0.29818424069191357,29.81842406919136
9882,0.2965537936260188,29.65537936260188
9883,0.2938313953076216,29.383139530762158
9884,0.2818684273706902,28.186842737069018
9885,0.2715596711190389,27.15596711190389
9886,0.2865290378082369,28.652903780823692
9887,0.29518545308015526,29.518545308015526
9888,0.2927741314775973,29.277413147759727
9889,0.29535892738953623,29.535892738953624
9890,0.28359115760491965,28.359115760491964
9891,0.2958141970933962,29.581419709339617
9892,0.29130331483942745,29.130331483942744
9893,0.31296778149508264,31.296778149508263
9894,0.299187225921252,29.918722592125203
9895,0.2809561726939497,28.095617269394968
9896,0.28723460294587955,28.723460294587955
9897,0.2832865467322127,28.32865467322127
9898,0.2908209075599942,29.082090755999417
9899,0.28307547969963576,28.307547969963576
9900,0.2776781798532997,27.76781798532997
9901,0.27901392072004394,27.901392072004395
9902,0.2745383573965039,27.45383573965039
9903,0.2991673979944473,29.91673979944473
9904,0.2844276410431441,28.44276410431441
9905,0.28077826845868725,28.077826845868724
9906,0.2835279349710243,28.35279349710243
9907,0.287978432624496,28.7978432624496
9908,0.28196046219784027,28.196046219784026
9909,0.28152695228701496,28.152695228701496
9910,0.26681119261320374,26.681119261320376
9911,0.311500223830293,31.150022383029302
9912,0.287643030788651,28.7643030788651
9913,0.2691804464829008,26.918044648290078
9914,0.2861984466181568,28.61984466181568
9915,0.28514349999911837,28.514349999911836
9916,0.2967607984582688,29.67607984582688
9917,0.2759807390431266,27.59807390431266
9918,0.2771810900795874,27.71810900795874
9919,0.2794970920818302,27.94970920818302
9920,0.29344685117766317,29.344685117766318
9921,0.27610347916591094,27.610347916591095
9922,0.2800312312146699,28.003123121466988
9923,0.2923727647619146,29.23727647619146
9924,0.27865251534652263,27.865251534652263
9925,0.29622982241334084,29.622982241334086
9926,0.3020998468683081,30.20998468683081
9927,0.2886869994521227,28.868699945212267
9928,0.2709297122821017,27.09297122821017
9929,0.3070667885549572,30.706678855495724
9930,0.30250378530280686,30.250378530280685
9931,0.2595728169537754,25.95728169537754
9932,0.2932824758218467,29.32824758218467
9933,0.2599804821105226,25.99804821105226
9934,0.3039965854847541,30.39965854847541
9935,0.2804034983839188,28.040349838391883
9936,0.27860592398401784,27.860592398401785
9937,0.2807445710723957,28.07445710723957
9938,0.2832642151392892,28.326421513928917
9939,0.29921225458194883,29.921225458194883
9940,0.29752519922266957,29.752519922266956
9941,0.30024546471392444,30.024546471392444
9942,0.28826938339309627,28.826938339309628
9943,0.2936855201651652,29.36855201651652
9944,0.2828735819236464,28.287358192364643
9945,0.28822949487813493,28.822949487813492
9946,0.2911470391725389,29.11470391725389
9947,0.28077109810997875,28.077109810997875
9948,0.28229539817558136,28.229539817558134
9949,0.3073631456814772,30.736314568147723
9950,0.27716517292181675,27.716517292181674
9951,0.27919357785702487,27.919357785702488
9952,0.2958376733003908,29.58376733003908
9953,0.2619239141324588,26.19239141324588
9954,0.29194735188493753,29.194735188493752
9955,0.2894466914005671,28.94466914005671
9956,0.29844268212901565,29.844268212901564
9957,0.2949014653075062,29.49014653075062
9958,0.2802629757652386,28.026297576523863
9959,0.2716408652957888,27.164086529578878
9960,0.2674043336299298,26.74043336299298
9961,0.2894047663620609,28.940476636206093
9962,0.29563417728623614,29.563417728623616
9963,0.27569384718234796,27.569384718234797
9964,0.2842171121572258,28.421711215722578
9965,0.29539954329428975,29.539954329428973
9966,0.29359982940150836,29.359982940150836
9967,0.29766972273941544,29.766972273941544
9968,0.29082006687617107,29.082006687617106
9969,0.27430359857174164,27.430359857174164
9970,0.2971456501223196,29.714565012231958
9971,0.3028097004500659,30.28097004500659
9972,0.28446433663945647,28.446433663945648
9973,0.2584940090779416,25.849400907794163
9974,0.27714331281452637,27.714331281452637
9975,0.2935684963812756,29.356849638127557
9976,0.29818212538519223,29.818212538519223
9977,0.27159336850533045,27.159336850533045
9978,0.30012275941880534,30.012275941880535
9979,0.29426591908123084,29.426591908123083
9980,0.2759199509849153,27.59199509849153
9981,0.2851914375218389,28.51914375218389
9982,0.2606301986646392,26.06301986646392
9983,0.2959916540502465,29.599165405024653
9984,0.292535617828579,29.2535617828579
9985,0.28275200692965924,28.275200692965925
9986,0.29147318291631646,29.147318291631645
9987,0.2843238151657157,28.43238151657157
9988,0.28066714800602865,28.066714800602867
9989,0.28543586462204046,28.543586462204047
9990,0.27642369782170784,27.642369782170782
9991,0.2757518139462644,27.57518139462644
9992,0.2908923281944503,29.089232819445034
9993,0.28406943576690613,28.40694357669061
9994,0.28482079335703525,28.482079335703524
9995,0.27440597230100666,27.440597230100668
9996,0.29512298912303775,29.512298912303773
9997,0.2803477160171586,28.034771601715857
9998,0.2952561616036144,29.52561616036144
9999,0.279817056477971,27.9817056477971
10000,0.2977308423769058,29.77308423769058
