number,time_s,mean_rate_hz,sem_rate_hz,n_presentations
1,0.0,6.690745607859897,0.5463382721766494,53
1,0.001,6.692125633890013,0.5465623885962453,53
1,0.002,6.693479639942661,0.5467830637927081,53
1,0.003,6.694824639289322,0.5470051581685939,53
1,0.004,6.696127597399534,0.5472190848476451,53
1,0.005,6.697405089869367,0.5474295774118235,53
1,0.006,6.698657303275502,0.5476366374350093,53
1,0.007,6.6998844268085485,0.5478402665955734,53
1,0.008,6.701103487271187,0.548037614715166,53
1,0.009,6.702298298496654,0.5482329687540562,53
1,0.01,6.703452233693871,0.5484262003652345,53
1,0.011,6.704581884266644,0.5486160060866008,53
1,0.012,6.705687452338716,0.5488023881414904,53
1,0.013,6.706769142381843,0.5489853488928028,53
1,0.014,6.707843996208783,0.5491660087828912,53
1,0.015,6.708879007344622,0.5493421647886607,53
1,0.016,6.709907613987759,0.5495140301086372,53
1,0.017,6.710913649317895,0.5496826068085592,53
1,0.018,6.711880505510996,0.5498484845092045,53
1,0.019,6.712892132720437,0.5500106960100768,53
1,0.02,6.713815889280905,0.5501697600807983,53
1,0.021,6.714717565208916,0.5503254269136967,53
1,0.022,6.715597385732649,0.550477700433656,53
1,0.023,6.716455577941768,0.5506265847776741,53
1,0.024,6.71730920577343,0.550771133720986,53
1,0.025,6.718125284376798,0.5509132350181506,53
1,0.026,6.7189204380252825,0.5510519607571063,53
1,0.027,6.719694900954723,0.5511873160099053,53
1,0.028,6.720448908981124,0.5513193061011442,53
1,0.029,6.721182699441484,0.5514479366161361,53
1,0.03,6.721896511134039,0.5515732134091227,53
1,0.031,6.722590584257937,0.5516951426115091,53
1,0.032,6.72328199539444,0.5518105532333257,53
1,0.033,6.723937771866783,0.5519257181592415,53
1,0.034,6.724574549647886,0.5520375533800828,53
1,0.035,6.7251925741941605,0.5521460661675351,53
1,0.036,6.725808927101081,0.552254585607991,53
1,0.037,6.726407475503275,0.5523600077622932,53
1,0.038,6.726988479443801,0.5524563603734438,53
1,0.039,6.727535365097152,0.5525517821368713,53
1,0.04,6.728064775247001,0.5526439256046283,53
1,0.041,6.7285769617939915,0.5527328001369196,53
1,0.042,6.729072177367065,0.552818415461099,53
1,0.043,6.729550675258121,0.5529007816795453,53
1,0.044,6.730029544398441,0.5529768926121883,53
1,0.045,6.730475823713986,0.5530527204000882,53
1,0.046,6.7309061600287805,0.5531253302209229,53
1,0.047,6.731320808894613,0.5531947337294452,53
1,0.048,6.731720026200656,0.5532609429930914,53
1,0.049,6.7321040681065565,0.5533239704991922,53
1,0.05,6.73247319097531,0.5533838291620499,53
1,0.051,6.732827651305944,0.5534405323298561,53
1,0.052,6.73316770566603,0.5534940937914571,53
1,0.053,6.733510445666111,0.5535421629552248,53
1,0.054,6.733822912313189,0.5535894234933724,53
1,0.055,6.734138588954548,0.5536306722682585,53
1,0.056,6.734424516527243,0.5536716814935031,53
1,0.057,6.734697343136075,0.553709621838278,53
1,0.058,6.734957324881769,0.5537445098086706,53
1,0.059,6.735204717469309,0.5537763623925646,53
1,0.06,6.735439776139935,0.5538051970648038,53
1,0.061,6.735662755603147,0.5538310317921193,53
1,0.062,6.735890745010805,0.5538538366064806,53
1,0.063,6.73610761735254,0.5538728541702606,53
1,0.064,6.736296801778771,0.5538897735958411,53
1,0.065,6.736491777440848,0.5539009565811966,53
1,0.066,6.736659580417229,0.5539119834259828,53
1,0.067,6.73681685329202,0.5539201266308231,53
1,0.068,6.736963845983938,0.553925407686833,53
1,0.069,6.737117642397663,0.553924097366135,53
1,0.07,6.737262109820355,0.5539229564512154,53
1,0.071,6.7373806712459015,0.5539196692503248,53
1,0.072,6.7375067992164235,0.5539145772732229,53
1,0.073,6.737624357792035,0.5539040953258186,53
1,0.074,6.737733601594367,0.5538904999520594,53
1,0.075,6.737817949028189,0.5538762069424601,53
1,0.076,6.737894032758473,0.5538592387138304,53
1,0.077,6.7379620922182015,0.553839621442378,53
1,0.078,6.738022365220371,0.5538173818355802,53
1,0.079,6.73809192293613,0.5537893074073034,53
1,0.08,6.73815461929453,0.5537584079041508,53
1,0.081,6.738193863310223,0.5537282791620759,53
1,0.082,6.738226277886508,0.5536956354186578,53
1,0.083,6.738268927367633,0.5536611653245769,53
1,0.084,6.738288823574589,0.5536235995483192,53
1,0.085,6.738302583713412,0.5535836085013389,53
1,0.086,6.738310431210557,0.5535412229814286,53
1,0.087,6.738312587328907,0.5534964742972606,53
1,0.088,6.738309271107988,0.5534493942644275,53
1,0.089,6.738300699304706,0.5534000152010932,53
1,0.09,6.7383039213766915,0.5533467091293508,53
1,0.091,6.7382859338453684,0.5532927662452537,53
1,0.092,6.73826333820798,0.5532366221170519,53
1,0.093,6.7382363417767674,0.5531783109610846,53
1,0.094,6.738221984340999,0.5531162835870986,53
1,0.095,6.738204087574583,0.5530524580867828,53
1,0.096,6.7381660273718555,0.552987780247716,53
1,0.097,6.738141227701073,0.5529207558914112,53
1,0.098,6.738096667544478,0.5528520709709844,53
1,0.099,6.73804893049131,0.5527814328161713,53
1,0.1,6.73799820558177,0.5527088787824554,53
1,0.101,6.7379615139739615,0.5526329021511313,53
1,0.102,6.737905823314406,0.5525565941114271,53
1,0.103,6.73784770565769,0.5524784839829462,53
1,0.104,6.737787338313431,0.5523986107175404,53
1,0.105,6.737741730516253,0.5523157229448455,53
1,0.106,6.737677837799424,0.5522324019482564,53
1,0.107,6.737612219917654,0.5521474356412375,53
1,0.108,6.737545041697269,0.5520608643726156,53
1,0.109,6.737510134751537,0.5519754465776747,53
1,0.11,6.737441226278891,0.5518858787517885,53
1,0.111,6.737371254958723,0.5517948316580927,53
1,0.112,6.737300372701212,0.5517023469487559,53
1,0.113,6.73722872795835,0.551608466551368,53
1,0.114,6.737173300725315,0.5515120961159616,53
1,0.115,6.737134687006088,0.5514175467966068,53
1,0.116,6.737062985586692,0.5513197627684333,53
1,0.117,6.736991114832688,0.5512207542586324,53
1,0.118,6.736936041163004,0.5511181921003447,53
1,0.119,6.7368646767879135,0.5510168077205311,53
1,0.12,6.736810372685823,0.5509132321831367,53
1,0.121,6.736740033886762,0.5508096603655023,53
1,0.122,6.7366701690853885,0.5507050788961052,53
1,0.123,6.736600891505238,0.5505995315983485,53
1,0.124,6.736532310544125,0.550493062394783,53
1,0.125,6.73649820182839,0.5503933625983075,53
1,0.126,6.7364322360265065,0.5502854128049907,53
1,0.127,6.736367294760447,0.5501766797447722,53
1,0.128,6.736303472371215,0.5500672077176081,53
1,0.129,6.736240859245755,0.549957041033689,53
1,0.13,6.736179541792263,0.5498462239942312,53
1,0.131,6.736119602416549,0.5497348008720303,53
1,0.132,6.736077954541511,0.5496236712551122,53
1,0.133,6.736038292048906,0.549514086992582,53
1,0.134,6.73600069669183,0.5494076668295829,53
1,0.135,6.73594841136239,0.549294542898188,53
1,0.136,6.735897890615566,0.5491810399695156,53
1,0.137,6.735849193224599,0.5490672018665433,53
1,0.138,6.735802373841335,0.5489530722442915,53
1,0.139,6.735757482981316,0.5488386945689269,53
1,0.14,6.735714567009981,0.5487241120967414,53
1,0.141,6.735673668129933,0.5486093678530134,53
1,0.142,6.735634824369296,0.5484945046107659,53
1,0.143,6.735598069571166,0.5483795648694394,53
1,0.144,6.735563433384154,0.5482645908334867,53
1,0.145,6.7355477762961,0.5481500612809812,53
1,0.146,6.735517904048071,0.5480351389151997,53
1,0.147,6.735490225597839,0.547920306213433,53
1,0.148,6.735464754011038,0.5478056039544088,53
1,0.149,6.735441498133595,0.5476910725132367,53
1,0.15,6.735420462588969,0.5475767518398297,53
1,0.151,6.735401647776485,0.5474626814373553,53
1,0.152,6.7353850498707795,0.5473489003407245,53
1,0.153,6.735370660822343,0.5472354470951398,53
1,0.154,6.735342076682869,0.5471192391460022,53
1,0.155,6.735349331753953,0.5470048705322772,53
1,0.156,6.735359190084745,0.5468933461439941,53
1,0.157,6.735354803446647,0.5467816304707446,53
1,0.158,6.735336143486929,0.5466718464765209,53
1,0.159,6.7353363934124735,0.5465611569368304,53
1,0.16,6.735338681705057,0.5464510474954697,53
1,0.161,6.735343411075582,0.5463434008999875,53
1,0.162,6.73535053695794,0.5462345344233973,53
1,0.163,6.735360010886773,0.546128299785189,53
1,0.164,6.735405450594803,0.546019864068546,53
1,0.165,6.735403533827618,0.5459121286112476,53
1,0.166,6.735403808200897,0.5458078892595455,53
1,0.167,6.735422590777992,0.5457026220209171,53
1,0.168,6.735442979049642,0.5455981898898666,53
1,0.169,6.7354817365318045,0.5454943654750275,53
1,0.17,6.735522407207063,0.5453899124817695,53
1,0.171,6.735548087936719,0.5452880777162621,53
1,0.172,6.735558695672594,0.5451875076240598,53
1,0.173,6.735554575804186,0.5450873399808729,53
1,0.174,6.735568842421364,0.5449881256899085,53
1,0.175,6.735584555407191,0.5448905068173405,53
1,0.176,6.7356184410802316,0.5447953426674923,53
1,0.177,6.735670398314722,0.5446991721156478,53
1,0.178,6.735706663527599,0.54460440356655,53
1,0.179,6.7357107367585005,0.5445091836030499,53
1,0.18,6.735748937439144,0.5444166630138649,53
1,0.181,6.735804315204845,0.5443245234714407,53
1,0.182,6.73584353550665,0.5442342389447319,53
1,0.183,6.735882867531156,0.5441451086823025,53
1,0.184,6.73592218513203,0.5440571463304756,53
1,0.185,6.735978193584696,0.5439700001557422,53
1,0.186,6.736034379086926,0.5438872368829902,53
1,0.187,6.736073781187898,0.5438029079498399,53
1,0.188,6.736146321777275,0.543716025209507,53
1,0.189,6.736185426540312,0.5436340113409074,53
1,0.19,6.736207340938166,0.54355357437794,53
1,0.191,6.7362451311461085,0.5434740100132995,53
1,0.192,6.736282252845323,0.5433935631387278,53
1,0.193,6.7363021586943805,0.543315575419626,53
1,0.194,6.736337462435859,0.5432397333139536,53
1,0.195,6.736388002489507,0.5431681275955015,53
1,0.196,6.736437233675211,0.5430939826382601,53
1,0.197,6.736468164609289,0.5430219221471152,53
1,0.198,6.736480624942317,0.5429505718625405,53
1,0.199,6.7365076570846485,0.5428809956223546,53
1,0.2,6.736515858286865,0.5428138719249648,53
1,0.201,6.7365382653732055,0.5427467175705774,53
1,0.202,6.736557861781507,0.5426807870709505,53
1,0.203,6.7365912982364025,0.5426142629689135,53
1,0.204,6.736622007223666,0.5425518194734634,53
1,0.205,6.7366329754348975,0.5424894884307854,53
1,0.206,6.736657237729923,0.5424367084869676,53
1,0.207,6.736678219227876,0.5423736167948223,53
1,0.208,6.736678899430356,0.5423149400505474,53
1,0.209,6.73669230618598,0.5422602383830906,53
1,0.21,6.736685022741464,0.542203915930297,53
1,0.211,6.736673237445583,0.5421487092839478,53
1,0.212,6.736656744703983,0.5420946001841707,53
1,0.213,6.7366353367147545,0.5420415692276115,53
1,0.214,6.7366256385703345,0.5419897677701913,53
1,0.215,6.736611057781216,0.5419402762782367,53
1,0.216,6.736574556727748,0.5418903804449987,53
1,0.217,6.736532311587399,0.5418414740991914,53
1,0.218,6.736500940011355,0.5417928692196456,53
1,0.219,6.736447007284653,0.5417458502835947,53
1,0.22,6.73638668435884,0.5416997422529065,53
1,0.221,6.736303357135374,0.5416522472122842,53
1,0.222,6.736230017309782,0.5416079331900383,53
1,0.223,6.736150047832296,0.5415622655052668,53
1,0.224,6.736063222076614,0.541519582337206,53
1,0.225,6.735968868863175,0.5414776559493008,53
1,0.226,6.735917264126081,0.5414346957256964,53
1,0.227,6.735808530877257,0.5413941318073642,53
1,0.228,6.735675221505549,0.5413532749387284,53
1,0.229,6.73556715467812,0.5413126998202753,53
1,0.23,6.735434046888434,0.5412739526677113,53
1,0.231,6.735275664396035,0.5412376282907543,53
1,0.232,6.735124988252537,0.5411998700031498,53
1,0.233,6.734948556400365,0.5411602750101543,53
1,0.234,6.734762956747668,0.5411260158566971,53
1,0.235,6.734601168371431,0.5410888862000792,53
1,0.236,6.734429738659089,0.5410611971348043,53
1,0.237,6.734215214629091,0.5410238149858718,53
1,0.238,6.734007409293798,0.5409897052483199,53
1,0.239,6.73378924985727,0.5409543403295757,53
1,0.24,6.733560055040352,0.5409191346080024,53
1,0.241,6.733303194907391,0.5408865734342376,53
1,0.242,6.733052090040407,0.5408474227447561,53
1,0.243,6.732773275488709,0.5408135199385802,53
1,0.244,6.732482893845758,0.5407806846411067,53
1,0.245,6.732197087886918,0.5407455428976821,53
1,0.246,6.731898784883602,0.5407102685518517,53
1,0.247,6.731588190576485,0.5406748738550524,53
1,0.248,6.731265067729295,0.5406392415864789,53
1,0.249,6.7309287361995676,0.5406033220832143,53
1,0.25,6.730562567807953,0.5405676849371462,53
1,0.251,6.730183150470652,0.5405311076646764,53
1,0.252,6.729823464446332,0.5404949657167752,53
1,0.253,6.729416832760721,0.5404593938427379,53
1,0.254,6.729013515618725,0.5404164161418965,53
1,0.255,6.72858005373317,0.5403771319321863,53
1,0.256,6.728149431485645,0.5403342539526395,53
1,0.257,6.727705027350976,0.5402918103644999,53
1,0.258,6.727229334663619,0.5402490605459817,53
1,0.259,6.726738507023261,0.5402110704290248,53
1,0.26,6.726248699242664,0.5401681621796556,53
1,0.261,6.725759686703155,0.5401223262950077,53
1,0.262,6.725238030382318,0.5400773970696867,53
1,0.263,6.724667116498388,0.5400314350340477,53
1,0.264,6.724129990725367,0.5399856425598052,53
1,0.265,6.7235595484202895,0.5399373490807886,53
1,0.266,6.7229555721426255,0.5398885510123833,53
1,0.267,6.722384731722552,0.5398368396553825,53
1,0.268,6.721797216962233,0.5397799935930848,53
1,0.269,6.721159168063863,0.5397261955549663,53
1,0.27,6.720503158386345,0.5396709124823906,53
1,0.271,6.719828979657072,0.5396140849925155,53
1,0.272,6.719120033714665,0.5395571707999219,53
1,0.273,6.718426166720848,0.5394965341354228,53
1,0.274,6.717697125677547,0.5394346788733629,53
1,0.275,6.7169663804480795,0.5393729614172319,53
1,0.276,6.716200517622062,0.5393075740054817,53
1,0.277,6.715415290225356,0.5392402887568924,53
1,0.278,6.714627340196714,0.5391752738716088,53
1,0.279,6.713803261182559,0.5391041348144991,53
1,0.28,6.712959256568968,0.5390309244276112,53
1,0.281,6.712078748763315,0.5389526157478012,53
1,0.282,6.711194770035589,0.5388751612197807,53
1,0.283,6.710273912933029,0.5387925537585452,53
1,0.284,6.709332823346314,0.5387107377842716,53
1,0.285,6.7084045417030875,0.5386293499179912,53
1,0.286,6.707455680099038,0.5385392579903596,53
1,0.287,6.706469245283403,0.5384500075220632,53
1,0.288,6.7054614625399225,0.538358220886192,53
1,0.289,6.704449003357974,0.5382613938047364,53
1,0.29,6.703398491585962,0.5381643027837782,53
1,0.291,6.702342996498106,0.5380635311268067,53
1,0.292,6.701249148166167,0.53796094998522,53
1,0.293,6.700116795482626,0.5378575732381964,53
1,0.294,6.698979006213489,0.5377492548474415,53
1,0.295,6.6978188007569965,0.5376380153681306,53
1,0.296,6.6966196460972744,0.5375230680935565,53
1,0.297,6.695415063282241,0.5374075784196789,53
1,0.298,6.694188083028659,0.5372872950489161,53
1,0.299,6.692954966391731,0.537160076574565,53
1,0.3,6.691699205709182,0.5370346235653813,53
1,0.301,6.690403853673439,0.5369047293258351,53
1,0.302,6.6890687905673305,0.5367714731726041,53
1,0.303,6.687710724309465,0.5366331106705496,53
1,0.304,6.686345923309307,0.5364932593808213,53
1,0.305,6.684957444119944,0.5363499817298553,53
1,0.306,6.683578852101623,0.5362083306772961,53
1,0.307,6.682143615263927,0.5360582141167601,53
1,0.308,6.680684420245816,0.5359045369384651,53
1,0.309,6.6791847824715305,0.5357483558703787,53
1,0.31,6.67769466368809,0.5355868164071133,53
1,0.311,6.676180763497026,0.5354209545736277,53
1,0.312,6.6746261773610405,0.5352524875425895,53
1,0.313,6.673047220463762,0.5350802424058503,53
1,0.314,6.67142742864102,0.5349010202339299,53
1,0.315,6.669799949195102,0.5347211723527289,53
1,0.316,6.668147882958254,0.5345374246109567,53
1,0.317,6.666471169903495,0.5343497387116576,53
1,0.318,6.664786589175618,0.5341617585971218,53
1,0.319,6.663060873542403,0.5339661873562729,53
1,0.32,6.6613272024351895,0.5337691330717895,53
1,0.321,6.659535925617838,0.5335673830749958,53
1,0.322,6.657736611963327,0.5333596053226227,53
1,0.323,6.6559292274481825,0.53315622308768,53
1,0.324,6.654080526853565,0.5329403528028241,53
1,0.325,6.652206876716485,0.5327202813110832,53
1,0.326,6.650308256248584,0.5324959786443789,53
1,0.327,6.648384649033973,0.5322674157863915,53
1,0.328,6.646436043049646,0.5320345646806737,53
1,0.329,6.644462430684767,0.5317973982383966,53
1,0.33,6.642463808758831,0.531555890345732,53
1,0.331,6.640473848622867,0.5313074278440207,53
1,0.332,6.638426125017857,0.5310570996828038,53
1,0.333,6.63637026707087,0.5307998537595111,53
1,0.334,6.6342899095644725,0.5305368597937311,53
1,0.335,6.632185083735019,0.5302741026350472,53
1,0.336,6.630022598895001,0.5300048228018918,53
1,0.337,6.627868927131682,0.5297328010504746,53
1,0.338,6.625690887382875,0.5294561456065046,53
1,0.339,6.623471695091388,0.5291743791497079,53
1,0.34,6.621227786036178,0.5288880601718895,53
1,0.341,6.618992878995353,0.5285912594463499,53
1,0.342,6.61670103963607,0.5282890513588177,53
1,0.343,6.614368718306779,0.5279916077428096,53
1,0.344,6.61202919430242,0.5276865307643221,53
1,0.345,6.609665701249732,0.5273769299471899,53
1,0.346,6.607261477645192,0.5270590476007079,53
1,0.347,6.604833425715642,0.5267372550430861,53
1,0.348,6.602398452551726,0.5264175199366419,53
1,0.349,6.599939811240312,0.5260894172622045,53
1,0.35,6.597473986440365,0.5257525900240231,53
1,0.351,6.594984695275182,0.5254171022298438,53
1,0.352,6.592455216352503,0.5250749283531213,53
1,0.353,6.5899188836663125,0.5247266160920325,53
1,0.354,6.587342593583453,0.5243750564506913,53
1,0.355,6.584776524565541,0.5240196935360888,53
1,0.356,6.58213797522211,0.5236587647120557,53
1,0.357,6.579493071019745,0.5232931668563766,53
1,0.358,6.576808716417262,0.5229266300329648,53
1,0.359,6.574118262888681,0.5225515895630274,53
1,0.36,6.57140501589826,0.5221718840902319,53
1,0.361,6.568669120464909,0.5217875191389936,53
1,0.362,6.5659107261046845,0.5213985012697443,53
1,0.363,6.5631299868142925,0.5210048380765306,53
1,0.364,6.560360731137681,0.5206043574740787,53
1,0.365,6.557553526031995,0.5202009856652322,53
1,0.366,6.5547249422505045,0.5197934203954374,53
1,0.367,6.551858328505193,0.5193811935193033,53
1,0.368,6.548970253663604,0.5189643724792642,53
1,0.369,6.546060899298801,0.5185429709519304,53
1,0.37,6.543114059665867,0.5181133347351803,53
1,0.371,6.5401631407812415,0.5176829140160842,53
1,0.372,6.5371919457934125,0.5172509382548354,53
1,0.373,6.534217509102394,0.5168095159368868,53
1,0.374,6.531206375711549,0.5163654660852545,53
1,0.375,6.528175145643812,0.5159169374696019,53
1,0.376,6.525140866484963,0.5154678644162145,53
1,0.377,6.522070539451047,0.5150105598092856,53
1,0.378,6.518980777326898,0.5145488447702975,53
1,0.379,6.515871805330303,0.5140827429777785,53
1,0.38,6.51274385275536,0.5136122790754465,53
1,0.381,6.509597152938612,0.5131374786668095,53
1,0.382,6.506431943224241,0.5126583683096354,53
1,0.383,6.503248908294111,0.512173596125266,53
1,0.384,6.50003190197997,0.511689961416273,53
1,0.385,6.496813946329858,0.5111979972155799,53
1,0.386,6.493595295117269,0.5107041931941748,53
1,0.387,6.490359825478401,0.5102012898145053,53
1,0.388,6.487090975221084,0.5096968393193729,53
1,0.389,6.483805401649859,0.5091882932495285,53
1,0.39,6.480486982420688,0.508675080610385,53
1,0.391,6.47715281460254,0.5081593156270937,53
1,0.392,6.47381955576862,0.5076386687275619,53
1,0.393,6.470504321645895,0.5071123663509854,53
1,0.394,6.467141408815513,0.506581688637607,53
1,0.395,6.463780724131902,0.5060500129069296,53
1,0.396,6.4603725092141495,0.5055146006570199,53
1,0.397,6.456983502342568,0.5049746811584009,53
1,0.398,6.453547560717292,0.5044300755782342,53
1,0.399,6.450114594739012,0.503882418905114,53
1,0.4,6.446668075845016,0.503331085458519,53
1,0.401,6.44320831371515,0.5027761185433433,53
1,0.402,6.439719229503624,0.5022201505365588,53
1,0.403,6.436251189934489,0.5016588603705737,53
1,0.404,6.432754463702153,0.50109322491966,53
1,0.405,6.429245764968011,0.5005241394747785,53
1,0.406,6.425692635809547,0.49995275856142307,53
1,0.407,6.422145444375112,0.49937859779851657,53
1,0.408,6.418620903037164,0.49880017755946865,53
1,0.409,6.415052904271109,0.4982202982384864,53
1,0.41,6.411491393168825,0.49763456314233956,53
1,0.411,6.407919875268095,0.4970456772340332,53
1,0.412,6.404338693752081,0.496453692324638,53
1,0.413,6.400748194351113,0.4958586609604793,53
1,0.414,6.397148725285989,0.495260636414456,53
1,0.415,6.393540637210729,0.4946596726772687,53
1,0.416,6.389924283154801,0.49405582444855023,53
1,0.417,6.386267235112201,0.4934539817087266,53
1,0.418,6.382669952274563,0.4928416266263792,53
1,0.419,6.379032693875281,0.4922292556727844,53
1,0.42,6.375388606226677,0.4916142266548738,53
1,0.421,6.371738054368216,0.4909965975500483,53
1,0.422,6.3680818487245725,0.49037185734468386,53
1,0.423,6.364420358570006,0.4897491089836948,53
1,0.424,6.360753511967259,0.489123935574357,53
1,0.425,6.357115352265189,0.48850301840348215,53
1,0.426,6.3534734935978685,0.48787380732261293,53
1,0.427,6.349794665604208,0.4872419096846429,53
1,0.428,6.346145701181304,0.4866041647227979,53
1,0.429,6.3424942204934665,0.4859684104995699,53
1,0.43,6.338790567367481,0.4853295717212116,53
1,0.431,6.3350847343887295,0.48469071615134585,53
1,0.432,6.331393489117283,0.4840484656301297,53
1,0.433,6.327700384986401,0.48340436175802737,53
1,0.434,6.324039481859871,0.48275990030539373,53
1,0.435,6.3203447397687205,0.48211232699699685,53
1,0.436,6.316649334786507,0.4814630999389446,53
1,0.437,6.312953660757542,0.4808122863431535,53
1,0.438,6.309291782669407,0.4801621664455498,53
1,0.439,6.3055976654310095,0.47950843154310396,53
1,0.44,6.301921324789303,0.47885071912783106,53
1,0.441,6.298246778520248,0.47819491825855026,53
1,0.442,6.2945576021075125,0.477537185124541,53
1,0.443,6.290870587543389,0.4768782775074934,53
1,0.444,6.287186579202109,0.47621457857641764,53
1,0.445,6.283505978976267,0.47555346735254705,53
1,0.446,6.279845581253873,0.47489206915240884,53
1,0.447,6.276206243833626,0.4742305831730971,53
1,0.448,6.272555609714065,0.4735619835749692,53
1,0.449,6.268910486852394,0.4729009252901902,53
1,0.45,6.265287684043291,0.47223276595406743,53
1,0.451,6.261654403432083,0.471564580446493,53
1,0.452,6.258027455059438,0.4708974151924715,53
1,0.453,6.25439086602221,0.47023042899920814,53
1,0.454,6.250761436152659,0.46956316777178597,53
1,0.455,6.247173243976741,0.46889767427039064,53
1,0.456,6.243560267169007,0.4682300095873709,53
1,0.457,6.239972090104391,0.4675692627713533,53
1,0.458,6.236375906483157,0.466901518753804,53
1,0.459,6.232788517224005,0.4662337650635576,53
1,0.46,6.229210331297033,0.465566076773165,53
1,0.461,6.225658592379043,0.4648994979842694,53
1,0.462,6.2221004932118635,0.46423219403123855,53
1,0.463,6.218586503593335,0.4635678734226312,53
1,0.464,6.215050600053378,0.4629012855629563,53
1,0.465,6.211525973407157,0.4622351420877356,53
1,0.466,6.2080130304852705,0.46156951881415365,53
1,0.467,6.204495785748169,0.46090262256124864,53
1,0.468,6.200991468652031,0.46023601569500855,53
1,0.469,6.197516864721596,0.4595724948531919,53
1,0.47,6.194039151421878,0.45891008457569527,53
1,0.471,6.190608782779914,0.4582474562711945,53
1,0.472,6.187176110733778,0.457586603612136,53
1,0.473,6.183708753591778,0.45692694203004525,53
1,0.474,6.180306759138185,0.45626827667871966,53
1,0.475,6.176904074030732,0.45560387082781223,53
1,0.476,6.173534313106717,0.4549477390344262,53
1,0.477,6.170180596228522,0.4542929528873574,53
1,0.478,6.166843320278976,0.4536395878051588,53
1,0.479,6.163522880695589,0.45298771903913615,53
1,0.48,6.160203279736639,0.45233753640894586,53
1,0.481,6.156918125527779,0.451688895164429,53
1,0.482,6.153650974035539,0.4510419742705029,53
1,0.483,6.150402214589565,0.45039684812619624,53
1,0.484,6.147172234784384,0.4497535908625189,53
1,0.485,6.143961420423617,0.44911227632202294,53
1,0.486,6.140770155464565,0.44847297803826086,53
1,0.487,6.137582430286862,0.44783075944314404,53
1,0.488,6.13441544906541,0.4471950285902026,53
1,0.489,6.131286414216226,0.4465635603103961,53
1,0.49,6.128162475800724,0.4459354989866256,53
1,0.491,6.125093616155182,0.44530615882886804,53
1,0.492,6.1220301577226195,0.444680475303721,53
1,0.493,6.1189724715070035,0.4440511482993144,53
1,0.494,6.1159541419796,0.4434307570675446,53
1,0.495,6.112958700734622,0.442813019898162,53
1,0.496,6.11000334705947,0.44220426769447024,53
1,0.497,6.1070388355875185,0.4415913694646656,53
1,0.498,6.104098741645681,0.44098370738254833,53
1,0.499,6.101183411559501,0.4403777890631312,53
1,0.5,6.098326416036105,0.43977815691740696,53
1,0.501,6.095478057104673,0.43917802561911906,53
1,0.502,6.0926719116174946,0.4385785149025592,53
1,0.503,6.0898751114785785,0.4379846460846926,53
1,0.504,6.087088444932849,0.43739600167893217,53
1,0.505,6.084329078369401,0.4368084835341897,53
1,0.506,6.081613732452916,0.4362245795973169,53
1,0.507,6.078925909688596,0.4356444263606686,53
1,0.508,6.076249109873205,0.4350661147633966,53
1,0.509,6.07361688058881,0.43449309345130904,53
1,0.51,6.071013159190883,0.43393008203170935,53
1,0.511,6.068421880194152,0.43335922983849523,53
1,0.512,6.065876582659097,0.4327971871444325,53
1,0.513,6.063360752181997,0.4322391133250047,53
1,0.514,6.060874263068208,0.43168490604321674,53
1,0.515,6.058417873091733,0.4311391451891717,53
1,0.516,6.055991893616135,0.43059279931425626,53
1,0.517,6.053596189556783,0.43005048939255786,53
1,0.518,6.051247900860696,0.42951306841758813,53
1,0.519,6.048914113525522,0.4289790261935011,53
1,0.52,6.046578734180658,0.4284461818704678,53
1,0.521,6.0442920974795715,0.4279204229563889,53
1,0.522,6.042054040906249,0.42739919068752724,53
1,0.523,6.039848017929257,0.4268822989338406,53
1,0.524,6.037674313463143,0.4263697950375702,53
1,0.525,6.035516817117501,0.42586048870817816,53
1,0.526,6.0333926305925685,0.4253571798244584,53
1,0.527,6.031318408782197,0.4248581700717477,53
1,0.528,6.0292944223944644,0.42436594160450414,53
1,0.529,6.027287722879645,0.42387616509867987,53
1,0.53,6.025282181975819,0.4233831655048768,53
1,0.531,6.023328099107809,0.4229038010825696,53
1,0.532,6.021408884523944,0.4224259438838103,53
1,0.533,6.019524779884333,0.4219548654528309,53
1,0.534,6.017692414863265,0.4214889914153582,53
1,0.535,6.015895199690519,0.421027947254884,53
1,0.536,6.014133375662937,0.4205717674134175,53
1,0.537,6.012424015119956,0.4201176817744488,53
1,0.538,6.010750970883097,0.41966671967953084,53
1,0.539,6.009097648623642,0.4192251262039407,53
1,0.54,6.007497500747959,0.418790071485942,53
1,0.541,6.0059011416930925,0.41836124123020924,53
1,0.542,6.004325613302785,0.4179376223234004,53
1,0.543,6.002888066109669,0.4175220753704602,53
1,0.544,6.0014221783165125,0.41710575423762275,53
1,0.545,5.999993723771247,0.4166945588307877,53
1,0.546,5.998586513773088,0.41629162999358627,53
1,0.547,5.997250797906378,0.4158937141223737,53
1,0.548,5.9959367204756315,0.4154980221008561,53
1,0.549,5.9946444723616406,0.4151106148152425,53
1,0.55,5.993407455964131,0.41472527263798115,53
1,0.551,5.992225853935975,0.4143468489898739,53
1,0.552,5.991066629169266,0.41397207513732526,53
1,0.553,5.989946347709568,0.4136025849565963,53
1,0.554,5.988882014681538,0.41323768664440746,53
1,0.555,5.98785741541658,0.41287970476005753,53
1,0.556,5.986839496156084,0.41252822594897276,53
1,0.557,5.985861630334104,0.4121833005997461,53
1,0.558,5.984940352274148,0.4118402794724054,53
1,0.559,5.984058976465412,0.4115026106009523,53
1,0.56,5.9832180914566635,0.411167433282368,53
1,0.561,5.982401446655023,0.4108376180502242,53
1,0.562,5.981658786464671,0.41051654324077136,53
1,0.563,5.980940636572623,0.41019789325600964,53
1,0.564,5.980263517650589,0.40988722802388367,53
1,0.565,5.979627111203915,0.4095819339838458,53
1,0.566,5.979048372760406,0.4092841427423697,53
1,0.567,5.978478254611458,0.4089947128964094,53
1,0.568,5.977950084731147,0.40870573966071994,53
1,0.569,5.977513578888354,0.408418287519705,53
1,0.57,5.9771024102900165,0.4081370544351941,53
1,0.571,5.976716247111487,0.4078638825766786,53
1,0.572,5.976371577216058,0.4075960698675192,53
1,0.573,5.976085327446129,0.4073308128149183,53
1,0.574,5.975824369721702,0.4070736285846403,53
1,0.575,5.975605179011489,0.40682178294050175,53
1,0.576,5.975428277596947,0.40657576998383294,53
1,0.577,5.9753105753184705,0.40633467988884686,53
1,0.578,5.975218483999956,0.406098749717726,53
1,0.579,5.975168461897259,0.40586812086298973,53
1,0.58,5.9751774062752,0.40564630501699656,53
1,0.581,5.9752294379180855,0.4054284286086989,53
1,0.582,5.975291395375099,0.40521194448013576,53
1,0.583,5.975396101259974,0.40500322627874324,53
1,0.584,5.975543590763374,0.4047984989439333,53
1,0.585,5.975750286684135,0.40459977639936223,53
1,0.586,5.976016227046722,0.4044087108350785,53
1,0.587,5.976308230068005,0.40422046446333176,53
1,0.588,5.976626325417873,0.40403868754279815,53
1,0.589,5.977003754229165,0.4038607607288357,53
1,0.59,5.977407754504327,0.4036867433835042,53
1,0.591,5.97787155933414,0.40351917280570737,53
1,0.592,5.978377903897653,0.4033567259596315,53
1,0.593,5.97891040585168,0.4031981562185941,53
1,0.594,5.979502286039483,0.4030459578779567,53
1,0.595,5.9801203188580345,0.40290091345273094,53
1,0.596,5.9807977169542825,0.40275875648333687,53
1,0.597,5.981517638227604,0.4026216361732968,53
1,0.598,5.982280071423158,0.4024895342604628,53
1,0.599,5.983085001104835,0.40236243232148783,53
1,0.6,5.983932851036486,0.40224028353503893,53
1,0.601,5.984840432764999,0.40212396491307534,53
1,0.602,5.985774060057919,0.4020117140324881,53
1,0.603,5.986750093364801,0.4019043884230051,53
1,0.604,5.9878021674490585,0.40180321482653647,53
1,0.605,5.988863811924508,0.4017056934845969,53
1,0.606,5.989967767212754,0.40161304064621517,53
1,0.607,5.991113986354098,0.4015252375170933,53
1,0.608,5.992319253421257,0.4014377792106865,53
1,0.609,5.993550297960001,0.40135950179162266,53
1,0.61,5.994823452978535,0.40128601546055465,53
1,0.611,5.996138655863801,0.40121730180926085,53
1,0.612,5.99747944840199,0.4011563906586792,53
1,0.613,5.998878975903261,0.40109707715754356,53
1,0.614,6.000320329253355,0.4010424845778752,53
1,0.615,6.001754255485011,0.4009878091112881,53
1,0.616,6.003280763435168,0.40094487191584,53
1,0.617,6.004832871707344,0.40090346412090017,53
1,0.618,6.006443264534586,0.4008677444175241,53
1,0.619,6.008095015181781,0.40083665420906867,53
1,0.62,6.009755244829622,0.4008158759364857,53
1,0.621,6.011490285764153,0.40079385942104734,53
1,0.622,6.013266365461818,0.4007764281702041,53
1,0.623,6.0150833777715045,0.4007635671907894,53
1,0.624,6.016941212855205,0.4007552618789777,53
1,0.625,6.018823365536765,0.40075439554597103,53
1,0.626,6.020779769473119,0.400753464098858,53
1,0.627,6.022777088673586,0.4007567225268999,53
1,0.628,6.024798375495312,0.40076630940224495,53
1,0.629,6.026859894493065,0.40078038462328264,53
1,0.63,6.028928731665457,0.4008011284352139,53
1,0.631,6.031071184365565,0.4008241111850403,53
1,0.632,6.033253888754404,0.4008513567474205,53
1,0.633,6.0354935395527205,0.40088458823230727,53
1,0.634,6.037773169447596,0.4009179337730868,53
1,0.635,6.040075807985843,0.40095867884959974,53
1,0.636,6.042401305425599,0.4010025786761953,53
1,0.637,6.044766332764461,0.40105021134763563,53
1,0.638,6.04717072290208,0.4011049469637416,53
1,0.639,6.049630697381716,0.4011633748809002,53
1,0.64,6.052146094028143,0.4012264677005442,53
1,0.641,6.054683531934485,0.40129362863523,53
1,0.642,6.057259234418798,0.40136515205699774,53
1,0.643,6.059873029949417,0.40144103231536693,53
1,0.644,6.062508352174261,0.40152018319517474,53
1,0.645,6.065198239054087,0.40160478590939547,53
1,0.646,6.067925674922415,0.40169373077205367,53
1,0.647,6.0706904760938745,0.40178701404934636,53
1,0.648,6.073492455851818,0.40188463246200606,53
1,0.649,6.0763314244780515,0.40198658317571345,53
1,0.65,6.079174405930006,0.4020861729158851,53
1,0.651,6.082087636078302,0.402196946775992,53
1,0.652,6.085037246797504,0.4023120431631969,53
1,0.653,6.088023037153646,0.4024314609919014,53
1,0.654,6.091044803350151,0.40255519955659014,53
1,0.655,6.094102338757899,0.4026832585163415,53
1,0.656,6.0972122689874,0.4028147056433781,53
1,0.657,6.1003411663401215,0.402951386565081,53
1,0.658,6.10350565117398,0.40309505136818713,53
1,0.659,6.1067055063547295,0.40324029661126237,53
1,0.66,6.109940068962483,0.4033898661392265,53
1,0.661,6.1132427868809955,0.40353811567605224,53
1,0.662,6.116547447670433,0.4036917033554099,53
1,0.663,6.119886608061981,0.4038540854996377,53
1,0.664,6.123243204104223,0.4040225100124897,53
1,0.665,6.126667055167026,0.4041960421757011,53
1,0.666,6.130107877057889,0.4043714446121376,53
1,0.667,6.13354904224815,0.4045472192610491,53
1,0.668,6.137056743965224,0.4047314099245962,53
1,0.669,6.140580680283887,0.4049167798505091,53
1,0.67,6.144153824418094,0.4051097421881224,53
1,0.671,6.147775931739735,0.40530866964639745,53
1,0.672,6.151413539809003,0.40551037202213547,53
1,0.673,6.155082791332227,0.40571642272912617,53
1,0.674,6.15876704341194,0.40592371248301673,53
1,0.675,6.162516093399274,0.4061389797223425,53
1,0.676,6.166279635375672,0.4063581827824687,53
1,0.677,6.170057412054944,0.4065821134908101,53
1,0.678,6.173899214813189,0.4068092249622802,53
1,0.679,6.17775473184661,0.4070414877841218,53
1,0.68,6.181607308397026,0.4072804503483798,53
1,0.681,6.185506719167045,0.4075181216934396,53
1,0.682,6.189469078232754,0.40776000619700414,53
1,0.683,6.193460901724548,0.4080075091342121,53
1,0.684,6.197465095742089,0.4082614381276947,53
1,0.685,6.201497780207406,0.4085197231797462,53
1,0.686,6.20555868146665,0.40878236330857676,53
1,0.687,6.2096643590376175,0.4090485740662067,53
1,0.688,6.2137813200599785,0.40931989940451585,53
1,0.689,6.217909285617373,0.40959719858194354,53
1,0.69,6.222064799089786,0.4098774855795851,53
1,0.691,6.226247567316339,0.41015786975090973,53
1,0.692,6.230457295660406,0.4104472940219171,53
1,0.693,6.234693688032547,0.4107420712564842,53
1,0.694,6.238940055237011,0.41103793022886986,53
1,0.695,6.243262540816675,0.4113369326729518,53
1,0.696,6.247593970099755,0.41164287378137226,53
1,0.697,6.251967279354764,0.4119555223003432,53
1,0.698,6.2563161776988325,0.41226460353848204,53
1,0.699,6.260723194978886,0.4125836364276515,53
1,0.7,6.265154366755993,0.4129069333219998,53
1,0.701,6.2695930054901154,0.4132361688664166,53
1,0.702,6.274072029586849,0.4135679025936367,53
1,0.703,6.278574305454642,0.413903862359034,53
1,0.704,6.283099533110162,0.4142440328060668,53
1,0.705,6.287647411162559,0.41458839747254095,53
1,0.706,6.292217636839569,0.41493693876221494,53
1,0.707,6.296809906013344,0.4152896379170446,53
1,0.708,6.301423913226019,0.415646474990102,53
1,0.709,6.30605935171501,0.4160074288191989,53
1,0.71,6.310715913438033,0.4163724770012449,53
1,0.711,6.315410124139943,0.4167407018454026,53
1,0.712,6.3201252928405545,0.41711414938924846,53
1,0.713,6.324827892573451,0.41749411807753023,53
1,0.714,6.329584053421718,0.41787906503494576,53
1,0.715,6.334343411565941,0.41826417921117254,53
1,0.716,6.339138879574612,0.4186538718908154,53
1,0.717,6.343936926702912,0.4190468202765374,53
1,0.718,6.3487372368855395,0.4194431196564343,53
1,0.719,6.353556317083408,0.4198448576638725,53
1,0.72,6.358393838440691,0.4202513323772046,53
1,0.721,6.363265863020406,0.4206594650850833,53
1,0.722,6.368172514801721,0.42106789452539706,53
1,0.723,6.373097093227231,0.4214840161632624,53
1,0.724,6.378038845615815,0.42190228276338465,53
1,0.725,6.382980626946388,0.4223251523124808,53
1,0.726,6.387955342097932,0.4227520057321258,53
1,0.727,6.392946731272517,0.4231794743120235,53
1,0.728,6.397937647608829,0.4236128735085024,53
1,0.729,6.402943716069024,0.4240496742090929,53
1,0.73,6.407931829154403,0.4244877227596469,53
1,0.731,6.412968093444387,0.42493120371756044,53
1,0.732,6.41801851367783,0.42537792697295557,53
1,0.733,6.423049980578223,0.4258305514979494,53
1,0.734,6.428112207320988,0.4262843567626785,53
1,0.735,6.43320441271801,0.42674038173378076,53
1,0.736,6.438293042748905,0.42720080013377654,53
1,0.737,6.443410985178909,0.4276627383898023,53
1,0.738,6.4485410765664195,0.428127561368863,53
1,0.739,6.453682987860693,0.42859520339999696,53
1,0.74,6.4588363893784395,0.42906559725128485,53
1,0.741,6.464000950822206,0.4295386741363063,53
1,0.742,6.46917634129848,0.4300143637217321,53
1,0.743,6.47437906437758,0.430491158698802,53
1,0.744,6.479575572532441,0.43097180394735823,53
1,0.745,6.4847987601675845,0.4314595181584992,53
1,0.746,6.489998687277264,0.43194879536787595,53
1,0.747,6.49520823653576,0.4324376874604624,53
1,0.748,6.50044345534442,0.4329273981551367,53
1,0.749,6.505687175133577,0.43341919085722297,53
1,0.75,6.510922670239135,0.4339156077485551,53
1,0.751,6.5161828219803235,0.43441124800460384,53
1,0.752,6.5214841307900056,0.43490884069883085,53
1,0.753,6.526759830651467,0.43540806697275825,53
1,0.754,6.532025978334569,0.43591277095968123,53
1,0.755,6.537315454307056,0.4364151234295035,53
1,0.756,6.542611088132536,0.436918955756441,53
1,0.757,6.547929379106051,0.4374196864060741,53
1,0.758,6.553236775647763,0.4379260848812144,53
1,0.759,6.558566168328923,0.4384335576878726,53
1,0.76,6.563884005203357,0.43894224757214784,53
1,0.761,6.569223176509334,0.439455571172724,53
1,0.762,6.574550130000665,0.43996626362610886,53
1,0.763,6.579864528929791,0.44047364847423065,53
1,0.764,6.585216087103194,0.44098954341810626,53
1,0.765,6.590554417022496,0.4415025518505119,53
1,0.766,6.5958960168115714,0.4420145129466481,53
1,0.767,6.601240549608554,0.44252839013730844,53
1,0.768,6.606570843578531,0.44304415247380186,53
1,0.769,6.611936612546934,0.44355855165401264,53
1,0.77,6.61728746909784,0.4440729510777532,53
1,0.771,6.6226394681345795,0.44458732832576126,53
1,0.772,6.628009107788013,0.44509851096372033,53
1,0.773,6.633380113933861,0.4456141652401678,53
1,0.774,6.63873532612049,0.4461278091626448,53
1,0.775,6.6440575730938,0.44664413720033824,53
1,0.776,6.649396558387671,0.4471531872274729,53
1,0.777,6.654768326852897,0.44766142930085545,53
1,0.778,6.660122492277915,0.44817246668590655,53
1,0.779,6.665475110864476,0.44868258938902417,53
1,0.78,6.6708258470930755,0.44919168351970434,53
1,0.781,6.676174365410456,0.44969963465230234,53
1,0.782,6.681520330240645,0.4502063278641353,53
1,0.783,6.6868802410379065,0.4507114713118172,53
1,0.784,6.692220546718706,0.4512152964403539,53
1,0.785,6.697540911965618,0.4517186686083215,53
1,0.786,6.702891052279893,0.45222371794477934,53
1,0.787,6.708187798767229,0.45272382023233165,53
1,0.788,6.713513639904194,0.4532205982179474,53
1,0.789,6.71883457146345,0.45371530663581155,53
1,0.79,6.724150259357835,0.4542078280360073,53
1,0.791,6.729443977890091,0.4546995962015565,53
1,0.792,6.734748608866799,0.4551873590978376,53
1,0.793,6.740046983638767,0.45567258236337516,53
1,0.794,6.7453556037317615,0.456159389822177,53
1,0.795,6.750657755277577,0.4566401656509218,53
1,0.796,6.755936281414634,0.45711724878100424,53
1,0.797,6.76122407620551,0.45759452296440073,53
1,0.798,6.766504426682403,0.4580623799837007,53
1,0.799,6.771760176923923,0.4585300956562917,53
1,0.8,6.776990995254165,0.458994648835456,53
1,0.801,6.782246600970701,0.45945422262858227,53
1,0.802,6.7874602208058326,0.459908123827982,53
1,0.803,6.792681131588401,0.4603617652460727,53
1,0.804,6.79787577646157,0.4608124588640085,53
1,0.805,6.803077041251363,0.46125832512146,53
1,0.806,6.808267761464589,0.4617001366860672,53
1,0.807,6.813431216200871,0.46213782128859426,53
1,0.808,6.8186002922240005,0.46257118261245983,53
1,0.809,6.82377466104396,0.4629986947039252,53
1,0.81,6.828920778926488,0.4634231135556522,53
1,0.811,6.8340547098301485,0.46384291029753816,53
1,0.812,6.839176126312044,0.46425797347979875,53
1,0.813,6.844284701213665,0.46466819234500545,53
1,0.814,6.849380107670412,0.4650734568629677,53
1,0.815,6.854445627444807,0.46547285298293306,53
1,0.816,6.859530985081931,0.46586648256631563,53
1,0.817,6.864585804370626,0.4662562333858751,53
1,0.818,6.86962615190144,0.4666405951508601,53
1,0.819,6.874651702930339,0.46701946199454725,53
1,0.82,6.879662576430456,0.4673985701519957,53
1,0.821,6.884658448626901,0.46776619696936156,53
1,0.822,6.889638996372325,0.46812709667997426,53
1,0.823,6.89458750548051,0.46847917230309644,53
1,0.824,6.899520034798178,0.4688292096661579,53
1,0.825,6.904436252148007,0.4691740206183933,53
1,0.826,6.909352217686167,0.4695116001066066,53
1,0.827,6.91425077647982,0.46984287452892565,53
1,0.828,6.919098825701674,0.4701691007429223,53
1,0.829,6.923962477806206,0.47048743432032203,53
1,0.83,6.92879135292485,0.47079929511025315,53
1,0.831,6.93360195746187,0.4711065808522076,53
1,0.832,6.9384271901974754,0.4714074594308918,53
1,0.833,6.943233519371372,0.47169950548135403,53
1,0.834,6.948003805621492,0.4719839824555191,53
1,0.835,6.952754125819,0.4722614207699566,53
1,0.836,6.957484165652199,0.4725317342162044,53
1,0.837,6.96219361131437,0.4727948379798966,53
1,0.838,6.966882149515381,0.4730506486633392,53
1,0.839,6.971549467493364,0.47329908430750656,53
1,0.84,6.976195253026463,0.4735400644134536,53
1,0.841,6.980819637810451,0.4737743807676186,53
1,0.842,6.985422310995772,0.4740001311969204,53
1,0.843,6.9900361892838,0.47422496610772297,53
1,0.844,6.994611367298587,0.4744395656088901,53
1,0.845,6.9991639396360865,0.47463862522943023,53
1,0.846,7.00367677505998,0.4748333868602106,53
1,0.847,7.0081659587329,0.4750201765327367,53
1,0.848,7.012631184801922,0.47519892618611753,53
1,0.849,7.017088983130112,0.4753681140555911,53
1,0.85,7.021489442054763,0.47552666954602,53
1,0.851,7.025881865474303,0.4756809624092635,53
1,0.852,7.030232724112167,0.47582605770684067,53
1,0.853,7.0345585402132285,0.47596527059164684,53
1,0.854,7.038859001973667,0.47609452899136445,53
1,0.855,7.0431501902681894,0.47621524866763776,53
1,0.856,7.047414971231505,0.4763274406092044,53
1,0.857,7.05165304680956,0.476431051914575,53
1,0.858,7.055864119732182,0.476526031426739,53
1,0.859,7.060031501851603,0.47661236623777714,53
1,0.86,7.064171721585008,0.4766880010483478,53
1,0.861,7.068300865063939,0.47675686292782676,53
1,0.862,7.072385412082515,0.4768171761535503,53
1,0.863,7.07645828575349,0.4768683364167085,53
1,0.864,7.080502359512307,0.4769105936672679,53
1,0.865,7.08451734271173,0.47694390926885316,53
1,0.866,7.088486553919495,0.4769646291350227,53
1,0.867,7.092442920038341,0.47698003978422077,53
1,0.868,7.0963529266764604,0.476983243948991,53
1,0.869,7.100249502846632,0.47698061635486144,53
1,0.87,7.10411552797124,0.47696887713270564,53
1,0.871,7.107950717477909,0.4769479986786709,53
1,0.872,7.11175478777442,0.4769179552283859,53
1,0.873,7.115527456265874,0.47687872286013006,53
1,0.874,7.1192684413719665,0.47683027949751966,53
1,0.875,7.1229774625443945,0.47677260491171963,53
1,0.876,7.126654240284409,0.47670568072318703,53
1,0.877,7.130298496160485,0.4766294904029513,53
1,0.878,7.133893561149829,0.47654292862011627,53
1,0.879,7.137439591407585,0.4764506824171218,53
1,0.88,7.140969516846799,0.4763501044720196,53
1,0.881,7.144482609900226,0.4762365793681263,53
1,0.882,7.147961763684789,0.4761137372002791,53
1,0.883,7.1514067075149725,0.4759815724403432,53
1,0.884,7.154800780203407,0.4758370534736072,53
1,0.885,7.158176929183805,0.4756863232834484,53
1,0.886,7.161518052560614,0.47552626268403037,53
1,0.887,7.164823884707154,0.4753568735836409,53
1,0.888,7.16809416124306,0.4751781597280366,53
1,0.889,7.171312227377609,0.47499097386539285,53
1,0.89,7.174511037033344,0.4747936061946203,53
1,0.891,7.177673494896375,0.4745869365852422,53
1,0.892,7.180782950338873,0.47437167327997026,53
1,0.893,7.183855969824715,0.47414804657081794,53
1,0.894,7.186892286387775,0.47391687616995926,53
1,0.895,7.189891634689139,0.47366999967552514,53
1,0.896,7.192870142708726,0.47341697177691844,53
1,0.897,7.195810724333237,0.4731547361075731,53
1,0.898,7.19871312991382,0.4728833144974354,53
1,0.899,7.201577111245096,0.47260273055327534,53
1,0.9,7.204402421586334,0.4723130096511664,53
1,0.901,7.207188815682706,0.47201417892867015,53
1,0.902,7.2099360497866245,0.47170626727673187,53
1,0.903,7.212611098326535,0.4713881847862914,53
1,0.904,7.215263760459833,0.47105944052309323,53
1,0.905,7.217876951582859,0.4707235684885952,53
1,0.906,7.220466815644492,0.47037979974295163,53
1,0.907,7.223016282693094,0.47002711651397006,53
1,0.908,7.225525119435245,0.4696655581320524,53
1,0.909,7.227976702539474,0.4692971736494426,53
1,0.91,7.230404017762287,0.468917950923437,53
1,0.911,7.23277361032451,0.468525861912907,53
1,0.912,7.235102077939915,0.4681327624770359,53
1,0.913,7.237372793577192,0.46773249012406926,53
1,0.914,7.23961873962304,0.46732170251583743,53
1,0.915,7.241822849929868,0.46689516237378337,53
1,0.916,7.243984895411964,0.46646648803081403,53
1,0.917,7.246088257344654,0.4660213932555361,53
1,0.918,7.248182318162104,0.46557354281858276,53
1,0.919,7.250216804401611,0.46511719778651706,53
1,0.92,7.252224721946074,0.46465274362486897,53
1,0.921,7.254189027993457,0.4641800773284202,53
1,0.922,7.256060341629872,0.46370413157407186,53
1,0.923,7.25793810612231,0.4632150901107877,53
1,0.924,7.259771615033172,0.4627180302004817,53
1,0.925,7.261560668979861,0.46221301819082694,53
1,0.926,7.263305070531885,0.4617001219186872,53
1,0.927,7.2649882325578234,0.46117542080636015,53
1,0.928,7.266626785676103,0.4606479396428255,53
1,0.929,7.268220527736148,0.4601129396099741,53
1,0.93,7.269785650554576,0.459569245265827,53
1,0.931,7.271305132505455,0.45901802744496983,53
1,0.932,7.272762397403796,0.4584618846988728,53
1,0.933,7.274190478590382,0.4578957808835182,53
1,0.934,7.2755723609851515,0.4573223888830837,53
1,0.935,7.276907866688832,0.4567417892774282,53
1,0.936,7.278196819963652,0.45615406399650926,53
1,0.937,7.279439047255981,0.455559296305663,53
1,0.938,7.280634377218845,0.4549575707907691,53
1,0.939,7.28174985738169,0.45435158630377026,53
1,0.94,7.282851752380347,0.45373612930870405,53
1,0.941,7.283906228039996,0.4531139778993886,53
1,0.942,7.284896730878421,0.4524881124545769,53
1,0.943,7.285839925471334,0.45185179878696446,53
1,0.944,7.286752035608436,0.45121005358042254,53
1,0.945,7.2875996802479435,0.45056268176082775,53
1,0.946,7.288415923178661,0.4499083479844531,53
1,0.947,7.289183780029694,0.4492478784819194,53
1,0.948,7.289886712194112,0.4485820379941431,53
1,0.949,7.290541399235439,0.4479053047671018,53
1,0.95,7.291164080042769,0.4472270956508534,53
1,0.951,7.291737780460603,0.446543143450379,53
1,0.952,7.292262363846,0.4458535495640349,53
1,0.953,7.292737696046749,0.4451584164766939,53
1,0.954,7.2931636454213695,0.44445784774319513,53
1,0.955,7.2935236911825445,0.44375369642951185,53
1,0.956,7.293834530844151,0.4430455700427308,53
1,0.957,7.294112421374777,0.4423291930152668,53
1,0.958,7.294340406825906,0.4416078083115704,53
1,0.959,7.294501977211074,0.4408780239906137,53
1,0.96,7.294630232586158,0.4401470438234206,53
1,0.961,7.294691833421721,0.4394144239988491,53
1,0.962,7.294719885303595,0.43867412024689884,53
1,0.963,7.294697445938901,0.43792936060546134,53
1,0.964,7.2946080190759,0.4371761550930418,53
1,0.965,7.29448471858286,0.43642293246038694,53
1,0.966,7.294310610495233,0.4356655938188831,53
1,0.967,7.294069206934576,0.43490418888984206,53
1,0.968,7.293793630186439,0.4341389555608018,53
1,0.969,7.293450563070273,0.4333656497439371,53
1,0.97,7.293073133637494,0.43259311595936173,53
1,0.971,7.29264442217494,0.43181705171610224,53
1,0.972,7.292164346798394,0.431037576912603,53
1,0.973,7.291632828424891,0.4302548121800859,53
1,0.974,7.291049790786703,0.429468878863489,53
1,0.975,7.290415160444911,0.4286798990022457,53
1,0.976,7.289728866802559,0.4278879953108991,53
1,0.977,7.288990842117384,0.42709329115954775,53
1,0.978,7.288201021514117,0.4262959105541181,53
1,0.979,7.287359342996339,0.4254959781164587,53
1,0.98,7.286432964105297,0.4246886881420345,53
1,0.981,7.285471868462313,0.42388262396567766,53
1,0.982,7.284475548944065,0.42307594871835047,53
1,0.983,7.283427120880758,0.4222672223014519,53
1,0.984,7.282326537560556,0.4214565721824136,53
1,0.985,7.281173755196876,0.42064412631995063,53
1,0.986,7.279952341260986,0.419829685192284,53
1,0.987,7.2786954735942935,0.4190140282909957,53
1,0.988,7.277386282446695,0.4181969627333941,53
1,0.989,7.276024736062827,0.4173786182099381,53
1,0.99,7.274610805646968,0.41655912479437696,53
1,0.991,7.273144465369519,0.4157386129213472,53
1,0.992,7.271625692372973,0.41491721336373144,53
1,0.993,7.270038075101028,0.41409680707004226,53
1,0.994,7.268398420731073,0.4132770150582756,53
1,0.995,7.266706704636571,0.412451833890903,53
1,0.996,7.264979297104052,0.41162810867358396,53
1,0.997,7.26319935590367,0.4108041564444007,53
1,0.998,7.26135048515259,0.40997956711041883,53
1,0.999,7.259465899379217,0.40915558011116765,53
2,0.0,7.056879278037582,0.46213678726132085,67
2,0.001,7.059076161128385,0.46186725893132624,67
2,0.002,7.061246165829634,0.46159442000487644,67
2,0.003,7.063402215216005,0.4613169234782222,67
2,0.004,7.065570901521915,0.4610319493619574,67
2,0.005,7.067699633732651,0.46074513824229174,67
2,0.006,7.069814305432889,0.4604537608724363,67
2,0.007,7.071914878329488,0.4601578506513786,67
2,0.008,7.074001315366218,0.45985744202016654,67
2,0.009,7.07607358073805,0.4595525704600776,67
2,0.01,7.078144957176956,0.45924320755629217,67
2,0.011,7.080189136477351,0.45892950804681054,67
2,0.012,7.082219053424877,0.4586114576637247,67
2,0.013,7.0842479948341355,0.45828899367054604,67
2,0.014,7.086249656622318,0.45796234736165164,67
2,0.015,7.088250295008373,0.45763253378488017,67
2,0.016,7.090236926061369,0.457296152338277,67
2,0.017,7.092196216688695,0.4569569334022458,67
2,0.018,7.094141110315164,0.4566136152464513,67
2,0.019,7.096098219739407,0.45626407032873306,67
2,0.02,7.098014974716518,0.4559126505314913,67
2,0.021,7.099917289798101,0.4555572709060055,67
2,0.022,7.101805147846599,0.4551979800777656,67
2,0.023,7.103691850413673,0.4548335247662898,67
2,0.024,7.105564425530504,0.4544665909443907,67
2,0.025,7.107409552141723,0.45409584433015143,67
2,0.026,7.10925350305223,0.4537192833975706,67
2,0.027,7.111069993747407,0.4533411184360188,67
2,0.028,7.11287198286304,0.45295935281706673,67
2,0.029,7.114672781214306,0.4525737835699604,67
2,0.03,7.116446108860703,0.4521849820962447,67
2,0.031,7.118218246296542,0.45179570739501074,67
2,0.032,7.1199629167185785,0.45140018743338467,67
2,0.033,7.121693086493286,0.4510013551138077,67
2,0.034,7.123408756911113,0.45059927036271835,67
2,0.035,7.125123248008546,0.4501936736120309,67
2,0.036,7.126810289079967,0.4497852487158181,67
2,0.037,7.128482852592909,0.44937375570577953,67
2,0.038,7.130140945940223,0.44895925794139785,67
2,0.039,7.131784577987966,0.4485418196161915,67
2,0.04,7.1334403936170405,0.4481237563078212,67
2,0.041,7.135055854744809,0.4477006992668457,67
2,0.042,7.136683542698255,0.4472766295519287,67
2,0.043,7.138270922742019,0.4468481987444042,67
2,0.044,7.139857262278412,0.4464196861710649,67
2,0.045,7.141416304862252,0.4459862027751519,67
2,0.046,7.142961037211635,0.4455502560974544,67
2,0.047,7.144491480955852,0.4451119166743742,67
2,0.048,7.146007659179071,0.4446712557566648,67
2,0.049,7.147509596413604,0.44422834529407185,67
2,0.05,7.148997318632714,0.4437832579196205,67
2,0.051,7.150484170515014,0.4433349366977977,67
2,0.052,7.151957223220766,0.4428865757998548,67
2,0.053,7.153416516083967,0.4424349269121951,67
2,0.054,7.154848772785625,0.44198186353286395,67
2,0.055,7.156293628108407,0.44152366473908194,67
2,0.056,7.157698567255122,0.4410669850584992,67
2,0.057,7.15908956022099,0.44060865292371243,67
2,0.058,7.160479962562551,0.4401490865181703,67
2,0.059,7.16184353899889,0.43968769148635256,67
2,0.06,7.163193297316568,0.4392248781229739,67
2,0.061,7.164529280111565,0.438760725420483,67
2,0.062,7.165851531327063,0.4382953128393378,67
2,0.063,7.167160096240918,0.43782872028793535,67
2,0.064,7.168455021452703,0.4373610281022268,67
2,0.065,7.169736354870369,0.43689231702502856,67
2,0.066,7.171004145696497,0.43642266818502845,67
2,0.067,7.1722717616862575,0.43595411205471774,67
2,0.068,7.173526296917326,0.435483183956016,67
2,0.069,7.174754496203615,0.4350112735729513,67
2,0.07,7.175969380750005,0.4345387548253102,67
2,0.071,7.177171006440422,0.4340657104749739,67
2,0.072,7.178359430371893,0.43359222353812277,67
2,0.073,7.179534710838338,0.43311837726229097,67
2,0.074,7.180696907314003,0.4326442551031672,67
2,0.075,7.181846080436562,0.4321699407011489,67
2,0.076,7.18298229198986,0.43169551785766025,67
2,0.077,7.184105604886336,0.43122107051123826,67
2,0.078,7.185216083149109,0.4307466827133981,67
2,0.079,7.186313791893744,0.43027243860428577,67
2,0.08,7.187412114581788,0.4297994978743815,67
2,0.081,7.1884848435142565,0.42932583000728786,67
2,0.082,7.189545013728737,0.42885255965885305,67
2,0.083,7.190606012005745,0.428380686968387,67
2,0.084,7.191641633911284,0.4279084842953949,67
2,0.085,7.19266491769315,0.42743693211080885,67
2,0.086,7.193675936014401,0.4269661145081333,67
2,0.087,7.1946747624828,0.42649611546860905,67
2,0.088,7.19566147163008,0.4260270188353831,67
2,0.089,7.196649456163041,0.42555935781647614,67
2,0.09,7.197639151998816,0.42509125279155896,67
2,0.091,7.198604370456422,0.4246245030403092,67
2,0.092,7.199544848333652,0.42415981686737925,67
2,0.093,7.200486949130878,0.4236962683593512,67
2,0.094,7.201417795667044,0.42323243871590477,67
2,0.095,7.202337478308143,0.42277261653173065,67
2,0.096,7.203246088399281,0.4223106721289709,67
2,0.097,7.204130400974427,0.42185326321092126,67
2,0.098,7.205003466953693,0.4213975773509324,67
2,0.099,7.20586537142419,0.4209436950440269,67
2,0.1,7.206716200167041,0.42049169633021394,67
2,0.101,7.207556039634295,0.4200416607681921,67
2,0.102,7.208411611469832,0.41959265657289757,67
2,0.103,7.209243770782698,0.4191494175023389,67
2,0.104,7.2100655817404675,0.4187097400420338,67
2,0.105,7.210863825481543,0.4182684909246364,67
2,0.106,7.21165155886118,0.41782959823527166,67
2,0.107,7.212455507275419,0.41739582727480246,67
2,0.108,7.213223212211731,0.4169619529246724,67
2,0.109,7.213980699057474,0.41653066356856544,67
2,0.11,7.214728060583114,0.41610203338922785,67
2,0.111,7.215465390017808,0.41567613583314084,67
2,0.112,7.216192781025068,0.4152530435857778,67
2,0.113,7.216910327678266,0.41483282854709613,67
2,0.114,7.2176314417081455,0.41441530863407844,67
2,0.115,7.218329942990451,0.41400104153026485,67
2,0.116,7.219032210709494,0.41358916113472255,67
2,0.117,7.219712065599303,0.41318112155839226,67
2,0.118,7.220395887656985,0.412776160888029,67
2,0.119,7.221057498383756,0.4123746215535422,67
2,0.12,7.2217232784981915,0.41197648212582255,67
2,0.121,7.222380367449279,0.41158589283323965,67
2,0.122,7.2230155543698285,0.4111947377370398,67
2,0.123,7.223641903721299,0.41080713190661267,67
2,0.124,7.224259513572251,0.4104231370864729,67
2,0.125,7.224881799395194,0.4100418410572002,67
2,0.126,7.225482584553703,0.40966522663264293,67
2,0.127,7.2261015687376196,0.4092908428788122,67
2,0.128,7.22669961798825,0.40892599528838536,67
2,0.129,7.227289806839995,0.4085610469667431,67
2,0.13,7.227872243503218,0.40819792203346034,67
2,0.131,7.228433719121229,0.4078408366842497,67
2,0.132,7.228987299965071,0.4074878163873345,67
2,0.133,7.229533085712067,0.4071389126844592,67
2,0.134,7.230071175970716,0.40679417589815553,67
2,0.135,7.230601670255651,0.4064536551163042,67
2,0.136,7.231124667962602,0.406117398177272,67
2,0.137,7.2316402683433525,0.4057854516556425,67
2,0.138,7.232161887752785,0.4054578945329217,67
2,0.139,7.23266335013619,0.4051347020874129,67
2,0.14,7.233171038192618,0.40481743579700885,67
2,0.141,7.23365877561594,0.4045032158536789,67
2,0.142,7.234139627536109,0.4041935209841526,67
2,0.143,7.234613692248011,0.4038883899424276,67
2,0.144,7.235094385008661,0.40358726639729964,67
2,0.145,7.2355555285247855,0.40329134391770866,67
2,0.146,7.236023504116473,0.40299710125687355,67
2,0.147,7.236472133958554,0.40271047578461033,67
2,0.148,7.23691448152222,0.4024285846302043,67
2,0.149,7.23735064330423,0.40215145828625853,67
2,0.15,7.237794032624509,0.4018806715343399,67
2,0.151,7.238218470114153,0.40161320858398736,67
2,0.152,7.238624051057501,0.4013490783266838,67
2,0.153,7.2390241788180845,0.4010942646690247,67
2,0.154,7.239445222966674,0.40084059962872354,67
2,0.155,7.239847685341134,0.4005926082038675,67
2,0.156,7.240231659604553,0.40034956666247545,67
2,0.157,7.240623864671694,0.40011207040301316,67
2,0.158,7.241011076077807,0.39987896717953586,67
2,0.159,7.241393035442955,0.39965085994192473,67
2,0.16,7.241769834418041,0.3994277637425842,67
2,0.161,7.242128597389623,0.3992087855035542,67
2,0.162,7.24249568970325,0.3989957879877081,67
2,0.163,7.242857883724336,0.398787836982034,67
2,0.164,7.243228585575164,0.3985859299571947,67
2,0.165,7.243581959074664,0.39838412350453745,67
2,0.166,7.2439310583908405,0.39819135811403295,67
2,0.167,7.244263354666584,0.3980052325052948,67
2,0.168,7.244592243002593,0.39782209812250907,67
2,0.169,7.244930066043475,0.3976444463608461,67
2,0.17,7.245250625460391,0.3974725301956002,67
2,0.171,7.245580280947271,0.3973050309067575,67
2,0.172,7.245905799011302,0.39714261652880684,67
2,0.173,7.246227262439569,0.39698528423967916,67
2,0.174,7.246544753006058,0.39683302990787345,67
2,0.175,7.246884985995072,0.39668502166564046,67
2,0.176,7.247195491205269,0.3965428954990312,67
2,0.177,7.247502280761703,0.3964058274054972,67
2,0.178,7.247818749874978,0.3962737386907038,67
2,0.179,7.248092767333498,0.3961448287274124,67
2,0.18,7.24840324316456,0.3960210161260842,67
2,0.181,7.248710660320277,0.3959039318805719,67
2,0.182,7.2489888180620605,0.39579282204010524,67
2,0.183,7.2492773820356655,0.3956872918272528,67
2,0.184,7.249537174298396,0.39558731425860644,67
2,0.185,7.249833783102758,0.3954896358186855,67
2,0.186,7.250127686799206,0.39539724717735547,67
2,0.187,7.250432281043913,0.3953089415203137,67
2,0.188,7.250708050931271,0.39522653784553935,67
2,0.189,7.250980997112315,0.39514900136749803,67
2,0.19,7.251225252734723,0.3950749088261136,67
2,0.191,7.2514934330181084,0.39500704514031976,67
2,0.192,7.251733034304726,0.39494646401056427,67
2,0.193,7.251984404405199,0.39488893265489394,67
2,0.194,7.252247596691264,0.3948339651226868,67
2,0.195,7.252521971169567,0.39478280523707393,67
2,0.196,7.2527809624044925,0.39473844411077913,67
2,0.197,7.253037595943937,0.3946987400939217,67
2,0.198,7.253278962785768,0.3946627207357172,67
2,0.199,7.253558028703353,0.39463180651789515,67
2,0.2,7.253808981339292,0.3946058944051551,67
2,0.201,7.254084442055361,0.39458051428467295,67
2,0.202,7.254318946628366,0.39456640478972965,67
2,0.203,7.254564754414927,0.3945537959622914,67
2,0.204,7.254808597928982,0.39454560856422033,67
2,0.205,7.2550512268603,0.3945339851753471,67
2,0.206,7.255292688306644,0.3945345125223317,67
2,0.207,7.2555323267609895,0.3945393464077133,67
2,0.208,7.255731286931992,0.394550856732521,67
2,0.209,7.255968437026442,0.3945641067072955,67
2,0.21,7.25619090043872,0.394579735813758,67
2,0.211,7.256425343170715,0.3946013146296245,67
2,0.212,7.25665848684666,0.3946270904987369,67
2,0.213,7.256877051639867,0.3946551030536544,67
2,0.214,7.257120665749663,0.39469021602487353,67
2,0.215,7.257336804714926,0.39472941399632183,67
2,0.216,7.257564743054151,0.39477122805171455,67
2,0.217,7.2577911948208715,0.394816937997595,67
2,0.218,7.2580161896316016,0.39486650007433705,67
2,0.219,7.25822678883441,0.3949168780632288,67
2,0.22,7.25846261101817,0.3949718153994429,67
2,0.221,7.258684088599729,0.3950326841719488,67
2,0.222,7.258878278119349,0.3950979943165111,67
2,0.223,7.259097751206599,0.3951661574815407,67
2,0.224,7.259315893289707,0.3952378994277036,67
2,0.225,7.259532722563113,0.39531317423591744,67
2,0.226,7.259748606157939,0.39538997004070453,67
2,0.227,7.259963558893378,0.3954721988322444,67
2,0.228,7.2601642767198,0.39555804807105155,67
2,0.229,7.260377046199737,0.3956470141362658,67
2,0.23,7.260588559863045,0.3957392800400781,67
2,0.231,7.260772892588619,0.3958329625708303,67
2,0.232,7.2609696342691965,0.3959329357301431,67
2,0.233,7.261178780941827,0.3960317508012673,67
2,0.234,7.261400686594693,0.39613462049224407,67
2,0.235,7.261608727376759,0.3962426370724933,67
2,0.236,7.261802552928899,0.3963516356688675,67
2,0.237,7.262008436898962,0.3964656868817615,67
2,0.238,7.262213058849475,0.3965826571423081,67
2,0.239,7.26240379791408,0.3967017694182467,67
2,0.24,7.26259395597733,0.3968249521853574,67
2,0.241,7.262809449274,0.3969523515568669,67
2,0.242,7.26301067571168,0.39708056367834704,67
2,0.243,7.263211291722621,0.39721225659561965,67
2,0.244,7.263398317710912,0.3973473485283273,67
2,0.245,7.263597312847289,0.39748334026919097,67
2,0.246,7.2637952943566955,0.39762383797514406,67
2,0.247,7.2639925950417386,0.39776708265988225,67
2,0.248,7.264202162041015,0.3979103893889796,67
2,0.249,7.264397348582805,0.3980562788745199,67
2,0.25,7.264591098420862,0.39820453549836343,67
2,0.251,7.264796704138697,0.39835489957545167,67
2,0.252,7.264974897662903,0.39850804498535874,67
2,0.253,7.265178209699125,0.39866399342925996,67
2,0.254,7.265367018083445,0.3988212705494883,67
2,0.255,7.265541291188247,0.39898098043963864,67
2,0.256,7.2657272706524,0.39914248985639234,67
2,0.257,7.265911604017514,0.39930605738306735,67
2,0.258,7.2660812876685705,0.3994719098301854,67
2,0.259,7.266275875083429,0.3996389763918968,67
2,0.26,7.266469401426682,0.39980976113815025,67
2,0.261,7.266648516228404,0.3999810923416514,67
2,0.262,7.2668257917862045,0.4001542696308395,67
2,0.263,7.267001182714736,0.400329251751835,67
2,0.264,7.267174641778323,0.4005059978480732,67
2,0.265,7.26734611989615,0.4006844674688371,67
2,0.266,7.267515566147716,0.40086462057737354,67
2,0.267,7.267669961228664,0.4010458857733767,67
2,0.268,7.267862160247325,0.40122628477499733,67
2,0.269,7.26802623983948,0.4014112089253305,67
2,0.27,7.268201392767331,0.4015965956387253,67
2,0.271,7.268348318124215,0.40178120904672227,67
2,0.272,7.268506196604406,0.4019706714842025,67
2,0.273,7.268661648348275,0.4021615433704078,67
2,0.274,7.268814608987913,0.4023537882993481,67
2,0.275,7.268965012383382,0.4025473703306457,67
2,0.276,7.269100174803608,0.4027474205451767,67
2,0.277,7.269233335390412,0.4029400952704063,67
2,0.278,7.269377030497902,0.4031376412064281,67
2,0.279,7.269531187787006,0.40333579843896117,67
2,0.28,7.269656491691327,0.40353822364374997,67
2,0.281,7.269792108317992,0.4037391760494185,67
2,0.282,7.269937960567854,0.40393935984518853,67
2,0.283,7.27004176159661,0.4041424521447837,67
2,0.284,7.270182265235059,0.4043483467116446,67
2,0.285,7.270319797706429,0.40455255634368936,67
2,0.286,7.270467602136479,0.40476165416977855,67
2,0.287,7.270599327988456,0.4049683807061387,67
2,0.288,7.27071454772433,0.4051764108235554,67
2,0.289,7.2708261407914945,0.4053853273624776,67
2,0.29,7.27092105193987,0.40559227266860226,67
2,0.291,7.271012499482066,0.40580300193858027,67
2,0.292,7.271113349637607,0.40601447847790073,67
2,0.293,7.271210192118807,0.4062267282243876,67
2,0.294,7.271303283083293,0.4064412471009483,67
2,0.295,7.271379560085726,0.4066517871116824,67
2,0.296,7.271478167611628,0.4068660012867561,67
2,0.297,7.271559414930539,0.4070812234540993,67
2,0.298,7.271623202243921,0.40729874438050684,67
2,0.299,7.271695703429459,0.40751517651836766,67
2,0.3,7.271737565591582,0.4077308336436376,67
2,0.301,7.271801235058793,0.4079484728277416,67
2,0.302,7.27184700574648,0.40816724218629724,67
2,0.303,7.271888079846294,0.40838646366674314,67
2,0.304,7.271937307629975,0.4086056693406608,67
2,0.305,7.271981263039003,0.40882536051490304,67
2,0.306,7.27200722009094,0.40904322538878374,67
2,0.307,7.2720154095313045,0.4092658513229011,67
2,0.308,7.2720316348792124,0.4094849878441818,67
2,0.309,7.272055423589714,0.409706472064491,67
2,0.31,7.272073344138449,0.4099283408639393,67
2,0.311,7.272098598257333,0.410149450614323,67
2,0.312,7.272105144917337,0.4103719191909789,67
2,0.313,7.272119150296125,0.41059536484475984,67
2,0.314,7.272127187337076,0.41082040876896997,67
2,0.315,7.272115827990353,0.41104390992626516,67
2,0.316,7.272124552726362,0.41126794738112493,67
2,0.317,7.272100689885794,0.411491998078528,67
2,0.318,7.272070050084104,0.41171629399184034,67
2,0.319,7.272032509741179,0.4119408193850216,67
2,0.32,7.272001612197997,0.41216658833193853,67
2,0.321,7.271950957010412,0.4123914156202466,67
2,0.322,7.271893033888467,0.41261642673563026,67
2,0.323,7.271801782614914,0.4128395553295656,67
2,0.324,7.27174294266128,0.4130677974318706,67
2,0.325,7.271676793163635,0.4132947345805073,67
2,0.326,7.271576929800696,0.4135218428415368,67
2,0.327,7.271496132184529,0.4137449937220206,67
2,0.328,7.2713817109936105,0.4139720590722369,67
2,0.329,7.271272426197918,0.41419801344917095,67
2,0.33,7.2711548288908014,0.4144240480170645,67
2,0.331,7.271028786629823,0.4146501508508355,67
2,0.332,7.270907483462359,0.4148786569976518,67
2,0.333,7.270764510463695,0.4151049295744302,67
2,0.334,7.270626016951312,0.4153337351414482,67
2,0.335,7.270465592776996,0.41556012417629173,67
2,0.336,7.270309736813575,0.4157885513267363,67
2,0.337,7.270132038006067,0.4160149788053228,67
2,0.338,7.26995829313665,0.4162419010659233,67
2,0.339,7.269775407631011,0.41646737538112055,67
2,0.34,7.2695699358417745,0.41669374719119306,67
2,0.341,7.2693547067457045,0.41692008567338523,67
2,0.342,7.269142899546824,0.4171470364098262,67
2,0.343,7.268895134216317,0.4173733987945375,67
2,0.344,7.268650513682823,0.41759957660376995,67
2,0.345,7.268395581697725,0.41782568650574087,67
2,0.346,7.268143516172818,0.4180541276606768,67
2,0.347,7.267854935898739,0.4182804409412937,67
2,0.348,7.267569293457962,0.4185065008163929,67
2,0.349,7.267247198749434,0.41873500884081494,67
2,0.35,7.266940711547394,0.41896060778472705,67
2,0.351,7.266623057666857,0.4191860941447364,67
2,0.352,7.266281130695732,0.4194114876218308,67
2,0.353,7.265928449898209,0.4196395761470127,67
2,0.354,7.265564866782672,0.4198648579910653,67
2,0.355,7.265203199670864,0.4200920009187162,67
2,0.356,7.264843309298712,0.42031613656374683,67
2,0.357,7.264471748123678,0.4205433574845097,67
2,0.358,7.264075068752261,0.4207679525185016,67
2,0.359,7.263679416189567,0.4209903532585814,67
2,0.36,7.263258376685041,0.4212145590697835,67
2,0.361,7.262824778228471,0.4214385857136316,67
2,0.362,7.262378482333535,0.421662427103912,67
2,0.363,7.261932667889682,0.4218852316834444,67
2,0.364,7.26144795515443,0.4221100101257198,67
2,0.365,7.260963447945831,0.42233320059858676,67
2,0.366,7.260465691509805,0.42255618246208304,67
2,0.367,7.25994158203772,0.42277995777168914,67
2,0.368,7.259430574942624,0.42300235542658093,67
2,0.369,7.2588799749353035,0.4232254578838966,67
2,0.37,7.2583029546046065,0.4234436410307233,67
2,0.371,7.257738611505352,0.42366558385438036,67
2,0.372,7.257147209843448,0.42388741485829573,67
2,0.373,7.256568207727497,0.4241072344288054,67
2,0.374,7.255961879250613,0.4243283908259525,67
2,0.375,7.255354375196295,0.4245476197213139,67
2,0.376,7.254719638784353,0.4247691014591979,67
2,0.377,7.254070504925507,0.4249893302494312,67
2,0.378,7.253406492004803,0.42520928426039645,67
2,0.379,7.2527015366027365,0.4254319726063438,67
2,0.38,7.252008059295352,0.4256512868683362,67
2,0.381,7.251286330301387,0.42586851289312666,67
2,0.382,7.25054953018349,0.4260887812718529,67
2,0.383,7.249823806935602,0.4263088181030769,67
2,0.384,7.249069442095987,0.426526986255184,67
2,0.385,7.248286661080527,0.42675042326836227,67
2,0.386,7.247528249242573,0.42696752657511167,67
2,0.387,7.246728216282496,0.4271847327022082,67
2,0.388,7.245899407046944,0.42739941491210076,67
2,0.389,7.245054658767291,0.4276152412045196,67
2,0.39,7.244180876659954,0.4278317399979559,67
2,0.391,7.243317175297085,0.42804766176485637,67
2,0.392,7.242436803018329,0.42826324679079203,67
2,0.393,7.241552960934674,0.4284820560383485,67
2,0.394,7.240639258924915,0.42869705035300826,67
2,0.395,7.239721866852118,0.42891397578408086,67
2,0.396,7.238774747579725,0.4291310508597176,67
2,0.397,7.237810756224099,0.429345084817282,67
2,0.398,7.236842749207863,0.42955924675930407,67
2,0.399,7.23585765986294,0.42977118503284356,67
2,0.4,7.234842072164134,0.4299841178712823,67
2,0.401,7.233822163698099,0.43019614963401487,67
2,0.402,7.232771554505984,0.43040832377652444,67
2,0.403,7.231703107576088,0.43062011783088333,67
2,0.404,7.230603754073846,0.43083152531141944,67
2,0.405,7.229512985436138,0.4310414877399061,67
2,0.406,7.228391460715258,0.43125135996613423,67
2,0.407,7.227252048766972,0.43146167137829433,67
2,0.408,7.22609430275734,0.4316715806222043,67
2,0.409,7.2249181279789605,0.43188108358182914,67
2,0.41,7.2237234311534815,0.4320901761748115,67
2,0.411,7.222523437728063,0.4322991125768656,67
2,0.412,7.221291782411755,0.43250737340713696,67
2,0.413,7.2200413431154615,0.43271521162918125,67
2,0.414,7.218798667273209,0.4329209608132089,67
2,0.415,7.217511470161986,0.43313087270314454,67
2,0.416,7.216205952237891,0.4333335724281056,67
2,0.417,7.214868714874794,0.43353932901589315,67
2,0.418,7.21352560297417,0.4337449406337777,67
2,0.419,7.212150255040156,0.4339496071919624,67
2,0.42,7.210782187485229,0.43415393648613626,67
2,0.421,7.2093954019698865,0.4343556777239865,67
2,0.422,7.207989835370775,0.43456006948499015,67
2,0.423,7.206538792161769,0.4347649110778294,67
2,0.424,7.205108080686238,0.43496737716903866,67
2,0.425,7.20361880131722,0.4351707149865073,67
2,0.426,7.202149733138,0.4353693464834324,67
2,0.427,7.20062198075552,0.4355709927380698,67
2,0.428,7.199101010258176,0.43577144160071246,67
2,0.429,7.197547522788367,0.4359728403878109,67
2,0.43,7.195974429823624,0.4361727547546894,67
2,0.431,7.194381327676571,0.43637217907252923,67
2,0.432,7.192768516026354,0.4365729825853526,67
2,0.433,7.191149263244853,0.4367755264107025,67
2,0.434,7.189483930376327,0.43697485433927313,67
2,0.435,7.187851666374505,0.4371785339124747,67
2,0.436,7.186160988215721,0.43736998417654444,67
2,0.437,7.1844507562188165,0.43756680982904567,67
2,0.438,7.182720232050031,0.43776312952556523,67
2,0.439,7.180982698143163,0.4379573217613669,67
2,0.44,7.179211846782796,0.4381525707657725,67
2,0.441,7.1774076474854525,0.4383493192238569,67
2,0.442,7.175609664286077,0.43854353545891367,67
2,0.443,7.173778629620176,0.4387331277564297,67
2,0.444,7.171927486499959,0.4389262583238625,67
2,0.445,7.1700558630090745,0.4391188641790588,67
2,0.446,7.168163740106606,0.43931094331264153,67
2,0.447,7.16622516781735,0.43950213004668726,67
2,0.448,7.1642926817363,0.43969315367376793,67
2,0.449,7.1623529524796306,0.43988446555878014,67
2,0.45,7.1603796951833045,0.4400744497265981,67
2,0.451,7.158412503429815,0.4402644530090789,67
2,0.452,7.156398822036563,0.44045339109414894,67
2,0.453,7.154391215992046,0.4406422367319988,67
2,0.454,7.152363769541226,0.4408273753945005,67
2,0.455,7.150263935051456,0.44101204326203886,67
2,0.456,7.14817020085337,0.4411987957288134,67
2,0.457,7.1460692572956575,0.44138483794203737,67
2,0.458,7.143934839340154,0.4415704889829779,67
2,0.459,7.14177992594103,0.4417555918197904,67
2,0.46,7.139604531805126,0.4419401454127504,67
2,0.461,7.137422341942289,0.44212627436028296,67
2,0.462,7.135220768936326,0.4423117276552432,67
2,0.463,7.13298617613754,0.4424945984120874,67
2,0.464,7.130731204578886,0.44267691798362896,67
2,0.465,7.128482516347419,0.44285898703940263,67
2,0.466,7.126187942162939,0.44304023127670106,67
2,0.467,7.123873447972775,0.4432207991700565,67
2,0.468,7.121552035734448,0.4434019553974439,67
2,0.469,7.11919746827195,0.44358145901139284,67
2,0.47,7.116809785922231,0.4437606559858524,67
2,0.471,7.114428974531346,0.44393358033464425,67
2,0.472,7.112002520810627,0.4441123111773394,67
2,0.473,7.109569363987959,0.4442895663326917,67
2,0.474,7.107116237615078,0.44446626355540175,67
2,0.475,7.104643194883137,0.4446424024875808,67
2,0.476,7.102163608622395,0.44481784521773676,67
2,0.477,7.099651261813731,0.444992867559614,67
2,0.478,7.097119181503586,0.44516733085786037,67
2,0.479,7.094554464005931,0.44533734506943046,67
2,0.48,7.091984151140616,0.4455074936637515,67
2,0.481,7.089394993831749,0.44568034261984846,67
2,0.482,7.086786712314476,0.44585127304476624,67
2,0.483,7.084146413550864,0.44602295276364917,67
2,0.484,7.08150009802804,0.44619407269961175,67
2,0.485,7.078834877801205,0.44636305679279303,67
2,0.486,7.076137867463192,0.4465328148821575,67
2,0.487,7.073435075113606,0.4467023224774963,67
2,0.488,7.070726937672657,0.4468694319056494,67
2,0.489,7.067974302361808,0.4470357058863565,67
2,0.49,7.065216151587929,0.44720373481087056,67
2,0.491,7.062452579287436,0.4473710405249905,67
2,0.492,7.05964444019698,0.44753876289641903,67
2,0.493,7.056831074736363,0.4477050302403988,67
2,0.494,7.054012584110066,0.4478712001015906,67
2,0.495,7.051176114120818,0.44803383815886505,67
2,0.496,7.048308462317223,0.44819834598607244,67
2,0.497,7.045409737104488,0.4483634047973668,67
2,0.498,7.042493708456901,0.4485312540543823,67
2,0.499,7.039573447546401,0.44869407170311393,67
2,0.5,7.036622435753634,0.44885877255030504,67
2,0.501,7.033667066360381,0.4490203870888935,67
2,0.502,7.0306941426278105,0.44918143240389546,67
2,0.503,7.0277304218166945,0.4493418414604024,67
2,0.504,7.024736796200003,0.44950171186580584,67
2,0.505,7.021713051395283,0.44966104114362493,67
2,0.506,7.018685601047508,0.4498218601382729,67
2,0.507,7.015628302181708,0.44998010572067015,67
2,0.508,7.012580890199714,0.45013589679250354,67
2,0.509,7.009490951644518,0.45029294712924306,67
2,0.51,7.006384558568346,0.450449421564725,67
2,0.511,7.003261852025276,0.45060531878547333,67
2,0.512,7.00011000860606,0.4507626640582149,67
2,0.513,6.99695544866896,0.45091735328418153,67
2,0.514,6.993785002407621,0.45107146169949824,67
2,0.515,6.9905988193224875,0.45122498749060286,67
2,0.516,6.987397401654249,0.4513783810777057,67
2,0.517,6.984180903125492,0.45153079960501574,67
2,0.518,6.980936162373439,0.45168235115401156,67
2,0.519,6.977702929692036,0.4518373447872758,67
2,0.52,6.974428806337956,0.4519862197630205,67
2,0.521,6.971179830706733,0.452138892987003,67
2,0.522,6.967890299904162,0.45228857536878425,67
2,0.523,6.964599630869609,0.45243732354522753,67
2,0.524,6.96132166892072,0.4525889955356626,67
2,0.525,6.957964793187247,0.45273293035773726,67
2,0.526,6.95460766003659,0.4528800692561352,67
2,0.527,6.951290037095009,0.4530272748889061,67
2,0.528,6.947906992923532,0.4531754692855463,67
2,0.529,6.944510915386411,0.45332116930425614,67
2,0.53,6.941101977399815,0.45346708273856373,67
2,0.531,6.937680353828806,0.4536096471824472,67
2,0.532,6.934246221462247,0.45374985041685933,67
2,0.533,6.930812725537391,0.4538930837788029,67
2,0.534,6.927353771467975,0.4540366225666023,67
2,0.535,6.923909493278845,0.45417537687103043,67
2,0.536,6.920427525116912,0.4543168901185477,67
2,0.537,6.9169339863295205,0.4544581793449728,67
2,0.538,6.913442382217512,0.4545993106427144,67
2,0.539,6.9099399448929315,0.45473957043241586,67
2,0.54,6.9064139084030955,0.4548770945837256,67
2,0.541,6.902890399682268,0.45501527990053053,67
2,0.542,6.899342988581979,0.45515461887790476,67
2,0.543,6.895798156101359,0.45529137533486247,67
2,0.544,6.892229825903693,0.45542775803513036,67
2,0.545,6.888677799299302,0.4555629489746193,67
2,0.546,6.8851026945461165,0.45569756056719507,67
2,0.547,6.881517690229993,0.45583144971340267,67
2,0.548,6.877897066622672,0.4559658553109262,67
2,0.549,6.8742806221504615,0.4560992895909523,67
2,0.55,6.870655247234033,0.4562307224770208,67
2,0.551,6.867034117569577,0.45636158795816734,67
2,0.552,6.863391168581723,0.45649354378503504,67
2,0.553,6.859752895860892,0.45662282557180045,67
2,0.554,6.856119521222334,0.4567515989596982,67
2,0.555,6.85246499268124,0.45687931399932563,67
2,0.556,6.848802501071864,0.45700622824545173,67
2,0.557,6.845158906320197,0.4571338525326437,67
2,0.558,6.841481884993192,0.4572591731176012,67
2,0.559,6.837797948828003,0.4573847512036717,67
2,0.56,6.8340943604225215,0.45750785810072875,67
2,0.561,6.830397625278105,0.45763478056897094,67
2,0.562,6.826694657857675,0.45775675186516596,67
2,0.563,6.822985340325477,0.4578778474330244,67
2,0.564,6.819269906490544,0.45799805505562924,67
2,0.565,6.8155619083307,0.4581184438938496,67
2,0.566,6.811861941023054,0.45823826651732796,67
2,0.567,6.808117691308906,0.458353579296826,67
2,0.568,6.804381605300108,0.45847022839859874,67
2,0.569,6.800640955316091,0.45858736372289,67
2,0.57,6.796909298475927,0.4587011169758484,67
2,0.571,6.793147283362445,0.45881257947223364,67
2,0.572,6.789407710672019,0.4589243476723984,67
2,0.573,6.785625297716088,0.45903708823246636,67
2,0.574,6.781865804841428,0.45914776613852876,67
2,0.575,6.778102842053017,0.459257405112129,67
2,0.576,6.774336654513052,0.45936598969064646,67
2,0.577,6.770554521420568,0.45947622342523464,67
2,0.578,6.766783314953623,0.45958524520559446,67
2,0.579,6.763023282357465,0.45969071697108177,67
2,0.58,6.759261363190299,0.45979561216257636,67
2,0.581,6.755471531144933,0.459899884303732,67
2,0.582,6.751667344116778,0.4600032233922774,67
2,0.583,6.74787531850775,0.46010617941589477,67
2,0.584,6.744095345651563,0.4602055821074243,67
2,0.585,6.740288426474826,0.4603044987003943,67
2,0.586,6.736507362907157,0.46040148288933197,67
2,0.587,6.732725772750597,0.46049723168594375,67
2,0.588,6.728957225901055,0.46059306989431525,67
2,0.589,6.725175700290488,0.46068630737278027,67
2,0.59,6.721394415777189,0.4607782530173929,67
2,0.591,6.717613625873496,0.4608688876175026,67
2,0.592,6.713833934991942,0.46095785253289223,67
2,0.593,6.7100822317221684,0.4610472637261699,67
2,0.594,6.706319187101833,0.4611317947670919,67
2,0.595,6.702544714177013,0.46121685662223116,67
2,0.596,6.698759068128063,0.46130028085830416,67
2,0.597,6.694975812793957,0.4613842368655034,67
2,0.598,6.691208161526789,0.46146495932634024,67
2,0.599,6.687443052737766,0.4615442102174874,67
2,0.6,6.6836807420874065,0.4616219684419939,67
2,0.601,6.679908518638196,0.46169961413414634,67
2,0.602,6.676166230347716,0.46177786902254786,67
2,0.603,6.672414540639488,0.4618510895710957,67
2,0.604,6.668666671781733,0.461922734430818,67
2,0.605,6.664910263516137,0.4619940979222362,67
2,0.606,6.661171846587758,0.4620625427029408,67
2,0.607,6.6574380088039025,0.46212934663840416,67
2,0.608,6.653709005738362,0.46219448743422575,67
2,0.609,6.650011727256642,0.4622591799043392,67
2,0.61,6.646294229238197,0.4623189032520286,67
2,0.611,6.6425827001431,0.462378925691932,67
2,0.612,6.638890361767143,0.46243441466844176,67
2,0.613,6.635178227521218,0.4624929650806577,67
2,0.614,6.631512428391834,0.46254537001890716,67
2,0.615,6.627814385229363,0.46259809262415347,67
2,0.616,6.6241235942907615,0.46264970167176567,67
2,0.617,6.620479902325482,0.46269723644474364,67
2,0.618,6.616831364242226,0.46273976950191703,67
2,0.619,6.613164925854851,0.4627864417866166,67
2,0.62,6.609533400251452,0.4628282168071097,67
2,0.621,6.60591076649325,0.4628705757579987,67
2,0.622,6.6022836193360055,0.4629097800884559,67
2,0.623,6.59866517884681,0.46294696703102717,67
2,0.624,6.5950556979632555,0.46298211276095635,67
2,0.625,6.591455429021208,0.4630151934193535,67
2,0.626,6.587864623732754,0.4630461851199035,67
2,0.627,6.584270566614315,0.4630740836595215,67
2,0.628,6.580699783211094,0.46310084010540403,67
2,0.629,6.577152523431151,0.46312712164035824,67
2,0.63,6.5736031122459275,0.4631464427975197,67
2,0.631,6.570038831971727,0.4631655476015044,67
2,0.632,6.5664991639448225,0.4631856545086594,67
2,0.633,6.562984347427593,0.4632005201091707,67
2,0.634,6.5594946299552985,0.4632131813394974,67
2,0.635,6.5560039834933574,0.4632206860899651,67
2,0.636,6.552499687961165,0.46322791597828034,67
2,0.637,6.54903418873594,0.4632344761161721,67
2,0.638,6.545581096591361,0.46323865765153704,67
2,0.639,6.542114722830961,0.4632412895813518,67
2,0.64,6.538701178488872,0.4632386946071524,67
2,0.641,6.5352618638901605,0.46323696443305173,67
2,0.642,6.531862888737776,0.463234184924567,67
2,0.643,6.528477860228896,0.4632260517169605,67
2,0.644,6.525081086183443,0.4632137390549669,67
2,0.645,6.521725356973654,0.463200545372316,67
2,0.646,6.518383926950713,0.46318478879774355,67
2,0.647,6.515031101543068,0.4631648982301583,67
2,0.648,6.511719668464349,0.463143975555848,67
2,0.649,6.508423229862619,0.4631204218814465,67
2,0.65,6.505142021277566,0.4630942148780798,67
2,0.651,6.5018766278004465,0.46306434210037606,67
2,0.652,6.498627282814791,0.46303280177440187,67
2,0.653,6.495393867978552,0.4629985406968497,67
2,0.654,6.492176614447712,0.46296153721453237,67
2,0.655,6.488975752136443,0.4629217698531745,67
2,0.656,6.485765576599699,0.4628815658278946,67
2,0.657,6.4825992162305655,0.4628352052505244,67
2,0.658,6.479450613891237,0.46278616986083937,67
2,0.659,6.476332961901929,0.46273597537129185,67
2,0.66,6.473219859233356,0.46268208869753424,67
2,0.661,6.470111529375374,0.46262517941222553,67
2,0.662,6.467008536498246,0.46256525324552555,67
2,0.663,6.463963651834445,0.4625037632920347,67
2,0.664,6.460924185829686,0.46243824528251404,67
2,0.665,6.457890357196145,0.46236745388987055,67
2,0.666,6.4548630759743935,0.4622980373869129,67
2,0.667,6.451882142124463,0.46222067437390546,67
2,0.668,6.448920785923752,0.4621431989347057,67
2,0.669,6.445978870895883,0.46206268106127024,67
2,0.67,6.443069927042163,0.4619788814895889,67
2,0.671,6.440154924066295,0.4618939148111229,67
2,0.672,6.437286630793589,0.4618055825164415,67
2,0.673,6.434425663505347,0.46171269075071564,67
2,0.674,6.431585195877398,0.461616671488457,67
2,0.675,6.428778750718552,0.46151505972028933,67
2,0.676,6.425980257017653,0.46141266696932004,67
2,0.677,6.423189917294791,0.4613081528441917,67
2,0.678,6.4204342075862195,0.46119936309455944,67
2,0.679,6.417687043513088,0.4610863647206585,67
2,0.68,6.4149748980004695,0.46097116513369163,67
2,0.681,6.412284650074093,0.46085272955975143,67
2,0.682,6.409616494333125,0.4607310441185868,67
2,0.683,6.406970623663195,0.4606060953144289,67
2,0.684,6.404347579943713,0.46047477638453393,67
2,0.685,6.4017479035138685,0.4603455942236389,67
2,0.686,6.399198066460719,0.46020830466071433,67
2,0.687,6.396658672142637,0.4600725582749703,67
2,0.688,6.394129564038779,0.4599311119002524,67
2,0.689,6.39162389243606,0.45978632893252797,67
2,0.69,6.389142189990474,0.459633597110236,67
2,0.691,6.386697954293412,0.45947955145663705,67
2,0.692,6.384265089091908,0.4593247014888028,67
2,0.693,6.381870055462785,0.4591640790094244,67
2,0.694,6.3794864033423755,0.4590021858566063,67
2,0.695,6.377127273220008,0.45883689260978505,67
2,0.696,6.374806154427598,0.4586699618061547,67
2,0.697,6.372497292910106,0.45849904616754916,67
2,0.698,6.370213823886512,0.4583235450752548,67
2,0.699,6.367955563589595,0.4581446159471853,67
2,0.7,6.365749662309716,0.457966621471044,67
2,0.701,6.363543733442176,0.4577808410447104,67
2,0.702,6.361376838578088,0.45759454704639657,67
2,0.703,6.359236180023855,0.4574015986244941,67
2,0.704,6.357108607593826,0.4572055471344923,67
2,0.705,6.355020561538775,0.45700649550437167,67
2,0.706,6.352932954798384,0.4568035642143493,67
2,0.707,6.350898498972348,0.45659497419295225,67
2,0.708,6.3488647861067555,0.4563861280950537,67
2,0.709,6.346897841425035,0.4561732824888308,67
2,0.71,6.344931944904593,0.4559564327417427,67
2,0.711,6.342993175133587,0.45573612378200035,67
2,0.712,6.3410816755329,0.45551235632959597,67
2,0.713,6.339197938164874,0.4552879233091918,67
2,0.714,6.337355419750779,0.4550577048323418,67
2,0.715,6.3355016990700666,0.45482544806020203,67
2,0.716,6.333702428597429,0.4545878754240342,67
2,0.717,6.331931107688651,0.454346861167388,67
2,0.718,6.330174901542844,0.45410025631096684,67
2,0.719,6.328447248341567,0.45385351147795994,67
2,0.72,6.326761233565796,0.4536022334255932,67
2,0.721,6.325103665554242,0.4533475347469382,67
2,0.722,6.323461701155889,0.4530889503051409,67
2,0.723,6.3218617366911,0.4528274435895877,67
2,0.724,6.3202776074722955,0.45256466968105163,67
2,0.725,6.318736056246966,0.45229687050871586,67
2,0.726,6.3171979476550195,0.4520242755218383,67
2,0.727,6.315728911468107,0.45174835064407715,67
2,0.728,6.3142761492256705,0.45146981185937096,67
2,0.729,6.312866053663455,0.4511891856072711,67
2,0.73,6.311472456422352,0.4509040063055899,67
2,0.731,6.310108779223759,0.45061679571362123,67
2,0.732,6.308749191269108,0.4503265950771806,67
2,0.733,6.307446342991688,0.45002766870210276,67
2,0.734,6.3061870154833795,0.4497298386274296,67
2,0.735,6.304944679247364,0.4494281297399525,67
2,0.736,6.303706461698973,0.44912345540848037,67
2,0.737,6.302525004677143,0.44881527273792693,67
2,0.738,6.301360796599236,0.44850476864003114,67
2,0.739,6.300227233120133,0.4481867790581143,67
2,0.74,6.299150674177578,0.44786890976359967,67
2,0.741,6.2980916100632856,0.44754810454643984,67
2,0.742,6.29706308754214,0.4472241803654995,67
2,0.743,6.296065184321135,0.44689716025154447,67
2,0.744,6.295098677030979,0.4465684707365129,67
2,0.745,6.294137705630954,0.44623628048513253,67
2,0.746,6.293221223339088,0.4459003885130494,67
2,0.747,6.292362256788316,0.44556035827040696,67
2,0.748,6.291521280141179,0.4452182937904871,67
2,0.749,6.290711323937236,0.4448732897378765,67
2,0.75,6.289932449562319,0.4445253751685803,67
2,0.751,6.289184715786106,0.4441745800234392,67
2,0.752,6.288468178749739,0.4438209351340506,67
2,0.753,6.287782891953434,0.44346447222855817,67
2,0.754,6.287128906244026,0.44310522393730184,67
2,0.755,6.2865066205247,0.4427410736951901,67
2,0.756,6.285916080501191,0.44237626795726787,67
2,0.757,6.285357329391529,0.4420081593819494,67
2,0.758,6.28484372518576,0.44163594697739755,67
2,0.759,6.284335713873874,0.4412629867706187,67
2,0.76,6.283872572837495,0.44088753692150917,67
2,0.761,6.283454335225042,0.4405122094442337,67
2,0.762,6.283068073761619,0.4401322027972368,67
2,0.763,6.2827008586156055,0.439750750149278,67
2,0.764,6.282378999087335,0.43936827396629147,67
2,0.765,6.282075892413111,0.43898083098672314,67
2,0.766,6.281804525460904,0.43859106730423425,67
2,0.767,6.281565266472293,0.43819991576911677,67
2,0.768,6.2813714476314475,0.4378046889028549,67
2,0.769,6.281183489015966,0.4374070972458529,67
2,0.77,6.281040641989308,0.43700848462539266,67
2,0.771,6.280916629754741,0.43660930275434756,67
2,0.772,6.280824765078052,0.4362078307023117,67
2,0.773,6.280778007334336,0.43580302302627155,67
2,0.774,6.280750071518381,0.43539401113698684,67
2,0.775,6.28074129559574,0.43498571203327946,67
2,0.776,6.280790905796138,0.43457530781550485,67
2,0.777,6.280885575529952,0.43416030435787506,67
2,0.778,6.2810123348652205,0.43374815764378005,67
2,0.779,6.281131927301668,0.43333306261406523,67
2,0.78,6.281296885372975,0.43291663118588813,67
2,0.781,6.281506829353961,0.43249783208647086,67
2,0.782,6.281735452309605,0.4320744261337338,67
2,0.783,6.282009003274918,0.43165280124101896,67
2,0.784,6.282327453328884,0.4312274116663298,67
2,0.785,6.282651529034854,0.4308040899371261,67
2,0.786,6.283047071865657,0.4303769712926154,67
2,0.787,6.2834352105063935,0.42994722210870945,67
2,0.788,6.283868463683838,0.4295227804331632,67
2,0.789,6.284346788507225,0.42909231106898316,67
2,0.79,6.284830547009422,0.4286640289944265,67
2,0.791,6.285358932270232,0.42823318910224284,67
2,0.792,6.2859185755233025,0.4278015017505826,67
2,0.793,6.286483489085735,0.42736932242335435,67
2,0.794,6.287106165570669,0.42693613759146615,67
2,0.795,6.287746943497078,0.4265021663154319,67
2,0.796,6.28843203450386,0.4260677860329419,67
2,0.797,6.289161372154091,0.4256317442362787,67
2,0.798,6.289895645377922,0.4251961016096618,67
2,0.799,6.290648090256248,0.4247629891071313,67
2,0.8,6.291458215066224,0.42432339152197157,67
2,0.801,6.292299307238551,0.4238872787344258,67
2,0.802,6.293157968504632,0.42345392557363204,67
2,0.803,6.2940603898341365,0.4230175932514053,67
2,0.804,6.295006484062993,0.42258083060152574,67
2,0.805,6.29598320316004,0.4221429966619916,67
2,0.806,6.2969904626504,0.42170784803636646,67
2,0.807,6.298014857792803,0.42127214271579577,67
2,0.808,6.299095890338933,0.42083961125925423,67
2,0.809,6.300181258579481,0.4204033294650607,67
2,0.81,6.301310107753253,0.4199691943116864,67
2,0.811,6.302455704063109,0.41953552136454764,67
2,0.812,6.303630902930001,0.41910255509654337,67
2,0.813,6.304836291465744,0.41867028600053097,67
2,0.814,6.306059136709772,0.41823519814044885,67
2,0.815,6.307324892631773,0.417805028044647,67
2,0.816,6.3086197686961984,0.41737590803067354,67
2,0.817,6.30993067259546,0.41694644940537506,67
2,0.818,6.311257817400976,0.4165212376558237,67
2,0.819,6.312653621410821,0.4160971416434317,67
2,0.82,6.3140783575888415,0.41567024252753565,67
2,0.821,6.315505613146471,0.41524865001246375,67
2,0.822,6.316974488915084,0.4148276303861758,67
2,0.823,6.318471874456163,0.41440311476720476,67
2,0.824,6.3199850070308585,0.41398633739578944,67
2,0.825,6.321539661334341,0.41357061302069875,67
2,0.826,6.323109050272879,0.4131555645400704,67
2,0.827,6.324706326669422,0.41274435263583054,67
2,0.828,6.326344289602161,0.41233476912805755,67
2,0.829,6.328009459979082,0.4119274095772881,67
2,0.83,6.329714990029154,0.4115197073142461,67
2,0.831,6.33142146999654,0.4111181533987899,67
2,0.832,6.333167970307457,0.41071790883359754,67
2,0.833,6.33494099941228,0.4103202598040252,67
2,0.834,6.336727413278293,0.409928301765703,67
2,0.835,6.338566623641517,0.4095362150048104,67
2,0.836,6.340418854608674,0.40914684570931176,67
2,0.837,6.342283919517519,0.40876262488203535,67
2,0.838,6.344187903671501,0.40837923004237403,67
2,0.839,6.34611729698061,0.4079989943435092,67
2,0.84,6.348058936906737,0.4076218420041833,67
2,0.841,6.350052216718028,0.407247956158063,67
2,0.842,6.352044375543527,0.40687828010900917,67
2,0.843,6.35406148348245,0.40651117141392384,67
2,0.844,6.356142924969457,0.40614713700393973,67
2,0.845,6.35823593920266,0.4057889390079585,67
2,0.846,6.360339970714485,0.40543339640702897,67
2,0.847,6.362481437528389,0.40508007042178973,67
2,0.848,6.364633845294827,0.4047324618301519,67
2,0.849,6.36680958776942,0.4043889287896091,67
2,0.85,6.369008439820474,0.40404956053333735,67
2,0.851,6.371230173269714,0.4037144456766853,67
2,0.852,6.373461590355821,0.40338579092001137,67
2,0.853,6.375728731994677,0.40305938599319885,67
2,0.854,6.378018043877514,0.40273749771956174,67
2,0.855,6.380329285973451,0.40242021175214626,67
2,0.856,6.382636282172927,0.4021067807288171,67
2,0.857,6.384991336796192,0.40179897495718797,67
2,0.858,6.387367566777173,0.4014960227504324,67
2,0.859,6.389764720655663,0.4011980061047696,67
2,0.86,6.392182544050491,0.40090500598369844,67
2,0.861,6.394620779677353,0.4006171022708335,67
2,0.862,6.397066200817192,0.40033264692412,67
2,0.863,6.399544819581323,0.40005521095998403,67
2,0.864,6.4020300864645625,0.399782930645146,67
2,0.865,6.404548008099028,0.39951623183519425,67
2,0.866,6.4070849960861205,0.3992550101346759,67
2,0.867,6.409627809955103,0.39900063843748196,67
2,0.868,6.4122024481586735,0.3987505494099013,67
2,0.869,6.414795314178543,0.3985061514962822,67
2,0.87,6.417406126035462,0.39826751272846367,67
2,0.871,6.420034599039947,0.3980346995899531,67
2,0.872,6.422680445815607,0.39780777697018976,67
2,0.873,6.425317443223126,0.3975900572505132,67
2,0.874,6.427997848877234,0.3973750154487334,67
2,0.875,6.430681766789146,0.3971629863676693,67
2,0.876,6.433395174613629,0.3969602268175072,67
2,0.877,6.4360985221146585,0.39676295385162363,67
2,0.878,6.438844057172207,0.39657263270634957,67
2,0.879,6.4415918741547324,0.3963882149678796,67
2,0.88,6.444367941168386,0.39621053533012135,67
2,0.881,6.447158631624626,0.39603925252054045,67
2,0.882,6.449950667206533,0.3958768123869542,67
2,0.883,6.452757042322178,0.39571637964389467,67
2,0.884,6.455590398464272,0.3955645355958501,67
2,0.885,6.458437099811653,0.395419262725645,67
2,0.886,6.461283858925519,0.3952772902568741,67
2,0.887,6.464143661204821,0.3951456502484707,67
2,0.888,6.467016172697979,0.39501956704496555,67
2,0.889,6.469914023952717,0.39490105534488484,67
2,0.89,6.472797635248152,0.3947922124231755,67
2,0.891,6.47571922533612,0.3946871139785944,67
2,0.892,6.478638859820289,0.39458875398365173,67
2,0.893,6.481582478411922,0.3944972424121646,67
2,0.894,6.484536426504028,0.3944125612545658,67
2,0.895,6.487500364694072,0.39433472748529325,67
2,0.896,6.490448018447532,0.3942632850416846,67
2,0.897,6.493431594626487,0.39419919211075205,67
2,0.898,6.496424113693517,0.3941419826138744,67
2,0.899,6.4994122621739745,0.3940907161303651,67
2,0.9,6.502421966395418,0.394047323105125,67
2,0.901,6.505426592059176,0.3940124073041215,67
2,0.902,6.508452062012494,0.3939827592967979,67
2,0.903,6.5114717385488525,0.3939607202303145,67
2,0.904,6.514498574631058,0.393946675885224,67
2,0.905,6.517532204438738,0.39393419519016637,67
2,0.906,6.520585227225954,0.39393207656030094,67
2,0.907,6.523630999110888,0.3939370276032495,67
2,0.908,6.526669500478615,0.3939460132919151,67
2,0.909,6.529739601326519,0.3939644551545997,67
2,0.91,6.532814302960984,0.39398969062658623,67
2,0.911,6.535893239742527,0.3940216950370614,67
2,0.912,6.538976044583869,0.3940604410399862,67
2,0.913,6.542062348992504,0.3941058986151616,67
2,0.914,6.545151783113566,0.39415803507093616,67
2,0.915,6.5482439757730155,0.39421681504855616,67
2,0.916,6.551338554521104,0.3942822005281599,67
2,0.917,6.554409212576308,0.3943559982034973,67
2,0.918,6.5574821922622375,0.3944363563558964,67
2,0.919,6.5605700671623,0.39452074655595504,67
2,0.92,6.563672101553657,0.3946120196066635,67
2,0.921,6.566774600967254,0.3947096712579117,67
2,0.922,6.569877187176714,0.39481364767671284,67
2,0.923,6.572979480971905,0.3949238924575626,67
2,0.924,6.576055169104992,0.39504115375179755,67
2,0.925,6.579156420829226,0.39516374417513167,67
2,0.926,6.582230287012987,0.39529411300288647,67
2,0.927,6.58531596910452,0.3954275271586184,67
2,0.928,6.588412725048483,0.395568167524096,67
2,0.929,6.591506854392185,0.3957146847222704,67
2,0.93,6.5945979732764215,0.39586700497045146,67
2,0.931,6.597672730660982,0.39602534786506727,67
2,0.932,6.6007440500687355,0.3961884073440534,67
2,0.933,6.603824503963548,0.3963576669324948,67
2,0.934,6.606900389369698,0.39653241131996503,67
2,0.935,6.60997132013558,0.3967125551368636,67
2,0.936,6.613036909709851,0.3968980108015631,67
2,0.937,6.6160967711897545,0.397088688557717,67
2,0.938,6.619150517369504,0.397284496512779,67
2,0.939,6.6221718276889145,0.39748228120966256,67
2,0.94,6.6252128647745945,0.3976881358993631,67
2,0.941,6.628233640106151,0.39789654865274604,67
2,0.942,6.631260041286558,0.39811206217541056,67
2,0.943,6.634265397080575,0.398333555931745,67
2,0.944,6.6372755951975435,0.3985582113018298,67
2,0.945,6.640276931151873,0.398787294113774,67
2,0.946,6.643269017799535,0.39902069698758635,67
2,0.947,6.646225535014953,0.39926134919207534,67
2,0.948,6.649198646232436,0.3995029879347836,67
2,0.949,6.652161330662466,0.399748615941991,67
2,0.95,6.655113202315773,0.39999811913317596,67
2,0.951,6.658040908957923,0.4002525670414013,67
2,0.952,6.660970340404241,0.4005094524214405,67
2,0.953,6.663887794652085,0.4007698618117242,67
2,0.954,6.666792887416927,0.40103367527920436,67
2,0.955,6.6696722683586245,0.4012977090210755,67
2,0.956,6.672551829375923,0.40156803328326524,67
2,0.957,6.675417870738219,0.40184139284419274,67
2,0.958,6.678257044071183,0.40211764155334645,67
2,0.959,6.681069310278894,0.40239602118828965,67
2,0.96,6.683880555617903,0.4026776305931036,67
2,0.961,6.68669004164618,0.4029619280246498,67
2,0.962,6.689471106507501,0.4032507687094549,67
2,0.963,6.692236681618471,0.4035375993162184,67
2,0.964,6.69497341567362,0.4038251334745241,67
2,0.965,6.697720166756226,0.40411830999094484,67
2,0.966,6.7004499267679325,0.40441335882983587,67
2,0.967,6.703162323178311,0.4047101471363769,67
2,0.968,6.7058569845267,0.405008541448812,67
2,0.969,6.708533540467917,0.4053084077557325,67
2,0.97,6.711191621817647,0.4056096115533634,67
2,0.971,6.713817894047564,0.4059112266226323,67
2,0.972,6.716438265576371,0.406214716024011,67
2,0.973,6.7190260873479914,0.4065178631524741,67
2,0.974,6.72160727060959,0.40682311027462004,67
2,0.975,6.724168135766894,0.4071290162469564,67
2,0.976,6.726708321915139,0.40743544481040533,67
2,0.977,6.729227469609858,0.40774225961262367,67
2,0.978,6.731725220909327,0.40804932426418616,67
2,0.979,6.7341882528666686,0.40835486420362427,67
2,0.98,6.736642485817752,0.4086620782222777,67
2,0.981,6.739074249506086,0.4089691313050199,67
2,0.982,6.741483192611169,0.40927588752984584,67
2,0.983,6.743868965516607,0.4095822112125928,67
2,0.984,6.7462182537999125,0.4098898496184302,67
2,0.985,6.748556986518061,0.41019483981582544,67
2,0.986,6.750871502329966,0.41049899420150643,67
2,0.987,6.753148492472455,0.4108005799765654,67
2,0.988,6.755413891772212,0.4111026903422212,67
2,0.989,6.757654044766703,0.41140356348653545,67
2,0.99,6.759868615228483,0.41170306683362845,67
2,0.991,6.76205726892918,0.4120010684690178,67
2,0.992,6.7642196736749804,0.4122974371901219,67
2,0.993,6.7663425327916205,0.41259210807372765,67
2,0.994,6.768451793405025,0.41288481730146775,67
2,0.995,6.770533812558779,0.41317550485199067,67
2,0.996,6.772575300185006,0.41346586313131867,67
2,0.997,6.774602210111122,0.41375207285149296,67
2,0.998,6.77660090617548,0.4140358815537023,67
2,0.999,6.7785710717463115,0.41431716435476196,67
3,0.0,7.297840550206619,0.4780710727413316,52
3,0.001,7.299296308860253,0.4780275381894886,52
3,0.002,7.300765787273788,0.47798770550872566,52
3,0.003,7.302214924445887,0.4779488929027434,52
3,0.004,7.303694535754506,0.4779133419730556,52
3,0.005,7.305136701012982,0.47787929595489176,52
3,0.006,7.3065746203626665,0.47784763776147104,52
3,0.007,7.3080080776924,0.47781837751776046,52
3,0.008,7.309436854494892,0.4777915245593659,52
3,0.009,7.310860729921832,0.47776708742536156,52
3,0.01,7.312279480839374,0.4777450738514335,52
3,0.011,7.313710040676908,0.47772587070507155,52
3,0.012,7.315118327643439,0.4777087557763957,52
3,0.013,7.316520819253251,0.4776940840268795,52
3,0.014,7.3179344428584425,0.4776847830891451,52
3,0.015,7.3193251107673,0.47767510119540596,52
3,0.016,7.32074361235686,0.47766664352679267,52
3,0.017,7.3221220021339,0.47766185664962446,52
3,0.018,7.3234934556323505,0.4776595296497535,52
3,0.019,7.324857732837403,0.47765966289143547,52
3,0.02,7.326248909632205,0.47766069520032,52
3,0.021,7.327616192970502,0.47766129108809285,52
3,0.022,7.328976056827538,0.4776670596669385,52
3,0.023,7.3303111082546195,0.4776768145761203,52
3,0.024,7.331654966185882,0.4776895377482699,52
3,0.025,7.332973528242717,0.4777041966794441,52
3,0.026,7.334283252164744,0.47772128991188045,52
3,0.027,7.3355838875537716,0.4777408108233568,52
3,0.028,7.336875182836197,0.4777627519183097,52
3,0.029,7.338156885324739,0.477787104826657,52
3,0.03,7.339428741280325,0.47781386030289735,52
3,0.031,7.340690495974135,0.47784300822548614,52
3,0.032,7.341959052542664,0.47787280065218696,52
3,0.033,7.343200300210144,0.4779066647721864,52
3,0.034,7.344430688820017,0.47794288534446044,52
3,0.035,7.345649960580103,0.47798144875256743,52
3,0.036,7.346857857026127,0.4780223405057808,52
3,0.037,7.348054119084452,0.4780655452401073,52
3,0.038,7.349255645927759,0.478111359203645,52
3,0.039,7.350445481990887,0.4781603049249826,52
3,0.04,7.351606219662892,0.4782103664018537,52
3,0.041,7.352771464294525,0.4782651995418909,52
3,0.042,7.353907101004869,0.47831983166160086,52
3,0.043,7.35504673490715,0.4783750714963817,52
3,0.044,7.356156251014572,0.4784340652406923,52
3,0.045,7.357303572051941,0.47849619111609143,52
3,0.046,7.358386874681746,0.4785595800869708,52
3,0.047,7.359490337460988,0.4786234829488157,52
3,0.048,7.360563151065335,0.4786889474302456,52
3,0.049,7.361621774945931,0.47875502473330267,52
3,0.05,7.362648803386977,0.4788265357802961,52
3,0.051,7.363660685522263,0.47890005844183625,52
3,0.052,7.364657163981738,0.4789755647544918,52
3,0.053,7.365637981855331,0.47905302593906735,52
3,0.054,7.366602882755773,0.4791324124059939,52
3,0.055,7.367551610881214,0.47921369376095463,52
3,0.056,7.3685010698705335,0.4792972075437057,52
3,0.057,7.369417151025687,0.47938218368063223,52
3,0.058,7.37033346663563,0.4794693793957097,52
3,0.059,7.37121590988087,0.47955792644948564,52
3,0.06,7.372098095057827,0.47965140322382194,52
3,0.061,7.372963076275852,0.47974352018664784,52
3,0.062,7.37379345704836,0.4798372885155806,52
3,0.063,7.374622855298281,0.4799346614073285,52
3,0.064,7.375417170162302,0.480031687235705,52
3,0.065,7.376210022214017,0.4801289996371872,52
3,0.066,7.376967313366761,0.4802290760671824,52
3,0.067,7.377705508303243,0.48033062774692403,52
3,0.068,7.378424366217619,0.4804336145866732,52
3,0.069,7.379157965361183,0.480536611720467,52
3,0.07,7.379838359421326,0.4806422907340386,52
3,0.071,7.380498726517894,0.48074927870634143,52
3,0.072,7.381155991419305,0.48085625335747056,52
3,0.073,7.381776067561933,0.4809657012705801,52
3,0.074,7.382392590369197,0.48107702770342103,52
3,0.075,7.382971477151023,0.4811887887006793,52
3,0.076,7.383529208530011,0.48130163670106085,52
3,0.077,7.384065560179883,0.48141552558819495,52
3,0.078,7.384580309781679,0.48153040863500857,52
3,0.079,7.385073237078566,0.4816462385147364,52
3,0.08,7.385544123930114,0.48176296731214413,52
3,0.081,7.38599275436602,0.4818805465349642,52
3,0.082,7.386436073432142,0.48199781546388754,52
3,0.083,7.3868400154032,0.4821169046170626,52
3,0.084,7.38725539588959,0.48223604215155896,52
3,0.085,7.387631458684597,0.4823546782402442,52
3,0.086,7.387967559814339,0.48247567671902586,52
3,0.087,7.3882973642152985,0.482597648683307,52
3,0.088,7.3885868194286095,0.4827196898208363,52
3,0.089,7.388886754604943,0.48284065789092734,52
3,0.09,7.3891635861418,0.4829603472897013,52
3,0.091,7.389399988683582,0.4830826034401088,52
3,0.092,7.389595335632507,0.48320591780040834,52
3,0.093,7.389783309624398,0.48332592295965554,52
3,0.094,7.3899298762194565,0.4834495245880249,52
3,0.095,7.390051565317805,0.48357323446673683,52
3,0.096,7.390148202887078,0.48369699675696537,52
3,0.097,7.390219617907533,0.48382075525067486,52
3,0.098,7.39026564241555,0.48394445338547704,52
3,0.099,7.390286111546377,0.48406803425968203,52
3,0.1,7.390298022368982,0.4841918488279901,52
3,0.101,7.390284520880263,0.4843124502414108,52
3,0.102,7.390228304674616,0.48443528908274847,52
3,0.103,7.3901459291352705,0.48455777917414133,52
3,0.104,7.39003724605668,0.48467986214057035,52
3,0.105,7.389902110583508,0.48480147936194473,52
3,0.106,7.389757540040811,0.4849189855399987,52
3,0.107,7.389569542130636,0.4850393937141204,52
3,0.108,7.389354689436691,0.48515915639257245,52
3,0.109,7.389147168727547,0.4852769638093156,52
3,0.11,7.388879144211744,0.4853952383756405,52
3,0.111,7.388601065301893,0.48551765117736284,52
3,0.112,7.388278958172402,0.48563431154128206,52
3,0.113,7.387946572854651,0.4857467130741444,52
3,0.114,7.387569943110432,0.4858613230165725,52
3,0.115,7.387165667831679,0.4859748667349036,52
3,0.116,7.386733642752063,0.4860872839162172,52
3,0.117,7.386273767375925,0.48619851420710647,52
3,0.118,7.385803103798332,0.4863069343042431,52
3,0.119,7.38528770489144,0.48641556929681073,52
3,0.12,7.3847441887988525,0.48652283538372276,52
3,0.121,7.384189629435547,0.48662700969158057,52
3,0.122,7.383607250365253,0.4867312223147051,52
3,0.123,7.382979827452188,0.48683400000466315,52
3,0.124,7.382323995034411,0.4869351682368215,52
3,0.125,7.38163968452807,0.48703466702094234,52
3,0.126,7.380943990141009,0.48713399971923055,52
3,0.127,7.3802029970517875,0.487230017880119,52
3,0.128,7.379433355896653,0.4873241881816342,52
3,0.129,7.378635014469173,0.4874164512718685,52
3,0.13,7.377807924637119,0.48750674800527505,52
3,0.131,7.377003518736223,0.4875960269965892,52
3,0.132,7.376120194064658,0.48768226144480187,52
3,0.133,7.375208036303298,0.4877663552183389,52
3,0.134,7.374267014575901,0.4878482502456736,52
3,0.135,7.373297102163041,0.4879278887618411,52
3,0.136,7.37229827651252,0.48800521332841235,52
3,0.137,7.371287678041678,0.4880815169847381,52
3,0.138,7.370231438305928,0.48815408253668247,52
3,0.139,7.369163413268142,0.4882246681959331,52
3,0.14,7.368066901940773,0.4882977532090575,52
3,0.141,7.366941914714312,0.4883632638029238,52
3,0.142,7.365771307673689,0.48842578470744574,52
3,0.143,7.364571795654493,0.48848560817554154,52
3,0.144,7.363360549622126,0.48854314103569296,52
3,0.145,7.362103731734607,0.48859744784772535,52
3,0.146,7.360818069812473,0.48864889893346797,52
3,0.147,7.359520747814193,0.48869715456598406,52
3,0.148,7.358177940896102,0.48874271651349316,52
3,0.149,7.35680638987942,0.48878526681994106,52
3,0.15,7.355406132929913,0.4888247550032686,52
3,0.151,7.353977212454817,0.48886113121660096,52
3,0.152,7.352519675097952,0.4888943462684406,52
3,0.153,7.351033571733835,0.4889243516428136,52
3,0.154,7.349502250559977,0.4889483821750945,52
3,0.155,7.347959625406464,0.4889718850694126,52
3,0.156,7.34638860125819,0.4889920360438647,52
3,0.157,7.344789246085049,0.48900878948747406,52
3,0.158,7.343161632038402,0.4890221005651937,52
3,0.159,7.341522994232374,0.48903040706392553,52
3,0.16,7.339839558891419,0.4890366647603954,52
3,0.161,7.338111410905034,0.4890353184084062,52
3,0.162,7.336339080011698,0.4890354104993734,52
3,0.163,7.334573209850281,0.48903089922661425,52
3,0.164,7.332796739638728,0.4890220528140814,52
3,0.165,7.330942503402472,0.48900507947020694,52
3,0.166,7.3290950234747125,0.48898945417489126,52
3,0.167,7.32722054511451,0.48897095019687337,52
3,0.168,7.325319183545545,0.488947672516242,52
3,0.169,7.3233906063501815,0.4889205106209278,52
3,0.17,7.321434936970941,0.48888943052843675,52
3,0.171,7.319469461589493,0.4888556719946658,52
3,0.172,7.317443750363168,0.48881492849567865,52
3,0.173,7.315408500187794,0.48877198288582535,52
3,0.174,7.313363850679787,0.4887224891422414,52
3,0.175,7.311276091051809,0.48867136396385624,52
3,0.176,7.309179234555772,0.48861747050787446,52
3,0.177,7.307022871397914,0.4885542777220635,52
3,0.178,7.304857718398466,0.4884909111303826,52
3,0.179,7.3026672280689455,0.488423503766637,52
3,0.18,7.300451563801297,0.4883518411251552,52
3,0.181,7.298210441045176,0.4882759566786286,52
3,0.182,7.295961189592765,0.4881943597565436,52
3,0.183,7.293653422914677,0.4881097990579783,52
3,0.184,7.291337880914309,0.48802110542715454,52
3,0.185,7.288980880207821,0.48792953670191513,52
3,0.186,7.28663361994168,0.48782953641869026,52
3,0.187,7.284245276656709,0.48772779810340594,52
3,0.188,7.281816043661296,0.4876200715261851,52
3,0.189,7.279379972202973,0.4875096567956591,52
3,0.19,7.276920103864057,0.48739488044432727,52
3,0.191,7.274419935463811,0.4872771318094524,52
3,0.192,7.271896821644534,0.4871533314064811,52
3,0.193,7.269367668681742,0.4870253947409268,52
3,0.194,7.266798824915364,0.48689186790358435,52
3,0.195,7.264224362074698,0.4867551849346245,52
3,0.196,7.261627341976449,0.4866141070355269,52
3,0.197,7.259007988323943,0.486468633638392,52
3,0.198,7.2563665278729355,0.48631876560924653,52
3,0.199,7.253669776587982,0.48616013632494814,52
3,0.2,7.25098567623471,0.48600159783105096,52
3,0.201,7.248280145398732,0.48583867350114346,52
3,0.202,7.245553423121818,0.4856713700985454,52
3,0.203,7.242822910064847,0.48549944718050503,52
3,0.204,7.2400554485152835,0.4853199992513264,52
3,0.205,7.237234579486792,0.48513696761628355,52
3,0.206,7.234394397189328,0.4849532494104845,52
3,0.207,7.231585705896155,0.4847655253481185,52
3,0.208,7.228740590907349,0.4845722003587051,52
3,0.209,7.225893177858983,0.4843794852677657,52
3,0.21,7.22304419251874,0.48417935151942465,52
3,0.211,7.2201433503205354,0.483971208481174,52
3,0.212,7.217190919613097,0.4837603774265434,52
3,0.213,7.214254428512684,0.4835459888738506,52
3,0.214,7.211283126339975,0.483326015016378,52
3,0.215,7.208311143676444,0.48310333686507295,52
3,0.216,7.205338759053362,0.48287335113945284,52
3,0.217,7.202315692001505,0.48264579716925815,52
3,0.218,7.199292786994874,0.48241064537868944,52
3,0.219,7.196236915605403,0.4821644099360566,52
3,0.22,7.193199378781098,0.4819209610110937,52
3,0.221,7.190112294792818,0.4816747980865804,52
3,0.222,7.187026969224301,0.48142713181857405,52
3,0.223,7.183943696720257,0.4811707601773759,52
3,0.224,7.180811760935203,0.48090710762933647,52
3,0.225,7.1776820219981365,0.4806445870816448,52
3,0.226,7.174537621782559,0.48037830860904435,52
3,0.227,7.171379314487504,0.48010645164617183,52
3,0.228,7.1682760394417455,0.47982596489883383,52
3,0.229,7.165092685584235,0.47954827447287485,52
3,0.23,7.161913548080943,0.47927205705188813,52
3,0.231,7.158704631271293,0.4789875095239848,52
3,0.232,7.155449540409255,0.4786978626101357,52
3,0.233,7.152199591135637,0.4784053541913103,52
3,0.234,7.148971794498919,0.4781112761979351,52
3,0.235,7.145715454273788,0.4778133050370517,52
3,0.236,7.14244759563186,0.47751210290630364,52
3,0.237,7.139168537978907,0.4772077316388324,52
3,0.238,7.135878601803112,0.4769002546447721,52
3,0.239,7.13257810862235,0.4765897369051661,52
3,0.24,7.129267380931373,0.47627624496533716,52
3,0.241,7.125963900941789,0.4759585089222539,52
3,0.242,7.122634138689206,0.47563923269644925,52
3,0.243,7.119295578341278,0.4753214960361653,52
3,0.244,7.115931839403997,0.4749979666374565,52
3,0.245,7.1125938106798685,0.474669728380451,52
3,0.246,7.109247966221574,0.4743372073973601,52
3,0.247,7.105894646649057,0.4740031159800738,52
3,0.248,7.102500327714891,0.4736676945730381,52
3,0.249,7.099133060414466,0.4733279644560987,52
3,0.25,7.0957593220010295,0.4729851056234124,52
3,0.251,7.092379456096138,0.47263983842257296,52
3,0.252,7.089010965742142,0.4722998054348155,52
3,0.253,7.08560318272292,0.4719540166278371,52
3,0.254,7.082189855033566,0.4716063423901489,52
3,0.255,7.078771317094838,0.4712568715064785,52
3,0.256,7.075331196602515,0.4709060573887842,52
3,0.257,7.071903682793433,0.4705532595292824,52
3,0.258,7.0684724038173,0.4701942242745909,52
3,0.259,7.065054853795969,0.4698412245624128,52
3,0.26,7.061600355239033,0.46948482159417665,52
3,0.261,7.05814355029341,0.4691253484999115,52
3,0.262,7.054684763908733,0.4687648023697608,52
3,0.263,7.051223869475745,0.4684041774795057,52
3,0.264,7.047778351086682,0.4680454883459365,52
3,0.265,7.044331386649507,0.46768344440822707,52
3,0.266,7.040882860886027,0.46732066491311786,52
3,0.267,7.037416403112038,0.4669533570169956,52
3,0.268,7.033966203614336,0.46658953006679116,52
3,0.269,7.030498732232777,0.466227190911309,52
3,0.27,7.027048178469741,0.46586256984588725,52
3,0.271,7.023597718180715,0.46549774467894217,52
3,0.272,7.0201481372589845,0.46512987407879075,52
3,0.273,7.016666355471609,0.46476458386299935,52
3,0.274,7.013219963047648,0.4643998115568133,52
3,0.275,7.009774975216441,0.4640352766097044,52
3,0.276,7.006332175841575,0.4636714760447245,52
3,0.277,7.002909506952097,0.46330750037423446,52
3,0.278,6.999490152127989,0.46294291239150465,52
3,0.279,6.996056842607222,0.4625803271248539,52
3,0.28,6.99262661502372,0.46221855650111116,52
3,0.281,6.989199798055081,0.4618577183121542,52
3,0.282,6.9857767192800475,0.46149793108363063,52
3,0.283,6.982375315820425,0.46114529253873643,52
3,0.284,6.978962058936059,0.46078816659891014,52
3,0.285,6.975553980343677,0.4604356186980233,52
3,0.286,6.972151403857778,0.4600815061649869,52
3,0.287,6.9687542003581635,0.4597290546059339,52
3,0.288,6.965380301956545,0.4593699707014029,52
3,0.289,6.96199617470173,0.4590213065771743,52
3,0.29,6.9586527105945075,0.4586740245940352,52
3,0.291,6.9552825190735765,0.45832949534402223,52
3,0.292,6.951953648509242,0.457988084895433,52
3,0.293,6.948598705850452,0.45764822662076093,52
3,0.294,6.945234712425736,0.45731391388767706,52
3,0.295,6.941895835588377,0.4569791348876371,52
3,0.296,6.938582386805006,0.4566458481834481,52
3,0.297,6.935260821619099,0.4563167051060078,52
3,0.298,6.931931448390191,0.45599201873598205,52
3,0.299,6.928662745844081,0.455672960354722,52
3,0.3,6.92537015178982,0.45535334498436325,52
3,0.301,6.922121701448835,0.4550424772707682,52
3,0.302,6.91886714710637,0.4547286762615305,52
3,0.303,6.915589642077001,0.4544222102833995,52
3,0.304,6.9123066330216485,0.4541232341140692,52
3,0.305,6.9090522606644535,0.4538225794922667,52
3,0.306,6.9058096509802676,0.45352657366594945,52
3,0.307,6.902612952691587,0.45323071628546263,52
3,0.308,6.899411897075177,0.4529442305726345,52
3,0.309,6.896223481925487,0.4526596799811658,52
3,0.31,6.893047996306896,0.4523808730301332,52
3,0.311,6.889885727425594,0.45210559587744503,52
3,0.312,6.886719801808278,0.4518343701657308,52
3,0.313,6.883567650213295,0.45157035629650427,52
3,0.314,6.88042954265879,0.45130995009221486,52
3,0.315,6.877322454084138,0.45105451115738265,52
3,0.316,6.87424666169452,0.4508035376337647,52
3,0.317,6.871168586142259,0.4505587174013715,52
3,0.318,6.868071793375961,0.4503229145000026,52
3,0.319,6.8650075560322925,0.45009092731726136,52
3,0.32,6.861975679691972,0.44986281683010937,52
3,0.321,6.858942565166004,0.44964091856982125,52
3,0.322,6.85594233104401,0.4494246127352225,52
3,0.323,6.852958532301717,0.44921619823647363,52
3,0.324,6.850008587389085,0.44901456498313463,52
3,0.325,6.847058447575923,0.44881685983770037,52
3,0.326,6.844125074922307,0.4486255683474181,52
3,0.327,6.841225880841467,0.44843920124143677,52
3,0.328,6.838327261140647,0.44826101385123085,52
3,0.329,6.835446170470484,0.4480895606819111,52
3,0.33,6.832582853988452,0.4479249462545535,52
3,0.331,6.8297547130338865,0.4477641932490987,52
3,0.332,6.826928133269836,0.447613480954702,52
3,0.333,6.824137217927165,0.44746501744074996,52
3,0.334,6.821331640729109,0.44732892427574467,52
3,0.335,6.818562195561697,0.44719978840937114,52
3,0.336,6.815811953671008,0.44707808123853493,52
3,0.337,6.813098301180927,0.4469642042945525,52
3,0.338,6.810388060337004,0.44686151719007783,52
3,0.339,6.807698160438044,0.44676276430506645,52
3,0.34,6.8050283695043,0.4466718069018759,52
3,0.341,6.802378904686893,0.446588731001197,52
3,0.342,6.799749980362282,0.4465136206960207,52
3,0.343,6.797193284497874,0.4464473172069065,52
3,0.344,6.794607463119752,0.4463884379003641,52
3,0.345,6.7920428437075975,0.4463377670483283,52
3,0.346,6.789499630230887,0.44629538073862357,52
3,0.347,6.786978475732302,0.4462607253318098,52
3,0.348,6.7844967375873875,0.4462378995522572,52
3,0.349,6.78200359875354,0.44621785485502186,52
3,0.35,6.779549814069133,0.44620934193367895,52
3,0.351,6.777135574358668,0.4462094117451355,52
3,0.352,6.77472721332476,0.44621823178602965,52
3,0.353,6.772341623215846,0.4462358067730979,52
3,0.354,6.769996145293654,0.4462621752927887,52
3,0.355,6.767657104886548,0.44629744175046837,52
3,0.356,6.765341385851315,0.4463416314396971,52
3,0.357,6.763049162248933,0.4463947955203694,52
3,0.358,6.760763898338113,0.446453898626106,52
3,0.359,6.75850290998575,0.4465273861276233,52
3,0.36,6.7563002173024875,0.446610770999166,52
3,0.361,6.754104970168443,0.4467004214160948,52
3,0.362,6.751917328843494,0.44679972912275245,52
3,0.363,6.749771757061966,0.44690878782867527,52
3,0.364,6.747651702829979,0.4470220869926317,52
3,0.365,6.745556866739236,0.4471487951155983,52
3,0.366,6.7434869466934755,0.4472848287009753,52
3,0.367,6.741442089536203,0.4474302140232523,52
3,0.368,6.739422439156247,0.44758497479657455,52
3,0.369,6.737445295278566,0.44774559708017925,52
3,0.37,6.735476941622594,0.4479190818989265,52
3,0.371,6.733551379162699,0.44810148169941916,52
3,0.372,6.731618179068935,0.4482955265693646,52
3,0.373,6.729728484285593,0.44850564344750804,52
3,0.374,6.727882422014802,0.4487180057592744,52
3,0.375,6.726029103716561,0.4489365473925001,52
3,0.376,6.724219664517198,0.44916846441318553,52
3,0.377,6.7224203581084145,0.44940840207322197,52
3,0.378,6.720664703806611,0.4496576522517581,52
3,0.379,6.718935656815061,0.44991637493069736,52
3,0.38,6.717233780065678,0.4501844679793874,52
3,0.381,6.715559181905832,0.45046209021743855,52
3,0.382,6.713928674893722,0.45075375091418307,52
3,0.383,6.712308507483802,0.4510503497725893,52
3,0.384,6.710698779705989,0.4513570164815566,52
3,0.385,6.709167760754837,0.45167394133670635,52
3,0.386,6.70763067774527,0.45199872338778063,52
3,0.387,6.7061210364944905,0.4523328556402166,52
3,0.388,6.704639377990636,0.45267425726186067,52
3,0.389,6.703135667973997,0.453033228196192,52
3,0.39,6.701711101894073,0.4533950703983735,52
3,0.391,6.700331895715219,0.4537618436690311,52
3,0.392,6.698964274187475,0.4541422066034454,52
3,0.393,6.697658886528644,0.4545314746826879,52
3,0.394,6.696365256748777,0.4549276005008848,52
3,0.395,6.695100174556581,0.4553339373846163,52
3,0.396,6.69384656136063,0.45575055959271693,52
3,0.397,6.6926211902298105,0.45617616076392764,52
3,0.398,6.691407417583294,0.45661156577349366,52
3,0.399,6.690239158416326,0.45705495183565514,52
3,0.4,6.689099311838967,0.45750716502620964,52
3,0.401,6.6879879329239165,0.4579681504446042,52
3,0.402,6.686905073921734,0.4584378512532482,52
3,0.403,6.685885101854871,0.4589181508418377,52
3,0.404,6.684860354846355,0.4594051463144481,52
3,0.405,6.683864291066442,0.4599006760448302,52
3,0.406,6.6828969521066846,0.4604046758411973,52
3,0.407,6.681975535583534,0.4609161909520561,52
3,0.408,6.681049516406771,0.46143743056682074,52
3,0.409,6.680169489575249,0.46196641121072196,52
3,0.41,6.679301620499185,0.4625066535491167,52
3,0.411,6.6784797920679955,0.4630518728114689,52
3,0.412,6.6776868713982775,0.463605142889286,52
3,0.413,6.676922881683728,0.46416638830205215,52
3,0.414,6.676205002205295,0.4647346428706627,52
3,0.415,6.6754993965015865,0.46531158212127444,52
3,0.416,6.6748227868482815,0.4658962610953602,52
3,0.417,6.674175185951297,0.4664885988491378,52
3,0.418,6.673556603858294,0.46708851319364136,52
3,0.419,6.672967047969431,0.46769592074101585,52
3,0.42,6.672373561138563,0.4683102115733524,52
3,0.421,6.671827147895697,0.468931242752833,52
3,0.422,6.671327345729636,0.46955389048026447,52
3,0.423,6.67085699431025,0.47019054165876917,52
3,0.424,6.670415637862277,0.47083424743996405,52
3,0.425,6.670003269906838,0.47148491829953876,52
3,0.426,6.6696198813813945,0.4721424638369281,52
3,0.427,6.669249205643037,0.4728067862263657,52
3,0.428,6.668925083275574,0.4734776891493425,52
3,0.429,6.6686303395249285,0.47414871220861327,52
3,0.43,6.668382114944449,0.47483206792487415,52
3,0.431,6.668146082882832,0.4755226709031085,52
3,0.432,6.667938927488511,0.47621958648156976,52
3,0.433,6.667760623513223,0.4769227194290782,52
3,0.434,6.667544315622544,0.4776319236719813,52
3,0.435,6.667425391678652,0.47834722155295506,52
3,0.436,6.667335184877649,0.47906844718571545,52
3,0.437,6.66725695422178,0.4797993778600189,52
3,0.438,6.667224517678924,0.4805320533754017,52
3,0.439,6.667220677727308,0.48127036776268883,52
3,0.44,6.6672453932091855,0.48201422301008423,52
3,0.441,6.667298620551787,0.48276352087938673,52
3,0.442,6.667397472574077,0.4835168330028087,52
3,0.443,6.667525205453689,0.4842786635223256,52
3,0.444,6.667664621370035,0.4850437045211804,52
3,0.445,6.667832374670007,0.4858137936859813,52
3,0.446,6.668012155456793,0.48659451811386895,52
3,0.447,6.668237761299868,0.48737449511193176,52
3,0.448,6.668474815879507,0.4881573916786581,52
3,0.449,6.66877472336599,0.48894988320901805,52
3,0.45,6.6690697010171,0.48974620060613977,52
3,0.451,6.669393086918374,0.4905430151603765,52
3,0.452,6.6697615102587005,0.4913459679258431,52
3,0.453,6.6701410368242815,0.49215261136152993,52
3,0.454,6.670565450378221,0.49296402242919873,52
3,0.455,6.671017519413899,0.49377949868218773,52
3,0.456,6.671480914001364,0.4946061264570483,52
3,0.457,6.672006570597625,0.49542817990469395,52
3,0.458,6.672542945753264,0.4962550505669881,52
3,0.459,6.673107117851515,0.49709072294014994,52
3,0.46,6.673699004599209,0.49792496235041,52
3,0.461,6.674284656141779,0.4987622186640377,52
3,0.462,6.67493169523649,0.49960335930185096,52
3,0.463,6.67562287523132,0.5004479892078599,52
3,0.464,6.676324251920978,0.5012956288323931,52
3,0.465,6.677035733545489,0.5021485690243458,52
3,0.466,6.677808691491385,0.5030018140365635,52
3,0.467,6.678609176170399,0.5038593217206259,52
3,0.468,6.679419491504979,0.5047187225723259,52
3,0.469,6.680256245826139,0.5055808726603743,52
3,0.47,6.681102631680741,0.5064444552725285,52
3,0.471,6.68199285295853,0.5073132480056832,52
3,0.472,6.682943964503226,0.5081867567851518,52
3,0.473,6.683870993388736,0.5090595199987181,52
3,0.474,6.684824394020425,0.5099353207901568,52
3,0.475,6.685820753473903,0.5108122269236227,52
3,0.476,6.6868260957840855,0.5116926720734523,52
3,0.477,6.6878741633269705,0.5125737040718223,52
3,0.478,6.688947683575171,0.5134566944345618,52
3,0.479,6.690046540955266,0.5143415580632876,52
3,0.48,6.691170618072366,0.5152282105382536,52
3,0.481,6.692319795727574,0.5161165681234328,52
3,0.482,6.6934772460345835,0.5170042387617864,52
3,0.483,6.6946938595474075,0.51789584129334,52
3,0.484,6.695935657761863,0.5187920611396467,52
3,0.485,6.697185367602135,0.5196865291745231,52
3,0.486,6.698459568797125,0.520582294096602,52
3,0.487,6.699775291274451,0.5214811556008522,52
3,0.488,6.701132867824875,0.5223837293308654,52
3,0.489,6.702481616801318,0.5232832773050444,52
3,0.49,6.703838112334011,0.5241871204519973,52
3,0.491,6.7052527817248295,0.5250875448655267,52
3,0.492,6.706691635273618,0.52599022234627,52
3,0.493,6.708120681972543,0.526891547703051,52
3,0.494,6.709607503993429,0.527793621346236,52
3,0.495,6.71113526656651,0.5286941214056167,52
3,0.496,6.7126532794209615,0.5295945363820159,52
3,0.497,6.714194815108789,0.530499435982086,52
3,0.498,6.715776438082566,0.5314051375842438,52
3,0.499,6.717364150198606,0.5323107563733923,52
3,0.5,6.718974513312866,0.5332166232529643,52
3,0.501,6.720607380982499,0.5341226680164912,52
3,0.502,6.722212484683117,0.535033967661401,52
3,0.503,6.723891238779942,0.5359400478157725,52
3,0.504,6.725592017139844,0.5368461008883825,52
3,0.505,6.727314668670122,0.5377520590395184,52
3,0.506,6.729059040958991,0.5386578549972285,52
3,0.507,6.730824980294726,0.5395634220446766,52
3,0.508,6.732646649270548,0.5404716348407416,52
3,0.509,6.734456635016025,0.5413775691256877,52
3,0.51,6.736322512217571,0.5422836930367352,52
3,0.511,6.738193121616114,0.54318914790363,52
3,0.512,6.740085023241774,0.5440903950968833,52
3,0.513,6.741964203634918,0.544992140724068,52
3,0.514,6.743864357235689,0.5458957755348647,52
3,0.515,6.745785311934748,0.5467977614368676,52
3,0.516,6.74772689478135,0.5476997657937215,52
3,0.517,6.74970563889859,0.5485995158737302,52
3,0.518,6.7517042220813135,0.549498341292212,52
3,0.519,6.7537224798630255,0.5503961809111395,52
3,0.52,6.755760246742908,0.5512929739531751,52
3,0.521,6.757817356205667,0.5521886599847984,52
3,0.522,6.75989409263339,0.5530834464893485,52
3,0.523,6.761973580902,0.5539779999740669,52
3,0.524,6.76408905471846,0.5548699548500319,52
3,0.525,6.766240796379057,0.5557620722196024,52
3,0.526,6.7683947813747825,0.5566512148034348,52
3,0.527,6.770567094087429,0.5575388949800475,52
3,0.528,6.772774721807588,0.5584248819484293,52
3,0.529,6.774966931022742,0.5593102142983122,52
3,0.53,6.777211269016549,0.5601940165982228,52
3,0.531,6.779456549262573,0.5610752840612738,52
3,0.532,6.781736463446931,0.5619523211429822,52
3,0.533,6.784000727529346,0.5628315824063889,52
3,0.534,6.786299727927941,0.563707300737176,52
3,0.535,6.788615678752928,0.5645810921592008,52
3,0.536,6.79094840408995,0.5654528992222466,52
3,0.537,6.793297727335237,0.5663226645433435,52
3,0.538,6.795646764314762,0.5671911582933166,52
3,0.539,6.798029191621561,0.5680566369151974,52
3,0.54,6.80042767216659,0.5689199029198033,52
3,0.541,6.80284202703841,0.5697808990003785,52
3,0.542,6.805272076730014,0.5706395678381695,52
3,0.543,6.807734799951329,0.5714950520038524,52
3,0.544,6.810196161808859,0.5723488829221322,52
3,0.545,6.812672688294134,0.5732002144300298,52
3,0.546,6.815181356778581,0.5740491190432186,52
3,0.547,6.817705741778697,0.5748948838106828,52
3,0.548,6.820228514081936,0.5757384471421301,52
3,0.549,6.822765746917579,0.576579281505384,52
3,0.55,6.825317709973969,0.5774122484892508,52
3,0.551,6.827884220904019,0.5782475161192883,52
3,0.552,6.830464645344348,0.5790798766555144,52
3,0.553,6.833042093555992,0.5799105579373047,52
3,0.554,6.835667395661612,0.5807352213335825,52
3,0.555,6.838289355355491,0.5815584361386383,52
3,0.556,6.840907789330386,0.5823814921863674,52
3,0.557,6.843556368503341,0.5831982780005138,52
3,0.558,6.8462177504661526,0.5840118065160933,52
3,0.559,6.8488917513437295,0.5848220181622438,52
3,0.56,6.851561480118703,0.5856268328013318,52
3,0.561,6.8542606069670065,0.5864302765941785,52
3,0.562,6.856971788806921,0.5872302225873777,52
3,0.563,6.859711999949758,0.5880270229372733,52
3,0.564,6.862464360277749,0.5888208925971332,52
3,0.565,6.86521153789079,0.5896100221658415,52
3,0.566,6.86797005527559,0.5903954113152614,52
3,0.567,6.870723021005635,0.5911752105770008,52
3,0.568,6.873504104976646,0.5919529716246771,52
3,0.569,6.876262550152915,0.592728982880075,52
3,0.57,6.879049174158042,0.5935003077929859,52
3,0.571,6.881846622977369,0.5942668365833352,52
3,0.572,6.884654701601983,0.595026416620517,52
3,0.573,6.887489922147803,0.5957838822820714,52
3,0.574,6.8903521012429065,0.5965366626060784,52
3,0.575,6.893207201250947,0.5972855666436505,52
3,0.576,6.896055039062535,0.5980313717532928,52
3,0.577,6.89892928611117,0.5987714472397386,52
3,0.578,6.901829759613711,0.5995059064767525,52
3,0.579,6.904722422585914,0.6002369056561909,52
3,0.58,6.9076237995339,0.6009632776552509,52
3,0.581,6.910533708151887,0.6016849571790727,52
3,0.582,6.913451966237927,0.6024018786809038,52
3,0.583,6.9163783917085295,0.6031139763683062,52
3,0.584,6.91931280261303,0.6038211842100043,52
3,0.585,6.922255017147689,0.6045234359433725,52
3,0.586,6.925204853669517,0.6052206650825608,52
3,0.587,6.928162582601879,0.6059158560030908,52
3,0.588,6.931128022925309,0.6066029203747345,52
3,0.589,6.93406712838892,0.6072827862084664,52
3,0.59,6.9370474276805805,0.6079593691294078,52
3,0.591,6.94003442360957,0.6086305958524743,52
3,0.592,6.943011229897991,0.6092954694162863,52
3,0.593,6.946011521924616,0.609955811397865,52
3,0.594,6.949017962267856,0.6106105930296384,52
3,0.595,6.951980251854811,0.6112639192192946,52
3,0.596,6.955016934924895,0.6119088605273071,52
3,0.597,6.958025796893356,0.6125470007816857,52
3,0.598,6.961057222668397,0.6131787734955043,52
3,0.599,6.964060463695314,0.6138007029114403,52
3,0.6,6.96710305334264,0.6144207146418994,52
3,0.601,6.970150499181638,0.6150346899447239,52
3,0.602,6.97321978546908,0.6156409585138148,52
3,0.603,6.976276883731443,0.6162426182112367,52
3,0.604,6.9793383272434415,0.616838035608859,52
3,0.605,6.982421101512771,0.6174269600960532,52
3,0.606,6.985491179349996,0.6180096930978392,52
3,0.607,6.988565095346159,0.6185859794961562,52
3,0.608,6.991659836356593,0.6191534828026681,52
3,0.609,6.994741376569864,0.6197166158116313,52
3,0.61,6.997843410777334,0.6202743555861409,52
3,0.611,7.000949073016153,0.6208225651834963,52
3,0.612,7.004041046106311,0.6213655276241786,52
3,0.613,7.007135867809049,0.6219016357090694,52
3,0.614,7.0102505282096965,0.6224306387929066,52
3,0.615,7.013334297883959,0.6229531991601708,52
3,0.616,7.016454729483074,0.6234714885931125,52
3,0.617,7.019560643113122,0.623979588729459,52
3,0.618,7.0226518726492255,0.6244783712883414,52
3,0.619,7.02577926574058,0.6249739849084184,52
3,0.62,7.028891644407133,0.6254604217900916,52
3,0.621,7.032006003244964,0.6259377079852823,52
3,0.622,7.0351393375905555,0.6264104683463732,52
3,0.623,7.038257178585661,0.6268745236708865,52
3,0.624,7.04137607117243,0.6273310089522007,52
3,0.625,7.044479146986481,0.6277810936282568,52
3,0.626,7.047600099578138,0.6282222224155042,52
3,0.627,7.050738768739006,0.6286551340481112,52
3,0.628,7.053861140504344,0.6290806908475262,52
3,0.629,7.056983762831238,0.6294983703201719,52
3,0.63,7.060106477282953,0.6299081126702881,52
3,0.631,7.063229125931163,0.6303098587735131,52
3,0.632,7.066351551356983,0.6307035502038768,52
3,0.633,7.069490755444538,0.6310920601365873,52
3,0.634,7.072612727541406,0.6314695543380169,52
3,0.635,7.075717312026792,0.631835259891669,52
3,0.636,7.078855367104126,0.6321928020299392,52
3,0.637,7.081975725392424,0.6325454692007723,52
3,0.638,7.085095844018408,0.6328878721291785,52
3,0.639,7.088216022352176,0.6332213939605082,52
3,0.64,7.091318498483445,0.6335525083422026,52
3,0.641,7.094436524582507,0.6338715083582948,52
3,0.642,7.097536085267204,0.6341832504827563,52
3,0.643,7.100651337758331,0.6344864389774217,52
3,0.644,7.1037482681923105,0.6347816426677327,52
3,0.645,7.106843424875283,0.6350634605696611,52
3,0.646,7.109936649957693,0.6353395704357521,52
3,0.647,7.1130444932277594,0.6356062640525545,52
3,0.648,7.116149650686423,0.6358640852377223,52
3,0.649,7.119251977591047,0.6361129916904981,52
3,0.65,7.122385647244684,0.63635173311782,52
3,0.651,7.125482807312408,0.6365826487493708,52
3,0.652,7.1285938875480435,0.6368042130082766,52
3,0.653,7.131668184414252,0.6370198085309773,52
3,0.654,7.134773276458871,0.6372198088642324,52
3,0.655,7.137875168476648,0.6374128340607892,52
3,0.656,7.140974183558955,0.6375919758916787,52
3,0.657,7.144053486976933,0.6377695512367519,52
3,0.658,7.147129195706103,0.6379360237091336,52
3,0.659,7.150218331211764,0.6380921128535093,52
3,0.66,7.153270647603511,0.6382474317834745,52
3,0.661,7.1563361190014,0.6383860561775296,52
3,0.662,7.159397000266255,0.6385153265177846,52
3,0.663,7.162453157364927,0.6386352189954559,52
3,0.664,7.165555933057906,0.6387430092590088,52
3,0.665,7.168586924472491,0.6388463688492225,52
3,0.666,7.171613267919881,0.6389392406309803,52
3,0.667,7.174668686577688,0.6390188084358007,52
3,0.668,7.177702036716756,0.6390912751219829,52
3,0.669,7.18072989521031,0.6391542517059657,52
3,0.67,7.183735877407823,0.6392066212722728,52
3,0.671,7.186753708823556,0.6392504695385051,52
3,0.672,7.189765650660208,0.6392847927699234,52
3,0.673,7.192805892749624,0.6393076582176762,52
3,0.674,7.195806599180508,0.6393228755572395,52
3,0.675,7.198784802219909,0.6393309765554028,52
3,0.676,7.201757523564699,0.6393306051412073,52
3,0.677,7.204740881983782,0.6393170223594427,52
3,0.678,7.207700887302708,0.6392963339457302,52
3,0.679,7.210654562967164,0.6392649065574116,52
3,0.68,7.213635639883263,0.6392259953367653,52
3,0.681,7.216576275039486,0.6391768215501725,52
3,0.682,7.219527359223877,0.639111648386966,52
3,0.683,7.222471611913952,0.6390407913215936,52
3,0.684,7.2254084600090955,0.6389604340713549,52
3,0.685,7.228337782551756,0.6388705898236676,52
3,0.686,7.231242751926059,0.6387737598305253,52
3,0.687,7.2341575540586165,0.638666000989486,52
3,0.688,7.237064910418355,0.6385476800736111,52
3,0.689,7.239964249847696,0.6384199457833611,52
3,0.69,7.242838746382576,0.6382841339552181,52
3,0.691,7.245722135669021,0.6381376124184157,52
3,0.692,7.248597140485274,0.6379817511482154,52
3,0.693,7.251464094464826,0.6378144293518205,52
3,0.694,7.2543061728712335,0.637640797435776,52
3,0.695,7.257156660906587,0.6374571491411157,52
3,0.696,7.260015441548958,0.6372666931776785,52
3,0.697,7.262866154336409,0.6370636905485008,52
3,0.698,7.26569153567189,0.6368525240588523,52
3,0.699,7.268507724966087,0.6366322565604078,52
3,0.7,7.271314606734687,0.6364029297478743,52
3,0.701,7.2741125174905426,0.6361642670592089,52
3,0.702,7.276918501005418,0.6359163602605645,52
3,0.703,7.279681881452701,0.6356617732804564,52
3,0.704,7.2824363992845065,0.6353945896971968,52
3,0.705,7.2851986367543855,0.6351231234819399,52
3,0.706,7.287968480973839,0.6348407893907151,52
3,0.707,7.2906948063186165,0.6345520736476002,52
3,0.708,7.29342806193696,0.6342520091427363,52
3,0.709,7.296150977063508,0.633943350658625,52
3,0.71,7.2988634397524645,0.6336261589911091,52
3,0.711,7.301548631176364,0.6332981017909135,52
3,0.712,7.304240293936024,0.6329640939173123,52
3,0.713,7.306938316377071,0.6326193051088737,52
3,0.714,7.309608732582702,0.6322686121813625,52
3,0.715,7.312268138042674,0.6319097148171968,52
3,0.716,7.314916421328899,0.6315426849642546,52
3,0.717,7.317570629782261,0.6311770931509202,52
3,0.718,7.320196797665918,0.6307942618109567,52
3,0.719,7.322828679420528,0.6304009771123653,52
3,0.72,7.325432309500436,0.6300023526039641,52
3,0.721,7.328024735629214,0.6295907808408329,52
3,0.722,7.330589140052748,0.6291675813888896,52
3,0.723,7.3331254009498235,0.6287480251390454,52
3,0.724,7.33568395811469,0.6283191361791922,52
3,0.725,7.338213677060609,0.6278792458679519,52
3,0.726,7.340748302218931,0.627435709187398,52
3,0.727,7.343287723672215,0.6269871510357059,52
3,0.728,7.345797977149461,0.6265292984706774,52
3,0.729,7.348295659697666,0.6260644037947571,52
3,0.73,7.35074724755837,0.6255922901392507,52
3,0.731,7.353237498492034,0.6251145152251892,52
3,0.732,7.355732448582028,0.6246276617136531,52
3,0.733,7.3581981454929615,0.6241337448599886,52
3,0.734,7.360634039662404,0.6236350715027722,52
3,0.735,7.363056729033029,0.6231299560595032,52
3,0.736,7.365466104534251,0.6226185041335646,52
3,0.737,7.367862508872676,0.6221040571737254,52
3,0.738,7.37028015059319,0.6215748378677214,52
3,0.739,7.372650760397325,0.6210448832160519,52
3,0.74,7.375007643602231,0.6205090272761129,52
3,0.741,7.377350691612654,0.6199673825320141,52
3,0.742,7.379663088820836,0.6194217153920923,52
3,0.743,7.3819785809232314,0.6188687916075662,52
3,0.744,7.38427990045108,0.6183104253564189,52
3,0.745,7.3865669386101604,0.6177467342086895,52
3,0.746,7.3888395864880305,0.6171778369396755,52
3,0.747,7.3910977350544025,0.6166038534997775,52
3,0.748,7.3933417270538335,0.6160300473426779,52
3,0.749,7.3955714534841555,0.6154463489748231,52
3,0.75,7.39776964669689,0.6148553436155837,52
3,0.751,7.399987211031621,0.6142598542097071,52
3,0.752,7.402173024617008,0.6136623694796045,52
3,0.753,7.404360844474857,0.6130646576053149,52
3,0.754,7.4064832937708855,0.6124541837348987,52
3,0.755,7.4086251317144,0.6118486737449206,52
3,0.756,7.410769091576665,0.6112346054005652,52
3,0.757,7.412897918228373,0.6106158602862504,52
3,0.758,7.41497764980889,0.6099956556729053,52
3,0.759,7.417058740307886,0.6093707639949049,52
3,0.76,7.419123923684817,0.6087424429505874,52
3,0.761,7.421139678813324,0.6081135434670811,52
3,0.762,7.423173607328827,0.6074787020445982,52
3,0.763,7.425208443489457,0.6068405262524382,52
3,0.764,7.427176812220673,0.6061987586558341,52
3,0.765,7.4291630226400835,0.6055552327686605,52
3,0.766,7.431132650809234,0.6049090863344068,52
3,0.767,7.433085590321786,0.6042604559231567,52
3,0.768,7.435021734725618,0.6036094785466929,52
3,0.769,7.436958136323891,0.6029543811747181,52
3,0.77,7.43886128623569,0.6023009070788463,52
3,0.771,7.4407310784505265,0.6016413636602249,52
3,0.772,7.442600809837562,0.6009823955633692,52
3,0.773,7.444453216109565,0.6003217692410092,52
3,0.774,7.446288643672769,0.5996612097056753,52
3,0.775,7.448124146114692,0.59899495210267,52
3,0.776,7.449908605474078,0.5983328333988465,52
3,0.777,7.451692478560856,0.597666768506058,52
3,0.778,7.453408381586602,0.5970028854994198,52
3,0.779,7.45515777386925,0.5963349656755078,52
3,0.78,7.456889075645384,0.5956663640807431,52
3,0.781,7.458602183602442,0.5949972197397496,52
3,0.782,7.46031460519787,0.5943310940156508,52
3,0.783,7.4619928352019915,0.5936639792264573,52
3,0.784,7.463653026658112,0.5929941236928462,52
3,0.785,7.465294626101625,0.5923242848657212,52
3,0.786,7.466900825204836,0.5916572376308583,52
3,0.787,7.46850537721698,0.5909877783265451,52
3,0.788,7.470074315609328,0.5903213915230674,52
3,0.789,7.471624687346855,0.5896502972901684,52
3,0.79,7.473173087959285,0.5889825456174874,52
3,0.791,7.474685552026964,0.5883144738909603,52
3,0.792,7.476195834561382,0.5876485653736317,52
3,0.793,7.477653263957998,0.586986201087719,52
3,0.794,7.479092488577942,0.5863253868408088,52
3,0.795,7.480530095245626,0.5856608406848668,52
3,0.796,7.481965072325337,0.5850001660871169,52
3,0.797,7.483346751084879,0.584343541811507,52
3,0.798,7.484742744710601,0.5836862188260681,52
3,0.799,7.486135799387839,0.5830336919855593,52
3,0.8,7.487491966159505,0.5823803856909976,52
3,0.801,7.488811150927433,0.5817319098209427,52
3,0.802,7.490144273264434,0.5810901384134572,52
3,0.803,7.4914402270256435,0.5804437984631635,52
3,0.804,7.492715626677032,0.5798000113188823,52
3,0.805,7.49398753899782,0.5791569862187165,52
3,0.806,7.4952053112605865,0.5785205213273678,52
3,0.807,7.496436572830726,0.5778849132379876,52
3,0.808,7.497630220560552,0.57725249814356,52
3,0.809,7.498802872019623,0.5766232495194263,52
3,0.81,7.499971597198101,0.5759987753338538,52
3,0.811,7.501102905480654,0.5753814620741662,52
3,0.812,7.50223057540694,0.5747623682615888,52
3,0.813,7.5033202145356,0.5741470022698405,52
3,0.814,7.5043884443580975,0.5735353895958216,52
3,0.815,7.505435180110899,0.5729276426467456,52
3,0.816,7.506460337698053,0.5723238723929762,52
3,0.817,7.507480992505867,0.5717264696621582,52
3,0.818,7.508480366377784,0.5711312275034772,52
3,0.819,7.509441230265489,0.5705401053906837,52
3,0.82,7.510363503501756,0.5699521474628321,52
3,0.821,7.5112642538226435,0.5693677781050468,52
3,0.822,7.512143391238151,0.5687896768296596,52
3,0.823,7.513034692535777,0.5682231277171452,52
3,0.824,7.513887068041105,0.5676552596135919,52
3,0.825,7.514717149156397,0.5670922990100316,52
3,0.826,7.515508154372096,0.5665323278744187,52
3,0.827,7.516277157606869,0.565978818142579,52
3,0.828,7.517040782078667,0.5654311994088348,52
3,0.829,7.51778179769831,0.5648888560958002,52
3,0.83,7.5185001341392015,0.5643518759161039,52
3,0.831,7.519179015166271,0.563816362315377,52
3,0.832,7.519869385768913,0.5632880642509379,52
3,0.833,7.5205034589738675,0.5627696085914006,52
3,0.834,7.521131730494143,0.5622549169599306,52
3,0.835,7.521736977172342,0.5617459947486134,52
3,0.836,7.522285721942283,0.5612448667763467,52
3,0.837,7.522845611693419,0.5607476526137047,52
3,0.838,7.5233822683552924,0.560256432106988,52
3,0.839,7.523896084491765,0.5597670078507031,52
3,0.84,7.524387454107133,0.5592850320146484,52
3,0.841,7.524855869145953,0.5588121914801241,52
3,0.842,7.525250702335274,0.5583544150136057,52
3,0.843,7.525673915681572,0.5578957228881225,52
3,0.844,7.526057274770608,0.557443767099009,52
3,0.845,7.526434132626724,0.5569959554294388,52
3,0.846,7.526787282409872,0.5565546426382951,52
3,0.847,7.52711667738553,0.5561198818158802,52
3,0.848,7.52740556525285,0.5556937597279943,52
3,0.849,7.527704915276626,0.5552711168177673,52
3,0.85,7.527963671999903,0.5548562211996891,52
3,0.851,7.528198501574187,0.5544480683739499,52
3,0.852,7.528409364670309,0.5540467005085059,52
3,0.853,7.528596223400131,0.55365215757621,52
3,0.854,7.528759041337187,0.553264477349518,52
3,0.855,7.52889778353702,0.5528836953960525,52
3,0.856,7.529012416557249,0.5525098450750222,52
3,0.857,7.529102908477332,0.5521429575344944,52
3,0.858,7.529169228918047,0.5517830617095218,52
3,0.859,7.529211349060642,0.5514301843211149,52
3,0.86,7.529229241665679,0.5510843498760628,52
3,0.861,7.52922288109156,0.5507455806675924,52
3,0.862,7.529192243312689,0.5504138967768674,52
3,0.863,7.5291373059373345,0.5500893160753169,52
3,0.864,7.529058048225094,0.5497718542277918,52
3,0.865,7.52893774420319,0.5494633126072689,52
3,0.866,7.528810231000632,0.5491600613717396,52
3,0.867,7.528658334395645,0.5488639647787227,52
3,0.868,7.5284820406716255,0.5485750296644986,52
3,0.869,7.528281337839966,0.5482932606876928,52
3,0.87,7.528056215655344,0.5480186603372351,52
3,0.871,7.5278066656306395,0.547751228941088,52
3,0.872,7.527515974150554,0.5474914294385027,52
3,0.873,7.5272179908030825,0.5472383108949573,52
3,0.874,7.5268955539241835,0.5469923500151304,52
3,0.875,7.526548662450919,0.5467535385680533,52
3,0.876,7.5261439033397215,0.546520627508058,52
3,0.877,7.525748988213594,0.5462960992944922,52
3,0.878,7.525329604436111,0.546078683273305,52
3,0.879,7.5248690519019625,0.5458671033044232,52
3,0.88,7.524401193779744,0.5456638966043303,52
3,0.881,7.523908882053709,0.5454677453197635,52
3,0.882,7.523392129373915,0.5452786267855455,52
3,0.883,7.522850950273148,0.5450965163375938,52
3,0.884,7.52228536117622,0.5449213873307016,52
3,0.885,7.521695380408754,0.5447532111569262,52
3,0.886,7.521081028205466,0.544591957264579,52
3,0.887,7.520442326717912,0.5444375931777937,52
3,0.888,7.5197625931208645,0.5442913942086298,52
3,0.889,7.51907570793642,0.5441506767537483,52
3,0.89,7.518331126769493,0.544017338793738,52
3,0.891,7.517579881887363,0.543892872926908,52
3,0.892,7.516821542811428,0.5437723182241456,52
3,0.893,7.516038985532774,0.5436584203016939,52
3,0.894,7.515232246770585,0.5435511338147467,52
3,0.895,7.5144013651830335,0.5434504116692779,52
3,0.896,7.513546381370456,0.5433562050462338,52
3,0.897,7.512633924076294,0.5432695601823893,52
3,0.898,7.511731746823941,0.5431881908376491,52
3,0.899,7.510805578980271,0.5431131817412035,52
3,0.9,7.5098554694364275,0.5430444773897825,52
3,0.901,7.50886476212166,0.5429796597222697,52
3,0.902,7.507867364320592,0.5429234999391122,52
3,0.903,7.506829465302681,0.5428721361831039,52
3,0.904,7.5057849764782425,0.5428282073972466,52
3,0.905,7.50471679813475,0.542790277275522,52
3,0.906,7.5036249912743225,0.5427582813000169,52
3,0.907,7.50250961881786,0.5427321535156654,52
3,0.908,7.501354038700583,0.5427121905785153,52
3,0.909,7.500192172185224,0.5426975742784059,52
3,0.91,7.499006929388218,0.5426886208786648,52
3,0.911,7.497781674213346,0.5426843010790138,52
3,0.912,7.496550333870252,0.5426864988762817,52
3,0.913,7.495295824398854,0.5426941399226439,52
3,0.914,7.494018222502039,0.542707149030759,52
3,0.915,7.492700899844127,0.5427246837148412,52
3,0.916,7.49137779135986,0.5427482137771426,52
3,0.917,7.490031820776357,0.5427768789273854,52
3,0.918,7.4886630724433925,0.5428105993562833,52
3,0.919,7.487254925629396,0.5428525425996727,52
3,0.92,7.485841322828,0.5428960401309098,52
3,0.921,7.484405195277542,0.5429443493919538,52
3,0.922,7.4829299278880415,0.5429969011806939,52
3,0.923,7.481449468753003,0.5430545929098943,52
3,0.924,7.479946754667131,0.5431168412048235,52
3,0.925,7.47842188295231,0.5431835592971276,52
3,0.926,7.476874952650197,0.5432546595541821,52
3,0.927,7.475306064507074,0.5433300535102481,52
3,0.928,7.473715320958046,0.543409651897646,52
3,0.929,7.472102826110629,0.5434933646779379,52
3,0.93,7.47046868572768,0.5435811010731085,52
3,0.931,7.468813007209707,0.5436727695967338,52
3,0.932,7.467085778874009,0.5437684491188346,52
3,0.933,7.465388674887951,0.5438677359279229,52
3,0.934,7.4636536249416565,0.5439697674098048,52
3,0.935,7.461914598065103,0.5440763270940027,52
3,0.936,7.460137844859113,0.5441866344954703,52
3,0.937,7.458357337631558,0.5442999997492787,52
3,0.938,7.456556037113843,0.5444166360254119,52
3,0.939,7.454734064278562,0.54453644743061,52
3,0.94,7.452891541523794,0.5446593376369151,52
3,0.941,7.451028592649679,0.5447852099123461,52
3,0.942,7.449128635933529,0.5449176341630588,52
3,0.943,7.447208945521753,0.5450443165391959,52
3,0.944,7.445286345253058,0.545178556513719,52
3,0.945,7.443327099102764,0.5453114621708345,52
3,0.946,7.441365192520939,0.5454508960634092,52
3,0.947,7.439366892242879,0.5455926672628115,52
3,0.948,7.4373661864190534,0.5457367806359098,52
3,0.949,7.4353460513253475,0.5458830896975603,52
3,0.95,7.433306623174544,0.5460314954491303,52
3,0.951,7.431248039294473,0.5461818987879614,52
3,0.952,7.429170438098475,0.5463342005364261,52
3,0.953,7.427073959055314,0.5464883014708045,52
3,0.954,7.424942035757671,0.5466442650912174,52
3,0.955,7.422808664208353,0.5468016613817255,52
3,0.956,7.42065682831957,0.5469605594357059,52
3,0.957,7.418486671720609,0.5471208601196726,52
3,0.958,7.4162649251305135,0.5472782427946726,52
3,0.959,7.414042736058789,0.547443284055567,52
3,0.96,7.411819788151112,0.5476072396114784,52
3,0.961,7.409579070365975,0.5477722018065255,52
3,0.962,7.407320731194257,0.547938072266358,52
3,0.963,7.405044919831292,0.5481047528484714,52
3,0.964,7.402751786141347,0.5482721456686821,52
3,0.965,7.40042477372074,0.548440379219809,52
3,0.966,7.398064474377056,0.5486098303782692,52
3,0.967,7.395721590258006,0.5487787848384393,52
3,0.968,7.393361956716011,0.5489480614928506,52
3,0.969,7.390985727157406,0.5491175642196194,52
3,0.97,7.388593055418571,0.5492871973056253,52
3,0.971,7.386184095727381,0.5494568654712587,52
3,0.972,7.383759002664229,0.5496264738948926,52
3,0.973,7.3813179311226005,0.5497959282370666,52
3,0.974,7.378844329368381,0.5499610506060567,52
3,0.975,7.376355500416153,0.5501309172621599,52
3,0.976,7.373851588936121,0.5502977533467787,52
3,0.977,7.371349446901451,0.5504657789727803,52
3,0.978,7.3688320721250005,0.5506331840277272,52
3,0.979,7.366299621264734,0.5507998776168694,52
3,0.98,7.363752250988899,0.5509657694875476,52
3,0.981,7.361173411032861,0.5511330741275291,52
3,0.982,7.358597112473854,0.5512970403424307,52
3,0.983,7.356006353218995,0.5514599392544781,52
3,0.984,7.353384582901048,0.5516246651965746,52
3,0.985,7.350749105458499,0.5517840176050691,52
3,0.986,7.3481167729400925,0.5519431554933423,52
3,0.987,7.3454705828316005,0.5521008813995798,52
3,0.988,7.34279398415762,0.5522547556012541,52
3,0.989,7.340104280060613,0.5524088035535399,52
3,0.99,7.337418321604433,0.5525618675563208,52
3,0.991,7.334719105100145,0.5527131852682413,52
3,0.992,7.332006785107728,0.5528626757503202,52
3,0.993,7.3292815155976765,0.5530102589624495,52
3,0.994,7.326526743004384,0.5531576045697058,52
3,0.995,7.323776474497555,0.5533010880389236,52
3,0.996,7.321013703467019,0.5534424309781505,52
3,0.997,7.318221874415411,0.5535817936194538,52
3,0.998,7.315418285535296,0.5537183947277585,52
3,0.999,7.31256966180834,0.553848679971577,52
4,0.0,6.20072239493293,0.4270432245255621,62
4,0.001,6.199799543940883,0.427088673443922,62
4,0.002,6.1988913726041215,0.4271340514073668,62
4,0.003,6.198012340012479,0.42717971710807934,62
4,0.004,6.197134115773312,0.4272249792361722,62
4,0.005,6.196285162775916,0.42727494869454224,62
4,0.006,6.195437142250214,0.427320251404452,62
4,0.007,6.194604117526276,0.4273655175891016,62
4,0.008,6.193800526721805,0.42741094471882607,62
4,0.009,6.1929980186309646,0.42745615081623756,62
4,0.01,6.192225035492044,0.4275001354959579,62
4,0.011,6.191453218049355,0.4275452836045353,62
4,0.012,6.1906966093159275,0.4275904246585444,62
4,0.013,6.189955236018477,0.42763556458086255,62
4,0.014,6.189229120871154,0.4276807092191072,62
4,0.015,6.188518282610432,0.4277258643362755,62
4,0.016,6.187822736030562,0.4277710356015123,62
4,0.017,6.187142492019553,0.4278162285810125,62
4,0.018,6.186477557595705,0.42786144872906867,62
4,0.019,6.18582793594466,0.4279067013792758,62
4,0.02,6.185208017702622,0.42795001584349723,62
4,0.021,6.184589404612616,0.42799531039618,62
4,0.022,6.183986101053247,0.42804065216464604,62
4,0.023,6.1834124867347,0.428083817589176,62
4,0.024,6.182854543841637,0.42812978143144875,62
4,0.025,6.182297872181647,0.4281752437216716,62
4,0.026,6.181756462127291,0.4282207699918681,62
4,0.027,6.181244679553561,0.42826667085465453,62
4,0.028,6.180748492982768,0.4283145658516345,62
4,0.029,6.180267879980617,0.4283611795759207,62
4,0.03,6.179788423718347,0.42840708910778214,62
4,0.031,6.179338489402261,0.4284512697616476,62
4,0.032,6.1789040328317535,0.42849553725630785,62
4,0.033,6.178485019036694,0.4285415286077762,62
4,0.034,6.17806701884143,0.4285877190335033,62
4,0.035,6.177678385296136,0.42863596767983353,62
4,0.036,6.177290670990961,0.4286823924634741,62
4,0.037,6.176917831831332,0.4287289162972658,62
4,0.038,6.1765598084952975,0.42877554084811215,62
4,0.039,6.176216538719412,0.42882226753313596,62
4,0.04,6.1759023485911815,0.42886992308284416,62
4,0.041,6.1755887762143535,0.42891687618144597,62
4,0.042,6.175318545737813,0.4289627365494357,62
4,0.043,6.175034796050924,0.42900985715866224,62
4,0.044,6.17477986729703,0.4290589635063811,62
4,0.045,6.174525287362553,0.42910633346507965,62
4,0.046,6.174284987894773,0.429153807709914,62
4,0.047,6.174087668253437,0.4292066884262153,62
4,0.048,6.173876455035865,0.42925452740484116,62
4,0.049,6.173679285106879,0.4293024719739622,62
4,0.05,6.1734960684711515,0.4293505206957598,62
4,0.051,6.173341104047848,0.4293987736257002,62
4,0.052,6.173200294584791,0.42944576151239566,62
4,0.053,6.173059161817337,0.42949409299617675,62
4,0.054,6.172931619420537,0.42954252007291777,62
4,0.055,6.172817566710775,0.4295910399633901,62
4,0.056,6.172731292181986,0.42963985241860675,62
4,0.057,6.17264429717513,0.4296885519793058,62
4,0.058,6.172570487419779,0.42973733442454165,62
4,0.059,6.172509754496925,0.42978619592644923,62
4,0.06,6.172461988130101,0.42983513240293447,62
4,0.061,6.172441467482804,0.4298845888757924,62
4,0.062,6.1724196848285295,0.4299336787705823,62
4,0.063,6.1724105370928655,0.4299828305085735,62
4,0.064,6.172413907316729,0.4300320390496235,62
4,0.065,6.172429676947867,0.4300812991213885,62
4,0.066,6.172472117138594,0.4301272658056541,62
4,0.067,6.1725271036617295,0.43017617036019845,62
4,0.068,6.17258013207105,0.4302254364972686,62
4,0.069,6.172645090654835,0.43027472761460167,62
4,0.07,6.172721854138716,0.4303240372819064,62
4,0.071,6.17282468722292,0.43037371405005487,62
4,0.072,6.172925068252569,0.4304230613383156,62
4,0.073,6.17303688075992,0.43047240761948885,62
4,0.074,6.173159994927621,0.43052174575131485,62
4,0.075,6.173294279880103,0.43057106842628023,62
4,0.076,6.173439603735438,0.4306203681801,62
4,0.077,6.173595833657082,0.4306696374004853,62
4,0.078,6.173777227151134,0.4307173840730388,62
4,0.079,6.173969646981633,0.4307665224702749,62
4,0.08,6.174158576330221,0.4308156151874446,62
4,0.081,6.174386674240056,0.4308637511259297,62
4,0.082,6.1746114077995635,0.43091169253951267,62
4,0.083,6.174846662276972,0.4309587802565524,62
4,0.084,6.175077919101984,0.4310075109396515,62
4,0.085,6.175333444542392,0.43105651108029397,62
4,0.086,6.175599098269163,0.43110254738140086,62
4,0.087,6.175860360754568,0.43115090809590145,62
4,0.088,6.176131106223786,0.4311991452712211,62
4,0.089,6.176411196355541,0.43124725029458755,62
4,0.09,6.176700492571264,0.43129521454294306,62
4,0.091,6.176998856084548,0.4313430293949159,62
4,0.092,6.177320539195949,0.43139208968749665,62
4,0.093,6.1776370089599935,0.4314396075669034,62
4,0.094,6.177976529969523,0.43148764576799165,62
4,0.095,6.178310569433321,0.4315348326477225,62
4,0.096,6.178653000953617,0.431581828890077,62
4,0.097,6.1790036859849025,0.4316286261805453,62
4,0.098,6.179376877366252,0.4316751862249453,62
4,0.099,6.179744042986352,0.43172155398146833,62
4,0.1,6.180119057320134,0.4317676980487941,62
4,0.101,6.1805017828861155,0.4318136105367991,62
4,0.102,6.180892082531515,0.4318592836974822,62
4,0.103,6.181289819477529,0.4319047099381326,62
4,0.104,6.1816948573641515,0.4319498818345239,62
4,0.105,6.182107060294535,0.4319947921441201,62
4,0.106,6.182540684124546,0.43204120228150433,62
4,0.107,6.1829672001243425,0.43208560951647107,62
4,0.108,6.183414877757129,0.4321343960711742,62
4,0.109,6.1838551897510445,0.43217837418540656,62
4,0.11,6.184316407116383,0.4322235154716191,62
4,0.111,6.184770004216531,0.43226694637196655,62
4,0.112,6.185244253784217,0.43231092365687185,62
4,0.113,6.18571063199144,0.43235378008495373,62
4,0.114,6.186183022219058,0.4323963268389807,62
4,0.115,6.186675687753148,0.4324352032416969,62
4,0.116,6.18716010768153,0.4324770263887899,62
4,0.117,6.187650168422287,0.43251852484494857,62
4,0.118,6.188145745172803,0.4325596950032979,62
4,0.119,6.188646714186399,0.4326005336189127,62
4,0.12,6.189167344054592,0.43264179791460805,62
4,0.121,6.1896791193612515,0.43268199135897817,62
4,0.122,6.1901959322081215,0.43272184662381863,62
4,0.123,6.190732054906459,0.4327617631447016,62
4,0.124,6.191258975868764,0.4328009422170526,62
4,0.125,6.191804982378065,0.4328395772675469,62
4,0.126,6.192370348141494,0.432880665801142,62
4,0.127,6.1929121842884305,0.432918863097113,62
4,0.128,6.193458403793667,0.4329567191233559,62
4,0.129,6.1940088965702955,0.43299423488234845,62
4,0.13,6.194577945224574,0.43303632195731523,62
4,0.131,6.195137048703749,0.43307330348771333,62
4,0.132,6.195714505060827,0.4331103024477257,62
4,0.133,6.196281816512244,0.4331466288384076,62
4,0.134,6.1968528931950315,0.4331826310019577,62
4,0.135,6.1974420258505765,0.43321511042063854,62
4,0.136,6.198020721708374,0.433250391972079,62
4,0.137,6.1986172872472585,0.43328224113638597,62
4,0.138,6.199203233249522,0.43331681748309664,62
4,0.139,6.199792478554466,0.43335109112657044,62
4,0.14,6.200399322738541,0.4333858432573995,62
4,0.141,6.200995281995424,0.4334195645178962,62
4,0.142,6.201594280647919,0.43345300612793447,62
4,0.143,6.202210623825812,0.43348281495619656,62
4,0.144,6.202815833343682,0.43351563232431645,62
4,0.145,6.203452621701783,0.4335464384601095,62
4,0.146,6.204064120752299,0.43357869901664337,62
4,0.147,6.204678276937,0.43361072391140054,62
4,0.148,6.205309405372536,0.4336429733197362,62
4,0.149,6.205957820455167,0.4336715611698356,62
4,0.15,6.206580674602893,0.4337028810137988,62
4,0.151,6.2072059226618785,0.4337340123212622,62
4,0.152,6.207833875988696,0.43376133032232467,62
4,0.153,6.208464469149509,0.43379207187927393,62
4,0.154,6.209083247693262,0.43382545242327053,62
4,0.155,6.209718544545361,0.43385584184352244,62
4,0.156,6.2103559095223675,0.43388611575852803,62
4,0.157,6.211009676969723,0.4339166749949526,62
4,0.158,6.211637385904274,0.4339462666435652,62
4,0.159,6.2122813901018095,0.4339763349532006,62
4,0.16,6.212913235786539,0.4340086400838724,62
4,0.161,6.21356126884816,0.4340385757915078,62
4,0.162,6.214211052112279,0.43406850599862157,62
4,0.163,6.214862541727622,0.4340984508273279,62
4,0.164,6.215530466176812,0.43412930934003796,62
4,0.165,6.216200783350842,0.43415807400240486,62
4,0.166,6.216858695660328,0.4341881735178193,62
4,0.167,6.217518180732128,0.43421837304183203,62
4,0.168,6.218165193815751,0.43424793956244506,62
4,0.169,6.218828098612131,0.4342784369657865,62
4,0.17,6.219521258274545,0.43431295074255394,62
4,0.171,6.220187859025727,0.4343439292751048,62
4,0.172,6.220841889651225,0.4343781754093978,62
4,0.173,6.221511722907994,0.4344095413557704,62
4,0.174,6.222197339755319,0.4344427535166574,62
4,0.175,6.2228703293505685,0.434474752224642,62
4,0.176,6.223544689288629,0.43450708240656344,62
4,0.177,6.224220407007249,0.43453977164101626,62
4,0.178,6.224897472019744,0.434572847964593,62
4,0.179,6.225575875907443,0.4346063398598179,62
4,0.18,6.226255612311283,0.43464027624261903,62
4,0.181,6.226936676922572,0.43467468644934165,62
4,0.182,6.22763345871856,0.43470745620591833,62
4,0.183,6.228303551330283,0.43474213053602734,62
4,0.184,6.228989363109798,0.4347780938430603,62
4,0.185,6.229690898284449,0.43481157635545437,62
4,0.186,6.2303801481893,0.434847078233864,62
4,0.187,6.231071133704586,0.4348847885965588,62
4,0.188,6.231749853419043,0.43492194489038344,62
4,0.189,6.232459105688352,0.4349631222378302,62
4,0.19,6.23315612074709,0.4350077142054319,62
4,0.191,6.2338549285639555,0.4350484757650888,62
4,0.192,6.2345551699837,0.43509005277763896,62
4,0.193,6.235256866741473,0.4351324783889781,62
4,0.194,6.235960042437704,0.4351757859539724,62
4,0.195,6.236679113764105,0.4352192727783226,62
4,0.196,6.237400105347062,0.43526525656652026,62
4,0.197,6.2381086648348045,0.4353114295287387,62
4,0.198,6.2388188357769305,0.4353586204446398,62
4,0.199,6.239530651252504,0.43540686345876,62
4,0.2,6.240244146086207,0.4354561928090892,62
4,0.201,6.2409313323454985,0.4355109665804542,62
4,0.202,6.241663427739135,0.4355612161055302,62
4,0.203,6.2423832962297086,0.4356138718841151,62
4,0.204,6.243119762513367,0.43567230943541874,62
4,0.205,6.2438732592295665,0.4357280290099242,62
4,0.206,6.244600677899801,0.43578443384923804,62
4,0.207,6.245330091084472,0.43584216881157,62
4,0.208,6.246090330901533,0.4359030663780134,62
4,0.209,6.246824660712794,0.4359636394088824,62
4,0.21,6.247547145835284,0.4360252531939557,62
4,0.211,6.248272601689243,0.43608825635238707,62
4,0.212,6.249029478797603,0.43615828888027985,62
4,0.213,6.24977505027099,0.43622803345346695,62
4,0.214,6.250523767408731,0.4362972623213577,62
4,0.215,6.251275313033121,0.43636698917808286,62
4,0.216,6.2520153592500085,0.436437277256165,62
4,0.217,6.25277236479143,0.4365103461144091,62
4,0.218,6.253532004485756,0.43658511998488553,62
4,0.219,6.254294345605507,0.43666163080878984,62
4,0.22,6.255059456587139,0.4367399101861909,62
4,0.221,6.25582778600217,0.43682068970067983,62
4,0.222,6.256599404728518,0.436902611633342,62
4,0.223,6.257374005914419,0.4369863940670017,62
4,0.224,6.258151662734958,0.43707206701513707,62
4,0.225,6.258946840594494,0.4371584175161808,62
4,0.226,6.259731220707345,0.4372479314668954,62
4,0.227,6.260518891550011,0.43733942260195885,62
4,0.228,6.261309930234046,0.4374329189763391,62
4,0.229,6.262104414706693,0.4375284481028287,62
4,0.23,6.262916814957304,0.43762714836741967,62
4,0.231,6.263704804356463,0.43772522609925196,62
4,0.232,6.264496857455474,0.43782741862089314,62
4,0.233,6.265307437462126,0.4379263726333116,62
4,0.234,6.266122235538135,0.43803249284308904,62
4,0.235,6.2669269436550055,0.43813928645533295,62
4,0.236,6.267750039689047,0.4382498530919266,62
4,0.237,6.26857721688352,0.438362646399259,62
4,0.238,6.269408560188698,0.4384776881068783,62
4,0.239,6.270244154974129,0.4385949991978302,62
4,0.24,6.271070074746799,0.4387149572317409,62
4,0.241,6.27192919094289,0.43883678371347407,62
4,0.242,6.272778805012867,0.43896100786584125,62
4,0.243,6.273633016250305,0.43908757751250443,62
4,0.244,6.274506303159752,0.4392136184224844,62
4,0.245,6.275370359270721,0.43934485401872053,62
4,0.246,6.276239663590288,0.4394824000638851,62
4,0.247,6.277100670944117,0.439615981897688,62
4,0.248,6.278010267458873,0.4397555170910091,62
4,0.249,6.278911375303068,0.43990061352538395,62
4,0.25,6.279803714410102,0.4400439930310133,62
4,0.251,6.280701386494882,0.4401898312842999,62
4,0.252,6.281604480899691,0.44033813795070087,62
4,0.253,6.282513086789332,0.440488921727175,62
4,0.254,6.283427293106706,0.44064219032978563,62
4,0.255,6.2843191640494656,0.4407989722562532,62
4,0.256,6.285231563963588,0.44096042076774966,62
4,0.257,6.286164192907294,0.4411210709766809,62
4,0.258,6.287117139125675,0.44128416951005384,62
4,0.259,6.288034072036011,0.44144786284050497,62
4,0.26,6.288985879605312,0.44161610317174244,62
4,0.261,6.289943866736812,0.44178685602156703,62
4,0.262,6.290908120228673,0.44196012086448355,62
4,0.263,6.291878726238324,0.4421358961092762,62
4,0.264,6.292856149244352,0.4423178637660471,62
4,0.265,6.293840474209169,0.4424986736159834,62
4,0.266,6.294845797780478,0.4426791576809144,62
4,0.267,6.295843809658437,0.4428648828510229,62
4,0.268,6.296848984041877,0.4430567572709185,62
4,0.269,6.29786140320268,0.4432474073204768,62
4,0.27,6.298866757442165,0.4434384069159267,62
4,0.271,6.299893900435728,0.4436358891447488,62
4,0.272,6.300928520900195,0.44383398036893784,62
4,0.273,6.301984710178321,0.4440326892710808,62
4,0.274,6.3030341523615885,0.4442355935554419,62
4,0.275,6.30407692449217,0.44443862375779575,62
4,0.276,6.305141496520608,0.4446463851868828,62
4,0.277,6.306227943258667,0.444856225961884,62
4,0.278,6.307322335583162,0.4450699218675111,62
4,0.279,6.308410364257045,0.4452847716127155,62
4,0.28,6.309520504035154,0.4455028699542442,62
4,0.281,6.310624430892045,0.44572236539875776,62
4,0.282,6.311736225710896,0.44594413517189724,62
4,0.283,6.312841943414932,0.4461706906769055,62
4,0.284,6.313942019276749,0.4463981325508942,62
4,0.285,6.315078914566041,0.4466264623541246,62
4,0.286,6.3162383011575045,0.4468582322253206,62
4,0.287,6.317391846628131,0.44709092793832816,62
4,0.288,6.318553623217525,0.44732574530036034,62
4,0.289,6.319723689200994,0.447562654390121,62
4,0.29,6.320902101091186,0.4478016242569691,62
4,0.291,6.322088913600701,0.4480426229302496,62
4,0.292,6.323284179605053,0.4482856174291535,62
4,0.293,6.324502341351705,0.44852972686084563,62
4,0.294,6.325715433048233,0.44877218634344695,62
4,0.295,6.3269094900448355,0.44902244393496304,62
4,0.296,6.328112942909055,0.4492716445719934,62
4,0.297,6.329325817142079,0.449522650601046,62
4,0.298,6.3305621488600305,0.4497771613801264,62
4,0.299,6.331807578402022,0.45003012123846164,62
4,0.3,6.333076526674565,0.45029069762997037,62
4,0.301,6.334354639726683,0.45055017438807804,62
4,0.302,6.335627561614998,0.4508128064836716,62
4,0.303,6.336923719508827,0.45107541426546693,62
4,0.304,6.338243523415148,0.4513407041127698,62
4,0.305,6.339544596116157,0.4516055972547526,62
4,0.306,6.3408833832188485,0.45187440765625964,62
4,0.307,6.34220349122543,0.45214244710843743,62
4,0.308,6.343533337166774,0.45241044075809567,62
4,0.309,6.3448865658392934,0.4526817815934442,62
4,0.31,6.346248804702445,0.4529543616484447,62
4,0.311,6.347620069982654,0.45322813147404883,62
4,0.312,6.349000754408432,0.4535024732044154,62
4,0.313,6.350390869392476,0.45377856779305903,62
4,0.314,6.351762020528607,0.4540524063419809,62
4,0.315,6.353156990299426,0.4543328088955092,62
4,0.316,6.354575394655736,0.4546118757726214,62
4,0.317,6.356017235513563,0.45489280115886704,62
4,0.318,6.357454118241363,0.4551735940698337,62
4,0.319,6.3588860396442675,0.45545629220033307,62
4,0.32,6.360341387943903,0.45573854075565706,62
4,0.321,6.361805763508188,0.4560214486096412,62
4,0.322,6.363265521981135,0.4563019475867931,62
4,0.323,6.364749043814791,0.4565861410028956,62
4,0.324,6.366213518282846,0.4568698237980756,62
4,0.325,6.367715714816436,0.45715495997976346,62
4,0.326,6.369213196522897,0.4574440592188356,62
4,0.327,6.370734712736253,0.4577265578191232,62
4,0.328,6.372279858474024,0.4580117688576158,62
4,0.329,6.373819832216772,0.45829780316229446,62
4,0.33,6.375383006172323,0.45858370711904245,62
4,0.331,6.376940952286952,0.4588699245606262,62
4,0.332,6.378507645963671,0.4591561543364356,62
4,0.333,6.380083047462914,0.4594423357191871,62
4,0.334,6.38166711413211,0.4597284077109498,62
4,0.335,6.383274191642183,0.4600158058553151,62
4,0.336,6.384875837597276,0.46030152841342314,62
4,0.337,6.386500404262835,0.4605868935688542,62
4,0.338,6.388105431348584,0.46087025379078594,62
4,0.339,6.389719256081259,0.461157389136869,62
4,0.34,6.391327797230178,0.46143912632169026,62
4,0.341,6.3929733894113046,0.46172279935277805,62
4,0.342,6.394627564245563,0.46200262128647385,62
4,0.343,6.396290254080797,0.4622850869987524,62
4,0.344,6.397961009498239,0.46256682228712714,62
4,0.345,6.399640136110355,0.46284650812846967,62
4,0.346,6.401356340252161,0.46312547880476496,62
4,0.347,6.403052376217672,0.4634045553052738,62
4,0.348,6.4047561870341605,0.4636826501437023,62
4,0.349,6.4064536760406785,0.463961908359263,62
4,0.35,6.4081591377187515,0.4642383538115906,62
4,0.351,6.409886484794259,0.46451306463436753,62
4,0.352,6.411621233133152,0.4647865460445162,62
4,0.353,6.413363286882403,0.46505873603386866,62
4,0.354,6.415112547229849,0.46532957274496783,62
4,0.355,6.4168833036560375,0.4655982337391214,62
4,0.356,6.418661448804972,0.4658679430606873,62
4,0.357,6.420446884845725,0.4661375452368735,62
4,0.358,6.422183083282153,0.46640222307200085,62
4,0.359,6.423969125869269,0.46666549698344884,62
4,0.36,6.425761723803558,0.4669270540572857,62
4,0.361,6.427532734639943,0.46718398384913423,62
4,0.362,6.429338825744037,0.4674420213477909,62
4,0.363,6.431151091324265,0.46769815952350957,62
4,0.364,6.432969784214891,0.4679453463640775,62
4,0.365,6.434794775605533,0.4681975759938291,62
4,0.366,6.436625555055769,0.4684477265364653,62
4,0.367,6.438462367309752,0.4686939235864873,62
4,0.368,6.4403194667586385,0.46893681948021737,62
4,0.369,6.44216794107554,0.46918047369972476,62
4,0.37,6.44403605176191,0.46941902508373645,62
4,0.371,6.445909651434614,0.4696558401340132,62
4,0.372,6.447774211192625,0.46989226772895537,62
4,0.373,6.449643593538054,0.4701262136015358,62
4,0.374,6.451517646047166,0.4703576229895676,62
4,0.375,6.453396213630804,0.47058644165593355,62
4,0.376,6.455279517562284,0.47081388740830404,62
4,0.377,6.457153385467219,0.47103693040188366,62
4,0.378,6.459031657695884,0.47125879009810023,62
4,0.379,6.4609281722386225,0.47147665743580514,62
4,0.38,6.462828749641939,0.4716932052349412,62
4,0.381,6.4647192081372875,0.47190438569400484,62
4,0.382,6.466641782255595,0.4721147101787092,62
4,0.383,6.468553512774766,0.4723208866370088,62
4,0.384,6.470426198894265,0.4725222863641231,62
4,0.385,6.472345223200993,0.47272119099879323,62
4,0.386,6.4742392071948345,0.4729177563787348,62
4,0.387,6.476150365401453,0.4731114026207155,62
4,0.388,6.47805010058792,0.47330028982133715,62
4,0.389,6.479980623238114,0.4734874928386327,62
4,0.39,6.481912962494142,0.47367136331869336,62
4,0.391,6.483846927706111,0.4738518574792216,62
4,0.392,6.48579671721876,0.47402729339752775,62
4,0.393,6.487733742022417,0.47420085771777376,62
4,0.394,6.489671817276444,0.47437091752967137,62
4,0.395,6.49158271927543,0.47453911000497356,62
4,0.396,6.493523034900495,0.4747019767833956,62
4,0.397,6.495463778673858,0.47486122134939784,62
4,0.398,6.497404745557851,0.47501680530148044,62
4,0.399,6.499345728499432,0.4751686910633957,62
4,0.4,6.50128651846642,0.47531684189335344,62
4,0.401,6.503226904484165,0.4754612218929599,62
4,0.402,6.505181064918255,0.475600725438481,62
4,0.403,6.507120770136414,0.4757341916244354,62
4,0.404,6.509045804004071,0.4758677781290421,62
4,0.405,6.510983963922784,0.4759966902322457,62
4,0.406,6.512920639411432,0.47612166152884877,62
4,0.407,6.51485598852735,0.4762417378362485,62
4,0.408,6.516789788867278,0.47635878981358587,62
4,0.409,6.5187218166136764,0.4764724648676008,62
4,0.41,6.520666237820833,0.4765805130600815,62
4,0.411,6.522608823319569,0.4766857043927817,62
4,0.412,6.524534963866857,0.47678641338707384,62
4,0.413,6.526458064082681,0.4768829839936913,62
4,0.414,6.5283782729421,0.4769787173738335,62
4,0.415,6.530295359257831,0.4770669260156457,62
4,0.416,6.532209090729274,0.4771565122771972,62
4,0.417,6.534119233985614,0.47723637857124446,62
4,0.418,6.5360395668686815,0.4773135724649561,62
4,0.419,6.537941459887897,0.4773849659914101,62
4,0.42,6.539838688748174,0.47745207821411806,62
4,0.421,6.541731015805365,0.47751489162932487,62
4,0.422,6.5436041901107,0.4775719211106667,62
4,0.423,6.545472353804768,0.4776269272327022,62
4,0.424,6.547349269260995,0.4776767658018933,62
4,0.425,6.549220304022393,0.47772224489076126,62
4,0.426,6.551085215982962,0.47776335187843416,62
4,0.427,6.552958153433065,0.4778018472014284,62
4,0.428,6.554824869968747,0.4778318496768417,62
4,0.429,6.55665672740626,0.4778595000531404,62
4,0.43,6.558495887318013,0.4778830210959567,62
4,0.431,6.560313700999613,0.477897923800284,62
4,0.432,6.5621383167259895,0.4779127059125543,62
4,0.433,6.563955097061791,0.4779230515197419,62
4,0.434,6.565763795289476,0.47792895600681634,62
4,0.435,6.567564164209958,0.477930415749157,62
4,0.436,6.569355956188936,0.47792742811258127,62
4,0.437,6.571138923203213,0.4779199914531208,62
4,0.438,6.572898804647596,0.4779099345100682,62
4,0.439,6.574678137215652,0.4778937913012586,62
4,0.44,6.576405862595213,0.4778764445718212,62
4,0.441,6.578138520324867,0.4778506899189218,62
4,0.442,6.579904635111981,0.47782324931887526,62
4,0.443,6.581618767596019,0.47778984586585427,62
4,0.444,6.583322697615318,0.4777534925475955,62
4,0.445,6.5850301807222476,0.4777104152277861,62
4,0.446,6.586726578594209,0.4776629259354723,62
4,0.447,6.588397631976996,0.47761330057362716,62
4,0.448,6.590071488074437,0.4775569585544564,62
4,0.449,6.5917054846258,0.4774965752838054,62
4,0.45,6.59335616351148,0.4774314532622122,62
4,0.451,6.594994496573259,0.47736197172913836,62
4,0.452,6.596635008675918,0.4772870184067361,62
4,0.453,6.598249061086985,0.4772088698055294,62
4,0.454,6.599864434258336,0.47712629274846685,62
4,0.455,6.60143847845491,0.47704251744472187,62
4,0.456,6.603027748358013,0.4769501279564657,62
4,0.457,6.604589595656182,0.47685391130502597,62
4,0.458,6.606123779169325,0.4767548383004594,62
4,0.459,6.607672464893805,0.4766499642183267,62
4,0.46,6.609193007214087,0.4765399825991096,62
4,0.461,6.6106851677807486,0.4764274946517651,62
4,0.462,6.612205506800687,0.47631389366956073,62
4,0.463,6.613682608860178,0.47619318087724954,62
4,0.464,6.615173045816215,0.4760698452710303,62
4,0.465,6.616619795653583,0.4759409747401294,62
4,0.466,6.618065041233316,0.4758055896355056,62
4,0.467,6.6194801567767145,0.4756685344884272,62
4,0.468,6.620907706368742,0.4755275816407365,62
4,0.469,6.622290672648389,0.4753825264978134,62
4,0.47,6.623656852070872,0.4752335117089153,62
4,0.471,6.625006396778479,0.4750815506918983,62
4,0.472,6.626339081328204,0.47492466297317465,62
4,0.473,6.62764029049382,0.47476435461369615,62
4,0.474,6.628952586934521,0.47460081193020953,62
4,0.475,6.630218952118109,0.47443069138341776,62
4,0.476,6.6314815728221825,0.4742585983960861,62
4,0.477,6.632740231095297,0.4740807119155207,62
4,0.478,6.63396631653606,0.47390113318750543,62
4,0.479,6.635188017822532,0.47371641552415605,62
4,0.48,6.636376727780449,0.47352951126445525,62
4,0.481,6.6375462471511755,0.4733390179850969,62
4,0.482,6.6386967450471195,0.47314620968833243,62
4,0.483,6.63981400119616,0.47295023452423474,62
4,0.484,6.64092582456751,0.47274914067149487,62
4,0.485,6.64201761971127,0.47254461699851885,62
4,0.486,6.643089563176457,0.4723402130736085,62
4,0.487,6.644155845753645,0.47213082659011196,62
4,0.488,6.6452162786196745,0.4719195727008388,62
4,0.489,6.646242281137636,0.4717019315715955,62
4,0.49,6.64723328989469,0.47148116195243234,62
4,0.491,6.648175479815396,0.47125872828966714,62
4,0.492,6.649125449469769,0.471031605915426,62
4,0.493,6.65003983812606,0.4708005401369829,62
4,0.494,6.650961246174526,0.47056566706765846,62
4,0.495,6.651847084796279,0.4703278533841828,62
4,0.496,6.652711565080068,0.4700899586546883,62
4,0.497,6.653568521671601,0.4698451060521175,62
4,0.498,6.654374994215474,0.46959903296050703,62
4,0.499,6.655173216251134,0.46935155554627384,62
4,0.5,6.655948626157441,0.4691013314792314,62
4,0.501,6.656701055803052,0.4688484104898444,62
4,0.502,6.657430339329303,0.46859284274556817,62
4,0.503,6.658136313178115,0.46833467883445584,62
4,0.504,6.65881881611927,0.4680739697485632,62
4,0.505,6.6594776892770655,0.46781076686715944,62
4,0.506,6.6601127761563195,0.467545121939746,62
4,0.507,6.660724301673972,0.4672760134136838,62
4,0.508,6.661298102151365,0.46700510309589766,62
4,0.509,6.661834019448361,0.4667303630502205,62
4,0.51,6.662360292228028,0.4664556530094626,62
4,0.511,6.662862376724437,0.4661742995544157,62
4,0.512,6.6633541353818675,0.465895201098146,62
4,0.513,6.663835430522826,0.46561341778051096,62
4,0.514,6.664277733123748,0.4653302013477739,62
4,0.515,6.664694923080196,0.4650450174588932,62
4,0.516,6.665058846159326,0.4647582173548354,62
4,0.517,6.665426163436295,0.46446924440761517,62
4,0.518,6.66575395609338,0.46418084526548514,62
4,0.519,6.666070496790639,0.46388826626690366,62
4,0.52,6.666361654708264,0.46359513130399477,62
4,0.521,6.666641705397952,0.46329868652085116,62
4,0.522,6.666896154417407,0.4630030777329258,62
4,0.523,6.667125280499317,0.46270637007138665,62
4,0.524,6.667314595286765,0.46240588433171104,62
4,0.525,6.667477628488618,0.4621039865892501,62
4,0.526,6.667614279337243,0.46180073217510365,62
4,0.527,6.667724449835064,0.46149617639915885,62
4,0.528,6.667808423773482,0.46118964119531275,62
4,0.529,6.667866108951841,0.4608826500463085,62
4,0.53,6.667911428434471,0.46057637003595925,62
4,0.531,6.667901889733256,0.46026534250307805,62
4,0.532,6.667879815890478,0.45995520988218214,62
4,0.533,6.667830735409423,0.4596441067851922,62
4,0.534,6.6677545708845125,0.45933208787957197,62
4,0.535,6.667651626770099,0.45902048499372644,62
4,0.536,6.667536222840611,0.45870899047345237,62
4,0.537,6.667393909061312,0.4583928528942162,62
4,0.538,6.667210238496022,0.4580776526506664,62
4,0.539,6.666985148968587,0.4577604139029475,62
4,0.54,6.666746975307451,0.45744402350670066,62
4,0.541,6.666495661345104,0.457125479167095,62
4,0.542,6.666202759921986,0.45680801533861704,62
4,0.543,6.665868220894806,0.45649292272893316,62
4,0.544,6.665506378899784,0.4561738116790547,62
4,0.545,6.665117180453327,0.4558579872687809,62
4,0.546,6.664714587433964,0.45553897190265424,62
4,0.547,6.664284170729258,0.4552197300221107,62
4,0.548,6.663825895372251,0.4549003119469553,62
4,0.549,6.663339729295426,0.45458076754632915,62
4,0.55,6.662825643329688,0.4542611462201306,62
4,0.551,6.6622839902089215,0.45394251887778614,62
4,0.552,6.661714746774659,0.45362282688698935,62
4,0.553,6.661132284225106,0.45331295519246173,62
4,0.554,6.660508191729919,0.45299360917406106,62
4,0.555,6.659842076670787,0.4526727369612321,62
4,0.556,6.65914831019065,0.45235545315343867,62
4,0.557,6.65842687528115,0.452037617625283,62
4,0.558,6.657691770257621,0.4517191945081867,62
4,0.559,6.65694299364475,0.4514018399089698,62
4,0.56,6.656152152924358,0.4510841772259317,62
4,0.561,6.655333643778978,0.4507670232051569,62
4,0.562,6.654501864948012,0.4504511465429979,62
4,0.563,6.653642445322798,0.45013469485530416,62
4,0.564,6.652769799330621,0.4498145384942031,62
4,0.565,6.651841168057066,0.4494993850081032,62
4,0.566,6.650884595867354,0.4491848734455071,62
4,0.567,6.649900105458152,0.44887104259417865,62
4,0.568,6.648887722325826,0.44855793048226483,62
4,0.569,6.647833462515902,0.44824597564316554,62
4,0.57,6.646765751200212,0.4479344067408685,62
4,0.571,6.645656218935183,0.44762471416454136,62
4,0.572,6.644533296619834,0.44731480430355536,62
4,0.573,6.643397023992538,0.44700519469084493,62
4,0.574,6.642205037378035,0.4466965829985691,62
4,0.575,6.64099978850668,0.4463894710709178,62
4,0.576,6.639795716912373,0.4460826440419795,62
4,0.577,6.638522452542078,0.4457815487739876,62
4,0.578,6.637236468270923,0.4454774367323697,62
4,0.579,6.63590903897951,0.4451725296585817,62
4,0.58,6.634583010026145,0.4448700175684634,62
4,0.581,6.63320164686728,0.4445688449301228,62
4,0.582,6.631807421501573,0.4442692708508324,62
4,0.583,6.630414793619586,0.4439699236034557,62
4,0.584,6.628967046443937,0.44367273745120317,62
4,0.585,6.627492278446156,0.4433767893198779,62
4,0.586,6.62599056615098,0.4430821016454239,62
4,0.587,6.624461988596673,0.44278869592463765,62
4,0.588,6.622892615076679,0.44249716934852046,62
4,0.589,6.621310923709098,0.4422063885376253,62
4,0.59,6.619702609926881,0.4419169480414007,62
4,0.591,6.6180821540853065,0.4416284692946452,62
4,0.592,6.616421253814134,0.4413417548244935,62
4,0.593,6.614734015487042,0.4410564310153216,62
4,0.594,6.6130205356118354,0.4407725127175427,62
4,0.595,6.6112956833003915,0.4404875851651837,62
4,0.596,6.609545557317771,0.44020473683348144,62
4,0.597,6.607741488929228,0.4399243629847764,62
4,0.598,6.605925991161323,0.43964639168126285,62
4,0.599,6.604070769694497,0.4393693103049574,62
4,0.6,6.6022187212962145,0.4390913265596255,62
4,0.601,6.6003271746805705,0.43881769023178663,62
4,0.602,6.598453432094216,0.43854800614435635,62
4,0.603,6.596541212804519,0.43827503340585133,62
4,0.604,6.594575887022384,0.4380058524471372,62
4,0.605,6.592571590853309,0.43773732286337874,62
4,0.606,6.590571235648912,0.4374681867292485,62
4,0.607,6.588518152350609,0.43720377421990936,62
4,0.608,6.586454877926447,0.4369405387025789,62
4,0.609,6.58438154526809,0.43667917163244774,62
4,0.61,6.582241870927171,0.43641650343665644,62
4,0.611,6.580106792512953,0.4361578524191839,62
4,0.612,6.577976449590078,0.43590298399290434,62
4,0.613,6.575794195893404,0.435647414899274,62
4,0.614,6.573574566559099,0.43539182440784957,62
4,0.615,6.571346101718036,0.4351392479932256,62
4,0.616,6.569066154980841,0.4348888749664305,62
4,0.617,6.56679166476547,0.43463924677964805,62
4,0.618,6.564479988800715,0.4343938507918179,62
4,0.619,6.562174066699303,0.43414695700195394,62
4,0.62,6.559845660815208,0.4339012661821462,62
4,0.621,6.557466535469243,0.4336603894353991,62
4,0.622,6.555093648414024,0.4334212919883882,62
4,0.623,6.552698767833095,0.4331817288587958,62
4,0.624,6.550267676045259,0.4329422115948435,62
4,0.625,6.5478145511350325,0.43270410028840844,62
4,0.626,6.545339560577991,0.43246738152898034,62
4,0.627,6.54284287345481,0.43223204119392744,62
4,0.628,6.540310648186404,0.4319971282138021,62
4,0.629,6.537771451097212,0.4317645141009897,62
4,0.63,6.53518304042068,0.4315298759337429,62
4,0.631,6.532616771078775,0.4312983083671506,62
4,0.632,6.530015644048723,0.43106967427795706,62
4,0.633,6.527393850591361,0.43084231699203274,62
4,0.634,6.524751571145602,0.4306162178623136,62
4,0.635,6.522088987542403,0.43039135766430764,62
4,0.636,6.519435065470576,0.43016650312051763,62
4,0.637,6.516733201687646,0.42994402596698017,62
4,0.638,6.513997594735274,0.4297249653542704,62
4,0.639,6.5112568263251145,0.4295047658325475,62
4,0.64,6.508496694302211,0.4292857015214095,62
4,0.641,6.5057317802472046,0.42907338801934597,62
4,0.642,6.502933881823624,0.428856677180352,62
4,0.643,6.500131595488487,0.4286395385430114,62
4,0.644,6.497297100502799,0.4284196586866495,62
4,0.645,6.494430592603619,0.4282054978519592,62
4,0.646,6.491560283979181,0.4279929351181367,62
4,0.647,6.488672360792714,0.42778197922538136,62
4,0.648,6.485767401746606,0.4275676564608231,62
4,0.649,6.482845229019242,0.4273578339181902,62
4,0.65,6.479905666033754,0.42714890450457166,62
4,0.651,6.476948916220691,0.42694084237002927,62
4,0.652,6.473989575233372,0.4267332566833887,62
4,0.653,6.470985442302658,0.4265253311731238,62
4,0.654,6.467979509298232,0.4263187768235899,62
4,0.655,6.464986375324221,0.42611606724314377,62
4,0.656,6.46194908255329,0.4259119923221751,62
4,0.657,6.458896244737258,0.42570930770247994,62
4,0.658,6.455828073207174,0.42550668098859545,62
4,0.659,6.452758792574887,0.42530518376577503,62
4,0.66,6.449632197642701,0.4251050517724561,62
4,0.661,6.4465480855335775,0.42490815401027154,62
4,0.662,6.443421480342304,0.42470776491109885,62
4,0.663,6.44025259882489,0.4245113620913884,62
4,0.664,6.437112459131108,0.42431441591248126,62
4,0.665,6.433944103692744,0.42411601065253784,62
4,0.666,6.430761764449862,0.42391807596767506,62
4,0.667,6.427565661749588,0.42372058499778464,62
4,0.668,6.424356016564525,0.42352351098188246,62
4,0.669,6.421133050471871,0.42332682727808735,62
4,0.67,6.417896985632662,0.42313050738340746,62
4,0.671,6.414662436016787,0.4229336623223783,62
4,0.672,6.411387218761247,0.4227348859127162,62
4,0.673,6.408113964228753,0.42253953766876445,62
4,0.674,6.404828505908669,0.4223444472762623,62
4,0.675,6.401517056778894,0.42214951983735793,62
4,0.676,6.398208236629188,0.42195486433456597,62
4,0.677,6.394873868311976,0.4217634470396215,62
4,0.678,6.391542572693504,0.42156905387507915,62
4,0.679,6.388214577144407,0.42137541926386507,62
4,0.68,6.384904889257556,0.4211811495231272,62
4,0.681,6.3815285556887105,0.42098696028099913,62
4,0.682,6.378156236608307,0.42079293715945054,62
4,0.683,6.374759758426602,0.420597734576256,62
4,0.684,6.371382136710044,0.420402404009046,62
4,0.685,6.367980817045689,0.42020844932452095,62
4,0.686,6.36458443414106,0.4200171177699487,62
4,0.687,6.361207999327253,0.41982213742596375,62
4,0.688,6.357780575125627,0.4196280742894752,62
4,0.689,6.354344431112337,0.41943392000535423,62
4,0.69,6.3509141916201814,0.4192410125196585,62
4,0.691,6.347476087304001,0.4190477501798801,62
4,0.692,6.344001957993056,0.4188480728480703,62
4,0.693,6.340520431925456,0.4186533910758831,62
4,0.694,6.337031734241944,0.4184593668675469,62
4,0.695,6.333550102689942,0.41826444613938135,62
4,0.696,6.330047369014515,0.41807071688232533,62
4,0.697,6.326552162667879,0.4178753038322981,62
4,0.698,6.323036315818875,0.4176816541579733,62
4,0.699,6.31951444606904,0.4174859775947778,62
4,0.7,6.316043966027587,0.4172888802635337,62
4,0.701,6.312525918049083,0.4170879359026522,62
4,0.702,6.309016967278165,0.4168895702529955,62
4,0.703,6.305488578241525,0.41669242592518335,62
4,0.704,6.301955000835402,0.41649494546177085,62
4,0.705,6.298430863962436,0.416296853137931,62
4,0.706,6.29490240262125,0.4160999637105819,62
4,0.707,6.291355473001254,0.4159014401242466,62
4,0.708,6.287804325370668,0.41570253919925043,62
4,0.709,6.284249197713959,0.4155032520561169,62
4,0.71,6.280690706964415,0.41530583508572827,62
4,0.711,6.277143482443789,0.41510622945962666,62
4,0.712,6.273536952749407,0.4149079600636398,62
4,0.713,6.2699705507911405,0.41470695440720434,62
4,0.714,6.266415732959271,0.4145058634962151,62
4,0.715,6.262830331876019,0.414303513771778,62
4,0.716,6.25925699272551,0.41410126665032204,62
4,0.717,6.255695954408653,0.4138997459624585,62
4,0.718,6.252133453016474,0.41369700243583757,62
4,0.719,6.248569736926807,0.4134947289856873,62
4,0.72,6.244990663312347,0.41329081606531937,62
4,0.721,6.241410483270075,0.4130864665881066,62
4,0.722,6.237843826706307,0.412885746792466,62
4,0.723,6.234262538183122,0.4126806504503637,62
4,0.724,6.230680868397419,0.4124751226623128,62
4,0.725,6.227099055581129,0.4122691653843893,62
4,0.726,6.223503325490276,0.4120653003901312,62
4,0.727,6.2199223099828655,0.4118584293469624,62
4,0.728,6.216327843278501,0.41165151872666217,62
4,0.729,6.21273492368506,0.4114439402854602,62
4,0.73,6.20917218289364,0.41123660635520515,62
4,0.731,6.20559669447792,0.4110282157613754,62
4,0.732,6.202022708303186,0.4108194299262844,62
4,0.733,6.198450461675395,0.4106102560864211,62
4,0.734,6.194894582815994,0.41039910631101956,62
4,0.735,6.191326914469849,0.41018913498074216,62
4,0.736,6.187747693145763,0.40997813427040103,62
4,0.737,6.184185549106301,0.40976745724032665,62
4,0.738,6.180626327106941,0.409556436347163,62
4,0.739,6.177070641774018,0.4093488817376558,62
4,0.74,6.173518728555929,0.40913721756948757,62
4,0.741,6.1699564314736355,0.40892455732880634,62
4,0.742,6.166426770738143,0.40871667912314097,62
4,0.743,6.16290158710795,0.40850085968844974,62
4,0.744,6.159352721129832,0.4082886253747381,62
4,0.745,6.155865987110351,0.4080799575689914,62
4,0.746,6.1523420461210305,0.40786685720097604,62
4,0.747,6.148852330577783,0.4076482936940381,62
4,0.748,6.1453402866625275,0.4074347252625918,62
4,0.749,6.141833794012172,0.4072209673261542,62
4,0.75,6.138347477570242,0.4070035997507623,62
4,0.751,6.134853176668158,0.40678942057635686,62
4,0.752,6.131365136505845,0.4065751020768874,62
4,0.753,6.127855565074527,0.40636044284136913,62
4,0.754,6.124381482564119,0.40614590950178264,62
4,0.755,6.120914338373314,0.4059312929365755,62
4,0.756,6.1174543638636125,0.40571661284639543,62
4,0.757,6.113987777618892,0.40550193961864067,62
4,0.758,6.11055759527005,0.40528743721211535,62
4,0.759,6.107121640619429,0.40506838543014945,62
4,0.76,6.103708546955532,0.4048523800186339,62
4,0.761,6.10027575858749,0.40463768443766984,62
4,0.762,6.0968518987072065,0.4044228372054744,62
4,0.763,6.0934799813744345,0.40421039108135304,62
4,0.764,6.090103826126246,0.4039937926373289,62
4,0.765,6.086737683154406,0.4037795847011049,62
4,0.766,6.083353007741258,0.40356499460579337,62
4,0.767,6.079992434011988,0.4033510740947749,62
4,0.768,6.07662816484593,0.4031364004874294,62
4,0.769,6.073288821283703,0.40292292708731153,62
4,0.77,6.06995985978157,0.402709700535285,62
4,0.771,6.06665589762206,0.4024975714673604,62
4,0.772,6.063363157515907,0.40228437204053835,62
4,0.773,6.060053470460836,0.4020734519214744,62
4,0.774,6.056769846227769,0.40186318827621115,62
4,0.775,6.053470093239212,0.4016453755632415,62
4,0.776,6.050225235603493,0.4014315072373679,62
4,0.777,6.046978320289802,0.4012207536999021,62
4,0.778,6.04372957012606,0.401012716650881,62
4,0.779,6.040508359309705,0.4008054280416055,62
4,0.78,6.037300518560423,0.4005960315643872,62
4,0.781,6.034105890497759,0.40038227575120505,62
4,0.782,6.030925075184277,0.40017235588997724,62
4,0.783,6.027729889830708,0.39996747874770044,62
4,0.784,6.024576963756042,0.3997603052788183,62
4,0.785,6.02143773418352,0.3995537567517814,62
4,0.786,6.018298407748009,0.39934691441451003,62
4,0.787,6.0152019878283545,0.3991402902655884,62
4,0.788,6.012105906664494,0.3989357572968882,62
4,0.789,6.009039163470281,0.39873218475786987,62
4,0.79,6.005945555934198,0.3985224953335986,62
4,0.791,6.0028961001215135,0.39831999717058947,62
4,0.792,5.999848216654623,0.3981192541468117,62
4,0.793,5.996830135287471,0.397918842844717,62
4,0.794,5.993842069951538,0.39771923374960083,62
4,0.795,5.99084182749879,0.397520100864165,62
4,0.796,5.987872026523425,0.3973223280793659,62
4,0.797,5.98491848727129,0.39712548775031425,62
4,0.798,5.981981420249352,0.3969296055497735,62
4,0.799,5.979061034968059,0.39673470703510766,62
4,0.8,5.97614390669601,0.3965398278123692,62
4,0.801,5.97327302848902,0.3963458011675693,62
4,0.802,5.970391431066344,0.39615381881862105,62
4,0.803,5.967527714812615,0.3959581727645303,62
4,0.804,5.964696467029533,0.3957727899845291,62
4,0.805,5.961883501261314,0.3955843291297517,62
4,0.806,5.959088642418174,0.3953970250889274,62
4,0.807,5.956312093310924,0.3952109022216211,62
4,0.808,5.953540422398572,0.39502119859576573,62
4,0.809,5.9507882123315206,0.3948383218873169,62
4,0.81,5.9480692870370095,0.3946560664502217,62
4,0.811,5.945341429911764,0.394476298845422,62
4,0.812,5.942661627116156,0.3942965776210025,62
4,0.813,5.940001293334813,0.394118178085454,62
4,0.814,5.937375015772355,0.3939413424295551,62
4,0.815,5.934754595266528,0.3937656568671057,62
4,0.816,5.932154237764469,0.39359136155746155,62
4,0.817,5.9295741357199,0.393418478917571,62
4,0.818,5.9270144803183715,0.3932470311397719,62
4,0.819,5.924475461462907,0.39307704018958267,62
4,0.82,5.921957267759488,0.39290852780384733,62
4,0.821,5.919460086502369,0.3927415154892365,62
4,0.822,5.916984482665456,0.3925743561277749,62
4,0.823,5.914530641094278,0.39241044342847425,62
4,0.824,5.9120843542514825,0.3922496401736718,62
4,0.825,5.909674198583498,0.39208884038089176,62
4,0.826,5.907285964008903,0.39192964589679563,62
4,0.827,5.904934221530521,0.3917736463418438,62
4,0.828,5.902590755592428,0.3916177532068944,62
4,0.829,5.900269755554458,0.3914635254689521,62
4,0.83,5.897957384848273,0.39131383157506255,62
4,0.831,5.89568221178971,0.39116291762654987,62
4,0.832,5.893430018072687,0.39101372850620714,62
4,0.833,5.891186962895564,0.3908661346537768,62
4,0.834,5.888981610288116,0.3907204576936382,62
4,0.835,5.886814128850786,0.39057589638328827,62
4,0.836,5.8846422794989355,0.39043570638554426,62
4,0.837,5.882509013285941,0.3902974987996818,62
4,0.838,5.880400103514795,0.3901591002345405,62
4,0.839,5.878315334342919,0.3900225550419236,62
4,0.84,5.876254867313095,0.3898878805501907,62
4,0.841,5.874233253576319,0.3897533269694646,62
4,0.842,5.872251039984644,0.38962251624413197,62
4,0.843,5.870265607800959,0.3894935050124335,62
4,0.844,5.868319528319461,0.38936793893005217,62
4,0.845,5.8663989527746425,0.38924003879799113,62
4,0.846,5.864489651911751,0.3891168527557993,62
4,0.847,5.862591776632017,0.38899678428664086,62
4,0.848,5.860733870215354,0.38887756942392815,62
4,0.849,5.858901689052915,0.3887603709126903,62
4,0.85,5.857095379012147,0.38864520441073497,62
4,0.851,5.855315084174343,0.38853208544285806,62
4,0.852,5.853546934578361,0.3884220608036303,62
4,0.853,5.85181946479252,0.3883130685142695,62
4,0.854,5.850118422407561,0.3882061695904994,62
4,0.855,5.848429932162155,0.38810350923433057,62
4,0.856,5.846782523269122,0.3880007963409534,62
4,0.857,5.845133913429546,0.38790006141709654,62
4,0.858,5.843541022375286,0.3878016609603814,62
4,0.859,5.84197519762623,0.38770542795142027,62
4,0.86,5.8404365672371785,0.38761137708135296,62
4,0.861,5.838925257289768,0.38751952297689024,62
4,0.862,5.837441391875702,0.38742988020769187,62
4,0.863,5.835985093079969,0.38734246329372685,62
4,0.864,5.834556480964075,0.3872572867126085,62
4,0.865,5.833155673549275,0.38717436490688706,62
4,0.866,5.831782786799829,0.38709371229129025,62
4,0.867,5.83043793460627,0.3870153432598957,62
4,0.868,5.829107216529273,0.38693465723393416,62
4,0.869,5.827819136371782,0.3868610286248311,62
4,0.87,5.826559410672263,0.3867897234375051,62
4,0.871,5.825314132830585,0.38671952052108355,62
4,0.872,5.824097788195268,0.38665464934792465,62
4,0.873,5.822896456666909,0.38658943432808784,62
4,0.874,5.821752634751195,0.3865275827806282,62
4,0.875,5.82063763769873,0.3864681267289867,62
4,0.876,5.819537548767669,0.38641099559879377,62
4,0.877,5.81848085530534,0.38635637129827183,62
4,0.878,5.817453257242343,0.3863041866413618,62
4,0.879,5.816454843458727,0.3862544563486977,62
4,0.88,5.815471688283334,0.38620707006952004,62
4,0.881,5.814532270067112,0.3861622981139631,62
4,0.882,5.813622279677603,0.3861200247636277,62
4,0.883,5.812741796865531,0.3860802650219942,62
4,0.884,5.811890899004006,0.3860430339701248,62
4,0.885,5.811055648834065,0.38601162196452016,62
4,0.886,5.81026451303852,0.3859794098270899,62
4,0.887,5.809489158497607,0.38595238090317524,62
4,0.888,5.808758047244968,0.38592526205691613,62
4,0.889,5.8080568537173685,0.3859007525027393,62
4,0.89,5.807385641122203,0.3858788677686678,62
4,0.891,5.806744470177639,0.38585962348270664,62
4,0.892,5.8061333990985435,0.38584303537445985,62
4,0.893,5.8055384713431195,0.38583100351322974,62
4,0.894,5.804988134187892,0.3858197286593493,62
4,0.895,5.804468047223942,0.38581115883812966,62
4,0.896,5.803978258725286,0.3858053101738999,62
4,0.897,5.803490789911089,0.3858012476489499,62
4,0.898,5.803048459870686,0.3858030188278776,62
4,0.899,5.802636908919769,0.3858045260181818,62
4,0.9,5.802256166210647,0.3858081739591815,62
4,0.901,5.8019202707090205,0.38581624286506294,62
4,0.902,5.801600852588463,0.38582600814971746,62
4,0.903,5.80131232470402,0.3858395450828948,62
4,0.904,5.801068718433487,0.3858561534649649,62
4,0.905,5.800855668557605,0.38587562964533734,62
4,0.906,5.800673198384976,0.38589799080018605,62
4,0.907,5.800521328495304,0.38592325418491086,62
4,0.908,5.8004000767284865,0.3859514371295448,62
4,0.909,5.800309458173875,0.38598255703375006,62
4,0.91,5.800221460680881,0.3860175439389722,62
4,0.911,5.800178869786776,0.38605593205384825,62
4,0.912,5.800181304315119,0.38609590599309085,62
4,0.913,5.8002003654000545,0.3861371820623974,62
4,0.914,5.80026444895608,0.38618322904942465,62
4,0.915,5.800359162932944,0.3862323191880856,62
4,0.916,5.800470491448972,0.3862816488566902,62
4,0.917,5.800612809885905,0.3863376540857907,62
4,0.918,5.80080011197892,0.3863960176859526,62
4,0.919,5.801003982460536,0.3864595765828125,62
4,0.92,5.8012528007774655,0.3865241253626757,62
4,0.921,5.801532158346964,0.3865918246443084,62
4,0.922,5.801842034931018,0.38666269203945947,62
4,0.923,5.802182407383288,0.38673674511830225,62
4,0.924,5.802553249641894,0.3868140013985144,62
4,0.925,5.802940520483,0.38689431170012245,62
4,0.926,5.803372582102819,0.38697802716117863,62
4,0.927,5.803835008620938,0.38706499791926996,62
4,0.928,5.804327762455863,0.38715524117110095,62
4,0.929,5.8048508030732995,0.3872487740008539,62
4,0.93,5.805404086980305,0.3873456133673014,62
4,0.931,5.8059735554802305,0.38744425223876927,62
4,0.932,5.80657354101668,0.38754687736691185,62
4,0.933,5.807203982027586,0.3876526585082164,62
4,0.934,5.807864814181418,0.3877614266770154,62
4,0.935,5.8085699826074455,0.38787517285454787,62
4,0.936,5.809305035537519,0.3879923211485636,62
4,0.937,5.810069909438238,0.3881128873059267,62
4,0.938,5.810836513282684,0.3882360000446752,62
4,0.939,5.81166156572444,0.3883634687553511,62
4,0.94,5.812516212114043,0.38849440072570074,62
4,0.941,5.813400377259672,0.3886288106578064,62
4,0.942,5.814313982933082,0.38876671295327747,62
4,0.943,5.815256947867072,0.3889081216974158,62
4,0.944,5.816229187753153,0.38905305064325124,62
4,0.945,5.817216603000032,0.3892034355023512,62
4,0.946,5.81821947284166,0.38935249088821877,62
4,0.947,5.819280101023045,0.3895080710348945,62
4,0.948,5.820369609200499,0.3896672229824019,62
4,0.949,5.821487898458615,0.3898299585597186,62
4,0.95,5.822634866818166,0.38999628916652807,62
4,0.951,5.82381040923551,0.3901662257567455,62
4,0.952,5.825014417602199,0.39033977882203647,62
4,0.953,5.826232768505385,0.3905160689815683,62
4,0.954,5.827493741816631,0.3906969066763964,62
4,0.955,5.828782829202046,0.3908813888057763,62
4,0.956,5.83009991050462,0.39106952386367533,62
4,0.957,5.831444862499284,0.3912613197994484,62
4,0.958,5.832817558893826,0.39145678400166123,62
4,0.959,5.8342178703300025,0.3916559232820207,62
4,0.96,5.835645664384844,0.39185874385942904,62
4,0.961,5.837072781093317,0.39206367850510015,62
4,0.962,5.83855587012762,0.39227392980227016,62
4,0.963,5.840051995579451,0.3924912152731771,62
4,0.964,5.841589407314692,0.3927087708616519,62
4,0.965,5.843153566994443,0.3929300301301629,62
4,0.966,5.8447303122201255,0.39315287410110045,62
4,0.967,5.846347883879496,0.3933815869944674,62
4,0.968,5.847977722420204,0.39361607122093417,62
4,0.969,5.849648062823714,0.39385215053842143,62
4,0.97,5.851344351873062,0.3940919387115863,62
4,0.971,5.8530664245384285,0.3943354343964523,62
4,0.972,5.854814112735397,0.3945826354815512,62
4,0.973,5.856573233089633,0.3948361919145473,62
4,0.974,5.8583720055299295,0.39509072196344497,62
4,0.975,5.860195861802519,0.39534894809592735,62
4,0.976,5.862044621857568,0.39561086496905895,62
4,0.977,5.863918102608331,0.39587646641174346,62
4,0.978,5.8658161179361334,0.3961457454136063,62
4,0.979,5.867738478695493,0.3964186941142784,62
4,0.98,5.869684992719403,0.3966953037930975,62
4,0.981,5.871655464824752,0.396975564859232,62
4,0.982,5.8736496968179015,0.39725946684224583,62
4,0.983,5.875667487500405,0.3975469983831075,62
4,0.984,5.877680608196023,0.39783663228891886,62
4,0.985,5.879745639934318,0.39813142095874277,62
4,0.986,5.881819578237165,0.3984297004709486,62
4,0.987,5.883930604477644,0.39873164467193,62
4,0.988,5.88603608742635,0.3990384412941977,62
4,0.989,5.888178584578167,0.399346958058945,62
4,0.99,5.890343474282701,0.39965764982354535,62
4,0.991,5.892544535613799,0.3999737466399145,62
4,0.992,5.894767150777361,0.4002933291786377,62
4,0.993,5.897011090255093,0.40061637678851536,62
4,0.994,5.899248097087702,0.4009434991590992,62
4,0.995,5.901534724060286,0.4012733953157047,62
4,0.996,5.903841950730039,0.4016066890995813,62
4,0.997,5.90616953619807,0.40194335602767695,62
4,0.998,5.908517236626369,0.4022833706535355,62
4,0.999,5.910842768527907,0.4026252002990275,62
5,0.0,6.284144458866394,0.5019244786300533,51
5,0.001,6.283478984587144,0.501461272523619,51
5,0.002,6.282841235259139,0.500997744757497,51
5,0.003,6.282248905455853,0.5005374790214728,51
5,0.004,6.2816676734765196,0.5000735705430308,51
5,0.005,6.281114767464322,0.49960951834617645,51
5,0.006,6.280590378095198,0.4991453829083513,51
5,0.007,6.280094693057663,0.4986812255813056,51
5,0.008,6.279627897045352,0.49821710859218216,51
5,0.009,6.279190171749415,0.4977530950441893,51
5,0.01,6.278781695850765,0.49728924891685344,51
5,0.011,6.278402645012184,0.49682563506583516,51
5,0.012,6.278053191870286,0.4963623192222995,51
5,0.013,6.277751001267151,0.49590083803737955,51
5,0.014,6.2774617216993915,0.4954383634858181,51
5,0.015,6.277202551435009,0.49497639056489856,51
5,0.016,6.276973651200874,0.49451498851752523,51
5,0.017,6.276775178661227,0.4940542274521561,51
5,0.018,6.276677269368148,0.49359515492355094,51
5,0.019,6.276576993061852,0.49313600277137754,51
5,0.02,6.276491096317521,0.4926764927818247,51
5,0.021,6.276419277028471,0.4922189764087521,51
5,0.022,6.276413704342926,0.49176344396038,51
5,0.023,6.2764054832403735,0.49130801301615856,51
5,0.024,6.276428821260529,0.4908537351552054,51
5,0.025,6.276483853886596,0.49040068714231483,51
5,0.026,6.276588208750534,0.48994539919348695,51
5,0.027,6.276724992321355,0.4894915624013089,51
5,0.028,6.276894342718632,0.4890418106894302,51
5,0.029,6.277078899982173,0.4885942591737502,51
5,0.03,6.277295819371457,0.4881483285120951,51
5,0.031,6.277545218539762,0.487704100099135,51
5,0.032,6.277827212012224,0.4872616560772235,51
5,0.033,6.278159406416505,0.4868233278614573,51
5,0.034,6.278507391930951,0.4863847718791553,51
5,0.035,6.278888308400603,0.48594825307449796,51
5,0.036,6.279302258023901,0.48551385649765183,51
5,0.037,6.279766835070283,0.48508113730109,51
5,0.038,6.280247617328179,0.48465124403411497,51
5,0.039,6.2807617322208555,0.48422373266120533,51
5,0.04,6.281309269492981,0.4837986908715954,51
5,0.041,6.281890315688281,0.4833762069645795,51
5,0.042,6.28250495414003,0.48295636983039114,51
5,0.043,6.283170760201305,0.48253473317149903,51
5,0.044,6.283853292692761,0.48212033197299414,51
5,0.045,6.284569660018336,0.48170884425194155,51
5,0.046,6.2853199328516505,0.4813003609771156,51
5,0.047,6.286104178613557,0.4808949735996486,51
5,0.048,6.286922461462538,0.4804927740293173,51
5,0.049,6.287774842285075,0.48009385461005555,51
5,0.05,6.288661378686018,0.47969830809469566,51
5,0.051,6.28959962021874,0.47930493400315644,51
5,0.052,6.290572595072706,0.47891489197514137,51
5,0.053,6.291562867646528,0.4785299369690439,51
5,0.054,6.292587517359725,0.4781487270139561,51
5,0.055,6.293681576306029,0.47776887197453494,51
5,0.056,6.294776046645914,0.4773953909262214,51
5,0.057,6.295922528087653,0.47702857693409007,51
5,0.058,6.2971215252071415,0.47666245412524516,51
5,0.059,6.298321065453164,0.47630139663217214,51
5,0.06,6.2995552440850435,0.475944654560352,51
5,0.061,6.300824084043008,0.47559232328472256,51
5,0.062,6.302145100153627,0.4752421041561305,51
5,0.063,6.303518781058231,0.4749040529936509,51
5,0.064,6.304893138244483,0.47456561315389895,51
5,0.065,6.306302250984634,0.47423196844295207,51
5,0.066,6.307746126206538,0.4739032141999926,51
5,0.067,6.309224767459944,0.47357944563252585,51
5,0.068,6.310738174908602,0.4732607577780695,51
5,0.069,6.312286345322463,0.47294724546521333,51
5,0.07,6.313886767309796,0.4726366002785112,51
5,0.071,6.315504912766995,0.4723336545154666,51
5,0.072,6.317157802996418,0.47203616542267085,51
5,0.073,6.318845421395107,0.471744226556723,51
5,0.074,6.320585243174612,0.4714608261127436,51
5,0.075,6.322342726811378,0.47118035358058474,51
5,0.076,6.324134880165201,0.47090571169347173,51
5,0.077,6.3259616731685835,0.4706369921594334,51
5,0.078,6.327823072307401,0.4703742861026198,51
5,0.079,6.329719040614582,0.47011768401917253,51
5,0.08,6.331667032903756,0.4698700324364982,51
5,0.081,6.333632487220657,0.4696259573041714,51
5,0.082,6.335632390962609,0.4693882538921048,51
5,0.083,6.337684188808768,0.46916144874667015,51
5,0.084,6.339753308659278,0.4689368564885147,51
5,0.085,6.341874222995224,0.4687179770440934,51
5,0.086,6.34402984826693,0.46850204265548023,51
5,0.087,6.346202636959114,0.4682974688619238,51
5,0.088,6.348409556407803,0.46809977767686595,51
5,0.089,6.350650535979386,0.46790905079883793,51
5,0.09,6.352925501553903,0.46772536879360194,51
5,0.091,6.355234375521422,0.46754881104746643,51
5,0.092,6.357577076778643,0.467379455720615,51
5,0.093,6.359953520725742,0.4672173797004902,51
5,0.094,6.3623636192634425,0.4670626585552719,51
5,0.095,6.364807280790345,0.4669153664874861,51
5,0.096,6.367284410200488,0.46677557628778876,51
5,0.097,6.369812404120995,0.4666426198558832,51
5,0.098,6.372356642367538,0.466518040905694,51
5,0.099,6.37493405406801,0.4664011737363715,51
5,0.1,6.377562025597028,0.4662905856076062,51
5,0.101,6.380205926519452,0.4661893000837679,51
5,0.102,6.382882675714982,0.4660959207014483,51
5,0.103,6.3855921540737866,0.46601050912311204,51
5,0.104,6.388334238983594,0.465933125242319,51
5,0.105,6.391108804329942,0.4658638271409904,51
5,0.106,6.393915720496714,0.46580267104726764,51
5,0.107,6.396754854366996,0.46574971129401016,51
5,0.108,6.399626069324235,0.4657050002779692,51
5,0.109,6.402546720493515,0.4656677177710649,51
5,0.11,6.40549964144055,0.4656416374804161,51
5,0.111,6.408467201756514,0.46562195831171277,51
5,0.112,6.411466285881854,0.4656107158572498,51
5,0.113,6.414496740292386,0.4656079521814239,51
5,0.114,6.41755840798974,0.46561370718218,51
5,0.115,6.420686118984622,0.4656338494942122,51
5,0.116,6.423845663695225,0.4656533408423607,51
5,0.117,6.4270019081169805,0.4656848916480716,51
5,0.118,6.43018875147005,0.4657250977711789,51
5,0.119,6.433406020571003,0.46577398773210904,51
5,0.12,6.436653538812926,0.4658315876894457,51
5,0.121,6.439931126171613,0.4658979214114804,51
5,0.122,6.443238599212136,0.4659730102489683,51
5,0.123,6.4465757710957785,0.46605687310912786,51
5,0.124,6.449942451587363,0.4661495264309064,51
5,0.125,6.453355942302755,0.4662507081653762,51
5,0.126,6.456799023414153,0.46635625793737223,51
5,0.127,6.460254011241266,0.4664752412962232,51
5,0.128,6.463772727561193,0.46660755021078626,51
5,0.129,6.4673034249555865,0.4667395427767924,51
5,0.13,6.470862940255488,0.4668891081468524,51
5,0.131,6.474433577526445,0.4670435333424061,51
5,0.132,6.478032155875053,0.4672067898122858,51
5,0.133,6.481675951883359,0.46737588782783196,51
5,0.134,6.485347720805094,0.46755691665415916,51
5,0.135,6.4890297541607005,0.4677465405502569,51
5,0.136,6.492738858571442,0.4679449515541024,51
5,0.137,6.496474802955876,0.46815213239770814,51
5,0.138,6.500237353030767,0.46836806314590707,51
5,0.139,6.504026271325275,0.46859272119326717,51
5,0.14,6.507841317195593,0.46882608126255093,51
5,0.141,6.511682246839996,0.46906811540471277,51
5,0.142,6.515566308554128,0.46931992007240314,51
5,0.143,6.519476229444125,0.4695761433796626,51
5,0.144,6.523394273025662,0.4698439743704541,51
5,0.145,6.527354713301938,0.47012429181031395,51
5,0.146,6.531322773421586,0.47040925011453066,51
5,0.147,6.535332721548798,0.47070128050367643,51
5,0.148,6.539349775035077,0.4710030582227391,51
5,0.149,6.543425691530135,0.47131261038778094,51
5,0.15,6.547508659851848,0.47163011079111883,51
5,0.151,6.551597958201214,0.4719567640776419,51
5,0.152,6.555727840939892,0.472295026008071,51
5,0.153,6.559863511738847,0.47263811578563664,51
5,0.154,6.564021724212251,0.4729892797927009,51
5,0.155,6.5682026553881165,0.47335192846552376,51
5,0.156,6.572388984492155,0.47371953348362134,51
5,0.157,6.576614480274783,0.4740944543196287,51
5,0.158,6.580861356148016,0.4744771810094704,51
5,0.159,6.58512931799947,0.4748676393326282,51
5,0.16,6.5894180689770625,0.47526575268622523,51
5,0.161,6.593727309513956,0.47567144211391094,51
5,0.162,6.598039702866809,0.4760831888437788,51
5,0.163,6.602389923198295,0.4765036290748933,51
5,0.164,6.606777663479371,0.4769330741784907,51
5,0.165,6.611167635516166,0.477368397651313,51
5,0.166,6.615594057341303,0.4778115762031482,51
5,0.167,6.6200050621554105,0.47826141787578336,51
5,0.168,6.624451886271973,0.4787179348460222,51
5,0.169,6.628916715716996,0.47918131728808017,51
5,0.17,6.63339922928819,0.47965146676092085,51
5,0.171,6.637899103344996,0.48012828282139164,51
5,0.172,6.642416011838857,0.48061166306484876,51
5,0.173,6.64693259185676,0.4811009664328106,51
5,0.174,6.651483030956352,0.4815971710299464,51
5,0.175,6.656049501072227,0.4820996211350875,51
5,0.176,6.660631667090531,0.48260820691807776,51
5,0.177,6.665246686881373,0.483120563479688,51
5,0.178,6.669859702789018,0.4836410297644681,51
5,0.179,6.674504903030207,0.4841646850647793,51
5,0.18,6.6791478866338885,0.4846984394092906,51
5,0.181,6.683805342849163,0.4852358988772134,51
5,0.182,6.688442855654321,0.4857771007473758,51
5,0.183,6.693164103366794,0.48632457939738827,51
5,0.184,6.6978642485904505,0.4868778861827793,51
5,0.185,6.702611999305955,0.48743463419901456,51
5,0.186,6.707337965982061,0.4879979220913243,51
5,0.187,6.712093358077561,0.4885624257031211,51
5,0.188,6.716860796168231,0.4891329297169874,51
5,0.189,6.72160540405483,0.48971225756366576,51
5,0.19,6.726395870166814,0.49029741889631206,51
5,0.191,6.731197776109174,0.4908790281562191,51
5,0.192,6.736010771315607,0.49147056332576905,51
5,0.193,6.740799513640286,0.4920587552924011,51
5,0.194,6.745615191249471,0.4926569667858989,51
5,0.195,6.750439942967737,0.4932589395339025,51
5,0.196,6.755290896588952,0.4938679504076815,51
5,0.197,6.760133165135606,0.4944771289777622,51
5,0.198,6.76496637853905,0.49508618951365574,51
5,0.199,6.76982468368195,0.49570201956381804,51
5,0.2,6.774707708042794,0.4963162951581768,51
5,0.201,6.779580559739041,0.4969380173152732,51
5,0.202,6.784459898456075,0.49756253369254505,51
5,0.203,6.789345348187004,0.498189704142898,51
5,0.204,6.794236531763895,0.4988193880932844,51
5,0.205,6.799133531654819,0.4994491089060244,51
5,0.206,6.804035968769898,0.5000834220337048,51
5,0.207,6.808925968019139,0.5007179872964211,51
5,0.208,6.813837666900384,0.5013563717080419,51
5,0.209,6.818753188666985,0.5019965586600756,51
5,0.21,6.823672150916309,0.5026384060812839,51
5,0.211,6.828594631148729,0.5032831656800291,51
5,0.212,6.83352024557538,0.5039279793649889,51
5,0.213,6.838414080190527,0.5045752521042804,51
5,0.214,6.843362281904963,0.505223831170399,51
5,0.215,6.848294957047436,0.5058719499628449,51
5,0.216,6.853228754622701,0.5065208805467398,51
5,0.217,6.858163288575675,0.5071704812707403,51
5,0.218,6.863098172326544,0.5078206107058832,51
5,0.219,6.868033018818882,0.5084711276882609,51
5,0.22,6.872950866833462,0.5091218637156191,51
5,0.221,6.87786881261498,0.5097706147219292,51
5,0.222,6.882803031099502,0.5104214570644277,51
5,0.223,6.887735639619419,0.5110721252557503,51
5,0.224,6.892632181528483,0.5117245853222083,51
5,0.225,6.897561305619328,0.5123744242663192,51
5,0.226,6.902471060187967,0.5130250006519647,51
5,0.227,6.907395576234115,0.5136736135422632,51
5,0.228,6.912316510906198,0.5143213636324186,51
5,0.229,6.917233938085325,0.5149693904932419,51
5,0.23,6.922147471204389,0.5156149839442661,51
5,0.231,6.9270737585381825,0.5162572845364173,51
5,0.232,6.931960861462691,0.5168981139797815,51
5,0.233,6.936877442422036,0.5175439767419706,51
5,0.234,6.941754529272763,0.5181847574650577,51
5,0.235,6.9466607857948555,0.518820214032394,51
5,0.236,6.951543354530977,0.5194562054563,51
5,0.237,6.95643638247102,0.520087642552977,51
5,0.238,6.961305430016841,0.5207163840144002,51
5,0.239,6.966202140886894,0.521342360940862,51
5,0.24,6.971074133018113,0.5219677673743889,51
5,0.241,6.975955568530644,0.5225939567135396,51
5,0.242,6.980794528211409,0.5232152850909967,51
5,0.243,6.985624704247959,0.523833846213054,51
5,0.244,6.9904452601593325,0.5244494614099354,51
5,0.245,6.995255821060736,0.5250620092543353,51
5,0.246,7.000056012962569,0.5256713694882414,51
5,0.247,7.004828428334906,0.5262770259600144,51
5,0.248,7.009607213463028,0.5268796841136081,51
5,0.249,7.014374502373588,0.5274787997757251,51
5,0.25,7.019147420668382,0.5280714740489331,51
5,0.251,7.023874508058684,0.5286631680999471,51
5,0.252,7.028606950607059,0.5292509628289893,51
5,0.253,7.033326888101904,0.5298262518760802,51
5,0.254,7.038033957138323,0.5304060302708912,51
5,0.255,7.042710300689559,0.5309858181865319,51
5,0.256,7.047390076700558,0.5315569296416548,51
5,0.257,7.0520558920135175,0.5321218134583768,51
5,0.258,7.056690355235412,0.5326824086302376,51
5,0.259,7.061344664092552,0.5332444064313137,51
5,0.26,7.065949417564574,0.5337979731108611,51
5,0.261,7.070573312393794,0.5343446499951436,51
5,0.262,7.0751814811634315,0.5348883625904785,51
5,0.263,7.079756092959997,0.5354262402974083,51
5,0.264,7.08428022878292,0.5359599673967962,51
5,0.265,7.088822582146694,0.536487610516654,51
5,0.266,7.093364856606771,0.5370081444387319,51
5,0.267,7.09787265634279,0.5375268094446967,51
5,0.268,7.10234564537494,0.5380388243841595,51
5,0.269,7.106818008365556,0.5385480940076204,51
5,0.27,7.11127191902974,0.5390480810936276,51
5,0.271,7.115724083213653,0.5395440506923247,51
5,0.272,7.120157151638787,0.540034767518126,51
5,0.273,7.1245022133185145,0.5405187717255916,51
5,0.274,7.128879536339106,0.5409952719049741,51
5,0.275,7.1332538119543765,0.5414679844456612,51
5,0.276,7.1376077014451225,0.541935190631056,51
5,0.277,7.14192340802926,0.5423933494473422,51
5,0.278,7.146217655729678,0.5428452030856137,51
5,0.279,7.150490136603566,0.5432906792436929,51
5,0.28,7.154740545275352,0.5437297072327161,51
5,0.281,7.158986074221859,0.5441585533459038,51
5,0.282,7.16319190527459,0.544584392167714,51
5,0.283,7.16737477578948,0.5450035786494902,51
5,0.284,7.171534391386933,0.5454160485523204,51
5,0.285,7.175687955722344,0.5458223884352487,51
5,0.286,7.179818157226404,0.5462260026881192,51
5,0.287,7.183907226730398,0.5466181173982029,51
5,0.288,7.187937847355402,0.5470020529963608,51
5,0.289,7.191961741858095,0.5473780440097302,51
5,0.29,7.195978162212731,0.5477492060314728,51
5,0.291,7.199969340612056,0.5481132509329693,51
5,0.292,7.20393500757077,0.5484701275848496,51
5,0.293,7.207892391965441,0.5488228639451551,51
5,0.294,7.211789678044118,0.5491651806655196,51
5,0.295,7.215695654134272,0.5494995365984044,51
5,0.296,7.2195410162221085,0.549828502014887,51
5,0.297,7.223325960988068,0.5501539466146311,51
5,0.298,7.227136299087163,0.5504667182722632,51
5,0.299,7.230885230865636,0.5507667956590641,51
5,0.3,7.234641551393506,0.5510647161544802,51
5,0.301,7.2383700325306055,0.5513550830079149,51
5,0.302,7.242070440047219,0.5516378611090427,51
5,0.303,7.245725508692141,0.5519171474845574,51
5,0.304,7.249352495043699,0.5521835998987366,51
5,0.305,7.25296819872206,0.5524433518576084,51
5,0.306,7.256554904839531,0.5526953915082179,51
5,0.307,7.260095362848567,0.5529350563022445,51
5,0.308,7.263606844150505,0.55317185822228,51
5,0.309,7.26714115378495,0.5533985306746614,51
5,0.31,7.270629051032136,0.5536203983781378,51
5,0.311,7.2740698864535025,0.5538335539843686,51
5,0.312,7.2774804981983925,0.5540388533782898,51
5,0.313,7.280878188942744,0.5542350709986589,51
5,0.314,7.284228712614195,0.5544217515337454,51
5,0.315,7.2875664145457995,0.5546035199402902,51
5,0.316,7.290856135656033,0.5547773238719305,51
5,0.317,7.294114734325821,0.5549431934078944,51
5,0.318,7.297359533607005,0.5551037755776042,51
5,0.319,7.30055630794414,0.5552527822488313,51
5,0.32,7.30372192808507,0.5553949148375721,51
5,0.321,7.306855773800171,0.5555290808457604,51
5,0.322,7.309975184870507,0.5556541232291486,51
5,0.323,7.313045491814368,0.5557723203658548,51
5,0.324,7.316101077273468,0.5558782291041324,51
5,0.325,7.319107280186685,0.5559803521241631,51
5,0.326,7.322080996422101,0.5560744953890481,51
5,0.327,7.325022552244555,0.5561660368673219,51
5,0.328,7.3279318175822965,0.5562442380590452,51
5,0.329,7.330791171557262,0.5563153046992991,51
5,0.33,7.333635011044376,0.5563775565506617,51
5,0.331,7.336445723809564,0.5564318577709545,51
5,0.332,7.339240692307349,0.5564742972950301,51
5,0.333,7.342002785152614,0.5565107686935923,51
5,0.334,7.344714414716856,0.5565411124497901,51
5,0.335,7.347392515962297,0.5565635445888564,51
5,0.336,7.350019959149964,0.5565818777884266,51
5,0.337,7.352631171642123,0.5565884331180991,51
5,0.338,7.355191537300362,0.5565851846821686,51
5,0.339,7.357735492341935,0.5565760863872978,51
5,0.34,7.360245463983602,0.5565591594571992,51
5,0.341,7.3627393349848465,0.556531630348286,51
5,0.342,7.3651654841470275,0.5565033648068275,51
5,0.343,7.367592434989067,0.5564670205222402,51
5,0.344,7.369951080532944,0.5564193122218437,51
5,0.345,7.372292919015249,0.5563636031757965,51
5,0.346,7.374600405222536,0.5563002089049537,51
5,0.347,7.376908484004328,0.5562344191368842,51
5,0.348,7.379148077950887,0.5561558502563242,51
5,0.349,7.381336185158638,0.5560701952644832,51
5,0.35,7.383490257440296,0.5559789134858085,51
5,0.351,7.385627290478373,0.5558775697405116,51
5,0.352,7.387729766242252,0.5557687251917801,51
5,0.353,7.389815161529695,0.5556514877654236,51
5,0.354,7.391866439422307,0.555529624632062,51
5,0.355,7.393866106865435,0.555398504224791,51
5,0.356,7.395831193485903,0.5552600255143706,51
5,0.357,7.397761698770817,0.5551142266844371,51
5,0.358,7.399657626549527,0.5549611469437786,51
5,0.359,7.401501950500476,0.5547962802789522,51
5,0.36,7.4033292014483365,0.5546288841813636,51
5,0.361,7.405121901231078,0.5544543277415382,51
5,0.362,7.406880071234082,0.5542726542220349,51
5,0.363,7.408587163406541,0.5540935558159538,51
5,0.364,7.4102952215565265,0.5539008187532338,51
5,0.365,7.4119518066722305,0.5536981710162966,51
5,0.366,7.41355741908244,0.5534832753577089,51
5,0.367,7.4151295867260005,0.5532700043136998,51
5,0.368,7.4166849208047125,0.5530467544064084,51
5,0.369,7.4182409699052165,0.5528199114016712,51
5,0.37,7.419711720962332,0.5525871260513697,51
5,0.371,7.421166284311289,0.5523404149422255,51
5,0.372,7.4226047269397935,0.5520927209351231,51
5,0.373,7.4239921414457655,0.5518360662255124,51
5,0.374,7.425363133383969,0.551571530073979,51
5,0.375,7.4266832646487275,0.5513018632383698,51
5,0.376,7.427987149307387,0.5510259514696081,51
5,0.377,7.429257852973985,0.5507459713878234,51
5,0.378,7.430460950371627,0.5504595793447883,51
5,0.379,7.4316310569496435,0.5501623248969137,51
5,0.38,7.432785297223792,0.5498613224056463,51
5,0.381,7.43390628165836,0.5495542105193396,51
5,0.382,7.43497708545872,0.5492386849599827,51
5,0.383,7.436015306124509,0.5489220319078006,51
5,0.384,7.4370380846037545,0.5485969602859218,51
5,0.385,7.437993978710639,0.5482590306518644,51
5,0.386,7.438952151010316,0.5479224975293426,51
5,0.387,7.439877741301857,0.5475802247520232,51
5,0.388,7.440770883676115,0.547232277505161,51
5,0.389,7.441631716007964,0.5468787216589175,51
5,0.39,7.4424953704070465,0.5465124519531289,51
5,0.391,7.4433279465825395,0.5461503471537645,51
5,0.392,7.444112122218018,0.5457821117611539,51
5,0.393,7.444865558033009,0.5453990052323373,51
5,0.394,7.445570928461907,0.5450183640368276,51
5,0.395,7.446262464657413,0.5446332366472149,51
5,0.396,7.446871745362905,0.5442473640523598,51
5,0.397,7.4474679768599685,0.5438535693030943,51
5,0.398,7.448033826197094,0.5434562903911434,51
5,0.399,7.44858649390661,0.54305006816139,51
5,0.4,7.449108665907634,0.5426390042415823,51
5,0.401,7.449635978005789,0.542217231633575,51
5,0.402,7.4501170775333465,0.5417974773897616,51
5,0.403,7.4505512470206385,0.5413723585701996,51
5,0.404,7.450956177667623,0.5409406172241842,51
5,0.405,7.451315034498234,0.5405035442018008,51
5,0.406,7.451662078113514,0.5400649692049736,51
5,0.407,7.451962985279285,0.5396214191518974,51
5,0.408,7.452252483981031,0.5391742852855292,51
5,0.409,7.452496257532058,0.5387223585439891,51
5,0.41,7.452729040379933,0.5382669801573822,51
5,0.411,7.452951051940495,0.5378048175585332,51
5,0.412,7.453145491796402,0.5373422378888346,51
5,0.413,7.453295562750864,0.5368711223647982,51
5,0.414,7.4533844593937735,0.5363967835224123,51
5,0.415,7.453480989850202,0.5359221819007088,51
5,0.416,7.453550399212588,0.5354439578144746,51
5,0.417,7.453610421069646,0.5349614193889608,51
5,0.418,7.453626778440164,0.5344761712450997,51
5,0.419,7.453617210606488,0.5339860461001082,51
5,0.42,7.453599459766835,0.5334968535935094,51
5,0.421,7.45355675292699,0.533008232003698,51
5,0.422,7.453471859437329,0.532510248860953,51
5,0.423,7.4533616090154595,0.5320092224281475,51
5,0.424,7.453226260121685,0.5315052360906397,51
5,0.425,7.453066073646764,0.5309983735579706,51
5,0.426,7.452881312864773,0.5304887188537719,51
5,0.427,7.452689738625328,0.5299749580924266,51
5,0.428,7.452440066275834,0.5294612952492761,51
5,0.429,7.452184119042395,0.528943694451158,51
5,0.43,7.451904674551844,0.5284236390496527,51
5,0.431,7.451584973325313,0.5278971852479103,51
5,0.432,7.451242776305907,0.5273704779248787,51
5,0.433,7.450912881227518,0.5268429484032316,51
5,0.434,7.450561051679374,0.5263153295527045,51
5,0.435,7.450170087941222,0.5257844410035477,51
5,0.436,7.449757310514258,0.5252516094802275,51
5,0.437,7.449323007253444,0.5247169217959943,51
5,0.438,7.44888496304334,0.5241812177095515,51
5,0.439,7.44840941195675,0.5236383015659615,51
5,0.44,7.447896647602589,0.5231007600037989,51
5,0.441,7.4473814838267325,0.5225639291031038,51
5,0.442,7.446846723021959,0.5220212400654564,51
5,0.443,7.446309699105624,0.5214732179731617,51
5,0.444,7.44573619492362,0.5209278485006141,51
5,0.445,7.445161042810354,0.5203844027288003,51
5,0.446,7.444532994202389,0.5198412560153494,51
5,0.447,7.443921402741911,0.5192923257888216,51
5,0.448,7.443274562251946,0.5187428180532102,51
5,0.449,7.442609815838391,0.5181925095544992,51
5,0.45,7.441927473293046,0.5176414885365347,51
5,0.451,7.441227845527465,0.5170898432916059,51
5,0.452,7.440563730238903,0.5165308098755473,51
5,0.453,7.43981485174173,0.5159757334688203,51
5,0.454,7.439067146593637,0.5154226254834607,51
5,0.455,7.438303435504739,0.5148692385092056,51
5,0.456,7.43752403528797,0.5143156608722528,51
5,0.457,7.436729263565534,0.5137619808766187,51
5,0.458,7.435919438715072,0.51320828679301,51
5,0.459,7.435112375055543,0.5126552819714735,51
5,0.46,7.43427387425061,0.5121018578172167,51
5,0.461,7.4333872224056075,0.5115518003307625,51
5,0.462,7.43252177731754,0.5109988964733245,51
5,0.463,7.431660365897515,0.5104503034450443,51
5,0.464,7.430752218924982,0.509897993590336,51
5,0.465,7.429849212704921,0.5093468979787144,51
5,0.466,7.4289337155848605,0.5087964988633233,51
5,0.467,7.428006052169635,0.5082468838867263,51
5,0.468,7.427066547275352,0.5076981405506726,51
5,0.469,7.426133021115662,0.5071463860255049,51
5,0.47,7.425171280705634,0.5065995461530337,51
5,0.471,7.424216181173396,0.5060565746877485,51
5,0.472,7.423233529860177,0.5055121624502842,51
5,0.473,7.422258182119278,0.5049677980023902,51
5,0.474,7.4212564061690145,0.5044273467711567,51
5,0.475,7.420263057653357,0.503887760333235,51
5,0.476,7.419260978982366,0.5033470791562888,51
5,0.477,7.418233473340756,0.502801953133981,51
5,0.478,7.417197901465592,0.5022665383061043,51
5,0.479,7.416154128777399,0.5017329375460508,51
5,0.48,7.415102941806769,0.5012057430071617,51
5,0.481,7.4140446661514705,0.5006760806238827,51
5,0.482,7.4129791664250595,0.5001484879361733,51
5,0.483,7.411889732957195,0.4996219962367513,51
5,0.484,7.410828703533835,0.4990974436873634,51
5,0.485,7.409727354191497,0.49857856174456855,51
5,0.486,7.408655056378514,0.49806245674353194,51
5,0.487,7.407560119693174,0.4975464554925351,51
5,0.488,7.406426292767281,0.497037050895859,51
5,0.489,7.405322934042196,0.49652640463074094,51
5,0.49,7.404215374708958,0.49601816910840657,51
5,0.491,7.403121430984567,0.49550986159549537,51
5,0.492,7.402006905041364,0.4950028479025962,51
5,0.493,7.400889611836967,0.4945022859294242,51
5,0.494,7.399804400251018,0.494005532676641,51
5,0.495,7.398699586918362,0.49351186039153283,51
5,0.496,7.397558005889086,0.4930197288728387,51
5,0.497,7.396449021890671,0.49252899611938916,51
5,0.498,7.395320937284532,0.4920457437736923,51
5,0.499,7.394191101175586,0.4915659276544141,51
5,0.5,7.393059826823337,0.4910896248294329,51
5,0.501,7.391927426084238,0.4906169118564237,51
5,0.502,7.390794209367244,0.490147864772703,51
5,0.503,7.389677980829496,0.48968700263667253,51
5,0.504,7.388562025029735,0.4892291979569765,51
5,0.505,7.387412129980428,0.48877263455715036,51
5,0.506,7.386280153230088,0.4883192072680829,51
5,0.507,7.385148902878633,0.4878698243513395,51
5,0.508,7.384036175804868,0.4874274975435619,51
5,0.509,7.382890719355226,0.48699020034264134,51
5,0.51,7.381764384731787,0.4865533586367526,51
5,0.511,7.380639973522189,0.4861208531796316,51
5,0.512,7.379517780689026,0.48569275433758113,51
5,0.513,7.378398099290078,0.48526913185276155,51
5,0.514,7.377264185951616,0.4848532496403266,51
5,0.515,7.3761688041257605,0.48444006609379325,51
5,0.516,7.375095218624961,0.4840322870533967,51
5,0.517,7.373991253166578,0.4836271800086706,51
5,0.518,7.372891261280779,0.48322689201513,51
5,0.519,7.371795525400084,0.4828314888724207,51
5,0.52,7.370704325797205,0.48244103569347496,51
5,0.521,7.369601366814615,0.4820497334467967,51
5,0.522,7.368504408407297,0.48167001402786114,51
5,0.523,7.367430287286565,0.48129477691413414,51
5,0.524,7.3663792757815205,0.48092761545958307,51
5,0.525,7.365300091325651,0.4805647368462578,51
5,0.526,7.364244554613045,0.48020530162886904,51
5,0.527,7.363195436136393,0.47985125170858445,51
5,0.528,7.362153459937242,0.47950499007274616,51
5,0.529,7.361118887095879,0.47916183572697035,51
5,0.53,7.360057446725929,0.4788187306212301,51
5,0.531,7.359038892543115,0.47849249908367,51
5,0.532,7.358063479073117,0.4781629931731897,51
5,0.533,7.357044927135152,0.4778433165033861,51
5,0.534,7.356052074126909,0.477528609936807,51
5,0.535,7.35508516775041,0.4772228657414275,51
5,0.536,7.354109934958889,0.4769199788212709,51
5,0.537,7.353126618328247,0.4766203601195229,51
5,0.538,7.352169976030745,0.47632948266314806,51
5,0.539,7.351205715683986,0.47604427616202005,51
5,0.54,7.35028608541216,0.47576464183576084,51
5,0.541,7.349359303913704,0.47549203787493055,51
5,0.542,7.348442635105156,0.47522562439361593,51
5,0.543,7.347553800793643,0.47497010907200515,51
5,0.544,7.346676001838259,0.47471838465403055,51
5,0.545,7.345791975710325,0.4744710073865215,51
5,0.546,7.344918975292846,0.4742300082488704,51
5,0.547,7.3440572160424065,0.4739954308812091,51
5,0.548,7.343189875968479,0.4737708619904021,51
5,0.549,7.342369178157083,0.4735473939684619,51
5,0.55,7.34154331608331,0.4733321859252153,51
5,0.551,7.340712493773087,0.4731266147733711,51
5,0.552,7.3398943960578125,0.47292428533017916,51
5,0.553,7.339106244222429,0.4727288820282087,51
5,0.554,7.33833073840556,0.47254018275775506,51
5,0.555,7.337585566125476,0.4723576225797747,51
5,0.556,7.336836398481573,0.47218244632288076,51
5,0.557,7.336100917016765,0.4720173669882471,51
5,0.558,7.335379305159913,0.47185588049566823,51
5,0.559,7.334688777938437,0.47170522188805974,51
5,0.56,7.333977960173431,0.4715584019865206,51
5,0.561,7.333281544656002,0.4714192625252681,51
5,0.562,7.332616726009476,0.4712855103993478,51
5,0.563,7.331966177581989,0.4711587591936171,51
5,0.564,7.33133006473794,0.47103903610731557,51
5,0.565,7.33072604484719,0.47092591682616597,51
5,0.566,7.33013725397197,0.47082601569040283,51
5,0.567,7.329529329952658,0.47072801966587546,51
5,0.568,7.328953978523951,0.4706368149059767,51
5,0.569,7.328393854364199,0.47055276607825297,51
5,0.57,7.327849104117223,0.47047589427378594,51
5,0.571,7.327319871145075,0.4704062195263695,51
5,0.572,7.326806295521127,0.47034376080571166,51
5,0.573,7.326291479536519,0.4702893287626103,51
5,0.574,7.325810535750958,0.47024214432934586,51
5,0.575,7.3253810901031375,0.4701947208247554,51
5,0.576,7.324933773363425,0.47016129380170774,51
5,0.577,7.324502779379177,0.4701351574976835,51
5,0.578,7.324088229710597,0.4701163243470522,51
5,0.579,7.323690242602111,0.4701048056720783,51
5,0.58,7.3233439234595705,0.4701045198220479,51
5,0.581,7.322980347763105,0.47010776171216206,51
5,0.582,7.322633693316318,0.4701183476861695,51
5,0.583,7.32232156087729,0.470141086539643,51
5,0.584,7.322009534589976,0.4701665131346482,51
5,0.585,7.321714748109728,0.47019930430864065,51
5,0.586,7.3214372973000605,0.4702394635413877,51
5,0.587,7.321177274721045,0.4702869931507485,51
5,0.588,7.320900700656769,0.4703452834003378,51
5,0.589,7.3206766977255855,0.4704074537418612,51
5,0.59,7.3204878538721525,0.47047894072921337,51
5,0.591,7.320299730913361,0.4705558896926062,51
5,0.592,7.320146935427624,0.47064303464186125,51
5,0.593,7.319977988425425,0.4707346746437603,51
5,0.594,7.319844513270574,0.4708337936291978,51
5,0.595,7.319746577496101,0.47094008046967833,51
5,0.596,7.3196672225370545,0.47105187993464326,51
5,0.597,7.319589026079698,0.47117296947644416,51
5,0.598,7.319529541642301,0.4713069358212996,51
5,0.599,7.319488824527022,0.47144266323817896,51
5,0.6,7.319466466314923,0.47158568824178915,51
5,0.601,7.319462516112953,0.47173599618423595,51
5,0.602,7.319442950835817,0.47189674846452456,51
5,0.603,7.319476849823243,0.4720614705213779,51
5,0.604,7.319512228112046,0.47222870136453243,51
5,0.605,7.319601136075406,0.47240545473451007,51
5,0.606,7.319709089525852,0.47259113977282313,51
5,0.607,7.319818635851688,0.4727847413112542,51
5,0.608,7.319947298362741,0.4729866129596116,51
5,0.609,7.3200951022469525,0.4731943895580999,51
5,0.61,7.3202791043098845,0.4734108469070049,51
5,0.611,7.320464805683699,0.4736328094823914,51
5,0.612,7.32066925721318,0.47386181097303803,51
5,0.613,7.320892472165553,0.4740978214687015,51
5,0.614,7.321117426244659,0.4743414705586689,51
5,0.615,7.3213961401493455,0.47458799123246126,51
5,0.616,7.3216941001603235,0.4748427387441314,51
5,0.617,7.3219938242808045,0.47510632483923926,51
5,0.618,7.322278276859454,0.47537801483682507,51
5,0.619,7.3226339856375455,0.4756552280652818,51
5,0.62,7.32299143545955,0.47593919360405634,51
5,0.621,7.323385607493173,0.47622692868126504,51
5,0.622,7.323799466921744,0.47652268026019384,51
5,0.623,7.324232550271704,0.4768245891769109,51
5,0.624,7.324650322461063,0.47713693581446764,51
5,0.625,7.3251218119177075,0.4774539709688995,51
5,0.626,7.325612478353614,0.4777790343142739,51
5,0.627,7.326104813396797,0.4781090922153484,51
5,0.628,7.326615824192656,0.4784455503364149,51
5,0.629,7.327162975847149,0.4787913662467201,51
5,0.63,7.3277117173918285,0.47914055807964895,51
5,0.631,7.328279047929924,0.4794959961921547,51
5,0.632,7.328865390106123,0.4798667692383701,51
5,0.633,7.329453668889356,0.48023504973435316,51
5,0.634,7.33007789889854,0.4806091025976504,51
5,0.635,7.330773486010103,0.480991934617091,51
5,0.636,7.33140275932963,0.4813791637374465,51
5,0.637,7.332068314471612,0.48176973365321213,51
5,0.638,7.3327525934757505,0.48217176968959746,51
5,0.639,7.333455531316326,0.4825721855516878,51
5,0.64,7.334194095168038,0.4829813710849859,51
5,0.641,7.334950731607935,0.483396208347666,51
5,0.642,7.335708345455705,0.4838186758378074,51
5,0.643,7.336501391862708,0.4842445504556154,51
5,0.644,7.33731231021174,0.4846758738141507,51
5,0.645,7.338158527924712,0.4851113877038371,51
5,0.646,7.339022951945454,0.48555079811968416,51
5,0.647,7.339870991860858,0.48599967472769545,51
5,0.648,7.340754126052004,0.4864519333996444,51
5,0.649,7.341654782778125,0.48690927391735467,51
5,0.65,7.34260787371226,0.4873761705832633,51
5,0.651,7.343561776882469,0.48784336593390815,51
5,0.652,7.344515960406402,0.48831562008448365,51
5,0.653,7.345504869275241,0.4887966732534816,51
5,0.654,7.346493898508425,0.489278496897282,51
5,0.655,7.347499993793281,0.48976493175835895,51
5,0.656,7.348540559448207,0.49025344093841755,51
5,0.657,7.349563949907534,0.4907511700837153,51
5,0.658,7.3506391184182505,0.4912490577147485,51
5,0.659,7.351731450335717,0.49175211195369417,51
5,0.66,7.352840859003854,0.49225771814570507,51
5,0.661,7.353967256061923,0.4927665822500261,51
5,0.662,7.35509305623861,0.49328257870313175,51
5,0.663,7.356235190688874,0.49380248694912016,51
5,0.664,7.357393554205635,0.49432621563382334,51
5,0.665,7.358551005248388,0.49485363778865776,51
5,0.666,7.359741953275894,0.4953847266167796,51
5,0.667,7.360931758162517,0.4959189230245023,51
5,0.668,7.362137791586536,0.4964601160783147,51
5,0.669,7.363377423750652,0.49700256281653316,51
5,0.67,7.364616010102613,0.4975502747942742,51
5,0.671,7.365870457484041,0.4980978941317888,51
5,0.672,7.367157671337267,0.49864851428276274,51
5,0.673,7.368477532639195,0.4992060752398554,51
5,0.674,7.369778368203772,0.49976367794793863,51
5,0.675,7.371112069653575,0.5003273989464578,51
5,0.676,7.372478514021266,0.5008881840847523,51
5,0.677,7.373895083985777,0.5014552332980597,51
5,0.678,7.375275134398245,0.5020222412105765,51
5,0.679,7.376669642630996,0.502591607387051,51
5,0.68,7.378078481182575,0.503163227938987,51
5,0.681,7.379484486681929,0.5037334817394148,51
5,0.682,7.380922047222276,0.5043093915347754,51
5,0.683,7.382373997018336,0.5048811577268442,51
5,0.684,7.3838402037401325,0.5054609371517904,51
5,0.685,7.385320073302996,0.5060424375439115,51
5,0.686,7.38681347113594,0.5066255519708691,51
5,0.687,7.388320261458707,0.5072101730588919,51
5,0.688,7.389840307311353,0.507796193018784,51
5,0.689,7.391373470583744,0.5083835036721779,51
5,0.69,7.392902577557776,0.508971145351445,51
5,0.691,7.394444971753502,0.5095621531832741,51
5,0.692,7.396017535137047,0.5101526577632092,51
5,0.693,7.397602630567064,0.5107440179691118,51
5,0.694,7.399183080639415,0.5113395658616259,51
5,0.695,7.400810755020057,0.5119313648021151,51
5,0.696,7.402450991045738,0.5125235693793725,51
5,0.697,7.4040866206306255,0.5131196878292744,51
5,0.698,7.405717498150636,0.5137152923675766,51
5,0.699,7.407395490951648,0.5143088632226852,51
5,0.7,7.409103429676952,0.5149058132335346,51
5,0.701,7.4107887051258095,0.5154996389853869,51
5,0.702,7.412502734467179,0.5160900336086404,51
5,0.703,7.414210851852063,0.5166833910475026,51
5,0.704,7.415929943541427,0.5172763901066956,51
5,0.705,7.417642826143274,0.5178668403734143,51
5,0.706,7.419383868431815,0.5184588406035836,51
5,0.707,7.421152920489866,0.5190539723694241,51
5,0.708,7.42295030421614,0.5196410241444657,51
5,0.709,7.424723867152981,0.5202306319306942,51
5,0.71,7.426525022700082,0.5208174907147161,51
5,0.711,7.4283191014782535,0.5214048898803901,51
5,0.712,7.430140481695841,0.5219899274035086,51
5,0.713,7.431954493328985,0.5225747151069653,51
5,0.714,7.433795514000508,0.5231568451563446,51
5,0.715,7.435628873159768,0.523738587265037,51
5,0.716,7.437471452721323,0.5243186495366835,51
5,0.717,7.439323560539632,0.5249027712295259,51
5,0.718,7.441185043683397,0.5254792012689842,51
5,0.719,7.4430552884611645,0.5260536314942121,51
5,0.72,7.444951636925155,0.5266237438376186,51
5,0.721,7.446856912840942,0.5271937935547736,51
5,0.722,7.448753479295012,0.5277615086557795,51
5,0.723,7.450658217540728,0.528326798228533,51
5,0.724,7.45255393971878,0.5288848859105785,51
5,0.725,7.454492505912325,0.5294442395784326,51
5,0.726,7.4564217495030345,0.5300017282401891,51
5,0.727,7.458358551862676,0.5305563739436638,51
5,0.728,7.460337750312353,0.5311058059970399,51
5,0.729,7.462290155547544,0.531654384206843,51
5,0.73,7.464249683911559,0.5321998140892746,51
5,0.731,7.466216182810163,0.5327419960636518,51
5,0.732,7.468189499708222,0.5332808313519816,51
5,0.733,7.470152447664588,0.5338078838571799,51
5,0.734,7.4721223581706795,0.53434072105876,51
5,0.735,7.474116563103325,0.5348678801170473,51
5,0.736,7.476117415924683,0.5353924708137809,51
5,0.737,7.478124305005993,0.535913230710762,51
5,0.738,7.480120045159941,0.5364331946173829,51
5,0.739,7.482139004212359,0.5369459280176774,51
5,0.74,7.4841810321368145,0.5374556393217025,51
5,0.741,7.48619442658722,0.5379618676839978,51
5,0.742,7.48823059110672,0.5384619892470716,51
5,0.743,7.490271881717555,0.538957737515221,51
5,0.744,7.4923181499696305,0.5394490252107296,51
5,0.745,7.494369247719155,0.5399357661671688,51
5,0.746,7.496425027146709,0.5404178753507034,51
5,0.747,7.498502836014744,0.540896538556739,51
5,0.748,7.5005855043820775,0.5413653032985938,51
5,0.749,7.502655402203532,0.5418329518395215,51
5,0.75,7.5047294181678295,0.5422956385162824,51
5,0.751,7.506807406897062,0.5427532842215195,51
5,0.752,7.508872188962616,0.5432095979774954,51
5,0.753,7.510975633444569,0.5436561046132502,51
5,0.754,7.513065583279006,0.5440980598671273,51
5,0.755,7.51517642518061,0.5445343074269374,51
5,0.756,7.517273498570779,0.5449655151863969,51
5,0.757,7.519374156956889,0.5453946470386969,51
5,0.758,7.521478259403544,0.5458147964214847,51
5,0.759,7.523568170546111,0.5462291582156141,51
5,0.76,7.525678269146573,0.5466380032693928,51
5,0.761,7.527790921228461,0.5470410942820398,51
5,0.762,7.529888954144854,0.5474360555987673,51
5,0.763,7.531989714167554,0.5478271860528557,51
5,0.764,7.534110087677593,0.5482126756792212,51
5,0.765,7.536232443594012,0.5485921621977397,51
5,0.766,7.538339612200571,0.5489649383752805,51
5,0.767,7.540465977220615,0.5493322547807188,51
5,0.768,7.542576875214947,0.5496929555970709,51
5,0.769,7.544706691438357,0.5500478567410928,51
5,0.77,7.546890284203514,0.5503920401447159,51
5,0.771,7.549023967804907,0.5507341952825971,51
5,0.772,7.551141681176587,0.551067381983267,51
5,0.773,7.553277813292723,0.5513967954377846,51
5,0.774,7.555415201264684,0.5517227536248541,51
5,0.775,7.557536683165791,0.5520415694585051,51
5,0.776,7.5596761901030884,0.5523514055188644,51
5,0.777,7.561816101337949,0.5526546346779133,51
5,0.778,7.563939257595782,0.5529525690798104,51
5,0.779,7.566080053136737,0.5532424400682163,51
5,0.78,7.568220869636562,0.5535255888915424,51
5,0.781,7.570361584734954,0.5538019802724925,51
5,0.782,7.572502076801079,0.5540715805502431,51
5,0.783,7.57464222493847,0.5543343576852132,51
5,0.784,7.576782369742202,0.5545886250057249,51
5,0.785,7.578922392064355,0.554837597492674,51
5,0.786,7.581044678530645,0.5550771228910407,51
5,0.787,7.58320112532627,0.5553154806991953,51
5,0.788,7.585340063531108,0.5555431850155937,51
5,0.789,7.587478412551767,0.5557644724291683,51
5,0.79,7.589598563093113,0.555980300090109,51
5,0.791,7.591734920190201,0.556187512940394,51
5,0.792,7.593887371571978,0.5563882736615223,51
5,0.793,7.596021287662762,0.5565814053568423,51
5,0.794,7.5981365579816815,0.5567699099648704,51
5,0.795,7.6002505566563014,0.5569487685225653,51
5,0.796,7.602380198088944,0.557120601528821,51
5,0.797,7.604507879374156,0.5572853369360026,51
5,0.798,7.606633493601271,0.5574429672381153,51
5,0.799,7.6087399001268565,0.5575939050775257,51
5,0.8,7.610879007117524,0.5577368265741823,51
5,0.801,7.612998696880714,0.5578731062364192,51
5,0.802,7.615116361283601,0.5580026800627573,51
5,0.803,7.6172318979687095,0.5581247723593503,51
5,0.804,7.619344744838793,0.5582397485246154,51
5,0.805,7.621454801292903,0.5583476125128719,51
5,0.806,7.623579923463284,0.5584474612185651,51
5,0.807,7.6256854944309245,0.5585412451512152,51
5,0.808,7.6277539213730545,0.558629856862674,51
5,0.809,7.62985414410206,0.5587094201734945,51
5,0.81,7.631951076545452,0.5587819143940495,51
5,0.811,7.634044623826877,0.558847353067803,51
5,0.812,7.636187177501356,0.558912334024967,51
5,0.813,7.638275550675221,0.558960743022733,51
5,0.814,7.640344181403759,0.5590017470563624,51
5,0.815,7.6424445320791925,0.5590420661872134,51
5,0.816,7.6445419954500125,0.5590657016007563,51
5,0.817,7.6466189999881635,0.559089185463827,51
5,0.818,7.6486920327122805,0.5591057481641338,51
5,0.819,7.650761007603685,0.5591154155256415,51
5,0.82,7.6527917703605715,0.5591179746490097,51
5,0.821,7.6548537337524065,0.5591133168743498,51
5,0.822,7.656911824124301,0.5591023778846238,51
5,0.823,7.658982993715406,0.559083270098421,51
5,0.824,7.661050138108256,0.5590561211481025,51
5,0.825,7.663078658564562,0.5590242515693477,51
5,0.826,7.665102993656082,0.5589833807017309,51
5,0.827,7.667140087619073,0.5589388515429997,51
5,0.828,7.669172367251157,0.5588877185140535,51
5,0.829,7.671182720719155,0.5588310457796993,51
5,0.83,7.673223084855016,0.5587679218861441,51
5,0.831,7.675224335992499,0.558698956068853,51
5,0.832,7.677255447170409,0.5586239903989386,51
5,0.833,7.679264791664955,0.5585451799581262,51
5,0.834,7.681269330897404,0.5584555455871502,51
5,0.835,7.683268531881393,0.5583596223051344,51
5,0.836,7.685262322939666,0.5582574596118677,51
5,0.837,7.687250632942166,0.5581491082770982,51
5,0.838,7.689233391296607,0.5580346203256478,51
5,0.839,7.691210988691472,0.5579167844498992,51
5,0.84,7.693200851087362,0.5577901512659591,51
5,0.841,7.695167931164415,0.5576577789891739,51
5,0.842,7.697129195676107,0.5575194942476287,51
5,0.843,7.699084577382377,0.5573753552430565,51
5,0.844,7.701051504766209,0.5572243728981872,51
5,0.845,7.7029953934804665,0.5570686592656693,51
5,0.846,7.704933212462484,0.5569072712520535,51
5,0.847,7.706864896619231,0.5567402715725122,51
5,0.848,7.708790381303493,0.5565677240413982,51
5,0.849,7.710692567815605,0.5563906010916432,51
5,0.85,7.712605910696197,0.5562071185062127,51
5,0.851,7.7144958171024145,0.556016009439539,51
5,0.852,7.716396742643086,0.5558219622273756,51
5,0.853,7.718291130002085,0.555622701608832,51
5,0.854,7.720178917469306,0.5554182976429941,51
5,0.855,7.722060043689081,0.5552088213696794,51
5,0.856,7.723934447648302,0.5549943447920818,51
5,0.857,7.725802068664414,0.554774940859336,51
5,0.858,7.727662846373304,0.5545506834490062,51
5,0.859,7.729516720717084,0.5543216473495027,51
5,0.86,7.73136363193177,0.5540879082424366,51
5,0.861,7.7332035205348895,0.5538495426849107,51
5,0.862,7.735036327312969,0.553606628091757,51
5,0.863,7.736861993308964,0.553359242717722,51
5,0.864,7.738680459809608,0.5531074656396069,51
5,0.865,7.740457599358409,0.5528463434547431,51
5,0.866,7.742262390350912,0.5525861524345048,51
5,0.867,7.74405978477142,0.5523218085140374,51
5,0.868,7.74583269077837,0.5520521203563411,51
5,0.869,7.747598535028835,0.5517804832224239,51
5,0.87,7.749374283844547,0.5515041949663535,51
5,0.871,7.751125351129397,0.5512253226629751,51
5,0.872,7.752886198963585,0.5509414546979257,51
5,0.873,7.754622241738739,0.5506561561381638,51
5,0.874,7.7563679419919085,0.5503650199222677,51
5,0.875,7.758088714540738,0.5500735206954872,51
5,0.876,7.759819022317508,0.5497754461998084,51
5,0.877,7.761541314991516,0.5494740751540083,51
5,0.878,7.763238503012028,0.5491680606773819,51
5,0.879,7.7649450496599774,0.5488603944323305,51
5,0.88,7.766643404910225,0.5485496987752764,51
5,0.881,7.768333513961747,0.5482360640069485,51
5,0.882,7.770015321985413,0.5479195809245486,51
5,0.883,7.771688774111574,0.5476003408036761,51
5,0.884,7.773336780930542,0.5472733297008859,51
5,0.885,7.774976771297106,0.5469486667465531,51
5,0.886,7.776625713496983,0.5466218788876257,51
5,0.887,7.778266057652007,0.54629269853645,51
5,0.888,7.779897749010818,0.5459612192182806,51
5,0.889,7.78150369820987,0.5456245058868565,51
5,0.89,7.7831013340782915,0.5452877646275426,51
5,0.891,7.784707624804722,0.5449500624646312,51
5,0.892,7.786305020342866,0.5446104363752939,51
5,0.893,7.787859396728334,0.5442702480614741,51
5,0.894,7.789439735435244,0.5439270056675699,51
5,0.895,7.791010991114209,0.5435821275159312,51
5,0.896,7.792573108666225,0.5432357095763374,51
5,0.897,7.79410899826465,0.5428907080858241,51
5,0.898,7.795653122648018,0.5425414270454657,51
5,0.899,7.7971708964965485,0.5421941412118666,51
5,0.9,7.798679747780665,0.541845249770851,51
5,0.901,7.800179609201955,0.541492776872919,51
5,0.902,7.801670413416717,0.541137317487533,51
5,0.903,7.803152093019868,0.5407823131079478,51
5,0.904,7.804624580529034,0.5404241274062108,51
5,0.905,7.806104842855946,0.5400680907378541,51
5,0.906,7.807575328473994,0.5397114863135912,51
5,0.907,7.809035980711171,0.5393544115218813,51
5,0.908,7.810486742500502,0.5389969637808577,51
5,0.909,7.811927556370343,0.5386392405204765,51
5,0.91,7.8133242954605215,0.5382841569682808,51
5,0.911,7.814745938120853,0.5379261092511898,51
5,0.912,7.816140401164158,0.5375665568997012,51
5,0.913,7.817542144246362,0.5372086938173892,51
5,0.914,7.818933613252608,0.5368510415688811,51
5,0.915,7.820314748831016,0.5364936973052066,51
5,0.916,7.821634387682691,0.5361346664386706,51
5,0.917,7.822996024465134,0.5357782977050136,51
5,0.918,7.824347113408015,0.5354225255517869,51
5,0.919,7.825687593932823,0.5350674466230935,51
5,0.92,7.827017404925338,0.5347131573750358,51
5,0.921,7.828336484727652,0.5343597540576569,51
5,0.922,7.829644771130265,0.5340073326968376,51
5,0.923,7.83092516687715,0.5336560890573089,51
5,0.924,7.8321950924749455,0.5333063180103093,51
5,0.925,7.833454472877012,0.5329557876239392,51
5,0.926,7.834720267197453,0.5326082725126706,51
5,0.927,7.835957881394349,0.5322603497295259,51
5,0.928,7.837201768869566,0.5319158924763339,51
5,0.929,7.838400300122539,0.531566651281804,51
5,0.93,7.839622445894218,0.5312257754419507,51
5,0.931,7.840816115183056,0.5308811998026314,51
5,0.932,7.842015759627927,0.5305442126504225,51
5,0.933,7.843203816897047,0.5302092334690554,51
5,0.934,7.844380219224543,0.5298763544117516,51
5,0.935,7.8455448981646825,0.5295456671624802,51
5,0.936,7.846697784586018,0.5292172629172298,51
5,0.937,7.847838808665604,0.5288912323652191,51
5,0.938,7.848950865396187,0.5285699590183117,51
5,0.939,7.850034332910351,0.5282499662540774,51
5,0.94,7.851123646470716,0.5279300438883804,51
5,0.941,7.852218262060819,0.5276143299569505,51
5,0.942,7.85328357761313,0.5273037318708882,51
5,0.943,7.854354038371211,0.5269936957296216,51
5,0.944,7.855412075519925,0.5266866556604499,51
5,0.945,7.856457614723446,0.5263826975361657,51
5,0.946,7.857490580880931,0.5260819065523021,51
5,0.947,7.858510898122085,0.5257843672077145,51
5,0.948,7.859501455315652,0.5254902989229121,51
5,0.949,7.860462624394877,0.525200974507181,51
5,0.95,7.861445868836108,0.5249136252478598,51
5,0.951,7.862399085459794,0.5246349494809665,51
5,0.952,7.863356713576118,0.5243547185878444,51
5,0.953,7.864301178376448,0.5240782357881117,51
5,0.954,7.86523239947237,0.5238055800305654,51
5,0.955,7.866150295652385,0.5235368294128082,51
5,0.956,7.8670547848784596,0.5232720611614169,51
5,0.957,7.867945784282636,0.5230113516120909,51
5,0.958,7.868823210163689,0.5227547761897828,51
5,0.959,7.869669943496709,0.5225051237390944,51
5,0.96,7.870520417233889,0.52225695764475,51
5,0.961,7.871340015688979,0.5220122520198192,51
5,0.962,7.872163170380878,0.5217728785160867,51
5,0.963,7.872972298665606,0.5215380043214125,51
5,0.964,7.87376731227605,0.5213076989096038,51
5,0.965,7.874548122079335,0.5210820307062572,51
5,0.966,7.875314638074025,0.520861067068947,51
5,0.967,7.8760497349002465,0.5206431218706997,51
5,0.968,7.876787839140972,0.5204318063508692,51
5,0.969,7.877511363194125,0.5202253901312063,51
5,0.97,7.878220213812602,0.5200239361051111,51
5,0.971,7.8789142968619315,0.5198275059999885,51
5,0.972,7.879576482830601,0.519635241009072,51
5,0.973,7.880241194131578,0.5194490781721194,51
5,0.974,7.880890838974607,0.5192681158718442,51
5,0.975,7.881525319906437,0.5190924110192021,51
5,0.976,7.882127504081516,0.5189200152965815,51
5,0.977,7.882731810563651,0.5187550592483797,51
5,0.978,7.883320644198446,0.5185955216605316,51
5,0.979,7.88387686966653,0.5184396520854584,51
5,0.98,7.884434903545521,0.5182911499577503,51
5,0.981,7.8849601136954295,0.5181462016167696,51
5,0.982,7.885486915103136,0.5180089348084017,51
5,0.983,7.885997708515212,0.5178773299760383,51
5,0.984,7.886475354491325,0.5177490752605419,51
5,0.985,7.886937230979226,0.5176270628849842,51
5,0.986,7.887383220004336,0.517510735044987,51
5,0.987,7.8878302373891485,0.5174023958962806,51
5,0.988,7.888243645441741,0.5173051001424389,51
5,0.989,7.888657853560741,0.5172083981310995,51
5,0.99,7.889055256868416,0.5171176405655922,51
5,0.991,7.889418710264339,0.5170284719922196,51
5,0.992,7.8897826204877495,0.5169498273461826,51
5,0.993,7.890129379990469,0.516877223641303,51
5,0.994,7.890458875477695,0.5168106909337052,51
5,0.995,7.890770992666337,0.5167502576918794,51
5,0.996,7.891065616283128,0.516695950782743,51
5,0.997,7.891342630062691,0.5166477954580758,51
5,0.998,7.89156784777129,0.5166072714982891,51
5,0.999,7.891810187812859,0.5165714715238023,51
6,0.0,6.767736562104321,0.6471981623411298,48
6,0.001,6.7677241797622365,0.6470179752673724,48
6,0.002,6.767733160835817,0.6468337137263509,48
6,0.003,6.767708880517063,0.6466402165241869,48
6,0.004,6.7676510022361,0.646436979216331,48
6,0.005,6.767596357348001,0.6462260807757009,48
6,0.006,6.7675270052797165,0.6460085904736425,48
6,0.007,6.76744310755209,0.6457798328843952,48
6,0.008,6.767326239955548,0.6455454429952687,48
6,0.009,6.7672132453862845,0.6452996339534377,48
6,0.01,6.76706760615458,0.6450494769363347,48
6,0.011,6.7669447595218655,0.6447865654357465,48
6,0.012,6.76677151803802,0.6445205478570297,48
6,0.013,6.766584246700066,0.6442466499409444,48
6,0.014,6.766383114930144,0.643964863150085,48
6,0.015,6.766168294858695,0.6436751800259075,48
6,0.016,6.765939961321454,0.6433775941947255,48
6,0.017,6.76569829185543,0.643072100373451,48
6,0.018,6.765443466693884,0.642758694375076,48
6,0.019,6.765175668760275,0.6424373731139029,48
6,0.02,6.76489508366122,0.6421081346105179,48
6,0.021,6.764601899678426,0.6417709779965153,48
6,0.022,6.764333485144223,0.6414211130025276,48
6,0.023,6.764016682778457,0.6410679860283104,48
6,0.024,6.763687887693706,0.6407069414612211,48
6,0.025,6.763347299362393,0.6403379828338739,48
6,0.026,6.762995119889088,0.6399611148080884,48
6,0.027,6.762631553996695,0.6395763431781192,48
6,0.028,6.762275397703917,0.6391823922681713,48
6,0.029,6.761890185482945,0.6387818015147335,48
6,0.03,6.761494229250832,0.6383733306403203,48
6,0.031,6.7611063330336245,0.6379549273700649,48
6,0.032,6.760690039263821,0.6375306601902037,48
6,0.033,6.760263667768954,0.6370985453475246,48
6,0.034,6.759827441740652,0.6366585965732605,48
6,0.035,6.75938158685586,0.6362108287475641,48
6,0.036,6.758944919946838,0.635759196940792,48
6,0.037,6.7584809961513885,0.6352959539890842,48
6,0.038,6.758026736589142,0.6348234660118408,48
6,0.039,6.757545701499513,0.6343446701877106,48
6,0.04,6.757056228366536,0.6338581489395805,48
6,0.041,6.756558557881623,0.6333639241003274,48
6,0.042,6.756071521750851,0.6328648237604569,48
6,0.043,6.7555586898399325,0.6323553186487443,48
6,0.044,6.755038409152982,0.6318381833322818,48
6,0.045,6.754529518484133,0.6313137371730378,48
6,0.046,6.753995594702579,0.6307814178829498,48
6,0.047,6.753492169113433,0.6302384671682689,48
6,0.048,6.7529647364538405,0.6296881788613904,48
6,0.049,6.752413079191857,0.6291331427158512,48
6,0.05,6.751855558479478,0.6285706474960727,48
6,0.051,6.751292438392471,0.6280007264139575,48
6,0.052,6.75072398503736,0.6274234138202333,48
6,0.053,6.750150466515014,0.6268387452022771,48
6,0.054,6.749572152883449,0.626246757181773,48
6,0.055,6.74898931611985,0.6256474875122053,48
6,0.056,6.748402230081818,0.625040975076192,48
6,0.057,6.747829759160151,0.6244244944461577,48
6,0.058,6.747235505412064,0.6238035540978331,48
6,0.059,6.7466378475283255,0.6231754932140458,48
6,0.06,6.746037066781111,0.6225403551533681,48
6,0.061,6.745433446124231,0.621898184388195,48
6,0.062,6.7448272701500835,0.621249026501198,48
6,0.063,6.744218825045903,0.6205929281816381,48
6,0.064,6.74360839854932,0.6199299372215431,48
6,0.065,6.743014868595555,0.6192600720660488,48
6,0.066,6.742401850445126,0.61858342623732,48
6,0.067,6.741787735645569,0.6179000367894112,48
6,0.068,6.741172817973967,0.6172099558485532,48
6,0.069,6.740557392531945,0.6165132366214975,48
6,0.07,6.739941755697482,0.6158099333908912,48
6,0.071,6.739326205076112,0.615100101510536,48
6,0.072,6.738729628143838,0.6143836545024809,48
6,0.073,6.738115649370649,0.613660915136211,48
6,0.074,6.737521257870441,0.6129309634762274,48
6,0.075,6.73692866920529,0.6121954823175424,48
6,0.076,6.736319610658164,0.611453820727605,48
6,0.077,6.73571248617861,0.610705982831409,48
6,0.078,6.735107601462478,0.6099520312770106,48
6,0.079,6.73450526304169,0.6091920297400752,48
6,0.08,6.733942955615508,0.6084303037715855,48
6,0.081,6.733366225036019,0.6076584393772089,48
6,0.082,6.732793492135968,0.6068805264817507,48
6,0.083,6.732225079527157,0.6060979602266836,48
6,0.084,6.731642722001937,0.6053088408395014,48
6,0.085,6.731064830618313,0.6045140783383471,48
6,0.086,6.730491717776613,0.6037137435064681,48
6,0.087,6.729923696306311,0.6029079081075996,48
6,0.088,6.729361079409874,0.6020966448794751,48
6,0.089,6.728804180606281,0.6012800275272484,48
6,0.09,6.728253313674163,0.6004581307168266,48
6,0.091,6.72772738128694,0.5996301466424722,48
6,0.092,6.727190022128809,0.5987979064523236,48
6,0.093,6.726678238537396,0.5979630280817131,48
6,0.094,6.726174258301039,0.5971250090242701,48
6,0.095,6.7256598199247435,0.5962780444968546,48
6,0.096,6.7251533375694175,0.5954262732150737,48
6,0.097,6.724673714817679,0.5945681202443616,48
6,0.098,6.724184590931155,0.5937069250454622,48
6,0.099,6.723704379799652,0.5928411679639944,48
6,0.1,6.723251984563839,0.5919687743770684,48
6,0.101,6.722791043872057,0.591094092683201,48
6,0.102,6.722339970829016,0.5902151024362843,48
6,0.103,6.721899078925784,0.5893318901947732,48
6,0.104,6.721468681122726,0.5884445433754709,48
6,0.105,6.721049089789742,0.5875531502454773,48
6,0.106,6.720659205338671,0.5866569141177094,48
6,0.107,6.720281252029082,0.5857552079189001,48
6,0.108,6.719896964089815,0.5848521414279937,48
6,0.109,6.719524750656561,0.5839453890363441,48
6,0.11,6.719164920843898,0.5830350431478618,48
6,0.111,6.718817782827838,0.5821211969676752,48
6,0.112,6.718502232478027,0.5812056140594151,48
6,0.113,6.718181900471126,0.5802850851953164,48
6,0.114,6.717875191238833,0.5793613409249185,48
6,0.115,6.717582408897372,0.5784344775728211,48
6,0.116,6.7173038563300835,0.5775045922199127,48
6,0.117,6.717039835127481,0.5765717826940543,48
6,0.118,6.716790645527357,0.5756361475606376,48
6,0.119,6.716556586354936,0.5746977861130126,48
6,0.12,6.716356543655411,0.5737570990704932,48
6,0.121,6.716154137807737,0.5728136091986269,48
6,0.122,6.715967762473203,0.5718676960953142,48
6,0.123,6.715797710525539,0.5709194618933374,48
6,0.124,6.715644273134259,0.5699690094039446,48
6,0.125,6.715507739705566,0.5690164421064144,48
6,0.126,6.715388397823396,0.5680618641374658,48
6,0.127,6.715286533190636,0.5671053802805021,48
6,0.128,6.715202429570508,0.566147095954689,48
6,0.129,6.715136368728145,0.5651871172038617,48
6,0.13,6.715088630372361,0.5642255506852538,48
6,0.131,6.715059492097641,0.5632625036580462,48
6,0.132,6.715049229326346,0.5622980839717279,48
6,0.133,6.71505811525115,0.5613324000542672,48
6,0.134,6.715086420777737,0.5603655609000844,48
6,0.135,6.715153003160043,0.5593976532616939,48
6,0.136,6.71522145311695,0.5584288149584025,48
6,0.137,6.715310133783933,0.5574591507515532,48
6,0.138,6.7154193066464325,0.5564887717447418,48
6,0.139,6.715567819318942,0.5555184876718612,48
6,0.14,6.715737841355296,0.5545497230764553,48
6,0.141,6.715911050375158,0.5535779787534058,48
6,0.142,6.716105797006918,0.5526059718902105,48
6,0.143,6.716322329965515,0.5516338160343517,48
6,0.144,6.716560895141122,0.5506616251677584,48
6,0.145,6.716821735545635,0.5496895136922576,48
6,0.146,6.71712367995183,0.5487161847005071,48
6,0.147,6.717448878706407,0.5477416076586066,48
6,0.148,6.7177789898592755,0.5467702853673488,48
6,0.149,6.718132344109357,0.5457994999250999,48
6,0.15,6.718509169885359,0.5448293674996117,48
6,0.151,6.7189096924375065,0.5438600045831128,48
6,0.152,6.719334133787128,0.5428915279757626,48
6,0.153,6.7198013013690066,0.5419244874893828,48
6,0.154,6.720274735155363,0.5409581394494591,48
6,0.155,6.720772746614984,0.53999302960807,48
6,0.156,6.721314133346567,0.5390282075388404,48
6,0.157,6.721862425346835,0.5380659232997255,48
6,0.158,6.722435923971247,0.5371052321389073,48
6,0.159,6.723034827876648,0.5361462525469286,48
6,0.16,6.723623133832377,0.5351898542784791,48
6,0.161,6.72425628555295,0.5342370879288169,48
6,0.162,6.724934459196969,0.5332840080074458,48
6,0.163,6.7256211520090545,0.5323345282028518,48
6,0.164,6.726371320420854,0.5313838936942356,48
6,0.165,6.7271484669893935,0.5304352697803416,48
6,0.166,6.727952778505404,0.5294899554126306,48
6,0.167,6.728747750287809,0.5285505683500643,48
6,0.168,6.729588324293398,0.5276118757182658,48
6,0.169,6.730474663892784,0.5266726233084679,48
6,0.17,6.73140743035792,0.5257378977537676,48
6,0.171,6.732313428343257,0.5248080836167317,48
6,0.172,6.733247584721101,0.5238790006937578,48
6,0.173,6.734228134668104,0.5229559126047656,48
6,0.174,6.735237123281824,0.5220446070879101,48
6,0.175,6.736274690862874,0.5211287700892627,48
6,0.176,6.7373228745944305,0.5202192681094001,48
6,0.177,6.738418482518161,0.5193109282120454,48
6,0.178,6.7395425649426235,0.5184065509446892,48
6,0.179,6.740695246052797,0.5175062537128128,48
6,0.18,6.741876645635731,0.5166101536239429,48
6,0.181,6.743086879048863,0.5157183674610484,48
6,0.182,6.7443079580464165,0.5148283989547563,48
6,0.183,6.745558565616984,0.5139460454155466,48
6,0.184,6.746856890956331,0.5130679340988501,48
6,0.185,6.7481844432569575,0.5121945996170696,48
6,0.186,6.749559904506504,0.5113295371152519,48
6,0.187,6.750965276633775,0.510472169302214,48
6,0.188,6.752382557213338,0.5096091755542204,48
6,0.189,6.753848514313465,0.5087557527156557,48
6,0.19,6.7553260587766415,0.5079084391282751,48
6,0.191,6.756815262019434,0.507067149520628,48
6,0.192,6.758334767316772,0.5062300600811978,48
6,0.193,6.759902723924278,0.5053994284131205,48
6,0.194,6.761500600874825,0.5045745917191614,48
6,0.195,6.7631284510916645,0.5037556594034842,48
6,0.196,6.7647863226757385,0.5029427401101575,48
6,0.197,6.76647425888601,0.5021359416918451,48
6,0.198,6.768174198977924,0.501334674362473,48
6,0.199,6.769941440887998,0.5005430027677472,48
6,0.2,6.771720749381756,0.4997552685140108,48
6,0.201,6.773530247871705,0.4989740796930261,48
6,0.202,6.775370445248392,0.49819540549901387,48
6,0.203,6.7772413561918645,0.4974274484152538,48
6,0.204,6.779124402014811,0.49666908501837176,48
6,0.205,6.781074852167943,0.4959123033338204,48
6,0.206,6.783056031535296,0.49516591369432517,48
6,0.207,6.785049359430527,0.494425834748048,48
6,0.208,6.787091514583492,0.49369241827174126,48
6,0.209,6.789145807435619,0.4929669413806669,48
6,0.21,6.791230318281193,0.4922489015113219,48
6,0.211,6.793345023248232,0.4915383919464516,48
6,0.212,6.795508482125523,0.4908395247878577,48
6,0.213,6.797702574221284,0.49014562449809196,48
6,0.214,6.79990868453843,0.4894583897957751,48
6,0.215,6.802163947008683,0.4887853578992882,48
6,0.216,6.8044316379774585,0.48811411271856275,48
6,0.217,6.806729803900496,0.4874581037097611,48
6,0.218,6.80905838733048,0.48680325728252843,48
6,0.219,6.8114359147499215,0.4861626090896861,48
6,0.22,6.813825643743496,0.4855242187983671,48
6,0.221,6.816227013313597,0.4848957991667855,48
6,0.222,6.8186585235544115,0.4842777313081791,48
6,0.223,6.821138180248679,0.48366466289697735,48
6,0.224,6.823666386930449,0.4830585744131628,48
6,0.225,6.82622496607219,0.4824642236994899,48
6,0.226,6.8287766574354825,0.4818773528826911,48
6,0.227,6.831376135900068,0.48129927612671414,48
6,0.228,6.834004708043891,0.4807301173670496,48
6,0.229,6.836662753668516,0.4801644532713314,48
6,0.23,6.839350158298142,0.4796135223422942,48
6,0.231,6.842084901880074,0.47907000013093387,48
6,0.232,6.844830184783178,0.4785372978942292,48
6,0.233,6.847603977266044,0.4780138206490994,48
6,0.234,6.850369947191843,0.4774991746973494,48
6,0.235,6.853219895895531,0.4769958927476417,48
6,0.236,6.856080316902968,0.4764949110397364,48
6,0.237,6.858987750481332,0.4760079180541713,48
6,0.238,6.861923468123623,0.47553167085075526,48
6,0.239,6.864868736703549,0.4750649210650029,48
6,0.24,6.867841493938918,0.4746077482479127,48
6,0.241,6.870878750924594,0.4741609024019146,48
6,0.242,6.873925574331355,0.4737196438656762,48
6,0.243,6.8769999003056625,0.4732923579914721,48
6,0.244,6.8801015613411804,0.47287238684833816,48
6,0.245,6.883211796754458,0.4724635902555319,48
6,0.246,6.8863485168453815,0.47206459116058525,48
6,0.247,6.889511528050263,0.47167541925712475,48
6,0.248,6.892682532963563,0.47129566173962917,48
6,0.249,6.895898004370836,0.4709262578124665,48
6,0.25,6.899157734956078,0.47056536437193786,48
6,0.251,6.902424837325608,0.4702157491817508,48
6,0.252,6.905717194348468,0.4698760744588242,48
6,0.253,6.909034585171226,0.46954635667789435,48
6,0.254,6.912340586101387,0.46923122821985364,48
6,0.255,6.915726907347398,0.468928439052983,48
6,0.256,6.919119462203356,0.4686287468214874,48
6,0.257,6.922536111738366,0.46833906144949566,48
6,0.258,6.925976613430347,0.46805938817972964,48
6,0.259,6.929440720338181,0.467789729993128,48
6,0.26,6.932928181131906,0.4675300876083621,48
6,0.261,6.9364025418383894,0.46728485143310394,48
6,0.262,6.939955482586122,0.4670490540203719,48
6,0.263,6.943512886794692,0.46681944119349167,48
6,0.264,6.94707448672629,0.46659906613339125,48
6,0.265,6.950676686134723,0.4663894357938546,48
6,0.266,6.954319209126464,0.4661874734539064,48
6,0.267,6.957965100195573,0.46599774253530285,48
6,0.268,6.961632174575045,0.4658179574743316,48
6,0.269,6.965357321647076,0.4656435688521489,48
6,0.27,6.969066898469376,0.4654835005411961,48
6,0.271,6.972796807828819,0.46533331045983567,48
6,0.272,6.97652865111592,0.4651950106095392,48
6,0.273,6.980280701516648,0.46505807826173656,48
6,0.274,6.984089327746446,0.46493616022990464,48
6,0.275,6.987898955082097,0.4648253109715454,48
6,0.276,6.9917273685446455,0.4647241828365479,48
6,0.277,6.995592838930061,0.46463388549935647,48
6,0.278,6.999476957859325,0.46455234128520695,48
6,0.279,7.00337941269461,0.46448494033311,48
6,0.28,7.007263199610662,0.464420460356955,48
6,0.281,7.011164662646448,0.4643685966646313,48
6,0.282,7.0151015538838015,0.4643251410015036,48
6,0.283,7.0190187481680235,0.4642895078596004,48
6,0.284,7.022989255308482,0.4642648864974097,48
6,0.285,7.026975553416007,0.46424958036061187,48
6,0.286,7.0309963728444345,0.4642469092555791,48
6,0.287,7.035033275902747,0.46425379255040317,48
6,0.288,7.039066843084206,0.46426602411711915,48
6,0.289,7.043133895170179,0.4642906258849223,48
6,0.29,7.047197886768413,0.46431922099573586,48
6,0.291,7.051276065697064,0.46435869954328485,48
6,0.292,7.055349478697626,0.46440897315455576,48
6,0.293,7.059454433904897,0.46446612823671407,48
6,0.294,7.063535774055051,0.4645343085507229,48
6,0.295,7.0676664773847335,0.4646088682343095,48
6,0.296,7.071808990974595,0.46469205735106067,48
6,0.297,7.075926738169691,0.46477992310659233,48
6,0.298,7.08007459012627,0.46487867283605083,48
6,0.299,7.084251661859503,0.4649874862398204,48
6,0.3,7.088457567634649,0.4651018135216243,48
6,0.301,7.092655243636792,0.46522712851215287,48
6,0.302,7.096862398341379,0.46536060462704626,48
6,0.303,7.10107863855882,0.46550216019603496,48
6,0.304,7.105340746017142,0.4656503515710641,48
6,0.305,7.10957497176474,0.46580778342515317,48
6,0.306,7.113835702935085,0.46597097237021495,48
6,0.307,7.118067762813215,0.4661485597230482,48
6,0.308,7.122325522196515,0.4663290272837333,48
6,0.309,7.126589986433508,0.46651705845372277,48
6,0.31,7.130860747450707,0.46671256326344374,48
6,0.311,7.135119295975753,0.46691660228109927,48
6,0.312,7.139401895606256,0.4671267454031047,48
6,0.313,7.143689543860311,0.46734408731984795,48
6,0.314,7.14798182506194,0.46756853421712763,48
6,0.315,7.152278321707979,0.4677999914258211,48
6,0.316,7.156578614527475,0.46803836346175015,48
6,0.317,7.16088277209104,0.4682843079750331,48
6,0.318,7.165172272912137,0.46853432474848283,48
6,0.319,7.169483369067496,0.4687947392700564,48
6,0.32,7.173797047249555,0.46905966398321514,48
6,0.321,7.178130980796461,0.46932730735640565,48
6,0.322,7.18244806705043,0.4696048816102021,48
6,0.323,7.1867478777349545,0.4698897840300582,48
6,0.324,7.191066659016442,0.4701796568752282,48
6,0.325,7.195385391700551,0.47047555348222464,48
6,0.326,7.199703644120763,0.4707773722101326,48
6,0.327,7.204039572200568,0.4710882744261067,48
6,0.328,7.208356066689267,0.4714016832174234,48
6,0.329,7.212652693089985,0.4717248002285582,48
6,0.33,7.216947592579743,0.4720496063765251,48
6,0.331,7.221240317074721,0.47237948054301665,48
6,0.332,7.2255856945068295,0.4727121712303871,48
6,0.333,7.229891348360009,0.47305246807122503,48
6,0.334,7.234156841598932,0.4734007749122021,48
6,0.335,7.238473676732635,0.47375492970921945,48
6,0.336,7.242731365035592,0.4741103807819587,48
6,0.337,7.247020919293914,0.4744705068654893,48
6,0.338,7.251305214007945,0.4748392477108579,48
6,0.339,7.255565712293649,0.4752089808489382,48
6,0.34,7.259856751265296,0.4755853039861867,48
6,0.341,7.2641226290814735,0.4759636207351641,48
6,0.342,7.2683629081521355,0.4763464106177291,48
6,0.343,7.272613826511084,0.4767331886660582,48
6,0.344,7.276893535399868,0.47712910995776414,48
6,0.345,7.281128246506099,0.47752402710536473,48
6,0.346,7.285354210901962,0.4779206669056916,48
6,0.347,7.2895709922721394,0.47832345042058405,48
6,0.348,7.293777665263989,0.47872989471552807,48
6,0.349,7.298010971753205,0.47914042935131335,48
6,0.35,7.30219712570604,0.4795538718400231,48
6,0.351,7.306390479952817,0.4799708864081723,48
6,0.352,7.31055392540538,0.4803909484067492,48
6,0.353,7.314705128415345,0.4808141662360658,48
6,0.354,7.318844146378216,0.4812385842782821,48
6,0.355,7.322952448982215,0.4816682781206861,48
6,0.356,7.3270657922836016,0.48210045184178374,48
6,0.357,7.331165158579394,0.4825353840370554,48
6,0.358,7.3352687084412125,0.4829710706492318,48
6,0.359,7.33935792795333,0.48341199753877695,48
6,0.36,7.343395715816133,0.4838523498486787,48
6,0.361,7.34743642241862,0.48429735953995723,48
6,0.362,7.3514429368841085,0.4847396117287985,48
6,0.363,7.35545151311405,0.4851891878738775,48
6,0.364,7.359443142151687,0.4856408505493095,48
6,0.365,7.363435993764752,0.4860963915390468,48
6,0.366,7.367392974990314,0.4865520107659778,48
6,0.367,7.371350357898659,0.4870063012544386,48
6,0.368,7.375271052819543,0.4874653660470211,48
6,0.369,7.3792099239405795,0.4879195822464979,48
6,0.37,7.38307511056399,0.48838032002040366,48
6,0.371,7.386957667030946,0.48884292919376776,48
6,0.372,7.390801922928542,0.4893077873257033,48
6,0.373,7.394607474129454,0.4897736527790786,48
6,0.374,7.39841059416185,0.4902409735283815,48
6,0.375,7.402193273505297,0.4907133849687094,48
6,0.376,7.405955114847004,0.49118296803026257,48
6,0.377,7.4096947444511345,0.4916534841498401,48
6,0.378,7.413411769852285,0.49212485081487417,48
6,0.379,7.417124389509513,0.4925932012673222,48
6,0.38,7.420777440898035,0.49306457744087423,48
6,0.381,7.4244253135883485,0.49353790904114575,48
6,0.382,7.4280490362878515,0.4940117682594089,48
6,0.383,7.431666817562157,0.4944851894286284,48
6,0.384,7.435241604375807,0.49495985463521175,48
6,0.385,7.43877302201696,0.495435209671688,48
6,0.386,7.44229737415624,0.49591037267575355,48
6,0.387,7.4457776038971,0.49638585245465683,48
6,0.388,7.44925002067098,0.4968612298807834,48
6,0.389,7.4527142612869275,0.497330818469927,48
6,0.39,7.4561151908463446,0.4978038935199665,48
6,0.391,7.459507227126249,0.4982789490708566,48
6,0.392,7.462890016309508,0.49875653945326176,48
6,0.393,7.4662265321835966,0.49923116351054164,48
6,0.394,7.469516427369517,0.4997067749387986,48
6,0.395,7.472796033377105,0.5001806167981901,48
6,0.396,7.476028321651768,0.5006551297206991,48
6,0.397,7.47924963046592,0.5011279152775212,48
6,0.398,7.482441037272512,0.5016000894730824,48
6,0.399,7.485602211584992,0.5020715894515961,48
6,0.4,7.488732826337916,0.5025423533337531,48
6,0.401,7.4918325579393015,0.5030123202170764,48
6,0.402,7.494901086322428,0.503481430175954,48
6,0.403,7.4979380949970675,0.5039496242613606,48
6,0.404,7.5009432711001445,0.5044168445002732,48
6,0.405,7.503916305445801,0.5048830338947954,48
6,0.406,7.50687548126718,0.5053511741384019,48
6,0.407,7.509783821438774,0.5058152091656632,48
6,0.408,7.512659127532843,0.5062780499107109,48
6,0.409,7.515501105856636,0.5067396433000647,48
6,0.41,7.518291367499511,0.5071998652266294,48
6,0.411,7.52106630238996,0.5076588035023512,48
6,0.412,7.523807040333392,0.5081163413824127,48
6,0.413,7.526513303883964,0.5085724296305945,48
6,0.414,7.529166720554312,0.5090267209814036,48
6,0.415,7.531804186419759,0.5094765156420079,48
6,0.416,7.534406848337546,0.5099280588546409,48
6,0.417,7.536973956816151,0.5103779620141037,48
6,0.418,7.539505256181196,0.5108261807357848,48
6,0.419,7.541982395924632,0.511271048378492,48
6,0.42,7.5444422943057665,0.5117157691392749,48
6,0.421,7.5468847092595785,0.5121562680815054,48
6,0.422,7.549272238436251,0.512597201844562,48
6,0.423,7.55160464922933,0.5130349792614467,48
6,0.424,7.553918389264266,0.5134721184441475,48
6,0.425,7.556194646570444,0.5139072823171987,48
6,0.426,7.558433202444552,0.5143404338542567,48
6,0.427,7.560633842794331,0.5147715369249226,48
6,0.428,7.562796358173862,0.5152005562896218,48
6,0.429,7.564920543818041,0.5156274575943809,48
6,0.43,7.566988100533699,0.5160558611296823,48
6,0.431,7.569035508742986,0.516478341784828,48
6,0.432,7.5710258903648295,0.5168986231365214,48
6,0.433,7.572977636540737,0.5173186806505615,48
6,0.434,7.574908653975501,0.5177343757553554,48
6,0.435,7.576818767477769,0.5181437201471376,48
6,0.436,7.578671131296782,0.5185546796546369,48
6,0.437,7.580520856851017,0.5189663608599002,48
6,0.438,7.582313021784354,0.519370270463197,48
6,0.439,7.584065583017304,0.5197736877912592,48
6,0.44,7.585759814933499,0.5201750280029545,48
6,0.441,7.587395573545038,0.5205685933469518,48
6,0.442,7.589009395659438,0.5209651122807485,48
6,0.443,7.590564459895067,0.5213596079149813,48
6,0.444,7.592115902233181,0.5217468273933797,48
6,0.445,7.593590236370262,0.5221345223816863,48
6,0.446,7.595060708276499,0.5225177719082088,48
6,0.447,7.5964719416785655,0.5229013864113226,48
6,0.448,7.5978419290562345,0.5232823811855173,48
6,0.449,7.599171058507808,0.523654098276361,48
6,0.45,7.600459234094302,0.5240298021660502,48
6,0.451,7.601724464548522,0.5244026613096252,48
6,0.452,7.6029485779727715,0.5247722694692989,48
6,0.453,7.604112918485741,0.5251398566904067,48
6,0.454,7.605217412091691,0.5255015793149679,48
6,0.455,7.606298665836319,0.5258637889455203,48
6,0.456,7.607338027953625,0.5262232508197051,48
6,0.457,7.608335440703892,0.5265799528609406,48
6,0.458,7.609254653406706,0.5269315842800515,48
6,0.459,7.610168970471519,0.5272828076329277,48
6,0.46,7.611059762082384,0.5276329241764662,48
6,0.461,7.611872217889647,0.5279815900250249,48
6,0.462,7.612661082650763,0.5283243495559017,48
6,0.463,7.613444920602201,0.5286571220741393,48
6,0.464,7.614150361780467,0.5289940498176011,48
6,0.465,7.61483218004236,0.5293337519975573,48
6,0.466,7.615453692220565,0.529665156143795,48
6,0.467,7.6160148962765355,0.5299957436703622,48
6,0.468,7.616571059994045,0.5303186912074233,48
6,0.469,7.61704882914485,0.5306361621969932,48
6,0.47,7.617502993333207,0.5309561710782549,48
6,0.471,7.617914984283399,0.5312733193782373,48
6,0.472,7.618303416498624,0.5315920896555326,48
6,0.473,7.6186316457386285,0.5319036626655372,48
6,0.474,7.618881609738103,0.5322136044882146,48
6,0.475,7.619126702211702,0.5325194208866376,48
6,0.476,7.619348382666309,0.5328209305107626,48
6,0.477,7.619510029220176,0.533120976172042,48
6,0.478,7.619648388910373,0.5334191344366359,48
6,0.479,7.619726850846399,0.5337134807354007,48
6,0.48,7.61976358435052,0.5340049727627025,48
6,0.481,7.619758664935919,0.5342936136773098,48
6,0.482,7.619730762129219,0.5345828254003655,48
6,0.483,7.619661875322838,0.5348706790531235,48
6,0.484,7.619552108634462,0.5351506259712384,48
6,0.485,7.619364883920169,0.5354269690026129,48
6,0.486,7.6191550789088245,0.5357017421157755,48
6,0.487,7.618904213308827,0.5359737007284855,48
6,0.488,7.618649578143613,0.5362393413945483,48
6,0.489,7.618318430936775,0.5365043288396708,48
6,0.49,7.617947094892081,0.5367678454030097,48
6,0.491,7.617535210851408,0.53702857311989,48
6,0.492,7.617064815231384,0.5372876740990263,48
6,0.493,7.616572724461219,0.5375427848235798,48
6,0.494,7.616040495950645,0.5377951382502791,48
6,0.495,7.615468770441212,0.5380422606989298,48
6,0.496,7.614857704472016,0.5382890402822628,48
6,0.497,7.614188871210207,0.5385323289521928,48
6,0.498,7.613499113249681,0.5387736995845747,48
6,0.499,7.612770014024466,0.539012368185373,48
6,0.5,7.6120017506054625,0.5392483475880604,48
6,0.501,7.611194504977337,0.5394816510609854,48
6,0.502,7.610348464006694,0.539712292300371,48
6,0.503,7.609445720266643,0.5399431466860535,48
6,0.504,7.608523146013468,0.540168438586498,48
6,0.505,7.6075628436934055,0.540389034408636,48
6,0.506,7.606546920774825,0.5406083403049783,48
6,0.507,7.605511775029757,0.540825905418884,48
6,0.508,7.604439034304277,0.5410408963384656,48
6,0.509,7.6033108206142535,0.5412506474583942,48
6,0.51,7.602164035424107,0.5414606130763138,48
6,0.511,7.600980320598315,0.5416680534960078,48
6,0.512,7.599741812044002,0.5418732732619428,48
6,0.513,7.598504013679151,0.5420773600345484,48
6,0.514,7.59719380641216,0.5422781859004419,48
6,0.515,7.595866213942867,0.5424757254576033,48
6,0.516,7.594502901006668,0.5426708319236057,48
6,0.517,7.593104125297739,0.5428635246001189,48
6,0.518,7.591652049587324,0.5430539973838454,48
6,0.519,7.5901655165438955,0.543241066927878,48
6,0.52,7.588662883686922,0.5434266628532171,48
6,0.521,7.587125837155786,0.5436099243541851,48
6,0.522,7.58555465579364,0.5437908721769308,48
6,0.523,7.5839496224038,0.5439695273264195,48
6,0.524,7.582329612389837,0.5441484823885182,48
6,0.525,7.5806401417333475,0.5443217708919423,48
6,0.526,7.578936279958605,0.5444937672926973,48
6,0.527,7.577199737059188,0.5446635599976721,48
6,0.528,7.5754308154115,0.5448311712070167,48
6,0.529,7.573629821026011,0.5449966233269661,48
6,0.53,7.571778964347363,0.5451595086549371,48
6,0.531,7.5698609367789516,0.5453279944550253,48
6,0.532,7.567967493647444,0.5454868902667255,48
6,0.533,7.566043189945419,0.5456437246697629,48
6,0.534,7.564070250915769,0.545795068416797,48
6,0.535,7.562049481639071,0.5459469444216916,48
6,0.536,7.56003597598469,0.5460978665866302,48
6,0.537,7.557992891358609,0.5462468170417469,48
6,0.538,7.555920565600988,0.546393819559881,48
6,0.539,7.553819339537583,0.5465388980228133,48
6,0.54,7.551689556915002,0.5466820764109204,48
6,0.541,7.549532543434624,0.5468166339918832,48
6,0.542,7.547348649054339,0.546956084811477,48
6,0.543,7.545137247921759,0.5470937041610224,48
6,0.544,7.542898695938902,0.547229516303567,48
6,0.545,7.540615252452149,0.5473660636016426,48
6,0.546,7.538342542886345,0.5474986652765716,48
6,0.547,7.536044255533123,0.5476339413556071,48
6,0.548,7.533702180489048,0.5477628157593363,48
6,0.549,7.531334785890407,0.5478900087545525,48
6,0.55,7.528924343831577,0.5480130791026838,48
6,0.551,7.526489804303826,0.5481385797083109,48
6,0.552,7.524049630125437,0.5482608918895362,48
6,0.553,7.521567511544748,0.5483809843280447,48
6,0.554,7.519080993861258,0.5485010423287232,48
6,0.555,7.5165718708353575,0.5486187405691767,48
6,0.556,7.514040037440555,0.5487349274631811,48
6,0.557,7.511485879912422,0.5488496270188292,48
6,0.558,7.5089097861235885,0.5489628631469228,48
6,0.559,7.506312145507933,0.5490746596497336,48
6,0.56,7.503711937676539,0.5491848248127067,48
6,0.561,7.501054780371771,0.5492963754332064,48
6,0.562,7.498414431100933,0.549404659198921,48
6,0.563,7.495681723785762,0.5495158537017969,48
6,0.564,7.493003770385545,0.5496207369235819,48
6,0.565,7.490307116957606,0.5497225599037008,48
6,0.566,7.487573587382641,0.5498247067926396,48
6,0.567,7.484821682206707,0.5499256005921764,48
6,0.568,7.482051803694269,0.5500252635021753,48
6,0.569,7.4792462557488015,0.5501282131277686,48
6,0.57,7.476424018701011,0.5502276123478844,48
6,0.571,7.4736035842312285,0.5503235241407594,48
6,0.572,7.470766769107608,0.5504182963969594,48
6,0.573,7.46791397923986,0.5505119499916598,48
6,0.574,7.465045620906172,0.5506045055272007,48
6,0.575,7.462162100672168,0.5506959833225814,48
6,0.576,7.4592638253096055,0.5507864034030573,48
6,0.577,7.4563697904071375,0.5508780803029645,48
6,0.578,7.453425628319458,0.5509664205097804,48
6,0.579,7.4504870106537355,0.5510551635845695,48
6,0.58,7.447535756353028,0.551141662208444,48
6,0.581,7.444571783583405,0.5512271996441764,48
6,0.582,7.441614088467929,0.5513107064501998,48
6,0.583,7.438626892177994,0.5514026505142696,48
6,0.584,7.435628701043226,0.5514853504309172,48
6,0.585,7.432619432458831,0.5515671636661578,48
6,0.586,7.429581883169216,0.5516437900812539,48
6,0.587,7.426571723522962,0.5517281774101043,48
6,0.588,7.423533605556194,0.5518076388261897,48
6,0.589,7.420486033561372,0.5518862761208992,48
6,0.59,7.417411312610418,0.5519673418142234,48
6,0.591,7.414346521626079,0.5520442908405672,48
6,0.592,7.411273474292199,0.5521204616770455,48
6,0.593,7.408192571798711,0.5521958680359619,48
6,0.594,7.405104214067887,0.5522705231739705,48
6,0.595,7.402008799672987,0.5523444398849875,48
6,0.596,7.398906725757026,0.5524176304933279,48
6,0.597,7.395780288809086,0.5524837826958815,48
6,0.598,7.392666558593898,0.5525557235449963,48
6,0.599,7.389529239920447,0.5526254814762608,48
6,0.6,7.386405399398535,0.5526960785364473,48
6,0.601,7.383276837658187,0.552765999357164,48
6,0.602,7.380125842953654,0.5528373297467755,48
6,0.603,7.37697137725938,0.5529048227655698,48
6,0.604,7.373813812050481,0.5529722974458428,48
6,0.605,7.370671616052732,0.5530395710761314,48
6,0.606,7.367526580290129,0.5531062115274903,48
6,0.607,7.364397670833221,0.553174193130525,48
6,0.608,7.361248587202443,0.5532396539738826,48
6,0.609,7.358097801298766,0.553304502739838,48
6,0.61,7.354945683316168,0.5533687447251565,48
6,0.611,7.351792600807599,0.553432384685953,48
6,0.612,7.3486208194662055,0.5534996309660658,48
6,0.613,7.345449277917505,0.5535654047968792,48
6,0.614,7.342315011338865,0.5536257889937991,48
6,0.615,7.3391631123767205,0.55368684691117,48
6,0.616,7.33601203421481,0.5537473230748096,48
6,0.617,7.332862127797828,0.553807218857853,48
6,0.618,7.329713740901003,0.5538665350841464,48
6,0.619,7.326567218057648,0.5539252720279094,48
6,0.62,7.323404801344684,0.5539822777096154,48
6,0.621,7.320282093014144,0.5540364146894248,48
6,0.622,7.317162752280204,0.5540938293076011,48
6,0.623,7.314028534257337,0.5541501760940569,48
6,0.624,7.310879767053795,0.554207798047804,48
6,0.625,7.307772039538011,0.5542634909568747,48
6,0.626,7.304650408578794,0.5543180184614858,48
6,0.627,7.301515191670389,0.554369038171451,48
6,0.628,7.298385279031382,0.5544265600522247,48
6,0.629,7.295316245068874,0.5544885817320954,48
6,0.63,7.292216456479275,0.5545409017472037,48
6,0.631,7.289122903884755,0.5545948669117772,48
6,0.632,7.286035886241099,0.5546459334602498,48
6,0.633,7.282955209060979,0.5546963745877128,48
6,0.634,7.2798630640263715,0.5547502342119877,48
6,0.635,7.276778314246624,0.5548015762871225,48
6,0.636,7.273719818751332,0.5548511107058605,48
6,0.637,7.270687856126749,0.5548996475391121,48
6,0.638,7.26762743662362,0.5549400461658437,48
6,0.639,7.264612193935556,0.5549873230395924,48
6,0.64,7.261606207990959,0.5550317980773954,48
6,0.641,7.258554965948311,0.5550810370655386,48
6,0.642,7.255531587326851,0.5551219961506337,48
6,0.643,7.252517724754511,0.5551680375530406,48
6,0.644,7.249531714165511,0.5552109030150085,48
6,0.645,7.246555211184525,0.5552530174212692,48
6,0.646,7.243588455212258,0.5552943672733784,48
6,0.647,7.240631680685515,0.5553349386383286,48
6,0.648,7.237667017887982,0.5553735421385161,48
6,0.649,7.234749955607435,0.5554131390782344,48
6,0.65,7.231825449256611,0.5554513245525545,48
6,0.651,7.228911812664442,0.5554886714939737,48
6,0.652,7.226027844023267,0.5555236915037879,48
6,0.653,7.223137072163712,0.5555592929428931,48
6,0.654,7.2202577955227305,0.5555940070713183,48
6,0.655,7.217390208094172,0.5556278168276771,48
6,0.656,7.214553087225866,0.5556620681831614,48
6,0.657,7.211728529448725,0.5556967887378768,48
6,0.658,7.20889813662282,0.5557278835729946,48
6,0.659,7.206080180900703,0.555758004505508,48
6,0.66,7.20325673068384,0.555786202005787,48
6,0.661,7.200464623743837,0.5558143514756306,48
6,0.662,7.1976673290411055,0.5558454182850051,48
6,0.663,7.194865475247323,0.555874295359107,48
6,0.664,7.192132559730212,0.5558995758575478,48
6,0.665,7.189413459202818,0.5559244932189399,48
6,0.666,7.186671633697785,0.5559445507859367,48
6,0.667,7.183961988166712,0.5559662045805881,48
6,0.668,7.181266058581289,0.5559867103589528,48
6,0.669,7.178602552573164,0.5560074579703393,48
6,0.67,7.175934907894818,0.556025653532822,48
6,0.671,7.173263721815778,0.5560434846858019,48
6,0.672,7.170644360981196,0.5560617001137645,48
6,0.673,7.168039757395825,0.556077686367822,48
6,0.674,7.165431426233275,0.5560909992202739,48
6,0.675,7.162819453435513,0.5561016335307796,48
6,0.676,7.160222495700737,0.5561145017918319,48
6,0.677,7.15765871461758,0.5561238577034743,48
6,0.678,7.155109590474098,0.55613185757328,48
6,0.679,7.152575186383906,0.5561384791951605,48
6,0.68,7.1500927369716685,0.5561427816091286,48
6,0.681,7.147607531406824,0.5561479010967365,48
6,0.682,7.145101039446551,0.5561494781789549,48
6,0.683,7.142628076430658,0.5561504027069374,48
6,0.684,7.140170088546856,0.556149839356368,48
6,0.685,7.137745693492255,0.5561532944306588,48
6,0.686,7.135300139813331,0.5561489963663788,48
6,0.687,7.132888219927281,0.5561439982848346,48
6,0.688,7.130491846657278,0.55614122389519,48
6,0.689,7.128111026391057,0.5561332417420236,48
6,0.69,7.125745270395541,0.55612363962557,48
6,0.691,7.12339457364114,0.5561123954482682,48
6,0.692,7.12105941481137,0.5561049774096865,48
6,0.693,7.118721678355185,0.5560945320883005,48
6,0.694,7.116417528509822,0.5560780798414624,48
6,0.695,7.114147427364486,0.5560514694727198,48
6,0.696,7.111874666509753,0.5560314428953115,48
6,0.697,7.1096168173699406,0.556009642618555,48
6,0.698,7.107373836026581,0.5559860471505201,48
6,0.699,7.105127573688009,0.5559635153079366,48
6,0.7,7.102914650720457,0.5559361834393267,48
6,0.701,7.1007164176618724,0.5559069949738549,48
6,0.702,7.098532808071655,0.5558759289976136,48
6,0.703,7.0963823385551565,0.555840286496491,48
6,0.704,7.094246844655202,0.5558067201534299,48
6,0.705,7.092090057467853,0.5557741157139718,48
6,0.706,7.0899485647203475,0.5557355849460515,48
6,0.707,7.087839870935447,0.555694869439305,48
6,0.708,7.085745289239764,0.555652155116171,48
6,0.709,7.083664715980873,0.5556074224447332,48
6,0.71,7.081598042068826,0.5555606521377461,48
6,0.711,7.079563741703492,0.5555139327375656,48
6,0.712,7.077525019584262,0.5554630704151174,48
6,0.713,7.07549984995564,0.5554101145572324,48
6,0.714,7.073488102635433,0.5553550469233846,48
6,0.715,7.071471543054661,0.5552959583691831,48
6,0.716,7.069486706309152,0.5552366516437574,48
6,0.717,7.067515347743444,0.5551716044096563,48
6,0.718,7.065539217862217,0.5551033783699472,48
6,0.719,7.0635948372429676,0.5550343143204723,48
6,0.72,7.06170063495852,0.5549692562603727,48
6,0.721,7.059782606248086,0.5548992774482236,48
6,0.722,7.057876780705759,0.5548270474236574,48
6,0.723,7.055964885616965,0.5547552716926653,48
6,0.724,7.054120595689644,0.5546836102434833,48
6,0.725,7.052251788445122,0.5546046134982514,48
6,0.726,7.050394475114046,0.5545233128787966,48
6,0.727,7.048530364834821,0.5544388152134055,48
6,0.728,7.046677837862133,0.5543540476426733,48
6,0.729,7.044873369318139,0.5542613910744538,48
6,0.73,7.0430438806490985,0.5541699889365668,48
6,0.731,7.041243938020895,0.5540769833328579,48
6,0.732,7.039454250667976,0.5539815930894878,48
6,0.733,7.037674601739429,0.5538838066296631,48
6,0.734,7.035904770118887,0.5537836127466719,48
6,0.735,7.034144530487378,0.5536810006060098,48
6,0.736,7.032375554244488,0.5535771621967654,48
6,0.737,7.030671460968133,0.5534696970196691,48
6,0.738,7.028940073819007,0.5533597585165839,48
6,0.739,7.027217350449884,0.5532473636252203,48
6,0.74,7.025503046359817,0.5531325034210814,48
6,0.741,7.023815501939992,0.5530195942001611,48
6,0.742,7.022117789716387,0.5528999074323894,48
6,0.743,7.0204277534279145,0.5527777343818995,48
6,0.744,7.018745134086757,0.552653067735715,48
6,0.745,7.017069669192583,0.5525259005636692,48
6,0.746,7.015401092804923,0.5523962263179029,48
6,0.747,7.013739135616253,0.5522640388321346,48
6,0.748,7.0121021137181,0.552127199124693,48
6,0.749,7.010453075849003,0.5519899346126218,48
6,0.75,7.008809842477814,0.5518501405618527,48
6,0.751,7.0071726214188,0.5517103666023705,48
6,0.752,7.005615483003958,0.5515682444092868,48
6,0.753,7.003990948854203,0.5514208519441529,48
6,0.754,7.002371616355624,0.551264354053472,48
6,0.755,7.000757194330633,0.5511121355380918,48
6,0.756,6.999165488380229,0.5509587028748736,48
6,0.757,6.997541427811163,0.5507990878543947,48
6,0.758,6.995939489185688,0.5506393088547695,48
6,0.759,6.994340783384388,0.5504769742438068,48
6,0.76,6.992726908514677,0.5503076028924693,48
6,0.761,6.991152824003765,0.5501355453738634,48
6,0.762,6.989562958846964,0.5499655135565023,48
6,0.763,6.9879751035257485,0.5497929178625656,48
6,0.764,6.9863889473888205,0.5496177585173253,48
6,0.765,6.984804177878953,0.5494400360817407,48
6,0.766,6.983239069309904,0.5492598368973173,48
6,0.767,6.981675218817134,0.5490731018730762,48
6,0.768,6.98013091000928,0.5488918188117544,48
6,0.769,6.978550572398386,0.5487038134599246,48
6,0.77,6.976970084634272,0.5485132502750169,48
6,0.771,6.97540771440485,0.5483248285298848,48
6,0.772,6.9738264639814815,0.5481292926541304,48
6,0.773,6.97226269800634,0.5479307825434284,48
6,0.774,6.97067990629229,0.5477240693627128,48
6,0.775,6.969095863244996,0.5475209414234509,48
6,0.776,6.967509753940136,0.547315274079427,48
6,0.777,6.9659212521699265,0.5471070715379333,48
6,0.778,6.9643300309814755,0.5468963382764455,48
6,0.779,6.962735762764918,0.5466830790371373,48
6,0.78,6.9611381193416095,0.5464672988213426,48
6,0.781,6.95953677205235,0.5462490028839757,48
6,0.782,6.957949980537922,0.546030989989724,48
6,0.783,6.956396506077701,0.5458080660732091,48
6,0.784,6.954802680898731,0.5455785699242837,48
6,0.785,6.953167699308804,0.5453476940471115,48
6,0.786,6.951546007914641,0.5451169778213798,48
6,0.787,6.9499186901195955,0.5448837854255223,48
6,0.788,6.948267319038696,0.5446479000503763,48
6,0.789,6.946628242905259,0.5444097728699218,48
6,0.79,6.944982546151067,0.5441691914594085,48
6,0.791,6.9432760944430205,0.5439321493061919,48
6,0.792,6.941637177986666,0.5436898553122551,48
6,0.793,6.939991130455705,0.5434443481920982,48
6,0.794,6.938319052557188,0.54319421242843,48
6,0.795,6.936657310182695,0.5429447551131508,48
6,0.796,6.934950807658968,0.5426914661052862,48
6,0.797,6.933272588688845,0.5424326622627934,48
6,0.798,6.931567560143044,0.5421717393650103,48
6,0.799,6.9298354051657505,0.5419103846478435,48
6,0.8,6.92809389542649,0.5416426312632638,48
6,0.801,6.926379392859972,0.5413767607490246,48
6,0.802,6.924636321194498,0.5411075764442881,48
6,0.803,6.9228643700376,0.5408391392438174,48
6,0.804,6.921081807126657,0.5405695739786075,48
6,0.805,6.919306412558995,0.5402932383550118,48
6,0.806,6.917519292695008,0.540014607862841,48
6,0.807,6.915720633926333,0.5397330407348803,48
6,0.808,6.913910135251257,0.5394500265224533,48
6,0.809,6.91205081007281,0.5391604203332347,48
6,0.81,6.9102343018109025,0.5388766970066384,48
6,0.811,6.908386463592201,0.5385871754468268,48
6,0.812,6.9065436916854255,0.538292589370288,48
6,0.813,6.90466902136098,0.537998529804757,48
6,0.814,6.902780265122307,0.537702259191626,48
6,0.815,6.9008776283251665,0.5373996065034656,48
6,0.816,6.898979418275894,0.5370944971284389,48
6,0.817,6.89706678017598,0.5367911929610415,48
6,0.818,6.895121351747594,0.5364855442306038,48
6,0.819,6.893160959943043,0.536178237580982,48
6,0.82,6.891166747011275,0.5358721280491505,48
6,0.821,6.889175612093047,0.5355584374321,48
6,0.822,6.887169193472473,0.5352471311030045,48
6,0.823,6.88514674266253,0.5349314657077664,48
6,0.824,6.883126103295445,0.5346102730456463,48
6,0.825,6.881070347636098,0.5342903335513843,48
6,0.826,6.879015914805575,0.5339662898264289,48
6,0.827,6.87690778487358,0.5336430229878495,48
6,0.828,6.874800491090859,0.5333168304473633,48
6,0.829,6.872657107798446,0.5329842522501959,48
6,0.83,6.870514076476867,0.5326540706586922,48
6,0.831,6.868352578114454,0.5323218745424794,48
6,0.832,6.866190974793997,0.5319857894317993,48
6,0.833,6.863992368240793,0.5316495642742294,48
6,0.834,6.861774638896698,0.5313113624787339,48
6,0.835,6.859537571974631,0.5309711970182817,48
6,0.836,6.857280956665199,0.5306290809439111,48
6,0.837,6.855004586199725,0.5302850273858574,48
6,0.838,6.852708257912261,0.5299390495548809,48
6,0.839,6.850391773300573,0.529591160743794,48
6,0.84,6.848036838943492,0.529241155928127,48
6,0.841,6.845661841427738,0.5288898136632757,48
6,0.842,6.843284682408225,0.5285362461795544,48
6,0.843,6.8408870820330945,0.5281812797314852,48
6,0.844,6.838468864317801,0.5278241483981462,48
6,0.845,6.836029368507675,0.5274651900177014,48
6,0.846,6.833568427947774,0.5271044185333443,48
6,0.847,6.831104469278195,0.5267398985529197,48
6,0.848,6.82858256051657,0.5263762062667766,48
6,0.849,6.826057324127196,0.5260100034966834,48
6,0.85,6.823510024051873,0.5256420426078572,48
6,0.851,6.820940517727364,0.5252723380498843,48
6,0.852,6.81834866744028,0.524900904391931,48
6,0.853,6.815734340373084,0.5245277563268308,48
6,0.854,6.813097408648901,0.5241529086753363,48
6,0.855,6.810437749375144,0.5237763763905313,48
6,0.856,6.807755244685925,0.523398174562401,48
6,0.857,6.805031682640679,0.5230176730833047,48
6,0.858,6.802303631274675,0.5226361709912333,48
6,0.859,6.7995523996297385,0.5222530464030969,48
6,0.86,6.796777890618401,0.5218683149644175,48
6,0.861,6.7939800123680065,0.5214819924839781,48
6,0.862,6.791158678255854,0.5210940949392001,48
6,0.863,6.7883138069431075,0.5207046384816474,48
6,0.864,6.785445322407429,0.520313639442646,48
6,0.865,6.782553153974367,0.5199211143390171,48
6,0.866,6.779637236347477,0.5195270798789154,48
6,0.867,6.776679410494573,0.5191332939907384,48
6,0.868,6.773716297685834,0.5187362392164374,48
6,0.869,6.770729260512044,0.518337727860428,48
6,0.87,6.767718255736237,0.5179377774210793,48
6,0.871,6.764665146482635,0.5175396048905112,48
6,0.872,6.761570377984544,0.5171381944118845,48
6,0.873,6.758488686618612,0.5167339225300767,48
6,0.874,6.755364775592727,0.5163317644003298,48
6,0.875,6.752235305936259,0.5159246982175096,48
6,0.876,6.749081680125074,0.5155163071454002,48
6,0.877,6.745903894924514,0.5151066102869478,48
6,0.878,6.742701952712248,0.5146956270147639,48
6,0.879,6.739475861492106,0.5142833769777032,48
6,0.88,6.736225634906613,0.5138698801074538,48
6,0.881,6.732951292248194,0.5134551566251279,48
6,0.882,6.72965285846908,0.5130392270478467,48
6,0.883,6.726312265047306,0.512623739843879,48
6,0.884,6.7229662240045185,0.5122054106026992,48
6,0.885,6.719596188903889,0.5117859400691972,48
6,0.886,6.716202207681392,0.5113653499746129,48
6,0.887,6.712784333956953,0.5109436623795327,48
6,0.888,6.709342627036572,0.5105208996802612,48
6,0.889,6.705877151913153,0.5100970846151293,48
6,0.89,6.702369880123432,0.5096733977017677,48
6,0.891,6.698839464614125,0.5092436793813757,48
6,0.892,6.695304074741322,0.5088169233302022,48
6,0.893,6.691745210084661,0.5083892075935244,48
6,0.894,6.688144865433492,0.5079586577227809,48
6,0.895,6.6845398160983125,0.5075291585814847,48
6,0.896,6.680911578894643,0.5070987728209196,48
6,0.897,6.677242165817694,0.506660735877986,48
6,0.898,6.673568369350037,0.5062288040428152,48
6,0.899,6.669871723441715,0.5057960614191208,48
6,0.9,6.666098058895987,0.5053655150150267,48
6,0.901,6.662357536694308,0.5049311610925745,48
6,0.902,6.65859453095662,0.5044960801858148,48
6,0.903,6.654791088261807,0.5040553083513215,48
6,0.904,6.650984035563515,0.5036189938727174,48
6,0.905,6.647154941163042,0.5031820349544261,48
6,0.906,6.643303967515643,0.5027444611531757,48
6,0.907,6.6394312825167505,0.5023063024593494,48
6,0.908,6.635518960336665,0.5018668503514582,48
6,0.909,6.631585756264524,0.5014304157083523,48
6,0.91,6.627649941685584,0.5009906474957918,48
6,0.911,6.623675018730772,0.5005529366235861,48
6,0.912,6.619679759251401,0.5001130349366002,48
6,0.913,6.615682451100679,0.49967189770529086,48
6,0.914,6.6116466127798175,0.49922477374873897,48
6,0.915,6.607572933266725,0.4987783079135215,48
6,0.916,6.603516392304631,0.49833644644449593,48
6,0.917,6.599440035179348,0.49789432127684746,48
6,0.918,6.595344089645848,0.4974519674174417,48
6,0.919,6.591228788508334,0.4970094203322125,48
6,0.92,6.587094369583718,0.4965667159465561,48
6,0.921,6.58294107566394,0.49612389064541734,48
6,0.922,6.578769154477122,0.4956809812730651,48
6,0.923,6.574560759504995,0.4952395173749897,48
6,0.924,6.57035282395228,0.4947965165643005,48
6,0.925,6.566127021696386,0.4943535456656528,48
6,0.926,6.561865520928052,0.4939099369823667,48
6,0.927,6.557605269425166,0.4934671636880972,48
6,0.928,6.553327955499223,0.49302453713393724,48
6,0.929,6.549033860775328,0.49258209734604685,48
6,0.93,6.54472327145231,0.49213988479608256,48
6,0.931,6.5403964782540465,0.491697940397926,48
6,0.932,6.536053776379721,0.49125630550405264,48
6,0.933,6.531695465453016,0.49081502190153314,48
6,0.934,6.527303750327675,0.4903756619403817,48
6,0.935,6.522915615045142,0.48993517045330154,48
6,0.936,6.518494684630006,0.4894924689610531,48
6,0.937,6.514077951872213,0.4890530489148988,48
6,0.938,6.509647149570889,0.4886141945629029,48
6,0.939,6.505184504161531,0.488176326254883,48
6,0.94,6.500727020976509,0.48773872679078145,48
6,0.941,6.496238346035739,0.4873028480586862,48
6,0.942,6.491737393681579,0.48686192982806165,48
6,0.943,6.487242592828495,0.4864266826340948,48
6,0.944,6.482735700720167,0.48599226990863587,48
6,0.945,6.4782170670015295,0.48555873829605545,48
6,0.946,6.4736689458207595,0.48512801773146835,48
6,0.947,6.469110270633192,0.484692978364965,48
6,0.948,6.4645594891388685,0.4842624266813712,48
6,0.949,6.459998377035287,0.48383294436075486,48
6,0.95,6.455427302085138,0.48340457973101714,48
6,0.951,6.4508285362140505,0.4829792575841729,48
6,0.952,6.446239129452898,0.48255320578598,48
6,0.953,6.441622771718104,0.4821300361650759,48
6,0.954,6.437016519578894,0.4817065412682763,48
6,0.955,6.43240216848634,0.48128441208063516,48
6,0.956,6.427743907243387,0.4808650809212688,48
6,0.957,6.423115477261489,0.48044577895691265,48
6,0.958,6.418480094471626,0.48002799486845893,48
6,0.959,6.4138381549038685,0.4796117791031392,48
6,0.96,6.409190057228557,0.4791971822915706,48
6,0.961,6.404536202681314,0.4787842552332993,48
6,0.962,6.399876994987331,0.4783730488820048,48
6,0.963,6.39519474114234,0.4779639958351653,48
6,0.964,6.390526525345989,0.4775563746202514,48
6,0.965,6.385854169915937,0.47715062799424107,48
6,0.966,6.381178088035951,0.4767468073668546,48
6,0.967,6.376498694984505,0.4763449642232558,48
6,0.968,6.371816408055004,0.47594515010737026,48
6,0.969,6.367131646475381,0.47554741660491723,48
6,0.97,6.362444831327047,0.47515181532616113,48
6,0.971,6.357756385463236,0.47475839788839297,48
6,0.972,6.353030535141553,0.4743691528969047,48
6,0.973,6.348341057962181,0.4739802161348106,48
6,0.974,6.343651204768352,0.47359361860307175,48
6,0.975,6.338961405215586,0.47320941176223,48
6,0.976,6.334272090302764,0.4728276469883936,48
6,0.977,6.32956559314464,0.472448609233702,48
6,0.978,6.324879022896968,0.4720718693259698,48
6,0.979,6.32017612651995,0.4717025337001968,48
6,0.98,6.315494015528962,0.4713309131056498,48
6,0.981,6.310796439064834,0.4709599760807923,48
6,0.982,6.306120510643729,0.47059386785904467,48
6,0.983,6.3014299812265895,0.470229944399216,48
6,0.984,6.296743866825644,0.46987105470951795,48
6,0.985,6.292080694726196,0.4695134995980549,48
6,0.986,6.287422317216396,0.46915889169104935,48
6,0.987,6.282751076489873,0.46880451604244167,48
6,0.988,6.278104089874575,0.4684560019578057,48
6,0.989,6.2734632107349455,0.46811058095000374,48
6,0.99,6.268810782065842,0.4677688611645714,48
6,0.991,6.264183921720375,0.4674297547981376,48
6,0.992,6.2595463841685826,0.46709702129918246,48
6,0.993,6.2549352872435415,0.46676435664437127,48
6,0.994,6.250332484349801,0.4664350241713836,48
6,0.995,6.245738417198479,0.46610906984698847,48
6,0.996,6.241135427880685,0.4657873110442349,48
6,0.997,6.236542533643505,0.4654687730768353,48
6,0.998,6.231978261800272,0.46515317773884357,48
6,0.999,6.227424463456704,0.4648411407573259,48
7,0.0,6.083531400110136,0.44349863474947776,65
7,0.001,6.081613174312066,0.44357582525075484,65
7,0.002,6.079655264085274,0.4436525552544017,65
7,0.003,6.077671123981621,0.4437264119151723,65
7,0.004,6.075674571831125,0.4438009585528308,65
7,0.005,6.073652343862184,0.44386723247171456,65
7,0.006,6.071604543875899,0.4439297724470395,65
7,0.007,6.069517550731715,0.4439916374685975,65
7,0.008,6.067404828825217,0.44405039843506616,65
7,0.009,6.0652802060245286,0.4441079879922001,65
7,0.01,6.063116701753887,0.44416046283723004,65
7,0.011,6.060941513637445,0.44421174450273065,65
7,0.012,6.058727665407195,0.44425774633097653,65
7,0.013,6.056488632032057,0.44430041388013586,65
7,0.014,6.054238252130895,0.4443390423265137,65
7,0.015,6.051949556053342,0.44437488078447696,65
7,0.016,6.049636025486441,0.4444072430948543,65
7,0.017,6.047297778831563,0.4444360819517777,65
7,0.018,6.0449486637895875,0.44446160114743416,65
7,0.019,6.04256171991853,0.4444832484038998,65
7,0.02,6.040150438237647,0.4445012295533509,65
7,0.021,6.037714946601734,0.4445154970780652,65
7,0.022,6.035255375249344,0.44452600344395815,65
7,0.023,6.032785583863911,0.4445299389425521,65
7,0.024,6.03029235116227,0.4445319801628924,65
7,0.025,6.02776209702336,0.4445308296913973,65
7,0.026,6.025208327434228,0.4445257261007459,65
7,0.027,6.022631185380782,0.4445166219435803,65
7,0.028,6.020044543426,0.44450501441965484,65
7,0.029,6.01743519329481,0.444488208583126,65
7,0.03,6.014789567999088,0.4444668939512582,65
7,0.031,6.012121186779912,0.44444139220012,65
7,0.032,6.009430205994504,0.44441165642702213,65
7,0.033,6.006716784656278,0.4443776398707358,65
7,0.034,6.003994811487697,0.444342023824992,65
7,0.035,6.001237367466067,0.44429938154992393,65
7,0.036,5.998471712449951,0.4442524809293005,65
7,0.037,5.995670933069408,0.44420095305956414,65
7,0.038,5.992848567837115,0.44414491487937535,65
7,0.039,5.990018519543142,0.4440828557060232,65
7,0.04,5.987167610351572,0.44401699656079247,65
7,0.041,5.984282303916466,0.4439470861505594,65
7,0.042,5.981376150314981,0.4438724826360967,65
7,0.043,5.978449336925092,0.44379314149123084,65
7,0.044,5.975515780990633,0.4437067453257428,65
7,0.045,5.972548592158538,0.4436177348544063,65
7,0.046,5.969561332062293,0.4435238536031296,65
7,0.047,5.966567926709672,0.4434248117821049,65
7,0.048,5.963555221572243,0.4433218322530696,65
7,0.049,5.960509703694183,0.44321309022064126,65
7,0.05,5.9574449466182005,0.44309930707177675,65
7,0.051,5.9543748882903,0.4429794269987662,65
7,0.052,5.951272659111329,0.44285541606199946,65
7,0.053,5.948151841514014,0.44272624026963026,65
7,0.054,5.945012655309925,0.44259185941200246,65
7,0.055,5.941869050244397,0.4424549677178527,65
7,0.056,5.938707895557893,0.4423100763632395,65
7,0.057,5.935529429121641,0.44215980638058994,65
7,0.058,5.932320164884123,0.44200428372916545,65
7,0.059,5.929093703309226,0.44184336418895875,65
7,0.06,5.925877736306864,0.4416769619472354,65
7,0.061,5.922618337804128,0.4415051320885332,65
7,0.062,5.919356209923351,0.4413274497915139,65
7,0.063,5.916078243229113,0.44114451496608215,65
7,0.064,5.912784696898686,0.4409564958958635,65
7,0.065,5.909489560230617,0.4407613761911655,65
7,0.066,5.9061522881325415,0.4405616429841783,65
7,0.067,5.902799871127117,0.4403562335180268,65
7,0.068,5.8994325715526985,0.44014511600264433,65
7,0.069,5.896050654591556,0.4399282593739178,65
7,0.07,5.892681842324356,0.4397094719658419,65
7,0.071,5.889272238771265,0.4394811602392704,65
7,0.072,5.885848849026314,0.43924702374729585,65
7,0.073,5.882425676966918,0.43900632560524355,65
7,0.074,5.878989645839701,0.43875957250218584,65
7,0.075,5.875527320344936,0.4385077602867868,65
7,0.076,5.8720523515380325,0.43825001586474005,65
7,0.077,5.868565027675556,0.43798631463391613,65
7,0.078,5.865065639714191,0.43771663286406887,65
7,0.079,5.861581935356685,0.4374391413069906,65
7,0.08,5.858060044084398,0.4371573975258671,65
7,0.081,5.854526996283179,0.43686960709757366,65
7,0.082,5.851010547978695,0.4365774671978432,65
7,0.083,5.847456836907606,0.4362775681838729,65
7,0.084,5.84389290164071,0.43597156617064325,65
7,0.085,5.840319052246945,0.435659443994399,65
7,0.086,5.836735601305652,0.43534118548593037,65
7,0.087,5.833142863876542,0.4350167754852147,65
7,0.088,5.8295411574687295,0.43468619985591656,65
7,0.089,5.825930802008834,0.4343494454997378,65
7,0.09,5.822312119808158,0.43400650037061833,65
7,0.091,5.818685435528943,0.43365735348877854,65
7,0.092,5.81506480318403,0.4333003573880188,65
7,0.093,5.8114234686294,0.4329387240031014,65
7,0.094,5.807775129102964,0.4325708608431553,65
7,0.095,5.804133845567679,0.4321946628687567,65
7,0.096,5.800486597756473,0.4318162658135005,65
7,0.097,5.79683373327089,0.431428729830468,65
7,0.098,5.793161874990689,0.43103585221796303,65
7,0.099,5.7894984585095495,0.4306431088748844,65
7,0.1,5.785816745488551,0.4302378973966233,65
7,0.101,5.782130448709877,0.4298264369605565,65
7,0.102,5.778439917379922,0.4294087292014813,65
7,0.103,5.774745502606163,0.4289847769750946,65
7,0.104,5.771061284386874,0.42855433052662495,65
7,0.105,5.76737426112812,0.4281160984693666,65
7,0.106,5.763671071700911,0.4276733894017107,65
7,0.107,5.759965440315607,0.427224458446233,65
7,0.108,5.7562714543753675,0.4267686665155949,65
7,0.109,5.752589846545192,0.42630525711823475,65
7,0.11,5.7488801793342565,0.42583762386184876,65
7,0.111,5.745169549542704,0.42536380991999473,65
7,0.112,5.741472051458416,0.4248832435104583,65
7,0.113,5.737774697409715,0.4243948697092535,65
7,0.114,5.734064139816947,0.4239025204388818,65
7,0.115,5.73035411606141,0.42340405310644763,65
7,0.116,5.726644999299108,0.4228994872397439,65
7,0.117,5.722950890962078,0.42238802568532113,65
7,0.118,5.719245083232188,0.42187130122930755,65
7,0.119,5.7155413185614155,0.42134854427590834,65
7,0.12,5.711839974962412,0.42081977981828145,65
7,0.121,5.708141431473043,0.42028503423953595,65
7,0.122,5.7044597951339755,0.41974369495189084,65
7,0.123,5.700768363459441,0.41919704888977366,65
7,0.124,5.697080883954588,0.41864450850977025,65
7,0.125,5.693397739403156,0.41808610580098715,65
7,0.126,5.689719313329202,0.4175218741746991,65
7,0.127,5.686045989937625,0.41695184847001343,65
7,0.128,5.68239188108846,0.4163782888595115,65
7,0.129,5.678757742833098,0.4158021677656263,65
7,0.13,5.675130614053361,0.4152191278311221,65
7,0.131,5.671497172987181,0.41462641626376323,65
7,0.132,5.667857455058302,0.4140283063505929,65
7,0.133,5.664238941157332,0.4134309367839368,65
7,0.134,5.660628663529218,0.4128239762334372,65
7,0.135,5.657013293334502,0.41220956902704936,65
7,0.136,5.653420312541836,0.41158877794360604,65
7,0.137,5.649823027259436,0.41096358573680736,65
7,0.138,5.646235192767216,0.4103330901345181,65
7,0.139,5.6426571987987995,0.40969734364738547,65
7,0.14,5.639103162032104,0.4090578670802881,65
7,0.141,5.6355601155870385,0.40841376214777414,65
7,0.142,5.632014731063826,0.4077626723553482,65
7,0.143,5.628480763399068,0.4071065580422881,65
7,0.144,5.624972328701365,0.40644449002327177,65
7,0.145,5.621462732234394,0.40577848033929603,65
7,0.146,5.617979454960516,0.40511108865449186,65
7,0.147,5.614495801348853,0.4044355693928084,65
7,0.148,5.611025524404905,0.40375534235823085,65
7,0.149,5.6075827379845,0.4030698256487262,65
7,0.15,5.604140744775972,0.4023803719542001,65
7,0.151,5.6007132958086325,0.40168641670236355,65
7,0.152,5.597300775732011,0.4009880316402236,65
7,0.153,5.593903568269547,0.40028528997425666,65
7,0.154,5.590522056151513,0.3995782663662535,65
7,0.155,5.58714325552715,0.39886539411916755,65
7,0.156,5.583794992064962,0.39814870386621676,65
7,0.157,5.580477645526563,0.39742835439754115,65
7,0.158,5.577164149699448,0.3967050168136623,65
7,0.159,5.57386860920235,0.3959795202666851,65
7,0.16,5.5705780349119145,0.3952496126102982,65
7,0.161,5.56727942750823,0.3945143024660829,65
7,0.162,5.564054411646767,0.3937735407590584,65
7,0.163,5.5608488226867125,0.39303029157565444,65
7,0.164,5.557649314109124,0.3922848009739197,65
7,0.165,5.554456255748226,0.3915382590739741,65
7,0.166,5.551270729718094,0.3907838343785685,65
7,0.167,5.5481335427818905,0.39002854988952806,65
7,0.168,5.545003879086835,0.38927027535880854,65
7,0.169,5.541909546993661,0.3885090168252463,65
7,0.17,5.538851269583765,0.38774680015158214,65
7,0.171,5.535802323289785,0.3869769407587226,65
7,0.172,5.5327760703717725,0.3862074612476398,65
7,0.173,5.529786232537567,0.385441289479393,65
7,0.174,5.526806080231852,0.3846668557882367,65
7,0.175,5.523863057668239,0.38389107220752977,65
7,0.176,5.520917065119247,0.38311283588683576,65
7,0.177,5.518022625637197,0.3823334646223112,65
7,0.178,5.515139273290289,0.3815501486952279,65
7,0.179,5.51229444270217,0.3807660078299913,65
7,0.18,5.50944802430894,0.3799806158689347,65
7,0.181,5.506641165560759,0.37919250014464156,65
7,0.182,5.503860835326972,0.37840359568585646,65
7,0.183,5.5010936384890625,0.37761270714945144,65
7,0.184,5.4983803533521165,0.37682373411730624,65
7,0.185,5.495680495842098,0.37602905482811005,65
7,0.186,5.493007754979848,0.3752332095795043,65
7,0.187,5.490376178168113,0.37443527381279723,65
7,0.188,5.487772726216044,0.3736358403739826,65
7,0.189,5.48518399538438,0.37283713684501735,65
7,0.19,5.482610296728441,0.37203870160966074,65
7,0.191,5.480079021561713,0.37123869901894324,65
7,0.192,5.477576747344738,0.37043824825654126,65
7,0.193,5.475117502135275,0.3696419902803991,65
7,0.194,5.472688227060872,0.3688395625396095,65
7,0.195,5.47028922540153,0.3680372046492583,65
7,0.196,5.467920797019044,0.36723382178626146,65
7,0.197,5.465610692376286,0.3664343688169401,65
7,0.198,5.463305037544732,0.3656337528141867,65
7,0.199,5.461003760751923,0.36483347531421,65
7,0.2,5.458747588117923,0.3640339385879335,65
7,0.201,5.456509700416653,0.36323355862002227,65
7,0.202,5.454317450672158,0.3624355812116334,65
7,0.203,5.452144011978863,0.361640035371192,65
7,0.204,5.4500167295785396,0.36084404147921234,65
7,0.205,5.44794958827125,0.36004928002223346,65
7,0.206,5.445875309375334,0.3592572557546106,65
7,0.207,5.443847957450764,0.35846524474215713,65
7,0.208,5.441881505438844,0.35767228689115854,65
7,0.209,5.439949482255186,0.3568821187371502,65
7,0.21,5.438024689917721,0.35609520834118,65
7,0.211,5.436120727825162,0.35530908384412596,65
7,0.212,5.43427863613616,0.3545266668802386,65
7,0.213,5.432444464201091,0.35374736396209994,65
7,0.214,5.430672609256442,0.35296758814753415,65
7,0.215,5.428949931718028,0.35219061299241095,65
7,0.216,5.427249569800079,0.35142204420758083,65
7,0.217,5.425571379467235,0.3506519727809577,65
7,0.218,5.423928930185217,0.34988484252859847,65
7,0.219,5.422322421271767,0.3491207875065764,65
7,0.22,5.420752047381653,0.34835994166111633,65
7,0.221,5.419231725506175,0.3476017348317901,65
7,0.222,5.4177211919466295,0.3468461877022316,65
7,0.223,5.416247710989703,0.3460982527091758,65
7,0.224,5.414824815300157,0.3453515180961119,65
7,0.225,5.413452676341343,0.3446074638160703,65
7,0.226,5.412104377310669,0.34386857397251785,65
7,0.227,5.410820899719821,0.34313155960348835,65
7,0.228,5.4095482337687,0.342401002905314,65
7,0.229,5.4083136245028065,0.3416742785967731,65
7,0.23,5.407103854140364,0.34095195087229646,65
7,0.231,5.405945787742261,0.3402349094913717,65
7,0.232,5.40481247090982,0.33952282100567094,65
7,0.233,5.403731120373658,0.33881548424236285,65
7,0.234,5.402701864396147,0.33811456160863124,65
7,0.235,5.401698104263694,0.33741814795100444,65
7,0.236,5.400733323989328,0.336726257579738,65
7,0.237,5.3998072756395015,0.3360397828264998,65
7,0.238,5.398920067654515,0.33535884694282864,65
7,0.239,5.398099257386256,0.33468305408231025,65
7,0.24,5.39730450317246,0.3340135526061683,65
7,0.241,5.396535546000032,0.33334995165689796,65
7,0.242,5.395805839758305,0.33269237102402854,65
7,0.243,5.395102102092715,0.3320416965326301,65
7,0.244,5.394451856080994,0.33139628611489136,65
7,0.245,5.393841447828952,0.33075738769298846,65
7,0.246,5.393270583932481,0.33012496969327776,65
7,0.247,5.392739688766025,0.32949621184538047,65
7,0.248,5.392235454622493,0.3288772368679881,65
7,0.249,5.391798383394786,0.32826498708555074,65
7,0.25,5.391374346820404,0.3276596255439043,65
7,0.251,5.3910038366643525,0.32706120267327143,65
7,0.252,5.390700617520926,0.3264708527830112,65
7,0.253,5.390410916373796,0.32588576443734074,65
7,0.254,5.390161491892922,0.32530908559233807,65
7,0.255,5.389952005126636,0.3247398238816928,65
7,0.256,5.389809927430645,0.3241768210040824,65
7,0.257,5.389667738491992,0.32362456906743037,65
7,0.258,5.389579260136586,0.3230780254770825,65
7,0.259,5.38953076745045,0.32253926743621264,65
7,0.26,5.38952225729834,0.322008381634466,65
7,0.261,5.389553721295843,0.32148545250820754,65
7,0.262,5.389625145816787,0.3209705621947011,65
7,0.263,5.389736512001691,0.32046379048732526,65
7,0.264,5.389901522801528,0.3199663373832256,65
7,0.265,5.390093065516311,0.31947607857565596,65
7,0.266,5.390324471381827,0.3189941648373325,65
7,0.267,5.390595700928284,0.3185206662050437,65
7,0.268,5.3909204365488925,0.3180555230117566,65
7,0.269,5.391271545042566,0.3175990609805151,65
7,0.27,5.3916897912733885,0.31715485201104127,65
7,0.271,5.392094217548226,0.3167134988204932,65
7,0.272,5.3925793846477355,0.3162811269288792,65
7,0.273,5.3930773203944335,0.3158609289594794,65
7,0.274,5.393628399886975,0.3154482073436109,65
7,0.275,5.394232544257779,0.31504300441299293,65
7,0.276,5.394862586215795,0.3146480541880282,65
7,0.277,5.395531802610505,0.31426207434562026,65
7,0.278,5.3962400998021,0.3138851052102129,65
7,0.279,5.397014833275858,0.31351666939563705,65
7,0.28,5.397801732724393,0.31315780613943633,65
7,0.281,5.398627421225123,0.3128080561656482,65
7,0.282,5.399505512994811,0.31246908625489367,65
7,0.283,5.400408806988051,0.3121376693825791,65
7,0.284,5.401350546502461,0.3118154429054673,65
7,0.285,5.402330604555715,0.3115024266306703,65
7,0.286,5.403348849438088,0.3111986373958548,65
7,0.287,5.404405506258874,0.31090154719254603,65
7,0.288,5.405487068641421,0.3106164373296749,65
7,0.289,5.4065933823703665,0.31033839813493447,65
7,0.29,5.407764737977891,0.3100716437081808,65
7,0.291,5.408973527588211,0.3098141527000161,65
7,0.292,5.410233319898946,0.30956445153232365,65
7,0.293,5.411517230192685,0.309322401745455,65
7,0.294,5.41281172609219,0.30909021182069396,65
7,0.295,5.414170442254612,0.3088697466144453,65
7,0.296,5.41556574960096,0.3086585048667633,65
7,0.297,5.416984103267731,0.3084561048109239,65
7,0.298,5.418452403235152,0.30826326564245204,65
7,0.299,5.419970461830069,0.3080798074275492,65
7,0.3,5.4215110037705285,0.3079052967065111,65
7,0.301,5.423073833231411,0.30774139510645593,65
7,0.302,5.424685833890607,0.3075850541789009,65
7,0.303,5.4263197094008,0.3074382622646935,65
7,0.304,5.427988970042338,0.30730120440001424,65
7,0.305,5.4297067608161536,0.3071718692474684,65
7,0.306,5.431432408348369,0.30705042811576627,65
7,0.307,5.43321986068575,0.3069389468148998,65
7,0.308,5.435028075641062,0.30683486109195945,65
7,0.309,5.4368839104423,0.30674107778028553,65
7,0.31,5.438773408141047,0.3066560433832846,65
7,0.311,5.440696335137242,0.30657970397338885,65
7,0.312,5.4426524541983605,0.3065120031626166,65
7,0.313,5.444641524513507,0.3064528821465554,65
7,0.314,5.44667702878242,0.30640272353176323,65
7,0.315,5.4487453628331615,0.30635927410198577,65
7,0.316,5.450819192260625,0.3063240844709526,65
7,0.317,5.452938712058239,0.30629865020750596,65
7,0.318,5.455103665000936,0.3062802656108508,65
7,0.319,5.457286707223501,0.306271214161585,65
7,0.32,5.459514667853991,0.30626904725441517,65
7,0.321,5.461746831425988,0.3062775938892695,65
7,0.322,5.4640371047219825,0.30629114513921935,65
7,0.323,5.466358132166452,0.30631713021114365,65
7,0.324,5.468695920982071,0.306347729880986,65
7,0.325,5.471104740240448,0.306385238138337,65
7,0.326,5.473503059374469,0.3064311577024502,65
7,0.327,5.475917326965732,0.30648370672748004,65
7,0.328,5.478374341498983,0.3065446061766702,65
7,0.329,5.480860088411648,0.30661285348575607,65
7,0.33,5.483347546587461,0.30668716238500854,65
7,0.331,5.485904317727746,0.306770453191275,65
7,0.332,5.488475569792933,0.3068602412007348,65
7,0.333,5.4910610060651015,0.3069587783472773,65
7,0.334,5.493714865212548,0.30706496571896447,65
7,0.335,5.496396406424951,0.30717876397248867,65
7,0.336,5.4991053452257495,0.30729551633490715,65
7,0.337,5.501827668436536,0.30742041772997086,65
7,0.338,5.504576444689378,0.30754944145190083,65
7,0.339,5.507337648329947,0.30768602509554505,65
7,0.34,5.510097965918996,0.3078294029225682,65
7,0.341,5.51292498069009,0.30797517185236106,65
7,0.342,5.515763481515051,0.30813005791744214,65
7,0.343,5.5186265203083185,0.3082908952541907,65
7,0.344,5.521500777851287,0.30845339758170703,65
7,0.345,5.52439965569591,0.30862776092543026,65
7,0.346,5.527322465790594,0.30880727611102887,65
7,0.347,5.5302688803961555,0.3089919074913098,65
7,0.348,5.53325193615666,0.3091808624574171,65
7,0.349,5.536230853988712,0.30937199435798773,65
7,0.35,5.539259478895209,0.3095715343345461,65
7,0.351,5.542337487917597,0.3097766445706727,65
7,0.352,5.545410390204298,0.3099862757731422,65
7,0.353,5.548504953674559,0.3102017403256854,65
7,0.354,5.551594121919733,0.31042384313651544,65
7,0.355,5.554731736134535,0.3106467834064301,65
7,0.356,5.557890377548748,0.3108761108969048,65
7,0.357,5.561069358107902,0.31110892463667045,65
7,0.358,5.56425462377045,0.31134829567505684,65
7,0.359,5.567472930534451,0.3115895656268218,65
7,0.36,5.5707102234170005,0.3118349365867545,65
7,0.361,5.573966173994242,0.31208429951578176,65
7,0.362,5.577240814948576,0.31233303332527085,65
7,0.363,5.580493720756323,0.3125927199626522,65
7,0.364,5.5838054517169695,0.31285341910832165,65
7,0.365,5.587134498112903,0.3131176762248462,65
7,0.366,5.590480531178665,0.3133853843738921,65
7,0.367,5.5938298565442395,0.3136546103087805,65
7,0.368,5.5972092289555375,0.3139289489857789,65
7,0.369,5.6006186813133985,0.3142109206988773,65
7,0.37,5.604030801921547,0.31449144698156767,65
7,0.371,5.607458267093146,0.31477490052699386,65
7,0.372,5.610887383859529,0.3150614625388336,65
7,0.373,5.614345270209754,0.3153510062262096,65
7,0.374,5.617791141720631,0.315645545452462,65
7,0.375,5.621292205434993,0.31593919012130633,65
7,0.376,5.6247935990869395,0.31623556247952517,65
7,0.377,5.628322091205035,0.31653428427327823,65
7,0.378,5.631850274980918,0.3168352166208138,65
7,0.379,5.63537782790709,0.3171364415119098,65
7,0.38,5.6389315118389804,0.31744158584299537,65
7,0.381,5.6424839134813,0.31774398296374395,65
7,0.382,5.646035065533523,0.3180540933145379,65
7,0.383,5.649625089448691,0.31836483980150915,65
7,0.384,5.653226213814868,0.3186772466010218,65
7,0.385,5.656851849358365,0.3189921740825461,65
7,0.386,5.6604883244963204,0.31930578619810235,65
7,0.387,5.664121607498206,0.31962260209482224,65
7,0.388,5.667792205533317,0.31993962841656903,65
7,0.389,5.671446002164315,0.3202589250381924,65
7,0.39,5.6751231462909955,0.3205800511912424,65
7,0.391,5.678809612460625,0.32089972758500546,65
7,0.392,5.682478011365052,0.3212223614426566,65
7,0.393,5.686168487956792,0.32154556753591307,65
7,0.394,5.689867374308024,0.3218717769599614,65
7,0.395,5.693574369838294,0.3221965630561715,65
7,0.396,5.69730254136691,0.32252256187636413,65
7,0.397,5.701024870024335,0.3228539717878253,65
7,0.398,5.704741061026023,0.32317985858498305,65
7,0.399,5.708477543722632,0.3235068644736689,65
7,0.4,5.712220300412951,0.32383423933407696,65
7,0.401,5.715955676830161,0.3241637006178179,65
7,0.402,5.719710469809286,0.32449156283892877,65
7,0.403,5.723470667758963,0.32481959195535254,65
7,0.404,5.727209257138141,0.3251434624346359,65
7,0.405,5.731007578843496,0.32547029873852124,65
7,0.406,5.734797461193962,0.32579903595347043,65
7,0.407,5.738592003631016,0.32612531966767433,65
7,0.408,5.742377215488364,0.3264532550780816,65
7,0.409,5.746166191996564,0.32678098455606003,65
7,0.41,5.749945299670172,0.3271085279542671,65
7,0.411,5.753741356522469,0.3274356745084608,65
7,0.412,5.757554099563754,0.32776195657122603,65
7,0.413,5.761356546353226,0.3280878514983245,65
7,0.414,5.765148439238533,0.32840998517468656,65
7,0.415,5.768956245392198,0.3287353888569773,65
7,0.416,5.7727934396792095,0.32905510395350807,65
7,0.417,5.776605605706045,0.32937919254252257,65
7,0.418,5.78040586244972,0.3297012988260096,65
7,0.419,5.784221411150149,0.33002194116865874,65
7,0.42,5.788011552948647,0.33034543059943344,65
7,0.421,5.791843582732721,0.3306685147837895,65
7,0.422,5.795690182395884,0.3309902116217121,65
7,0.423,5.799524045962444,0.3313063899987492,65
7,0.424,5.803372046640063,0.331625322125249,65
7,0.425,5.8071931576910005,0.33194306187743466,65
7,0.426,5.811013887996018,0.33225984582429086,65
7,0.427,5.814834018292241,0.3325756437199277,65
7,0.428,5.818653332238489,0.3328904268112227,65
7,0.429,5.822485343472462,0.3332056084168164,65
7,0.43,5.826302758160637,0.33351831693927697,65
7,0.431,5.830132823142156,0.33382969457445916,65
7,0.432,5.833948612518349,0.33413975057206846,65
7,0.433,5.837749564428664,0.3344489515897575,65
7,0.434,5.841575930920733,0.3347590788176481,65
7,0.435,5.84537334222438,0.3350681879533997,65
7,0.436,5.849168691434109,0.3353753745938841,65
7,0.437,5.852988874948618,0.3356799437752974,65
7,0.438,5.856792898429965,0.3359834943042306,65
7,0.439,5.860567215787653,0.33628610024280553,65
7,0.44,5.864352451289148,0.3365866971670829,65
7,0.441,5.8681480605946,0.3368865451101284,65
7,0.442,5.8719401461349605,0.3371851342471817,65
7,0.443,5.875728540523695,0.33748245747404804,65
7,0.444,5.879526806564118,0.33777589666673846,65
7,0.445,5.883307699783711,0.3380705938043323,65
7,0.446,5.887098155048774,0.3383633536664158,65
7,0.447,5.890884661476963,0.33865503186617174,65
7,0.448,5.894694531167202,0.3389446633619109,65
7,0.449,5.898459731707228,0.3392341625412775,65
7,0.45,5.902220215766946,0.33952237940769997,65
7,0.451,5.9059491116159775,0.33981289652463353,65
7,0.452,5.909700448992441,0.34009847941926385,65
7,0.453,5.913446639950417,0.34038279553648443,65
7,0.454,5.917188276827855,0.34067092616802847,65
7,0.455,5.9209252325378,0.34095279228651526,65
7,0.456,5.924629929521866,0.34123366179621506,65
7,0.457,5.928356414687933,0.3415130599448964,65
7,0.458,5.9320908442596805,0.34179048255241445,65
7,0.459,5.9358197482747075,0.342069568717222,65
7,0.46,5.939515933089426,0.342347998379688,65
7,0.461,5.943219740944167,0.3426225904726807,65
7,0.462,5.946917341243639,0.34289602922361756,65
7,0.463,5.950608633537399,0.343168332432182,65
7,0.464,5.954307247506723,0.34344065143494085,65
7,0.465,5.957986005478524,0.34371076742522555,65
7,0.466,5.9616581819854,0.3439798082833901,65
7,0.467,5.965323689095551,0.34424779613917533,65
7,0.468,5.968969076395618,0.3445167831845778,65
7,0.469,5.972621345626436,0.34478268626089026,65
7,0.47,5.976266691088695,0.34504761002225376,65
7,0.471,5.979905398608393,0.3453114568129765,65
7,0.472,5.983551122697811,0.34557562096409966,65
7,0.473,5.987176349061673,0.34583786064569705,65
7,0.474,5.990821831036154,0.34610045090642483,65
7,0.475,5.994433338453831,0.3463609992593789,65
7,0.476,5.998037542290222,0.3466207390498097,65
7,0.477,6.001621019809837,0.34688127299279986,65
7,0.478,6.00522452726946,0.3471388051208122,65
7,0.479,6.008807202843854,0.3473962705709909,65
7,0.48,6.012396090679171,0.3476549152870678,65
7,0.481,6.015964061703981,0.3479111254119156,65
7,0.482,6.0195244386954805,0.34816673384751295,65
7,0.483,6.023037085033049,0.34841879303289996,65
7,0.484,6.0265969411836755,0.34867410300227797,65
7,0.485,6.030122342951737,0.3489277217970823,65
7,0.486,6.0336674351254,0.3491801145209232,65
7,0.487,6.037178374632183,0.34943145915871554,65
7,0.488,6.040723038977177,0.34968761175472685,65
7,0.489,6.044233150001042,0.3499403696796064,65
7,0.49,6.047735418805614,0.3501928407952614,65
7,0.491,6.051216462341421,0.3504442954555971,65
7,0.492,6.054717076100535,0.3506949712159717,65
7,0.493,6.058196437032033,0.35094680211328316,65
7,0.494,6.061667900551053,0.3511985182108402,65
7,0.495,6.065118454804798,0.3514498774295379,65
7,0.496,6.068561812469115,0.35170451241831174,65
7,0.497,6.072010965787285,0.3519560585700056,65
7,0.498,6.075452187244261,0.3522076728637906,65
7,0.499,6.078885478449594,0.3524594019380169,65
7,0.5,6.082297477540823,0.35271105352110127,65
7,0.501,6.085715273795177,0.35296315711135373,65
7,0.502,6.089138875045908,0.35321709901227777,65
7,0.503,6.092501111076962,0.35347017317016566,65
7,0.504,6.095924064150467,0.353721171452128,65
7,0.505,6.099326127673528,0.3539735836007145,65
7,0.506,6.102693600247909,0.3542273961123052,65
7,0.507,6.106066949443488,0.3544817327685497,65
7,0.508,6.109432468565179,0.3547366198456329,65
7,0.509,6.1127901795997674,0.35499210740651527,65
7,0.51,6.116140106135427,0.35524824573759395,65
7,0.511,6.119468907794433,0.35550545659699007,65
7,0.512,6.122831148908687,0.3557647042745782,65
7,0.513,6.126158963953339,0.3560231213555723,65
7,0.514,6.129479114121461,0.3562823917889595,65
7,0.515,6.13279163093394,0.35654256663422174,65
7,0.516,6.136096908746205,0.356801994851363,65
7,0.517,6.139394981881663,0.35706407331477263,65
7,0.518,6.142685524582872,0.35732720791067113,65
7,0.519,6.145968573780476,0.3575914498688446,65
7,0.52,6.149244167530253,0.35785685041692583,65
7,0.521,6.152498979442888,0.3581257062914322,65
7,0.522,6.1557601332881,0.3583935215910269,65
7,0.523,6.159013943369459,0.35866265017746074,65
7,0.524,6.162247447939109,0.3589345301423411,65
7,0.525,6.165488135462735,0.35920998472315524,65
7,0.526,6.1687219621760345,0.3594834228543687,65
7,0.527,6.171948612324266,0.3597583809583458,65
7,0.528,6.1751955864505375,0.3600326548280832,65
7,0.529,6.178395399367242,0.3603127877814685,65
7,0.53,6.18160191390993,0.3605924820930959,65
7,0.531,6.184801452003821,0.3608738946780347,65
7,0.532,6.188007790160914,0.3611590608446201,65
7,0.533,6.191193894923307,0.36144411956906936,65
7,0.534,6.194386909422263,0.3617331617654121,65
7,0.535,6.197546435681303,0.3620227584119364,65
7,0.536,6.200699970308612,0.36231066358783787,65
7,0.537,6.203860922053643,0.3626036622678707,65
7,0.538,6.2070427092430664,0.362896698237345,65
7,0.539,6.210191218042704,0.3631938113677816,65
7,0.54,6.213333233010336,0.3634930757658372,65
7,0.541,6.21646880773837,0.36379453748793333,65
7,0.542,6.219597995845851,0.36409824209947655,65
7,0.543,6.22272085092926,0.364404234653617,65
7,0.544,6.225851153547781,0.3647107738246356,65
7,0.545,6.228961873702562,0.36502142139240346,65
7,0.546,6.232066791876919,0.3653353390649996,65
7,0.547,6.235165961516089,0.3656507184811156,65
7,0.548,6.238273163047786,0.36597005182670084,65
7,0.549,6.241348362355543,0.3662936551187706,65
7,0.55,6.244418696621857,0.36661342368115557,65
7,0.551,6.247483849185472,0.3669399448469934,65
7,0.552,6.2505705959050255,0.3672679328334215,65
7,0.553,6.253638179808027,0.36759895752311766,65
7,0.554,6.256713746578914,0.36793201693469074,65
7,0.555,6.259770265353889,0.3682685503435143,65
7,0.556,6.262835242320128,0.36861530250975433,65
7,0.557,6.265881645727786,0.3689575789195623,65
7,0.558,6.268936257976485,0.36930089174279274,65
7,0.559,6.271972046264292,0.3696489177360235,65
7,0.56,6.275002426127257,0.36999989819905604,65
7,0.561,6.278027446743246,0.37035386535570597,65
7,0.562,6.281047156410842,0.3707108505480786,65
7,0.563,6.284061602508029,0.37107088421971945,65
7,0.564,6.2870845584856685,0.3714331259665128,65
7,0.565,6.2900756208346,0.3717996636961889,65
7,0.566,6.293075283274981,0.3721689929917709,65
7,0.567,6.296069862487966,0.3725414824711884,65
7,0.568,6.299073128103977,0.3729175308187848,65
7,0.569,6.302058038158433,0.37329643455999306,65
7,0.57,6.305051725663803,0.3736791722957648,65
7,0.571,6.308054600515569,0.3740665886405636,65
7,0.572,6.311053715190362,0.37445393080985645,65
7,0.573,6.314021671445196,0.3748459478651541,65
7,0.574,6.316998964193997,0.37524034772333625,65
7,0.575,6.319931814694002,0.37563747329529557,65
7,0.576,6.3228740634027245,0.37603936660740916,65
7,0.577,6.325812008092579,0.3764432134176748,65
7,0.578,6.328759037848919,0.3768519844758605,65
7,0.579,6.331715183901672,0.3772674618824749,65
7,0.58,6.334640027040308,0.37768028232022927,65
7,0.581,6.337574406293003,0.3781027206832085,65
7,0.582,6.340504621851004,0.37852529233716653,65
7,0.583,6.343444065067794,0.37894987476530534,65
7,0.584,6.346379403778259,0.37937736021554086,65
7,0.585,6.349283577341522,0.37980990573316625,65
7,0.586,6.352197056190806,0.380246199066384,65
7,0.587,6.355106133100443,0.3806859598614217,65
7,0.588,6.358010826154686,0.38112919151415736,65
7,0.589,6.360911151690408,0.3815758962056128,65
7,0.59,6.363807124274854,0.38202607489526624,65
7,0.591,6.366698756684165,0.3824797273148007,65
7,0.592,6.3695860598826775,0.3829368519622847,65
7,0.593,6.372442311961638,0.38339445872175026,65
7,0.594,6.375321687427911,0.38385860344209494,65
7,0.595,6.37821046506959,0.3843271678198943,65
7,0.596,6.381081565410484,0.3847982402930335,65
7,0.597,6.383948717713755,0.3852700570690098,65
7,0.598,6.386811922494289,0.3857479640294912,65
7,0.599,6.389684544058829,0.3862311680575665,65
7,0.6,6.3925261303174015,0.3867134839550521,65
7,0.601,6.395377125485698,0.38720175655207384,65
7,0.602,6.3982237958437125,0.3876934159062936,65
7,0.603,6.401066132716931,0.38818844682519865,65
7,0.604,6.403904125431471,0.3886868328469869,65
7,0.605,6.406765215372969,0.3891923658884264,65
7,0.606,6.40956885150616,0.38970201693138123,65
7,0.607,6.412382550486495,0.39020834458344816,65
7,0.608,6.415205562848843,0.39072020937416135,65
7,0.609,6.418011138222416,0.3912303590782292,65
7,0.61,6.4208400660855975,0.39175174722825007,65
7,0.611,6.42367860574903,0.3922690242753768,65
7,0.612,6.426472565753071,0.39279538184959417,65
7,0.613,6.429262368947366,0.3933200822742618,65
7,0.614,6.432061705294763,0.3938525972139466,65
7,0.615,6.434856817991005,0.394386815165755,65
7,0.616,6.437647313902872,0.3949240943626079,65
7,0.617,6.440447247901231,0.3954690552856685,65
7,0.618,6.4432161355391315,0.39601253602657793,65
7,0.619,6.445980661763457,0.3965572927230625,65
7,0.62,6.448768232709777,0.39710426235932306,65
7,0.621,6.451538358834891,0.39765600241459326,65
7,0.622,6.454317729151951,0.3982129033871825,65
7,0.623,6.457079216408908,0.39876966016454113,65
7,0.624,6.459849867712961,0.3993295416629225,65
7,0.625,6.462588825379226,0.3998934650492223,65
7,0.626,6.465363943576817,0.400458547789538,65
7,0.627,6.468121004687153,0.4010298454294611,65
7,0.628,6.470859603986488,0.40160099610200256,65
7,0.629,6.473593052891263,0.4021746932566562,65
7,0.63,6.476335022392961,0.4027506548410394,65
7,0.631,6.479045005600083,0.40332611567325866,65
7,0.632,6.481763753495574,0.40390436065957963,65
7,0.633,6.484477477905189,0.4044877695946353,65
7,0.634,6.487186116020028,0.4050718836974195,65
7,0.635,6.489889603379335,0.4056599171934395,65
7,0.636,6.492587873888423,0.4062519994772532,65
7,0.637,6.495267494316708,0.40684763142582275,65
7,0.638,6.497941751936791,0.40744224580462907,65
7,0.639,6.500637659475754,0.40803933996272884,65
7,0.64,6.5033280610816755,0.40863601163910873,65
7,0.641,6.506013253434267,0.4092405159905962,65
7,0.642,6.50870689743315,0.4098418653311085,65
7,0.643,6.511368115233012,0.4104435392035781,65
7,0.644,6.514023560284953,0.4110491004200501,65
7,0.645,6.516659426539984,0.4116548941727099,65
7,0.646,6.519302716987939,0.41226374082668876,65
7,0.647,6.52192625707429,0.4128706191490142,65
7,0.648,6.524584500921561,0.41348396857109837,65
7,0.649,6.5272231968379275,0.414098650292929,65
7,0.65,6.529869360564561,0.4147145229040452,65
7,0.651,6.532455372552498,0.4153314472782378,65
7,0.652,6.535089496906622,0.41594750244078876,65
7,0.653,6.537663292493281,0.4165643769160021,65
7,0.654,6.5402575674147405,0.41718355374980143,65
7,0.655,6.542831410993325,0.41780493475995484,65
7,0.656,6.545412175956421,0.41842842570528027,65
7,0.657,6.5479726764868404,0.4190496093288871,65
7,0.658,6.550539540382061,0.41967225674959785,65
7,0.659,6.553085579776014,0.42029254705076935,65
7,0.66,6.5556110507444005,0.42091526685054936,65
7,0.661,6.5581703845859565,0.4215385318213393,65
7,0.662,6.560708945889578,0.4221635064221914,65
7,0.663,6.563253367089431,0.42279197292374465,65
7,0.664,6.565790192159406,0.42341858984761416,65
7,0.665,6.568305964274149,0.4240505360850282,65
7,0.666,6.570814309463496,0.4246711272227748,65
7,0.667,6.573328491733523,0.42529821342988944,65
7,0.668,6.575820963971729,0.42592431680021897,65
7,0.669,6.578318715899769,0.42655190863175757,65
7,0.67,6.580808287507537,0.4271765325964773,65
7,0.671,6.583303310785332,0.42780265133451356,65
7,0.672,6.585790333809895,0.4284265091251004,65
7,0.673,6.588255542892396,0.4290498913346698,65
7,0.674,6.590698480510473,0.42967387130389173,65
7,0.675,6.593119041137316,0.4302964795494635,65
7,0.676,6.595557929358644,0.43092248960947643,65
7,0.677,6.597987955422145,0.43154352238126054,65
7,0.678,6.600395294854512,0.4321645170145166,65
7,0.679,6.602793206390485,0.4327845280563101,65
7,0.68,6.605181944395501,0.4334010921926869,65
7,0.681,6.6075614016108375,0.4340190103067061,65
7,0.682,6.609931470709853,0.43463557645381273,65
7,0.683,6.61229204434081,0.43525084818543874,65
7,0.684,6.614656380690531,0.43586249912204517,65
7,0.685,6.616997288873614,0.4364747705418132,65
7,0.686,6.619328027037256,0.4370854369458521,65
7,0.687,6.621648487750653,0.43769440861574,65
7,0.688,6.623945198048359,0.43830159372671873,65
7,0.689,6.626245134127602,0.438906908183642,65
7,0.69,6.628534461816481,0.4395102571624735,65
7,0.691,6.630813074089299,0.4401115500671324,65
7,0.692,6.633080864075654,0.44071069612441055,65
7,0.693,6.635337725103791,0.4413076044018468,65
7,0.694,6.637583550743882,0.4419021838255924,65
7,0.695,6.639845688919861,0.44249813063731464,65
7,0.696,6.642056501488062,0.4430874421818276,65
7,0.697,6.644269698084632,0.44367460609037174,65
7,0.698,6.646485174319845,0.4442597500628661,65
7,0.699,6.648689469896708,0.4448398349697023,65
7,0.7,6.65086876372281,0.4454186181971393,65
7,0.701,6.6530233148672915,0.4459931908515817,65
7,0.702,6.655166739785459,0.4465653927928784,65
7,0.703,6.657325659994996,0.4471339198980736,65
7,0.704,6.659459165361146,0.44770023889447613,65
7,0.705,6.661567157117467,0.4482650752002342,65
7,0.706,6.663663255352892,0.4488270560747563,65
7,0.707,6.665747354132281,0.44938144050939294,65
7,0.708,6.66786052967092,0.4499390457633877,65
7,0.709,6.669921427955863,0.4504872323471672,65
7,0.71,6.671983409029145,0.45103211342594485,65
7,0.711,6.674032653929523,0.45157311597780997,65
7,0.712,6.676069071732937,0.4521101493682104,65
7,0.713,6.678092572558674,0.45264312315613664,65
7,0.714,6.680103067609496,0.4531719471113772,65
7,0.715,6.68210046921136,0.4536965312317257,65
7,0.716,6.684057959811388,0.4542133464862962,65
7,0.717,6.686016255803951,0.45472852947287523,65
7,0.718,6.687974903072738,0.4552399750857711,65
7,0.719,6.689934180945509,0.4557474806456325,65
7,0.72,6.691853921338274,0.4562516286425502,65
7,0.721,6.693774133169608,0.45674892263090866,65
7,0.722,6.695680650986686,0.45724135266199784,65
7,0.723,6.697560033778341,0.4577255098300632,65
7,0.724,6.699439291117351,0.4582080464123099,65
7,0.725,6.7013046236210645,0.4586854550208107,65
7,0.726,6.703169687492946,0.4591570590407237,65
7,0.727,6.705007330051151,0.4596239319132881,65
7,0.728,6.706830849337999,0.4600854184722319,65
7,0.729,6.708667633568407,0.46053956335174234,65
7,0.73,6.710477540287872,0.46098870294604505,65
7,0.731,6.712273882299986,0.4614320221339558,65
7,0.732,6.714042520494124,0.46187117566375074,65
7,0.733,6.715783397137136,0.46230481176733135,65
7,0.734,6.717510174390907,0.46273246916322364,65
7,0.735,6.719249881976659,0.46315366708557965,65
7,0.736,6.720961657629782,0.4635690481604895,65
7,0.737,6.722645451621389,0.463978899053412,65
7,0.738,6.7243420267871645,0.46438060577214724,65
7,0.739,6.726010527029131,0.46477730296194086,65
7,0.74,6.727664274390351,0.46516762700188335,65
7,0.741,6.7293032273936335,0.4655514996190233,65
7,0.742,6.730927708102088,0.46593539208678214,65
7,0.743,6.732551767874657,0.4663054834027216,65
7,0.744,6.734147927101149,0.46666959771851485,65
7,0.745,6.735729157619798,0.4670269590572159,65
7,0.746,6.737322883460053,0.4673757041260744,65
7,0.747,6.738874909928866,0.46771930193060557,65
7,0.748,6.7403985772627895,0.4680572531309123,65
7,0.749,6.741934673030058,0.4683907353886107,65
7,0.75,6.743429000625143,0.46871193430431285,65
7,0.751,6.744949445058696,0.46902526713291337,65
7,0.752,6.74644182380423,0.4693340837860302,65
7,0.753,6.747905771488166,0.46963484792065485,65
7,0.754,6.749368731689111,0.4699293466079393,65
7,0.755,6.750790247532296,0.47021507939164237,65
7,0.756,6.752210401456263,0.4704934388607377,65
7,0.757,6.753615463817942,0.4707642056486159,65
7,0.758,6.754992068866395,0.47102814758266814,65
7,0.759,6.756381029411425,0.47128246112040695,65
7,0.76,6.757728174269726,0.4715319880471607,65
7,0.761,6.759087687013412,0.47177214668344764,65
7,0.762,6.760446221315759,0.47200676208098635,65
7,0.763,6.761763350100567,0.4722353216694689,65
7,0.764,6.763065820197393,0.4724512359625928,65
7,0.765,6.764353288564735,0.4726590731854559,65
7,0.766,6.765612410638306,0.4728607803912749,65
7,0.767,6.766856927959451,0.4730547805708673,65
7,0.768,6.7681139502961924,0.4732351011627586,65
7,0.769,6.769342696075299,0.4734098810214084,65
7,0.77,6.770570289435902,0.4735743620528686,65
7,0.771,6.77176968107511,0.4737323345038154,65
7,0.772,6.772954273348827,0.47388185215280826,65
7,0.773,6.774124105621988,0.47402286533106625,65
7,0.774,6.775292946826875,0.47415609031515094,65
7,0.775,6.776433757993724,0.4742799722706328,65
7,0.776,6.777546586306971,0.4743925851712024,65
7,0.777,6.778658926619806,0.4744986600362084,65
7,0.778,6.77975710458182,0.4745965583407187,65
7,0.779,6.780840814110326,0.47468567693164865,65
7,0.78,6.781923840207016,0.47476957020449617,65
7,0.781,6.7829791599702896,0.4748411054679968,65
7,0.782,6.784006836646882,0.4749031758935074,65
7,0.783,6.785034381141798,0.47495559376370816,65
7,0.784,6.786021404099998,0.47499645968651577,65
7,0.785,6.787008417160303,0.4750298372593724,65
7,0.786,6.788022578305371,0.47506079522681316,65
7,0.787,6.788996070766347,0.47507871161594445,65
7,0.788,6.789969432603663,0.47508675288920144,65
7,0.789,6.790915662885072,0.4750864059655787,65
7,0.79,6.7918619393278465,0.4750772911282488,65
7,0.791,6.792781266163536,0.4750585896749102,65
7,0.792,6.793687099223679,0.47503066760693047,65
7,0.793,6.794579531274958,0.4749935002743889,65
7,0.794,6.795472384562495,0.47494457169670545,65
7,0.795,6.796352400359803,0.4748893498582793,65
7,0.796,6.797205961058907,0.47482426716628673,65
7,0.797,6.79803316955707,0.47474984629627676,65
7,0.798,6.7988615762765106,0.4746678375128214,65
7,0.799,6.7996775622765995,0.4745746681170123,65
7,0.8,6.800480876709827,0.47447211930606475,65
7,0.801,6.801258267068182,0.47435999722804484,65
7,0.802,6.8020369323061285,0.47423865501803153,65
7,0.803,6.802789897726707,0.47410614836595893,65
7,0.804,6.803544367088667,0.4739660032656245,65
7,0.805,6.804286735977582,0.4738164240081154,65
7,0.806,6.805017129257718,0.4736574042016562,65
7,0.807,6.8057631280856015,0.473486440142305,65
7,0.808,6.806470694944829,0.47330846304195645,65
7,0.809,6.807153327253763,0.4731174778918734,65
7,0.81,6.807838242688989,0.47292068782345703,65
7,0.811,6.808511850628197,0.47271444374455285,65
7,0.812,6.809188016632514,0.47249794980577076,65
7,0.813,6.809853524950078,0.4722720796598141,65
7,0.814,6.810494800594224,0.47203745403511194,65
7,0.815,6.811139081273381,0.4717928644674894,65
7,0.816,6.811759430759658,0.4715393573378549,65
7,0.817,6.812369363957865,0.4712764327908327,65
7,0.818,6.8129690322241725,0.47100410260136294,65
7,0.819,6.813545223338075,0.4707242290667688,65
7,0.82,6.814138903162029,0.4704385639797325,65
7,0.821,6.814723507113143,0.47013888847656593,65
7,0.822,6.815299203925088,0.46982982784090194,65
7,0.823,6.81583871051244,0.46951065451120916,65
7,0.824,6.816382639854096,0.46918237142747243,65
7,0.825,6.8169174307402685,0.46884481526738025,65
7,0.826,6.8174298852129755,0.4684940113872158,65
7,0.827,6.817947256153735,0.4681380860389264,65
7,0.828,6.818456349189593,0.4677712428620944,65
7,0.829,6.818957337314191,0.46739692671029015,65
7,0.83,6.8194500338201705,0.46701347372891316,65
7,0.831,6.81994834211777,0.46661941117373906,65
7,0.832,6.820425356715137,0.4662177549110161,65
7,0.833,6.820881257238275,0.46580814035758805,65
7,0.834,6.821343669909678,0.46538771606804885,65
7,0.835,6.821799050640429,0.46495897557009,65
7,0.836,6.822247222466378,0.4645213190264072,65
7,0.837,6.82267500577504,0.4640761910111027,65
7,0.838,6.823109671409418,0.4636207846284457,65
7,0.839,6.823537681055939,0.46315659689255073,65
7,0.84,6.823932493637793,0.46268811249089375,65
7,0.841,6.824348467550895,0.4622063902724591,65
7,0.842,6.8247583414755795,0.4617160379274243,65
7,0.843,6.8251760363165275,0.4612160935017722,65
7,0.844,6.825575025137363,0.4607089596602931,65
7,0.845,6.825968869879071,0.4601930073918188,65
7,0.846,6.8263711337013255,0.45966665936980206,65
7,0.847,6.826754931809959,0.45913389753342054,65
7,0.848,6.8271338294789645,0.45859284708890885,65
7,0.849,6.8275217543910545,0.4580490898135208,65
7,0.85,6.827891824646327,0.45749180113449395,65
7,0.851,6.828257608297113,0.4569264219155698,65
7,0.852,6.828605943132775,0.45635272441297936,65
7,0.853,6.828964116813466,0.45577136866463025,65
7,0.854,6.829318607253846,0.45518213304409005,65
7,0.855,6.829669620053723,0.4545850911599232,65
7,0.856,6.8300173614222315,0.45398031837071784,65
7,0.857,6.830362038136123,0.45336789178702525,65
7,0.858,6.830703857497835,0.45274789027311196,65
7,0.859,6.831043027293368,0.45212039444852326,65
7,0.86,6.831379755749962,0.45148548668945193,65
7,0.861,6.831714251493594,0.45084325112990925,65
7,0.862,6.832046723506314,0.45019377366269187,65
7,0.863,6.832377381083404,0.44953714194014155,65
7,0.864,6.832706433790401,0.44887344537468993,65
7,0.865,6.833034091419959,0.44820277513918594,65
7,0.866,6.8333605639486015,0.4475252241669989,65
7,0.867,6.833645964931295,0.44683879275444727,65
7,0.868,6.833971755419741,0.44614779831172063,65
7,0.869,6.834296965193265,0.4454502124243395,65
7,0.87,6.834621805131028,0.4447461350447737,65
7,0.871,6.834946486065532,0.44403566788390586,65
7,0.872,6.83524448769764,0.4433189482852175,65
7,0.873,6.835556822340044,0.4425983079244264,65
7,0.874,6.835869964856409,0.441868703122027,65
7,0.875,6.83619748264025,0.4411336656397266,65
7,0.876,6.836525859399398,0.4403927751791351,65
7,0.877,6.836841940029297,0.43964610200338755,65
7,0.878,6.837173018188996,0.4388938559511098,65
7,0.879,6.837492211161645,0.4381366595430061,65
7,0.88,6.837826811936723,0.43737349326756175,65
7,0.881,6.8381633025569535,0.43660505200718763,65
7,0.882,6.838501891546673,0.43583145662845874,65
7,0.883,6.838842786833999,0.43505282972015985,65
7,0.884,6.839186195707324,0.4342692955880211,65
7,0.885,6.839518959251155,0.4334824269657329,65
7,0.886,6.839868366956586,0.4326894323838781,65
7,0.887,6.840220897102707,0.43189191411362093,65
7,0.888,6.840576754185205,0.4310900032633754,65
7,0.889,6.840936141838799,0.4302838326261838,65
7,0.89,6.841272531752696,0.4294721327939177,65
7,0.891,6.841640292935325,0.4286579096148694,65
7,0.892,6.84201217252094,0.4278398330072739,65
7,0.893,6.8423883706705855,0.4270180424748293,65
7,0.894,6.842769086460733,0.4261926791609231,65
7,0.895,6.843141152319959,0.42536150832173886,65
7,0.896,6.843531848640312,0.42452949034725534,65
7,0.897,6.84391427863903,0.42369191401423706,65
7,0.898,6.844315720442079,0.42285382027681284,65
7,0.899,6.844722640432532,0.42201288102643714,65
7,0.9,6.845121865159825,0.42117139828150896,65
7,0.901,6.8455406689175495,0.4203251635245705,65
7,0.902,6.845965514126571,0.41947654182069516,65
7,0.903,6.8463698577240955,0.4186260485230371,65
7,0.904,6.846808053395855,0.41777312912141334,65
7,0.905,6.847252832384576,0.41691829288633386,65
7,0.906,6.847704378392865,0.4160616997016408,65
7,0.907,6.848162873473846,0.41520351090958185,65
7,0.908,6.848628497990577,0.4143438892920837,65
7,0.909,6.849088065054967,0.41348145224266347,65
7,0.91,6.849568835141436,0.41261950124870717,65
7,0.911,6.850057256471686,0.41175661319399287,65
7,0.912,6.850553502446771,0.41089295643664875,65
7,0.913,6.851057744573142,0.4100287006682993,65
7,0.914,6.851570152423199,0.4091640168902977,65
7,0.915,6.852090893596032,0.40829907738904,65
7,0.916,6.852620133678349,0.4074340557103452,65
7,0.917,6.853158036205608,0.406569126632873,65
7,0.918,6.853704762623357,0.40570446614056077,65
7,0.919,6.8542604722487654,0.4048402513940592,65
7,0.92,6.854825322232385,0.4039766607011402,65
7,0.921,6.855399467520101,0.4031138734860599,65
7,0.922,6.855983060815329,0.4022520702578548,65
7,0.923,6.85656288702073,0.40139178135238085,65
7,0.924,6.8571661778547695,0.40053248766193367,65
7,0.925,6.857752621198048,0.39967474020865906,65
7,0.926,6.858363162315539,0.39881967522786693,65
7,0.927,6.858997572289257,0.39796550226807503,65
7,0.928,6.859642263350666,0.3971134179134771,65
7,0.929,6.860297372248049,0.39626360927256715,65
7,0.93,6.860963033176545,0.3954162642442179,65
7,0.931,6.861639377742725,0.39457157147545746,65
7,0.932,6.862326534929433,0.3937297203179889,65
7,0.933,6.863011265540178,0.3928912357934443,65
7,0.934,6.863720776818394,0.39205561199149647,65
7,0.935,6.864441462837846,0.3912234027163588,65
7,0.936,6.865173441940431,0.3903947996446962,65
7,0.937,6.865916829668041,0.38956999492186495,65
7,0.938,6.866671738728974,0.3887491811105698,65
7,0.939,6.867424913443959,0.38793193316720326,65
7,0.94,6.868203544367022,0.3871196913283983,65
7,0.941,6.868994008677527,0.3863120198928725,65
7,0.942,6.869769676578284,0.3855104004001622,65
7,0.943,6.870584813536908,0.3847124256805522,65
7,0.944,6.871412061103576,0.3839196030527905,65
7,0.945,6.872251511823343,0.3831321264577678,65
7,0.946,6.873103255136306,0.382350189793846,65
7,0.947,6.873967377346678,0.3815739868533282,65
7,0.948,6.874843961592128,0.3808037112575875,65
7,0.949,6.875733087813412,0.3800395563908663,65
7,0.95,6.876634832724263,0.3792817153327579,65
7,0.951,6.877549269781586,0.3785303807893873,65
7,0.952,6.878476469155912,0.3777857450233103,65
7,0.953,6.879403132181475,0.3770458699107791,65
7,0.954,6.880356405981173,0.3763152846103254,65
7,0.955,6.881322623862719,0.3755919690595576,65
7,0.956,6.8823018427622245,0.37487611308470425,65
7,0.957,6.883294116181865,0.37416790569810954,65
7,0.958,6.88429949416215,0.3734675350210044,65
7,0.959,6.885318023254488,0.3727751882051982,65
7,0.96,6.886349746494044,0.37209105135374104,65
7,0.961,6.887394703372893,0.37141530944059636,65
7,0.962,6.8884529298134725,0.3707481462293739,65
7,0.963,6.889524458142336,0.3700897441911745,65
7,0.964,6.890595951543526,0.3694408442980871,65
7,0.965,6.8916945186868555,0.36880047702193247,65
7,0.966,6.892806454127403,0.36816941076950604,65
7,0.967,6.893931775752444,0.36754782197774577,65
7,0.968,6.895070497722487,0.36693588536954,65
7,0.969,6.8962092649262585,0.36633302733610534,65
7,0.97,6.897361802089919,0.36574260343312215,65
7,0.971,6.898541468832101,0.36516062898390633,65
7,0.972,6.8997211720166245,0.3645910171245754,65
7,0.973,6.90091462530039,0.3640302381147382,65
7,0.974,6.902108446113852,0.36348229746301003,65
7,0.975,6.903316331802004,0.36294550289782107,65
7,0.976,6.904551614676975,0.3624167332160993,65
7,0.977,6.905813905409725,0.36189895722824367,65
7,0.978,6.907089454309154,0.3613924735114181,65
7,0.979,6.908364869184202,0.36089728005342825,65
7,0.98,6.90966720294329,0.3604138368852208,65
7,0.981,6.910982693999313,0.35994212728209996,65
7,0.982,6.912311303722068,0.3594822927122445,65
7,0.983,6.913626258343473,0.35903370397027895,65
7,0.984,6.91498167824662,0.3585980396363357,65
7,0.985,6.916336693276288,0.3581764246208221,65
7,0.986,6.917718332318664,0.35776540146588565,65
7,0.987,6.919086078598547,0.3573644309931045,65
7,0.988,6.920494036441846,0.3569786753886155,65
7,0.989,6.921901319553343,0.35660710260978085,65
7,0.99,6.923321575077316,0.35624787968002664,65
7,0.991,6.924768084591585,0.35590072573248893,65
7,0.992,6.926227041988578,0.3555666837411394,65
7,0.993,6.927698363897671,0.3552458576260346,65
7,0.994,6.929168597115295,0.3549399303238217,65
7,0.995,6.930664733244314,0.354645788832226,65
7,0.996,6.932172949104658,0.3543651525834921,65
7,0.997,6.9336797786707525,0.35409719588089184,65
7,0.998,6.935198835157048,0.35384392945659576,65
7,0.999,6.936743366083709,0.3536043487254086,65
8,0.0,6.616407501401783,0.4994120142138652,49
8,0.001,6.6187754408771795,0.49951709744097467,49
8,0.002,6.621145858583308,0.4996198651560623,49
8,0.003,6.623482778651861,0.49972642373626663,49
8,0.004,6.625803882203206,0.49983380142653683,49
8,0.005,6.628109120596754,0.49994202230939444,49
8,0.006,6.630434863901652,0.5000485415022139,49
8,0.007,6.632745628342841,0.5001592922484421,49
8,0.008,6.635004971712566,0.5002701415673583,49
8,0.009,6.637248306462026,0.5003819248652113,49
8,0.01,6.639475585709357,0.5004946637827495,49
8,0.011,6.641686762818861,0.5006083794756957,49
8,0.012,6.643881791435207,0.5007230926166072,49
8,0.013,6.64606062551724,0.5008388233971799,49
8,0.014,6.648259638033836,0.5009575483556097,49
8,0.015,6.6504069297449115,0.501075415135318,49
8,0.016,6.652537915862164,0.5011943579044227,49
8,0.017,6.654652552509726,0.5013143949616866,49
8,0.018,6.656750796300651,0.5014355441425219,49
8,0.019,6.658832604368275,0.5015578228238686,49
8,0.02,6.660897934397088,0.5016812479294898,49
8,0.021,6.662946744653118,0.5018058359356841,49
8,0.022,6.664978994013794,0.5019316028774031,49
8,0.023,6.6669946419972925,0.5020585643547745,49
8,0.024,6.6689936487913535,0.5021867355400175,49
8,0.025,6.67097597528154,0.5023161311847515,49
8,0.026,6.672941583078957,0.5024467656276842,49
8,0.027,6.674890434547386,0.5025786528026747,49
8,0.028,6.676840702161084,0.50271078671379,49
8,0.029,6.678756422904785,0.5028451732060175,49
8,0.03,6.680655291613171,0.5029808501638786,49
8,0.031,6.682537274209925,0.5031178299358533,49
8,0.032,6.684402337504312,0.5032561245098295,49
8,0.033,6.686250449214804,0.5033957455232042,49
8,0.034,6.688081577992068,0.5035367042732946,49
8,0.035,6.689895693441294,0.5036790117280484,49
8,0.036,6.691692766143892,0.5038226785370417,49
8,0.037,6.693472767678498,0.5039677150427542,49
8,0.038,6.695253879972558,0.5041115200822625,49
8,0.039,6.697018359027228,0.5042571505263231,49
8,0.04,6.698747982624489,0.5044062049107441,49
8,0.041,6.700460456873789,0.5045566633467451,49
8,0.042,6.702173968547581,0.5047061883590614,49
8,0.043,6.703852569244726,0.5048594204872674,49
8,0.044,6.70551396872097,0.5050140811560244,49
8,0.045,6.70715814811884,0.5051701785485666,49
8,0.046,6.708785089754997,0.505327720650336,49
8,0.047,6.710394777134506,0.5054867152622956,49
8,0.048,6.711987194964366,0.5056471700143702,49
8,0.049,6.713562329166303,0.5058090923790048,49
8,0.05,6.715120166888798,0.505972489684824,49
8,0.051,6.7166606965183755,0.5061373691303762,49
8,0.052,6.718202117021352,0.5063001595079348,49
8,0.053,6.7197084923276025,0.5064679233431746,49
8,0.054,6.721197544653655,0.5066371876714121,49
8,0.055,6.722687477056415,0.5068160844070527,49
8,0.056,6.724142357587055,0.5069885934756703,49
8,0.057,6.725579912611879,0.5071626288018857,49
8,0.058,6.7270001400325885,0.5073381971286705,49
8,0.059,6.728403039063914,0.5075153051814011,49
8,0.06,6.729788610238134,0.5076939596816806,49
8,0.061,6.731156855408806,0.5078741673610861,49
8,0.062,6.7325077777537174,0.5080559349748224,49
8,0.063,6.733841381777022,0.5082392693152673,49
8,0.064,6.735157673310625,0.508424177225394,49
8,0.065,6.736474868845963,0.508612654660392,49
8,0.066,6.7377570499078185,0.5088007922658708,49
8,0.067,6.739021956367409,0.5089905261406384,49
8,0.068,6.740287808986095,0.5091818106420964,49
8,0.069,6.741518693559241,0.5093747411944902,49
8,0.07,6.742732354227041,0.5095692891928854,49
8,0.071,6.7439288066847425,0.5097654622148863,49
8,0.072,6.745108067950223,0.5099632679898533,49
8,0.073,6.746270156358474,0.5101627144104537,49
8,0.074,6.747433300886514,0.5103604647502666,49
8,0.075,6.7485615955203295,0.5105631296807536,49
8,0.076,6.7496727925611175,0.5107674581025045,49
8,0.077,6.750766915830938,0.5109734586388686,49
8,0.078,6.75184399043574,0.511181140129361,49
8,0.079,6.7529040427553095,0.5113905116392422,49
8,0.08,6.7539471004324465,0.5116015824687185,49
8,0.081,6.754973192361385,0.5118143621617405,49
8,0.082,6.755982348675479,0.5120288605143932,49
8,0.083,6.756974600734112,0.5122450875828565,49
8,0.084,6.757949981108898,0.5124630536909249,49
8,0.085,6.758908523569126,0.512682769437076,49
8,0.086,6.759850263066478,0.512904245701065,49
8,0.087,6.76077523571903,0.5131274936500448,49
8,0.088,6.761683478794529,0.5133525247441869,49
8,0.089,6.762593240024191,0.5135776964316136,49
8,0.09,6.763468631958593,0.5138062747505143,49
8,0.091,6.76432742526294,0.5140366707398614,49
8,0.092,6.765169661911835,0.5142688970318359,49
8,0.093,6.765995384941508,0.5145029665707853,49
8,0.094,6.766804638429055,0.5147388926156105,49
8,0.095,6.767597467471007,0.5149766887415785,49
8,0.096,6.768373918161247,0.5152163688415541,49
8,0.097,6.769152246899519,0.5154603515090489,49
8,0.098,6.769896574742072,0.515703925246258,49
8,0.099,6.770624680691792,0.5159494291357869,49
8,0.1,6.771336614887855,0.5161968784134642,49
8,0.101,6.772050637684198,0.5164440935139823,49
8,0.102,6.772730873997824,0.5166954242605525,49
8,0.103,6.7734315252590775,0.5169456702549851,49
8,0.104,6.774080791347121,0.5172009104315545,49
8,0.105,6.774714186963141,0.517458173032922,49
8,0.106,6.775349977362283,0.5177134745718127,49
8,0.107,6.7759705015753635,0.5179771383407258,49
8,0.108,6.776575829399512,0.5182447748705941,49
8,0.109,6.777147822271342,0.5185103468851066,49
8,0.11,6.777704269538055,0.5187780298857607,49
8,0.111,6.778245231414035,0.5190478422641664,49
8,0.112,6.778770768722815,0.5193198026645091,49
8,0.113,6.779299152197477,0.5195937698026081,49
8,0.114,6.779794516823391,0.5198700776276435,49
8,0.115,6.780292864451852,0.5201455128623147,49
8,0.116,6.7807765406874765,0.520424592875365,49
8,0.117,6.781227412316238,0.5207074716978637,49
8,0.118,6.781663273801027,0.5209926133399999,49
8,0.119,6.7820841902351745,0.5212800378978745,49
8,0.12,6.782490227081436,0.5215697656250975,49
8,0.121,6.78288145013829,0.5218618169178965,49
8,0.122,6.783257925505916,0.5221562122995783,49
8,0.123,6.783637928883081,0.5224553319578101,49
8,0.124,6.783985599906504,0.5227545462709517,49
8,0.125,6.784318735430024,0.523056168670748,49
8,0.126,6.784637402703667,0.5233602200645199,49
8,0.127,6.784941669110599,0.5236667214005017,49
8,0.128,6.785249811462746,0.5239783820195281,49
8,0.129,6.785525970338977,0.5242899596700716,49
8,0.13,6.7857879433631405,0.5246040543390127,49
8,0.131,6.786072217044561,0.5249166828730895,49
8,0.132,6.786307005262075,0.5252357526284185,49
8,0.133,6.786546045186976,0.5255546866672903,49
8,0.134,6.786753478048945,0.5258788457469055,49
8,0.135,6.786947101958247,0.5262056205447935,49
8,0.136,6.78712698508332,0.5265350314659227,49
8,0.137,6.7873114047176575,0.5268699570931924,49
8,0.138,6.787464501617054,0.5272047564451017,49
8,0.139,6.787604073276876,0.5275422527934782,49
8,0.14,6.7877301871094575,0.527882465701616,49
8,0.141,6.787842910179601,0.5282254144577706,49
8,0.142,6.787978727830201,0.5285648837681616,49
8,0.143,6.78806585239344,0.5289131927554027,49
8,0.144,6.788139809782159,0.5292642894096001,49
8,0.145,6.788218875212847,0.5296208389741117,49
8,0.146,6.788267187087773,0.5299776356749049,49
8,0.147,6.7883025402725865,0.5303372738215572,49
8,0.148,6.7883249992742005,0.5306997699525485,49
8,0.149,6.788334627976888,0.5310651401111643,49
8,0.15,6.788331489606192,0.5314333998169014,49
8,0.151,6.78831564669293,0.5318045640366702,49
8,0.152,6.788269431265034,0.5321750680649223,49
8,0.153,6.788211101825354,0.5325507407729885,49
8,0.154,6.788176646119197,0.5329296746496234,49
8,0.155,6.788111987785103,0.5333126496906467,49
8,0.156,6.788034915928767,0.533698592228055,49
8,0.157,6.7879454889713955,0.5340875132596785,49
8,0.158,6.787844243946551,0.5344773683819556,49
8,0.159,6.7877676562883416,0.5348739688442803,49
8,0.16,6.787625718773369,0.5352692768531803,49
8,0.161,6.78748987374153,0.5356704079343046,49
8,0.162,6.787341966618597,0.5360745589235221,49
8,0.163,6.787218469716833,0.5364865790948873,49
8,0.164,6.78706579095089,0.536895911844445,49
8,0.165,6.786883514808218,0.5373092356500595,49
8,0.166,6.786671692287948,0.5377261437504001,49
8,0.167,6.786484509745989,0.5381435973937815,49
8,0.168,6.786304298359436,0.538568893448496,49
8,0.169,6.78605925201246,0.5389949316644279,49
8,0.17,6.785857702785265,0.5394280883422432,49
8,0.171,6.785627843051123,0.5398627411707497,49
8,0.172,6.785351041848803,0.5402946531019513,49
8,0.173,6.785081000892428,0.5407323957364151,49
8,0.174,6.7848177637618585,0.5411759599911719,49
8,0.175,6.784525445648827,0.5416198258362166,49
8,0.176,6.784221817314107,0.5420667062811544,49
8,0.177,6.783906918276594,0.5425165918455533,49
8,0.178,6.78358078656105,0.5429694717290855,49
8,0.179,6.783279877336513,0.543423781489168,49
8,0.18,6.78293237164082,0.5438825589476717,49
8,0.181,6.782556033213525,0.544343207131945,49
8,0.182,6.782186821687883,0.5448078886695837,49
8,0.183,6.781806558799888,0.5452754881245505,49
8,0.184,6.781469901987013,0.5457431912472616,49
8,0.185,6.78105136838638,0.5462178256232723,49
8,0.186,6.780658310874407,0.5466987226165736,49
8,0.187,6.780236618750555,0.5471777963992875,49
8,0.188,6.779804045976342,0.5476596776892577,49
8,0.189,6.779360615040962,0.5481443396201309,49
8,0.19,6.778906346716941,0.5486317537517433,49
8,0.191,6.778441260044119,0.5491218900535656,49
8,0.192,6.777965372314303,0.5496147168889295,49
8,0.193,6.777496908387806,0.5501091747765139,49
8,0.194,6.776999955053486,0.5506072466204789,49
8,0.195,6.776474524557201,0.5511038047044018,49
8,0.196,6.775956554589306,0.5516071265506926,49
8,0.197,6.775427844731176,0.5521129517888509,49
8,0.198,6.7749066114014305,0.5526179782847523,49
8,0.199,6.774356932888449,0.553128604257484,49
8,0.2,6.773796542654931,0.5536416022636299,49
8,0.201,6.773225922102263,0.5541628463284218,49
8,0.202,6.772645551053619,0.5546820091878683,49
8,0.203,6.772073158237905,0.5552000271178982,49
8,0.204,6.771472334497763,0.5557219403984467,49
8,0.205,6.770879014710845,0.5562470420640357,49
8,0.206,6.770257265814652,0.5567731634425683,49
8,0.207,6.769643019220508,0.5573001765386422,49
8,0.208,6.768982608626611,0.5578279717236867,49
8,0.209,6.768329679888232,0.5583599821127031,49
8,0.21,6.767666010916727,0.5588938220260088,49
8,0.211,6.767028005740015,0.5594302515762148,49
8,0.212,6.766362003251107,0.5599715874694866,49
8,0.213,6.7656675182116075,0.560510647145386,49
8,0.214,6.764980470327672,0.561049452810396,49
8,0.215,6.764264911386028,0.561591525740356,49
8,0.216,6.763539027903245,0.5621310219173049,49
8,0.217,6.76278506573229,0.5626781004982487,49
8,0.218,6.762002987081762,0.5632242759016627,49
8,0.219,6.761246409620336,0.5637713827678744,49
8,0.22,6.760478885923371,0.5643196015064634,49
8,0.221,6.75971859473342,0.5648712537702336,49
8,0.222,6.758929576681098,0.5654215222732933,49
8,0.223,6.758129527609308,0.5659726559751769,49
8,0.224,6.757318411798422,0.5665245687300678,49
8,0.225,6.756514401081623,0.567076575027422,49
8,0.226,6.755681529231497,0.5676297494445282,49
8,0.227,6.754819755515163,0.56818082071983,49
8,0.228,6.753964964708502,0.5687349997917688,49
8,0.229,6.7530989035695,0.5692894998773408,49
8,0.23,6.752203796707775,0.5698436111796444,49
8,0.231,6.75131552405583,0.5703984981287746,49
8,0.232,6.750398097800135,0.5709540962960471,49
8,0.233,6.749487394811206,0.5715089361485792,49
8,0.234,6.748565154017407,0.5720636028792789,49
8,0.235,6.747631322050807,0.5726179936905655,49
8,0.236,6.746685843936571,0.573172004392785,49
8,0.237,6.745728663114319,0.5737255294299535,49
8,0.238,6.744760201019118,0.5742716663112986,49
8,0.239,6.743780398264133,0.5748238654958441,49
8,0.24,6.7427887146642576,0.5753752500914275,49
8,0.241,6.741785088100721,0.5759257093219106,49
8,0.242,6.740769454987325,0.5764751311830452,49
8,0.243,6.739741750296298,0.5770234024726663,49
8,0.244,6.738701907584819,0.5775704088215607,49
8,0.245,6.737649859022223,0.5781160347250058,49
8,0.246,6.736603744749127,0.5786578805502693,49
8,0.247,6.73550983750766,0.5792001807517714,49
8,0.248,6.734421722770586,0.5797409144774277,49
8,0.249,6.733303388899105,0.5802800415878402,49
8,0.25,6.732190689357675,0.5808169383415221,49
8,0.251,6.731065340100084,0.581351738101676,49
8,0.252,6.729927265227468,0.5818843183260892,49
8,0.253,6.728776387689716,0.5824145556104392,49
8,0.254,6.727612629318693,0.5829423257249228,49
8,0.255,6.726454120193289,0.5834666069080122,49
8,0.256,6.725264853047819,0.5839890595526083,49
8,0.257,6.724062476621073,0.5845086680106154,49
8,0.258,6.722846908906088,0.585025305141532,49
8,0.259,6.7216003371862865,0.5855362021434506,49
8,0.26,6.720340875085635,0.5860446291173984,49
8,0.261,6.7190861560776325,0.5865516859258522,49
8,0.262,6.717836095166315,0.5870572674582392,49
8,0.263,6.716554679593385,0.5875572810457235,49
8,0.264,6.715260032418843,0.5880482356294329,49
8,0.265,6.71395206693442,0.5885406928438821,49
8,0.266,6.7126302164758656,0.5890291381856739,49
8,0.267,6.711294393303619,0.589513440326566,49
8,0.268,6.709944509084826,0.5899934676650205,49
8,0.269,6.708562745162348,0.5904698406065635,49
8,0.27,6.7072031487135515,0.5909376850227579,49
8,0.271,6.705793764080095,0.5914054700979335,49
8,0.272,6.704388638095329,0.5918662975164021,49
8,0.273,6.702969471856113,0.5923228157381653,49
8,0.274,6.701535696164695,0.5927742639725583,49
8,0.275,6.700087221081643,0.5932205098130563,49
8,0.276,6.698642165742475,0.5936635349861984,49
8,0.277,6.6971645127762764,0.5940990427461108,49
8,0.278,6.695671901664672,0.5945289531004396,49
8,0.279,6.694164242001234,0.594953134174036,49
8,0.28,6.6926414433092996,0.5953714543214867,49
8,0.281,6.69108568531534,0.5957782415824603,49
8,0.282,6.6895150750083765,0.596185349134838,49
8,0.283,6.68794724015793,0.5965854404550125,49
8,0.284,6.686328422127735,0.5969785726944683,49
8,0.285,6.68473038578881,0.5973657748505425,49
8,0.286,6.6831171031659435,0.5977490826055635,49
8,0.287,6.681488485896649,0.5981227743933809,49
8,0.288,6.6798439666160725,0.5984895629256992,49
8,0.289,6.678183937403621,0.5988503786028937,49
8,0.29,6.676490581659225,0.599198660189661,49
8,0.291,6.67479926093697,0.5995440110469651,49
8,0.292,6.673091680519216,0.5998819510551111,49
8,0.293,6.671367755531772,0.6002123554220957,49
8,0.294,6.669627401660768,0.6005351001621803,49
8,0.295,6.667870535200746,0.6008500621357348,49
8,0.296,6.666097073102743,0.6011571190888039,49
8,0.297,6.664306933022324,0.6014561496923826,49
8,0.298,6.662482303595229,0.6017418532622195,49
8,0.299,6.660659031271098,0.6020246281618657,49
8,0.3,6.658818827047286,0.6022990141712868,49
8,0.301,6.656926152597998,0.6025655529085192,49
8,0.302,6.655052784562383,0.6028227792293978,49
8,0.303,6.653180437295302,0.603071140246895,49
8,0.304,6.651237648996256,0.6033143597264482,49
8,0.305,6.649332139311297,0.6035409105866201,49
8,0.306,6.647409699671794,0.6037610382243421,49
8,0.307,6.6454520620541615,0.6039732278029222,49
8,0.308,6.643476886892871,0.6041761240895835,49
8,0.309,6.641484585672921,0.6043673195610462,49
8,0.31,6.639493301240039,0.6045473912707198,49
8,0.311,6.637466562221324,0.604721649445001,49
8,0.312,6.635458453888412,0.6048871898242095,49
8,0.313,6.633379330834706,0.605042095336874,49
8,0.314,6.631300520207638,0.6051869081529566,49
8,0.315,6.6292219642000525,0.6053204423233026,49
8,0.316,6.627107679640392,0.6054450891025406,49
8,0.317,6.6249753420207345,0.6055595243623311,49
8,0.318,6.622824898755866,0.6056636544647453,49
8,0.319,6.620656299000086,0.6057573874598343,49
8,0.32,6.618451763918952,0.6058398970481012,49
8,0.321,6.616229443746416,0.6059149657240337,49
8,0.322,6.614007011299831,0.6059769217652714,49
8,0.323,6.611766214334766,0.6060281318985131,49
8,0.324,6.609507011882207,0.6060685130067233,49
8,0.325,6.607229364959288,0.6060979838327759,49
8,0.326,6.604933236610735,0.60611646500608,49
8,0.327,6.602618591949802,0.6061238790686665,49
8,0.328,6.600285398198638,0.6061201505007425,49
8,0.329,6.597933624728133,0.6061052057456999,49
8,0.33,6.595563243097165,0.6060789732345814,49
8,0.331,6.593174227091285,0.6060413834099972,49
8,0.332,6.5907488229884645,0.6059911981849403,49
8,0.333,6.588322936382389,0.6059307261062631,49
8,0.334,6.585878338905301,0.6058586994915819,49
8,0.335,6.583433223221519,0.6057766678393564,49
8,0.336,6.580951648105883,0.6056814005239884,49
8,0.337,6.5784513317928495,0.6055744026043183,49
8,0.338,6.575950474556323,0.6054543806043509,49
8,0.339,6.573431352220951,0.6053259961398867,49
8,0.34,6.570858034110965,0.6051838831158581,49
8,0.341,6.568284176396688,0.6050294293401981,49
8,0.342,6.565673842026509,0.6048653188126352,49
8,0.343,6.563062962942184,0.6046867945061443,49
8,0.344,6.560433817022916,0.604499050754625,49
8,0.345,6.557804624232161,0.604300212776995,49
8,0.346,6.555103532144862,0.6040872312481983,49
8,0.347,6.552438351032986,0.603861975294686,49
8,0.348,6.549719025522219,0.6036251424265897,49
8,0.349,6.546981505970959,0.603364489647115,49
8,0.35,6.544261745851512,0.6030999188514631,49
8,0.351,6.541542056896552,0.6028245558297937,49
8,0.352,6.538787036371115,0.6025362651402429,49
8,0.353,6.536014462473059,0.6022364912440384,49
8,0.354,6.533205698245539,0.601923877232494,49
8,0.355,6.530396725844364,0.6016023493281982,49
8,0.356,6.5275516643618605,0.6012650881378129,49
8,0.357,6.524688772493596,0.6009145570361337,49
8,0.358,6.521826312264221,0.6005531091739933,49
8,0.359,6.518927933193638,0.6001787087169355,49
8,0.36,6.516029633801498,0.5998014294432188,49
8,0.361,6.513095549654713,0.5994024915793238,49
8,0.362,6.510143476471182,0.5989911621530349,49
8,0.363,6.507191692681689,0.5985672010408187,49
8,0.364,6.504204343591799,0.5981311128177569,49
8,0.365,6.501199234710594,0.5976826550377681,49
8,0.366,6.498194654309866,0.5972196968875837,49
8,0.367,6.495154757583311,0.5967464834237189,49
8,0.368,6.492097359972528,0.596260942916922,49
8,0.369,6.488987570406498,0.5957680736865048,49
8,0.37,6.4858973358154834,0.5952578784614637,49
8,0.371,6.4827898545122515,0.5947354259528543,49
8,0.372,6.479665226292767,0.594200743322578,49
8,0.373,6.476523554222415,0.5936538602515007,49
8,0.374,6.473365424201525,0.5930941811231848,49
8,0.375,6.4701732163585115,0.5925193726944162,49
8,0.376,6.466982491840454,0.5919362763713666,49
8,0.377,6.463775158343105,0.5913411198764593,49
8,0.378,6.460569545512174,0.5907335812009941,49
8,0.379,6.457329849988087,0.5901144299829326,49
8,0.38,6.4540739287210664,0.5894833533437287,49
8,0.381,6.450801912185378,0.5888404011845751,49
8,0.382,6.447532143481966,0.5881825861445843,49
8,0.383,6.444211102938212,0.5875121876594713,49
8,0.384,6.440892588204917,0.5868339522616156,49
8,0.385,6.43755853415264,0.586144061337465,49
8,0.386,6.43419135849293,0.5854432522380695,49
8,0.387,6.430809409454833,0.5847331632623676,49
8,0.388,6.427430559249949,0.5840085834512514,49
8,0.389,6.424036756376734,0.5832726151826776,49
8,0.39,6.420646371237908,0.5825246783757851,49
8,0.391,6.417205911401322,0.5817676057424166,49
8,0.392,6.413769201689278,0.5809978615478204,49
8,0.393,6.410318204067212,0.5802170330992596,49
8,0.394,6.40683536325725,0.5794265911453589,49
8,0.395,6.403356784179391,0.578623799739169,49
8,0.396,6.39986443862308,0.5778101774834353,49
8,0.397,6.396341260644437,0.576986612884297,49
8,0.398,6.392823365164375,0.576151498610111,49
8,0.399,6.389292254637371,0.5753058273780739,49
8,0.4,6.385748123499599,0.5744496949640667,49
8,0.401,6.382173439487462,0.5735842873840971,49
8,0.402,6.378604330403415,0.5727074997222588,49
8,0.403,6.375022790780986,0.5718205528019891,49
8,0.404,6.371447716379025,0.5709240114563476,49
8,0.405,6.367825660589164,0.5700142764503747,49
8,0.406,6.364210014512022,0.5690976706769633,49
8,0.407,6.360565055900745,0.5681724475352908,49
8,0.408,6.356909201988553,0.5672383490213367,49
8,0.409,6.353260393603032,0.5662928056334594,49
8,0.41,6.349618856782186,0.5653379469518346,49
8,0.411,6.34593116364288,0.5643724515255131,49
8,0.412,6.342269412451808,0.5633980659179814,49
8,0.413,6.338579701869913,0.5624157508940448,49
8,0.414,6.334898208965402,0.5614255581619793,49
8,0.415,6.331207456770521,0.560423544867849,49
8,0.416,6.327489491709631,0.5594149348499664,49
8,0.417,6.323780978984478,0.5584024460190726,49
8,0.418,6.320046241060589,0.5573771925666092,49
8,0.419,6.316303260277867,0.556341175657524,49
8,0.42,6.312552292029328,0.5552996173780641,49
8,0.421,6.308793114938336,0.554250119576578,49
8,0.422,6.30502598966179,0.5531928248108141,49
8,0.423,6.3012511792934,0.5521278775077605,49
8,0.424,6.297468949325009,0.5510554239376477,49
8,0.425,6.293679567607068,0.5499756121874472,49
8,0.426,6.2898833043082965,0.548888592133856,49
8,0.427,6.286062702102166,0.5477963012636253,49
8,0.428,6.282253962910739,0.5466952890049962,49
8,0.429,6.2784573638790935,0.5455888869232962,49
8,0.43,6.274637257331844,0.544474556248528,49
8,0.431,6.270793924939411,0.5433521306389546,49
8,0.432,6.266963577673066,0.5422251429994586,49
8,0.433,6.263128292217568,0.5410920430939093,49
8,0.434,6.259324775213231,0.5399529650127629,49
8,0.435,6.255463732853317,0.5388117538380028,49
8,0.436,6.251616844250229,0.5376612005757547,49
8,0.437,6.2477661945015255,0.5365051983217761,49
8,0.438,6.243948498474069,0.5353479084872081,49
8,0.439,6.2400922001711985,0.5341816282677772,49
8,0.44,6.23623305931061,0.5330104131646511,49
8,0.441,6.232371377701923,0.5318344363057085,49
8,0.442,6.228489728967567,0.5306560950549228,49
8,0.443,6.224624345276511,0.5294710596954113,49
8,0.444,6.2207755333087675,0.5282821215110898,49
8,0.445,6.216907674202155,0.5270888148084748,49
8,0.446,6.213021077708994,0.5258927108893755,49
8,0.447,6.209116522597114,0.5246922380463355,49
8,0.448,6.2052479666248965,0.5234878062823702,49
8,0.449,6.201379305483871,0.522280044149189,49
8,0.45,6.197510854663705,0.5210691349939461,49
8,0.451,6.193625200961127,0.5198518024667091,49
8,0.452,6.1897413389955105,0.5186337190819212,49
8,0.453,6.185877305783207,0.5174146089534858,49
8,0.454,6.1820147329918855,0.5161930915064877,49
8,0.455,6.178136212245201,0.5149691483223919,49
8,0.456,6.174277992960078,0.5137433808248096,49
8,0.457,6.170422668532749,0.5125141174306712,49
8,0.458,6.166570563065375,0.5112847437311262,49
8,0.459,6.162721521975259,0.510053908218985,49
8,0.46,6.158875870775141,0.5088218018174782,49
8,0.461,6.155033935454019,0.507588615965206,49
8,0.462,6.1511960424164736,0.5063545425701148,49
8,0.463,6.14736251842162,0.5051197739629527,49
8,0.464,6.143551899852924,0.5038800164690719,49
8,0.465,6.139729066589352,0.5026404093122896,49
8,0.466,6.135894346644894,0.5014077053608786,49
8,0.467,6.132065786334025,0.5001740370851885,49
8,0.468,6.128261432293592,0.49893839288658526,49
8,0.469,6.124445674400974,0.49770094228212913,49
8,0.47,6.12063703901955,0.496464442783952,49
8,0.471,6.116853573076263,0.49523088834389395,49
8,0.472,6.113077396310427,0.4939983734763749,49
8,0.473,6.109308837505182,0.4927670919650205,49
8,0.474,6.105548225092741,0.49153723746726485,49
8,0.475,6.1017781573183445,0.4903123399904714,49
8,0.476,6.09805309829342,0.48908642918384126,49
8,0.477,6.094319238991514,0.4878619575958444,49
8,0.478,6.090594636124262,0.4866396880047915,49
8,0.479,6.086879615960171,0.4854198126290061,49
8,0.48,6.083174504032664,0.48420252324099716,49
8,0.481,6.079479625075689,0.4829880111126216,49
8,0.482,6.075795302959238,0.4817764669598889,49
8,0.483,6.07212186062479,0.4805680808874244,49
8,0.484,6.068459620020687,0.47936304233260535,49
8,0.485,6.064808902037482,0.47816154000939076,49
8,0.486,6.061170026443237,0.4769637618518614,49
8,0.487,6.0575433118188275,0.4757698949574892,49
8,0.488,6.053947284824476,0.4745836724281862,49
8,0.489,6.05032860473676,0.47339782808509673,49
8,0.49,6.0467412434839,0.47221693326429415,49
8,0.491,6.0431855148126745,0.47104182686673574,49
8,0.492,6.039626283555353,0.4698700297146023,49
8,0.493,6.03606386093584,0.4687034331070984,49
8,0.494,6.032516274733434,0.4675416624646428,49
8,0.495,6.028966091758782,0.46638786751729,49
8,0.496,6.025467264115132,0.4652377611343399,49
8,0.497,6.021965949029544,0.4640948149675463,49
8,0.498,6.018498377496587,0.46295629114156733,49
8,0.499,6.015046642239208,0.46182384338883453,49
8,0.5,6.011611043272331,0.46069764279775216,49
8,0.501,6.008191878509446,0.45957785881257934,49
8,0.502,6.004789443700651,0.458464659175675,49
8,0.503,6.001386302598595,0.4573579144975137,49
8,0.504,5.998018673682832,0.4562584088124438,49
8,0.505,5.994668636784599,0.4551659786556029,49
8,0.506,5.99131874887964,0.4540782648663926,49
8,0.507,5.988005221482264,0.45300054005122925,49
8,0.508,5.984710127271113,0.45193036388928975,49
8,0.509,5.981433745655341,0.45086789070009137,49
8,0.51,5.978176353383921,0.4498132726467632,49
8,0.511,5.974938224486531,0.44876665968132934,49
8,0.512,5.971701900442479,0.4477319518601138,49
8,0.513,5.968539995570638,0.44669481873157435,49
8,0.514,5.965362712405499,0.44567279635562074,49
8,0.515,5.962223983225162,0.4446606618590003,49
8,0.516,5.9590881414656485,0.4436559769987584,49
8,0.517,5.955991383854533,0.44266103232489673,49
8,0.518,5.95291624727455,0.44167188631529086,49
8,0.519,5.949844786168717,0.44069413416030945,49
8,0.52,5.946794979013861,0.43972562581792113,49
8,0.521,5.943767071252985,0.43876648613301134,49
8,0.522,5.940779514345204,0.43781328388310037,49
8,0.523,5.937796620086666,0.43687312965357156,49
8,0.524,5.934836353872109,0.4359426984162577,49
8,0.525,5.9318989478571424,0.4350221035909271,49
8,0.526,5.928984630679265,0.43411145565391124,49
8,0.527,5.926111836738355,0.43320865578990775,49
8,0.528,5.923245340079465,0.43231331014554925,49
8,0.529,5.9203853590449125,0.4314356617639453,49
8,0.53,5.9175675562255945,0.43056563778972967,49
8,0.531,5.914773933711521,0.42970606406957934,49
8,0.532,5.911986969339367,0.4288603683044868,49
8,0.533,5.909225064328203,0.42802004263350135,49
8,0.534,5.906524346036689,0.4271887743208331,49
8,0.535,5.903830874603994,0.42637174889321483,49
8,0.536,5.901162572514383,0.4255655975126451,49
8,0.537,5.898519628436691,0.4247703957026684,49
8,0.538,5.895902226953915,0.42398621564500355,49
8,0.539,5.893310548521183,0.42321312615688494,49
8,0.54,5.89070930987984,0.4224532855613472,49
8,0.541,5.888170537588554,0.4217025518610754,49
8,0.542,5.885640251583228,0.4209655505732819,49
8,0.543,5.883172752507228,0.4202335985842194,49
8,0.544,5.880714064070939,0.41951669901358346,49
8,0.545,5.878300281285962,0.41881243193111856,49
8,0.546,5.875877898913559,0.4181193158424268,49
8,0.547,5.873500721301499,0.4174368966170874,49
8,0.548,5.87120578980238,0.4167744374745003,49
8,0.549,5.8688854624202875,0.41611523310102544,49
8,0.55,5.866592584389298,0.41546765564453864,49
8,0.551,5.864345495956077,0.4148284436050554,49
8,0.552,5.862108396481518,0.4142041197134066,49
8,0.553,5.859917347056481,0.41358756526018964,49
8,0.554,5.857718808289061,0.4129864652870834,49
8,0.555,5.855584759480352,0.41240177851439647,49
8,0.556,5.853461172871924,0.4118243537275129,49
8,0.557,5.851348152560195,0.41125718600675565,49
8,0.558,5.849263995368177,0.41070091882702614,49
8,0.559,5.84722699362475,0.41015406473418553,49
8,0.56,5.845219028613732,0.4096236037245159,49
8,0.561,5.843239706847025,0.40910487431603876,49
8,0.562,5.841289109552964,0.40859786609031157,49
8,0.563,5.839349583325463,0.40810366505255863,49
8,0.564,5.837475336222392,0.40762210252560777,49
8,0.565,5.835612778366775,0.4071454998108142,49
8,0.566,5.833761972257731,0.4066852101942987,49
8,0.567,5.8319766327549925,0.40623866410273957,49
8,0.568,5.8302026767369926,0.4058016821442114,49
8,0.569,5.828458362027622,0.4053785716041674,49
8,0.57,5.826743732426774,0.40496482217912066,49
8,0.571,5.825040617699185,0.4045655375211416,49
8,0.572,5.823384979190345,0.4041746193765665,49
8,0.573,5.821758636944528,0.403795098415157,49
8,0.574,5.820179824654018,0.40342569003884404,49
8,0.575,5.818630844026165,0.4030676858946385,49
8,0.576,5.817093512465522,0.402721976700874,49
8,0.577,5.815585569597273,0.4023874516370025,49
8,0.578,5.814125229581209,0.4020657070684599,49
8,0.579,5.812676565255329,0.4017534167508923,49
8,0.58,5.811257301448226,0.40145212400730096,49
8,0.581,5.8098496984203205,0.4011559057728012,49
8,0.582,5.808507877753648,0.4008748058318573,49
8,0.583,5.807195892744543,0.4006032857778604,49
8,0.584,5.805895521720289,0.40034530252264955,49
8,0.585,5.8046426745710775,0.4001040785483693,49
8,0.586,5.803401390115337,0.3998674675090584,49
8,0.587,5.80217162941966,0.3996372899785928,49
8,0.588,5.800989755364658,0.3994226571117535,49
8,0.589,5.7998375102711135,0.3992172664170364,49
8,0.59,5.798696631762824,0.3990211322150962,49
8,0.591,5.797639407734159,0.39883830860945285,49
8,0.592,5.796575712236526,0.3986633919241707,49
8,0.593,5.795540937745049,0.3984984076889274,49
8,0.594,5.794535012269368,0.39834325891331596,49
8,0.595,5.79355785891302,0.3981978467662318,49
8,0.596,5.792609395889141,0.39806207063649984,49
8,0.597,5.791707745868438,0.39793242981417754,49
8,0.598,5.790835099702166,0.3978176724231289,49
8,0.599,5.789973164128998,0.39771015179811736,49
8,0.6,5.789121838550817,0.39761430721725244,49
8,0.601,5.788316944825988,0.3975250477878616,49
8,0.602,5.78755885263976,0.39743956082182874,49
8,0.603,5.786811520687137,0.39736826519061696,49
8,0.604,5.786110290011099,0.39730684858089116,49
8,0.605,5.7854018602428585,0.39724988674043393,49
8,0.606,5.784739761101314,0.3972046139855157,49
8,0.607,5.784105651879618,0.3971672615109998,49
8,0.608,5.783499396872109,0.3971387370873931,49
8,0.609,5.782920376513879,0.3971183961244033,49
8,0.61,5.782350716479349,0.39710617819132554,49
8,0.611,5.781826194940901,0.39710186231137845,49
8,0.612,5.781346658618736,0.39710998366236544,49
8,0.613,5.780858293042211,0.397118328134938,49
8,0.614,5.780414593353136,0.3971373767783297,49
8,0.615,5.780033602904018,0.39716083399265445,49
8,0.616,5.779643297441026,0.3971946242159509,49
8,0.617,5.779297171769721,0.3972367965867862,49
8,0.618,5.778959120596051,0.39728492089244166,49
8,0.619,5.778646691424611,0.39734000618539345,49
8,0.62,5.778360177372202,0.3973958885531463,49
8,0.621,5.7780639285966995,0.39746744870309836,49
8,0.622,5.777829125910994,0.3975425810325006,49
8,0.623,5.7776555717008815,0.3976222946424658,49
8,0.624,5.777489419741681,0.3977101756315683,49
8,0.625,5.77734820691437,0.3978048531355155,49
8,0.626,5.777195797595883,0.39790521012605284,49
8,0.627,5.7770856365649434,0.39801131586044697,49
8,0.628,5.776981568950191,0.39812063061150216,49
8,0.629,5.776919302463177,0.39823835263117674,49
8,0.63,5.776898614133979,0.3983595868358137,49
8,0.631,5.776883350361697,0.3984882820177677,49
8,0.632,5.776909220279785,0.39861904361911216,49
8,0.633,5.776940063396344,0.3987581737782048,49
8,0.634,5.776940183416352,0.39890482909362696,49
8,0.635,5.777017121866952,0.3990538832145361,49
8,0.636,5.777116007982074,0.39920774998094694,49
8,0.637,5.777236595635703,0.3993663043420963,49
8,0.638,5.7773973242942995,0.39952372163777317,49
8,0.639,5.7775620146073035,0.39969134060635164,49
8,0.64,5.777730411565209,0.39986182296920625,49
8,0.641,5.777938184557782,0.4000379166711048,49
8,0.642,5.778184593663676,0.4002154762635674,49
8,0.643,5.778433448550327,0.4003995062528315,49
8,0.644,5.778702212958278,0.40058735501219705,49
8,0.645,5.778991097535274,0.4007724732967565,49
8,0.646,5.779299830830004,0.40096751997455127,49
8,0.647,5.779627659354328,0.40116601858005885,49
8,0.648,5.780010725148744,0.4013621784073454,49
8,0.649,5.780376895034892,0.4015670488407889,49
8,0.65,5.780743617535293,0.40177661109541596,49
8,0.651,5.781146536152084,0.40198749982203946,49
8,0.652,5.7815853649939175,0.402198388541949,49
8,0.653,5.782023888841532,0.4024148212726622,49
8,0.654,5.782497756527867,0.40263227633876003,49
8,0.655,5.782953018820463,0.4028555077148398,49
8,0.656,5.78342530858832,0.40307887947577137,49
8,0.657,5.783932047555317,0.40330505631171093,49
8,0.658,5.784472937783645,0.4035338502893239,49
8,0.659,5.785011752410931,0.40376427673735926,49
8,0.66,5.785565919701789,0.40399665927984396,49
8,0.661,5.786171554993574,0.4042317693182235,49
8,0.662,5.786738769513824,0.4044652358402916,49
8,0.663,5.787303184319335,0.40470514151465925,49
8,0.664,5.787918616611234,0.4049392643911204,49
8,0.665,5.788530609735645,0.40518093328644816,49
8,0.666,5.789192511292538,0.40541987162618415,49
8,0.667,5.789814414900187,0.4056666382507621,49
8,0.668,5.790522011882121,0.4059069362762317,49
8,0.669,5.791224926673321,0.4061503354452803,49
8,0.67,5.79192237891906,0.4063961225716165,49
8,0.671,5.7926499939588165,0.406644428321408,49
8,0.672,5.793407948694491,0.4068918918641097,49
8,0.673,5.79414180349791,0.40713985730803953,49
8,0.674,5.794923120788868,0.40739119830165005,49
8,0.675,5.7956620002850325,0.407637727829654,49
8,0.676,5.796429512034176,0.4078870869559063,49
8,0.677,5.797207129602328,0.40813667766669304,49
8,0.678,5.798012744649576,0.4083832586848051,49
8,0.679,5.798810112046767,0.4086329741726742,49
8,0.68,5.799634852594779,0.4088823560568902,49
8,0.681,5.8004689300179235,0.409126863234975,49
8,0.682,5.801293828498341,0.409376051434265,49
8,0.683,5.802126959278265,0.409624932327866,49
8,0.684,5.802968003720515,0.4098734205671041,49
8,0.685,5.8037989133824,0.41012083392225773,49
8,0.686,5.804655296875305,0.4103683088142474,49
8,0.687,5.805518626624339,0.41061514076088895,49
8,0.688,5.806388584567891,0.41086124886283104,49
8,0.689,5.807247123127485,0.41110377690619415,49
8,0.69,5.8081121222944825,0.4113484966058155,49
8,0.691,5.809000983174913,0.41159201247491284,49
8,0.692,5.809895180374331,0.4118344912311815,49
8,0.693,5.810776668592958,0.41207538889680456,49
8,0.694,5.811699269483976,0.4123128201304152,49
8,0.695,5.812608532785722,0.41255169768928884,49
8,0.696,5.8135218753337465,0.4127892419863432,49
8,0.697,5.814439464574423,0.4130267194277323,49
8,0.698,5.815343259796214,0.41325947428701443,49
8,0.699,5.816286608317898,0.41349720267452017,49
8,0.7,5.817179605914983,0.4137265319816424,49
8,0.701,5.818129739174388,0.413954091462644,49
8,0.702,5.819028897649057,0.4141839124890762,49
8,0.703,5.819948632065769,0.4144128647534073,49
8,0.704,5.820888149104423,0.41463731617910193,49
8,0.705,5.821828939177828,0.4148598403223157,49
8,0.706,5.822771183023253,0.4150795940040587,49
8,0.707,5.823696853827335,0.41529152350992377,49
8,0.708,5.824641104080131,0.41550807515166494,49
8,0.709,5.825567701396734,0.41571954465800065,49
8,0.71,5.826512281437529,0.4159317739322658,49
8,0.711,5.827403156012767,0.4161428971209439,49
8,0.712,5.82833008936,0.41635008103001786,49
8,0.713,5.829274095722385,0.41655529496972044,49
8,0.714,5.830216682978043,0.41675806882923455,49
8,0.715,5.831175779668462,0.4169584717523375,49
8,0.716,5.832115180105527,0.4171561964366796,49
8,0.717,5.833034607976886,0.41735425636796025,49
8,0.718,5.833969716408948,0.41754667748151797,49
8,0.719,5.8348488351705585,0.41773517643191044,49
8,0.72,5.835779476718157,0.41792223847691934,49
8,0.721,5.836689017211218,0.4180997427452384,49
8,0.722,5.837613120236585,0.41828138489812783,49
8,0.723,5.838533315560603,0.4184601679841667,49
8,0.724,5.839449344814255,0.4186360515540135,49
8,0.725,5.84039737088278,0.4188203748941196,49
8,0.726,5.84126982716665,0.41899585240379666,49
8,0.727,5.84213831829356,0.41916717737327924,49
8,0.728,5.843038033546599,0.41933114488547646,49
8,0.729,5.843932311088433,0.41949204228832687,49
8,0.73,5.844839119936948,0.4196569330754204,49
8,0.731,5.845722295730877,0.41981179522959194,49
8,0.732,5.846617543428344,0.4199635057080479,49
8,0.733,5.847488704947482,0.4201120056393226,49
8,0.734,5.848353282304409,0.42025728276834956,49
8,0.735,5.849211050878144,0.420399308931956,49
8,0.736,5.850061789232771,0.4205380570731035,49
8,0.737,5.850905279166352,0.4206735012395919,49
8,0.738,5.851759515090149,0.42081281664900655,49
8,0.739,5.852588358449679,0.4209417862106579,49
8,0.74,5.8533916013125955,0.42107053705547964,49
8,0.741,5.854204966413935,0.42119267154880824,49
8,0.742,5.855028252989948,0.421310038153876,49
8,0.743,5.8558253368215105,0.42142529477415913,49
8,0.744,5.856631963590651,0.42153739640007054,49
8,0.745,5.857412496069193,0.4216396490627335,49
8,0.746,5.858184478405569,0.42174458160782874,49
8,0.747,5.8589472493787405,0.42184601353696133,49
8,0.748,5.859700631049519,0.42194393110752476,49
8,0.749,5.860444449239478,0.42203832166233984,49
8,0.75,5.861178533567745,0.4221291736275798,49
8,0.751,5.8619027174867515,0.4222164765106064,49
8,0.752,5.862616838316955,0.4223002208977126,49
8,0.753,5.863320737280508,0.4223803984517669,49
8,0.754,5.8640142595338824,0.42245700190975893,49
8,0.755,5.864697254199421,0.42253002508023835,49
8,0.756,5.865369574395853,0.4225994628406461,49
8,0.757,5.866031077267713,0.4226653111345331,49
8,0.758,5.866646164469058,0.4227282126451802,49
8,0.759,5.86730476509363,0.42279243422368273,49
8,0.76,5.867916673674747,0.4228524102042889,49
8,0.761,5.868535421562527,0.4229038879320839,49
8,0.762,5.869160887517175,0.4229517755352482,49
8,0.763,5.869757027504674,0.4229961050000112,49
8,0.764,5.8703419382608155,0.4230365805792643,49
8,0.765,5.870915511686503,0.423073700296642,49
8,0.766,5.871477164640335,0.42310724980002895,49
8,0.767,5.872026797798057,0.4231372355845243,49
8,0.768,5.87256431611182,0.4231636651765413,49
8,0.769,5.873107838158481,0.42318631811390295,49
8,0.77,5.873621350529584,0.4232056489382067,49
8,0.771,5.8741225011603175,0.42322145175461207,49
8,0.772,5.874611212557544,0.423233738151103,49
8,0.773,5.875087411584865,0.4232425207230665,49
8,0.774,5.875551029474258,0.4232478130681156,49
8,0.775,5.8760020018366,0.42324962978074276,49
8,0.776,5.876440268671086,0.4232479864468007,49
8,0.777,5.876883983704771,0.4232424928850935,49
8,0.778,5.877298127891602,0.4232422218574676,49
8,0.779,5.877700864611218,0.42323339828590484,49
8,0.78,5.87809119404828,0.4232178202587318,49
8,0.781,5.878486809980873,0.42320207092412643,49
8,0.782,5.878851753880409,0.4231798787806961,49
8,0.783,5.8792219380004935,0.4231575324218684,49
8,0.784,5.879544162753162,0.42312872903961696,49
8,0.785,5.879890277072558,0.42309724853409963,49
8,0.786,5.880205652688623,0.42306194951072995,49
8,0.787,5.880526700568417,0.42302572603104494,49
8,0.788,5.880817490771653,0.4229840600072473,49
8,0.789,5.881095755092706,0.4229392237375081,49
8,0.79,5.881379709601836,0.4228966968084704,49
8,0.791,5.881632959227466,0.42284576040181937,49
8,0.792,5.881873249904348,0.422791756368886,49
8,0.793,5.882118811552998,0.4227373624141044,49
8,0.794,5.88231649200452,0.42267809442039955,49
8,0.795,5.8825381875824405,0.4226109801224118,49
8,0.796,5.882729317366932,0.42254491119015797,49
8,0.797,5.882889920964236,0.4224785459473523,49
8,0.798,5.883056449163704,0.4224067190572628,49
8,0.799,5.883193011770883,0.42233355926965754,49
8,0.8,5.883335110005748,0.4222561669930536,49
8,0.801,5.8834828020144,0.42217479805680097,49
8,0.802,5.883618432626011,0.42209045242835885,49
8,0.803,5.88370614192103,0.42199745088106727,49
8,0.804,5.883817867859254,0.4219086723989349,49
8,0.805,5.883899550308231,0.4218180045359792,49
8,0.806,5.883968999736649,0.42172478184545287,49
8,0.807,5.88402630107742,0.42162904706725357,49
8,0.808,5.884071543479173,0.42153084366553384,49
8,0.809,5.884104820284463,0.4214302158173855,49
8,0.81,5.884144438338273,0.4213233582729741,49
8,0.811,5.884172781669595,0.42121892858849064,49
8,0.812,5.884171759154954,0.4211112454495948,49
8,0.813,5.8841592110212835,0.4210013211426234,49
8,0.814,5.884153461137429,0.4208903422399597,49
8,0.815,5.8841009713610575,0.4207781300076416,49
8,0.816,5.884055521610568,0.4206617632853307,49
8,0.817,5.883999029736473,0.42054335304241736,49
8,0.818,5.883931626890145,0.4204229493940249,49
8,0.819,5.883853448162154,0.42030060305137606,49
8,0.82,5.883765112109892,0.42017324084205204,49
8,0.821,5.883684971216508,0.4200493099930403,49
8,0.822,5.883594975563296,0.4199210506227625,49
8,0.823,5.8834770793243925,0.41979135642649745,49
8,0.824,5.883349647260751,0.4196573976151378,49
8,0.825,5.88321283883149,0.41952430056767254,49
8,0.826,5.883030878385872,0.41938794814985675,49
8,0.827,5.882875787538725,0.4192517961498267,49
8,0.828,5.8827113189463835,0.41911418026390673,49
8,0.829,5.882537647520932,0.41897515640841054,49
8,0.83,5.882354951729272,0.4188347809546117,49
8,0.831,5.882181622885121,0.4186942813613883,49
8,0.832,5.881981919483087,0.4185514149037777,49
8,0.833,5.881810179134522,0.4184206505482656,49
8,0.834,5.881594740488454,0.4182758203475275,49
8,0.835,5.881407678252573,0.41812902304248745,49
8,0.836,5.881177338327126,0.41798209490723526,49
8,0.837,5.880921654162288,0.4178355113200772,49
8,0.838,5.880676759928693,0.4176867368154194,49
8,0.839,5.880406926931474,0.41753684867700724,49
8,0.84,5.880148295977213,0.4173865060938266,49
8,0.841,5.87990108401447,0.4172328587183988,49
8,0.842,5.87966600275024,0.41708227235471446,49
8,0.843,5.879371421561917,0.4169295402842155,49
8,0.844,5.87907122430605,0.41677120121366085,49
8,0.845,5.878765629171023,0.41661678905125016,49
8,0.846,5.8784725872715144,0.4164632777995404,49
8,0.847,5.878138666036143,0.4163158237936919,49
8,0.848,5.877854168356167,0.41615889057718997,49
8,0.849,5.877546990950808,0.4160043166845154,49
8,0.85,5.877235108883512,0.41584959561035645,49
8,0.851,5.876918770063419,0.41569479019039945,49
8,0.852,5.876598224966944,0.41553996342349103,49
8,0.853,5.876273726586497,0.4153851784593845,49
8,0.854,5.875945530378707,0.41523049858660466,49
8,0.855,5.875596164439838,0.41507623628593576,49
8,0.856,5.87526181623886,0.41492195473762605,49
8,0.857,5.874924539250233,0.41476796881509476,49
8,0.858,5.874584598526313,0.41461434224651067,49
8,0.859,5.874242261312106,0.4144611388399809,49
8,0.86,5.873897796990797,0.4143084224722474,49
8,0.861,5.873551477028867,0.41415625707753906,49
8,0.862,5.87318584514846,0.4140027944981535,49
8,0.863,5.872837104057483,0.41385196128699736,49
8,0.864,5.872469592307171,0.4137031168718501,49
8,0.865,5.872119516647491,0.41355380830978533,49
8,0.866,5.871768949325137,0.413405370810339,49
8,0.867,5.871418173652474,0.41325786841848516,49
8,0.868,5.871067474618906,0.41311136516384056,49
8,0.869,5.870717138833141,0.41296592505087676,49
8,0.87,5.8703674544651,0.4128216120493168,49
8,0.871,5.870018711187512,0.4126784900847209,49
8,0.872,5.86967120011719,0.41253662302926175,49
8,0.873,5.869325213755985,0.4123960746926896,49
8,0.874,5.868963316159142,0.41225510405437227,49
8,0.875,5.868621729661486,0.4121174497560571,49
8,0.876,5.868282541503537,0.4119813029891112,49
8,0.877,5.867946049397418,0.41184672729066896,49
8,0.878,5.867594822362976,0.41171139744051366,49
8,0.879,5.867265087453041,0.4115802005658598,49
8,0.88,5.8669389363786015,0.4114507641609577,49
8,0.881,5.866598941301527,0.41132632549577686,49
8,0.882,5.866281332227996,0.4112005321168811,49
8,0.883,5.865950473860792,0.41107727700847874,49
8,0.884,5.865642597949635,0.410955428013683,49
8,0.885,5.865339800584281,0.41083565512501,49
8,0.886,5.865042387758745,0.410718020617892,49
8,0.887,5.864750665978144,0.41060258659889287,49
8,0.888,5.8644649421965935,0.4104894149995017,49
8,0.889,5.864167793982626,0.410380435034079,49
8,0.89,5.863859996697943,0.41026967510683066,49
8,0.891,5.86359550369251,0.4101636509509909,49
8,0.892,5.86333820523995,0.4100601357135248,49
8,0.893,5.863070680623449,0.40996063689555645,49
8,0.894,5.862829166196483,0.4098622859512561,49
8,0.895,5.862578032233774,0.40976635754887725,49
8,0.896,5.862335785508023,0.4096732361651533,49
8,0.897,5.862120453367685,0.4095831793300225,49
8,0.898,5.861896406213805,0.4094966983346457,49
8,0.899,5.861699880517809,0.40941243675316863,49
8,0.9,5.861495246341094,0.40933262537587306,49
8,0.901,5.861318739684006,0.40925436496913764,49
8,0.902,5.861117000233089,0.4091750583042004,49
8,0.903,5.860926730951231,0.4091081068754361,49
8,0.904,5.860783675627226,0.40903932492848,49
8,0.905,5.8606162638923855,0.40897934265350716,49
8,0.906,5.860478927546852,0.40892020720295685,49
8,0.907,5.860371481992427,0.4088612434476686,49
8,0.908,5.860240564563544,0.40880699009360383,49
8,0.909,5.860158335000181,0.40875498502847246,49
8,0.91,5.860088679426395,0.40870655572884096,49
8,0.911,5.860031901540245,0.40866175861057535,49
8,0.912,5.859988303889304,0.40862064980499513,49
8,0.913,5.859958187808668,0.40858328515503123,49
8,0.914,5.859924123586639,0.40854432726599504,49
8,0.915,5.8599223371886175,0.4085147474270717,49
8,0.916,5.859917187108867,0.40848895348129405,49
8,0.917,5.859927166948246,0.40846874185253684,49
8,0.918,5.859970289493099,0.40845101938052064,49
8,0.919,5.860028638965727,0.40843736780189416,49
8,0.92,5.860102507257771,0.408427840863559,49
8,0.921,5.860192184537713,0.4084224919915815,49
8,0.922,5.860297959189693,0.40842137428681696,49
8,0.923,5.8604201177524065,0.4084245405204221,49
8,0.924,5.8605589448581075,0.40843204312924736,49
8,0.925,5.860714723171722,0.4084439342110992,49
8,0.926,5.860887733330074,0.4084602655198593,49
8,0.927,5.8610782538812245,0.40848108846045383,49
8,0.928,5.86128656122396,0.4085064540836603,49
8,0.929,5.861512929547405,0.4085364130807442,49
8,0.93,5.861757630770779,0.40857101577791277,49
8,0.931,5.862020934483313,0.40861031213058047,49
8,0.932,5.8623031078843235,0.40865435171743336,49
8,0.933,5.862604415723457,0.4087031837342839,49
8,0.934,5.862925120241102,0.4087568569877094,49
8,0.935,5.8632477513366705,0.4088164030730981,49
8,0.936,5.863608493295204,0.40887986618016275,49
8,0.937,5.863989391414369,0.40894831585310465,49
8,0.938,5.8643906975717295,0.40902179923326465,49
8,0.939,5.864794931062707,0.40910236574403874,49
8,0.94,5.865220535555798,0.4091852883039655,49
8,0.941,5.865685472506354,0.40927413854057704,49
8,0.942,5.866171773410865,0.40936820641432975,49
8,0.943,5.866661946271999,0.4094673505556607,49
8,0.944,5.867192152996101,0.40957195168173455,49
8,0.945,5.867708956477661,0.40968240420919444,49
8,0.946,5.868284439740451,0.40979774657809426,49
8,0.947,5.868864680149733,0.40992020974761445,49
8,0.948,5.869485827394297,0.41004643018479725,49
8,0.949,5.870129891454534,0.41017817587282257,49
8,0.95,5.870797088173336,0.410315488214763,49
8,0.951,5.871487629870087,0.4104584080783707,49
8,0.952,5.872201725286182,0.4106069757846234,49
8,0.953,5.872921849758532,0.4107657963529705,49
8,0.954,5.873684131951528,0.41092565698207517,49
8,0.955,5.874470560489513,0.41109128592079575,49
8,0.956,5.87526359975734,0.41125789402453555,49
8,0.957,5.876099367302204,0.41143530750026003,49
8,0.958,5.876942110694907,0.4116155182933767,49
8,0.959,5.877827939889705,0.41180480444332096,49
8,0.96,5.878738824527484,0.4120000373391533,49
8,0.961,5.879674939510619,0.41220125186258,49
8,0.962,5.880636455620998,0.4124084822160557,49
8,0.963,5.8816058096973265,0.4126239502545403,49
8,0.964,5.882619091370978,0.41284323147191254,49
8,0.965,5.88365824970242,0.4130686295056413,49
8,0.966,5.884687979213471,0.41329760447027364,49
8,0.967,5.8857802840790585,0.41353539785748755,49
8,0.968,5.886898891450987,0.41377939807162667,49
8,0.969,5.888043942662304,0.414029634084038,49
8,0.97,5.889215574517667,0.4142861340618149,49
8,0.971,5.89037845970197,0.41454494577849726,49
8,0.972,5.891569120761069,0.41481325822776977,49
8,0.973,5.892823116999606,0.41508887626661967,49
8,0.974,5.894086419287503,0.41537506957156634,49
8,0.975,5.895395069390823,0.41566333436287933,49
8,0.976,5.896713238178985,0.41595983190331143,49
8,0.977,5.8980769579931875,0.4162608810558756,49
8,0.978,5.8994681199582555,0.4165683881351191,49
8,0.979,5.900851360021681,0.4168781730158777,49
8,0.98,5.9022986231522365,0.41719874194512874,49
8,0.981,5.90375584689837,0.41752734209429965,49
8,0.982,5.9052413096131104,0.4178573211747008,49
8,0.983,5.906772805223416,0.41819753141797633,49
8,0.984,5.908332195502761,0.41854430326862285,49
8,0.985,5.909919546327171,0.4188976507251557,49
8,0.986,5.911534918305798,0.4192575866904277,49
8,0.987,5.913178366743311,0.4196241229526808,49
8,0.988,5.914849941602835,0.4199972701666108,49
8,0.989,5.916549687469481,0.42037703783446195,49
8,0.99,5.918277643514454,0.42076343428716984,49
8,0.991,5.920033843459748,0.4211564666655729,49
8,0.992,5.921818315543453,0.421556140901707,49
8,0.993,5.923631082485664,0.42196246170020857,49
8,0.994,5.925454431682684,0.42237713998617166,49
8,0.995,5.92732430196,0.42279671862333906,49
8,0.996,5.929222490226074,0.42322295147542854,49
8,0.997,5.931148997066862,0.4236558381294798,49
8,0.998,5.933103817383763,0.4240953768548987,49
8,0.999,5.9350692105911405,0.42454120939935597,49
9,0.0,6.8005859740148065,0.49709081430339613,47
9,0.001,6.80136329356833,0.49757296550239644,47
9,0.002,6.802176939760385,0.49806087750838984,47
9,0.003,6.803027252785088,0.4985440795945236,47
9,0.004,6.803876610892831,0.49902890407832423,47
9,0.005,6.804724342305259,0.4995138650420683,47
9,0.006,6.805588740740859,0.4999993103809401,47
9,0.007,6.80646960943056,0.500485169776398,47
9,0.008,6.807385729621784,0.5009678897241321,47
9,0.009,6.808299436493515,0.5014542668127837,47
9,0.01,6.809228999499613,0.5019408458696623,47
9,0.011,6.810174197928531,0.5024275575179884,47
9,0.012,6.811134805216465,0.5029143326713397,47
9,0.013,6.812110589031042,0.5034011025500625,47
9,0.014,6.813101311356277,0.5038877986974323,47
9,0.015,6.814106728578752,0.5043743529955523,47
9,0.016,6.815126591574984,0.5048606976809897,47
9,0.017,6.816160645799991,0.5053467653601387,47
9,0.018,6.817208631376986,0.5058324890243071,47
9,0.019,6.818270283188192,0.5063178020645225,47
9,0.02,6.819345330966756,0.5068026382860494,47
9,0.021,6.8204334993897175,0.5072869319226165,47
9,0.022,6.8215345081720145,0.5077706176503453,47
9,0.023,6.8226480721614955,0.5082536306013818,47
9,0.024,6.823792885631301,0.5087358971618374,47
9,0.025,6.824931198213531,0.5092173577615068,47
9,0.026,6.826081195260755,0.50969795322264,47
9,0.027,6.827242573423461,0.5101776206141082,47
9,0.028,6.82841502498049,0.5106562975240017,47
9,0.029,6.829598237939578,0.511133922071382,47
9,0.03,6.830791896138685,0.5116104329177102,47
9,0.031,6.831995679348097,0.5120857692779524,47
9,0.032,6.833209263373272,0.5125598709313556,47
9,0.033,6.834451304354759,0.5130326772354727,47
9,0.034,6.835684014709173,0.5135041212582682,47
9,0.035,6.8369255434976886,0.5139741529231809,47
9,0.036,6.838175552010231,0.5144427143516609,47
9,0.037,6.839433698102359,0.5149097482779184,47
9,0.038,6.840718620498372,0.515374826526347,47
9,0.039,6.841992514735266,0.5158386182657055,47
9,0.04,6.843273513534102,0.5163007138550219,47
9,0.041,6.844580246583265,0.5167598343649444,47
9,0.042,6.845874900714635,0.5172183303997846,47
9,0.043,6.847175600276307,0.5176749666034758,47
9,0.044,6.84848198272076,0.5181296901677013,47
9,0.045,6.849793682945446,0.5185824489563405,47
9,0.046,6.851129317599359,0.5190318606260109,47
9,0.047,6.852451061030201,0.5194804962929418,47
9,0.048,6.853796009855079,0.519926569198548,47
9,0.049,6.85512633438682,0.5203708998848606,47
9,0.05,6.856460143239467,0.5208130136509859,47
9,0.051,6.857797058918257,0.5212528624671813,47
9,0.052,6.859155686358215,0.5216915511134997,47
9,0.053,6.860517173068817,0.5221239510706079,47
9,0.054,6.861862165345966,0.5225566788544581,47
9,0.055,6.863208764125921,0.5229869556038919,47
9,0.056,6.864575569002809,0.5234157178294975,47
9,0.057,6.865924738407798,0.5238409846510422,47
9,0.058,6.867274369984372,0.5242636698149741,47
9,0.059,6.868624076178552,0.5246837310342342,47
9,0.06,6.869973468581079,0.5251011267511189,47
9,0.061,6.871322158038691,0.5255158161387139,47
9,0.062,6.87266975476518,0.5259277591020435,47
9,0.063,6.874015868452208,0.5263369162789415,47
9,0.064,6.875379092576215,0.5267427996662375,47
9,0.065,6.876721580345397,0.5271462493977443,47
9,0.066,6.8780614250732155,0.5275467990271786,47
9,0.067,6.879417219963012,0.5279424448602086,47
9,0.068,6.880751118284698,0.5283370255672973,47
9,0.069,6.882100197943557,0.5287253074676105,47
9,0.07,6.883426612904025,0.5291137435165929,47
9,0.071,6.884748457791997,0.5294991005241,47
9,0.072,6.886065343480959,0.5298813456142418,47
9,0.073,6.887376881429669,0.530260446636638,47
9,0.074,6.888701667984961,0.5306335959758741,47
9,0.075,6.890001860324252,0.5310062490913008,47
9,0.076,6.891295556824335,0.5313756646126043,47
9,0.077,6.892582372644574,0.5317418132445264,47
9,0.078,6.893861924061521,0.5321046664053266,47
9,0.079,6.895152812768472,0.5324610124033421,47
9,0.08,6.896455170207412,0.5328172987506875,47
9,0.081,6.897712189607789,0.533170024839201,47
9,0.082,6.898979446289739,0.5335172808362156,47
9,0.083,6.900219108789119,0.5338631110291261,47
9,0.084,6.901506240271247,0.5342186106030298,47
9,0.085,6.902747085814848,0.5345558523944686,47
9,0.086,6.90395927336826,0.5348915517611483,47
9,0.087,6.905160920546112,0.5352237340429048,47
9,0.088,6.906351662896475,0.5355523777059239,47
9,0.089,6.907531138226981,0.5358774618906507,47
9,0.09,6.9086989866992035,0.5361989664071496,47
9,0.091,6.909854850922031,0.5365168717303453,47
9,0.092,6.9110173602403675,0.5368292304404938,47
9,0.093,6.912148706663126,0.5371398266074529,47
9,0.094,6.913286009413403,0.5374460903249174,47
9,0.095,6.914391466332977,0.5377493213389491,47
9,0.096,6.915483218464669,0.5380488623547398,47
9,0.097,6.916560925617907,0.5383446976482102,47
9,0.098,6.917643234881607,0.538637963243887,47
9,0.099,6.918711340741863,0.5389241642753199,47
9,0.1,6.919745941265684,0.5392087539216383,47
9,0.101,6.920784178121836,0.5394922697240928,47
9,0.102,6.9218072564043664,0.5397702637288585,47
9,0.103,6.922795885043489,0.5400435942473986,47
9,0.104,6.923768232626417,0.5403131257170819,47
9,0.105,6.924723987184076,0.5405788472316585,47
9,0.106,6.925662840497868,0.54084074846446,47
9,0.107,6.926584488174362,0.541098819662468,47
9,0.108,6.927488629718608,0.5413530516403613,47
9,0.109,6.928374968606075,0.5416034357745527,47
9,0.11,6.929262196549561,0.5418479928361293,47
9,0.111,6.930112569405056,0.5420906022443077,47
9,0.112,6.930963271699434,0.5423287851717339,47
9,0.113,6.931776568012154,0.5425636402532664,47
9,0.114,6.932589651730876,0.5427937529796059,47
9,0.115,6.933364796430317,0.5430208049311754,47
9,0.116,6.934139204625034,0.5432430914235956,47
9,0.117,6.934894143341765,0.5434601842040047,47
9,0.118,6.93564835290244,0.5436773792051927,47
9,0.119,6.936364138593995,0.5438864740274653,47
9,0.12,6.937040766797998,0.5440939650391872,47
9,0.121,6.937715464693561,0.544299259896276,47
9,0.122,6.938369524284018,0.5444966680109404,47
9,0.123,6.938983742779968,0.5446924322152492,47
9,0.124,6.939595362588376,0.5448800865800715,47
9,0.125,6.94016670690764,0.5450679156160083,47
9,0.126,6.940716044269355,0.5452518265166888,47
9,0.127,6.94126214825923,0.5454303979987373,47
9,0.128,6.941767357628851,0.5456064378373904,47
9,0.129,6.942249956602024,0.5457785614030863,47
9,0.13,6.942709750394556,0.5459467704591282,47
9,0.131,6.943165533680931,0.5461080125530154,47
9,0.132,6.9436176348617575,0.5462674244126333,47
9,0.133,6.944009448037181,0.5464237906415189,47
9,0.134,6.944434721636705,0.5465700656029847,47
9,0.135,6.944799905347091,0.5467205302701333,47
9,0.136,6.945141819429553,0.5468644091953109,47
9,0.137,6.945441337286332,0.5470050954698661,47
9,0.138,6.945716793923955,0.547141893271801,47
9,0.139,6.945968045689846,0.5472748081002349,47
9,0.14,6.946194954528684,0.5474038458503737,47
9,0.141,6.946397388006383,0.5475290128094517,47
9,0.142,6.946594203528799,0.5476482415750331,47
9,0.143,6.946747824199142,0.5477656262935,47
9,0.144,6.946895603297011,0.5478846732649018,47
9,0.145,6.947018959807608,0.5479962066715056,47
9,0.146,6.947098818768642,0.5481022493151658,47
9,0.147,6.947153567026851,0.5482044694718219,47
9,0.148,6.947183112960054,0.5483028761135862,47
9,0.149,6.9471873707189395,0.5483974785766385,47
9,0.15,6.947166260236495,0.548488286558148,47
9,0.151,6.94713869143217,0.5485727000032358,47
9,0.152,6.947105108447546,0.5486541568086809,47
9,0.153,6.947009521553632,0.5487343707624879,47
9,0.154,6.946870359287145,0.5488115006809463,47
9,0.155,6.946706043930808,0.5488847425146963,47
9,0.156,6.946553988071082,0.5489504999487985,47
9,0.157,6.9463582143332925,0.5490219067054534,47
9,0.158,6.9461561601638335,0.5490846473289389,47
9,0.159,6.945929329106966,0.5491426914543817,47
9,0.16,6.945658731130216,0.5491957777390423,47
9,0.161,6.945362338393886,0.5492452041340881,47
9,0.162,6.945040144593815,0.5492909843146857,47
9,0.163,6.944730117609206,0.5493307345138295,47
9,0.164,6.944357351164533,0.5493692022229301,47
9,0.165,6.943940341112975,0.549401062847895,47
9,0.166,6.943498076669841,0.549432857674281,47
9,0.167,6.94301208465444,0.5494644860314633,47
9,0.168,6.942557806577227,0.549486403050917,47
9,0.169,6.94206035422133,0.5495076104095415,47
9,0.17,6.941519770109401,0.5495251743585858,47
9,0.171,6.940955074824604,0.5495367744245966,47
9,0.172,6.940365811280381,0.5495478700812396,47
9,0.173,6.939770012794184,0.549554208043481,47
9,0.174,6.939148762442176,0.5495570849863298,47
9,0.175,6.938502632999937,0.5495530657701077,47
9,0.176,6.937831703076587,0.5495490728203489,47
9,0.177,6.937154541282256,0.5495416825604117,47
9,0.178,6.936433781676449,0.5495308797509981,47
9,0.179,6.935688504000055,0.5495207023926629,47
9,0.18,6.934918809479183,0.5495031050260721,47
9,0.181,6.934143289218087,0.5494802316748787,47
9,0.182,6.933306115411647,0.5494582790560975,47
9,0.183,6.932482330324345,0.5494305970368775,47
9,0.184,6.931616117269781,0.549401779441809,47
9,0.185,6.930726089587254,0.5493677556734494,47
9,0.186,6.929811881883715,0.5493305025251406,47
9,0.187,6.928873633864952,0.5492900414183036,47
9,0.188,6.927911490327227,0.5492463940752563,47
9,0.189,6.926907616848312,0.5491931508410146,47
9,0.19,6.925881140391123,0.5491398216867189,47
9,0.191,6.924831709284616,0.549088111270749,47
9,0.192,6.923777961239537,0.5490320158666834,47
9,0.193,6.922701083037801,0.5489728421067204,47
9,0.194,6.921601250450017,0.5489106135057724,47
9,0.195,6.920460159757899,0.5488401813331497,47
9,0.196,6.9193154522240485,0.5487720548325307,47
9,0.197,6.91816731797211,0.5487016157021489,47
9,0.198,6.9170354485222605,0.5486378056030972,47
9,0.199,6.91582616031395,0.5485610850671437,47
9,0.2,6.91457662668902,0.5484775320762816,47
9,0.201,6.913325012988958,0.5484016711743958,47
9,0.202,6.912071533480671,0.5483160442609094,47
9,0.203,6.910778451298344,0.5482280162865504,47
9,0.204,6.909464474093575,0.5481371942963533,47
9,0.205,6.90812982948848,0.5480436053157015,47
9,0.206,6.906774749245689,0.5479472766505532,47
9,0.207,6.905399469206691,0.5478482358853267,47
9,0.208,6.904004229229322,0.5477465108806555,47
9,0.209,6.90258927312438,0.5476421297710078,47
9,0.21,6.901154848591415,0.5475351209621726,47
9,0.211,6.899739175546485,0.5474203983267111,47
9,0.212,6.898286581926209,0.5473043362522242,47
9,0.213,6.896796839985213,0.547189374079719,47
9,0.214,6.89528869744987,0.5470718945227457,47
9,0.215,6.893762421390628,0.546951927173084,47
9,0.216,6.892218282384307,0.5468295018733641,47
9,0.217,6.890656554444984,0.5467046487134306,47
9,0.218,6.8890775149542245,0.5465773980265352,47
9,0.219,6.887481444590686,0.5464477803853532,47
9,0.22,6.885868627259099,0.5463158265978179,47
9,0.221,6.884220865787948,0.5461774423570731,47
9,0.222,6.882575906378676,0.5460410153435794,47
9,0.223,6.880953026662232,0.5458970213739733,47
9,0.224,6.8792776114626815,0.5457560137373528,47
9,0.225,6.87756844482374,0.5456135552667604,47
9,0.226,6.875863285413507,0.5454681982705866,47
9,0.227,6.874143454648036,0.545320722369531,47
9,0.228,6.872409260779929,0.5451711600967006,47
9,0.229,6.870661514592545,0.5450188613062432,47
9,0.23,6.868882045451946,0.5448598291140055,47
9,0.231,6.867089641521863,0.5447061882322128,47
9,0.232,6.865322077783857,0.5445459189164952,47
9,0.233,6.863523235731971,0.5443863149111009,47
9,0.234,6.861711923526897,0.5442248184650696,47
9,0.235,6.859869982970964,0.5440600337981881,47
9,0.236,6.858054182379886,0.54389409277777,47
9,0.237,6.856208412078983,0.5437271394880803,47
9,0.238,6.854333004522272,0.5435602900902337,47
9,0.239,6.852466249984579,0.5433879043287332,47
9,0.24,6.8505895008095425,0.5432156735842103,47
9,0.241,6.848702595495624,0.5430417867465502,47
9,0.242,6.8468058740643265,0.5428662782410605,47
9,0.243,6.844918662213572,0.5426875327682923,47
9,0.244,6.843003847077016,0.5425088418252121,47
9,0.245,6.841061773179489,0.5423294632755211,47
9,0.246,6.839149226555994,0.5421435959810873,47
9,0.247,6.8372290986746265,0.5419604646739038,47
9,0.248,6.835282766622925,0.5417757404834004,47
9,0.249,6.83332906457662,0.5415896342027702,47
9,0.25,6.8313688433976445,0.5414000824846085,47
9,0.251,6.829383970915403,0.5412121528760978,47
9,0.252,6.827411756371473,0.5410219253184182,47
9,0.253,6.825452553917895,0.5408278703640644,47
9,0.254,6.82348824677171,0.5406350814044848,47
9,0.255,6.821500219042923,0.5404411472815568,47
9,0.256,6.81954527979382,0.5402480533652652,47
9,0.257,6.8175303901156505,0.5400538195338711,47
9,0.258,6.815549316529235,0.5398538091245011,47
9,0.259,6.81354597744069,0.5396554384859783,47
9,0.26,6.81153921595544,0.5394560616568805,47
9,0.261,6.809529891052179,0.5392577107028178,47
9,0.262,6.807537346294493,0.5390557373091989,47
9,0.263,6.805523985594435,0.5388534851155837,47
9,0.264,6.803509153010987,0.5386516367606179,47
9,0.265,6.801493208548885,0.5384476465141173,47
9,0.266,6.799457528086898,0.5382452775537376,47
9,0.267,6.797439927469861,0.5380396514395523,47
9,0.268,6.795421782208673,0.537833293002383,47
9,0.269,6.793403451573326,0.5376262347365102,47
9,0.27,6.79140427852312,0.5374160575649565,47
9,0.271,6.789387165474111,0.5372076385654531,47
9,0.272,6.787389938690336,0.5369985083124853,47
9,0.273,6.785394483727391,0.5367864421342734,47
9,0.274,6.783382185695888,0.5365762195222806,47
9,0.275,6.781371884936728,0.5363654833927377,47
9,0.276,6.779363936664127,0.5361542643753479,47
9,0.277,6.777340210899893,0.5359362124561831,47
9,0.278,6.775320032698972,0.5357220508516422,47
9,0.279,6.773322226342797,0.5355097466341429,47
9,0.28,6.771328159175246,0.5352970755313147,47
9,0.281,6.769319697275765,0.5350833408169111,47
9,0.282,6.767334645722021,0.5348700534251191,47
9,0.283,6.765354368264676,0.5346564837960928,47
9,0.284,6.763379211429764,0.53444265984149,47
9,0.285,6.761372551800661,0.534228799795367,47
9,0.286,6.759409645001384,0.5340145512764751,47
9,0.287,6.7574533650764455,0.5338049134826296,47
9,0.288,6.7555040531177015,0.5335906316989404,47
9,0.289,6.75356154881463,0.5333762330807162,47
9,0.29,6.7516077058094055,0.5331594139736401,47
9,0.291,6.7496803161973284,0.5329449090373996,47
9,0.292,6.747779714405165,0.53272760797472,47
9,0.293,6.745868777137542,0.5325129701740433,47
9,0.294,6.743966319391387,0.5322983356088501,47
9,0.295,6.742073169848334,0.5320756163282734,47
9,0.296,6.740189655412521,0.5318613272231825,47
9,0.297,6.738315601160487,0.531647103919943,47
9,0.298,6.736451329933881,0.5314329680078359,47
9,0.299,6.734597162325505,0.5312189405155748,47
9,0.3,6.73273493240115,0.5310050479032685,47
9,0.301,6.7309024121744265,0.5307912909338,47
9,0.302,6.729080931297554,0.5305777024351029,47
9,0.303,6.727270801179921,0.5303643010873641,47
9,0.304,6.725472330747913,0.5301511049680032,47
9,0.305,6.723648857940566,0.5299343424693913,47
9,0.306,6.7218755987103656,0.5297217118867094,47
9,0.307,6.720114886455102,0.5295093344139764,47
9,0.308,6.718367020304456,0.5292972257061151,47
9,0.309,6.71663229668819,0.5290854007790794,47
9,0.31,6.714911009298071,0.5288738740039254,47
9,0.311,6.713222433247093,0.5286623970362064,47
9,0.312,6.711529400870011,0.5284515005274157,47
9,0.313,6.709850681951685,0.5282409413753166,47
9,0.314,6.7081865591714775,0.5280307313295767,47
9,0.315,6.706537312300684,0.5278208814716155,47
9,0.316,6.704884733939479,0.5276097716237755,47
9,0.317,6.703248069776204,0.5274037804668887,47
9,0.318,6.701627578584076,0.5271993592163469,47
9,0.319,6.700042000612932,0.5269908906880137,47
9,0.32,6.698491601460657,0.52678165450077,47
9,0.321,6.696939187849563,0.5265739939235646,47
9,0.322,6.69542248786374,0.526366120095563,47
9,0.323,6.693904302239208,0.5261592950904702,47
9,0.324,6.692422353030402,0.5259546455519887,47
9,0.325,6.690939434902338,0.5257487455149187,47
9,0.326,6.689474279602734,0.5255432873866583,47
9,0.327,6.688027631385115,0.5253369753031505,47
9,0.328,6.686599731577439,0.5251325816275321,47
9,0.329,6.685190318562936,0.5249286344145098,47
9,0.33,6.683781143173148,0.5247268681832418,47
9,0.331,6.682409893226476,0.5245237676456419,47
9,0.332,6.681057813248435,0.524321115693162,47
9,0.333,6.6797066443890065,0.5241207083036924,47
9,0.334,6.67839406473339,0.5239189135711749,47
9,0.335,6.677101309025151,0.5237175626794772,47
9,0.336,6.67582859281719,0.5235166525924541,47
9,0.337,6.674576128263976,0.5233161796326077,47
9,0.338,6.67332563988036,0.5231157759338632,47
9,0.339,6.672059336361227,0.5229130603850506,47
9,0.34,6.670889788069858,0.5227146524356291,47
9,0.341,6.6697227862396655,0.5225159914121832,47
9,0.342,6.668559027259698,0.5223064703611657,47
9,0.343,6.667436160438105,0.5221089607940765,47
9,0.344,6.666316407734118,0.5219136571692852,47
9,0.345,6.665237412081106,0.5217168473890598,47
9,0.346,6.664180372958408,0.5215204054734808,47
9,0.347,6.6631454705529265,0.5213243220087348,47
9,0.348,6.662132881561929,0.5211285870354696,47
9,0.349,6.661142779193022,0.5209331900607471,47
9,0.35,6.660119880472792,0.5207427430981735,47
9,0.351,6.659176719812556,0.5205478425042134,47
9,0.352,6.658256508220133,0.5203532496359373,47
9,0.353,6.657340921562375,0.5201560465120153,47
9,0.354,6.656486556697989,0.5199640775901303,47
9,0.355,6.655637127055743,0.5197704768710881,47
9,0.356,6.654830251263556,0.5195774657032228,47
9,0.357,6.654047604470523,0.5193851760706143,47
9,0.358,6.653270358685374,0.5191923580199955,47
9,0.359,6.652517138526909,0.518999753844028,47
9,0.36,6.651788080942291,0.5188073481658565,47
9,0.361,6.651064835216697,0.5186162450785338,47
9,0.362,6.650384987505001,0.5184241473901584,47
9,0.363,6.6497296805791954,0.5182322013019888,47
9,0.364,6.649099038003339,0.5180403901030735,47
9,0.365,6.648474695718746,0.5178514533079782,47
9,0.366,6.647894226578287,0.5176597875858158,47
9,0.367,6.647357744292746,0.5174703150667829,47
9,0.368,6.646790934983556,0.5172836976545689,47
9,0.369,6.646306286503947,0.5170924776195313,47
9,0.37,6.645828979208301,0.5169064800611463,47
9,0.371,6.645396583343675,0.5167177889080773,47
9,0.372,6.644971241989244,0.5165263399021315,47
9,0.373,6.6445715352099874,0.5163348776457128,47
9,0.374,6.644197555587692,0.5161433835005178,47
9,0.375,6.643849392470186,0.5159518387528023,47
9,0.376,6.643527131990295,0.5157602246346464,47
9,0.377,6.643249841281624,0.5155720980636723,47
9,0.378,6.642961660104373,0.5153799476587331,47
9,0.379,6.642718605650563,0.5151881013149987,47
9,0.38,6.642501767779796,0.5149961117649436,47
9,0.381,6.6423112174343855,0.514803960300308,47
9,0.382,6.642147022464455,0.5146116282896971,47
9,0.383,6.64200924764976,0.5144190972009269,47
9,0.384,6.641897954721809,0.5142263486234764,47
9,0.385,6.6417947181555546,0.5140305152285737,47
9,0.386,6.64173704971346,0.5138373319347315,47
9,0.387,6.641706018204911,0.5136438759369769,47
9,0.388,6.641701673672743,0.5134501295528792,47
9,0.389,6.641743047416734,0.5132528084452315,47
9,0.39,6.64179272785404,0.5130583312196189,47
9,0.391,6.641850756575978,0.5128608684001199,47
9,0.392,6.6419361441414395,0.512668725735178,47
9,0.393,6.642067398589751,0.5124731313492719,47
9,0.394,6.642225569364905,0.5122771450450384,47
9,0.395,6.642410687307145,0.5120807511451184,47
9,0.396,6.642622780481385,0.5118839343673126,47
9,0.397,6.642861874202071,0.5116866798471426,47
9,0.398,6.643146975254495,0.5114919284255628,47
9,0.399,6.64344064775648,0.5112938556656897,47
9,0.4,6.643780377643358,0.5110955931996498,47
9,0.401,6.644128724008387,0.510896572120733,47
9,0.402,6.644504183622135,0.510697049919923,47
9,0.403,6.644907266401852,0.510501154056359,47
9,0.404,6.645319995760301,0.5103070393575206,47
9,0.405,6.645779333510335,0.5101057673557319,47
9,0.406,6.646285283430473,0.5099015388843433,47
9,0.407,6.646781907093779,0.5096986484182664,47
9,0.408,6.6473066602510436,0.509498846556088,47
9,0.409,6.647896996788953,0.5092925743478594,47
9,0.41,6.648495972756985,0.5090883190044808,47
9,0.411,6.649103582034449,0.5088840862859071,47
9,0.412,6.649720303732278,0.5086770604245379,47
9,0.413,6.6503650867666195,0.5084730799926632,47
9,0.414,6.651093846759133,0.5082655587529917,47
9,0.415,6.651812661270951,0.5080554880821609,47
9,0.416,6.652558970315545,0.5078441168194234,47
9,0.417,6.653351227727043,0.5076357681591597,47
9,0.418,6.6541334608536555,0.5074152100452305,47
9,0.419,6.65496207536079,0.5072026738844965,47
9,0.42,6.65579956659139,0.5069991341150436,47
9,0.421,6.656701836695377,0.5067885195521872,47
9,0.422,6.657630889896476,0.5065772943708944,47
9,0.423,6.658586696645563,0.5063654618853829,47
9,0.424,6.65956922525068,0.5061530263614381,47
9,0.425,6.660597426095789,0.5059388722060065,47
9,0.426,6.66161532326871,0.5057302824604178,47
9,0.427,6.662697803563978,0.5055143365547591,47
9,0.428,6.663770403290675,0.5052971692350485,47
9,0.429,6.6648520533688265,0.505083682264043,47
9,0.43,6.665998139411244,0.504867363868436,47
9,0.431,6.667152165021684,0.5046467031644526,47
9,0.432,6.6683705246968445,0.5044257892394468,47
9,0.433,6.669615715222411,0.504206777930233,47
9,0.434,6.670887700151843,0.5039916060510667,47
9,0.435,6.672167457207281,0.503772765046287,47
9,0.436,6.673492402466726,0.5035525444557343,47
9,0.437,6.67482502592745,0.5033327651540187,47
9,0.438,6.676183756017077,0.5031125471977179,47
9,0.439,6.677550050857681,0.5028970069308287,47
9,0.44,6.678961307033476,0.5026758404626207,47
9,0.441,6.68039847934223,0.502454301821213,47
9,0.442,6.681806052280754,0.502228259233129,47
9,0.443,6.683296329426405,0.5020061034342478,47
9,0.444,6.684831276855967,0.50177995212174,47
9,0.445,6.686373371484872,0.5015571203593349,47
9,0.446,6.687941028753702,0.5013340418137501,47
9,0.447,6.689534178118248,0.5011107455056876,47
9,0.448,6.6911717314873504,0.5008897671886711,47
9,0.449,6.692816159069685,0.5006662100839185,47
9,0.45,6.694485869646702,0.5004425317633443,47
9,0.451,6.696143817598489,0.5002163231169607,47
9,0.452,6.697865336150916,0.4999959316666433,47
9,0.453,6.699612377213922,0.4997722135244755,47
9,0.454,6.701365875484138,0.49954757404076616,47
9,0.455,6.703145219956475,0.4993301464042651,47
9,0.456,6.704968798579897,0.49910650770238846,47
9,0.457,6.706836026358417,0.49887924807974665,47
9,0.458,6.708690876570217,0.4986581947027776,47
9,0.459,6.7105892013942094,0.49843493504333913,47
9,0.46,6.712493442897339,0.4982144003670083,47
9,0.461,6.714440965952222,0.4979916489365905,47
9,0.462,6.7163942095480245,0.4977729480382355,47
9,0.463,6.718409519672343,0.4975500495176743,47
9,0.464,6.720430360688102,0.4973284168757978,47
9,0.465,6.722494103956267,0.49710488173131107,47
9,0.466,6.724544710722833,0.4968823925255153,47
9,0.467,6.72661953690185,0.4966627773686852,47
9,0.468,6.728737452774872,0.4964435164888588,47
9,0.469,6.730879371476215,0.4962249381237982,47
9,0.47,6.733007720494498,0.4960059926850343,47
9,0.471,6.735197306156358,0.4957890411953124,47
9,0.472,6.737448021521221,0.4955723291535317,47
9,0.473,6.7397038305718455,0.49535587260286973,47
9,0.474,6.742002104571785,0.4951397140757068,47
9,0.475,6.744286304952613,0.49492654456511886,47
9,0.476,6.746593287773535,0.4947144943833106,47
9,0.477,6.748922938901068,0.49450362513282736,47
9,0.478,6.751275142461512,0.4942939993069621,47
9,0.479,6.753649780831248,0.4940856802682899,47
9,0.48,6.7560657188227164,0.49387915628226864,47
9,0.481,6.7584668952793185,0.49367163775293504,47
9,0.482,6.760928112045027,0.49346848977819857,47
9,0.483,6.7633743207730985,0.4932657840127143,47
9,0.484,6.765880320288506,0.49307306077193974,47
9,0.485,6.768389543429869,0.49287428743336126,47
9,0.486,6.770920345692994,0.492677291273016,47
9,0.487,6.773510564891277,0.4924764317023731,47
9,0.488,6.776085157044676,0.4922830420117377,47
9,0.489,6.778680956891123,0.4920916363728101,47
9,0.49,6.781297828827495,0.49190228616785237,47
9,0.491,6.783935635354189,0.49171506333061743,47
9,0.492,6.786594237057688,0.4915300403150083,47
9,0.493,6.789273492592538,0.49134729006302513,47
9,0.494,6.791954774432036,0.491162185475067,47
9,0.495,6.794675393370505,0.49098430888289346,47
9,0.496,6.7974541866328675,0.49081042584407425,47
9,0.497,6.800197609460614,0.490640745292667,47
9,0.498,6.8029614517127674,0.4904703087501079,47
9,0.499,6.805745548829414,0.49029983019197493,47
9,0.5,6.808587202889437,0.49013793488331464,47
9,0.501,6.811429818129044,0.48997624390277145,47
9,0.502,6.8143107053467835,0.48981640216588,47
9,0.503,6.817192249000303,0.48966063899566065,47
9,0.504,6.820074287447391,0.48950951585833646,47
9,0.505,6.822994112923084,0.4893599839751866,47
9,0.506,6.825932575483608,0.48921370304950346,47
9,0.507,6.828889507146129,0.4890707491781059,47
9,0.508,6.831864737668525,0.4889311983901412,47
9,0.509,6.834858094525239,0.4887951266055755,47
9,0.51,6.837888387079211,0.4886610229883674,47
9,0.511,6.840917982393905,0.48853209309376755,47
9,0.512,6.84394670124123,0.48840901392937613,47
9,0.513,6.8470118180764405,0.48828750583770814,47
9,0.514,6.850094164979988,0.48816985374617844,47
9,0.515,6.85321253999175,0.4880533139886657,47
9,0.516,6.856329298725798,0.4879435061383565,47
9,0.517,6.859462734608287,0.48783777341654483,47
9,0.518,6.862612654330292,0.4877361887062291,47
9,0.519,6.865778862052657,0.487638824345204,47
9,0.52,6.868961659345684,0.48754261693940504,47
9,0.521,6.872179829717623,0.4874549439848846,47
9,0.522,6.875395214425437,0.4873707357089514,47
9,0.523,6.878626092354431,0.48729102695665355,47
9,0.524,6.881872255505411,0.4872158866606232,47
9,0.525,6.88515247739606,0.4871520601856336,47
9,0.526,6.888429088871961,0.48708646389477217,47
9,0.527,6.891720358344618,0.48702564331380577,47
9,0.528,6.895026067244631,0.48696966394993724,47
9,0.529,6.898402946816273,0.4869202944417692,47
9,0.53,6.901757389798956,0.4868807466766756,47
9,0.531,6.905107167029883,0.48683987209635704,47
9,0.532,6.908489518315439,0.4868036114707123,47
9,0.533,6.91186725638022,0.4867744006582018,47
9,0.534,6.915277615892019,0.48674723321008834,47
9,0.535,6.91868240475374,0.48672688546944193,47
9,0.536,6.922100368182285,0.48671334090462764,47
9,0.537,6.9255502487534155,0.4866984118588902,47
9,0.538,6.928993846447065,0.48669394977222996,47
9,0.539,6.9324493985311815,0.48669497269227746,47
9,0.54,6.9359166550534885,0.4867015310135096,47
9,0.541,6.939414347247835,0.48671608392521243,47
9,0.542,6.94286779488917,0.4867329104464396,47
9,0.543,6.946370135580095,0.4867564372452106,47
9,0.544,6.949883139683136,0.48678568560187796,47
9,0.545,6.953406542859444,0.48682069790056276,47
9,0.546,6.956940077657985,0.486861514803697,47
9,0.547,6.960446505036648,0.48690326438199494,47
9,0.548,6.964019447584524,0.48695517823047946,47
9,0.549,6.967602189011687,0.48701159471269234,47
9,0.55,6.9712134469534375,0.48707814314492964,47
9,0.551,6.9747965119785755,0.4871486434294818,47
9,0.552,6.978388067812107,0.48722514791681104,47
9,0.553,6.981987826510192,0.48730768429561044,47
9,0.554,6.985614481105709,0.4873949728137783,47
9,0.555,6.989249265629851,0.4874912084723835,47
9,0.556,6.9928918953981185,0.4875936593987249,47
9,0.557,6.996523098579446,0.48770057462906635,47
9,0.558,7.000161056160205,0.48781362898864006,47
9,0.559,7.003805461645518,0.48793283768327567,47
9,0.56,7.007437521052091,0.48805693563995045,47
9,0.561,7.011094377423292,0.4881885103994494,47
9,0.562,7.0147567305602205,0.4883262719467719,47
9,0.563,7.018405776949856,0.4884732897690288,47
9,0.564,7.022079150052264,0.4886230919944281,47
9,0.565,7.025757540392701,0.4887793280890257,47
9,0.566,7.029478088116341,0.4889365425095797,47
9,0.567,7.0331470658763005,0.4891086791956512,47
9,0.568,7.0368575481138285,0.48928877991439196,47
9,0.569,7.040553257556455,0.48947476782084653,47
9,0.57,7.044271322664053,0.4896621634922311,47
9,0.571,7.047973444752281,0.4898556897172979,47
9,0.572,7.051677762134491,0.49005537492469536,47
9,0.573,7.05538392564155,0.490261202306853,47
9,0.574,7.059091582860557,0.4904731526721439,47
9,0.575,7.062800378143967,0.490691204438978,47
9,0.576,7.06650995261987,0.49091533363127815,47
9,0.577,7.07021994420342,0.4911455138753465,47
9,0.578,7.073986940198617,0.49138697430416267,47
9,0.579,7.077679720591619,0.49162680275213055,47
9,0.58,7.081390823378061,0.49187516697699607,47
9,0.581,7.085100890751913,0.4921294557898677,47
9,0.582,7.088791061748077,0.49239070069071345,47
9,0.583,7.092498412586531,0.49265669495347575,47
9,0.584,7.09622256062558,0.49292477115388494,47
9,0.585,7.099944648580025,0.493202761052303,47
9,0.586,7.103626832217484,0.4934855846209257,47
9,0.587,7.10734364484287,0.49378047537265657,47
9,0.588,7.111038252606804,0.4940750905002392,47
9,0.589,7.114747727386882,0.4943741489091531,47
9,0.59,7.118434213935358,0.49467978249590805,47
9,0.591,7.122153762796293,0.49499354393374273,47
9,0.592,7.125850041685527,0.4953143330665575,47
9,0.593,7.129522156118225,0.49563630979719925,47
9,0.594,7.13318818066411,0.49596353757643613,47
9,0.595,7.13684770292337,0.4962959482118209,47
9,0.596,7.1405192919909535,0.4966348289519254,47
9,0.597,7.14416557429755,0.49697569449499873,47
9,0.598,7.147804614271285,0.49732326844689545,47
9,0.599,7.151454474054253,0.4976783242632188,47
9,0.6,7.155077273254844,0.49803567565767726,47
9,0.601,7.158691069290104,0.4983977564631636,47
9,0.602,7.162314417106603,0.4987643470734053,47
9,0.603,7.165909429295158,0.4991356382372479,47
9,0.604,7.169494156403089,0.49951140446838355,47
9,0.605,7.17306816246296,0.4998915570095084,47
9,0.606,7.176631009274786,0.5002760052039243,47
9,0.607,7.180163772228185,0.500662920659101,47
9,0.608,7.183703464878009,0.5010557504260524,47
9,0.609,7.187249642932818,0.501450973641823,47
9,0.61,7.190764404311955,0.5018516922725027,47
9,0.611,7.1942657852712575,0.5022562232310535,47
9,0.612,7.19775333594157,0.502664465288428,47
9,0.613,7.201226604620726,0.5030763155786249,47
9,0.614,7.204685137836155,0.5034916696398476,47
9,0.615,7.208147464605201,0.5039075584707428,47
9,0.616,7.211538703875686,0.504324953174458,47
9,0.617,7.214951793898908,0.504750261352501,47
9,0.618,7.21831133878774,0.5051770461189554,47
9,0.619,7.22169179018615,0.5056084017453266,47
9,0.62,7.225073702616553,0.5060416902218235,47
9,0.621,7.228438141911738,0.5064774317403344,47
9,0.622,7.231747688730975,0.5069155914825677,47
9,0.623,7.235057819256685,0.5073573465896083,47
9,0.624,7.238348584716618,0.507801470400218,47
9,0.625,7.241638503693871,0.5082463236303376,47
9,0.626,7.244889653880592,0.5086947725486421,47
9,0.627,7.248120052421816,0.5091452279129453,47
9,0.628,7.251310747244823,0.5095930151957871,47
9,0.629,7.2545177100902825,0.5100443508843913,47
9,0.63,7.257703016365634,0.5105022131159641,47
9,0.631,7.260847225493737,0.5109595389890295,47
9,0.632,7.263968352544954,0.5114182480991338,47
9,0.633,7.267065928033905,0.5118782141241506,47
9,0.634,7.270139482238675,0.5123393100765545,47
9,0.635,7.27317006105962,0.5128013922745057,47
9,0.636,7.2762136348277044,0.5132696334728037,47
9,0.637,7.279213293969265,0.5137334889520417,47
9,0.638,7.282187053525569,0.5141979632431852,47
9,0.639,7.285134444528731,0.5146629268528264,47
9,0.64,7.288055498292771,0.5151284223756476,47
9,0.641,7.290949746867296,0.5155937640741362,47
9,0.642,7.293816223134059,0.5160592039272202,47
9,0.643,7.296654460546355,0.5165246111753133,47
9,0.644,7.299482977458095,0.5169904810224576,47
9,0.645,7.3022453688290065,0.5174574529108158,47
9,0.646,7.304978626878885,0.5179199124983578,47
9,0.647,7.307700760924877,0.5183839606956856,47
9,0.648,7.310392325613584,0.5188473204772533,47
9,0.649,7.313034376759657,0.5193099361711766,47
9,0.65,7.315682895970309,0.5197702822889997,47
9,0.651,7.3182809863222955,0.5202307711490055,47
9,0.652,7.320846676893288,0.52069004862414,47
9,0.653,7.323398498345656,0.5211468931411419,47
9,0.654,7.325917527296043,0.5216001257202495,47
9,0.655,7.3283473740605265,0.5220492615394848,47
9,0.656,7.330780987546487,0.5225024407545311,47
9,0.657,7.3331989387386525,0.5229512818266935,47
9,0.658,7.335563329201112,0.5234005431774749,47
9,0.659,7.337892203056588,0.5238476827268549,47
9,0.66,7.340166638343212,0.5242937125771645,47
9,0.661,7.342442640072226,0.5247393418697344,47
9,0.662,7.344626367449241,0.5251807779487676,47
9,0.663,7.346810787453763,0.5256181684857992,47
9,0.664,7.348958005670193,0.5260510283910652,47
9,0.665,7.351030630852329,0.5264850600137067,47
9,0.666,7.3531026556841965,0.5269136755591397,47
9,0.667,7.355154680202288,0.5273394175362649,47
9,0.668,7.357167820300894,0.5277648722044553,47
9,0.669,7.359104211320353,0.5281841336187514,47
9,0.67,7.361019388422177,0.5285996745192738,47
9,0.671,7.36289396614642,0.5290116347677688,47
9,0.672,7.364690578455803,0.5294197690418738,47
9,0.673,7.366483743693572,0.5298242004084734,47
9,0.674,7.368254088364163,0.530222462815579,47
9,0.675,7.369963771407825,0.530618879362602,47
9,0.676,7.371612411951878,0.5310129761559055,47
9,0.677,7.373218605190981,0.5314030493893106,47
9,0.678,7.374781966755666,0.5317906075434727,47
9,0.679,7.376321101209554,0.5321702974416851,47
9,0.68,7.377817162186679,0.5325464412980665,47
9,0.681,7.379269792792113,0.5329202323018644,47
9,0.682,7.380659657284596,0.5332876958640091,47
9,0.683,7.382023365383579,0.5336481119736005,47
9,0.684,7.383341591790918,0.5340035517100064,47
9,0.685,7.3846140004970255,0.5343539172525477,47
9,0.686,7.38582177646171,0.5347010872012555,47
9,0.687,7.387002050242854,0.5350409790761836,47
9,0.688,7.388135517839484,0.5353755136710148,47
9,0.689,7.389241349123067,0.5357150052014787,47
9,0.69,7.390281779941202,0.5360386681571226,47
9,0.691,7.39127449248578,0.5363567136051497,47
9,0.692,7.392238174713728,0.536668262710668,47
9,0.693,7.39313558051748,0.5369784635325903,47
9,0.694,7.393966426218109,0.5372812497388897,47
9,0.695,7.39476739066666,0.5375759179624101,47
9,0.696,7.395500734722943,0.5378643123775734,47
9,0.697,7.396222634270417,0.5381524474328019,47
9,0.698,7.396895375887867,0.5384306829822616,47
9,0.699,7.397537705603261,0.5386967694410739,47
9,0.7,7.398092952209529,0.5389607007012364,47
9,0.701,7.3985608791350685,0.5392163331602928,47
9,0.702,7.399016168768806,0.5394674652222965,47
9,0.703,7.399420630487669,0.5397120839432806,47
9,0.704,7.399755564844391,0.5399508072937764,47
9,0.705,7.400039735556073,0.540186419586659,47
9,0.706,7.400291413851369,0.5404110348189147,47
9,0.707,7.400472938227509,0.5406309550479994,47
9,0.708,7.4006030947945325,0.5408431885234214,47
9,0.709,7.400719161618369,0.5410452119722559,47
9,0.71,7.40076452854114,0.5412423837203805,47
9,0.711,7.400757517494055,0.5414326076888278,47
9,0.712,7.400697973860566,0.5416158389032534,47
9,0.713,7.400567266555674,0.5417864582354283,47
9,0.714,7.400402712625003,0.5419557474965345,47
9,0.715,7.400166712826537,0.5421198745830661,47
9,0.716,7.399897100355333,0.5422755738638623,47
9,0.717,7.399574776814391,0.5424233537968712,47
9,0.718,7.399218120645403,0.5425619059709598,47
9,0.719,7.3988085626767806,0.5426987437143737,47
9,0.72,7.398327042325949,0.5428248339665416,47
9,0.721,7.397773479176703,0.5429439148130498,47
9,0.722,7.397185257273974,0.5430553755588664,47
9,0.723,7.396562313349541,0.5431599534967998,47
9,0.724,7.395848652651598,0.5432596196759882,47
9,0.725,7.395119153788084,0.5433503407085608,47
9,0.726,7.3942988556042195,0.5434342765329054,47
9,0.727,7.393443670416007,0.5435087979849768,47
9,0.728,7.392553579277867,0.5435736821670468,47
9,0.729,7.39157263203323,0.5436345592986997,47
9,0.73,7.390538283720927,0.5436875256929357,47
9,0.731,7.3894690143581245,0.5437323176680107,47
9,0.732,7.3883458571151825,0.5437696985507326,47
9,0.733,7.38716883832488,0.5437996712561247,47
9,0.734,7.385937993326167,0.5438222409995929,47
9,0.735,7.3846533665021,0.5438374152931768,47
9,0.736,7.383315011315524,0.5438452039410893,47
9,0.737,7.38190450611178,0.5438488263705834,47
9,0.738,7.380459378671229,0.543841796535627,47
9,0.739,7.378942241743841,0.5438309082806271,47
9,0.74,7.377372157529749,0.5438117220021936,47
9,0.741,7.3757676977649975,0.5437825831743913,47
9,0.742,7.374128971839706,0.5437464921407673,47
9,0.743,7.372418642621459,0.5437028318975647,47
9,0.744,7.3706553225399425,0.5436519512329651,47
9,0.745,7.368839149080657,0.5435938801584331,47
9,0.746,7.366970269028317,0.5435286508964315,47
9,0.747,7.365067822673495,0.5434561924965322,47
9,0.748,7.363076035426446,0.5433786773422712,47
9,0.749,7.3610515225731605,0.5432939482905642,47
9,0.75,7.358938516390131,0.5431960471222936,47
9,0.751,7.35683060777824,0.5430909293456203,47
9,0.752,7.354652577016288,0.5429835514190642,47
9,0.753,7.3524231223815715,0.5428692976020764,47
9,0.754,7.350180435622196,0.5427510500032278,47
9,0.755,7.347868822048871,0.5426263090058,47
9,0.756,7.345470052622556,0.5424866542321002,47
9,0.757,7.343040320041237,0.5423454312559037,47
9,0.758,7.340560402400517,0.5421976001143719,47
9,0.759,7.3380305712112435,0.5420432204577144,47
9,0.76,7.3354511072166835,0.5418823539123977,47
9,0.761,7.332841284565632,0.5417173276783793,47
9,0.762,7.3301829308197215,0.5415418957677204,47
9,0.763,7.327457882991127,0.5413581646379259,47
9,0.764,7.324684943612173,0.5411719800886456,47
9,0.765,7.321863940411583,0.5409796429641358,47
9,0.766,7.319014194347958,0.540779637839007,47
9,0.767,7.316098595442835,0.5405751687182417,47
9,0.768,7.313135983003771,0.5403647701710783,47
9,0.769,7.310164689452797,0.5401431380512817,47
9,0.77,7.307091691954436,0.5399174318952623,47
9,0.771,7.303973313185695,0.5396914353160592,47
9,0.772,7.300828416500902,0.5394580087818411,47
9,0.773,7.29761993400954,0.5392154781822701,47
9,0.774,7.294386230975175,0.5389700808691205,47
9,0.775,7.291108741656213,0.5387203726422518,47
9,0.776,7.287806377605836,0.5384658509853215,47
9,0.777,7.284442118892186,0.5382057419931633,47
9,0.778,7.2810164101011186,0.5379410534841892,47
9,0.779,7.27756716026941,0.5376708731938104,47
9,0.78,7.274075846782723,0.537395807604003,47
9,0.781,7.270542939467351,0.5371159537880733,47
9,0.782,7.266968916319934,0.5368314101765838,47
9,0.783,7.263354263431185,0.5365422765224509,47
9,0.784,7.259699474907267,0.5362486538655232,47
9,0.785,7.256005052788823,0.5359506444966391,47
9,0.786,7.252290491164089,0.535649166870672,47
9,0.787,7.248518851920046,0.535342694053727,47
9,0.788,7.24470914491819,0.5350321477053948,47
9,0.789,7.240824934921675,0.5347215368575489,47
9,0.79,7.23694167477655,0.5344030682512821,47
9,0.791,7.233003460559482,0.534080204140014,47
9,0.792,7.229067788491252,0.5337494743152137,47
9,0.793,7.225116750769451,0.5334216406637025,47
9,0.794,7.221093991568297,0.5330888844439263,47
9,0.795,7.217037058387505,0.5327528239123809,47
9,0.796,7.2129465371702,0.5324135725850321,47
9,0.797,7.208823020657914,0.5320712447595386,47
9,0.798,7.20466710828208,0.5317259554735368,47
9,0.799,7.200460921822792,0.5313794794977142,47
9,0.8,7.196242529817666,0.5310285735147882,47
9,0.801,7.191975082953103,0.5306743446203603,47
9,0.802,7.187696662632608,0.5303183490640943,47
9,0.803,7.183388916398641,0.5299599774285416,47
9,0.804,7.179052481975863,0.5295993482853072,47
9,0.805,7.1746880029528945,0.5292365806448986,47
9,0.806,7.170315112855025,0.5288713036485923,47
9,0.807,7.165915995051889,0.5285018742077477,47
9,0.808,7.161472338730621,0.5281333406973266,47
9,0.809,7.156984810278555,0.5277593313876473,47
9,0.81,7.152473053152813,0.5273919199760203,47
9,0.811,7.147937732006092,0.5270185512895481,47
9,0.812,7.143416985170588,0.5266426061930394,47
9,0.813,7.138874044259414,0.5262708862681579,47
9,0.814,7.134290630097349,0.5258942805681477,47
9,0.815,7.129667439898081,0.5255197904298269,47
9,0.816,7.125024147124929,0.5251442583747938,47
9,0.817,7.1203799298387205,0.5247650605391745,47
9,0.818,7.115716514455502,0.5243852941799308,47
9,0.819,7.110997647108698,0.5240122788633094,47
9,0.82,7.1062989583509015,0.523631556245485,47
9,0.821,7.101583202480917,0.5232506297242799,47
9,0.822,7.096851105723363,0.522869618827778,47
9,0.823,7.09212238188413,0.5224836071613523,47
9,0.824,7.087379292234209,0.5221022280985893,47
9,0.825,7.0825851172289,0.5217226992655376,47
9,0.826,7.077796536620026,0.5213423773989446,47
9,0.827,7.072976824518628,0.5209594546264082,47
9,0.828,7.068164182157053,0.5205803522892226,47
9,0.829,7.063340873240456,0.5202043340106164,47
9,0.83,7.058489164082385,0.5198316574859793,47
9,0.831,7.0536472637396015,0.5194603525264124,47
9,0.832,7.04879694359196,0.5190847438722697,47
9,0.833,7.043938461382829,0.5187103344617765,47
9,0.834,7.039072576506735,0.5183372363388826,47
9,0.835,7.034200049885153,0.5179655606484239,47
9,0.836,7.029303159576568,0.5175988292013654,47
9,0.837,7.024401640907277,0.5172337465692622,47
9,0.838,7.019496246338081,0.5168649061821409,47
9,0.839,7.014606213724514,0.5164998983762645,47
9,0.84,7.009732310055287,0.5161354695306865,47
9,0.841,7.004856831290658,0.5157740239285289,47
9,0.842,6.999943089873649,0.5154186731542982,47
9,0.843,6.995047794831382,0.5150620119616146,47
9,0.844,6.990152731058338,0.5147077280150943,47
9,0.845,6.985240183316915,0.5143530893497158,47
9,0.846,6.980367360595862,0.5140062292887031,47
9,0.847,6.975497575716739,0.5136593896211529,47
9,0.848,6.97061312540004,0.5133199898385177,47
9,0.849,6.965752246202389,0.5129768358310917,47
9,0.85,6.960859265668877,0.5126406941297081,47
9,0.851,6.9559908908277395,0.5123058421151693,47
9,0.852,6.951128903276975,0.5119741304200064,47
9,0.853,6.946255583184989,0.5116436118854045,47
9,0.854,6.941390665222365,0.5113159551854778,47
9,0.855,6.936534898426661,0.5109982468320672,47
9,0.856,6.931707514461491,0.5106800219235632,47
9,0.857,6.92689028715819,0.5103653596601316,47
9,0.858,6.922083972321398,0.5100543401421838,47
9,0.859,6.917289323371727,0.5097470417405058,47
9,0.86,6.912507091185189,0.5094435410720753,47
9,0.861,6.907738023933046,0.5091439129768874,47
9,0.862,6.90296438269139,0.5088466955994894,47
9,0.863,6.898224365803347,0.5085550817533133,47
9,0.864,6.893499728456898,0.5082675524063661,47
9,0.865,6.888772722459471,0.5079824121621018,47
9,0.866,6.8840815364056205,0.5077033089041082,47
9,0.867,6.879370946795405,0.5074299967117798,47
9,0.868,6.8746981068538835,0.5071577090550075,47
9,0.869,6.870063226173965,0.5068916135992995,47
9,0.87,6.86544803862535,0.506629978979456,47
9,0.871,6.860853257971879,0.506372861278309,47
9,0.872,6.856242625061455,0.5061238944385097,47
9,0.873,6.851691756717494,0.505875883864106,47
9,0.874,6.847144900830755,0.5056304742919555,47
9,0.875,6.842640209058073,0.505391915741467,47
9,0.876,6.838159388017908,0.5051581255195147,47
9,0.877,6.8336846390759005,0.5049254928042329,47
9,0.878,6.829254098524021,0.5047014721226868,47
9,0.879,6.8248494571723075,0.5044823437547008,47
9,0.88,6.8204713843686955,0.5042681459069278,47
9,0.881,6.816102059429686,0.5040638462367982,47
9,0.882,6.81177959602077,0.5038594831794678,47
9,0.883,6.807485661753225,0.5036601564594919,47
9,0.884,6.803220902209122,0.5034658961809616,47
9,0.885,6.798985956608062,0.5032767304488086,47
9,0.886,6.794781457671679,0.5030926853741357,47
9,0.887,6.790608031489585,0.5029137850807011,47
9,0.888,6.786429328925321,0.5027436682948908,47
9,0.889,6.782320874528039,0.5025750304911685,47
9,0.89,6.7782453058758625,0.5024116000981116,47
9,0.891,6.774203221774601,0.5022533933357226,47
9,0.892,6.770195213738769,0.5021004244866506,47
9,0.893,6.766221865867004,0.5019527059093422,47
9,0.894,6.762265270488415,0.5018122583105827,47
9,0.895,6.7583449683320085,0.5016732232109519,47
9,0.896,6.754479992665003,0.5015412982518228,47
9,0.897,6.750651913074888,0.5014146545753041,47
9,0.898,6.746861275320471,0.5012932951362179,47
9,0.899,6.74309013279077,0.5011750383727863,47
9,0.9,6.739357986683489,0.5010624613092944,47
9,0.901,6.735683830152548,0.5009570751799542,47
9,0.902,6.732049192099457,0.5008569636670857,47
9,0.903,6.728454577033848,0.50076212090766,47
9,0.904,6.724900480772664,0.5006725393239793,47
9,0.905,6.721387390337709,0.5005882096483562,47
9,0.906,6.717915783855141,0.5005091209486072,47
9,0.907,6.714486130456993,0.5004352606543291,47
9,0.908,6.711098890184687,0.5003666145839336,47
9,0.909,6.707754513894599,0.5003031669724136,47
9,0.91,6.70443495893497,0.5002487591975778,47
9,0.911,6.701178113576986,0.5001955503217558,47
9,0.912,6.697965416663069,0.5001474860014217,47
9,0.913,6.694797281684169,0.5001045443719098,47
9,0.914,6.69165562826882,0.5000656202108437,47
9,0.915,6.688578306622867,0.5000328600511765,47
9,0.916,6.68552823295572,0.5000042344079543,47
9,0.917,6.682543238087799,0.4999815695335835,47
9,0.918,6.679604702915617,0.49996389698279203,47
9,0.919,6.676712982502376,0.4999511867581515,47
9,0.92,6.673868421811147,0.4999434076257191,47
9,0.921,6.671071355636678,0.49994052714921,47
9,0.922,6.668322108539476,0.49994251172450327,47
9,0.923,6.665620994782146,0.4999493266144487,47
9,0.924,6.66296831826802,0.49996093598394464,47
9,0.925,6.660345888251361,0.49997590227943195,47
9,0.926,6.657791443801972,0.4999970420695353,47
9,0.927,6.65528627348721,0.500022860734762,47
9,0.928,6.652830639483213,0.5000533184616648,47
9,0.929,6.650406309098086,0.5000877945781997,47
9,0.93,6.648050979245929,0.5001274195157329,47
9,0.931,6.645745896138294,0.5001715585204254,47
9,0.932,6.643491279404874,0.5002201683100307,47
9,0.933,6.64126885362619,0.5002746151822896,47
9,0.934,6.639097788586413,0.5003325179548016,47
9,0.935,6.636996743495732,0.5003942290227,47
9,0.936,6.634946910857075,0.500460231242484,47
9,0.937,6.632948456402437,0.5005304777918861,47
9,0.938,6.631001534868329,0.5006049212512403,47
9,0.939,6.629087805739254,0.5006829043090469,47
9,0.94,6.6272448577456755,0.5007656105136249,47
9,0.941,6.625453828579425,0.5008523679275665,47
9,0.942,6.623696344807654,0.5009419603462086,47
9,0.943,6.6220099621816235,0.5010366920352249,47
9,0.944,6.620375785359312,0.5011353253163684,47
9,0.945,6.618793892057297,0.5012378095465106,47
9,0.946,6.617264348845338,0.5013440937612488,47
9,0.947,6.615768726908981,0.5014575151537538,47
9,0.948,6.614344526566616,0.5015711693640519,47
9,0.949,6.612972797003961,0.5016884705246263,47
9,0.95,6.611653560437783,0.5018093666882641,47
9,0.951,6.610386827922284,0.5019338057461211,47
9,0.952,6.609172599354208,0.5020617354581673,47
9,0.953,6.6080108634802714,0.502193103483097,47
9,0.954,6.606901597906866,0.5023278574076818,47
9,0.955,6.605844769112085,0.502465944775552,47
9,0.956,6.6048218482293,0.5026036293455314,47
9,0.957,6.603870235585114,0.5027483133857533,47
9,0.958,6.602970880454674,0.5028961718068921,47
9,0.959,6.602123705246115,0.5030471522788221,47
9,0.96,6.601310137096882,0.5031977826388256,47
9,0.961,6.600567532420772,0.5033549475812232,47
9,0.962,6.599876796672273,0.5035150755395463,47
9,0.963,6.5992378085399865,0.5036781147689768,47
9,0.964,6.598650435782595,0.5038440137101807,47
9,0.965,6.598114535263377,0.5040127210115048,47
9,0.966,6.5976299529868765,0.504184185550441,47
9,0.967,6.597196524137708,0.5043583564543483,47
9,0.968,6.596814073121467,0.5045351831204261,47
9,0.969,6.596482413607763,0.5047146152349273,47
9,0.97,6.596182864344579,0.5048959330257115,47
9,0.971,6.595952673726837,0.5050804429322573,47
9,0.972,6.595772639582065,0.5052674089329244,47
9,0.973,6.595624049154276,0.505455651677679,47
9,0.974,6.595544119482309,0.5056474088141293,47
9,0.975,6.595513617191618,0.5058414756283397,47
9,0.976,6.595532282714946,0.5060378043251957,47
9,0.977,6.595599846155249,0.5062363475236796,47
9,0.978,6.5956975431162475,0.5064356718791487,47
9,0.979,6.595862539286963,0.5066385388648385,47
9,0.98,6.596075550243209,0.5068434802240189,47
9,0.981,6.596336265677839,0.5070504503440224,47
9,0.982,6.59664436527316,0.5072594040796258,47
9,0.983,6.596999518771548,0.5074702967611764,47
9,0.984,6.597401386047834,0.5076830842019211,47
9,0.985,6.597831132952728,0.5078908886946083,47
9,0.986,6.598325855910074,0.5081075295056766,47
9,0.987,6.59886620173089,0.5083259303444502,47
9,0.988,6.599451791855979,0.5085460491358171,47
9,0.989,6.600063754009823,0.5087645811244904,47
9,0.99,6.600720662573879,0.5089874204267746,47
9,0.991,6.601440582928651,0.5092125508795012,47
9,0.992,6.602204115439326,0.5094392333013862,47
9,0.993,6.603010835510176,0.509667428231667,47
9,0.994,6.603860309477236,0.5098970967190484,47
9,0.995,6.604752094698841,0.5101282003206836,47
9,0.996,6.605685739647631,0.5103607011004372,47
9,0.997,6.60664229977324,0.5105931934788095,47
9,0.998,6.607640277887787,0.5108311639011648,47
9,0.999,6.608697668519923,0.5110676024869198,47
